symbol,split,hypothesis,horizon_bars,threshold,side,insufficient,ks_stat,ks_p_value,mean_diff_obs_bps,mean_diff_perm_p,mean_diff_boot_ci_lo_bps,mean_diff_boot_ci_hi_bps,mean_up_excursion_bps,mean_down_excursion_bps,event_n,event_insufficient,event_mean_bps,event_median_bps,event_std_bps,event_skew,event_kurtosis,event_prob_positive,event_mean_abs_bps,event_prob_large_positive,event_prob_large_negative,event_upside_tail_mean_bps,event_downside_tail_mean_bps,baseline_n,baseline_insufficient,baseline_mean_bps,baseline_median_bps,baseline_std_bps,baseline_skew,baseline_kurtosis,baseline_prob_positive,baseline_mean_abs_bps,baseline_prob_large_positive,baseline_prob_large_negative,baseline_upside_tail_mean_bps,baseline_downside_tail_mean_bps,vol_side
MES,discovery,A_relative_volume,5,0.7,high,False,0.00645721208364286,0.9074895771507114,0.12417739813593343,0.43456543456543456,-0.18099802713546675,0.4393580774958384,7.181416848895113,-7.324307532749282,10965,False,0.26777102925301277,0.4099872903950974,13.248638094067095,1.6936286555850273,95.22214419727186,0.507797537619699,7.040630375674702,0.09822161422708618,0.09813041495668035,21.632222156891782,-21.195698354445092,24681,False,0.14359363111707932,0.3895749737026222,13.590142944914186,2.8810651332045216,209.89288776079354,0.503383169239496,7.191591355838038,0.09999594830031198,0.09999594830031198,21.6123251270122,-22.27256075290211,
MES,discovery,A_relative_volume,10,0.7,high,False,0.011160834078283388,0.6077846302648742,0.2478104848241057,0.4085914085914086,-0.2880381432929208,0.8016148762411788,10.433893747113332,-10.65225006304269,7399,False,0.5341619726332327,0.4408199250605094,20.038785666322813,4.943329767500752,129.79757885203992,0.5143938370050006,10.338018655832489,0.097851060954183,0.09947290174347885,32.816315660278526,-30.977323996780616,12340,False,0.286351487809127,0.4759411779842182,19.01876406956857,2.6434436775541554,146.4184556668905,0.5180713128038897,10.340944208905597,0.1,0.1,30.651695287479473,-31.98832708875478,
MES,discovery,A_relative_volume,20,0.7,high,False,0.00902976649679813,0.9814228350476817,0.22155001431492477,0.6713286713286714,-0.8094639127372607,1.2176303521135219,15.089157660838588,-15.53999463186992,4561,False,0.7958621627658081,0.9912276354273608,27.545153626289824,1.5144744855006604,48.7849320571973,0.5310238982679237,15.120729974645846,0.09318131988598992,0.09712782284586713,47.53922974620569,-46.09943436838543,6170,False,0.5743121484508833,0.9917809656612153,27.486485030510067,1.7660001627674657,89.56756697564367,0.5280388978930308,15.013185921428663,0.1,0.1,44.596711899446824,-46.273310233193456,
MES,discovery,A_relative_volume,40,0.7,high,False,0.016438368100939335,0.8317204403202618,0.04581383541978466,0.958041958041958,-2.021726678125177,2.0739150393203247,21.22090890256504,-22.724304272369046,2604,False,1.1961098255527027,1.9153589593923215,38.67937656199864,3.28579590018505,89.1090244484967,0.5476190476190477,21.266722085103794,0.09639016897081414,0.09715821812596007,64.108796074593,-65.1664855957246,3085,False,1.1502959901329182,1.7739932588245466,39.317029725852464,1.723477319216956,83.90742271161575,0.5423014586709887,21.59474417881309,0.10016207455429497,0.10016207455429497,62.66344191624117,-66.25898527111015,
MES,discovery,A_relative_volume,60,0.7,high,False,0.01878031848334733,0.8769777800326115,0.2881229294773315,0.8591408591408591,-2.6590978538444237,3.79512746362528,27.514713524010045,-28.563392897721975,1816,False,2.011160807464937,2.010818554989413,50.072478439162715,3.687901912312526,83.6937989273607,0.5390969162995595,27.84255403484898,0.10627753303964757,0.10517621145374449,80.24829087390479,-78.57488715160558,2056,False,1.7230378779876057,2.3391062773903126,49.82931915138768,1.9840628834612242,67.44658853512931,0.5437743190661478,27.726860706439002,0.10019455252918288,0.10019455252918288,80.6802259828525,-83.60737879666635,
MES,discovery,A_relative_volume,100,0.7,high,False,0.021749838987069423,0.9332832828524842,0.9316686102802242,0.7542457542457542,-4.344092941959468,6.052508930988404,36.54358209404783,-37.62630442262804,1145,False,3.8256713001326643,4.46030330062408,63.95190258079629,3.8147818139288012,80.53336711283922,0.5502183406113537,36.511042436346166,0.11091703056768559,0.09868995633187773,101.00716197279553,-103.16220797758362,1234,False,2.89400268985244,2.942212256938914,65.28150791756185,2.953261497624338,74.42253240395118,0.5413290113452188,36.854017595161295,0.10048622366288493,0.10048622366288493,105.807745077793,-105.64122805315773,
MES,discovery,A_relative_volume,5,0.7,low,False,0.024713993497980646,0.00028661198866975147,-0.045186742161372875,0.7342657342657343,-0.31188274257057974,0.21559098808666247,6.247494758516403,-6.590385602762729,10228,False,0.09840688895570646,0.0,11.024666953432641,-0.8371243534647513,49.321418071927056,0.4972624168947986,6.156142776542125,0.08339851388345718,0.08584278451310129,19.769702006155807,-20.47096937719907,24681,False,0.14359363111707932,0.3895749737026222,13.590142944914186,2.8810651332045216,209.89288776079354,0.503383169239496,7.191591355838038,0.09999594830031198,0.09999594830031198,21.6123251270122,-22.27256075290211,
MES,discovery,A_relative_volume,10,0.7,low,False,0.03491268099758349,3.734418096149501e-05,-0.11676128873406719,0.6713286713286714,-0.6050883652718343,0.3844074994032299,9.020638614920788,-9.645550641697552,6974,False,0.16959019907505982,0.417676051184257,15.965534449907343,0.8452082987232051,41.124001258126206,0.5111843991970175,8.960768113222843,0.080585030111844,0.0837396042443361,29.689532551772512,-30.081011002217746,12340,False,0.286351487809127,0.4759411779842182,19.01876406956857,2.6434436775541554,146.4184556668905,0.5180713128038897,10.340944208905597,0.1,0.1,30.651695287479473,-31.98832708875478,
MES,discovery,A_relative_volume,20,0.7,low,False,0.021547832294360757,0.18117109160594697,-0.073520364187347,0.8851148851148851,-1.1110492688528222,0.8756093613791132,13.709181832602628,-14.602705010496711,4391,False,0.5007917842635363,0.8509189925121063,25.164337963153443,-0.8271135204990613,45.096936569228404,0.521976770667274,13.794941759266289,0.08471874288317012,0.08972899111819631,44.52437085257373,-45.06590302593237,6170,False,0.5743121484508833,0.9917809656612153,27.486485030510067,1.7660001627674657,89.56756697564367,0.5280388978930308,15.013185921428663,0.1,0.1,44.596711899446824,-46.273310233193456,
MES,discovery,A_relative_volume,40,0.7,low,False,0.018685460049699485,0.7036412378016635,0.254037135034657,0.8151848151848152,-1.6582111760847837,2.1999337995743935,20.745255753184413,-21.832461841859285,2558,False,1.404333125167575,1.8256656376425262,37.43483093959845,1.6075393935867044,60.73233558910715,0.5351837372947615,20.67529751267015,0.09147771696637999,0.08913213448006255,64.34318012933954,-64.18094488855466,3085,False,1.1502959901329182,1.7739932588245466,39.317029725852464,1.723477319216956,83.90742271161575,0.5423014586709887,21.59474417881309,0.10016207455429497,0.10016207455429497,62.66344191624117,-66.25898527111015,
MES,discovery,A_relative_volume,60,0.7,low,False,0.022082689713157227,0.7273603215546876,-0.13382852013380003,0.9210789210789211,-3.3767843147071117,3.1203260700752016,25.547656115001658,-27.29395252563163,1791,False,1.5892093578538056,1.9513718143859826,47.293285584265774,2.255888135258324,64.4034504432953,0.5332216638749302,26.409874412649778,0.1044109436069235,0.09826912339475154,74.66181753764722,-78.51787035433173,2056,False,1.7230378779876057,2.3391062773903126,49.82931915138768,1.9840628834612242,67.44658853512931,0.5437743190661478,27.726860706439002,0.10019455252918288,0.10019455252918288,80.6802259828525,-83.60737879666635,
MES,discovery,A_relative_volume,100,0.7,low,False,0.026165813856015425,0.799656659254628,1.105567130009508,0.6813186813186813,-4.180391894912639,6.223097925972112,36.139636429198056,-36.530594808257966,1133,False,3.9995698198619483,3.556662072645711,61.035906916999586,2.9810846025401854,55.54408431628783,0.558693733451015,36.628479589376674,0.10679611650485436,0.10238305383936452,101.79267485582459,-96.46184083340059,1234,False,2.89400268985244,2.942212256938914,65.28150791756185,2.953261497624338,74.42253240395118,0.5413290113452188,36.854017595161295,0.10048622366288493,0.10048622366288493,105.807745077793,-105.64122805315773,
MES,discovery,A_relative_volume,5,0.8,high,False,0.014408605208032721,0.12607596757813633,-0.11481374504973511,0.5094905094905094,-0.45257100730577104,0.1963642120613891,7.309763005649609,-7.807856216636853,9071,False,0.02877988606734421,0.41218416388488777,13.303544455118917,2.3329836771821535,78.3788331882481,0.5089846764414067,7.316622998324583,0.09965825157094035,0.10638297872340426,21.552875318278016,-22.033110021338,24681,False,0.14359363111707932,0.3895749737026222,13.590142944914186,2.8810651332045216,209.89288776079354,0.503383169239496,7.191591355838038,0.09999594830031198,0.09999594830031198,21.6123251270122,-22.27256075290211,
MES,discovery,A_relative_volume,10,0.8,high,False,0.013544395835618228,0.4193953576237599,-0.11224704426053567,0.6843156843156843,-0.6606043763526372,0.4817164565718515,10.483017181860829,-11.197568262734386,6384,False,0.17410444354859134,0.42280003873296224,20.118282592483496,4.9146640925733545,142.95266947288536,0.5095551378446115,10.543979962586864,0.09664786967418547,0.106203007518797,31.850946819828412,-31.47583058575497,12340,False,0.286351487809127,0.4759411779842182,19.01876406956857,2.6434436775541554,146.4184556668905,0.5180713128038897,10.340944208905597,0.1,0.1,30.651695287479473,-31.98832708875478,
MES,discovery,A_relative_volume,20,0.8,high,False,0.011799433519765912,0.874558487924623,-0.3185176587007126,0.5824175824175825,-1.4261912135759238,0.7174986667437712,14.67834428546564,-16.12454088273257,4152,False,0.2557944897501708,0.9517731794539408,28.560425315860737,-0.6380218885425678,78.40595494853989,0.530587668593449,15.083982979621613,0.09344894026974952,0.0985067437379576,45.82960364514052,-48.080575811563975,6170,False,0.5743121484508833,0.9917809656612153,27.486485030510067,1.7660001627674657,89.56756697564367,0.5280388978930308,15.013185921428663,0.1,0.1,44.596711899446824,-46.273310233193456,
MES,discovery,A_relative_volume,40,0.8,high,False,0.02083507607047629,0.5797399668450515,-0.03130524915123228,0.978021978021978,-2.086471894223925,2.0666955555732667,21.857678655045152,-23.361764023485666,2480,False,1.1189907409816857,1.641709788964274,41.25547432596269,1.8659660048973816,66.17056947355209,0.5346774193548387,22.691364372860804,0.1064516129032258,0.10483870967741936,65.24646029811315,-66.38056486748275,3085,False,1.1502959901329182,1.7739932588245466,39.317029725852464,1.723477319216956,83.90742271161575,0.5423014586709887,21.59474417881309,0.10016207455429497,0.10016207455429497,62.66344191624117,-66.25898527111015,
MES,discovery,A_relative_volume,60,0.8,high,False,0.018485511274379487,0.8929017523896883,0.03590334294712637,0.9760239760239761,-3.038396900706156,3.298469590404231,26.82307639138849,-28.917289353190714,1771,False,1.758941220934732,2.8312570781419133,49.34455195142367,1.6483714258856366,50.84676165566341,0.5550536420101637,27.281511786336768,0.10163749294184077,0.09994353472614342,79.11718542207798,-82.5992805430227,2056,False,1.7230378779876057,2.3391062773903126,49.82931915138768,1.9840628834612242,67.44658853512931,0.5437743190661478,27.726860706439002,0.10019455252918288,0.10019455252918288,80.6802259828525,-83.60737879666635,
MES,discovery,A_relative_volume,100,0.8,high,False,0.02821096632064691,0.723660629808233,0.5236430920453216,0.8591408591408591,-4.263140866524673,5.632897383408701,36.608345349601905,-37.510213336975305,1119,False,3.4176457818977615,4.723442444853898,65.90764806996539,3.478572825692819,75.93613724603146,0.5594280607685433,36.79485386176734,0.10723860589812333,0.09919571045576407,102.31474535995004,-105.74247655329569,1234,False,2.89400268985244,2.942212256938914,65.28150791756185,2.953261497624338,74.42253240395118,0.5413290113452188,36.854017595161295,0.10048622366288493,0.10048622366288493,105.807745077793,-105.64122805315773,
MES,discovery,A_relative_volume,5,0.8,low,False,0.03375421862885858,3.6150704868400807e-06,-0.09092220439334311,0.5874125874125874,-0.3741911665094515,0.21375741340400337,5.839884570788831,-6.184604314973334,7568,False,0.05267142672373621,0.0,10.798668010303373,-2.40569312136406,62.04375574720925,0.49365750528541225,5.850432851842966,0.07544926004228329,0.07756342494714588,19.4264471864599,-20.952327848511146,24681,False,0.14359363111707932,0.3895749737026222,13.590142944914186,2.8810651332045216,209.89288776079354,0.503383169239496,7.191591355838038,0.09999594830031198,0.09999594830031198,21.6123251270122,-22.27256075290211,
MES,discovery,A_relative_volume,10,0.8,low,False,0.04471013272957114,4.6421831235629724e-07,-0.1436975869753235,0.6093906093906094,-0.6033162665697785,0.3661752086379209,8.373732165341893,-9.122463714038217,5517,False,0.1426539008338035,0.4076142338882427,14.806044273170535,-0.7417782334051498,33.20233955739932,0.5049845930759471,8.392709409722803,0.07522204096429219,0.07703462026463657,28.44498988096984,-29.222017242641297,12340,False,0.286351487809127,0.4759411779842182,19.01876406956857,2.6434436775541554,146.4184556668905,0.5180713128038897,10.340944208905597,0.1,0.1,30.651695287479473,-31.98832708875478,
MES,discovery,A_relative_volume,20,0.8,low,False,0.037986540044284665,0.0024029619796041143,-0.32678271076594845,0.5394605394605395,-1.3200740523953436,0.723974728606406,12.512594935726042,-13.897461976728788,3714,False,0.2475294376849349,0.8473499876759938,24.11975801555092,-1.4879507026593564,52.49422286412561,0.5234248788368336,12.891793232776207,0.07189014539579967,0.08266020463112547,44.52193015788164,-44.98863416029026,6170,False,0.5743121484508833,0.9917809656612153,27.486485030510067,1.7660001627674657,89.56756697564367,0.5280388978930308,15.013185921428663,0.1,0.1,44.596711899446824,-46.273310233193456,
MES,discovery,A_relative_volume,40,0.8,low,False,0.02936587003022701,0.20199940326017352,0.1768540513260462,0.8581418581418582,-1.9926858492485775,2.2570166529254063,19.746335668623328,-20.511131105157776,2289,False,1.3271500414589643,1.4202528050000218,38.14219787911478,4.301897048043025,124.83552178557429,0.5377894276976846,19.86840793359506,0.08650065530799476,0.08213193534294452,65.12547896122675,-65.4573179264307,3085,False,1.1502959901329182,1.7739932588245466,39.317029725852464,1.723477319216956,83.90742271161575,0.5423014586709887,21.59474417881309,0.10016207455429497,0.10016207455429497,62.66344191624117,-66.25898527111015,
MES,discovery,A_relative_volume,60,0.8,low,False,0.019262962627816488,0.8688382259605594,0.24979275899433623,0.8661338661338661,-2.5913613496210566,3.1283751723753297,25.67063713972916,-26.988516950006062,1720,False,1.9728306369819417,1.8116612013452382,47.454894103403895,3.9240721499098785,94.56685505714947,0.5302325581395348,26.04752951349981,0.1,0.09593023255813954,77.07304866629435,-76.9363136224289,2056,False,1.7230378779876057,2.3391062773903126,49.82931915138768,1.9840628834612242,67.44658853512931,0.5437743190661478,27.726860706439002,0.10019455252918288,0.10019455252918288,80.6802259828525,-83.60737879666635,
MES,discovery,A_relative_volume,100,0.8,low,False,0.022700903670300886,0.9183464419959809,-0.021219179399200414,0.993006993006993,-5.359400243295781,5.66308316134306,34.360224465455005,-36.864990786982034,1084,False,2.8727835104532398,4.330152700608991,66.23977378386147,4.8214683346299205,105.96314840275218,0.5452029520295203,36.01535402948037,0.09501845018450185,0.09686346863468635,103.7154025615133,-103.75045460436543,1234,False,2.89400268985244,2.942212256938914,65.28150791756185,2.953261497624338,74.42253240395118,0.5413290113452188,36.854017595161295,0.10048622366288493,0.10048622366288493,105.807745077793,-105.64122805315773,
MES,discovery,A_relative_volume,5,0.9,high,False,0.021990450414223872,0.01982841441389267,-0.004016766473441448,0.9820179820179821,-0.43220493972251883,0.40633571402665847,7.997678563484038,-8.418200148547946,5889,False,0.13957686464363786,0.435900788979815,15.113290414248668,0.952183886312927,97.40685614352799,0.5151978264561046,7.956169489293577,0.11394124639157752,0.1098658515877059,22.036499750596818,-23.950091731287163,24681,False,0.14359363111707932,0.3895749737026222,13.590142944914186,2.8810651332045216,209.89288776079354,0.503383169239496,7.191591355838038,0.09999594830031198,0.09999594830031198,21.6123251270122,-22.27256075290211,
MES,discovery,A_relative_volume,10,0.9,high,False,0.01625170970200568,0.342581788859748,-0.16853287319235374,0.6383616383616384,-0.8757570587259982,0.6194033629699236,10.963959050538847,-11.702562498383706,4523,False,0.11781861461677322,0.4679895170345283,22.191798595380703,4.085903905371805,154.05463165859848,0.5147026309971258,11.018611870110814,0.10059694892770285,0.10899845235463188,32.695148041403485,-33.21045412444238,12340,False,0.286351487809127,0.4759411779842182,19.01876406956857,2.6434436775541554,146.4184556668905,0.5180713128038897,10.340944208905597,0.1,0.1,30.651695287479473,-31.98832708875478,
MES,discovery,A_relative_volume,20,0.9,high,False,0.02165036845476714,0.26373878746853696,0.01813913978728927,0.9820179820179821,-1.169651678714733,1.239725393325825,15.368952699899499,-16.238898941301553,3274,False,0.5924512882381726,1.377422278391327,29.774269116098594,0.2641828440945224,65.28542638702375,0.5406230910201588,15.663229337482434,0.09621258399511301,0.09621258399511301,47.44320521555192,-50.03030306970036,6170,False,0.5743121484508833,0.9917809656612153,27.486485030510067,1.7660001627674657,89.56756697564367,0.5280388978930308,15.013185921428663,0.1,0.1,44.596711899446824,-46.273310233193456,
MES,discovery,A_relative_volume,40,0.9,high,False,0.02014630265990248,0.6772812549406078,-0.582834571790134,0.5814185814185814,-2.8712681495436145,1.465570717136093,21.90960603583167,-23.366514243907638,2121,False,0.5674614183427841,1.641631781992281,37.982079651813315,-0.8021779402213238,24.14850872374782,0.5351249410655351,22.14547718713124,0.10183875530410184,0.10466760961810467,60.71629186102428,-67.1752251253303,3085,False,1.1502959901329182,1.7739932588245466,39.317029725852464,1.723477319216956,83.90742271161575,0.5423014586709887,21.59474417881309,0.10016207455429497,0.10016207455429497,62.66344191624117,-66.25898527111015,
MES,discovery,A_relative_volume,60,0.9,high,False,0.019171102238623696,0.8858661584541802,-0.2884776221030537,0.8631368631368631,-3.239423667001331,2.8961089807036013,27.177867779073715,-29.394552024985177,1609,False,1.4345602558845518,3.001715265866789,49.17273594811389,1.724193417709749,52.59056698847526,0.5512740832815414,27.974598406306185,0.10379117464263518,0.10627719080174021,78.3716434541653,-81.4044293595681,2056,False,1.7230378779876057,2.3391062773903126,49.82931915138768,1.9840628834612242,67.44658853512931,0.5437743190661478,27.726860706439002,0.10019455252918288,0.10019455252918288,80.6802259828525,-83.60737879666635,
MES,discovery,A_relative_volume,100,0.9,high,False,0.025732808520490855,0.8339408372121166,0.2667932103334595,0.9200799200799201,-4.952783064280491,5.62005433612577,36.27310759794751,-37.680881225374804,1050,False,3.1607959001858994,3.152385914119149,66.23414513222534,-0.030855660945383015,44.85765039407659,0.5419047619047619,37.65420991588971,0.11333333333333333,0.10666666666666667,100.78320171281935,-105.28801600663347,1234,False,2.89400268985244,2.942212256938914,65.28150791756185,2.953261497624338,74.42253240395118,0.5413290113452188,36.854017595161295,0.10048622366288493,0.10048622366288493,105.807745077793,-105.64122805315773,
MES,discovery,A_relative_volume,5,0.9,low,False,0.056218152879294714,2.0703349031437514e-08,-0.1443635211120128,0.5454545454545454,-0.517927360763359,0.20055923981447385,5.143773047784758,-5.37942964263569,3287,False,-0.0007698899949334931,0.0,8.873061423089082,-1.1359157623608767,43.02961694152852,0.4913294797687861,5.000402835032065,0.05902038332826286,0.059628840888348036,17.3219480378175,-20.330177579435396,24681,False,0.14359363111707932,0.3895749737026222,13.590142944914186,2.8810651332045216,209.89288776079354,0.503383169239496,7.191591355838038,0.09999594830031198,0.09999594830031198,21.6123251270122,-22.27256075290211,
MES,discovery,A_relative_volume,10,0.9,low,False,0.06696582278329158,4.348880471730281e-09,-0.3237269449277309,0.3996003996003996,-1.044232155251805,0.2645224479798292,7.244168553896986,-7.90461548343538,2702,False,-0.03737545711860392,0.4182378243999807,14.897414298351803,-10.840821870142717,276.9771315070028,0.5085122131754256,7.1461030984643115,0.053293856402664694,0.05477424130273871,25.615296667768657,-32.88842209402567,12340,False,0.286351487809127,0.4759411779842182,19.01876406956857,2.6434436775541554,146.4184556668905,0.5180713128038897,10.340944208905597,0.1,0.1,30.651695287479473,-31.98832708875478,
MES,discovery,A_relative_volume,20,0.9,low,False,0.05738525797816363,5.558537258502089e-05,-0.4324870922518173,0.5244755244755245,-1.5726275032743862,0.7733526391534155,10.992876391362955,-12.054302814143659,2133,False,0.141825056199066,0.8489324674232357,21.810582618033166,-5.205296801432813,95.75576912145512,0.5269573370839193,11.201224281753078,0.05860290670417253,0.061415846225972806,39.812050928257136,-47.87264973669375,6170,False,0.5743121484508833,0.9917809656612153,27.486485030510067,1.7660001627674657,89.56756697564367,0.5280388978930308,15.013185921428663,0.1,0.1,44.596711899446824,-46.273310233193456,
MES,discovery,A_relative_volume,40,0.9,low,False,0.06081942891849794,0.0011234067811446253,-0.7476300233748363,0.5194805194805194,-2.886357252519059,1.389808056463605,16.957141060232992,-18.289069604101183,1489,False,0.4026659667580817,1.33321482534976,30.824182458245954,-0.9767488481946406,34.51801697963339,0.5332437877770315,16.85335592735645,0.05910006715916723,0.06648757555406314,59.90663074977317,-67.62672357234197,3085,False,1.1502959901329182,1.7739932588245466,39.317029725852464,1.723477319216956,83.90742271161575,0.5423014586709887,21.59474417881309,0.10016207455429497,0.10016207455429497,62.66344191624117,-66.25898527111015,
MES,discovery,A_relative_volume,60,0.9,low,False,0.04908713026270159,0.04762282538830695,-0.715049208624464,0.6873126873126874,-3.896600346789701,2.560335997671068,22.855883860663546,-24.829672651217788,1223,False,1.0079886693631417,2.4416049483200197,40.25123545221931,-0.6454466026351676,15.674850500185261,0.5511038430089943,23.71236918013338,0.08258381030253475,0.08830744071954211,72.02606368684182,-78.5424018188741,2056,False,1.7230378779876057,2.3391062773903126,49.82931915138768,1.9840628834612242,67.44658853512931,0.5437743190661478,27.726860706439002,0.10019455252918288,0.10019455252918288,80.6802259828525,-83.60737879666635,
MES,discovery,A_relative_volume,100,0.9,low,False,0.03662122695251697,0.513958635470357,-1.6088575026691738,0.5684315684315684,-6.809186667014652,3.2450049946323296,31.194594875011266,-35.27157686089018,808,False,1.2851451871832662,4.185415374320378,53.42019799984961,-0.9593266801185539,10.813478084859259,0.5544554455445545,33.342928701531534,0.08044554455445545,0.09653465346534654,97.4381728946916,-103.21828839069131,1234,False,2.89400268985244,2.942212256938914,65.28150791756185,2.953261497624338,74.42253240395118,0.5413290113452188,36.854017595161295,0.10048622366288493,0.10048622366288493,105.807745077793,-105.64122805315773,
MES,discovery,A_relative_volume,5,0.95,high,False,0.04381655377157989,1.4081572180391127e-05,0.07082017530219842,0.7832167832167832,-0.4634821512237431,0.6514343252207117,8.996015871430977,-9.279288990090201,3520,False,0.21441380641927774,0.43853000994520386,15.969908241909947,3.1525531317446935,88.25423840245274,0.5144886363636364,8.710295526297038,0.12698863636363636,0.12443181818181819,22.85216244240988,-23.84098974129849,24681,False,0.14359363111707932,0.3895749737026222,13.590142944914186,2.8810651332045216,209.89288776079354,0.503383169239496,7.191591355838038,0.09999594830031198,0.09999594830031198,21.6123251270122,-22.27256075290211,
MES,discovery,A_relative_volume,10,0.95,high,False,0.029985039271911207,0.0278741462264106,-0.009275797796482781,0.985014985014985,-0.8153658777409953,0.8786870320132827,11.792672017858939,-12.562000081301708,2925,False,0.2770756900126442,0.4966969651820641,22.566295171918515,3.5235898394998033,102.18690581202411,0.517948717948718,11.899629829229385,0.11521367521367522,0.11247863247863248,33.05067467247199,-35.15083529360479,12340,False,0.286351487809127,0.4759411779842182,19.01876406956857,2.6434436775541554,146.4184556668905,0.5180713128038897,10.340944208905597,0.1,0.1,30.651695287479473,-31.98832708875478,
MES,discovery,A_relative_volume,20,0.95,high,False,0.024971266080942998,0.23613298890279993,-0.23085659063565997,0.7272727272727273,-1.651698771597434,1.16891492584181,16.106619550490016,-17.1911992890924,2338,False,0.34345555781522336,1.2218975507582996,30.649633101394194,1.5746302381835784,57.3487813643879,0.5329341317365269,16.66581380217507,0.10436270316509838,0.11334473909324208,47.98590312131606,-49.11354563583726,6170,False,0.5743121484508833,0.9917809656612153,27.486485030510067,1.7660001627674657,89.56756697564367,0.5280388978930308,15.013185921428663,0.1,0.1,44.596711899446824,-46.273310233193456,
MES,discovery,A_relative_volume,40,0.95,high,False,0.0279622174587407,0.35587786951251876,1.0880274432334238,0.38961038961038963,-1.358864487043952,3.4146531145802044,23.130919182665664,-23.326380238612106,1674,False,2.2383234333663418,1.6707471271104612,42.5841719465333,3.8189317019825584,72.59483838421681,0.5370370370370371,23.285655579968374,0.10931899641577061,0.1039426523297491,69.35598830324162,-64.9543835785078,3085,False,1.1502959901329182,1.7739932588245466,39.317029725852464,1.723477319216956,83.90742271161575,0.5423014586709887,21.59474417881309,0.10016207455429497,0.10016207455429497,62.66344191624117,-66.25898527111015,
MES,discovery,A_relative_volume,60,0.95,high,False,0.03464869208743587,0.2706141229160628,0.0014179862559005464,1.0,-3.369921168840111,3.485330029750904,27.720904592205006,-29.83100245640165,1363,False,1.7244558642435062,2.2535211267604716,49.33185065447107,2.9446465494479135,54.81993343451882,0.5333822450476889,28.973464932591074,0.10491562729273661,0.10931768158473955,82.98331109064593,-79.21740063830093,2056,False,1.7230378779876057,2.3391062773903126,49.82931915138768,1.9840628834612242,67.44658853512931,0.5437743190661478,27.726860706439002,0.10019455252918288,0.10019455252918288,80.6802259828525,-83.60737879666635,
MES,discovery,A_relative_volume,100,0.95,high,False,0.02893197609795414,0.7538266267122128,-0.024507174142233294,0.994005994005994,-5.771213557170547,5.854782851037252,37.81517084706088,-38.692625934663475,923,False,2.8694955157102067,3.073545554335144,71.67197478671794,2.2959287512485207,76.55927654045769,0.5276273022751896,38.82768417454405,0.1094257854821235,0.09967497291440953,108.05939882119583,-110.94068477218764,1234,False,2.89400268985244,2.942212256938914,65.28150791756185,2.953261497624338,74.42253240395118,0.5413290113452188,36.854017595161295,0.10048622366288493,0.10048622366288493,105.807745077793,-105.64122805315773,
MES,discovery,A_relative_volume,5,0.95,low,False,0.08362199231070139,1.350084601772455e-07,0.12196329162422988,0.7472527472527473,-0.38634744773877716,0.580870263232845,5.270471755590552,-5.204083338982507,1234,False,0.2655569227413092,0.40704183720374765,8.165635778681208,0.1433226230221731,26.071230718327545,0.5081037277147488,4.747249395022391,0.055105348460291734,0.055915721231766614,17.62229166591023,-18.98960768481813,24681,False,0.14359363111707932,0.3895749737026222,13.590142944914186,2.8810651332045216,209.89288776079354,0.503383169239496,7.191591355838038,0.09999594830031198,0.09999594830031198,21.6123251270122,-22.27256075290211,
MES,discovery,A_relative_volume,10,0.95,low,False,0.08145510923944688,3.390099501765168e-06,-0.7570410086925096,0.21178821178821178,-1.9761987756456572,0.1423565048806118,6.997752170781818,-7.882982017101432,1083,False,-0.4706895208833826,0.0,17.2563352984232,-14.756184611554833,348.4942804242682,0.4884579870729455,6.95265265627093,0.04247460757156048,0.050784856879039705,25.468057555998552,-35.69431985421535,12340,False,0.286351487809127,0.4759411779842182,19.01876406956857,2.6434436775541554,146.4184556668905,0.5180713128038897,10.340944208905597,0.1,0.1,30.651695287479473,-31.98832708875478,
MES,discovery,A_relative_volume,20,0.95,low,False,0.061907040997247996,0.011683121750377163,0.09430473613359275,0.929070929070929,-1.8918951933167996,1.8562895448326195,11.667366172323476,-12.420449361597369,745,False,0.6686168845844761,1.3195513525410263,24.61190760695233,-7.045806392753206,131.01740453075524,0.5422818791946309,11.517654807035697,0.06174496644295302,0.05906040268456376,42.842445849187946,-50.024514368475366,6170,False,0.5743121484508833,0.9917809656612153,27.486485030510067,1.7660001627674657,89.56756697564367,0.5280388978930308,15.013185921428663,0.1,0.1,44.596711899446824,-46.273310233193456,
MES,discovery,A_relative_volume,40,0.95,low,False,0.07904622534132691,0.0030064630184885623,-0.8385996805222534,0.5784215784215784,-3.4809552046715644,1.8340195845857903,16.01195905225103,-17.50267771656409,618,False,0.31169630961066463,1.6535977416298753,30.3552577407656,-3.2211054094402893,37.34464414744949,0.5355987055016181,16.431217544097336,0.061488673139158574,0.06634304207119741,57.874793589096576,-68.44720699717827,3085,False,1.1502959901329182,1.7739932588245466,39.317029725852464,1.723477319216956,83.90742271161575,0.5423014586709887,21.59474417881309,0.10016207455429497,0.10016207455429497,62.66344191624117,-66.25898527111015,
MES,discovery,A_relative_volume,60,0.95,low,False,0.07516540354397429,0.01180280608685275,-0.2036992131203272,0.929070929070929,-3.4575470373528527,3.2146454168273446,19.62550528264816,-21.264612361830405,574,False,1.5193386648672784,1.6049801739559388,32.760467753889294,-1.0629711615146569,11.441843080460606,0.5452961672473867,20.06158925245241,0.06445993031358885,0.07142857142857142,69.63716265034711,-69.80927961789759,2056,False,1.7230378779876057,2.3391062773903126,49.82931915138768,1.9840628834612242,67.44658853512931,0.5437743190661478,27.726860706439002,0.10019455252918288,0.10019455252918288,80.6802259828525,-83.60737879666635,
MES,discovery,A_relative_volume,100,0.95,low,False,0.08942430591242703,0.006667660060896615,-0.0797068185924587,0.983016983016983,-5.657097840828599,4.662782923921657,23.695614015946852,-25.46543461306513,492,False,2.8142958712599815,2.9448667764531145,42.41430304374745,-1.6188573224415912,14.232337106604643,0.5548780487804879,25.37610665386015,0.05894308943089431,0.0508130081300813,92.8323116645613,-109.36733549407514,1234,False,2.89400268985244,2.942212256938914,65.28150791756185,2.953261497624338,74.42253240395118,0.5413290113452188,36.854017595161295,0.10048622366288493,0.10048622366288493,105.807745077793,-105.64122805315773,
MES,discovery,B_divergence,5,,,False,0.1321333578912337,2.600453162280495e-07,1.1332791796084478,0.07992007992007992,-0.902782316679058,3.03619578099951,10.68577874663077,-10.413677174301426,458,False,1.2768728107255272,1.5043894037303218,20.827055194197666,-2.2825848781697897,50.44092411345054,0.574235807860262,10.800022602988246,0.17467248908296942,0.15938864628820962,24.44855710888147,-23.060399483372805,24681,False,0.14359363111707932,0.3895749737026222,13.590142944914186,2.8810651332045216,209.89288776079354,0.503383169239496,7.191591355838038,0.09999594830031198,0.09999594830031198,21.6123251270122,-22.27256075290211,low
MES,discovery,B_divergence,10,,,False,0.07806393860884042,0.01479212679349161,0.06353392375456601,0.9430569430569431,-3.0489249051531853,2.7657258187838987,14.26805464430772,-15.366519077011555,411,False,0.349885411563693,0.9187376544628201,30.580046797146892,-3.2179897949916567,59.285627636465826,0.5328467153284672,14.645887058097832,0.1630170316301703,0.1362530413625304,33.23826037646962,-39.02979880970571,12340,False,0.286351487809127,0.4759411779842182,19.01876406956857,2.6434436775541554,146.4184556668905,0.5180713128038897,10.340944208905597,0.1,0.1,30.651695287479473,-31.98832708875478,low
MES,discovery,B_divergence,20,,,False,0.06212857914640735,0.13847816069817584,-0.7309508769912401,0.6133866133866134,-5.122178517409541,2.8495937556665276,19.28864739987764,-20.30926404572834,360,False,-0.15663872854035674,1.5264805246428814,37.717753459084534,-1.691836266871504,35.93650900417591,0.5333333333333333,19.773057561436183,0.12222222222222222,0.14444444444444443,50.14430550528823,-52.12454131538879,6170,False,0.5743121484508833,0.9917809656612153,27.486485030510067,1.7660001627674657,89.56756697564367,0.5280388978930308,15.013185921428663,0.1,0.1,44.596711899446824,-46.273310233193456,low
MES,discovery,B_divergence,40,,,False,0.07015375440655224,0.09543067741028534,0.7832210158963453,0.7242757242757243,-3.9771316839603004,6.234536675228837,25.953373682060906,-27.877914743946953,337,False,1.9335170060292635,2.384358607534498,46.10892192242084,0.30252883034258743,13.748870181364072,0.5489614243323442,27.352889298170595,0.13649851632047477,0.13056379821958458,69.42386905450087,-67.84199224992132,3085,False,1.1502959901329182,1.7739932588245466,39.317029725852464,1.723477319216956,83.90742271161575,0.5423014586709887,21.59474417881309,0.10016207455429497,0.10016207455429497,62.66344191624117,-66.25898527111015,low
MES,discovery,B_divergence,60,,,False,0.056041584810960846,0.3563699119776252,3.3538239646365895,0.26673326673326675,-3.823901306311555,11.060719434422186,33.410311370508026,-33.70599811292098,307,False,5.0768618426241945,3.780182393799958,62.59377807585881,3.0203136141443796,29.09228632771901,0.5635179153094463,35.16903094264185,0.14332247557003258,0.13029315960912052,95.76453862298973,-79.50571318765634,2056,False,1.7230378779876057,2.3391062773903126,49.82931915138768,1.9840628834612242,67.44658853512931,0.5437743190661478,27.726860706439002,0.10019455252918288,0.10019455252918288,80.6802259828525,-83.60737879666635,low
MES,discovery,B_divergence,100,,,False,0.06706128297277618,0.24927639017341763,3.4069577780014506,0.43656343656343655,-5.0376158139892935,11.703065360714525,39.22522741405862,-38.17838606245965,276,False,6.300960467853891,5.885746489829868,63.98242950897437,0.5440586698461286,11.187791500850832,0.5905797101449275,39.726916514863845,0.09782608695652174,0.11231884057971014,121.8344619414655,-102.62655233956039,1234,False,2.89400268985244,2.942212256938914,65.28150791756185,2.953261497624338,74.42253240395118,0.5413290113452188,36.854017595161295,0.10048622366288493,0.10048622366288493,105.807745077793,-105.64122805315773,low
MES,discovery,B_divergence,5,,,False,0.11158329326795902,2.578343466939247e-33,-0.11611763666522963,0.6893106893106893,-0.8329971361340338,0.631958926522706,11.699550297676348,-12.576400583592577,3454,False,0.02747599445184969,0.4269491164565764,21.2555166728662,-1.0369193299900126,75.18672860100673,0.5086855819339896,11.87699146339225,0.18963520555877245,0.1812391430225825,23.6152866921662,-25.74240229888758,24681,False,0.14359363111707932,0.3895749737026222,13.590142944914186,2.8810651332045216,209.89288776079354,0.503383169239496,7.191591355838038,0.09999594830031198,0.09999594830031198,21.6123251270122,-22.27256075290211,high
MES,discovery,B_divergence,10,,,False,0.09413396411428099,1.3070206523382049e-17,0.07050797644516026,0.8761238761238761,-1.0251048985880697,1.1362499761211782,15.43896323681211,-16.328217944679256,2714,False,0.3568594642542872,0.8615501459741104,26.950998322388454,2.3617700118823217,58.346374304955205,0.5243183492999263,15.602011216837251,0.17170228445099484,0.16396462785556373,33.424403356339056,-35.74998372816286,12340,False,0.286351487809127,0.4759411779842182,19.01876406956857,2.6434436775541554,146.4184556668905,0.5180713128038897,10.340944208905597,0.1,0.1,30.651695287479473,-31.98832708875478,high
MES,discovery,B_divergence,20,,,False,0.08125650765953517,3.0453037163782722e-09,0.166179129270453,0.8441558441558441,-1.5948532413714047,2.0109080810356947,20.561506001360964,-22.4126431178997,2036,False,0.7404912777213364,1.5926108563180108,38.284400063496896,-0.609785695908682,49.84406865291102,0.5304518664047151,21.43309393696479,0.16355599214145383,0.15029469548133595,47.50299016313399,-51.887662265713296,6170,False,0.5743121484508833,0.9917809656612153,27.486485030510067,1.7660001627674657,89.56756697564367,0.5280388978930308,15.013185921428663,0.1,0.1,44.596711899446824,-46.273310233193456,high
MES,discovery,B_divergence,40,,,False,0.0699266697645952,0.0001328043867706203,-0.44176233642605567,0.7442557442557443,-3.35507660035815,2.6270479763017835,27.2583726989941,-30.06800727539781,1430,False,0.7085336537068624,1.9425010996931835,49.62624129390525,1.4712244310875426,52.043218759526106,0.5293706293706294,28.40888451372416,0.14615384615384616,0.13986013986013987,65.20439419305265,-71.2127706413219,3085,False,1.1502959901329182,1.7739932588245466,39.317029725852464,1.723477319216956,83.90742271161575,0.5423014586709887,21.59474417881309,0.10016207455429497,0.10016207455429497,62.66344191624117,-66.25898527111015,high
MES,discovery,B_divergence,60,,,False,0.05122384831120551,0.03673673292151049,0.35235334488367503,0.8581418581418582,-3.170063240322459,4.012128716011189,31.841760227494763,-34.64268275172709,1189,False,2.0753912228712807,3.7883571157970586,55.58943945553628,1.9886842525039963,40.12297969432829,0.5592935239697224,33.09921480002302,0.1455004205214466,0.12867956265769553,76.62480824658694,-84.80582462776069,2056,False,1.7230378779876057,2.3391062773903126,49.82931915138768,1.9840628834612242,67.44658853512931,0.5437743190661478,27.726860706439002,0.10019455252918288,0.10019455252918288,80.6802259828525,-83.60737879666635,high
MES,discovery,B_divergence,100,,,False,0.05490752511954756,0.10064555091653389,0.1917024994745834,0.9460539460539461,-5.674270513781682,6.366993206898392,41.58342627533453,-45.34644420943528,807,False,3.0857051893270233,6.156624527993149,75.61287233095382,0.893251903056908,34.057551709187706,0.5452292441140025,44.19378447248323,0.13630731102850063,0.13011152416356878,104.01714204685115,-110.4859577729271,1234,False,2.89400268985244,2.942212256938914,65.28150791756185,2.953261497624338,74.42253240395118,0.5413290113452188,36.854017595161295,0.10048622366288493,0.10048622366288493,105.807745077793,-105.64122805315773,high
MNQ,discovery,A_relative_volume,5,0.7,high,False,0.014147397767117209,0.09832453123745999,-0.153079099623653,0.44455544455544455,-0.5467187412550631,0.20103479098165442,9.229145194031487,-9.905414611690325,10778,False,0.014407314997151675,0.24582304996689786,17.076949824150407,0.6461139952540753,75.09957256600146,0.5103915383187976,9.388394595797513,0.09120430506587493,0.09621451104100946,28.631040927171846,-29.146016445697693,24681,False,0.16748641462080466,0.3577902871865213,17.325056109192868,1.801654720725582,123.3964080544008,0.5166727442161987,9.625776677424128,0.09999594830031198,0.09999594830031198,28.404500988380793,-29.563242924524534,
MNQ,discovery,A_relative_volume,10,0.7,high,False,0.009091488474649134,0.8384783051672428,0.024598827085766477,0.951048951048951,-0.6992244112698706,0.7113891567762735,13.707221419354553,-14.480626938447914,7324,False,0.35938822721415525,0.7361230761915305,25.92028215238072,3.168117057987466,97.35502557762419,0.5264882577826324,13.964502163292403,0.09516657564172583,0.0961223375204806,42.65192556371549,-43.656865213391505,12340,False,0.33478940012838876,0.7616814418764939,24.552477326249768,1.7132253044990868,90.8440218093856,0.5282820097244733,13.916424429774947,0.1,0.1,40.48789143424694,-42.93337908328641,
MNQ,discovery,A_relative_volume,20,0.7,high,False,0.019041469323238514,0.2951723956321893,-0.054856951607892626,0.9200799200799201,-1.3684808953052923,1.300429139873868,19.382449565647622,-21.07277524784129,4528,False,0.6169101631418185,1.092089420432485,34.80585004887058,1.3437105268192333,44.20316261752649,0.5269434628975265,19.83349568370515,0.09518551236749116,0.09209363957597173,59.193501703834,-62.52025521710414,6170,False,0.6717671147497111,1.2271475579206381,35.3401258303204,1.0443055393462157,60.04300563760192,0.533063209076175,20.069910685078966,0.1,0.1,58.580233885752776,-61.70827261111229,
MNQ,discovery,A_relative_volume,40,0.7,high,False,0.022171424288698813,0.4834798557246802,-0.5387071276075074,0.7202797202797203,-3.084495383920583,2.0991201260455834,27.99432392020753,-30.674531363726988,2595,False,0.8066108690757101,2.559895742428875,49.32022954465548,-0.11764239224372605,23.581937410401057,0.5364161849710982,29.054187555325992,0.09441233140655106,0.10173410404624278,85.04343278088768,-88.47613241919551,3085,False,1.3453179966832176,2.6581605528974706,50.363757151077046,1.2128183725649548,62.377299105899155,0.5510534846029174,28.955852628423806,0.10016207455429497,0.10016207455429497,81.57642915206137,-88.18173699265705,
MNQ,discovery,A_relative_volume,60,0.7,high,False,0.021799530501334534,0.7378330599484147,0.12950388045099515,0.9500499500499501,-3.779723346578348,3.963777276661403,35.955540938977535,-39.21659090600507,1815,False,2.1482463206868005,2.794740298757148,64.21151706050692,0.9962431550123102,34.895953234474504,0.5360881542699725,37.40721266897259,0.10027548209366391,0.09917355371900827,109.53966792274068,-109.59930826540963,2056,False,2.018742440235805,2.904228331278569,63.866555803001724,1.420177830242474,45.12757708141681,0.5379377431906615,37.61007597587436,0.10019455252918288,0.10019455252918288,106.74550758330585,-110.96630127017109,
MNQ,discovery,A_relative_volume,100,0.7,high,False,0.024275087937831313,0.8633351954735285,0.9738117368012325,0.7792207792207793,-5.664494739118948,7.849661999386955,48.66687215539864,-51.012568189338175,1145,False,4.365504937015328,5.03949705819462,84.81728744807019,2.506844401723325,50.16524512020345,0.5441048034934498,50.56886411209131,0.10480349344978165,0.08733624454148471,140.60961354361714,-157.32037312349078,1234,False,3.3916932002140956,5.130206084816846,83.41364934570399,2.117849465847469,50.39445826452443,0.5502431118314425,50.20355942640826,0.10048622366288493,0.10048622366288493,139.39196384053565,-141.28728751465167,
MNQ,discovery,A_relative_volume,5,0.7,low,False,0.020606334519356673,0.004103869577125065,0.006966557088436925,0.977022977022977,-0.37341092134282355,0.3938081736132104,8.575354230640055,-9.009008662872564,10307,False,0.1744529717092416,0.32067384263534393,14.983242772572103,0.7576531585413095,53.41577729486771,0.5152808770738333,8.527830593260152,0.08576695449694383,0.08751334044823907,27.047176817151097,-27.129267928469407,24681,False,0.16748641462080466,0.3577902871865213,17.325056109192868,1.801654720725582,123.3964080544008,0.5166727442161987,9.625776677424128,0.09999594830031198,0.09999594830031198,28.404500988380793,-29.563242924524534,
MNQ,discovery,A_relative_volume,10,0.7,low,False,0.03073294687561401,0.0004124319398744286,-0.029684225691706197,0.9440559440559441,-0.6960340031597327,0.6360795688855361,12.343131016665856,-13.27215363644172,7037,False,0.30510517443668256,0.5286879287336177,22.408434251771443,1.810982570323397,60.24683988339172,0.5186869404575813,12.518594722050366,0.08284780446212875,0.08796362086116243,41.35641349617447,-40.17387052565171,12340,False,0.33478940012838876,0.7616814418764939,24.552477326249768,1.7132253044990868,90.8440218093856,0.5282820097244733,13.916424429774947,0.1,0.1,40.48789143424694,-42.93337908328641,
MNQ,discovery,A_relative_volume,20,0.7,low,False,0.025618674732492894,0.06619932297018302,0.05976026594425025,0.9340659340659341,-1.2849852016851264,1.4004478809207077,18.600935947727525,-19.70436318514429,4433,False,0.7315273806939614,1.1167569378534026,35.062849842226804,2.8996137420428165,96.47655879497964,0.533498759305211,18.78398049507708,0.08504398826979472,0.08887886307241145,62.03689429782702,-60.23508665859452,6170,False,0.6717671147497111,1.2271475579206381,35.3401258303204,1.0443055393462157,60.04300563760192,0.533063209076175,20.069910685078966,0.1,0.1,58.580233885752776,-61.70827261111229,
MNQ,discovery,A_relative_volume,40,0.7,low,False,0.014614458059267574,0.9197989617020117,0.1165067764088252,0.913086913086913,-2.623245881456424,2.703194827011655,27.479895538620784,-30.011554125309814,2570,False,1.4618247730920428,2.352205764440951,49.656474695832124,1.3244423093801208,46.407320965139846,0.5463035019455252,28.323458513722834,0.09416342412451362,0.09571984435797666,84.35658708957332,-87.1154314872503,3085,False,1.3453179966832176,2.6581605528974706,50.363757151077046,1.2128183725649548,62.377299105899155,0.5510534846029174,28.955852628423806,0.10016207455429497,0.10016207455429497,81.57642915206137,-88.18173699265705,
MNQ,discovery,A_relative_volume,60,0.7,low,False,0.023183816511701223,0.6684574221670145,0.5290248500583352,0.8061938061938062,-3.42683410988057,4.395802403685278,33.587192085784,-35.88383291772707,1802,False,2.5477672902941406,3.2146425118140254,59.09478638218909,1.8007516934437817,62.22617373708131,0.5443951165371809,34.03081511731068,0.09433962264150944,0.08102108768035517,99.58022818153006,-108.7034292208123,2056,False,2.018742440235805,2.904228331278569,63.866555803001724,1.420177830242474,45.12757708141681,0.5379377431906615,37.61007597587436,0.10019455252918288,0.10019455252918288,106.74550758330585,-110.96630127017109,
MNQ,discovery,A_relative_volume,100,0.7,low,False,0.025151359467736945,0.8343936396461463,0.3744954605892816,0.9170829170829171,-6.205760868142825,6.5985297053478345,46.86097339082988,-50.64574752742991,1142,False,3.766188660803377,6.71842183009197,77.74862114137302,-0.8149053950824514,15.736186743871055,0.5516637478108581,48.94980788546432,0.09369527145359019,0.0893169877408056,137.46524349795894,-148.25593571094987,1234,False,3.3916932002140956,5.130206084816846,83.41364934570399,2.117849465847469,50.39445826452443,0.5502431118314425,50.20355942640826,0.10048622366288493,0.10048622366288493,139.39196384053565,-141.28728751465167,
MNQ,discovery,A_relative_volume,5,0.8,high,False,0.018389572290744505,0.02367539181931071,-0.28303898717108467,0.1968031968031968,-0.7032477541165163,0.12805242683905146,9.623694401949567,-10.503375326531204,8900,False,-0.11555257255028002,0.2118621625724071,18.146647106655358,0.8395460045998226,71.51514707924972,0.5056179775280899,9.908788737157085,0.09741573033707865,0.1055056179775281,29.306400179982152,-29.96869209602951,24681,False,0.16748641462080466,0.3577902871865213,17.325056109192868,1.801654720725582,123.3964080544008,0.5166727442161987,9.625776677424128,0.09999594830031198,0.09999594830031198,28.404500988380793,-29.563242924524534,
MNQ,discovery,A_relative_volume,10,0.8,high,False,0.015752121574010125,0.250878410324088,-0.14300293800017957,0.7082917082917083,-0.9379161820431716,0.5788658037697715,13.771208375359958,-15.011302263703897,6270,False,0.19178646212820918,0.4059679008028283,25.335377989150928,1.141896880464779,84.16610833984804,0.5164274322169059,14.091959732953267,0.09840510366826156,0.10382775119617225,42.121781720535765,-41.984435773349084,12340,False,0.33478940012838876,0.7616814418764939,24.552477326249768,1.7132253044990868,90.8440218093856,0.5282820097244733,13.916424429774947,0.1,0.1,40.48789143424694,-42.93337908328641,
MNQ,discovery,A_relative_volume,20,0.8,high,False,0.019224615512484857,0.32096661453308445,-0.0627093077001526,0.9410589410589411,-1.5060671212517707,1.3459979072503834,19.483360402895524,-21.49659835016094,4056,False,0.6090578070495585,1.025444373352613,35.96701578549485,0.7912744425529264,50.174411433613884,0.5239151873767258,20.13867654324723,0.09615384615384616,0.09492110453648915,60.52991245748887,-62.55987313154069,6170,False,0.6717671147497111,1.2271475579206381,35.3401258303204,1.0443055393462157,60.04300563760192,0.533063209076175,20.069910685078966,0.1,0.1,58.580233885752776,-61.70827261111229,
MNQ,discovery,A_relative_volume,40,0.8,high,False,0.029860892093935516,0.171419002497361,-0.1909406754445716,0.8921078921078921,-2.7626424777048673,2.4606823285304174,28.216358596395448,-31.05335806361954,2441,False,1.154377321238646,2.1458939660146115,48.99375681853236,-0.17559948730417366,20.2467584523122,0.533797623924621,29.472892898325053,0.09545268332650553,0.10036870135190495,86.27282715554345,-87.05713508723225,3085,False,1.3453179966832176,2.6581605528974706,50.363757151077046,1.2128183725649548,62.377299105899155,0.5510534846029174,28.955852628423806,0.10016207455429497,0.10016207455429497,81.57642915206137,-88.18173699265705,
MNQ,discovery,A_relative_volume,60,0.8,high,False,0.01264536325657786,0.9975098511130702,0.6154398938416922,0.7702297702297702,-3.193444338878185,4.517572716678552,36.14856048505977,-38.626288253798926,1765,False,2.6341823340774972,3.2623187994662572,61.4692482831848,1.390606558887896,35.444365555925856,0.5399433427762039,37.195730764999254,0.09631728045325778,0.09801699716713881,109.5756821774628,-106.4011144629925,2056,False,2.018742440235805,2.904228331278569,63.866555803001724,1.420177830242474,45.12757708141681,0.5379377431906615,37.61007597587436,0.10019455252918288,0.10019455252918288,106.74550758330585,-110.96630127017109,
MNQ,discovery,A_relative_volume,100,0.8,high,False,0.023022712202313153,0.9052658636669535,0.14029164816035314,0.973026973026973,-6.150858727764376,6.6627876111053945,48.019499654677986,-52.121187456141,1117,False,3.5319848483744485,4.079711281970155,79.73002593661357,0.4896889875872575,15.154608083212736,0.5308863025962399,50.47481509492705,0.10295434198746643,0.09310653536257833,138.5844609175346,-147.37969827854747,1234,False,3.3916932002140956,5.130206084816846,83.41364934570399,2.117849465847469,50.39445826452443,0.5502431118314425,50.20355942640826,0.10048622366288493,0.10048622366288493,139.39196384053565,-141.28728751465167,
MNQ,discovery,A_relative_volume,5,0.8,low,False,0.0310781535555624,2.04376220550531e-05,0.19704845827846407,0.33966033966033965,-0.1654208108339718,0.5801986553847275,8.224705955839918,-8.478129861832459,7818,False,0.3645348728992687,0.31571319957457433,14.297811294806154,1.5542150176375344,75.16822398787204,0.5165003837298542,7.9534425903712105,0.07994371962138655,0.07661806088513687,26.767301543544697,-26.372392563588605,24681,False,0.16748641462080466,0.3577902871865213,17.325056109192868,1.801654720725582,123.3964080544008,0.5166727442161987,9.625776677424128,0.09999594830031198,0.09999594830031198,28.404500988380793,-29.563242924524534,
MNQ,discovery,A_relative_volume,10,0.8,low,False,0.03806490185485323,2.6653572748899832e-05,0.22387386734257242,0.5904095904095904,-0.46690523713922055,0.8662618617429784,11.765150409660727,-12.32778652462995,5625,False,0.5586632674709612,0.5661712668092456,20.338098211723395,0.36995505389517896,37.77521764383916,0.5242666666666667,11.540868325330296,0.07786666666666667,0.07555555555555556,39.491557658679376,-39.23172381261819,12340,False,0.33478940012838876,0.7616814418764939,24.552477326249768,1.7132253044990868,90.8440218093856,0.5282820097244733,13.916424429774947,0.1,0.1,40.48789143424694,-42.93337908328641,
MNQ,discovery,A_relative_volume,20,0.8,low,False,0.02989707749641268,0.02976322959195193,0.09505096059365714,0.8931068931068931,-1.2619641005875246,1.4173749170385554,17.727133045254188,-18.625518325593404,3768,False,0.7668180753433682,1.193431592133587,32.56476597593324,-1.4332586572748147,36.14222758028696,0.5337048832271762,18.033844769425777,0.0804140127388535,0.08227176220806794,60.17833902869055,-61.260050875717155,6170,False,0.6717671147497111,1.2271475579206381,35.3401258303204,1.0443055393462157,60.04300563760192,0.533063209076175,20.069910685078966,0.1,0.1,58.580233885752776,-61.70827261111229,
MNQ,discovery,A_relative_volume,40,0.8,low,False,0.015721583949477255,0.8936251612285517,1.0431507117589878,0.43756243756243757,-1.5247533820861534,4.068688880611434,27.27796119266781,-28.029524466360538,2301,False,2.3884687084422054,2.5204407746826085,51.54622773454749,3.104888869032998,72.3511774122622,0.5493263798348544,28.114439477963206,0.08822251195132551,0.08865710560625815,91.00516444910781,-86.74149669560539,3085,False,1.3453179966832176,2.6581605528974706,50.363757151077046,1.2128183725649548,62.377299105899155,0.5510534846029174,28.955852628423806,0.10016207455429497,0.10016207455429497,81.57642915206137,-88.18173699265705,
MNQ,discovery,A_relative_volume,60,0.8,low,False,0.01674765550754003,0.9490411090458346,0.3050700091693001,0.8811188811188811,-3.61193968010595,4.311430704013379,34.555550746674825,-36.25245883830229,1736,False,2.3238124494051053,2.331748821815527,60.005979845234876,0.21340292857542234,39.940661257499215,0.5316820276497696,35.54896679953999,0.09850230414746544,0.09158986175115208,100.05748605577267,-104.60149342980652,2056,False,2.018742440235805,2.904228331278569,63.866555803001724,1.420177830242474,45.12757708141681,0.5379377431906615,37.61007597587436,0.10019455252918288,0.10019455252918288,106.74550758330585,-110.96630127017109,
MNQ,discovery,A_relative_volume,100,0.8,low,False,0.027031455512536683,0.7766244644078862,0.19360120194015715,0.9600399600399601,-6.440676690422472,7.1540059766164275,46.25665065382092,-50.12951784235381,1093,False,3.5852944021542528,6.8034442436482045,75.37901894436388,-0.423134668780682,14.63796159588524,0.546203110704483,48.382013169115986,0.08417200365965233,0.09606587374199452,140.3760696321713,-138.06056374855365,1234,False,3.3916932002140956,5.130206084816846,83.41364934570399,2.117849465847469,50.39445826452443,0.5502431118314425,50.20355942640826,0.10048622366288493,0.10048622366288493,139.39196384053565,-141.28728751465167,
MNQ,discovery,A_relative_volume,5,0.9,high,False,0.022061946131869625,0.02183849646861567,-0.24220137994090352,0.34265734265734266,-0.8088372568678521,0.2915523598528053,10.566333820213705,-11.374037440351,5692,False,-0.07471496532009887,0.46874873501967507,20.056801330544165,-0.8036219353153125,67.5236029977859,0.5198524244553759,10.823908855953862,0.11278988053408293,0.1112087139845397,29.23810469117862,-33.134255241322,24681,False,0.16748641462080466,0.3577902871865213,17.325056109192868,1.801654720725582,123.3964080544008,0.5166727442161987,9.625776677424128,0.09999594830031198,0.09999594830031198,28.404500988380793,-29.563242924524534,
MNQ,discovery,A_relative_volume,10,0.9,high,False,0.015840364609743113,0.392956213557338,0.1847752537835363,0.6703296703296703,-0.759883048703678,1.1569824812753235,14.620646556547943,-15.534091161803039,4331,False,0.5195646539119251,0.6855967548413666,27.820823719132797,3.85979900975166,94.45587932587735,0.5241283768182867,14.81879096732522,0.1013622719926114,0.10459478180558762,45.00352123042491,-43.93323160657325,12340,False,0.33478940012838876,0.7616814418764939,24.552477326249768,1.7132253044990868,90.8440218093856,0.5282820097244733,13.916424429774947,0.1,0.1,40.48789143424694,-42.93337908328641,
MNQ,discovery,A_relative_volume,20,0.9,high,False,0.017007601699458617,0.5763743491442223,-0.1858477788242265,0.8141858141858141,-1.778763150353197,1.1951895624867508,20.16497357314019,-21.867698898081855,3138,False,0.4859193359254846,1.4769800516400977,35.30948049261385,-0.17853824997756595,21.413364463125152,0.5363288718929254,20.709308188378227,0.10261312938177183,0.10420650095602295,58.34755464123893,-63.20235210006569,6170,False,0.6717671147497111,1.2271475579206381,35.3401258303204,1.0443055393462157,60.04300563760192,0.533063209076175,20.069910685078966,0.1,0.1,58.580233885752776,-61.70827261111229,
MNQ,discovery,A_relative_volume,40,0.9,high,False,0.017285740914504882,0.8467872267716041,0.5963065404091488,0.6633366633366633,-2.1175190826778585,3.218036632816115,28.559381706992454,-30.562278292463795,2052,False,1.9416245370923664,2.477312482265237,46.5954933911928,0.6809575852873095,14.060739209479962,0.5492202729044834,28.83191296548208,0.09454191033138401,0.10623781676413255,86.18813273038111,-80.4339262138363,3085,False,1.3453179966832176,2.6581605528974706,50.363757151077046,1.2128183725649548,62.377299105899155,0.5510534846029174,28.955852628423806,0.10016207455429497,0.10016207455429497,81.57642915206137,-88.18173699265705,
MNQ,discovery,A_relative_volume,60,0.9,high,False,0.022899830390102762,0.7292171908185904,1.4972204906437738,0.46653346653346656,-2.4910639605811116,5.751714943810774,36.09455060248122,-38.90712223567103,1560,False,3.5159629308795792,4.240063124818505,60.9564087302455,1.1468658052235086,21.341524433131116,0.55,37.901657817190795,0.11282051282051282,0.09423076923076923,104.35216500317678,-109.507823269294,2056,False,2.018742440235805,2.904228331278569,63.866555803001724,1.420177830242474,45.12757708141681,0.5379377431906615,37.61007597587436,0.10019455252918288,0.10019455252918288,106.74550758330585,-110.96630127017109,
MNQ,discovery,A_relative_volume,100,0.9,high,False,0.018282072544067947,0.9896234325868835,-0.007208034711335453,1.0,-6.540644863772447,6.538403671598446,47.11238831308537,-51.58870470063103,1032,False,3.38448516550276,4.324444187241427,78.77863556220353,1.4829613041179976,28.077470200316867,0.5358527131782945,49.723501758632764,0.10174418604651163,0.10271317829457365,133.74744014515727,-138.1304096353599,1234,False,3.3916932002140956,5.130206084816846,83.41364934570399,2.117849465847469,50.39445826452443,0.5502431118314425,50.20355942640826,0.10048622366288493,0.10048622366288493,139.39196384053565,-141.28728751465167,
MNQ,discovery,A_relative_volume,5,0.9,low,False,0.0532086883972461,2.3990150341737732e-08,0.12349246108987796,0.6683316683316683,-0.29313423016778195,0.5824581474937139,7.30241200632578,-7.387774545540175,3694,False,0.29097887571068265,0.23442798073425308,11.53744056634589,-0.20764912162032573,17.127636371677543,0.5094748240389821,7.0458112239502,0.06794802382241473,0.0660530590146183,23.987154282569847,-25.12046639711415,24681,False,0.16748641462080466,0.3577902871865213,17.325056109192868,1.801654720725582,123.3964080544008,0.5166727442161987,9.625776677424128,0.09999594830031198,0.09999594830031198,28.404500988380793,-29.563242924524534,
MNQ,discovery,A_relative_volume,10,0.9,low,False,0.05916046888044746,8.355269795321012e-08,0.04402022719838722,0.919080919080919,-0.7120690195498854,0.7692616914667412,10.254653714456445,-10.663158882330267,3011,False,0.378809627326776,0.4816723664569089,16.35790967655629,-0.7757061668502749,18.299533245186858,0.5220856858186649,9.827897700338061,0.05978080371969445,0.06343407505812022,36.05260664283839,-36.82440170046553,12340,False,0.33478940012838876,0.7616814418764939,24.552477326249768,1.7132253044990868,90.8440218093856,0.5282820097244733,13.916424429774947,0.1,0.1,40.48789143424694,-42.93337908328641,
MNQ,discovery,A_relative_volume,20,0.9,low,False,0.049282862158115226,0.000542674019664638,-0.10083353956236878,0.8991008991008991,-1.5353516259672897,1.403417014049071,15.505594665284494,-16.839365796770394,2312,False,0.5709335751873423,1.4399973313672376,27.536727470786232,-2.6650292008643928,53.98511247485916,0.5497404844290658,15.72442911686835,0.06314878892733564,0.07093425605536333,55.82841011364653,-57.22534267295503,6170,False,0.6717671147497111,1.2271475579206381,35.3401258303204,1.0443055393462157,60.04300563760192,0.533063209076175,20.069910685078966,0.1,0.1,58.580233885752776,-61.70827261111229,
MNQ,discovery,A_relative_volume,40,0.9,low,False,0.040736315347395566,0.05495616799394168,-0.4222137268635796,0.7652347652347652,-3.360173383656034,2.317577547543431,23.372430072331323,-25.168777141031352,1644,False,0.923104269819638,2.5086663969509093,41.197278398313905,-1.4912379967868563,25.571616760515933,0.5547445255474452,23.915250117423945,0.06630170316301703,0.07360097323600973,78.00063943177973,-87.08844172893993,3085,False,1.3453179966832176,2.6581605528974706,50.363757151077046,1.2128183725649548,62.377299105899155,0.5510534846029174,28.955852628423806,0.10016207455429497,0.10016207455429497,81.57642915206137,-88.18173699265705,
MNQ,discovery,A_relative_volume,60,0.9,low,False,0.02757495994506752,0.550149245624423,-1.2585401801923373,0.5564435564435565,-5.326687705667099,2.486407304970992,32.65240629874789,-35.42171561997419,1360,False,0.7602022600434678,2.186932887519033,54.7585427094867,-0.6411470875623192,10.479849100957463,0.5375,34.34078658418541,0.08602941176470588,0.09632352941176471,98.77936998375938,-104.66543595986597,2056,False,2.018742440235805,2.904228331278569,63.866555803001724,1.420177830242474,45.12757708141681,0.5379377431906615,37.61007597587436,0.10019455252918288,0.10019455252918288,106.74550758330585,-110.96630127017109,
MNQ,discovery,A_relative_volume,100,0.9,low,False,0.04122932995647246,0.3359450834431422,-0.8086220441199922,0.8121878121878122,-7.762061905975865,5.766950769348117,42.48690439465312,-46.710208645515564,878,False,2.5830711560941033,5.610987149325952,70.59184887736235,-0.42057136862098965,8.689480020065618,0.5603644646924829,45.56932682209517,0.08086560364464693,0.09339407744874716,130.13268842264438,-137.94783005825636,1234,False,3.3916932002140956,5.130206084816846,83.41364934570399,2.117849465847469,50.39445826452443,0.5502431118314425,50.20355942640826,0.10048622366288493,0.10048622366288493,139.39196384053565,-141.28728751465167,
MNQ,discovery,A_relative_volume,5,0.95,high,False,0.036260376579916986,0.0009306287037628098,0.11631288874061463,0.7152847152847153,-0.7783728249861755,0.9179971763300232,12.221252446131814,-12.660014125413742,3296,False,0.2837993033614193,0.37651754833500917,21.917226046462403,1.7490530519877074,36.88543263676429,0.5136529126213593,12.072919516833087,0.12985436893203883,0.12864077669902912,32.08616553252864,-32.70473329126125,24681,False,0.16748641462080466,0.3577902871865213,17.325056109192868,1.801654720725582,123.3964080544008,0.5166727442161987,9.625776677424128,0.09999594830031198,0.09999594830031198,28.404500988380793,-29.563242924524534,
MNQ,discovery,A_relative_volume,10,0.95,high,False,0.03417348752509031,0.010196504174114458,0.6813786460224163,0.2047952047952048,-0.549911627513491,1.9289431184359147,16.333045949223933,-17.006437327557844,2751,False,1.0161680461508051,1.0683190000526643,30.28404269123772,2.1831319127651985,45.4767324081119,0.5398037077426391,16.53445739032256,0.11995637949836423,0.1134133042529989,47.04318960954738,-47.00309335803106,12340,False,0.33478940012838876,0.7616814418764939,24.552477326249768,1.7132253044990868,90.8440218093856,0.5282820097244733,13.916424429774947,0.1,0.1,40.48789143424694,-42.93337908328641,
MNQ,discovery,A_relative_volume,20,0.95,high,False,0.029312510287211532,0.12187746328987605,-0.07422612312727077,0.9250749250749251,-1.8350296434892284,1.739084568455835,21.983067254948864,-23.430986892480018,2186,False,0.5975409916224403,1.9648451707687808,39.298231740810486,0.0781412715260134,21.84986613986111,0.5434583714547118,22.542741469498054,0.11436413540713632,0.11207685269899359,61.31311487446135,-66.82714497833584,6170,False,0.6717671147497111,1.2271475579206381,35.3401258303204,1.0443055393462157,60.04300563760192,0.533063209076175,20.069910685078966,0.1,0.1,58.580233885752776,-61.70827261111229,
MNQ,discovery,A_relative_volume,40,0.95,high,False,0.033070031091853275,0.19983740876292994,1.0659981565630063,0.5004995004995005,-1.961975838335671,4.074708521016216,30.808994267264158,-32.38511709855694,1568,False,2.411316153246224,1.6465947873511855,54.293797077443635,2.153722556401759,31.842242891733115,0.5325255102040817,31.41743792145624,0.10586734693877552,0.10395408163265306,95.06038252344726,-87.83095769082459,3085,False,1.3453179966832176,2.6581605528974706,50.363757151077046,1.2128183725649548,62.377299105899155,0.5510534846029174,28.955852628423806,0.10016207455429497,0.10016207455429497,81.57642915206137,-88.18173699265705,
MNQ,discovery,A_relative_volume,60,0.95,high,False,0.016697597829140442,0.9759058571652853,-0.01055625787660619,0.997002997002997,-4.510095304578877,4.534933062703767,37.26284594614079,-40.98327850526403,1302,False,2.008186182359199,2.9222753226865184,67.85582251905929,2.2439129542395175,38.80729352226352,0.5391705069124424,39.94805458611751,0.1098310291858679,0.10138248847926268,110.86823319647058,-118.75289078750468,2056,False,2.018742440235805,2.904228331278569,63.866555803001724,1.420177830242474,45.12757708141681,0.5379377431906615,37.61007597587436,0.10019455252918288,0.10019455252918288,106.74550758330585,-110.96630127017109,
MNQ,discovery,A_relative_volume,100,0.95,high,False,0.032295288685181424,0.6335117931275178,2.1788498955886197,0.5404595404595405,-5.366219339065295,9.543250567007576,51.94717688671669,-51.68815713289899,901,False,5.570543095802716,6.193117561528183,90.07465711995418,2.467588583968444,41.528179158025175,0.564927857935627,53.92914200373434,0.10876803551609324,0.10099889012208657,149.32254819805004,-151.9588810982596,1234,False,3.3916932002140956,5.130206084816846,83.41364934570399,2.117849465847469,50.39445826452443,0.5502431118314425,50.20355942640826,0.10048622366288493,0.10048622366288493,139.39196384053565,-141.28728751465167,
MNQ,discovery,A_relative_volume,5,0.95,low,False,0.058530293728274674,0.000521473532439838,0.13393694521864782,0.7882117882117882,-0.5303454453366325,0.7290301737093473,7.279495806241221,-7.439731741142585,1259,False,0.3014233598394525,0.13524479307580606,11.08955758832889,0.608975009034106,14.099819851909064,0.5035742652899127,6.7734311897125075,0.06354249404289118,0.056393963463065924,24.915143228558314,-24.507508621584016,24681,False,0.16748641462080466,0.3577902871865213,17.325056109192868,1.801654720725582,123.3964080544008,0.5166727442161987,9.625776677424128,0.09999594830031198,0.09999594830031198,28.404500988380793,-29.563242924524534,
MNQ,discovery,A_relative_volume,10,0.95,low,False,0.08965987455833968,1.2181035818934694e-07,-0.5077799462277441,0.5124875124875125,-1.9832094373415643,0.8544699111553467,10.236540324468114,-11.008806813888018,1122,False,-0.1729905460993554,0.3430723707997796,23.621085450578533,-7.311026513639712,160.86394367959016,0.5115864527629234,10.273019970184373,0.04723707664884135,0.059714795008912656,45.641452273707536,-46.099686931278534,12340,False,0.33478940012838876,0.7616814418764939,24.552477326249768,1.7132253044990868,90.8440218093856,0.5282820097244733,13.916424429774947,0.1,0.1,40.48789143424694,-42.93337908328641,
MNQ,discovery,A_relative_volume,20,0.95,low,False,0.04911694430984645,0.0692846418265166,-0.10861936527678456,0.9370629370629371,-2.7604025714504004,2.2167955249850926,16.12442775750546,-17.978246138724995,776,False,0.5631477494729266,1.0749181578817435,33.15442917296787,-4.350503316830276,75.98115029325616,0.5322164948453608,16.7299933887415,0.06443298969072164,0.07216494845360824,61.5258871131938,-64.08793285454718,6170,False,0.6717671147497111,1.2271475579206381,35.3401258303204,1.0443055393462157,60.04300563760192,0.533063209076175,20.069910685078966,0.1,0.1,58.580233885752776,-61.70827261111229,
MNQ,discovery,A_relative_volume,40,0.95,low,False,0.0484374163466546,0.14734093524148734,-1.2123742877785908,0.5834165834165834,-4.965450077162179,2.5084896771210934,23.032711455384238,-25.694059904783145,666,False,0.13294370890462684,1.898419362178494,44.11011099020399,-2.8586754600552076,26.886292186117426,0.5420420420420421,24.59836326246664,0.07357357357357357,0.07207207207207207,75.291811612109,-100.03527386335841,3085,False,1.3453179966832176,2.6581605528974706,50.363757151077046,1.2128183725649548,62.377299105899155,0.5510534846029174,28.955852628423806,0.10016207455429497,0.10016207455429497,81.57642915206137,-88.18173699265705,
MNQ,discovery,A_relative_volume,60,0.95,low,False,0.06426912366500506,0.03725499247020456,0.3702624136280258,0.9020979020979021,-4.541943742187723,4.9539933444392625,27.84880845469549,-30.21856074657711,619,False,2.389004853863831,3.6659380049153256,45.802775084744404,-1.7815189252585968,13.604312229749176,0.5735056542810986,28.19019705777523,0.0630048465266559,0.05331179321486268,90.1610932768557,-117.71039865040467,2056,False,2.018742440235805,2.904228331278569,63.866555803001724,1.420177830242474,45.12757708141681,0.5379377431906615,37.61007597587436,0.10019455252918288,0.10019455252918288,106.74550758330585,-110.96630127017109,
MNQ,discovery,A_relative_volume,100,0.95,low,False,0.09131471064925159,0.004494213163974269,-0.38777174752240007,0.9300699300699301,-7.081818112146015,6.531081279415146,33.732924198467565,-37.89757980859415,510,False,3.0039214526916953,5.485056712996039,63.20498376815209,-1.8579023034924693,12.685484916337817,0.5627450980392157,37.84408415514177,0.052941176470588235,0.052941176470588235,129.88371842501843,-171.2962886470077,1234,False,3.3916932002140956,5.130206084816846,83.41364934570399,2.117849465847469,50.39445826452443,0.5502431118314425,50.20355942640826,0.10048622366288493,0.10048622366288493,139.39196384053565,-141.28728751465167,
MNQ,discovery,B_divergence,5,,,False,0.1077183117448205,5.066580950055148e-05,0.766202989930434,0.33666333666333664,-1.5305827887718064,3.079188341586447,15.268407784418313,-14.881493679371458,460,False,0.9336894045512387,0.5633812063432497,24.385696613847774,0.5888420183887103,14.941636884075855,0.532608695652174,14.924740844487413,0.19130434782608696,0.17173913043478262,31.760888368979664,-31.211892315456254,24681,False,0.16748641462080466,0.3577902871865213,17.325056109192868,1.801654720725582,123.3964080544008,0.5166727442161987,9.625776677424128,0.09999594830031198,0.09999594830031198,28.404500988380793,-29.563242924524534,low
MNQ,discovery,B_divergence,10,,,False,0.08433734939759041,0.006260335815559006,-0.35802224912500497,0.7682317682317682,-3.7229992304267383,2.8160141386827835,19.494009685814493,-21.02991737420205,415,False,-0.023232848996616186,0.35039360882116455,34.26493544939256,-0.24886950945365802,14.74527179048128,0.5228915662650603,20.2128469152473,0.163855421686747,0.17590361445783131,44.660775385558566,-45.78527514748054,12340,False,0.33478940012838876,0.7616814418764939,24.552477326249768,1.7132253044990868,90.8440218093856,0.5282820097244733,13.916424429774947,0.1,0.1,40.48789143424694,-42.93337908328641,low
MNQ,discovery,B_divergence,20,,,False,0.06975422392930886,0.06649158272581047,-0.26740275861585555,0.8941058941058941,-4.452802515058696,3.755870603090018,26.13297808295184,-28.553632956677223,365,False,0.4043643561338556,1.6998336591345087,42.37855935559655,0.44491307185751083,7.717445977717224,0.5397260273972603,26.696825155575866,0.14520547945205478,0.16164383561643836,63.37450703185849,-62.039860805447866,6170,False,0.6717671147497111,1.2271475579206381,35.3401258303204,1.0443055393462157,60.04300563760192,0.533063209076175,20.069910685078966,0.1,0.1,58.580233885752776,-61.70827261111229,low
MNQ,discovery,B_divergence,40,,,False,0.08223052169215231,0.02827097958459321,1.1191283363445041,0.6933066933066933,-5.157172963239524,7.372358157147368,34.52143513065275,-38.932498275245315,345,False,2.4644463330277215,2.503881015574194,55.45996307010808,-0.24643774950623712,8.04549568941446,0.5507246376811594,35.686392649230626,0.1536231884057971,0.14782608695652175,79.29960315646076,-82.86458067893399,3085,False,1.3453179966832176,2.6581605528974706,50.363757151077046,1.2128183725649548,62.377299105899155,0.5510534846029174,28.955852628423806,0.10016207455429497,0.10016207455429497,81.57642915206137,-88.18173699265705,low
MNQ,discovery,B_divergence,60,,,False,0.0560710366157837,0.3475866832007405,0.797206643058881,0.8551448551448552,-7.194440942973658,8.441363761805889,40.73983829437581,-45.969475436662584,312,False,2.8159490832946865,4.858329774343195,64.643870168815,-0.7145027450860331,7.678740354151948,0.5448717948717948,42.343961678458086,0.1282051282051282,0.10897435897435898,100.33997031258124,-111.161085443605,2056,False,2.018742440235805,2.904228331278569,63.866555803001724,1.420177830242474,45.12757708141681,0.5379377431906615,37.61007597587436,0.10019455252918288,0.10019455252918288,106.74550758330585,-110.96630127017109,low
MNQ,discovery,B_divergence,100,,,False,0.06376106922227703,0.3032556614540773,2.6376892705353083,0.6183816183816184,-7.671987112468142,12.49957812559395,50.33505531845269,-52.92674913014476,276,False,6.029382470749404,5.6857160485068725,75.8660932343777,-0.5475995747629656,5.31836267769633,0.5797101449275363,50.33381246682754,0.10144927536231885,0.08333333333333333,135.13337886545548,-151.58125950767555,1234,False,3.3916932002140956,5.130206084816846,83.41364934570399,2.117849465847469,50.39445826452443,0.5502431118314425,50.20355942640826,0.10048622366288493,0.10048622366288493,139.39196384053565,-141.28728751465167,low
MNQ,discovery,B_divergence,5,,,False,0.11273189537017914,3.1917331115248283e-33,-0.04585680232219173,0.8861138861138861,-0.9531137478951517,0.9263001965228032,15.499471667951635,-17.00432978690035,3364,False,0.12162961229861295,0.42468780673377005,27.31783537764511,-0.4058268697106504,50.25090635810096,0.509512485136742,15.990649183554172,0.19084423305588585,0.1807372175980975,31.906802772045566,-33.98115986628727,24681,False,0.16748641462080466,0.3577902871865213,17.325056109192868,1.801654720725582,123.3964080544008,0.5166727442161987,9.625776677424128,0.09999594830031198,0.09999594830031198,28.404500988380793,-29.563242924524534,high
MNQ,discovery,B_divergence,10,,,False,0.0798427003072894,1.7414253311450203e-12,0.157390928421349,0.7722277722277723,-1.186507730045611,1.6813183415994788,20.458419503741425,-22.18994322510486,2634,False,0.49218032854973776,1.0672307807235715,37.29438338514444,2.2644848549679275,68.50002613654887,0.5220197418375095,21.019200799619945,0.1662870159453303,0.1571753986332574,46.62054325391781,-48.80430715974044,12340,False,0.33478940012838876,0.7616814418764939,24.552477326249768,1.7132253044990868,90.8440218093856,0.5282820097244733,13.916424429774947,0.1,0.1,40.48789143424694,-42.93337908328641,high
MNQ,discovery,B_divergence,20,,,False,0.0847416111705791,5.061427854787644e-10,-0.20916032157116538,0.8221778221778222,-2.4479547577886756,1.8962296169528408,26.780308390197614,-29.89776946745486,2038,False,0.46260679317854575,1.9315331412450565,46.78928760194692,0.43190867375129083,33.248066417507836,0.5363101079489696,28.131636365796847,0.15456329735034346,0.1535819430814524,61.845774925261466,-66.98801971788559,6170,False,0.6717671147497111,1.2271475579206381,35.3401258303204,1.0443055393462157,60.04300563760192,0.533063209076175,20.069910685078966,0.1,0.1,58.580233885752776,-61.70827261111229,high
MNQ,discovery,B_divergence,40,,,False,0.0640015407782507,0.0006090943623809925,-0.4385179700331016,0.7982017982017982,-4.005387674882498,3.213701416135201,36.370590197770206,-40.095692160788644,1439,False,0.9068000266501159,2.8423687864176372,63.537218705622415,1.0286480354786565,39.70909579159489,0.5337039610840861,37.63519359891839,0.13968033356497567,0.1480194579569145,89.81277722020093,-89.9326168658089,3085,False,1.3453179966832176,2.6581605528974706,50.363757151077046,1.2128183725649548,62.377299105899155,0.5510534846029174,28.955852628423806,0.10016207455429497,0.10016207455429497,81.57642915206137,-88.18173699265705,high
MNQ,discovery,B_divergence,60,,,False,0.04739251174580622,0.06328389567230516,0.5271558861396892,0.8371628371628371,-4.679862068974416,5.35962204353853,41.68913185600496,-46.945218836005324,1205,False,2.5458983263754944,3.700657894736281,73.08533551605403,1.138023100195242,27.419445454494785,0.5560165975103735,44.39139410830002,0.13443983402489626,0.13029045643153528,108.75917338725449,-112.42738157913588,2056,False,2.018742440235805,2.904228331278569,63.866555803001724,1.420177830242474,45.12757708141681,0.5379377431906615,37.61007597587436,0.10019455252918288,0.10019455252918288,106.74550758330585,-110.96630127017109,high
MNQ,discovery,B_divergence,100,,,False,0.04361422312657983,0.2936823705395043,-0.3632133490705697,0.9410589410589411,-7.9818206563212835,7.073901979113771,55.0106136155615,-59.73198776057032,822,False,3.028479851143526,6.891529978598765,96.15663468260472,0.06808227199563019,27.494158284386486,0.5583941605839416,57.80054972214957,0.1192214111922141,0.12773722627737227,143.16981963281728,-151.1236126748385,1234,False,3.3916932002140956,5.130206084816846,83.41364934570399,2.117849465847469,50.39445826452443,0.5502431118314425,50.20355942640826,0.10048622366288493,0.10048622366288493,139.39196384053565,-141.28728751465167,high
NQ,discovery,A_relative_volume,5,0.7,high,False,0.010346319402217197,0.39815647543781363,-0.1374262165008966,0.5034965034965035,-0.5572715305026744,0.2815649547329144,9.301785374346029,-9.934407179254332,10712,False,0.030781312072797645,0.30265526499095863,17.827728478129,1.2088526588602795,76.6142830150329,0.5139096340552651,9.553286074718558,0.09213965646004481,0.09783420463032114,29.302635209184544,-30.061485984280704,24673,False,0.16820752857369425,0.3170342502678558,17.732948047144752,0.4821474513832081,88.86301611010364,0.5150569448384874,9.671561201063017,0.10002837109390832,0.10002837109390832,28.75507674902843,-29.801241781372507,
NQ,discovery,A_relative_volume,10,0.7,high,False,0.009301723609613344,0.8212043984393727,0.008217218736169239,0.983016983016983,-0.6663026251890158,0.7432413410755911,13.73495065252428,-14.462706836813243,7238,False,0.3440067424860069,0.5929298536733185,25.574143956777657,3.9641734049948463,104.21057289101722,0.5229345122962145,13.980956537223964,0.0980933959657364,0.10279082619508151,42.09760529786654,-41.44859710147916,12336,False,0.3357895237498376,0.5717117628978308,24.889522713093932,-0.17883898981115579,65.08740414992332,0.5223735408560312,14.06367909546769,0.10003242542153049,0.10003242542153049,41.39366279726513,-43.18564553962045,
NQ,discovery,A_relative_volume,20,0.7,high,False,0.011468405276559564,0.8790102048500799,-0.03667212495180838,0.952047952047952,-1.4805041190361297,1.3593153568718317,19.723426185889277,-21.08378912125091,4485,False,0.6344470679202528,1.3851566612177457,35.371512035874325,0.7448753038129781,45.619091239725854,0.5346711259754738,20.184889534781178,0.09565217391304348,0.09676700111482721,58.93676260371257,-63.371144288410036,6168,False,0.6711191928720612,1.2623453529603257,35.095177538719696,0.584443631442263,47.86055552780399,0.5290207522697795,20.231267759469397,0.10003242542153049,0.10003242542153049,59.176443385116784,-61.71274280665517,
NQ,discovery,A_relative_volume,40,0.7,high,False,0.016153379142865028,0.8486453536558143,-0.1302145547699322,0.9050949050949051,-2.673476444435292,2.404793355557592,28.31338597311659,-30.644970789201015,2585,False,1.2144508140234431,2.0918800190594666,49.13490757198626,0.6740976407548488,25.992152580054277,0.5315280464216634,28.979893720597325,0.09864603481624758,0.09206963249516441,84.79090149389981,-90.92109855607053,3084,False,1.3446653687933754,1.7633807130235102,50.12242882130176,0.47560870279670286,24.485332018128386,0.5317769130998703,29.757023031007893,0.10019455252918288,0.10019455252918288,86.8486115599544,-87.64425663980741,
NQ,discovery,A_relative_volume,60,0.7,high,False,0.01651010792240244,0.950200775116085,0.7658427486059949,0.6973026973026973,-3.1788552047741754,4.767109711002944,36.52802531901026,-38.70306857222707,1811,False,2.7884738931588875,3.3812341504657617,63.352503958906375,1.1578533635370711,36.473262605388165,0.5466593042517945,37.188693032009475,0.09166206515737162,0.09442297073440088,114.21514218422502,-109.05599375997788,2056,False,2.022631144552893,3.0500267351840638,62.3354690141072,0.7554548534674547,33.5827669073289,0.5389105058365758,37.794101015740914,0.10019455252918288,0.10019455252918288,107.62067242596126,-109.25439764939047,
NQ,discovery,A_relative_volume,100,0.7,high,False,0.03620877116558116,0.4047530436544536,0.10100445601565766,0.98001998001998,-6.753774968324439,6.998826034725018,48.49638761942968,-51.3676334866112,1145,False,3.4303371843171737,4.3932691030579285,85.0698961879991,2.2423414173261618,44.91683401155165,0.5414847161572053,50.206431124914126,0.1056768558951965,0.09956331877729258,139.4544800603696,-146.9291133965604,1233,False,3.329332728301516,6.308523929097198,80.02145911743689,0.9518419849001526,24.96622027478707,0.5587996755879967,49.94145745504305,0.10056772100567721,0.10056772100567721,134.74604740603309,-144.44673733071238,
NQ,discovery,A_relative_volume,5,0.7,low,False,0.02222187885207383,0.001765560117329886,0.0858218753628914,0.6533466533466533,-0.2822391373903483,0.4431881001132143,8.362138172825883,-8.714534932022639,9978,False,0.25402940393658563,0.2729835307180295,14.685955900801211,1.2295690542354232,52.061034112408784,0.5133293245139307,8.33511794316601,0.08117859290438965,0.08328322309079976,27.26395173931592,-27.15516976847835,24673,False,0.16820752857369425,0.3170342502678558,17.732948047144752,0.4821474513832081,88.86301611010364,0.5150569448384874,9.671561201063017,0.10002837109390832,0.10002837109390832,28.75507674902843,-29.801241781372507,
NQ,discovery,A_relative_volume,10,0.7,low,False,0.02849216342222971,0.0015431987836308295,-0.005359720511584723,0.989010989010989,-0.6797579092456657,0.6291870530026268,12.17381448568749,-12.930349812824353,6845,False,0.3304298032382529,0.549510935268227,21.45358720667005,-0.14678916935783767,28.383910013707983,0.5181884587289993,12.307456160375182,0.08385682980277574,0.08575602629656684,39.93846075376384,-40.52445589866675,12336,False,0.3357895237498376,0.5717117628978308,24.889522713093932,-0.17883898981115579,65.08740414992332,0.5223735408560312,14.06367909546769,0.10003242542153049,0.10003242542153049,41.39366279726513,-43.18564553962045,
NQ,discovery,A_relative_volume,20,0.7,low,False,0.021959016422892167,0.16857314988271788,0.12839701998853853,0.8521478521478522,-1.1581945944973835,1.5131124618337293,18.368783182181442,-19.31902332470706,4332,False,0.7995162128605997,1.3297613173313128,32.86533685953541,-0.21649343909206772,28.962303944623077,0.5390120036934442,18.695036363579298,0.08448753462603878,0.0907202216066482,60.83521404699869,-59.86324672123447,6168,False,0.6711191928720612,1.2623453529603257,35.095177538719696,0.584443631442263,47.86055552780399,0.5290207522697795,20.231267759469397,0.10003242542153049,0.10003242542153049,59.176443385116784,-61.71274280665517,
NQ,discovery,A_relative_volume,40,0.7,low,False,0.025682007033940142,0.3105111052200404,0.858789847782528,0.5174825174825175,-1.6518872478381588,3.188058066338897,27.462605413105486,-29.142391007065232,2538,False,2.2034552165759034,2.963152430639493,48.06628211076601,1.4843383371862011,42.2162848470985,0.549645390070922,28.13631194923394,0.0937746256895193,0.08628841607565012,85.95769442498387,-86.81062100244408,3084,False,1.3446653687933754,1.7633807130235102,50.12242882130176,0.47560870279670286,24.485332018128386,0.5317769130998703,29.757023031007893,0.10019455252918288,0.10019455252918288,86.8486115599544,-87.64425663980741,
NQ,discovery,A_relative_volume,60,0.7,low,False,0.03544605786579136,0.1749267583194184,0.3748445504608792,0.8341658341658341,-3.5077205569456,4.215816204575167,33.80567949489532,-35.73357931485886,1790,False,2.397475695013772,2.8229244480659776,56.51364136644227,-1.3309930316523146,16.822209854477414,0.541340782122905,34.392650909158064,0.08603351955307263,0.0776536312849162,102.59870312156475,-115.48149829620674,2056,False,2.022631144552893,3.0500267351840638,62.3354690141072,0.7554548534674547,33.5827669073289,0.5389105058365758,37.794101015740914,0.10019455252918288,0.10019455252918288,107.62067242596126,-109.25439764939047,
NQ,discovery,A_relative_volume,100,0.7,low,False,0.030896381261344766,0.6103635074767104,1.0442175773217095,0.7472527472527473,-5.216547311308752,7.795039762471895,47.33896868423417,-50.07230258651966,1134,False,4.373550305623225,3.6935474027799398,80.4083850089783,1.8222913407831924,32.39219995282746,0.5405643738977073,48.687849871302156,0.09788359788359788,0.0855379188712522,141.15159580436656,-146.83839034726537,1233,False,3.329332728301516,6.308523929097198,80.02145911743689,0.9518419849001526,24.96622027478707,0.5587996755879967,49.94145745504305,0.10056772100567721,0.10056772100567721,134.74604740603309,-144.44673733071238,
NQ,discovery,A_relative_volume,5,0.8,high,False,0.008746347072230543,0.6980293817597258,-0.034353810492456845,0.8881118881118881,-0.5059690171900062,0.41507608211932656,9.828273297662196,-10.347279834707301,8849,False,0.1338537180812374,0.3481005314331931,18.68035032199219,0.9233719550121995,87.20886763369656,0.5131653294157532,9.995129004593645,0.10012430783139338,0.10317550005650356,29.688937374044883,-30.398623372593896,24673,False,0.16820752857369425,0.3170342502678558,17.732948047144752,0.4821474513832081,88.86301611010364,0.5150569448384874,9.671561201063017,0.10002837109390832,0.10002837109390832,28.75507674902843,-29.801241781372507,
NQ,discovery,A_relative_volume,10,0.8,high,False,0.01576777722825895,0.25171390257969484,0.05438067178034278,0.8991008991008991,-0.7102248745169647,0.8356151801808432,14.013084488715643,-14.846631978809688,6239,False,0.3901701955301804,0.5749770009200184,26.515197919372657,4.106014874655354,105.44960840810987,0.5212373777849014,14.269492021892932,0.09681038627985254,0.10498477320083346,44.02451878342367,-41.406536076910115,12336,False,0.3357895237498376,0.5717117628978308,24.889522713093932,-0.17883898981115579,65.08740414992332,0.5223735408560312,14.06367909546769,0.10003242542153049,0.10003242542153049,41.39366279726513,-43.18564553962045,
NQ,discovery,A_relative_volume,20,0.8,high,False,0.01316003897092094,0.782045769962598,-0.0820565550483322,0.9170829170829171,-1.4155847515880986,1.4131906278927013,19.808456697991957,-21.522925095455243,4079,False,0.589062637823729,0.8087343307727757,37.04111540846927,-0.13403723713925036,58.59441775139565,0.5182642804608972,20.37697331050397,0.09855356705074773,0.100514832066683,60.265425434723184,-62.24907793118791,6168,False,0.6711191928720612,1.2623453529603257,35.095177538719696,0.584443631442263,47.86055552780399,0.5290207522697795,20.231267759469397,0.10003242542153049,0.10003242542153049,59.176443385116784,-61.71274280665517,
NQ,discovery,A_relative_volume,40,0.8,high,False,0.018463275207762884,0.7336011425503531,-0.3466136038890593,0.8131868131868132,-2.949485206036545,2.222291185172794,28.582905080393445,-31.73865658021613,2430,False,0.998051764904316,2.399058634086071,52.626540126971804,1.2717938382682727,48.37158358005451,0.5374485596707819,30.153617198175336,0.09547325102880659,0.09753086419753086,88.79850468848608,-93.17616915874804,3084,False,1.3446653687933754,1.7633807130235102,50.12242882130176,0.47560870279670286,24.485332018128386,0.5317769130998703,29.757023031007893,0.10019455252918288,0.10019455252918288,86.8486115599544,-87.64425663980741,
NQ,discovery,A_relative_volume,60,0.8,high,False,0.023749738208353084,0.6457424563962724,-0.1511489718850501,0.9470529470529471,-4.216080070790099,4.095965813571007,35.99882479504502,-39.534744194091665,1765,False,1.8714821726678426,2.5240067459808557,64.21881802548592,0.8514897733539912,35.00570798624243,0.5337110481586402,37.504836206042214,0.08951841359773371,0.09178470254957508,114.95011340854124,-117.13266196918772,2056,False,2.022631144552893,3.0500267351840638,62.3354690141072,0.7554548534674547,33.5827669073289,0.5389105058365758,37.794101015740914,0.10019455252918288,0.10019455252918288,107.62067242596126,-109.25439764939047,
NQ,discovery,A_relative_volume,100,0.8,high,False,0.028124427700599117,0.7282457282701048,1.2362034634007208,0.7272727272727273,-4.994146996090738,7.412598329052918,48.05844757449143,-52.15752180090624,1116,False,4.565536191702237,4.582832306692097,80.420449362936,0.30279615652639885,16.696873867254688,0.5403225806451613,50.436023603882234,0.11469534050179211,0.08512544802867383,131.2724124147725,-154.90069666690334,1233,False,3.329332728301516,6.308523929097198,80.02145911743689,0.9518419849001526,24.96622027478707,0.5587996755879967,49.94145745504305,0.10056772100567721,0.10056772100567721,134.74604740603309,-144.44673733071238,
NQ,discovery,A_relative_volume,5,0.8,low,False,0.03726790819339543,3.362418841463653e-07,-0.05933138132867455,0.7812187812187812,-0.45579817899854513,0.319351307124251,7.70504856604731,-8.11835705033506,7253,False,0.10887614724501969,0.2487252829252995,13.88158909074525,1.1676302505847094,83.25433445881218,0.5124775954777333,7.753598906143286,0.06990210947194264,0.07638218668137323,26.58675832774255,-26.57820796895849,24673,False,0.16820752857369425,0.3170342502678558,17.732948047144752,0.4821474513832081,88.86301611010364,0.5150569448384874,9.671561201063017,0.10002837109390832,0.10002837109390832,28.75507674902843,-29.801241781372507,
NQ,discovery,A_relative_volume,10,0.8,low,False,0.04184182294294014,4.657757614438829e-06,0.008739957982115252,0.988011988011988,-0.7051301749335366,0.7914812480617172,11.225086209162452,-12.066005583192931,5276,False,0.34452948173195286,0.5475950876732139,21.929904226166077,6.767587098681432,223.14313063906096,0.5212282031842305,11.528023005709503,0.0712661106899166,0.08150113722517058,40.568258148916726,-38.53687644747807,12336,False,0.3357895237498376,0.5717117628978308,24.889522713093932,-0.17883898981115579,65.08740414992332,0.5223735408560312,14.06367909546769,0.10003242542153049,0.10003242542153049,41.39366279726513,-43.18564553962045,
NQ,discovery,A_relative_volume,20,0.8,low,False,0.04144509145957941,0.0007625308692950263,-0.17530054162892436,0.8281718281718282,-1.6911159532073905,1.2544244203646537,16.897882496487185,-18.47236253575512,3619,False,0.49581865124313684,1.0382538876840819,34.14214863675865,2.9843598065809918,106.4251721213423,0.5294280187897209,17.50686508976544,0.07129041171594364,0.08372478585244543,62.99222750168836,-59.7746153758556,6168,False,0.6711191928720612,1.2623453529603257,35.095177538719696,0.584443631442263,47.86055552780399,0.5290207522697795,20.231267759469397,0.10003242542153049,0.10003242542153049,59.176443385116784,-61.71274280665517,
NQ,discovery,A_relative_volume,40,0.8,low,False,0.02401782909069566,0.4316002507538793,0.1613246926383352,0.916083916083916,-2.3289635319935598,2.628320162838991,25.60892490279977,-27.663942370367167,2254,False,1.5059900614317105,2.0242490716404493,48.26926602648327,2.956288801893974,82.66073220146762,0.5399290150842946,26.969695631489053,0.0834072759538598,0.08207630878438332,85.4425925138472,-88.81591019295045,3084,False,1.3446653687933754,1.7633807130235102,50.12242882130176,0.47560870279670286,24.485332018128386,0.5317769130998703,29.757023031007893,0.10019455252918288,0.10019455252918288,86.8486115599544,-87.64425663980741,
NQ,discovery,A_relative_volume,60,0.8,low,False,0.020361872265886937,0.823979716928783,0.18747511254540578,0.919080919080919,-3.6929502665980007,3.8864953979971673,34.007969704854204,-35.9150969058012,1706,False,2.2101062570982983,2.187761528587018,59.120416188421046,1.0928575866558456,35.000381593796135,0.5328253223915592,35.431386527694194,0.08675263774912075,0.08382180539273154,108.22636550402882,-108.21748302649102,2056,False,2.022631144552893,3.0500267351840638,62.3354690141072,0.7554548534674547,33.5827669073289,0.5389105058365758,37.794101015740914,0.10019455252918288,0.10019455252918288,107.62067242596126,-109.25439764939047,
NQ,discovery,A_relative_volume,100,0.8,low,False,0.04196231539636734,0.2545124500318401,0.30911666887001676,0.916083916083916,-6.350118043152156,7.233726578532619,46.99256852749484,-50.600119167829085,1075,False,3.6384493971715326,4.785897555203977,86.32826373520103,3.536384641553605,68.92916693467917,0.5432558139534883,49.673822853871634,0.10511627906976745,0.09674418604651162,138.83416347019912,-144.85677821305845,1233,False,3.329332728301516,6.308523929097198,80.02145911743689,0.9518419849001526,24.96622027478707,0.5587996755879967,49.94145745504305,0.10056772100567721,0.10056772100567721,134.74604740603309,-144.44673733071238,
NQ,discovery,A_relative_volume,5,0.9,high,False,0.02407038776335746,0.00868312884886584,-0.18451417298084247,0.5044955044955045,-0.7410294908703123,0.4174747216590896,10.719386960151214,-11.565581662184483,5776,False,-0.016306644407148237,0.4408788515530837,20.730266683139615,0.07070839236238634,76.83626194207422,0.5157548476454293,11.106818888918022,0.11132271468144045,0.11443905817174516,30.802465869163502,-32.89297544407666,24673,False,0.16820752857369425,0.3170342502678558,17.732948047144752,0.4821474513832081,88.86301611010364,0.5150569448384874,9.671561201063017,0.10002837109390832,0.10002837109390832,28.75507674902843,-29.801241781372507,
NQ,discovery,A_relative_volume,10,0.9,high,False,0.013365346610498513,0.597954782243312,0.41936513610668347,0.37462537462537465,-0.5617603809218198,1.3599364043609576,14.783009861277018,-15.47671679213695,4453,False,0.7551546598565211,0.6990807088680384,28.966907495664366,4.576095355150999,102.44626052144176,0.5243655962272625,15.11431020115946,0.10644509319559847,0.1068942286099259,45.93930949091691,-43.7124875466027,12336,False,0.3357895237498376,0.5717117628978308,24.889522713093932,-0.17883898981115579,65.08740414992332,0.5223735408560312,14.06367909546769,0.10003242542153049,0.10003242542153049,41.39366279726513,-43.18564553962045,
NQ,discovery,A_relative_volume,20,0.9,high,False,0.01892096358511143,0.42552713214330057,-0.1020993257410031,0.8911088911088911,-1.6104816330698128,1.5897159589781873,20.697820839368966,-22.237790420284927,3242,False,0.5690198671310581,1.7108953666589155,39.17705189764925,0.15332924563709927,51.00482312102826,0.5434916718075262,21.377334731467048,0.1014805675508945,0.10857495373226403,62.06334280645043,-64.31293431583491,6168,False,0.6711191928720612,1.2623453529603257,35.095177538719696,0.584443631442263,47.86055552780399,0.5290207522697795,20.231267759469397,0.10003242542153049,0.10003242542153049,59.176443385116784,-61.71274280665517,
NQ,discovery,A_relative_volume,40,0.9,high,False,0.019256001052651364,0.7381156623764704,-0.06459508693420829,0.9630369630369631,-3.1476719342714787,2.848514769859321,29.184712626198046,-31.339382710198382,2070,False,1.280070281859167,2.1573205145097862,52.4677119272372,1.7840093655745284,55.99540330493625,0.5420289855072464,30.112424196315438,0.09565217391304348,0.09951690821256039,88.98765267880552,-90.01193820910551,3084,False,1.3446653687933754,1.7633807130235102,50.12242882130176,0.47560870279670286,24.485332018128386,0.5317769130998703,29.757023031007893,0.10019455252918288,0.10019455252918288,86.8486115599544,-87.64425663980741,
NQ,discovery,A_relative_volume,60,0.9,high,False,0.022126083691719572,0.7598504984667014,1.0442191488104673,0.5934065934065934,-3.1885405358722183,4.850906573978039,36.95222898973849,-39.32810601795369,1596,False,3.06685029336336,3.7626204709095834,64.04687403960948,2.2749358290176285,43.67784171704184,0.5476190476190477,38.56919637076631,0.10025062656641603,0.09649122807017543,111.31512705741696,-112.17771793308017,2056,False,2.022631144552893,3.0500267351840638,62.3354690141072,0.7554548534674547,33.5827669073289,0.5389105058365758,37.794101015740914,0.10019455252918288,0.10019455252918288,107.62067242596126,-109.25439764939047,
NQ,discovery,A_relative_volume,100,0.9,high,False,0.026160596430999612,0.8218267636617216,1.0502827256200369,0.7722277722277723,-5.555274912153575,7.84582178092691,48.82745249815989,-51.08398304157874,1039,False,4.379615453921553,6.069529836234544,81.79750790013108,-0.32396493842340524,26.192371283689205,0.5572666025024061,50.30133333991513,0.10875842155919153,0.08854667949951876,131.92324528965793,-152.2097842772231,1233,False,3.329332728301516,6.308523929097198,80.02145911743689,0.9518419849001526,24.96622027478707,0.5587996755879967,49.94145745504305,0.10056772100567721,0.10056772100567721,134.74604740603309,-144.44673733071238,
NQ,discovery,A_relative_volume,5,0.9,low,False,0.07182851024973835,6.512108650179701e-12,-0.35764073283666026,0.2917082917082917,-0.8305507200879273,0.10058979009966122,6.521010356207287,-7.090725728131534,2851,False,-0.18943320426296603,0.1374986250146648,11.03040945445101,-0.944975394428342,27.20898013571605,0.5092949842160646,6.533248762981471,0.049456331111890565,0.06068046299544019,24.024640923255507,-25.900941898176338,24673,False,0.16820752857369425,0.3170342502678558,17.732948047144752,0.4821474513832081,88.86301611010364,0.5150569448384874,9.671561201063017,0.10002837109390832,0.10002837109390832,28.75507674902843,-29.801241781372507,
NQ,discovery,A_relative_volume,10,0.9,low,False,0.07796700809049806,5.799452569082888e-11,-0.11687108925065608,0.8111888111888111,-0.8996820268199047,0.6693476865235243,9.731998226803217,-10.253917119359057,2372,False,0.21891843449918155,0.3778717189273362,16.95629880572384,-0.9153020983419466,44.63066140623768,0.5206576728499157,9.385748903819303,0.051011804384485666,0.05311973018549747,38.66408272504022,-39.00792093227408,12336,False,0.3357895237498376,0.5717117628978308,24.889522713093932,-0.17883898981115579,65.08740414992332,0.5223735408560312,14.06367909546769,0.10003242542153049,0.10003242542153049,41.39366279726513,-43.18564553962045,
NQ,discovery,A_relative_volume,20,0.9,low,False,0.07172905856806411,4.490085275093306e-07,-0.1464379019880157,0.8781218781218781,-1.7080945425889575,1.3459805623687708,14.36036729711851,-15.544638200760259,1949,False,0.5246812908840455,1.279549598540708,28.00443499659259,-1.6537020447791801,79.61308372082604,0.5464340687532068,14.807511221958812,0.053873781426372495,0.06567470497691123,58.63704364226761,-56.402609830401666,6168,False,0.6711191928720612,1.2623453529603257,35.095177538719696,0.584443631442263,47.86055552780399,0.5290207522697795,20.231267759469397,0.10003242542153049,0.10003242542153049,59.176443385116784,-61.71274280665517,
NQ,discovery,A_relative_volume,40,0.9,low,False,0.0591289049065892,0.002508602686785277,-0.9983693243638327,0.5104895104895105,-3.708596844203779,1.6836552818992454,21.86481519907925,-23.934997011232515,1369,False,0.34629604442954265,1.8746485034060179,41.18804337867426,-1.2773318712482333,25.68655908539489,0.5412710007304602,23.05343681423633,0.06281957633308985,0.06574141709276844,78.36194489784991,-92.53101360993604,3084,False,1.3446653687933754,1.7633807130235102,50.12242882130176,0.47560870279670286,24.485332018128386,0.5317769130998703,29.757023031007893,0.10019455252918288,0.10019455252918288,86.8486115599544,-87.64425663980741,
NQ,discovery,A_relative_volume,60,0.9,low,False,0.03924533658422538,0.19558561940295632,-0.9408946260361205,0.6773226773226774,-4.946313947818303,2.8068288017287357,29.720124215029152,-33.22210354876201,1165,False,1.0817365185167722,2.2702441931410355,52.01902772410353,-0.03180854873715098,11.626927700164284,0.5364806866952789,32.2777508728002,0.06781115879828326,0.08326180257510729,107.63066178412724,-104.30825652881424,2056,False,2.022631144552893,3.0500267351840638,62.3354690141072,0.7554548534674547,33.5827669073289,0.5389105058365758,37.794101015740914,0.10019455252918288,0.10019455252918288,107.62067242596126,-109.25439764939047,
NQ,discovery,A_relative_volume,100,0.9,low,False,0.04850318966364989,0.20723244129642443,-1.4023532186914032,0.6803196803196803,-8.554241650557755,5.5618707719822265,40.00299198773155,-45.001028492936584,767,False,1.9269795096101128,4.785897555203977,69.50104207458796,-0.44624555688536843,8.11413184197954,0.5554106910039114,43.8759563673794,0.07561929595827901,0.08604954367666232,132.2852892696111,-145.5355500673754,1233,False,3.329332728301516,6.308523929097198,80.02145911743689,0.9518419849001526,24.96622027478707,0.5587996755879967,49.94145745504305,0.10056772100567721,0.10056772100567721,134.74604740603309,-144.44673733071238,
NQ,discovery,A_relative_volume,5,0.95,high,False,0.045173829294650664,9.036223176246987e-06,-0.2920926643967415,0.36863136863136864,-1.0249964133653457,0.49590425062216087,12.192994325596542,-12.993472194611497,3424,False,-0.12388513582304723,0.2444212513119659,22.059453719452776,1.181747579582254,29.703492872364436,0.5064252336448598,12.5069592184032,0.12908878504672897,0.13639018691588786,32.209249984270905,-33.31042054980635,24673,False,0.16820752857369425,0.3170342502678558,17.732948047144752,0.4821474513832081,88.86301611010364,0.5150569448384874,9.671561201063017,0.10002837109390832,0.10002837109390832,28.75507674902843,-29.801241781372507,
NQ,discovery,A_relative_volume,10,0.95,high,False,0.029805215939792185,0.029280242993389716,0.25580682361761353,0.6453546453546454,-0.9904673675121418,1.4637816668704877,16.10507049367624,-17.07705600773031,2927,False,0.5915963473674511,0.4093327875565045,31.902144563492584,3.643468577372008,77.76531085359468,0.5114451656986676,16.762875395369424,0.11855141783395969,0.11855141783395969,48.11583611609831,-46.43619372889012,12336,False,0.3357895237498376,0.5717117628978308,24.889522713093932,-0.17883898981115579,65.08740414992332,0.5223735408560312,14.06367909546769,0.10003242542153049,0.10003242542153049,41.39366279726513,-43.18564553962045,
NQ,discovery,A_relative_volume,20,0.95,high,False,0.02493584957900514,0.23407386236173305,-0.3919191145819714,0.6613386613386614,-2.271392864161679,1.3178601413777347,21.919887947435683,-23.79395037758538,2361,False,0.27920007829008986,1.6301144841945892,40.180657881498576,-0.46005472993412,25.544346189986637,0.5362134688691232,22.966248188993248,0.11181702668360864,0.11944091486658195,63.53108496793427,-65.53965493126398,6168,False,0.6711191928720612,1.2623453529603257,35.095177538719696,0.584443631442263,47.86055552780399,0.5290207522697795,20.231267759469397,0.10003242542153049,0.10003242542153049,59.176443385116784,-61.71274280665517,
NQ,discovery,A_relative_volume,40,0.95,high,False,0.01615134489739021,0.9304589828034836,0.3707907019130088,0.8291708291708292,-2.5361240613371927,3.4706139127018094,30.459545466605892,-32.44159815179675,1712,False,1.7154560707063842,1.6152566469418428,54.70036950307774,1.2567598855526996,29.4527365468222,0.5315420560747663,31.592469904701566,0.10689252336448599,0.10163551401869159,91.73638007139313,-93.43429727141425,3084,False,1.3446653687933754,1.7633807130235102,50.12242882130176,0.47560870279670286,24.485332018128386,0.5317769130998703,29.757023031007893,0.10019455252918288,0.10019455252918288,86.8486115599544,-87.64425663980741,
NQ,discovery,A_relative_volume,60,0.95,high,False,0.021380177709000813,0.8318186078614198,0.2811453025741619,0.9010989010989011,-3.9332622734859983,4.332926148388648,37.0956593024361,-41.823805981860374,1393,False,2.3037764471270545,3.0929704248028322,65.6146372123693,2.2747901481368866,40.43099862936605,0.5412778176597272,39.57039910966565,0.10696338837042355,0.1048097631012204,109.39193263602081,-113.02638974313722,2056,False,2.022631144552893,3.0500267351840638,62.3354690141072,0.7554548534674547,33.5827669073289,0.5389105058365758,37.794101015740914,0.10019455252918288,0.10019455252918288,107.62067242596126,-109.25439764939047,
NQ,discovery,A_relative_volume,100,0.95,high,False,0.03180396246089677,0.6435597792140803,-0.6989847143373985,0.8511488511488512,-7.871889082851106,5.956048567255334,48.55699580822023,-51.244521673185055,924,False,2.630348013964117,4.57864771489791,78.1903136805799,0.08195317556566127,9.537185635150754,0.5432900432900433,51.194103647240716,0.11038961038961038,0.10822510822510822,132.04733558468226,-137.56868477698885,1233,False,3.329332728301516,6.308523929097198,80.02145911743689,0.9518419849001526,24.96622027478707,0.5587996755879967,49.94145745504305,0.10056772100567721,0.10056772100567721,134.74604740603309,-144.44673733071238,
NQ,discovery,A_relative_volume,5,0.95,low,False,0.062317121370342884,0.0008022809466856599,0.23431879406521092,0.6663336663336663,-0.4840874758956025,1.0027293373590707,7.051531403365553,-7.059584513634685,1043,False,0.40252632263890514,0.44194988288337456,11.310773054149278,0.26543938694035357,14.606421072093095,0.5263662511984659,6.8146291351991835,0.05752636625119847,0.058485139022051776,25.98865362428367,-25.686809875159785,24673,False,0.16820752857369425,0.3170342502678558,17.732948047144752,0.4821474513832081,88.86301611010364,0.5150569448384874,9.671561201063017,0.10002837109390832,0.10002837109390832,28.75507674902843,-29.801241781372507,
NQ,discovery,A_relative_volume,10,0.95,low,False,0.057574793698106974,0.006628456182395945,-0.31130484067743464,0.6963036963036963,-2.241686648115431,1.2611921062513014,10.746893296867405,-11.56569904881772,919,False,0.024484683072403004,0.3832641328638253,25.665135220671083,-7.55846501807816,143.05039628936052,0.5136017410228509,11.358002791369625,0.05984766050054407,0.06420021762785637,43.88014720826641,-49.10044493290431,12336,False,0.3357895237498376,0.5717117628978308,24.889522713093932,-0.17883898981115579,65.08740414992332,0.5223735408560312,14.06367909546769,0.10003242542153049,0.10003242542153049,41.39366279726513,-43.18564553962045,
NQ,discovery,A_relative_volume,20,0.95,low,False,0.05075187397623963,0.09758900519419285,-0.5758918174387965,0.6843156843156843,-3.5379661218214435,2.117171599290891,15.548983472408702,-17.32826284987186,639,False,0.09522737543326475,1.2653903096415675,33.723360644649176,-5.2194472671499685,84.0104999007438,0.5383411580594679,16.801790895034305,0.06416275430359937,0.07668231611893583,58.754854848390764,-64.48967665862571,6168,False,0.6711191928720612,1.2623453529603257,35.095177538719696,0.584443631442263,47.86055552780399,0.5290207522697795,20.231267759469397,0.10003242542153049,0.10003242542153049,59.176443385116784,-61.71274280665517,
NQ,discovery,A_relative_volume,40,0.95,low,False,0.06130835093909237,0.05803347306292734,-0.7487735289722386,0.7602397602397603,-4.650497269221135,2.9819772847969532,21.612726514003366,-24.11545922245869,547,False,0.5958918398211367,1.9706489230975066,42.7571396800729,-2.6463920851525518,28.234843995056565,0.5484460694698354,23.488474181895576,0.06581352833638025,0.0603290676416819,80.86893450328857,-103.73832515597243,3084,False,1.3446653687933754,1.7633807130235102,50.12242882130176,0.47560870279670286,24.485332018128386,0.5317769130998703,29.757023031007893,0.10019455252918288,0.10019455252918288,86.8486115599544,-87.64425663980741,
NQ,discovery,A_relative_volume,60,0.95,low,False,0.0790546685152884,0.010295580384946242,0.6696350217705788,0.8161838161838162,-3.9470171569214405,5.410487541049912,26.52279842020565,-28.492745508621212,522,False,2.6922661663234715,4.061133685485663,44.89921296157912,-1.2388782074024873,10.333885637773863,0.578544061302682,27.970151176514566,0.05555555555555555,0.05555555555555555,97.30433717128857,-111.0878625865029,2056,False,2.022631144552893,3.0500267351840638,62.3354690141072,0.7554548534674547,33.5827669073289,0.5389105058365758,37.794101015740914,0.10019455252918288,0.10019455252918288,107.62067242596126,-109.25439764939047,
NQ,discovery,A_relative_volume,100,0.95,low,False,0.09205975459801691,0.006037201631476328,-0.4351414425753824,0.9050949050949051,-7.020694718639515,6.5350194349555695,31.247544102711718,-34.27825746781727,465,False,2.8941912857261336,4.397215097105001,58.87721947782121,-1.6657028281801693,14.023720047311702,0.5634408602150538,34.97918357081633,0.047311827956989246,0.04516129032258064,137.88593183642683,-164.3867578532321,1233,False,3.329332728301516,6.308523929097198,80.02145911743689,0.9518419849001526,24.96622027478707,0.5587996755879967,49.94145745504305,0.10056772100567721,0.10056772100567721,134.74604740603309,-144.44673733071238,
NQ,discovery,B_divergence,5,,,False,0.10607212000282684,2.311736857257786e-05,0.7671777122598653,0.3356643356643357,-1.57491905266508,3.2210717164141136,14.319606455962111,-13.861235278330168,511,False,0.9353852408335596,1.171275636295821,26.183375929579825,-1.0533467340982356,29.78160768406196,0.5342465753424658,14.410471978529639,0.1780821917808219,0.16634050880626222,31.542124687692777,-31.237830705012293,24673,False,0.16820752857369425,0.3170342502678558,17.732948047144752,0.4821474513832081,88.86301611010364,0.5150569448384874,9.671561201063017,0.10002837109390832,0.10002837109390832,28.75507674902843,-29.801241781372507,low
NQ,discovery,B_divergence,10,,,False,0.06848348144246397,0.030174561240435493,-0.32220216711558325,0.7752247752247752,-3.2713548906896204,2.541387514299861,18.323736552994646,-19.656948088478558,458,False,0.013587356634254404,0.6011866551181022,33.03976145969254,-0.4513344828846271,16.9425119403627,0.519650655021834,18.940504869806816,0.15502183406113537,0.15938864628820962,43.120082156314325,-45.36231531889867,12336,False,0.3357895237498376,0.5717117628978308,24.889522713093932,-0.17883898981115579,65.08740414992332,0.5223735408560312,14.06367909546769,0.10003242542153049,0.10003242542153049,41.39366279726513,-43.18564553962045,low
NQ,discovery,B_divergence,20,,,False,0.04613605126120371,0.3855575651672278,-0.8121303971158353,0.6603396603396603,-5.024861158091982,3.052696078140588,23.88935682569327,-26.853261758748296,402,False,-0.14101120424377409,1.71209154684826,39.968004637158835,0.04280291827753746,10.202733627795487,0.5248756218905473,24.49198972428066,0.1318407960199005,0.1417910447761194,58.619543263214005,-63.345462062766146,6168,False,0.6711191928720612,1.2623453529603257,35.095177538719696,0.584443631442263,47.86055552780399,0.5290207522697795,20.231267759469397,0.10003242542153049,0.10003242542153049,59.176443385116784,-61.71274280665517,low
NQ,discovery,B_divergence,40,,,False,0.05571510921705474,0.23698138146119044,-1.7181395973877434,0.5464535464535465,-7.331891877548073,3.773200517209724,30.78712609582612,-37.055400782313406,378,False,-0.373474228594368,2.918566283500734,52.265893979858525,-0.847422463573053,8.126576644848704,0.5529100529100529,33.81362899832414,0.11904761904761904,0.12962962962962962,77.19485734744009,-91.04729856301441,3084,False,1.3446653687933754,1.7633807130235102,50.12242882130176,0.47560870279670286,24.485332018128386,0.5317769130998703,29.757023031007893,0.10019455252918288,0.10019455252918288,86.8486115599544,-87.64425663980741,low
NQ,discovery,B_divergence,60,,,False,0.04208950537682638,0.6508878210714168,-2.9453096700883004,0.4145854145854146,-9.43135179104118,3.35327744446202,35.61357066023537,-43.73386414595572,347,False,-0.9226785255354076,3.8156496143471053,59.018288032589794,-1.3902834906974708,8.42681779286148,0.5389048991354467,38.76682253287597,0.08645533141210375,0.10951008645533142,94.93890524735541,-112.08211402398246,2056,False,2.022631144552893,3.0500267351840638,62.3354690141072,0.7554548534674547,33.5827669073289,0.5389105058365758,37.794101015740914,0.10019455252918288,0.10019455252918288,107.62067242596126,-109.25439764939047,low
NQ,discovery,B_divergence,100,,,False,0.027566990275669903,0.9897560448294213,-1.0301945899547664,0.8571428571428571,-10.293761459455073,7.6872080909515015,43.18614341238779,-51.183469332982135,303,False,2.2991381383467493,5.4280958239849575,69.72373337413308,-1.052432432754851,5.858660710428516,0.570957095709571,46.366452167344875,0.0924092409240924,0.0858085808580858,119.34419666260378,-147.65943699516475,1233,False,3.329332728301516,6.308523929097198,80.02145911743689,0.9518419849001526,24.96622027478707,0.5587996755879967,49.94145745504305,0.10056772100567721,0.10056772100567721,134.74604740603309,-144.44673733071238,low
NQ,discovery,B_divergence,5,,,False,0.11142935538568721,3.5585178949574993e-32,-0.16138565830327373,0.6483516483516484,-1.109139636065633,0.7315275440011884,15.480391573178078,-16.955021098284153,3329,False,0.006821870270420513,0.6158621454166457,27.2021377179043,-0.5530530903694573,52.01188611590454,0.5154701111444878,15.961882151289846,0.19164914388705317,0.18323820967257434,31.3145795536729,-34.18115524739405,24673,False,0.16820752857369425,0.3170342502678558,17.732948047144752,0.4821474513832081,88.86301611010364,0.5150569448384874,9.671561201063017,0.10002837109390832,0.10002837109390832,28.75507674902843,-29.801241781372507,high
NQ,discovery,B_divergence,10,,,False,0.09174640070434814,2.362946511377508e-16,0.3821674575833176,0.5194805194805194,-1.0109167023049983,1.8961542306012387,20.632530925137814,-21.797982867337964,2634,False,0.7179569813331552,1.3236773733182883,37.55627581151815,2.1807350826185163,67.26775912800765,0.5322703113135915,21.223358628331404,0.17350037965072135,0.15793470007593013,45.622053423312394,-49.34432057183518,12336,False,0.3357895237498376,0.5717117628978308,24.889522713093932,-0.17883898981115579,65.08740414992332,0.5223735408560312,14.06367909546769,0.10003242542153049,0.10003242542153049,41.39366279726513,-43.18564553962045,high
NQ,discovery,B_divergence,20,,,False,0.09128869649489564,1.2691055244057787e-11,0.07467810662927006,0.9330669330669331,-2.261684682353144,2.296922489831278,27.052903766593168,-29.617768911687925,2053,False,0.7457972995013312,2.186748305270658,47.621026508017096,-0.6650331747502765,41.34230307669129,0.5426205552849489,28.112194964996096,0.15586945932781296,0.1568436434486118,61.0973570633506,-66.64031105934657,6168,False,0.6711191928720612,1.2623453529603257,35.095177538719696,0.584443631442263,47.86055552780399,0.5290207522697795,20.231267759469397,0.10003242542153049,0.10003242542153049,59.176443385116784,-61.71274280665517,high
NQ,discovery,B_divergence,40,,,False,0.05829425193068425,0.002390699526112748,0.4154762179844708,0.8241758241758241,-3.10905701870926,4.021624393684657,36.64760306562156,-39.424280733139966,1442,False,1.760141586777846,3.2441979361985673,62.81635598048705,1.1637971323100618,39.75719415598186,0.544382801664355,37.505872527239596,0.14147018030513175,0.13453536754507628,89.25686175622853,-93.0177547719138,3084,False,1.3446653687933754,1.7633807130235102,50.12242882130176,0.47560870279670286,24.485332018128386,0.5317769130998703,29.757023031007893,0.10019455252918288,0.10019455252918288,86.8486115599544,-87.64425663980741,high
NQ,discovery,B_divergence,60,,,False,0.05334566562480066,0.024462018523909897,1.5067222393441324,0.5564435564435565,-3.781321533047227,6.369656889772215,41.94599290800209,-46.43693344866648,1220,False,3.5293533838970252,4.77227475461417,71.83161394978823,1.3236946968454844,28.791880695119907,0.5631147540983606,43.81429949336271,0.12704918032786885,0.1180327868852459,111.5401337712401,-114.473826577728,2056,False,2.022631144552893,3.0500267351840638,62.3354690141072,0.7554548534674547,33.5827669073289,0.5389105058365758,37.794101015740914,0.10019455252918288,0.10019455252918288,107.62067242596126,-109.25439764939047,high
NQ,discovery,B_divergence,100,,,False,0.04498013814117441,0.2605513722233317,0.3701292346485846,0.9170829170829171,-7.712786720020734,7.667914709701359,55.06869512926166,-60.15044991931184,823,False,3.6994619629501004,7.688693349279241,97.16017602469358,0.05636744919540548,29.34183137898293,0.5662211421628189,58.207271824477694,0.12636695018226002,0.12150668286755771,140.96250109811717,-153.64773249972436,1233,False,3.329332728301516,6.308523929097198,80.02145911743689,0.9518419849001526,24.96622027478707,0.5587996755879967,49.94145745504305,0.10056772100567721,0.10056772100567721,134.74604740603309,-144.44673733071238,high
