{"timestamp": null, "level": null, "name": "Errors", "message": "Error in LSTM prediction: This MinMaxScaler instance is not fitted yet. Call 'fit' with appropriate arguments before using this estimator."}
{"timestamp": null, "level": null, "name": "Errors", "message": "NewsAPI error: 401"}
{"timestamp": null, "level": null, "name": "Errors", "message": "Error in LSTM prediction: This MinMaxScaler instance is not fitted yet. Call 'fit' with appropriate arguments before using this estimator."}
{"timestamp": null, "level": null, "name": "Errors", "message": "NewsAPI error: 401"}
{"timestamp": null, "level": null, "name": "Errors", "message": "Error in LSTM prediction: This MinMaxScaler instance is not fitted yet. Call 'fit' with appropriate arguments before using this estimator."}
{"timestamp": null, "level": null, "name": "Errors", "message": "NewsAPI error: 401"}
{"timestamp": null, "level": null, "name": "Errors", "message": "NewsAPI error: 401"}
{"timestamp": null, "level": null, "name": "Errors", "message": "NewsAPI error: 401"}
{"timestamp": null, "level": null, "name": "Errors", "message": "NewsAPI error: 401"}
{"timestamp": null, "level": null, "name": "Errors", "message": "NewsAPI error: 401"}
{"timestamp": null, "level": null, "name": "Errors", "message": "NewsAPI error: 401"}
{"timestamp": null, "level": null, "name": "Errors", "message": "NewsAPI error: 401"}
{"timestamp": null, "level": null, "name": "Errors", "message": "yfinance error for EUR/USD: Impersonating chrome136 is not supported"}
{"timestamp": null, "level": null, "name": "Errors", "message": "yfinance error for GBP/USD: Impersonating chrome136 is not supported"}
{"timestamp": null, "level": null, "name": "Errors", "message": "Error in LSTM prediction: X has 1 features, but MinMaxScaler is expecting 6 features as input."}
{"timestamp": null, "level": null, "name": "Errors", "message": "NewsAPI error: 401"}
{"timestamp": null, "level": null, "name": "Errors", "message": "Error in LSTM prediction: X has 1 features, but MinMaxScaler is expecting 6 features as input."}
{"timestamp": null, "level": null, "name": "Errors", "message": "NewsAPI error: 401"}
{"timestamp": null, "level": null, "name": "Errors", "message": "Error in LSTM prediction: X has 1 features, but MinMaxScaler is expecting 6 features as input."}
{"timestamp": null, "level": null, "name": "Errors", "message": "NewsAPI error: 401"}
{"timestamp": null, "level": null, "name": "Errors", "message": "NewsAPI error: 401"}
{"timestamp": null, "level": null, "name": "Errors", "message": "NewsAPI error: 401"}
{"timestamp": null, "level": null, "name": "Errors", "message": "NewsAPI error: 401"}
{"timestamp": null, "level": null, "name": "Errors", "message": "NewsAPI error: 401"}
{"timestamp": null, "level": null, "name": "Errors", "message": "NewsAPI error: 401"}
{"timestamp": null, "level": null, "name": "Errors", "message": "NewsAPI error: 401"}
{"timestamp": null, "level": null, "name": "Errors", "message": "NewsAPI error: 401"}
{"timestamp": null, "level": null, "name": "Errors", "message": "NewsAPI error: 401"}
{"timestamp": null, "level": null, "name": "Errors", "message": "NewsAPI error: 401"}
{"timestamp": null, "level": null, "name": "Errors", "message": "NewsAPI error: 401"}
{"timestamp": null, "level": null, "name": "Errors", "message": "NewsAPI error: 401"}
{"timestamp": null, "level": null, "name": "Errors", "message": "NewsAPI error: 401"}
{"timestamp": null, "level": null, "name": "Errors", "message": "Error in LSTM prediction: object of type 'NoneType' has no len()"}
{"timestamp": null, "level": null, "name": "Errors", "message": "Relay POST /order failed: 400 Client Error: Bad Request for url: https://unmaddened-perkingly-reyna.ngrok-free.dev/order"}
{"timestamp": null, "level": null, "name": "Errors", "message": "Relay order failed for EUR/USD: None"}
{"timestamp": null, "level": null, "name": "Errors", "message": "Relay POST /order failed: 400 Client Error: Bad Request for url: https://unmaddened-perkingly-reyna.ngrok-free.dev/order"}
{"timestamp": null, "level": null, "name": "Errors", "message": "Relay order failed for GBP/USD: None"}
{"timestamp": null, "level": null, "name": "Errors", "message": "Relay POST /order failed: 400 Client Error: Bad Request for url: https://unmaddened-perkingly-reyna.ngrok-free.dev/order"}
{"timestamp": null, "level": null, "name": "Errors", "message": "Relay order failed for USD/JPY: None"}
{"timestamp": null, "level": null, "name": "Errors", "message": "Relay POST /order failed: 400 Client Error: Bad Request for url: https://unmaddened-perkingly-reyna.ngrok-free.dev/order"}
{"timestamp": null, "level": null, "name": "Errors", "message": "Relay order failed for USD/JPY: None"}
{"timestamp": null, "level": null, "name": "Errors", "message": "Relay POST /order failed (400): {'error': 'Order failed: No money (retcode=10019)'}"}
{"timestamp": null, "level": null, "name": "Errors", "message": "Relay order failed for EUR/USD: None"}
{"timestamp": null, "level": null, "name": "Errors", "message": "Relay POST /order failed (400): {'error': 'Order failed: No money (retcode=10019)'}"}
{"timestamp": null, "level": null, "name": "Errors", "message": "Relay order failed for USD/JPY: None"}
{"timestamp": null, "level": null, "name": "Errors", "message": "Relay POST /order failed: 400 Client Error: Bad Request for url: https://unmaddened-perkingly-reyna.ngrok-free.dev/order"}
{"timestamp": null, "level": null, "name": "Errors", "message": "Relay order failed for EUR/USD: None"}
{"timestamp": null, "level": null, "name": "Errors", "message": "Relay POST /order failed (400): {'error': 'Order failed: Invalid stops (retcode=10016)'}"}
{"timestamp": null, "level": null, "name": "Errors", "message": "Relay POST /order failed (400): {'error': 'Order failed: Invalid stops (retcode=10016)'}"}
{"timestamp": null, "level": null, "name": "Errors", "message": "Relay order failed for USD/JPY: None"}
{"timestamp": null, "level": null, "name": "Errors", "message": "Relay order failed for USD/JPY: None"}
{"timestamp": null, "level": null, "name": "Errors", "message": "Relay POST /order failed (400): {'error': 'Order failed: Invalid stops (retcode=10016)'}"}
{"timestamp": null, "level": null, "name": "Errors", "message": "Relay order failed for EUR/USD: None"}
{"timestamp": null, "level": null, "name": "Errors", "message": "Relay POST /order failed (400): {'error': 'Order failed: Invalid stops (retcode=10016)'}"}
{"timestamp": null, "level": null, "name": "Errors", "message": "Relay order failed for EUR/USD: None"}
{"timestamp": null, "level": null, "name": "Errors", "message": "Relay POST /order failed (400): {'error': 'Order failed: Invalid stops (retcode=10016)'}"}
{"timestamp": null, "level": null, "name": "Errors", "message": "Relay order failed for USD/JPY: None"}
{"timestamp": null, "level": null, "name": "Errors", "message": "Relay POST /order failed (400): {'error': 'Order failed: Invalid stops (retcode=10016)'}"}
{"timestamp": null, "level": null, "name": "Errors", "message": "Relay order failed for USD/JPY: None"}
{"timestamp": null, "level": null, "name": "Errors", "message": "Relay POST /order failed (400): {'error': 'Order failed: Invalid stops (retcode=10016)'}"}
{"timestamp": null, "level": null, "name": "Errors", "message": "Relay order failed for EUR/USD: None"}
{"timestamp": null, "level": null, "name": "Errors", "message": "Relay POST /order failed (400): {'error': 'Order failed: Invalid stops (retcode=10016)'}"}
{"timestamp": null, "level": null, "name": "Errors", "message": "Relay order failed for USD/JPY: None"}
{"timestamp": null, "level": null, "name": "Errors", "message": "Relay POST /order failed (400): {'error': 'Order failed: No money (retcode=10019)'}"}
{"timestamp": null, "level": null, "name": "Errors", "message": "Relay order failed for EUR/USD: None"}
{"timestamp": null, "level": null, "name": "Errors", "message": "Relay POST /order failed (400): {'error': 'Order failed: No money (retcode=10019)'}"}
{"timestamp": null, "level": null, "name": "Errors", "message": "Relay order failed for USD/JPY: None"}
{"timestamp": null, "level": null, "name": "Errors", "message": "Relay POST /order failed (400): {'error': 'Order failed: No money (retcode=10019)'}"}
{"timestamp": null, "level": null, "name": "Errors", "message": "Relay order failed for EUR/USD: None"}
{"timestamp": null, "level": null, "name": "Errors", "message": "Relay POST /order failed (400): {'error': 'Order failed: No money (retcode=10019)'}"}
{"timestamp": null, "level": null, "name": "Errors", "message": "Relay order failed for GBP/USD: None"}
{"timestamp": null, "level": null, "name": "Errors", "message": "Relay POST /order failed (400): {'error': 'Order failed: No money (retcode=10019)'}"}
{"timestamp": null, "level": null, "name": "Errors", "message": "Relay order failed for EUR/USD: None"}
{"timestamp": null, "level": null, "name": "Errors", "message": "Relay POST /order failed (400): {'error': 'Order failed: No money (retcode=10019)'}"}
{"timestamp": null, "level": null, "name": "Errors", "message": "Relay order failed for USD/JPY: None"}
{"timestamp": null, "level": null, "name": "Errors", "message": "Relay POST /order failed (400): {'error': 'Order failed: No money (retcode=10019)'}"}
{"timestamp": null, "level": null, "name": "Errors", "message": "Relay order failed for GBP/USD: None"}
{"timestamp": null, "level": null, "name": "Errors", "message": "Relay POST /order failed (400): {'error': 'Order failed: No money (retcode=10019)'}"}
{"timestamp": null, "level": null, "name": "Errors", "message": "Relay order failed for USD/JPY: None"}
{"timestamp": null, "level": null, "name": "Errors", "message": "Relay POST /order failed (400): {'error': 'Order failed: No money (retcode=10019)'}"}
{"timestamp": null, "level": null, "name": "Errors", "message": "Relay order failed for GBP/USD: None"}
{"timestamp": null, "level": null, "name": "Errors", "message": "Relay POST /order failed (400): {'error': 'Order failed: No money (retcode=10019)'}"}
{"timestamp": null, "level": null, "name": "Errors", "message": "Relay order failed for USD/JPY: None"}
{"timestamp": null, "level": null, "name": "Errors", "message": "Relay GET /account failed: 502 Server Error: Bad Gateway for url: https://unmaddened-perkingly-reyna.ngrok-free.dev/account"}
{"timestamp": null, "level": null, "name": "Errors", "message": "Relay GET /positions failed: 502 Server Error: Bad Gateway for url: https://unmaddened-perkingly-reyna.ngrok-free.dev/positions"}
{"timestamp": null, "level": null, "name": "Errors", "message": "Relay GET /candles failed: 502 Server Error: Bad Gateway for url: https://unmaddened-perkingly-reyna.ngrok-free.dev/candles?pair=EUR%2FUSD&timeframe=5&count=100"}
{"timestamp": null, "level": null, "name": "Errors", "message": "Relay candles failed for EUR/USD: None"}
{"timestamp": null, "level": null, "name": "Errors", "message": "Relay GET /candles failed: 502 Server Error: Bad Gateway for url: https://unmaddened-perkingly-reyna.ngrok-free.dev/candles?pair=USD%2FJPY&timeframe=5&count=100"}
{"timestamp": null, "level": null, "name": "Errors", "message": "Relay candles failed for USD/JPY: None"}
{"timestamp": null, "level": null, "name": "Errors", "message": "Relay POST /order failed (400): {'error': 'Order failed: No money (retcode=10019)'}"}
{"timestamp": null, "level": null, "name": "Errors", "message": "Relay order failed for GBP/USD: None"}
{"timestamp": null, "level": null, "name": "Errors", "message": "Relay GET /account failed: 502 Server Error: Bad Gateway for url: https://unmaddened-perkingly-reyna.ngrok-free.dev/account"}
{"timestamp": null, "level": null, "name": "Errors", "message": "Relay GET /positions failed: 502 Server Error: Bad Gateway for url: https://unmaddened-perkingly-reyna.ngrok-free.dev/positions"}
{"timestamp": null, "level": null, "name": "Errors", "message": "Relay GET /account failed: 502 Server Error: Bad Gateway for url: https://unmaddened-perkingly-reyna.ngrok-free.dev/account"}
{"timestamp": null, "level": null, "name": "Errors", "message": "Relay GET /positions failed: 502 Server Error: Bad Gateway for url: https://unmaddened-perkingly-reyna.ngrok-free.dev/positions"}
{"timestamp": null, "level": null, "name": "Errors", "message": "Relay GET /account failed: 502 Server Error: Bad Gateway for url: https://unmaddened-perkingly-reyna.ngrok-free.dev/account"}
{"timestamp": null, "level": null, "name": "Errors", "message": "Relay GET /positions failed: 502 Server Error: Bad Gateway for url: https://unmaddened-perkingly-reyna.ngrok-free.dev/positions"}
{"timestamp": null, "level": null, "name": "Errors", "message": "Relay POST /order failed (400): {'error': 'Order failed: AutoTrading disabled by client (retcode=10027)'}"}
{"timestamp": null, "level": null, "name": "Errors", "message": "Relay order failed for USD/JPY: None"}
{"timestamp": null, "level": null, "name": "Errors", "message": "Relay POST /order failed (400): {'error': 'Order failed: AutoTrading disabled by client (retcode=10027)'}"}
{"timestamp": null, "level": null, "name": "Errors", "message": "Relay order failed for EUR/USD: None"}
{"timestamp": null, "level": null, "name": "Errors", "message": "Relay POST /order failed (400): {'error': 'Order failed: AutoTrading disabled by client (retcode=10027)'}"}
{"timestamp": null, "level": null, "name": "Errors", "message": "Relay order failed for GBP/USD: None"}
{"timestamp": null, "level": null, "name": "Errors", "message": "NewsAPI error: 429"}
{"timestamp": null, "level": null, "name": "Errors", "message": "NewsAPI error: 429"}
{"timestamp": null, "level": null, "name": "Errors", "message": "NewsAPI error: 429"}
{"timestamp": null, "level": null, "name": "Errors", "message": "NewsAPI error: 429"}
{"timestamp": null, "level": null, "name": "Errors", "message": "NewsAPI error: 429"}
{"timestamp": null, "level": null, "name": "Errors", "message": "NewsAPI error: 429"}
{"timestamp": null, "level": null, "name": "Errors", "message": "NewsAPI error: 429"}
{"timestamp": null, "level": null, "name": "Errors", "message": "NewsAPI error: 429"}
{"timestamp": null, "level": null, "name": "Errors", "message": "NewsAPI error: 429"}
{"timestamp": null, "level": null, "name": "Errors", "message": "NewsAPI error: 429"}
{"timestamp": null, "level": null, "name": "Errors", "message": "NewsAPI error: 429"}
{"timestamp": null, "level": null, "name": "Errors", "message": "NewsAPI error: 429"}
{"timestamp": null, "level": null, "name": "Errors", "message": "NewsAPI error: 429"}
{"timestamp": null, "level": null, "name": "Errors", "message": "NewsAPI error: 429"}
{"timestamp": null, "level": null, "name": "Errors", "message": "NewsAPI error: 429"}
{"timestamp": null, "level": null, "name": "Errors", "message": "NewsAPI error: 429"}
{"timestamp": null, "level": null, "name": "Errors", "message": "NewsAPI error: 429"}
{"timestamp": null, "level": null, "name": "Errors", "message": "NewsAPI error: 429"}
{"timestamp": null, "level": null, "name": "Errors", "message": "NewsAPI error: 429"}
{"timestamp": null, "level": null, "name": "Errors", "message": "NewsAPI error: 429"}
{"timestamp": null, "level": null, "name": "Errors", "message": "NewsAPI error: 429"}
{"timestamp": null, "level": null, "name": "Errors", "message": "NewsAPI error: 429"}
{"timestamp": null, "level": null, "name": "Errors", "message": "NewsAPI error: 429"}
{"timestamp": null, "level": null, "name": "Errors", "message": "NewsAPI error: 429"}
{"timestamp": null, "level": null, "name": "Errors", "message": "NewsAPI error: 429"}
{"timestamp": null, "level": null, "name": "Errors", "message": "NewsAPI error: 429"}
{"timestamp": null, "level": null, "name": "Errors", "message": "NewsAPI error: 429"}
{"timestamp": null, "level": null, "name": "Errors", "message": "NewsAPI error: 429"}
{"timestamp": null, "level": null, "name": "Errors", "message": "NewsAPI error: 429"}
{"timestamp": null, "level": null, "name": "Errors", "message": "NewsAPI error: 429"}
{"timestamp": null, "level": null, "name": "Errors", "message": "NewsAPI error: 429"}
{"timestamp": null, "level": null, "name": "Errors", "message": "NewsAPI error: 429"}
{"timestamp": null, "level": null, "name": "Errors", "message": "NewsAPI error: 429"}
{"timestamp": null, "level": null, "name": "Errors", "message": "NewsAPI error: 429"}
{"timestamp": null, "level": null, "name": "Errors", "message": "NewsAPI error: 429"}
{"timestamp": null, "level": null, "name": "Errors", "message": "NewsAPI error: 429"}
{"timestamp": null, "level": null, "name": "Errors", "message": "NewsAPI error: 429"}
{"timestamp": null, "level": null, "name": "Errors", "message": "NewsAPI error: 429"}
{"timestamp": null, "level": null, "name": "Errors", "message": "NewsAPI error: 429"}
{"timestamp": null, "level": null, "name": "Errors", "message": "NewsAPI error: 429"}
{"timestamp": null, "level": null, "name": "Errors", "message": "NewsAPI error: 429"}
{"timestamp": null, "level": null, "name": "Errors", "message": "NewsAPI error: 429"}
{"timestamp": null, "level": null, "name": "Errors", "message": "NewsAPI error: 429"}
{"timestamp": null, "level": null, "name": "Errors", "message": "NewsAPI error: 429"}
{"timestamp": null, "level": null, "name": "Errors", "message": "NewsAPI error: 429"}
{"timestamp": null, "level": null, "name": "Errors", "message": "NewsAPI error: 429"}
{"timestamp": null, "level": null, "name": "Errors", "message": "NewsAPI error: 429"}
{"timestamp": null, "level": null, "name": "Errors", "message": "NewsAPI error: 429"}
{"timestamp": null, "level": null, "name": "Errors", "message": "NewsAPI error: 429"}
{"timestamp": null, "level": null, "name": "Errors", "message": "NewsAPI error: 429"}
{"timestamp": null, "level": null, "name": "Errors", "message": "NewsAPI error: 429"}
{"timestamp": null, "level": null, "name": "Errors", "message": "NewsAPI error: 429"}
{"timestamp": null, "level": null, "name": "Errors", "message": "NewsAPI error: 429"}
{"timestamp": null, "level": null, "name": "Errors", "message": "NewsAPI error: 429"}
{"timestamp": null, "level": null, "name": "Errors", "message": "NewsAPI error: 429"}
{"timestamp": null, "level": null, "name": "Errors", "message": "NewsAPI error: 429"}
{"timestamp": null, "level": null, "name": "Errors", "message": "NewsAPI error: 429"}
{"timestamp": null, "level": null, "name": "Errors", "message": "NewsAPI error: 429"}
{"timestamp": null, "level": null, "name": "Errors", "message": "NewsAPI error: 429"}
{"timestamp": null, "level": null, "name": "Errors", "message": "NewsAPI error: 429"}
{"timestamp": null, "level": null, "name": "Errors", "message": "NewsAPI error: 429"}
{"timestamp": null, "level": null, "name": "Errors", "message": "NewsAPI error: 429"}
{"timestamp": null, "level": null, "name": "Errors", "message": "NewsAPI error: 429"}
{"timestamp": null, "level": null, "name": "Errors", "message": "NewsAPI error: 429"}
{"timestamp": null, "level": null, "name": "Errors", "message": "NewsAPI error: 429"}
{"timestamp": null, "level": null, "name": "Errors", "message": "NewsAPI error: 429"}
{"timestamp": null, "level": null, "name": "Errors", "message": "NewsAPI error: 429"}
{"timestamp": null, "level": null, "name": "Errors", "message": "NewsAPI error: 429"}
{"timestamp": null, "level": null, "name": "Errors", "message": "NewsAPI error: 429"}
{"timestamp": null, "level": null, "name": "Errors", "message": "NewsAPI error: 429"}
{"timestamp": null, "level": null, "name": "Errors", "message": "NewsAPI error: 429"}
{"timestamp": null, "level": null, "name": "Errors", "message": "NewsAPI error: 429"}
{"timestamp": null, "level": null, "name": "Errors", "message": "NewsAPI error: 429"}
{"timestamp": null, "level": null, "name": "Errors", "message": "NewsAPI error: 429"}
{"timestamp": null, "level": null, "name": "Errors", "message": "NewsAPI error: 429"}
{"timestamp": null, "level": null, "name": "Errors", "message": "NewsAPI error: 429"}
{"timestamp": null, "level": null, "name": "Errors", "message": "NewsAPI error: 429"}
{"timestamp": null, "level": null, "name": "Errors", "message": "NewsAPI error: 429"}
{"timestamp": null, "level": null, "name": "Errors", "message": "NewsAPI error: 429"}
{"timestamp": null, "level": null, "name": "Errors", "message": "NewsAPI error: 429"}
{"timestamp": null, "level": null, "name": "Errors", "message": "NewsAPI error: 429"}
{"timestamp": null, "level": null, "name": "Errors", "message": "NewsAPI error: 429"}
{"timestamp": null, "level": null, "name": "Errors", "message": "NewsAPI error: 429"}
{"timestamp": null, "level": null, "name": "Errors", "message": "NewsAPI error: 429"}
{"timestamp": null, "level": null, "name": "Errors", "message": "NewsAPI error: 429"}
{"timestamp": null, "level": null, "name": "Errors", "message": "NewsAPI error: 429"}
{"timestamp": null, "level": null, "name": "Errors", "message": "NewsAPI error: 429"}
{"timestamp": null, "level": null, "name": "Errors", "message": "NewsAPI error: 429"}
{"timestamp": null, "level": null, "name": "Errors", "message": "NewsAPI error: 429"}
{"timestamp": null, "level": null, "name": "Errors", "message": "NewsAPI error: 429"}
{"timestamp": null, "level": null, "name": "Errors", "message": "NewsAPI error: 429"}
{"timestamp": null, "level": null, "name": "Errors", "message": "NewsAPI error: 429"}
{"timestamp": null, "level": null, "name": "Errors", "message": "NewsAPI error: 429"}
{"timestamp": null, "level": null, "name": "Errors", "message": "NewsAPI error: 429"}
{"timestamp": null, "level": null, "name": "Errors", "message": "NewsAPI error: 429"}
{"timestamp": null, "level": null, "name": "Errors", "message": "NewsAPI error: 429"}
{"timestamp": null, "level": null, "name": "Errors", "message": "NewsAPI error: 429"}
{"timestamp": null, "level": null, "name": "Errors", "message": "NewsAPI error: 429"}
{"timestamp": null, "level": null, "name": "Errors", "message": "Relay GET /positions failed: HTTPSConnectionPool(host='unmaddened-perkingly-reyna.ngrok-free.dev', port=443): Read timed out. (read timeout=10)"}
{"timestamp": null, "level": null, "name": "Errors", "message": "Relay GET /account failed: 503 Server Error: Service Unavailable for url: https://unmaddened-perkingly-reyna.ngrok-free.dev/account"}
{"timestamp": null, "level": null, "name": "Errors", "message": "Relay GET /account failed: 503 Server Error: Service Unavailable for url: https://unmaddened-perkingly-reyna.ngrok-free.dev/account"}
{"timestamp": null, "level": null, "name": "Errors", "message": "Relay GET /positions failed: 404 Client Error: Not Found for url: https://unmaddened-perkingly-reyna.ngrok-free.dev/positions"}
{"timestamp": null, "level": null, "name": "Errors", "message": "Relay GET /positions failed: 404 Client Error: Not Found for url: https://unmaddened-perkingly-reyna.ngrok-free.dev/positions"}
{"timestamp": null, "level": null, "name": "Errors", "message": "Relay GET /history failed: 404 Client Error: Not Found for url: https://unmaddened-perkingly-reyna.ngrok-free.dev/history?hours=24"}
{"timestamp": null, "level": null, "name": "Errors", "message": "Relay GET /positions failed: 404 Client Error: Not Found for url: https://unmaddened-perkingly-reyna.ngrok-free.dev/positions"}
{"timestamp": null, "level": null, "name": "Errors", "message": "Relay GET /positions failed: 404 Client Error: Not Found for url: https://unmaddened-perkingly-reyna.ngrok-free.dev/positions"}
{"timestamp": null, "level": null, "name": "Errors", "message": "Relay GET /positions failed: 404 Client Error: Not Found for url: https://unmaddened-perkingly-reyna.ngrok-free.dev/positions"}
{"timestamp": null, "level": null, "name": "Errors", "message": "Relay GET /candles failed: 404 Client Error: Not Found for url: https://unmaddened-perkingly-reyna.ngrok-free.dev/candles?pair=EUR%2FUSD&timeframe=5&count=100"}
{"timestamp": null, "level": null, "name": "Errors", "message": "Relay candles failed for EUR/USD: None"}
{"timestamp": null, "level": null, "name": "Errors", "message": "Relay GET /candles failed: 404 Client Error: Not Found for url: https://unmaddened-perkingly-reyna.ngrok-free.dev/candles?pair=GBP%2FUSD&timeframe=5&count=100"}
{"timestamp": null, "level": null, "name": "Errors", "message": "Relay candles failed for GBP/USD: None"}
{"timestamp": null, "level": null, "name": "Errors", "message": "Relay GET /candles failed: 404 Client Error: Not Found for url: https://unmaddened-perkingly-reyna.ngrok-free.dev/candles?pair=USD%2FJPY&timeframe=5&count=100"}
{"timestamp": null, "level": null, "name": "Errors", "message": "Relay candles failed for USD/JPY: None"}
{"timestamp": null, "level": null, "name": "Errors", "message": "Relay GET /account failed: 502 Server Error: Bad Gateway for url: https://unmaddened-perkingly-reyna.ngrok-free.dev/account"}
{"timestamp": null, "level": null, "name": "Errors", "message": "Relay GET /positions failed: 502 Server Error: Bad Gateway for url: https://unmaddened-perkingly-reyna.ngrok-free.dev/positions"}
{"timestamp": null, "level": null, "name": "Errors", "message": "Relay GET /account failed: 502 Server Error: Bad Gateway for url: https://unmaddened-perkingly-reyna.ngrok-free.dev/account"}
{"timestamp": null, "level": null, "name": "Errors", "message": "Relay GET /positions failed: 502 Server Error: Bad Gateway for url: https://unmaddened-perkingly-reyna.ngrok-free.dev/positions"}
{"timestamp": null, "level": null, "name": "Errors", "message": "Relay GET /account failed: 502 Server Error: Bad Gateway for url: https://unmaddened-perkingly-reyna.ngrok-free.dev/account"}
{"timestamp": null, "level": null, "name": "Errors", "message": "Relay GET /positions failed: 502 Server Error: Bad Gateway for url: https://unmaddened-perkingly-reyna.ngrok-free.dev/positions"}
{"timestamp": null, "level": null, "name": "Errors", "message": "Relay GET /account failed: 502 Server Error: Bad Gateway for url: https://unmaddened-perkingly-reyna.ngrok-free.dev/account"}
{"timestamp": null, "level": null, "name": "Errors", "message": "Relay GET /positions failed: 502 Server Error: Bad Gateway for url: https://unmaddened-perkingly-reyna.ngrok-free.dev/positions"}
{"timestamp": null, "level": null, "name": "Errors", "message": "Relay GET /account failed: 502 Server Error: Bad Gateway for url: https://unmaddened-perkingly-reyna.ngrok-free.dev/account"}
{"timestamp": null, "level": null, "name": "Errors", "message": "Relay GET /positions failed: 502 Server Error: Bad Gateway for url: https://unmaddened-perkingly-reyna.ngrok-free.dev/positions"}
{"timestamp": null, "level": null, "name": "Errors", "message": "Relay GET /account failed: 502 Server Error: Bad Gateway for url: https://unmaddened-perkingly-reyna.ngrok-free.dev/account"}
{"timestamp": null, "level": null, "name": "Errors", "message": "Relay GET /positions failed: 502 Server Error: Bad Gateway for url: https://unmaddened-perkingly-reyna.ngrok-free.dev/positions"}
{"timestamp": null, "level": null, "name": "Errors", "message": "Relay GET /account failed: 502 Server Error: Bad Gateway for url: https://unmaddened-perkingly-reyna.ngrok-free.dev/account"}
{"timestamp": null, "level": null, "name": "Errors", "message": "Relay GET /positions failed: 502 Server Error: Bad Gateway for url: https://unmaddened-perkingly-reyna.ngrok-free.dev/positions"}
{"timestamp": null, "level": null, "name": "Errors", "message": "Relay GET /account failed: 502 Server Error: Bad Gateway for url: https://unmaddened-perkingly-reyna.ngrok-free.dev/account"}
{"timestamp": null, "level": null, "name": "Errors", "message": "Relay GET /positions failed: 502 Server Error: Bad Gateway for url: https://unmaddened-perkingly-reyna.ngrok-free.dev/positions"}
{"timestamp": null, "level": null, "name": "Errors", "message": "Relay GET /account failed: 502 Server Error: Bad Gateway for url: https://unmaddened-perkingly-reyna.ngrok-free.dev/account"}
{"timestamp": null, "level": null, "name": "Errors", "message": "Relay GET /positions failed: 502 Server Error: Bad Gateway for url: https://unmaddened-perkingly-reyna.ngrok-free.dev/positions"}
{"timestamp": null, "level": null, "name": "Errors", "message": "Relay GET /account failed: 502 Server Error: Bad Gateway for url: https://unmaddened-perkingly-reyna.ngrok-free.dev/account"}
{"timestamp": null, "level": null, "name": "Errors", "message": "Relay GET /positions failed: 502 Server Error: Bad Gateway for url: https://unmaddened-perkingly-reyna.ngrok-free.dev/positions"}
{"timestamp": null, "level": null, "name": "Errors", "message": "Relay GET /account failed: 502 Server Error: Bad Gateway for url: https://unmaddened-perkingly-reyna.ngrok-free.dev/account"}
{"timestamp": null, "level": null, "name": "Errors", "message": "Relay GET /positions failed: 502 Server Error: Bad Gateway for url: https://unmaddened-perkingly-reyna.ngrok-free.dev/positions"}
{"timestamp": null, "level": null, "name": "Errors", "message": "Relay GET /positions failed: 502 Server Error: Bad Gateway for url: https://unmaddened-perkingly-reyna.ngrok-free.dev/positions"}
{"timestamp": null, "level": null, "name": "Errors", "message": "Relay GET /positions failed: 502 Server Error: Bad Gateway for url: https://unmaddened-perkingly-reyna.ngrok-free.dev/positions"}
{"timestamp": null, "level": null, "name": "Errors", "message": "Relay GET /positions failed: 502 Server Error: Bad Gateway for url: https://unmaddened-perkingly-reyna.ngrok-free.dev/positions"}
{"timestamp": null, "level": null, "name": "Errors", "message": "Relay GET /candles failed: 502 Server Error: Bad Gateway for url: https://unmaddened-perkingly-reyna.ngrok-free.dev/candles?pair=EUR%2FUSD&timeframe=5&count=100"}
{"timestamp": null, "level": null, "name": "Errors", "message": "Relay candles failed for EUR/USD: None"}
{"timestamp": null, "level": null, "name": "Errors", "message": "Relay GET /candles failed: 502 Server Error: Bad Gateway for url: https://unmaddened-perkingly-reyna.ngrok-free.dev/candles?pair=GBP%2FUSD&timeframe=5&count=100"}
{"timestamp": null, "level": null, "name": "Errors", "message": "Relay candles failed for GBP/USD: None"}
{"timestamp": null, "level": null, "name": "Errors", "message": "Relay GET /candles failed: 502 Server Error: Bad Gateway for url: https://unmaddened-perkingly-reyna.ngrok-free.dev/candles?pair=USD%2FJPY&timeframe=5&count=100"}
{"timestamp": null, "level": null, "name": "Errors", "message": "Relay candles failed for USD/JPY: None"}
{"timestamp": null, "level": null, "name": "Errors", "message": "Relay GET /account failed: 502 Server Error: Bad Gateway for url: https://unmaddened-perkingly-reyna.ngrok-free.dev/account"}
{"timestamp": null, "level": null, "name": "Errors", "message": "Relay GET /positions failed: 502 Server Error: Bad Gateway for url: https://unmaddened-perkingly-reyna.ngrok-free.dev/positions"}
{"timestamp": null, "level": null, "name": "Errors", "message": "Relay GET /account failed: 502 Server Error: Bad Gateway for url: https://unmaddened-perkingly-reyna.ngrok-free.dev/account"}
{"timestamp": null, "level": null, "name": "Errors", "message": "Relay GET /positions failed: 502 Server Error: Bad Gateway for url: https://unmaddened-perkingly-reyna.ngrok-free.dev/positions"}
{"timestamp": null, "level": null, "name": "Errors", "message": "Relay GET /account failed: 502 Server Error: Bad Gateway for url: https://unmaddened-perkingly-reyna.ngrok-free.dev/account"}
{"timestamp": null, "level": null, "name": "Errors", "message": "Relay GET /positions failed: 502 Server Error: Bad Gateway for url: https://unmaddened-perkingly-reyna.ngrok-free.dev/positions"}
{"timestamp": null, "level": null, "name": "Errors", "message": "Relay GET /account failed: 502 Server Error: Bad Gateway for url: https://unmaddened-perkingly-reyna.ngrok-free.dev/account"}
{"timestamp": null, "level": null, "name": "Errors", "message": "Relay GET /positions failed: 502 Server Error: Bad Gateway for url: https://unmaddened-perkingly-reyna.ngrok-free.dev/positions"}
{"timestamp": null, "level": null, "name": "Errors", "message": "Relay GET /account failed: 502 Server Error: Bad Gateway for url: https://unmaddened-perkingly-reyna.ngrok-free.dev/account"}
{"timestamp": null, "level": null, "name": "Errors", "message": "Relay GET /positions failed: 502 Server Error: Bad Gateway for url: https://unmaddened-perkingly-reyna.ngrok-free.dev/positions"}
{"timestamp": null, "level": null, "name": "Errors", "message": "Relay GET /account failed: 502 Server Error: Bad Gateway for url: https://unmaddened-perkingly-reyna.ngrok-free.dev/account"}
{"timestamp": null, "level": null, "name": "Errors", "message": "Relay GET /positions failed: 502 Server Error: Bad Gateway for url: https://unmaddened-perkingly-reyna.ngrok-free.dev/positions"}
{"timestamp": null, "level": null, "name": "Errors", "message": "Relay GET /account failed: 502 Server Error: Bad Gateway for url: https://unmaddened-perkingly-reyna.ngrok-free.dev/account"}
{"timestamp": null, "level": null, "name": "Errors", "message": "Relay GET /positions failed: 502 Server Error: Bad Gateway for url: https://unmaddened-perkingly-reyna.ngrok-free.dev/positions"}
{"timestamp": null, "level": null, "name": "Errors", "message": "Relay GET /account failed: 502 Server Error: Bad Gateway for url: https://unmaddened-perkingly-reyna.ngrok-free.dev/account"}
{"timestamp": null, "level": null, "name": "Errors", "message": "Relay GET /positions failed: 502 Server Error: Bad Gateway for url: https://unmaddened-perkingly-reyna.ngrok-free.dev/positions"}
{"timestamp": null, "level": null, "name": "Errors", "message": "Relay GET /account failed: 502 Server Error: Bad Gateway for url: https://unmaddened-perkingly-reyna.ngrok-free.dev/account"}
{"timestamp": null, "level": null, "name": "Errors", "message": "Relay GET /positions failed: 502 Server Error: Bad Gateway for url: https://unmaddened-perkingly-reyna.ngrok-free.dev/positions"}
{"timestamp": null, "level": null, "name": "Errors", "message": "Relay GET /account failed: 502 Server Error: Bad Gateway for url: https://unmaddened-perkingly-reyna.ngrok-free.dev/account"}
{"timestamp": null, "level": null, "name": "Errors", "message": "Relay GET /positions failed: 502 Server Error: Bad Gateway for url: https://unmaddened-perkingly-reyna.ngrok-free.dev/positions"}
{"timestamp": null, "level": null, "name": "Errors", "message": "Relay GET /account failed: 502 Server Error: Bad Gateway for url: https://unmaddened-perkingly-reyna.ngrok-free.dev/account"}
{"timestamp": null, "level": null, "name": "Errors", "message": "Relay GET /positions failed: 502 Server Error: Bad Gateway for url: https://unmaddened-perkingly-reyna.ngrok-free.dev/positions"}
{"timestamp": null, "level": null, "name": "Errors", "message": "Relay GET /positions failed: 502 Server Error: Bad Gateway for url: https://unmaddened-perkingly-reyna.ngrok-free.dev/positions"}
{"timestamp": null, "level": null, "name": "Errors", "message": "Relay GET /positions failed: 502 Server Error: Bad Gateway for url: https://unmaddened-perkingly-reyna.ngrok-free.dev/positions"}
{"timestamp": null, "level": null, "name": "Errors", "message": "Relay GET /positions failed: 502 Server Error: Bad Gateway for url: https://unmaddened-perkingly-reyna.ngrok-free.dev/positions"}
{"timestamp": null, "level": null, "name": "Errors", "message": "Relay GET /candles failed: 502 Server Error: Bad Gateway for url: https://unmaddened-perkingly-reyna.ngrok-free.dev/candles?pair=EUR%2FUSD&timeframe=5&count=100"}
{"timestamp": null, "level": null, "name": "Errors", "message": "Relay candles failed for EUR/USD: None"}
{"timestamp": null, "level": null, "name": "Errors", "message": "Relay GET /candles failed: 502 Server Error: Bad Gateway for url: https://unmaddened-perkingly-reyna.ngrok-free.dev/candles?pair=GBP%2FUSD&timeframe=5&count=100"}
{"timestamp": null, "level": null, "name": "Errors", "message": "Relay candles failed for GBP/USD: None"}
{"timestamp": null, "level": null, "name": "Errors", "message": "Relay GET /candles failed: 502 Server Error: Bad Gateway for url: https://unmaddened-perkingly-reyna.ngrok-free.dev/candles?pair=USD%2FJPY&timeframe=5&count=100"}
{"timestamp": null, "level": null, "name": "Errors", "message": "Relay candles failed for USD/JPY: None"}
{"timestamp": null, "level": null, "name": "Errors", "message": "Relay GET /account failed: 502 Server Error: Bad Gateway for url: https://unmaddened-perkingly-reyna.ngrok-free.dev/account"}
{"timestamp": null, "level": null, "name": "Errors", "message": "Relay GET /positions failed: 502 Server Error: Bad Gateway for url: https://unmaddened-perkingly-reyna.ngrok-free.dev/positions"}
{"timestamp": null, "level": null, "name": "Errors", "message": "Relay GET /account failed: 502 Server Error: Bad Gateway for url: https://unmaddened-perkingly-reyna.ngrok-free.dev/account"}
{"timestamp": null, "level": null, "name": "Errors", "message": "Relay GET /positions failed: 502 Server Error: Bad Gateway for url: https://unmaddened-perkingly-reyna.ngrok-free.dev/positions"}
{"timestamp": null, "level": null, "name": "Errors", "message": "Relay GET /account failed: 502 Server Error: Bad Gateway for url: https://unmaddened-perkingly-reyna.ngrok-free.dev/account"}
{"timestamp": null, "level": null, "name": "Errors", "message": "Relay GET /positions failed: 502 Server Error: Bad Gateway for url: https://unmaddened-perkingly-reyna.ngrok-free.dev/positions"}
{"timestamp": null, "level": null, "name": "Errors", "message": "Relay GET /account failed: 502 Server Error: Bad Gateway for url: https://unmaddened-perkingly-reyna.ngrok-free.dev/account"}
{"timestamp": null, "level": null, "name": "Errors", "message": "Relay GET /positions failed: 502 Server Error: Bad Gateway for url: https://unmaddened-perkingly-reyna.ngrok-free.dev/positions"}
{"timestamp": null, "level": null, "name": "Errors", "message": "Relay GET /account failed: 502 Server Error: Bad Gateway for url: https://unmaddened-perkingly-reyna.ngrok-free.dev/account"}
{"timestamp": null, "level": null, "name": "Errors", "message": "Relay GET /positions failed: 502 Server Error: Bad Gateway for url: https://unmaddened-perkingly-reyna.ngrok-free.dev/positions"}
{"timestamp": null, "level": null, "name": "Errors", "message": "Relay GET /account failed: 502 Server Error: Bad Gateway for url: https://unmaddened-perkingly-reyna.ngrok-free.dev/account"}
{"timestamp": null, "level": null, "name": "Errors", "message": "Relay GET /positions failed: 502 Server Error: Bad Gateway for url: https://unmaddened-perkingly-reyna.ngrok-free.dev/positions"}
{"timestamp": null, "level": null, "name": "Errors", "message": "Relay GET /account failed: 502 Server Error: Bad Gateway for url: https://unmaddened-perkingly-reyna.ngrok-free.dev/account"}
{"timestamp": null, "level": null, "name": "Errors", "message": "Relay GET /positions failed: 502 Server Error: Bad Gateway for url: https://unmaddened-perkingly-reyna.ngrok-free.dev/positions"}
{"timestamp": null, "level": null, "name": "Errors", "message": "Relay GET /account failed: 502 Server Error: Bad Gateway for url: https://unmaddened-perkingly-reyna.ngrok-free.dev/account"}
{"timestamp": null, "level": null, "name": "Errors", "message": "Relay GET /positions failed: 502 Server Error: Bad Gateway for url: https://unmaddened-perkingly-reyna.ngrok-free.dev/positions"}
{"timestamp": null, "level": null, "name": "Errors", "message": "Relay GET /account failed: 502 Server Error: Bad Gateway for url: https://unmaddened-perkingly-reyna.ngrok-free.dev/account"}
{"timestamp": null, "level": null, "name": "Errors", "message": "Relay GET /positions failed: 502 Server Error: Bad Gateway for url: https://unmaddened-perkingly-reyna.ngrok-free.dev/positions"}
{"timestamp": null, "level": null, "name": "Errors", "message": "Relay GET /account failed: 502 Server Error: Bad Gateway for url: https://unmaddened-perkingly-reyna.ngrok-free.dev/account"}
{"timestamp": null, "level": null, "name": "Errors", "message": "Relay GET /positions failed: 502 Server Error: Bad Gateway for url: https://unmaddened-perkingly-reyna.ngrok-free.dev/positions"}
{"timestamp": null, "level": null, "name": "Errors", "message": "Relay GET /account failed: 502 Server Error: Bad Gateway for url: https://unmaddened-perkingly-reyna.ngrok-free.dev/account"}
{"timestamp": null, "level": null, "name": "Errors", "message": "Relay GET /positions failed: 502 Server Error: Bad Gateway for url: https://unmaddened-perkingly-reyna.ngrok-free.dev/positions"}
{"timestamp": null, "level": null, "name": "Errors", "message": "Relay GET /positions failed: 502 Server Error: Bad Gateway for url: https://unmaddened-perkingly-reyna.ngrok-free.dev/positions"}
{"timestamp": null, "level": null, "name": "Errors", "message": "Relay GET /positions failed: 502 Server Error: Bad Gateway for url: https://unmaddened-perkingly-reyna.ngrok-free.dev/positions"}
{"timestamp": null, "level": null, "name": "Errors", "message": "Relay GET /positions failed: 502 Server Error: Bad Gateway for url: https://unmaddened-perkingly-reyna.ngrok-free.dev/positions"}
{"timestamp": null, "level": null, "name": "Errors", "message": "Relay GET /candles failed: 502 Server Error: Bad Gateway for url: https://unmaddened-perkingly-reyna.ngrok-free.dev/candles?pair=EUR%2FUSD&timeframe=5&count=100"}
{"timestamp": null, "level": null, "name": "Errors", "message": "Relay candles failed for EUR/USD: None"}
{"timestamp": null, "level": null, "name": "Errors", "message": "Relay GET /candles failed: 502 Server Error: Bad Gateway for url: https://unmaddened-perkingly-reyna.ngrok-free.dev/candles?pair=GBP%2FUSD&timeframe=5&count=100"}
{"timestamp": null, "level": null, "name": "Errors", "message": "Relay candles failed for GBP/USD: None"}
{"timestamp": null, "level": null, "name": "Errors", "message": "Relay GET /candles failed: 502 Server Error: Bad Gateway for url: https://unmaddened-perkingly-reyna.ngrok-free.dev/candles?pair=USD%2FJPY&timeframe=5&count=100"}
{"timestamp": null, "level": null, "name": "Errors", "message": "Relay candles failed for USD/JPY: None"}
{"timestamp": null, "level": null, "name": "Errors", "message": "Relay GET /account failed: 404 Client Error: Not Found for url: https://unmaddened-perkingly-reyna.ngrok-free.dev/account"}
{"timestamp": null, "level": null, "name": "Errors", "message": "Relay GET /positions failed: 404 Client Error: Not Found for url: https://unmaddened-perkingly-reyna.ngrok-free.dev/positions"}
{"timestamp": null, "level": null, "name": "Errors", "message": "Relay GET /account failed: 404 Client Error: Not Found for url: https://unmaddened-perkingly-reyna.ngrok-free.dev/account"}
{"timestamp": null, "level": null, "name": "Errors", "message": "Relay GET /positions failed: 404 Client Error: Not Found for url: https://unmaddened-perkingly-reyna.ngrok-free.dev/positions"}
{"timestamp": null, "level": null, "name": "Errors", "message": "Relay GET /account failed: 404 Client Error: Not Found for url: https://unmaddened-perkingly-reyna.ngrok-free.dev/account"}
{"timestamp": null, "level": null, "name": "Errors", "message": "Relay GET /positions failed: 404 Client Error: Not Found for url: https://unmaddened-perkingly-reyna.ngrok-free.dev/positions"}
{"timestamp": null, "level": null, "name": "Errors", "message": "Relay GET /account failed: 404 Client Error: Not Found for url: https://unmaddened-perkingly-reyna.ngrok-free.dev/account"}
{"timestamp": null, "level": null, "name": "Errors", "message": "Relay GET /positions failed: 404 Client Error: Not Found for url: https://unmaddened-perkingly-reyna.ngrok-free.dev/positions"}
{"timestamp": null, "level": null, "name": "Errors", "message": "Relay GET /account failed: 404 Client Error: Not Found for url: https://unmaddened-perkingly-reyna.ngrok-free.dev/account"}
{"timestamp": null, "level": null, "name": "Errors", "message": "Relay GET /positions failed: 404 Client Error: Not Found for url: https://unmaddened-perkingly-reyna.ngrok-free.dev/positions"}
{"timestamp": null, "level": null, "name": "Errors", "message": "Relay GET /account failed: 404 Client Error: Not Found for url: https://unmaddened-perkingly-reyna.ngrok-free.dev/account"}
{"timestamp": null, "level": null, "name": "Errors", "message": "Relay GET /positions failed: 404 Client Error: Not Found for url: https://unmaddened-perkingly-reyna.ngrok-free.dev/positions"}
{"timestamp": null, "level": null, "name": "Errors", "message": "Relay GET /account failed: 404 Client Error: Not Found for url: https://unmaddened-perkingly-reyna.ngrok-free.dev/account"}
{"timestamp": null, "level": null, "name": "Errors", "message": "Relay GET /positions failed: 404 Client Error: Not Found for url: https://unmaddened-perkingly-reyna.ngrok-free.dev/positions"}
{"timestamp": null, "level": null, "name": "Errors", "message": "Relay GET /account failed: 404 Client Error: Not Found for url: https://unmaddened-perkingly-reyna.ngrok-free.dev/account"}
{"timestamp": null, "level": null, "name": "Errors", "message": "Relay GET /positions failed: 404 Client Error: Not Found for url: https://unmaddened-perkingly-reyna.ngrok-free.dev/positions"}
{"timestamp": null, "level": null, "name": "Errors", "message": "Relay GET /account failed: 404 Client Error: Not Found for url: https://unmaddened-perkingly-reyna.ngrok-free.dev/account"}
{"timestamp": null, "level": null, "name": "Errors", "message": "Relay GET /positions failed: 404 Client Error: Not Found for url: https://unmaddened-perkingly-reyna.ngrok-free.dev/positions"}
{"timestamp": null, "level": null, "name": "Errors", "message": "Relay GET /account failed: 404 Client Error: Not Found for url: https://unmaddened-perkingly-reyna.ngrok-free.dev/account"}
{"timestamp": null, "level": null, "name": "Errors", "message": "Relay GET /positions failed: 404 Client Error: Not Found for url: https://unmaddened-perkingly-reyna.ngrok-free.dev/positions"}
{"timestamp": null, "level": null, "name": "Errors", "message": "Relay GET /account failed: 404 Client Error: Not Found for url: https://unmaddened-perkingly-reyna.ngrok-free.dev/account"}
{"timestamp": null, "level": null, "name": "Errors", "message": "Relay GET /positions failed: 404 Client Error: Not Found for url: https://unmaddened-perkingly-reyna.ngrok-free.dev/positions"}
{"timestamp": null, "level": null, "name": "Errors", "message": "Relay GET /account failed: 404 Client Error: Not Found for url: https://unmaddened-perkingly-reyna.ngrok-free.dev/account"}
{"timestamp": null, "level": null, "name": "Errors", "message": "Relay GET /positions failed: 404 Client Error: Not Found for url: https://unmaddened-perkingly-reyna.ngrok-free.dev/positions"}
{"timestamp": null, "level": null, "name": "Errors", "message": "Relay GET /account failed: 404 Client Error: Not Found for url: https://unmaddened-perkingly-reyna.ngrok-free.dev/account"}
{"timestamp": null, "level": null, "name": "Errors", "message": "Relay GET /positions failed: 404 Client Error: Not Found for url: https://unmaddened-perkingly-reyna.ngrok-free.dev/positions"}
{"timestamp": null, "level": null, "name": "Errors", "message": "Relay GET /account failed: 404 Client Error: Not Found for url: https://unmaddened-perkingly-reyna.ngrok-free.dev/account"}
{"timestamp": null, "level": null, "name": "Errors", "message": "Relay GET /positions failed: 404 Client Error: Not Found for url: https://unmaddened-perkingly-reyna.ngrok-free.dev/positions"}
{"timestamp": null, "level": null, "name": "Errors", "message": "Relay GET /account failed: 404 Client Error: Not Found for url: https://unmaddened-perkingly-reyna.ngrok-free.dev/account"}
{"timestamp": null, "level": null, "name": "Errors", "message": "Relay GET /positions failed: 404 Client Error: Not Found for url: https://unmaddened-perkingly-reyna.ngrok-free.dev/positions"}
{"timestamp": null, "level": null, "name": "Errors", "message": "Relay GET /account failed: 404 Client Error: Not Found for url: https://unmaddened-perkingly-reyna.ngrok-free.dev/account"}
{"timestamp": null, "level": null, "name": "Errors", "message": "Relay GET /positions failed: 404 Client Error: Not Found for url: https://unmaddened-perkingly-reyna.ngrok-free.dev/positions"}
{"timestamp": null, "level": null, "name": "Errors", "message": "Relay GET /account failed: 404 Client Error: Not Found for url: https://unmaddened-perkingly-reyna.ngrok-free.dev/account"}
{"timestamp": null, "level": null, "name": "Errors", "message": "Relay GET /positions failed: 404 Client Error: Not Found for url: https://unmaddened-perkingly-reyna.ngrok-free.dev/positions"}
{"timestamp": null, "level": null, "name": "Errors", "message": "Relay GET /account failed: 404 Client Error: Not Found for url: https://unmaddened-perkingly-reyna.ngrok-free.dev/account"}
{"timestamp": null, "level": null, "name": "Errors", "message": "Relay GET /positions failed: 404 Client Error: Not Found for url: https://unmaddened-perkingly-reyna.ngrok-free.dev/positions"}
{"timestamp": null, "level": null, "name": "Errors", "message": "Relay GET /account failed: 404 Client Error: Not Found for url: https://unmaddened-perkingly-reyna.ngrok-free.dev/account"}
{"timestamp": null, "level": null, "name": "Errors", "message": "Relay GET /positions failed: 404 Client Error: Not Found for url: https://unmaddened-perkingly-reyna.ngrok-free.dev/positions"}
{"timestamp": null, "level": null, "name": "Errors", "message": "Relay GET /account failed: 404 Client Error: Not Found for url: https://unmaddened-perkingly-reyna.ngrok-free.dev/account"}
{"timestamp": null, "level": null, "name": "Errors", "message": "Relay GET /positions failed: 404 Client Error: Not Found for url: https://unmaddened-perkingly-reyna.ngrok-free.dev/positions"}
{"timestamp": null, "level": null, "name": "Errors", "message": "Relay GET /account failed: 404 Client Error: Not Found for url: https://unmaddened-perkingly-reyna.ngrok-free.dev/account"}
{"timestamp": null, "level": null, "name": "Errors", "message": "Relay GET /positions failed: 404 Client Error: Not Found for url: https://unmaddened-perkingly-reyna.ngrok-free.dev/positions"}
{"timestamp": null, "level": null, "name": "Errors", "message": "Relay GET /account failed: 404 Client Error: Not Found for url: https://unmaddened-perkingly-reyna.ngrok-free.dev/account"}
{"timestamp": null, "level": null, "name": "Errors", "message": "Relay GET /positions failed: 404 Client Error: Not Found for url: https://unmaddened-perkingly-reyna.ngrok-free.dev/positions"}
{"timestamp": null, "level": null, "name": "Errors", "message": "Relay GET /account failed: 404 Client Error: Not Found for url: https://unmaddened-perkingly-reyna.ngrok-free.dev/account"}
{"timestamp": null, "level": null, "name": "Errors", "message": "Relay GET /positions failed: 404 Client Error: Not Found for url: https://unmaddened-perkingly-reyna.ngrok-free.dev/positions"}
{"timestamp": null, "level": null, "name": "Errors", "message": "Relay GET /account failed: 404 Client Error: Not Found for url: https://unmaddened-perkingly-reyna.ngrok-free.dev/account"}
{"timestamp": null, "level": null, "name": "Errors", "message": "Relay GET /positions failed: 404 Client Error: Not Found for url: https://unmaddened-perkingly-reyna.ngrok-free.dev/positions"}
{"timestamp": null, "level": null, "name": "Errors", "message": "Relay GET /account failed: 404 Client Error: Not Found for url: https://unmaddened-perkingly-reyna.ngrok-free.dev/account"}
{"timestamp": null, "level": null, "name": "Errors", "message": "Relay GET /positions failed: 404 Client Error: Not Found for url: https://unmaddened-perkingly-reyna.ngrok-free.dev/positions"}
{"timestamp": null, "level": null, "name": "Errors", "message": "Relay GET /account failed: 404 Client Error: Not Found for url: https://unmaddened-perkingly-reyna.ngrok-free.dev/account"}
{"timestamp": null, "level": null, "name": "Errors", "message": "Relay GET /positions failed: 404 Client Error: Not Found for url: https://unmaddened-perkingly-reyna.ngrok-free.dev/positions"}
{"timestamp": null, "level": null, "name": "Errors", "message": "Relay GET /account failed: 404 Client Error: Not Found for url: https://unmaddened-perkingly-reyna.ngrok-free.dev/account"}
{"timestamp": null, "level": null, "name": "Errors", "message": "Relay GET /positions failed: 404 Client Error: Not Found for url: https://unmaddened-perkingly-reyna.ngrok-free.dev/positions"}
{"timestamp": null, "level": null, "name": "Errors", "message": "Relay GET /account failed: 404 Client Error: Not Found for url: https://unmaddened-perkingly-reyna.ngrok-free.dev/account"}
{"timestamp": null, "level": null, "name": "Errors", "message": "Relay GET /positions failed: 404 Client Error: Not Found for url: https://unmaddened-perkingly-reyna.ngrok-free.dev/positions"}
{"timestamp": null, "level": null, "name": "Errors", "message": "Relay GET /account failed: 404 Client Error: Not Found for url: https://unmaddened-perkingly-reyna.ngrok-free.dev/account"}
{"timestamp": null, "level": null, "name": "Errors", "message": "Relay GET /positions failed: 404 Client Error: Not Found for url: https://unmaddened-perkingly-reyna.ngrok-free.dev/positions"}
{"timestamp": null, "level": null, "name": "Errors", "message": "Relay GET /account failed: 404 Client Error: Not Found for url: https://unmaddened-perkingly-reyna.ngrok-free.dev/account"}
{"timestamp": null, "level": null, "name": "Errors", "message": "Relay GET /positions failed: 404 Client Error: Not Found for url: https://unmaddened-perkingly-reyna.ngrok-free.dev/positions"}
{"timestamp": null, "level": null, "name": "Errors", "message": "Relay GET /account failed: 404 Client Error: Not Found for url: https://unmaddened-perkingly-reyna.ngrok-free.dev/account"}
{"timestamp": null, "level": null, "name": "Errors", "message": "Relay GET /positions failed: 404 Client Error: Not Found for url: https://unmaddened-perkingly-reyna.ngrok-free.dev/positions"}
{"timestamp": null, "level": null, "name": "Errors", "message": "Relay GET /account failed: 404 Client Error: Not Found for url: https://unmaddened-perkingly-reyna.ngrok-free.dev/account"}
{"timestamp": null, "level": null, "name": "Errors", "message": "Relay GET /positions failed: 404 Client Error: Not Found for url: https://unmaddened-perkingly-reyna.ngrok-free.dev/positions"}
{"timestamp": null, "level": null, "name": "Errors", "message": "Relay GET /account failed: 404 Client Error: Not Found for url: https://unmaddened-perkingly-reyna.ngrok-free.dev/account"}
{"timestamp": null, "level": null, "name": "Errors", "message": "Relay GET /positions failed: 404 Client Error: Not Found for url: https://unmaddened-perkingly-reyna.ngrok-free.dev/positions"}
{"timestamp": null, "level": null, "name": "Errors", "message": "Relay GET /account failed: 404 Client Error: Not Found for url: https://unmaddened-perkingly-reyna.ngrok-free.dev/account"}
{"timestamp": null, "level": null, "name": "Errors", "message": "Relay GET /positions failed: 404 Client Error: Not Found for url: https://unmaddened-perkingly-reyna.ngrok-free.dev/positions"}
{"timestamp": null, "level": null, "name": "Errors", "message": "Relay GET /account failed: 404 Client Error: Not Found for url: https://unmaddened-perkingly-reyna.ngrok-free.dev/account"}
{"timestamp": null, "level": null, "name": "Errors", "message": "Relay GET /positions failed: 404 Client Error: Not Found for url: https://unmaddened-perkingly-reyna.ngrok-free.dev/positions"}
{"timestamp": null, "level": null, "name": "Errors", "message": "Relay GET /account failed: 404 Client Error: Not Found for url: https://unmaddened-perkingly-reyna.ngrok-free.dev/account"}
{"timestamp": null, "level": null, "name": "Errors", "message": "Relay GET /positions failed: 404 Client Error: Not Found for url: https://unmaddened-perkingly-reyna.ngrok-free.dev/positions"}
{"timestamp": null, "level": null, "name": "Errors", "message": "Relay GET /account failed: 404 Client Error: Not Found for url: https://unmaddened-perkingly-reyna.ngrok-free.dev/account"}
{"timestamp": null, "level": null, "name": "Errors", "message": "Relay GET /positions failed: 404 Client Error: Not Found for url: https://unmaddened-perkingly-reyna.ngrok-free.dev/positions"}
{"timestamp": null, "level": null, "name": "Errors", "message": "Relay GET /account failed: 404 Client Error: Not Found for url: https://unmaddened-perkingly-reyna.ngrok-free.dev/account"}
{"timestamp": null, "level": null, "name": "Errors", "message": "Relay GET /positions failed: 404 Client Error: Not Found for url: https://unmaddened-perkingly-reyna.ngrok-free.dev/positions"}
{"timestamp": null, "level": null, "name": "Errors", "message": "Relay GET /account failed: 404 Client Error: Not Found for url: https://unmaddened-perkingly-reyna.ngrok-free.dev/account"}
{"timestamp": null, "level": null, "name": "Errors", "message": "Relay GET /positions failed: 404 Client Error: Not Found for url: https://unmaddened-perkingly-reyna.ngrok-free.dev/positions"}
{"timestamp": null, "level": null, "name": "Errors", "message": "Relay GET /account failed: 404 Client Error: Not Found for url: https://unmaddened-perkingly-reyna.ngrok-free.dev/account"}
{"timestamp": null, "level": null, "name": "Errors", "message": "Relay GET /positions failed: 404 Client Error: Not Found for url: https://unmaddened-perkingly-reyna.ngrok-free.dev/positions"}
{"timestamp": null, "level": null, "name": "Errors", "message": "Relay GET /account failed: 404 Client Error: Not Found for url: https://unmaddened-perkingly-reyna.ngrok-free.dev/account"}
{"timestamp": null, "level": null, "name": "Errors", "message": "Relay GET /positions failed: 404 Client Error: Not Found for url: https://unmaddened-perkingly-reyna.ngrok-free.dev/positions"}
{"timestamp": null, "level": null, "name": "Errors", "message": "Relay GET /account failed: 404 Client Error: Not Found for url: https://unmaddened-perkingly-reyna.ngrok-free.dev/account"}
{"timestamp": null, "level": null, "name": "Errors", "message": "Relay GET /positions failed: 404 Client Error: Not Found for url: https://unmaddened-perkingly-reyna.ngrok-free.dev/positions"}
{"timestamp": null, "level": null, "name": "Errors", "message": "Relay GET /account failed: 404 Client Error: Not Found for url: https://unmaddened-perkingly-reyna.ngrok-free.dev/account"}
{"timestamp": null, "level": null, "name": "Errors", "message": "Relay GET /positions failed: 404 Client Error: Not Found for url: https://unmaddened-perkingly-reyna.ngrok-free.dev/positions"}
{"timestamp": null, "level": null, "name": "Errors", "message": "Relay GET /account failed: 404 Client Error: Not Found for url: https://unmaddened-perkingly-reyna.ngrok-free.dev/account"}
{"timestamp": null, "level": null, "name": "Errors", "message": "Relay GET /positions failed: 404 Client Error: Not Found for url: https://unmaddened-perkingly-reyna.ngrok-free.dev/positions"}
{"timestamp": null, "level": null, "name": "Errors", "message": "Relay GET /account failed: 404 Client Error: Not Found for url: https://unmaddened-perkingly-reyna.ngrok-free.dev/account"}
{"timestamp": null, "level": null, "name": "Errors", "message": "Relay GET /positions failed: 404 Client Error: Not Found for url: https://unmaddened-perkingly-reyna.ngrok-free.dev/positions"}
{"timestamp": null, "level": null, "name": "Errors", "message": "Relay GET /account failed: 404 Client Error: Not Found for url: https://unmaddened-perkingly-reyna.ngrok-free.dev/account"}
{"timestamp": null, "level": null, "name": "Errors", "message": "Relay GET /positions failed: 404 Client Error: Not Found for url: https://unmaddened-perkingly-reyna.ngrok-free.dev/positions"}
{"timestamp": null, "level": null, "name": "Errors", "message": "Relay GET /account failed: 404 Client Error: Not Found for url: https://unmaddened-perkingly-reyna.ngrok-free.dev/account"}
{"timestamp": null, "level": null, "name": "Errors", "message": "Relay GET /positions failed: 404 Client Error: Not Found for url: https://unmaddened-perkingly-reyna.ngrok-free.dev/positions"}
{"timestamp": null, "level": null, "name": "Errors", "message": "Relay GET /account failed: 404 Client Error: Not Found for url: https://unmaddened-perkingly-reyna.ngrok-free.dev/account"}
{"timestamp": null, "level": null, "name": "Errors", "message": "Relay GET /positions failed: 404 Client Error: Not Found for url: https://unmaddened-perkingly-reyna.ngrok-free.dev/positions"}
{"timestamp": null, "level": null, "name": "Errors", "message": "Relay GET /account failed: 404 Client Error: Not Found for url: https://unmaddened-perkingly-reyna.ngrok-free.dev/account"}
{"timestamp": null, "level": null, "name": "Errors", "message": "Relay GET /positions failed: 404 Client Error: Not Found for url: https://unmaddened-perkingly-reyna.ngrok-free.dev/positions"}
{"timestamp": null, "level": null, "name": "Errors", "message": "Relay GET /account failed: 404 Client Error: Not Found for url: https://unmaddened-perkingly-reyna.ngrok-free.dev/account"}
{"timestamp": null, "level": null, "name": "Errors", "message": "Relay GET /positions failed: 404 Client Error: Not Found for url: https://unmaddened-perkingly-reyna.ngrok-free.dev/positions"}
{"timestamp": null, "level": null, "name": "Errors", "message": "Relay GET /account failed: 404 Client Error: Not Found for url: https://unmaddened-perkingly-reyna.ngrok-free.dev/account"}
{"timestamp": null, "level": null, "name": "Errors", "message": "Relay GET /positions failed: 404 Client Error: Not Found for url: https://unmaddened-perkingly-reyna.ngrok-free.dev/positions"}
{"timestamp": null, "level": null, "name": "Errors", "message": "Relay GET /account failed: 404 Client Error: Not Found for url: https://unmaddened-perkingly-reyna.ngrok-free.dev/account"}
{"timestamp": null, "level": null, "name": "Errors", "message": "Relay GET /positions failed: 404 Client Error: Not Found for url: https://unmaddened-perkingly-reyna.ngrok-free.dev/positions"}
{"timestamp": null, "level": null, "name": "Errors", "message": "Relay GET /account failed: 404 Client Error: Not Found for url: https://unmaddened-perkingly-reyna.ngrok-free.dev/account"}
{"timestamp": null, "level": null, "name": "Errors", "message": "Relay GET /positions failed: 404 Client Error: Not Found for url: https://unmaddened-perkingly-reyna.ngrok-free.dev/positions"}
{"timestamp": null, "level": null, "name": "Errors", "message": "Relay GET /account failed: 404 Client Error: Not Found for url: https://unmaddened-perkingly-reyna.ngrok-free.dev/account"}
{"timestamp": null, "level": null, "name": "Errors", "message": "Relay GET /positions failed: 404 Client Error: Not Found for url: https://unmaddened-perkingly-reyna.ngrok-free.dev/positions"}
{"timestamp": null, "level": null, "name": "Errors", "message": "Relay GET /account failed: 404 Client Error: Not Found for url: https://unmaddened-perkingly-reyna.ngrok-free.dev/account"}
{"timestamp": null, "level": null, "name": "Errors", "message": "Relay GET /positions failed: 404 Client Error: Not Found for url: https://unmaddened-perkingly-reyna.ngrok-free.dev/positions"}
{"timestamp": null, "level": null, "name": "Errors", "message": "Relay GET /positions failed: 404 Client Error: Not Found for url: https://unmaddened-perkingly-reyna.ngrok-free.dev/positions"}
{"timestamp": null, "level": null, "name": "Errors", "message": "Relay GET /positions failed: 404 Client Error: Not Found for url: https://unmaddened-perkingly-reyna.ngrok-free.dev/positions"}
{"timestamp": null, "level": null, "name": "Errors", "message": "Relay GET /positions failed: 404 Client Error: Not Found for url: https://unmaddened-perkingly-reyna.ngrok-free.dev/positions"}
{"timestamp": null, "level": null, "name": "Errors", "message": "Relay GET /candles failed: 404 Client Error: Not Found for url: https://unmaddened-perkingly-reyna.ngrok-free.dev/candles?pair=EUR%2FUSD&timeframe=5&count=100"}
{"timestamp": null, "level": null, "name": "Errors", "message": "Relay candles failed for EUR/USD: None"}
{"timestamp": null, "level": null, "name": "Errors", "message": "Relay GET /candles failed: 404 Client Error: Not Found for url: https://unmaddened-perkingly-reyna.ngrok-free.dev/candles?pair=GBP%2FUSD&timeframe=5&count=100"}
{"timestamp": null, "level": null, "name": "Errors", "message": "Relay candles failed for GBP/USD: None"}
{"timestamp": null, "level": null, "name": "Errors", "message": "Relay GET /candles failed: 404 Client Error: Not Found for url: https://unmaddened-perkingly-reyna.ngrok-free.dev/candles?pair=USD%2FJPY&timeframe=5&count=100"}
{"timestamp": null, "level": null, "name": "Errors", "message": "Relay candles failed for USD/JPY: None"}
{"timestamp": null, "level": null, "name": "Errors", "message": "Relay GET /account failed: 404 Client Error: Not Found for url: https://unmaddened-perkingly-reyna.ngrok-free.dev/account"}
{"timestamp": null, "level": null, "name": "Errors", "message": "Relay GET /positions failed: 404 Client Error: Not Found for url: https://unmaddened-perkingly-reyna.ngrok-free.dev/positions"}
{"timestamp": null, "level": null, "name": "Errors", "message": "Relay GET /account failed: 404 Client Error: Not Found for url: https://unmaddened-perkingly-reyna.ngrok-free.dev/account"}
{"timestamp": null, "level": null, "name": "Errors", "message": "Relay GET /positions failed: 404 Client Error: Not Found for url: https://unmaddened-perkingly-reyna.ngrok-free.dev/positions"}
{"timestamp": null, "level": null, "name": "Errors", "message": "Relay GET /account failed: 404 Client Error: Not Found for url: https://unmaddened-perkingly-reyna.ngrok-free.dev/account"}
{"timestamp": null, "level": null, "name": "Errors", "message": "Relay GET /positions failed: 404 Client Error: Not Found for url: https://unmaddened-perkingly-reyna.ngrok-free.dev/positions"}
{"timestamp": null, "level": null, "name": "Errors", "message": "Relay GET /account failed: 404 Client Error: Not Found for url: https://unmaddened-perkingly-reyna.ngrok-free.dev/account"}
{"timestamp": null, "level": null, "name": "Errors", "message": "Relay GET /positions failed: 404 Client Error: Not Found for url: https://unmaddened-perkingly-reyna.ngrok-free.dev/positions"}
{"timestamp": null, "level": null, "name": "Errors", "message": "Relay GET /account failed: 404 Client Error: Not Found for url: https://unmaddened-perkingly-reyna.ngrok-free.dev/account"}
{"timestamp": null, "level": null, "name": "Errors", "message": "Relay GET /positions failed: 404 Client Error: Not Found for url: https://unmaddened-perkingly-reyna.ngrok-free.dev/positions"}
{"timestamp": null, "level": null, "name": "Errors", "message": "Relay GET /account failed: 404 Client Error: Not Found for url: https://unmaddened-perkingly-reyna.ngrok-free.dev/account"}
{"timestamp": null, "level": null, "name": "Errors", "message": "Relay GET /positions failed: 404 Client Error: Not Found for url: https://unmaddened-perkingly-reyna.ngrok-free.dev/positions"}
{"timestamp": null, "level": null, "name": "Errors", "message": "Relay GET /account failed: 404 Client Error: Not Found for url: https://unmaddened-perkingly-reyna.ngrok-free.dev/account"}
{"timestamp": null, "level": null, "name": "Errors", "message": "Relay GET /positions failed: 404 Client Error: Not Found for url: https://unmaddened-perkingly-reyna.ngrok-free.dev/positions"}
{"timestamp": null, "level": null, "name": "Errors", "message": "Relay GET /account failed: 404 Client Error: Not Found for url: https://unmaddened-perkingly-reyna.ngrok-free.dev/account"}
{"timestamp": null, "level": null, "name": "Errors", "message": "Relay GET /positions failed: 404 Client Error: Not Found for url: https://unmaddened-perkingly-reyna.ngrok-free.dev/positions"}
{"timestamp": null, "level": null, "name": "Errors", "message": "Relay GET /account failed: 404 Client Error: Not Found for url: https://unmaddened-perkingly-reyna.ngrok-free.dev/account"}
{"timestamp": null, "level": null, "name": "Errors", "message": "Relay GET /positions failed: 404 Client Error: Not Found for url: https://unmaddened-perkingly-reyna.ngrok-free.dev/positions"}
{"timestamp": null, "level": null, "name": "Errors", "message": "Relay GET /account failed: 404 Client Error: Not Found for url: https://unmaddened-perkingly-reyna.ngrok-free.dev/account"}
{"timestamp": null, "level": null, "name": "Errors", "message": "Relay GET /positions failed: 404 Client Error: Not Found for url: https://unmaddened-perkingly-reyna.ngrok-free.dev/positions"}
{"timestamp": null, "level": null, "name": "Errors", "message": "Relay GET /account failed: 404 Client Error: Not Found for url: https://unmaddened-perkingly-reyna.ngrok-free.dev/account"}
{"timestamp": null, "level": null, "name": "Errors", "message": "Relay GET /positions failed: 404 Client Error: Not Found for url: https://unmaddened-perkingly-reyna.ngrok-free.dev/positions"}
{"timestamp": null, "level": null, "name": "Errors", "message": "Relay GET /account failed: 404 Client Error: Not Found for url: https://unmaddened-perkingly-reyna.ngrok-free.dev/account"}
{"timestamp": null, "level": null, "name": "Errors", "message": "Relay GET /positions failed: 404 Client Error: Not Found for url: https://unmaddened-perkingly-reyna.ngrok-free.dev/positions"}
{"timestamp": null, "level": null, "name": "Errors", "message": "Relay GET /account failed: 404 Client Error: Not Found for url: https://unmaddened-perkingly-reyna.ngrok-free.dev/account"}
{"timestamp": null, "level": null, "name": "Errors", "message": "Relay GET /positions failed: 404 Client Error: Not Found for url: https://unmaddened-perkingly-reyna.ngrok-free.dev/positions"}
{"timestamp": null, "level": null, "name": "Errors", "message": "Relay GET /account failed: 404 Client Error: Not Found for url: https://unmaddened-perkingly-reyna.ngrok-free.dev/account"}
{"timestamp": null, "level": null, "name": "Errors", "message": "Relay GET /positions failed: 404 Client Error: Not Found for url: https://unmaddened-perkingly-reyna.ngrok-free.dev/positions"}
{"timestamp": null, "level": null, "name": "Errors", "message": "Relay GET /account failed: 404 Client Error: Not Found for url: https://unmaddened-perkingly-reyna.ngrok-free.dev/account"}
{"timestamp": null, "level": null, "name": "Errors", "message": "Relay GET /positions failed: 404 Client Error: Not Found for url: https://unmaddened-perkingly-reyna.ngrok-free.dev/positions"}
{"timestamp": null, "level": null, "name": "Errors", "message": "Relay GET /account failed: 404 Client Error: Not Found for url: https://unmaddened-perkingly-reyna.ngrok-free.dev/account"}
{"timestamp": null, "level": null, "name": "Errors", "message": "Relay GET /positions failed: 404 Client Error: Not Found for url: https://unmaddened-perkingly-reyna.ngrok-free.dev/positions"}
{"timestamp": null, "level": null, "name": "Errors", "message": "Relay GET /account failed: 404 Client Error: Not Found for url: https://unmaddened-perkingly-reyna.ngrok-free.dev/account"}
{"timestamp": null, "level": null, "name": "Errors", "message": "Relay GET /positions failed: 404 Client Error: Not Found for url: https://unmaddened-perkingly-reyna.ngrok-free.dev/positions"}
{"timestamp": null, "level": null, "name": "Errors", "message": "Relay GET /account failed: 404 Client Error: Not Found for url: https://unmaddened-perkingly-reyna.ngrok-free.dev/account"}
{"timestamp": null, "level": null, "name": "Errors", "message": "Relay GET /positions failed: 404 Client Error: Not Found for url: https://unmaddened-perkingly-reyna.ngrok-free.dev/positions"}
{"timestamp": null, "level": null, "name": "Errors", "message": "Relay GET /account failed: 404 Client Error: Not Found for url: https://unmaddened-perkingly-reyna.ngrok-free.dev/account"}
{"timestamp": null, "level": null, "name": "Errors", "message": "Relay GET /positions failed: 404 Client Error: Not Found for url: https://unmaddened-perkingly-reyna.ngrok-free.dev/positions"}
{"timestamp": null, "level": null, "name": "Errors", "message": "Relay GET /positions failed: 404 Client Error: Not Found for url: https://unmaddened-perkingly-reyna.ngrok-free.dev/positions"}
{"timestamp": null, "level": null, "name": "Errors", "message": "Relay GET /positions failed: 404 Client Error: Not Found for url: https://unmaddened-perkingly-reyna.ngrok-free.dev/positions"}
{"timestamp": null, "level": null, "name": "Errors", "message": "Relay GET /positions failed: 404 Client Error: Not Found for url: https://unmaddened-perkingly-reyna.ngrok-free.dev/positions"}
{"timestamp": null, "level": null, "name": "Errors", "message": "Relay GET /candles failed: 404 Client Error: Not Found for url: https://unmaddened-perkingly-reyna.ngrok-free.dev/candles?pair=EUR%2FUSD&timeframe=5&count=100"}
{"timestamp": null, "level": null, "name": "Errors", "message": "Relay candles failed for EUR/USD: None"}
{"timestamp": null, "level": null, "name": "Errors", "message": "Relay GET /candles failed: 404 Client Error: Not Found for url: https://unmaddened-perkingly-reyna.ngrok-free.dev/candles?pair=GBP%2FUSD&timeframe=5&count=100"}
{"timestamp": null, "level": null, "name": "Errors", "message": "Relay candles failed for GBP/USD: None"}
{"timestamp": null, "level": null, "name": "Errors", "message": "Relay GET /candles failed: 404 Client Error: Not Found for url: https://unmaddened-perkingly-reyna.ngrok-free.dev/candles?pair=USD%2FJPY&timeframe=5&count=100"}
{"timestamp": null, "level": null, "name": "Errors", "message": "Relay candles failed for USD/JPY: None"}
{"timestamp": null, "level": null, "name": "Errors", "message": "Relay GET /account failed: 404 Client Error: Not Found for url: https://unmaddened-perkingly-reyna.ngrok-free.dev/account"}
{"timestamp": null, "level": null, "name": "Errors", "message": "Relay GET /positions failed: 404 Client Error: Not Found for url: https://unmaddened-perkingly-reyna.ngrok-free.dev/positions"}
{"timestamp": null, "level": null, "name": "Errors", "message": "Relay GET /account failed: 404 Client Error: Not Found for url: https://unmaddened-perkingly-reyna.ngrok-free.dev/account"}
{"timestamp": null, "level": null, "name": "Errors", "message": "Relay GET /positions failed: 404 Client Error: Not Found for url: https://unmaddened-perkingly-reyna.ngrok-free.dev/positions"}
{"timestamp": null, "level": null, "name": "Errors", "message": "Relay GET /account failed: 404 Client Error: Not Found for url: https://unmaddened-perkingly-reyna.ngrok-free.dev/account"}
{"timestamp": null, "level": null, "name": "Errors", "message": "Relay GET /positions failed: 404 Client Error: Not Found for url: https://unmaddened-perkingly-reyna.ngrok-free.dev/positions"}
{"timestamp": null, "level": null, "name": "Errors", "message": "Relay GET /account failed: 404 Client Error: Not Found for url: https://unmaddened-perkingly-reyna.ngrok-free.dev/account"}
{"timestamp": null, "level": null, "name": "Errors", "message": "Relay GET /positions failed: 404 Client Error: Not Found for url: https://unmaddened-perkingly-reyna.ngrok-free.dev/positions"}
{"timestamp": null, "level": null, "name": "Errors", "message": "Relay GET /account failed: 404 Client Error: Not Found for url: https://unmaddened-perkingly-reyna.ngrok-free.dev/account"}
{"timestamp": null, "level": null, "name": "Errors", "message": "Relay GET /positions failed: 404 Client Error: Not Found for url: https://unmaddened-perkingly-reyna.ngrok-free.dev/positions"}
{"timestamp": null, "level": null, "name": "Errors", "message": "Relay GET /account failed: 404 Client Error: Not Found for url: https://unmaddened-perkingly-reyna.ngrok-free.dev/account"}
{"timestamp": null, "level": null, "name": "Errors", "message": "Relay GET /positions failed: 404 Client Error: Not Found for url: https://unmaddened-perkingly-reyna.ngrok-free.dev/positions"}
{"timestamp": null, "level": null, "name": "Errors", "message": "Relay GET /positions failed: 404 Client Error: Not Found for url: https://unmaddened-perkingly-reyna.ngrok-free.dev/positions"}
{"timestamp": null, "level": null, "name": "Errors", "message": "Relay GET /positions failed: 404 Client Error: Not Found for url: https://unmaddened-perkingly-reyna.ngrok-free.dev/positions"}
{"timestamp": null, "level": null, "name": "Errors", "message": "Relay GET /positions failed: 404 Client Error: Not Found for url: https://unmaddened-perkingly-reyna.ngrok-free.dev/positions"}
{"timestamp": null, "level": null, "name": "Errors", "message": "Relay GET /candles failed: 404 Client Error: Not Found for url: https://unmaddened-perkingly-reyna.ngrok-free.dev/candles?pair=EUR%2FUSD&timeframe=5&count=100"}
{"timestamp": null, "level": null, "name": "Errors", "message": "Relay candles failed for EUR/USD: None"}
{"timestamp": null, "level": null, "name": "Errors", "message": "Relay GET /candles failed: 404 Client Error: Not Found for url: https://unmaddened-perkingly-reyna.ngrok-free.dev/candles?pair=GBP%2FUSD&timeframe=5&count=100"}
{"timestamp": null, "level": null, "name": "Errors", "message": "Relay candles failed for GBP/USD: None"}
{"timestamp": null, "level": null, "name": "Errors", "message": "Relay GET /candles failed: 404 Client Error: Not Found for url: https://unmaddened-perkingly-reyna.ngrok-free.dev/candles?pair=USD%2FJPY&timeframe=5&count=100"}
{"timestamp": null, "level": null, "name": "Errors", "message": "Relay candles failed for USD/JPY: None"}
{"timestamp": null, "level": null, "name": "Errors", "message": "Relay GET /account failed: 404 Client Error: Not Found for url: https://unmaddened-perkingly-reyna.ngrok-free.dev/account"}
{"timestamp": null, "level": null, "name": "Errors", "message": "Relay GET /positions failed: 404 Client Error: Not Found for url: https://unmaddened-perkingly-reyna.ngrok-free.dev/positions"}
{"timestamp": null, "level": null, "name": "Errors", "message": "Relay GET /account failed: 404 Client Error: Not Found for url: https://unmaddened-perkingly-reyna.ngrok-free.dev/account"}
{"timestamp": null, "level": null, "name": "Errors", "message": "Relay GET /positions failed: 404 Client Error: Not Found for url: https://unmaddened-perkingly-reyna.ngrok-free.dev/positions"}
{"timestamp": null, "level": null, "name": "Errors", "message": "Relay GET /account failed: 404 Client Error: Not Found for url: https://unmaddened-perkingly-reyna.ngrok-free.dev/account"}
{"timestamp": null, "level": null, "name": "Errors", "message": "Relay GET /positions failed: 404 Client Error: Not Found for url: https://unmaddened-perkingly-reyna.ngrok-free.dev/positions"}
{"timestamp": null, "level": null, "name": "Errors", "message": "Relay GET /account failed: 404 Client Error: Not Found for url: https://unmaddened-perkingly-reyna.ngrok-free.dev/account"}
{"timestamp": null, "level": null, "name": "Errors", "message": "Relay GET /positions failed: 404 Client Error: Not Found for url: https://unmaddened-perkingly-reyna.ngrok-free.dev/positions"}
{"timestamp": null, "level": null, "name": "Errors", "message": "Relay GET /account failed: 404 Client Error: Not Found for url: https://unmaddened-perkingly-reyna.ngrok-free.dev/account"}
{"timestamp": null, "level": null, "name": "Errors", "message": "Relay GET /positions failed: 404 Client Error: Not Found for url: https://unmaddened-perkingly-reyna.ngrok-free.dev/positions"}
{"timestamp": null, "level": null, "name": "Errors", "message": "Relay GET /account failed: 404 Client Error: Not Found for url: https://unmaddened-perkingly-reyna.ngrok-free.dev/account"}
{"timestamp": null, "level": null, "name": "Errors", "message": "Relay GET /positions failed: 404 Client Error: Not Found for url: https://unmaddened-perkingly-reyna.ngrok-free.dev/positions"}
{"timestamp": null, "level": null, "name": "Errors", "message": "Relay GET /positions failed: 404 Client Error: Not Found for url: https://unmaddened-perkingly-reyna.ngrok-free.dev/positions"}
{"timestamp": null, "level": null, "name": "Errors", "message": "Relay GET /positions failed: 404 Client Error: Not Found for url: https://unmaddened-perkingly-reyna.ngrok-free.dev/positions"}
{"timestamp": null, "level": null, "name": "Errors", "message": "Relay GET /positions failed: 404 Client Error: Not Found for url: https://unmaddened-perkingly-reyna.ngrok-free.dev/positions"}
{"timestamp": null, "level": null, "name": "Errors", "message": "Relay GET /candles failed: 404 Client Error: Not Found for url: https://unmaddened-perkingly-reyna.ngrok-free.dev/candles?pair=EUR%2FUSD&timeframe=5&count=100"}
{"timestamp": null, "level": null, "name": "Errors", "message": "Relay candles failed for EUR/USD: None"}
{"timestamp": null, "level": null, "name": "Errors", "message": "Relay GET /candles failed: 404 Client Error: Not Found for url: https://unmaddened-perkingly-reyna.ngrok-free.dev/candles?pair=GBP%2FUSD&timeframe=5&count=100"}
{"timestamp": null, "level": null, "name": "Errors", "message": "Relay candles failed for GBP/USD: None"}
{"timestamp": null, "level": null, "name": "Errors", "message": "Relay GET /candles failed: 404 Client Error: Not Found for url: https://unmaddened-perkingly-reyna.ngrok-free.dev/candles?pair=USD%2FJPY&timeframe=5&count=100"}
{"timestamp": null, "level": null, "name": "Errors", "message": "Relay candles failed for USD/JPY: None"}
{"timestamp": null, "level": null, "name": "Errors", "message": "Relay GET /account failed: 404 Client Error: Not Found for url: https://unmaddened-perkingly-reyna.ngrok-free.dev/account"}
{"timestamp": null, "level": null, "name": "Errors", "message": "Relay GET /positions failed: 404 Client Error: Not Found for url: https://unmaddened-perkingly-reyna.ngrok-free.dev/positions"}
{"timestamp": null, "level": null, "name": "Errors", "message": "Relay GET /account failed: 404 Client Error: Not Found for url: https://unmaddened-perkingly-reyna.ngrok-free.dev/account"}
{"timestamp": null, "level": null, "name": "Errors", "message": "Relay GET /positions failed: 404 Client Error: Not Found for url: https://unmaddened-perkingly-reyna.ngrok-free.dev/positions"}
{"timestamp": null, "level": null, "name": "Errors", "message": "Relay GET /account failed: 404 Client Error: Not Found for url: https://unmaddened-perkingly-reyna.ngrok-free.dev/account"}
{"timestamp": null, "level": null, "name": "Errors", "message": "Relay GET /positions failed: 404 Client Error: Not Found for url: https://unmaddened-perkingly-reyna.ngrok-free.dev/positions"}
{"timestamp": null, "level": null, "name": "Errors", "message": "Relay GET /account failed: 404 Client Error: Not Found for url: https://unmaddened-perkingly-reyna.ngrok-free.dev/account"}
{"timestamp": null, "level": null, "name": "Errors", "message": "Relay GET /positions failed: 404 Client Error: Not Found for url: https://unmaddened-perkingly-reyna.ngrok-free.dev/positions"}
{"timestamp": null, "level": null, "name": "Errors", "message": "Relay GET /account failed: 404 Client Error: Not Found for url: https://unmaddened-perkingly-reyna.ngrok-free.dev/account"}
{"timestamp": null, "level": null, "name": "Errors", "message": "Relay GET /positions failed: 404 Client Error: Not Found for url: https://unmaddened-perkingly-reyna.ngrok-free.dev/positions"}
{"timestamp": null, "level": null, "name": "Errors", "message": "Relay GET /account failed: 404 Client Error: Not Found for url: https://unmaddened-perkingly-reyna.ngrok-free.dev/account"}
{"timestamp": null, "level": null, "name": "Errors", "message": "Relay GET /positions failed: 404 Client Error: Not Found for url: https://unmaddened-perkingly-reyna.ngrok-free.dev/positions"}
{"timestamp": null, "level": null, "name": "Errors", "message": "Relay GET /positions failed: 404 Client Error: Not Found for url: https://unmaddened-perkingly-reyna.ngrok-free.dev/positions"}
{"timestamp": null, "level": null, "name": "Errors", "message": "Relay GET /positions failed: 404 Client Error: Not Found for url: https://unmaddened-perkingly-reyna.ngrok-free.dev/positions"}
{"timestamp": null, "level": null, "name": "Errors", "message": "Relay GET /positions failed: 404 Client Error: Not Found for url: https://unmaddened-perkingly-reyna.ngrok-free.dev/positions"}
{"timestamp": null, "level": null, "name": "Errors", "message": "Relay GET /candles failed: 404 Client Error: Not Found for url: https://unmaddened-perkingly-reyna.ngrok-free.dev/candles?pair=EUR%2FUSD&timeframe=5&count=100"}
{"timestamp": null, "level": null, "name": "Errors", "message": "Relay candles failed for EUR/USD: None"}
{"timestamp": null, "level": null, "name": "Errors", "message": "Relay GET /candles failed: 404 Client Error: Not Found for url: https://unmaddened-perkingly-reyna.ngrok-free.dev/candles?pair=GBP%2FUSD&timeframe=5&count=100"}
{"timestamp": null, "level": null, "name": "Errors", "message": "Relay candles failed for GBP/USD: None"}
{"timestamp": null, "level": null, "name": "Errors", "message": "Relay GET /candles failed: 404 Client Error: Not Found for url: https://unmaddened-perkingly-reyna.ngrok-free.dev/candles?pair=USD%2FJPY&timeframe=5&count=100"}
{"timestamp": null, "level": null, "name": "Errors", "message": "Relay candles failed for USD/JPY: None"}
{"timestamp": null, "level": null, "name": "Errors", "message": "Relay GET /account failed: 404 Client Error: Not Found for url: https://unmaddened-perkingly-reyna.ngrok-free.dev/account"}
{"timestamp": null, "level": null, "name": "Errors", "message": "Relay GET /positions failed: 404 Client Error: Not Found for url: https://unmaddened-perkingly-reyna.ngrok-free.dev/positions"}
{"timestamp": null, "level": null, "name": "Errors", "message": "Relay GET /account failed: 404 Client Error: Not Found for url: https://unmaddened-perkingly-reyna.ngrok-free.dev/account"}
{"timestamp": null, "level": null, "name": "Errors", "message": "Relay GET /positions failed: 404 Client Error: Not Found for url: https://unmaddened-perkingly-reyna.ngrok-free.dev/positions"}
{"timestamp": null, "level": null, "name": "Errors", "message": "Relay GET /account failed: 404 Client Error: Not Found for url: https://unmaddened-perkingly-reyna.ngrok-free.dev/account"}
{"timestamp": null, "level": null, "name": "Errors", "message": "Relay GET /positions failed: 404 Client Error: Not Found for url: https://unmaddened-perkingly-reyna.ngrok-free.dev/positions"}
{"timestamp": null, "level": null, "name": "Errors", "message": "Relay GET /account failed: 404 Client Error: Not Found for url: https://unmaddened-perkingly-reyna.ngrok-free.dev/account"}
{"timestamp": null, "level": null, "name": "Errors", "message": "Relay GET /positions failed: 404 Client Error: Not Found for url: https://unmaddened-perkingly-reyna.ngrok-free.dev/positions"}
{"timestamp": null, "level": null, "name": "Errors", "message": "Relay GET /account failed: 404 Client Error: Not Found for url: https://unmaddened-perkingly-reyna.ngrok-free.dev/account"}
{"timestamp": null, "level": null, "name": "Errors", "message": "Relay GET /positions failed: 404 Client Error: Not Found for url: https://unmaddened-perkingly-reyna.ngrok-free.dev/positions"}
{"timestamp": null, "level": null, "name": "Errors", "message": "Relay GET /account failed: 404 Client Error: Not Found for url: https://unmaddened-perkingly-reyna.ngrok-free.dev/account"}
{"timestamp": null, "level": null, "name": "Errors", "message": "Relay GET /positions failed: 404 Client Error: Not Found for url: https://unmaddened-perkingly-reyna.ngrok-free.dev/positions"}
{"timestamp": null, "level": null, "name": "Errors", "message": "Relay GET /positions failed: 404 Client Error: Not Found for url: https://unmaddened-perkingly-reyna.ngrok-free.dev/positions"}
{"timestamp": null, "level": null, "name": "Errors", "message": "Relay GET /positions failed: 404 Client Error: Not Found for url: https://unmaddened-perkingly-reyna.ngrok-free.dev/positions"}
{"timestamp": null, "level": null, "name": "Errors", "message": "Relay GET /positions failed: 404 Client Error: Not Found for url: https://unmaddened-perkingly-reyna.ngrok-free.dev/positions"}
{"timestamp": null, "level": null, "name": "Errors", "message": "Relay GET /candles failed: 404 Client Error: Not Found for url: https://unmaddened-perkingly-reyna.ngrok-free.dev/candles?pair=EUR%2FUSD&timeframe=5&count=100"}
{"timestamp": null, "level": null, "name": "Errors", "message": "Relay candles failed for EUR/USD: None"}
{"timestamp": null, "level": null, "name": "Errors", "message": "Relay GET /candles failed: 404 Client Error: Not Found for url: https://unmaddened-perkingly-reyna.ngrok-free.dev/candles?pair=GBP%2FUSD&timeframe=5&count=100"}
{"timestamp": null, "level": null, "name": "Errors", "message": "Relay candles failed for GBP/USD: None"}
{"timestamp": null, "level": null, "name": "Errors", "message": "Relay GET /candles failed: 404 Client Error: Not Found for url: https://unmaddened-perkingly-reyna.ngrok-free.dev/candles?pair=USD%2FJPY&timeframe=5&count=100"}
{"timestamp": null, "level": null, "name": "Errors", "message": "Relay candles failed for USD/JPY: None"}
{"timestamp": null, "level": null, "name": "Errors", "message": "Relay GET /account failed: 404 Client Error: Not Found for url: https://unmaddened-perkingly-reyna.ngrok-free.dev/account"}
{"timestamp": null, "level": null, "name": "Errors", "message": "Relay GET /positions failed: 404 Client Error: Not Found for url: https://unmaddened-perkingly-reyna.ngrok-free.dev/positions"}
{"timestamp": null, "level": null, "name": "Errors", "message": "Relay GET /account failed: 404 Client Error: Not Found for url: https://unmaddened-perkingly-reyna.ngrok-free.dev/account"}
{"timestamp": null, "level": null, "name": "Errors", "message": "Relay GET /positions failed: 404 Client Error: Not Found for url: https://unmaddened-perkingly-reyna.ngrok-free.dev/positions"}
{"timestamp": null, "level": null, "name": "Errors", "message": "Relay GET /account failed: 404 Client Error: Not Found for url: https://unmaddened-perkingly-reyna.ngrok-free.dev/account"}
{"timestamp": null, "level": null, "name": "Errors", "message": "Relay GET /positions failed: 404 Client Error: Not Found for url: https://unmaddened-perkingly-reyna.ngrok-free.dev/positions"}
{"timestamp": null, "level": null, "name": "Errors", "message": "Relay GET /account failed: 404 Client Error: Not Found for url: https://unmaddened-perkingly-reyna.ngrok-free.dev/account"}
{"timestamp": null, "level": null, "name": "Errors", "message": "Relay GET /positions failed: 404 Client Error: Not Found for url: https://unmaddened-perkingly-reyna.ngrok-free.dev/positions"}
{"timestamp": null, "level": null, "name": "Errors", "message": "Relay GET /account failed: 404 Client Error: Not Found for url: https://unmaddened-perkingly-reyna.ngrok-free.dev/account"}
{"timestamp": null, "level": null, "name": "Errors", "message": "Relay GET /positions failed: 404 Client Error: Not Found for url: https://unmaddened-perkingly-reyna.ngrok-free.dev/positions"}
{"timestamp": null, "level": null, "name": "Errors", "message": "Relay GET /account failed: 404 Client Error: Not Found for url: https://unmaddened-perkingly-reyna.ngrok-free.dev/account"}
{"timestamp": null, "level": null, "name": "Errors", "message": "Relay GET /positions failed: 404 Client Error: Not Found for url: https://unmaddened-perkingly-reyna.ngrok-free.dev/positions"}
{"timestamp": null, "level": null, "name": "Errors", "message": "Relay GET /positions failed: 404 Client Error: Not Found for url: https://unmaddened-perkingly-reyna.ngrok-free.dev/positions"}
{"timestamp": null, "level": null, "name": "Errors", "message": "Relay GET /positions failed: 404 Client Error: Not Found for url: https://unmaddened-perkingly-reyna.ngrok-free.dev/positions"}
{"timestamp": null, "level": null, "name": "Errors", "message": "Relay GET /positions failed: 404 Client Error: Not Found for url: https://unmaddened-perkingly-reyna.ngrok-free.dev/positions"}
{"timestamp": null, "level": null, "name": "Errors", "message": "Relay GET /candles failed: 404 Client Error: Not Found for url: https://unmaddened-perkingly-reyna.ngrok-free.dev/candles?pair=EUR%2FUSD&timeframe=5&count=100"}
{"timestamp": null, "level": null, "name": "Errors", "message": "Relay candles failed for EUR/USD: None"}
{"timestamp": null, "level": null, "name": "Errors", "message": "Relay GET /candles failed: 404 Client Error: Not Found for url: https://unmaddened-perkingly-reyna.ngrok-free.dev/candles?pair=GBP%2FUSD&timeframe=5&count=100"}
{"timestamp": null, "level": null, "name": "Errors", "message": "Relay candles failed for GBP/USD: None"}
{"timestamp": null, "level": null, "name": "Errors", "message": "Relay GET /candles failed: 404 Client Error: Not Found for url: https://unmaddened-perkingly-reyna.ngrok-free.dev/candles?pair=USD%2FJPY&timeframe=5&count=100"}
{"timestamp": null, "level": null, "name": "Errors", "message": "Relay candles failed for USD/JPY: None"}
{"timestamp": null, "level": null, "name": "Errors", "message": "Relay GET /account failed: 404 Client Error: Not Found for url: https://unmaddened-perkingly-reyna.ngrok-free.dev/account"}
{"timestamp": null, "level": null, "name": "Errors", "message": "Relay GET /positions failed: 404 Client Error: Not Found for url: https://unmaddened-perkingly-reyna.ngrok-free.dev/positions"}
{"timestamp": null, "level": null, "name": "Errors", "message": "Relay GET /account failed: 404 Client Error: Not Found for url: https://unmaddened-perkingly-reyna.ngrok-free.dev/account"}
{"timestamp": null, "level": null, "name": "Errors", "message": "Relay GET /positions failed: 404 Client Error: Not Found for url: https://unmaddened-perkingly-reyna.ngrok-free.dev/positions"}
{"timestamp": null, "level": null, "name": "Errors", "message": "Relay GET /account failed: 404 Client Error: Not Found for url: https://unmaddened-perkingly-reyna.ngrok-free.dev/account"}
{"timestamp": null, "level": null, "name": "Errors", "message": "Relay GET /positions failed: 404 Client Error: Not Found for url: https://unmaddened-perkingly-reyna.ngrok-free.dev/positions"}
{"timestamp": null, "level": null, "name": "Errors", "message": "Relay GET /account failed: 404 Client Error: Not Found for url: https://unmaddened-perkingly-reyna.ngrok-free.dev/account"}
{"timestamp": null, "level": null, "name": "Errors", "message": "Relay GET /positions failed: 404 Client Error: Not Found for url: https://unmaddened-perkingly-reyna.ngrok-free.dev/positions"}
{"timestamp": null, "level": null, "name": "Errors", "message": "Relay GET /account failed: 404 Client Error: Not Found for url: https://unmaddened-perkingly-reyna.ngrok-free.dev/account"}
{"timestamp": null, "level": null, "name": "Errors", "message": "Relay GET /positions failed: 404 Client Error: Not Found for url: https://unmaddened-perkingly-reyna.ngrok-free.dev/positions"}
{"timestamp": null, "level": null, "name": "Errors", "message": "Relay GET /account failed: 404 Client Error: Not Found for url: https://unmaddened-perkingly-reyna.ngrok-free.dev/account"}
{"timestamp": null, "level": null, "name": "Errors", "message": "Relay GET /positions failed: 404 Client Error: Not Found for url: https://unmaddened-perkingly-reyna.ngrok-free.dev/positions"}
{"timestamp": null, "level": null, "name": "Errors", "message": "Relay GET /positions failed: 404 Client Error: Not Found for url: https://unmaddened-perkingly-reyna.ngrok-free.dev/positions"}
{"timestamp": null, "level": null, "name": "Errors", "message": "Relay GET /positions failed: 404 Client Error: Not Found for url: https://unmaddened-perkingly-reyna.ngrok-free.dev/positions"}
{"timestamp": null, "level": null, "name": "Errors", "message": "Relay GET /positions failed: 404 Client Error: Not Found for url: https://unmaddened-perkingly-reyna.ngrok-free.dev/positions"}
{"timestamp": null, "level": null, "name": "Errors", "message": "Relay GET /candles failed: 404 Client Error: Not Found for url: https://unmaddened-perkingly-reyna.ngrok-free.dev/candles?pair=EUR%2FUSD&timeframe=5&count=100"}
{"timestamp": null, "level": null, "name": "Errors", "message": "Relay candles failed for EUR/USD: None"}
{"timestamp": null, "level": null, "name": "Errors", "message": "Relay GET /candles failed: 404 Client Error: Not Found for url: https://unmaddened-perkingly-reyna.ngrok-free.dev/candles?pair=GBP%2FUSD&timeframe=5&count=100"}
{"timestamp": null, "level": null, "name": "Errors", "message": "Relay candles failed for GBP/USD: None"}
{"timestamp": null, "level": null, "name": "Errors", "message": "Relay GET /candles failed: 404 Client Error: Not Found for url: https://unmaddened-perkingly-reyna.ngrok-free.dev/candles?pair=USD%2FJPY&timeframe=5&count=100"}
{"timestamp": null, "level": null, "name": "Errors", "message": "Relay candles failed for USD/JPY: None"}
{"timestamp": null, "level": null, "name": "Errors", "message": "Relay GET /account failed: 404 Client Error: Not Found for url: https://unmaddened-perkingly-reyna.ngrok-free.dev/account"}
{"timestamp": null, "level": null, "name": "Errors", "message": "Relay GET /positions failed: 404 Client Error: Not Found for url: https://unmaddened-perkingly-reyna.ngrok-free.dev/positions"}
{"timestamp": null, "level": null, "name": "Errors", "message": "Relay GET /account failed: 404 Client Error: Not Found for url: https://unmaddened-perkingly-reyna.ngrok-free.dev/account"}
{"timestamp": null, "level": null, "name": "Errors", "message": "Relay GET /positions failed: 404 Client Error: Not Found for url: https://unmaddened-perkingly-reyna.ngrok-free.dev/positions"}
{"timestamp": null, "level": null, "name": "Errors", "message": "Relay GET /account failed: 404 Client Error: Not Found for url: https://unmaddened-perkingly-reyna.ngrok-free.dev/account"}
{"timestamp": null, "level": null, "name": "Errors", "message": "Relay GET /positions failed: 404 Client Error: Not Found for url: https://unmaddened-perkingly-reyna.ngrok-free.dev/positions"}
{"timestamp": null, "level": null, "name": "Errors", "message": "Relay GET /account failed: 404 Client Error: Not Found for url: https://unmaddened-perkingly-reyna.ngrok-free.dev/account"}
{"timestamp": null, "level": null, "name": "Errors", "message": "Relay GET /positions failed: 404 Client Error: Not Found for url: https://unmaddened-perkingly-reyna.ngrok-free.dev/positions"}
{"timestamp": null, "level": null, "name": "Errors", "message": "Relay GET /account failed: 404 Client Error: Not Found for url: https://unmaddened-perkingly-reyna.ngrok-free.dev/account"}
{"timestamp": null, "level": null, "name": "Errors", "message": "Relay GET /positions failed: 404 Client Error: Not Found for url: https://unmaddened-perkingly-reyna.ngrok-free.dev/positions"}
{"timestamp": null, "level": null, "name": "Errors", "message": "Relay GET /account failed: 404 Client Error: Not Found for url: https://unmaddened-perkingly-reyna.ngrok-free.dev/account"}
{"timestamp": null, "level": null, "name": "Errors", "message": "Relay GET /positions failed: 404 Client Error: Not Found for url: https://unmaddened-perkingly-reyna.ngrok-free.dev/positions"}
{"timestamp": null, "level": null, "name": "Errors", "message": "Relay GET /positions failed: 404 Client Error: Not Found for url: https://unmaddened-perkingly-reyna.ngrok-free.dev/positions"}
{"timestamp": null, "level": null, "name": "Errors", "message": "Relay GET /positions failed: 404 Client Error: Not Found for url: https://unmaddened-perkingly-reyna.ngrok-free.dev/positions"}
{"timestamp": null, "level": null, "name": "Errors", "message": "Relay GET /positions failed: 404 Client Error: Not Found for url: https://unmaddened-perkingly-reyna.ngrok-free.dev/positions"}
{"timestamp": null, "level": null, "name": "Errors", "message": "Relay GET /candles failed: 404 Client Error: Not Found for url: https://unmaddened-perkingly-reyna.ngrok-free.dev/candles?pair=EUR%2FUSD&timeframe=5&count=100"}
{"timestamp": null, "level": null, "name": "Errors", "message": "Relay candles failed for EUR/USD: None"}
{"timestamp": null, "level": null, "name": "Errors", "message": "Relay GET /candles failed: 404 Client Error: Not Found for url: https://unmaddened-perkingly-reyna.ngrok-free.dev/candles?pair=GBP%2FUSD&timeframe=5&count=100"}
{"timestamp": null, "level": null, "name": "Errors", "message": "Relay candles failed for GBP/USD: None"}
{"timestamp": null, "level": null, "name": "Errors", "message": "Relay GET /candles failed: 404 Client Error: Not Found for url: https://unmaddened-perkingly-reyna.ngrok-free.dev/candles?pair=USD%2FJPY&timeframe=5&count=100"}
{"timestamp": null, "level": null, "name": "Errors", "message": "Relay candles failed for USD/JPY: None"}
{"timestamp": null, "level": null, "name": "Errors", "message": "Relay GET /account failed: 404 Client Error: Not Found for url: https://unmaddened-perkingly-reyna.ngrok-free.dev/account"}
{"timestamp": null, "level": null, "name": "Errors", "message": "Relay GET /positions failed: 404 Client Error: Not Found for url: https://unmaddened-perkingly-reyna.ngrok-free.dev/positions"}
{"timestamp": null, "level": null, "name": "Errors", "message": "Relay GET /account failed: 404 Client Error: Not Found for url: https://unmaddened-perkingly-reyna.ngrok-free.dev/account"}
{"timestamp": null, "level": null, "name": "Errors", "message": "Relay GET /positions failed: 404 Client Error: Not Found for url: https://unmaddened-perkingly-reyna.ngrok-free.dev/positions"}
{"timestamp": null, "level": null, "name": "Errors", "message": "Relay GET /account failed: 404 Client Error: Not Found for url: https://unmaddened-perkingly-reyna.ngrok-free.dev/account"}
{"timestamp": null, "level": null, "name": "Errors", "message": "Relay GET /positions failed: 404 Client Error: Not Found for url: https://unmaddened-perkingly-reyna.ngrok-free.dev/positions"}
{"timestamp": null, "level": null, "name": "Errors", "message": "Relay GET /account failed: 404 Client Error: Not Found for url: https://unmaddened-perkingly-reyna.ngrok-free.dev/account"}
{"timestamp": null, "level": null, "name": "Errors", "message": "Relay GET /positions failed: 404 Client Error: Not Found for url: https://unmaddened-perkingly-reyna.ngrok-free.dev/positions"}
{"timestamp": null, "level": null, "name": "Errors", "message": "Relay GET /account failed: 404 Client Error: Not Found for url: https://unmaddened-perkingly-reyna.ngrok-free.dev/account"}
{"timestamp": null, "level": null, "name": "Errors", "message": "Relay GET /positions failed: 404 Client Error: Not Found for url: https://unmaddened-perkingly-reyna.ngrok-free.dev/positions"}
{"timestamp": null, "level": null, "name": "Errors", "message": "Relay GET /account failed: 404 Client Error: Not Found for url: https://unmaddened-perkingly-reyna.ngrok-free.dev/account"}
{"timestamp": null, "level": null, "name": "Errors", "message": "Relay GET /positions failed: 404 Client Error: Not Found for url: https://unmaddened-perkingly-reyna.ngrok-free.dev/positions"}
{"timestamp": null, "level": null, "name": "Errors", "message": "Relay GET /ping failed: HTTPConnectionPool(host='10.0.0.66', port=5555): Max retries exceeded with url: /ping (Caused by ConnectTimeoutError(<urllib3.connection.HTTPConnection object at 0x7bbf3afa1340>, 'Connection to 10.0.0.66 timed out. (connect timeout=10)'))"}
{"timestamp": null, "level": null, "name": "Errors", "message": "Relay GET /ping failed: HTTPConnectionPool(host='127.0.0.1', port=5555): Max retries exceeded with url: /ping (Caused by NewConnectionError(\"HTTPConnection(host='127.0.0.1', port=5555): Failed to establish a new connection: [Errno 111] Connection refused\"))"}
{"timestamp": null, "level": null, "name": "Errors", "message": "Relay GET /ping failed: HTTPConnectionPool(host='127.0.0.1', port=5555): Max retries exceeded with url: /ping (Caused by NewConnectionError(\"HTTPConnection(host='127.0.0.1', port=5555): Failed to establish a new connection: [Errno 111] Connection refused\"))"}
{"timestamp": null, "level": null, "name": "Errors", "message": "Relay GET /ping failed: HTTPConnectionPool(host='127.0.0.1', port=5555): Max retries exceeded with url: /ping (Caused by NewConnectionError(\"HTTPConnection(host='127.0.0.1', port=5555): Failed to establish a new connection: [Errno 111] Connection refused\"))"}
{"timestamp": null, "level": null, "name": "Errors", "message": "Relay GET /account failed: HTTPConnectionPool(host='127.0.0.1', port=5555): Max retries exceeded with url: /account (Caused by NewConnectionError('<urllib3.connection.HTTPConnection object at 0x7e1b77779370>: Failed to establish a new connection: [Errno 111] Connection refused'))"}
{"timestamp": null, "level": null, "name": "Errors", "message": "Relay GET /account failed: HTTPConnectionPool(host='127.0.0.1', port=5555): Max retries exceeded with url: /account (Caused by NewConnectionError('<urllib3.connection.HTTPConnection object at 0x78d80e5b9820>: Failed to establish a new connection: [Errno 111] Connection refused'))"}
{"timestamp": null, "level": null, "name": "Errors", "message": "Relay GET /account failed: HTTPConnectionPool(host='127.0.0.1', port=5555): Max retries exceeded with url: /account (Caused by NewConnectionError('<urllib3.connection.HTTPConnection object at 0x71acdf9d4da0>: Failed to establish a new connection: [Errno 111] Connection refused'))"}
{"timestamp": null, "level": null, "name": "Errors", "message": "Relay GET /candles failed: HTTPConnectionPool(host='127.0.0.1', port=5555): Max retries exceeded with url: /candles?pair=EUR%2FUSD&timeframe=5&count=100 (Caused by NewConnectionError('<urllib3.connection.HTTPConnection object at 0x71acdf625730>: Failed to establish a new connection: [Errno 111] Connection refused'))"}
{"timestamp": null, "level": null, "name": "Errors", "message": "Relay candles failed for EUR/USD: None"}
{"timestamp": null, "level": null, "name": "Errors", "message": "Relay GET /candles failed: HTTPConnectionPool(host='127.0.0.1', port=5555): Max retries exceeded with url: /candles?pair=EUR%2FUSD&timeframe=60&count=100 (Caused by NewConnectionError('<urllib3.connection.HTTPConnection object at 0x71acc7ec5760>: Failed to establish a new connection: [Errno 111] Connection refused'))"}
{"timestamp": null, "level": null, "name": "Errors", "message": "Relay candles failed for EUR/USD: None"}
{"timestamp": null, "level": null, "name": "Errors", "message": "Relay GET /candles failed: HTTPConnectionPool(host='127.0.0.1', port=5555): Max retries exceeded with url: /candles?pair=EUR%2FUSD&timeframe=240&count=100 (Caused by NewConnectionError('<urllib3.connection.HTTPConnection object at 0x71acc7ec6f00>: Failed to establish a new connection: [Errno 111] Connection refused'))"}
{"timestamp": null, "level": null, "name": "Errors", "message": "Relay candles failed for EUR/USD: None"}
{"timestamp": null, "level": null, "name": "Errors", "message": "Relay GET /account failed: HTTPConnectionPool(host='127.0.0.1', port=5555): Max retries exceeded with url: /account (Caused by NewConnectionError('<urllib3.connection.HTTPConnection object at 0x7901521332f0>: Failed to establish a new connection: [Errno 111] Connection refused'))"}
{"timestamp": null, "level": null, "name": "Errors", "message": "Relay GET /candles failed: HTTPConnectionPool(host='127.0.0.1', port=5555): Max retries exceeded with url: /candles?pair=EUR%2FUSD&timeframe=5&count=100 (Caused by NewConnectionError('<urllib3.connection.HTTPConnection object at 0x790152287a10>: Failed to establish a new connection: [Errno 111] Connection refused'))"}
{"timestamp": null, "level": null, "name": "Errors", "message": "Relay candles failed for EUR/USD: None"}
{"timestamp": null, "level": null, "name": "Errors", "message": "Relay GET /candles failed: HTTPConnectionPool(host='127.0.0.1', port=5555): Max retries exceeded with url: /candles?pair=EUR%2FUSD&timeframe=60&count=100 (Caused by NewConnectionError('<urllib3.connection.HTTPConnection object at 0x790149e12750>: Failed to establish a new connection: [Errno 111] Connection refused'))"}
{"timestamp": null, "level": null, "name": "Errors", "message": "Relay candles failed for EUR/USD: None"}
{"timestamp": null, "level": null, "name": "Errors", "message": "Relay GET /candles failed: HTTPConnectionPool(host='127.0.0.1', port=5555): Max retries exceeded with url: /candles?pair=EUR%2FUSD&timeframe=240&count=100 (Caused by NewConnectionError('<urllib3.connection.HTTPConnection object at 0x790149e11e50>: Failed to establish a new connection: [Errno 111] Connection refused'))"}
{"timestamp": null, "level": null, "name": "Errors", "message": "Relay candles failed for EUR/USD: None"}
{"timestamp": null, "level": null, "name": "Errors", "message": "Error loading model: Could not deserialize 'keras.metrics.mse' because it is not a KerasSaveable subclass, creating new model"}
{"timestamp": null, "level": null, "name": "Errors", "message": "Error loading model: Could not deserialize 'keras.metrics.mse' because it is not a KerasSaveable subclass, creating new model"}
{"timestamp": null, "level": null, "name": "Errors", "message": "Error loading model: Could not deserialize 'keras.metrics.mse' because it is not a KerasSaveable subclass, creating new model"}
{"timestamp": null, "level": null, "name": "Errors", "message": "Error loading model: Could not deserialize 'keras.metrics.mse' because it is not a KerasSaveable subclass, creating new model"}
{"timestamp": null, "level": null, "name": "Errors", "message": "Error loading model: Could not deserialize 'keras.metrics.mse' because it is not a KerasSaveable subclass, creating new model"}
{"timestamp": null, "level": null, "name": "Errors", "message": "Error loading model: Could not deserialize 'keras.metrics.mse' because it is not a KerasSaveable subclass, creating new model"}
{"timestamp": null, "level": null, "name": "Errors", "message": "Error loading model: Could not deserialize 'keras.metrics.mse' because it is not a KerasSaveable subclass, creating new model"}
{"timestamp": null, "level": null, "name": "Errors", "message": "Error loading model: Could not deserialize 'keras.metrics.mse' because it is not a KerasSaveable subclass, creating new model"}
{"timestamp": null, "level": null, "name": "Errors", "message": "Error loading model: Could not deserialize 'keras.metrics.mse' because it is not a KerasSaveable subclass, creating new model"}
{"timestamp": null, "level": null, "name": "Errors", "message": "Error loading model: Could not deserialize 'keras.metrics.mse' because it is not a KerasSaveable subclass, creating new model"}
{"timestamp": null, "level": null, "name": "Errors", "message": "Error loading model: Could not deserialize 'keras.metrics.mse' because it is not a KerasSaveable subclass, creating new model"}
{"timestamp": null, "level": null, "name": "Errors", "message": "Error loading model: Could not deserialize 'keras.metrics.mse' because it is not a KerasSaveable subclass, creating new model"}
{"timestamp": null, "level": null, "name": "Errors", "message": "Error loading model: Could not deserialize 'keras.metrics.mse' because it is not a KerasSaveable subclass, creating new model"}
{"timestamp": null, "level": null, "name": "Errors", "message": "Error loading model: Could not deserialize 'keras.metrics.mse' because it is not a KerasSaveable subclass, creating new model"}
{"timestamp": null, "level": null, "name": "Errors", "message": "Error loading model: Could not deserialize 'keras.metrics.mse' because it is not a KerasSaveable subclass, creating new model"}
{"timestamp": null, "level": null, "name": "Errors", "message": "Error loading model: Could not deserialize 'keras.metrics.mse' because it is not a KerasSaveable subclass, creating new model"}
{"timestamp": null, "level": null, "name": "Errors", "message": "Error loading model: Could not deserialize 'keras.metrics.mse' because it is not a KerasSaveable subclass, creating new model"}
{"timestamp": null, "level": null, "name": "Errors", "message": "Error loading model: Could not deserialize 'keras.metrics.mse' because it is not a KerasSaveable subclass, creating new model"}
{"timestamp": null, "level": null, "name": "Errors", "message": "Relay GET /ping failed: HTTPConnectionPool(host='127.0.0.1', port=5555): Max retries exceeded with url: /ping (Caused by NewConnectionError(\"HTTPConnection(host='127.0.0.1', port=5555): Failed to establish a new connection: [Errno 111] Connection refused\"))"}
{"timestamp": null, "level": null, "name": "Errors", "message": "Error loading model: Could not deserialize 'keras.metrics.mse' because it is not a KerasSaveable subclass, creating new model"}
{"timestamp": null, "level": null, "name": "Errors", "message": "Error loading model: Could not deserialize 'keras.metrics.mse' because it is not a KerasSaveable subclass, creating new model"}
{"timestamp": null, "level": null, "name": "Errors", "message": "Error loading model: Could not deserialize 'keras.metrics.mse' because it is not a KerasSaveable subclass, creating new model"}
{"timestamp": null, "level": null, "name": "Errors", "message": "Error loading model: Could not deserialize 'keras.metrics.mse' because it is not a KerasSaveable subclass, creating new model"}
{"timestamp": null, "level": null, "name": "Errors", "message": "Error loading model: Could not deserialize 'keras.metrics.mse' because it is not a KerasSaveable subclass, creating new model"}
{"timestamp": null, "level": null, "name": "Errors", "message": "Error loading model: Could not deserialize 'keras.metrics.mse' because it is not a KerasSaveable subclass, creating new model"}
{"timestamp": null, "level": null, "name": "Errors", "message": "Error loading model: Could not deserialize 'keras.metrics.mse' because it is not a KerasSaveable subclass, creating new model"}
{"timestamp": null, "level": null, "name": "Errors", "message": "Error loading model: Could not deserialize 'keras.metrics.mse' because it is not a KerasSaveable subclass, creating new model"}
{"timestamp": null, "level": null, "name": "Errors", "message": "Error loading model: Could not deserialize 'keras.metrics.mse' because it is not a KerasSaveable subclass, creating new model"}
{"timestamp": null, "level": null, "name": "Errors", "message": "Error loading model: Could not deserialize 'keras.metrics.mse' because it is not a KerasSaveable subclass, creating new model"}
{"timestamp": null, "level": null, "name": "Errors", "message": "Error loading model: Could not deserialize 'keras.metrics.mse' because it is not a KerasSaveable subclass, creating new model"}
{"timestamp": null, "level": null, "name": "Errors", "message": "Error loading model: Could not deserialize 'keras.metrics.mse' because it is not a KerasSaveable subclass, creating new model"}
{"timestamp": null, "level": null, "name": "Errors", "message": "Error loading model: Could not deserialize 'keras.metrics.mse' because it is not a KerasSaveable subclass, creating new model"}
{"timestamp": null, "level": null, "name": "Errors", "message": "Error loading model: Could not deserialize 'keras.metrics.mse' because it is not a KerasSaveable subclass, creating new model"}
{"timestamp": null, "level": null, "name": "Errors", "message": "Error loading model: Could not deserialize 'keras.metrics.mse' because it is not a KerasSaveable subclass, creating new model"}
{"timestamp": null, "level": null, "name": "Errors", "message": "Error loading model: Could not deserialize 'keras.metrics.mse' because it is not a KerasSaveable subclass, creating new model"}
{"timestamp": null, "level": null, "name": "Errors", "message": "Error loading model: Could not deserialize 'keras.metrics.mse' because it is not a KerasSaveable subclass, creating new model"}
{"timestamp": null, "level": null, "name": "Errors", "message": "Error loading model: Could not deserialize 'keras.metrics.mse' because it is not a KerasSaveable subclass, creating new model"}
{"timestamp": null, "level": null, "name": "Errors", "message": "Error loading model: Could not deserialize 'keras.metrics.mse' because it is not a KerasSaveable subclass, creating new model"}
{"timestamp": null, "level": null, "name": "Errors", "message": "Error loading model: Could not deserialize 'keras.metrics.mse' because it is not a KerasSaveable subclass, creating new model"}
{"timestamp": null, "level": null, "name": "Errors", "message": "Error loading model: Could not deserialize 'keras.metrics.mse' because it is not a KerasSaveable subclass, creating new model"}
{"timestamp": null, "level": null, "name": "Errors", "message": "Error loading model: Could not deserialize 'keras.metrics.mse' because it is not a KerasSaveable subclass, creating new model"}
{"timestamp": null, "level": null, "name": "Errors", "message": "Error loading model: Could not deserialize 'keras.metrics.mse' because it is not a KerasSaveable subclass, creating new model"}
{"timestamp": null, "level": null, "name": "Errors", "message": "Error loading model: Could not deserialize 'keras.metrics.mse' because it is not a KerasSaveable subclass, creating new model"}
{"timestamp": null, "level": null, "name": "Errors", "message": "Error loading model: Could not deserialize 'keras.metrics.mse' because it is not a KerasSaveable subclass, creating new model"}
{"timestamp": null, "level": null, "name": "Errors", "message": "Error loading model: Could not deserialize 'keras.metrics.mse' because it is not a KerasSaveable subclass, creating new model"}
{"timestamp": null, "level": null, "name": "Errors", "message": "Error loading model: Could not deserialize 'keras.metrics.mse' because it is not a KerasSaveable subclass, creating new model"}
{"timestamp": null, "level": null, "name": "Errors", "message": "Error loading model: Could not deserialize 'keras.metrics.mse' because it is not a KerasSaveable subclass, creating new model"}
{"timestamp": null, "level": null, "name": "Errors", "message": "Error loading model: Could not deserialize 'keras.metrics.mse' because it is not a KerasSaveable subclass, creating new model"}
{"timestamp": null, "level": null, "name": "Errors", "message": "Error loading model: Could not deserialize 'keras.metrics.mse' because it is not a KerasSaveable subclass, creating new model"}
{"timestamp": null, "level": null, "name": "Errors", "message": "Error loading model: Could not deserialize 'keras.metrics.mse' because it is not a KerasSaveable subclass, creating new model"}
{"timestamp": null, "level": null, "name": "Errors", "message": "Error loading model: Could not deserialize 'keras.metrics.mse' because it is not a KerasSaveable subclass, creating new model"}
{"timestamp": null, "level": null, "name": "Errors", "message": "Error loading model: Could not deserialize 'keras.metrics.mse' because it is not a KerasSaveable subclass, creating new model"}
{"timestamp": null, "level": null, "name": "Errors", "message": "Error loading model: Could not deserialize 'keras.metrics.mse' because it is not a KerasSaveable subclass, creating new model"}
{"timestamp": null, "level": null, "name": "Errors", "message": "Error loading model: Could not deserialize 'keras.metrics.mse' because it is not a KerasSaveable subclass, creating new model"}
{"timestamp": null, "level": null, "name": "Errors", "message": "Error loading model: Could not deserialize 'keras.metrics.mse' because it is not a KerasSaveable subclass, creating new model"}
{"timestamp": null, "level": null, "name": "Errors", "message": "Error loading model: Could not deserialize 'keras.metrics.mse' because it is not a KerasSaveable subclass, creating new model"}
{"timestamp": null, "level": null, "name": "Errors", "message": "Error loading model: Could not deserialize 'keras.metrics.mse' because it is not a KerasSaveable subclass, creating new model"}
{"timestamp": null, "level": null, "name": "Errors", "message": "Error loading model: Could not deserialize 'keras.metrics.mse' because it is not a KerasSaveable subclass, creating new model"}
{"timestamp": null, "level": null, "name": "Errors", "message": "Error loading model: Could not deserialize 'keras.metrics.mse' because it is not a KerasSaveable subclass, creating new model"}
{"timestamp": null, "level": null, "name": "Errors", "message": "Error loading model: Could not deserialize 'keras.metrics.mse' because it is not a KerasSaveable subclass, creating new model"}
{"timestamp": null, "level": null, "name": "Errors", "message": "Error loading model: Could not deserialize 'keras.metrics.mse' because it is not a KerasSaveable subclass, creating new model"}
{"timestamp": null, "level": null, "name": "Errors", "message": "Error loading model: Could not deserialize 'keras.metrics.mse' because it is not a KerasSaveable subclass, creating new model"}
{"timestamp": null, "level": null, "name": "Errors", "message": "Error loading model: Could not deserialize 'keras.metrics.mse' because it is not a KerasSaveable subclass, creating new model"}
{"timestamp": null, "level": null, "name": "Errors", "message": "Error loading model: Could not deserialize 'keras.metrics.mse' because it is not a KerasSaveable subclass, creating new model"}
{"timestamp": null, "level": null, "name": "Errors", "message": "Relay GET /ping failed: HTTPConnectionPool(host='127.0.0.1', port=5555): Max retries exceeded with url: /ping (Caused by NewConnectionError('<urllib3.connection.HTTPConnection object at 0x773c226eb500>: Failed to establish a new connection: [Errno 111] Connection refused'))"}
{"timestamp": null, "level": null, "name": "Errors", "message": "Relay GET /ping failed: HTTPConnectionPool(host='127.0.0.1', port=5555): Max retries exceeded with url: /ping (Caused by NewConnectionError('<urllib3.connection.HTTPConnection object at 0x773c22718110>: Failed to establish a new connection: [Errno 111] Connection refused'))"}
{"timestamp": null, "level": null, "name": "Errors", "message": "Relay GET /ping failed: HTTPConnectionPool(host='127.0.0.1', port=5555): Max retries exceeded with url: /ping (Caused by NewConnectionError('<urllib3.connection.HTTPConnection object at 0x773c251403e0>: Failed to establish a new connection: [Errno 111] Connection refused'))"}
{"timestamp": null, "level": null, "name": "Errors", "message": "Relay GET /ping failed: HTTPConnectionPool(host='127.0.0.1', port=5555): Max retries exceeded with url: /ping (Caused by NewConnectionError('<urllib3.connection.HTTPConnection object at 0x773c22718890>: Failed to establish a new connection: [Errno 111] Connection refused'))"}
{"timestamp": null, "level": null, "name": "Errors", "message": "Relay GET /ping failed: HTTPConnectionPool(host='127.0.0.1', port=5555): Max retries exceeded with url: /ping (Caused by NewConnectionError('<urllib3.connection.HTTPConnection object at 0x773c22718fb0>: Failed to establish a new connection: [Errno 111] Connection refused'))"}
{"timestamp": null, "level": null, "name": "Errors", "message": "Relay GET /ping failed: HTTPConnectionPool(host='127.0.0.1', port=5555): Max retries exceeded with url: /ping (Caused by NewConnectionError('<urllib3.connection.HTTPConnection object at 0x773c22719730>: Failed to establish a new connection: [Errno 111] Connection refused'))"}
{"timestamp": null, "level": null, "name": "Errors", "message": "Relay GET /ping failed: HTTPConnectionPool(host='127.0.0.1', port=5555): Max retries exceeded with url: /ping (Caused by NewConnectionError('<urllib3.connection.HTTPConnection object at 0x773c22719f70>: Failed to establish a new connection: [Errno 111] Connection refused'))"}
{"timestamp": null, "level": null, "name": "Errors", "message": "Relay GET /ping failed: HTTPConnectionPool(host='127.0.0.1', port=5555): Max retries exceeded with url: /ping (Caused by NewConnectionError('<urllib3.connection.HTTPConnection object at 0x773c245fa9f0>: Failed to establish a new connection: [Errno 111] Connection refused'))"}
{"timestamp": null, "level": null, "name": "Errors", "message": "Relay GET /ping failed: HTTPConnectionPool(host='127.0.0.1', port=5555): Max retries exceeded with url: /ping (Caused by NewConnectionError('<urllib3.connection.HTTPConnection object at 0x773c22718bf0>: Failed to establish a new connection: [Errno 111] Connection refused'))"}
{"timestamp": null, "level": null, "name": "Errors", "message": "Relay GET /ping failed: HTTPConnectionPool(host='127.0.0.1', port=5555): Max retries exceeded with url: /ping (Caused by NewConnectionError('<urllib3.connection.HTTPConnection object at 0x773c227188c0>: Failed to establish a new connection: [Errno 111] Connection refused'))"}
{"timestamp": null, "level": null, "name": "Errors", "message": "Relay GET /ping failed: HTTPConnectionPool(host='127.0.0.1', port=5555): Max retries exceeded with url: /ping (Caused by NewConnectionError('<urllib3.connection.HTTPConnection object at 0x773c2271a570>: Failed to establish a new connection: [Errno 111] Connection refused'))"}
{"timestamp": null, "level": null, "name": "Errors", "message": "Relay GET /ping failed: HTTPConnectionPool(host='127.0.0.1', port=5555): Max retries exceeded with url: /ping (Caused by NewConnectionError('<urllib3.connection.HTTPConnection object at 0x773c2271ae70>: Failed to establish a new connection: [Errno 111] Connection refused'))"}
{"timestamp": null, "level": null, "name": "Errors", "message": "Relay GET /ping failed: HTTPConnectionPool(host='127.0.0.1', port=5555): Max retries exceeded with url: /ping (Caused by NewConnectionError('<urllib3.connection.HTTPConnection object at 0x7629e5e09e50>: Failed to establish a new connection: [Errno 111] Connection refused'))"}
{"timestamp": null, "level": null, "name": "Errors", "message": "Relay GET /ping failed: HTTPConnectionPool(host='127.0.0.1', port=5555): Max retries exceeded with url: /ping (Caused by NewConnectionError('<urllib3.connection.HTTPConnection object at 0x7629e5e3f950>: Failed to establish a new connection: [Errno 111] Connection refused'))"}
{"timestamp": null, "level": null, "name": "Errors", "message": "Relay GET /ping failed: HTTPConnectionPool(host='127.0.0.1', port=5555): Max retries exceeded with url: /ping (Caused by NewConnectionError('<urllib3.connection.HTTPConnection object at 0x7629e5e3f0b0>: Failed to establish a new connection: [Errno 111] Connection refused'))"}
{"timestamp": null, "level": null, "name": "Errors", "message": "Relay GET /ping failed: HTTPConnectionPool(host='127.0.0.1', port=5555): Max retries exceeded with url: /ping (Caused by NewConnectionError('<urllib3.connection.HTTPConnection object at 0x7629e5e6c170>: Failed to establish a new connection: [Errno 111] Connection refused'))"}
{"timestamp": null, "level": null, "name": "Errors", "message": "Relay GET /ping failed: HTTPConnectionPool(host='127.0.0.1', port=5555): Max retries exceeded with url: /ping (Caused by NewConnectionError('<urllib3.connection.HTTPConnection object at 0x7629e5e6c860>: Failed to establish a new connection: [Errno 111] Connection refused'))"}
{"timestamp": null, "level": null, "name": "Errors", "message": "Relay GET /ping failed: HTTPConnectionPool(host='127.0.0.1', port=5555): Max retries exceeded with url: /ping (Caused by NewConnectionError('<urllib3.connection.HTTPConnection object at 0x7629e5e6cfe0>: Failed to establish a new connection: [Errno 111] Connection refused'))"}
{"timestamp": null, "level": null, "name": "Errors", "message": "Relay GET /ping failed: HTTPConnectionPool(host='127.0.0.1', port=5555): Max retries exceeded with url: /ping (Caused by NewConnectionError('<urllib3.connection.HTTPConnection object at 0x7629e5e6d7f0>: Failed to establish a new connection: [Errno 111] Connection refused'))"}
{"timestamp": null, "level": null, "name": "Errors", "message": "Relay GET /ping failed: HTTPConnectionPool(host='127.0.0.1', port=5555): Max retries exceeded with url: /ping (Caused by NewConnectionError('<urllib3.connection.HTTPConnection object at 0x7629e5e3f230>: Failed to establish a new connection: [Errno 111] Connection refused'))"}
{"timestamp": null, "level": null, "name": "Errors", "message": "Relay GET /ping failed: HTTPConnectionPool(host='127.0.0.1', port=5555): Max retries exceeded with url: /ping (Caused by NewConnectionError('<urllib3.connection.HTTPConnection object at 0x7629e5e6cda0>: Failed to establish a new connection: [Errno 111] Connection refused'))"}
{"timestamp": null, "level": null, "name": "Errors", "message": "Relay GET /ping failed: HTTPConnectionPool(host='127.0.0.1', port=5555): Max retries exceeded with url: /ping (Caused by NewConnectionError('<urllib3.connection.HTTPConnection object at 0x7629e5e6c6b0>: Failed to establish a new connection: [Errno 111] Connection refused'))"}
{"timestamp": null, "level": null, "name": "Errors", "message": "Relay GET /ping failed: HTTPConnectionPool(host='127.0.0.1', port=5555): Max retries exceeded with url: /ping (Caused by NewConnectionError('<urllib3.connection.HTTPConnection object at 0x7629e5e6ddf0>: Failed to establish a new connection: [Errno 111] Connection refused'))"}
{"timestamp": null, "level": null, "name": "Errors", "message": "Relay GET /ping failed: HTTPConnectionPool(host='127.0.0.1', port=5555): Max retries exceeded with url: /ping (Caused by NewConnectionError('<urllib3.connection.HTTPConnection object at 0x7629e5e6e6f0>: Failed to establish a new connection: [Errno 111] Connection refused'))"}
{"timestamp": null, "level": null, "name": "Errors", "message": "Relay GET /ping failed: HTTPConnectionPool(host='127.0.0.1', port=5555): Max retries exceeded with url: /ping (Caused by NewConnectionError('<urllib3.connection.HTTPConnection object at 0x7629e5e6f080>: Failed to establish a new connection: [Errno 111] Connection refused'))"}
{"timestamp": null, "level": null, "name": "Errors", "message": "Error loading model: Could not deserialize 'keras.metrics.mse' because it is not a KerasSaveable subclass, creating new model"}
{"timestamp": null, "level": null, "name": "Errors", "message": "Error loading model: Could not deserialize 'keras.metrics.mse' because it is not a KerasSaveable subclass, creating new model"}
{"timestamp": null, "level": null, "name": "Errors", "message": "Error loading model: Could not deserialize 'keras.metrics.mse' because it is not a KerasSaveable subclass, creating new model"}
{"timestamp": null, "level": null, "name": "Errors", "message": "Error loading model: Could not deserialize 'keras.metrics.mse' because it is not a KerasSaveable subclass, creating new model"}
{"timestamp": null, "level": null, "name": "Errors", "message": "Error loading model: Could not deserialize 'keras.metrics.mse' because it is not a KerasSaveable subclass, creating new model"}
{"timestamp": null, "level": null, "name": "Errors", "message": "Error loading model: Could not deserialize 'keras.metrics.mse' because it is not a KerasSaveable subclass, creating new model"}
{"timestamp": null, "level": null, "name": "Errors", "message": "Error loading model: Could not deserialize 'keras.metrics.mse' because it is not a KerasSaveable subclass, creating new model"}
{"timestamp": null, "level": null, "name": "Errors", "message": "Error loading model: Could not deserialize 'keras.metrics.mse' because it is not a KerasSaveable subclass, creating new model"}
{"timestamp": null, "level": null, "name": "Errors", "message": "Error loading model: Could not deserialize 'keras.metrics.mse' because it is not a KerasSaveable subclass, creating new model"}
{"timestamp": null, "level": null, "name": "Errors", "message": "Error loading model: Could not deserialize 'keras.metrics.mse' because it is not a KerasSaveable subclass, creating new model"}
{"timestamp": null, "level": null, "name": "Errors", "message": "Error loading model: Could not deserialize 'keras.metrics.mse' because it is not a KerasSaveable subclass, creating new model"}
{"timestamp": null, "level": null, "name": "Errors", "message": "Error loading model: Could not deserialize 'keras.metrics.mse' because it is not a KerasSaveable subclass, creating new model"}
{"timestamp": null, "level": null, "name": "Errors", "message": "Error loading model: Could not deserialize 'keras.metrics.mse' because it is not a KerasSaveable subclass, creating new model"}
{"timestamp": null, "level": null, "name": "Errors", "message": "Error loading model: Could not deserialize 'keras.metrics.mse' because it is not a KerasSaveable subclass, creating new model"}
{"timestamp": null, "level": null, "name": "Errors", "message": "Error loading model: Could not deserialize 'keras.metrics.mse' because it is not a KerasSaveable subclass, creating new model"}
{"timestamp": null, "level": null, "name": "Errors", "message": "Error loading model: Could not deserialize 'keras.metrics.mse' because it is not a KerasSaveable subclass, creating new model"}
{"timestamp": null, "level": null, "name": "Errors", "message": "Error loading model: Could not deserialize 'keras.metrics.mse' because it is not a KerasSaveable subclass, creating new model"}
{"timestamp": null, "level": null, "name": "Errors", "message": "Error loading model: Could not deserialize 'keras.metrics.mse' because it is not a KerasSaveable subclass, creating new model"}
{"timestamp": null, "level": null, "name": "Errors", "message": "Error loading model: Could not deserialize 'keras.metrics.mse' because it is not a KerasSaveable subclass, creating new model"}
{"timestamp": null, "level": null, "name": "Errors", "message": "Error loading model: Could not deserialize 'keras.metrics.mse' because it is not a KerasSaveable subclass, creating new model"}
{"timestamp": null, "level": null, "name": "Errors", "message": "Error loading model: Could not deserialize 'keras.metrics.mse' because it is not a KerasSaveable subclass, creating new model"}
{"timestamp": null, "level": null, "name": "Errors", "message": "Error loading model: Could not deserialize 'keras.metrics.mse' because it is not a KerasSaveable subclass, creating new model"}
{"timestamp": null, "level": null, "name": "Errors", "message": "Error loading model: Could not deserialize 'keras.metrics.mse' because it is not a KerasSaveable subclass, creating new model"}
{"timestamp": null, "level": null, "name": "Errors", "message": "Error loading model: Could not deserialize 'keras.metrics.mse' because it is not a KerasSaveable subclass, creating new model"}
{"timestamp": null, "level": null, "name": "Errors", "message": "Relay GET /ping failed: HTTPConnectionPool(host='127.0.0.1', port=5555): Max retries exceeded with url: /ping (Caused by NewConnectionError('<urllib3.connection.HTTPConnection object at 0x7b2ce9ed8560>: Failed to establish a new connection: [Errno 111] Connection refused'))"}
{"timestamp": null, "level": null, "name": "Errors", "message": "Relay GET /ping failed: HTTPConnectionPool(host='127.0.0.1', port=5555): Max retries exceeded with url: /ping (Caused by NewConnectionError('<urllib3.connection.HTTPConnection object at 0x7b2ce9713e30>: Failed to establish a new connection: [Errno 111] Connection refused'))"}
{"timestamp": null, "level": null, "name": "Errors", "message": "Relay GET /ping failed: HTTPConnectionPool(host='127.0.0.1', port=5555): Max retries exceeded with url: /ping (Caused by NewConnectionError('<urllib3.connection.HTTPConnection object at 0x7b2ce972c5f0>: Failed to establish a new connection: [Errno 111] Connection refused'))"}
{"timestamp": null, "level": null, "name": "Errors", "message": "Relay GET /ping failed: HTTPConnectionPool(host='127.0.0.1', port=5555): Max retries exceeded with url: /ping (Caused by NewConnectionError('<urllib3.connection.HTTPConnection object at 0x7b2ce972d100>: Failed to establish a new connection: [Errno 111] Connection refused'))"}
{"timestamp": null, "level": null, "name": "Errors", "message": "Relay GET /ping failed: HTTPConnectionPool(host='127.0.0.1', port=5555): Max retries exceeded with url: /ping (Caused by NewConnectionError('<urllib3.connection.HTTPConnection object at 0x7b2ce972d970>: Failed to establish a new connection: [Errno 111] Connection refused'))"}
{"timestamp": null, "level": null, "name": "Errors", "message": "Relay GET /ping failed: HTTPConnectionPool(host='127.0.0.1', port=5555): Max retries exceeded with url: /ping (Caused by NewConnectionError('<urllib3.connection.HTTPConnection object at 0x7b2ce972e4b0>: Failed to establish a new connection: [Errno 111] Connection refused'))"}
{"timestamp": null, "level": null, "name": "Errors", "message": "Relay GET /ping failed: HTTPConnectionPool(host='127.0.0.1', port=5555): Max retries exceeded with url: /ping (Caused by NewConnectionError('<urllib3.connection.HTTPConnection object at 0x7b2ce97118b0>: Failed to establish a new connection: [Errno 111] Connection refused'))"}
{"timestamp": null, "level": null, "name": "Errors", "message": "Relay GET /ping failed: HTTPConnectionPool(host='127.0.0.1', port=5555): Max retries exceeded with url: /ping (Caused by NewConnectionError('<urllib3.connection.HTTPConnection object at 0x7b2ce972ddc0>: Failed to establish a new connection: [Errno 111] Connection refused'))"}
{"timestamp": null, "level": null, "name": "Errors", "message": "Relay GET /ping failed: HTTPConnectionPool(host='127.0.0.1', port=5555): Max retries exceeded with url: /ping (Caused by NewConnectionError('<urllib3.connection.HTTPConnection object at 0x7b2ce972d1c0>: Failed to establish a new connection: [Errno 111] Connection refused'))"}
{"timestamp": null, "level": null, "name": "Errors", "message": "Relay GET /ping failed: HTTPConnectionPool(host='127.0.0.1', port=5555): Max retries exceeded with url: /ping (Caused by NewConnectionError('<urllib3.connection.HTTPConnection object at 0x7b2ce972c440>: Failed to establish a new connection: [Errno 111] Connection refused'))"}
{"timestamp": null, "level": null, "name": "Errors", "message": "Relay GET /ping failed: HTTPConnectionPool(host='127.0.0.1', port=5555): Max retries exceeded with url: /ping (Caused by NewConnectionError('<urllib3.connection.HTTPConnection object at 0x7b2ce972e3c0>: Failed to establish a new connection: [Errno 111] Connection refused'))"}
{"timestamp": null, "level": null, "name": "Errors", "message": "Relay GET /ping failed: HTTPConnectionPool(host='127.0.0.1', port=5555): Max retries exceeded with url: /ping (Caused by NewConnectionError('<urllib3.connection.HTTPConnection object at 0x7b2ce972ee10>: Failed to establish a new connection: [Errno 111] Connection refused'))"}
{"timestamp": null, "level": null, "name": "Errors", "message": "Relay GET /ping failed: HTTPConnectionPool(host='127.0.0.1', port=5555): Max retries exceeded with url: /ping (Caused by NewConnectionError('<urllib3.connection.HTTPConnection object at 0x7b2ce9f3ed20>: Failed to establish a new connection: [Errno 111] Connection refused'))"}
{"timestamp": null, "level": null, "name": "Errors", "message": "Error loading model: Could not deserialize 'keras.metrics.mse' because it is not a KerasSaveable subclass, creating new model"}
{"timestamp": null, "level": null, "name": "Errors", "message": "Relay GET /ping failed: HTTPConnectionPool(host='127.0.0.1', port=5555): Max retries exceeded with url: /ping (Caused by NewConnectionError('<urllib3.connection.HTTPConnection object at 0x70b5f56f28d0>: Failed to establish a new connection: [Errno 111] Connection refused'))"}
{"timestamp": null, "level": null, "name": "Errors", "message": "Relay GET /ping failed: HTTPConnectionPool(host='127.0.0.1', port=5555): Max retries exceeded with url: /ping (Caused by NewConnectionError('<urllib3.connection.HTTPConnection object at 0x70b5f506d820>: Failed to establish a new connection: [Errno 111] Connection refused'))"}
{"timestamp": null, "level": null, "name": "Errors", "message": "Relay GET /ping failed: HTTPConnectionPool(host='127.0.0.1', port=5555): Max retries exceeded with url: /ping (Caused by NewConnectionError('<urllib3.connection.HTTPConnection object at 0x70b5f5088650>: Failed to establish a new connection: [Errno 111] Connection refused'))"}
{"timestamp": null, "level": null, "name": "Errors", "message": "Relay GET /ping failed: HTTPConnectionPool(host='127.0.0.1', port=5555): Max retries exceeded with url: /ping (Caused by NewConnectionError('<urllib3.connection.HTTPConnection object at 0x70b5f5088ef0>: Failed to establish a new connection: [Errno 111] Connection refused'))"}
{"timestamp": null, "level": null, "name": "Errors", "message": "Relay GET /ping failed: HTTPConnectionPool(host='127.0.0.1', port=5555): Max retries exceeded with url: /ping (Caused by NewConnectionError('<urllib3.connection.HTTPConnection object at 0x70b5f5089790>: Failed to establish a new connection: [Errno 111] Connection refused'))"}
{"timestamp": null, "level": null, "name": "Errors", "message": "Relay GET /ping failed: HTTPConnectionPool(host='127.0.0.1', port=5555): Max retries exceeded with url: /ping (Caused by NewConnectionError('<urllib3.connection.HTTPConnection object at 0x70b5f5089340>: Failed to establish a new connection: [Errno 111] Connection refused'))"}
{"timestamp": null, "level": null, "name": "Errors", "message": "Relay GET /ping failed: HTTPConnectionPool(host='127.0.0.1', port=5555): Max retries exceeded with url: /ping (Caused by NewConnectionError('<urllib3.connection.HTTPConnection object at 0x70b5f5089370>: Failed to establish a new connection: [Errno 111] Connection refused'))"}
{"timestamp": null, "level": null, "name": "Errors", "message": "Relay GET /ping failed: HTTPConnectionPool(host='127.0.0.1', port=5555): Max retries exceeded with url: /ping (Caused by NewConnectionError('<urllib3.connection.HTTPConnection object at 0x70b5f506d7c0>: Failed to establish a new connection: [Errno 111] Connection refused'))"}
{"timestamp": null, "level": null, "name": "Errors", "message": "Relay GET /ping failed: HTTPConnectionPool(host='127.0.0.1', port=5555): Max retries exceeded with url: /ping (Caused by NewConnectionError('<urllib3.connection.HTTPConnection object at 0x70b5f50899a0>: Failed to establish a new connection: [Errno 111] Connection refused'))"}
{"timestamp": null, "level": null, "name": "Errors", "message": "Relay GET /ping failed: HTTPConnectionPool(host='127.0.0.1', port=5555): Max retries exceeded with url: /ping (Caused by NewConnectionError('<urllib3.connection.HTTPConnection object at 0x70b5f5088c20>: Failed to establish a new connection: [Errno 111] Connection refused'))"}
{"timestamp": null, "level": null, "name": "Errors", "message": "Relay GET /ping failed: HTTPConnectionPool(host='127.0.0.1', port=5555): Max retries exceeded with url: /ping (Caused by NewConnectionError('<urllib3.connection.HTTPConnection object at 0x70b5f5088470>: Failed to establish a new connection: [Errno 111] Connection refused'))"}
{"timestamp": null, "level": null, "name": "Errors", "message": "Relay GET /ping failed: HTTPConnectionPool(host='127.0.0.1', port=5555): Max retries exceeded with url: /ping (Caused by NewConnectionError('<urllib3.connection.HTTPConnection object at 0x70b5f508ab10>: Failed to establish a new connection: [Errno 111] Connection refused'))"}
{"timestamp": null, "level": null, "name": "Errors", "message": "Relay GET /ping failed: HTTPConnectionPool(host='127.0.0.1', port=5555): Max retries exceeded with url: /ping (Caused by NewConnectionError('<urllib3.connection.HTTPConnection object at 0x70b5f508b410>: Failed to establish a new connection: [Errno 111] Connection refused'))"}
{"timestamp": null, "level": null, "name": "Errors", "message": "Error loading model: Could not deserialize 'keras.metrics.mse' because it is not a KerasSaveable subclass, creating new model"}
{"timestamp": null, "level": null, "name": "Errors", "message": "Error loading model: Could not deserialize 'keras.metrics.mse' because it is not a KerasSaveable subclass, creating new model"}
{"timestamp": null, "level": null, "name": "Errors", "message": "Error loading model: Could not deserialize 'keras.metrics.mse' because it is not a KerasSaveable subclass, creating new model"}
{"timestamp": null, "level": null, "name": "Errors", "message": "Error loading model: Could not deserialize 'keras.metrics.mse' because it is not a KerasSaveable subclass, creating new model"}
{"timestamp": null, "level": null, "name": "Errors", "message": "Error loading model: Could not deserialize 'keras.metrics.mse' because it is not a KerasSaveable subclass, creating new model"}
{"timestamp": null, "level": null, "name": "Errors", "message": "Error loading model: Could not deserialize 'keras.metrics.mse' because it is not a KerasSaveable subclass, creating new model"}
{"timestamp": null, "level": null, "name": "Errors", "message": "Error loading model: Could not deserialize 'keras.metrics.mse' because it is not a KerasSaveable subclass, creating new model"}
{"timestamp": null, "level": null, "name": "Errors", "message": "Error loading model: Could not deserialize 'keras.metrics.mse' because it is not a KerasSaveable subclass, creating new model"}
{"timestamp": null, "level": null, "name": "Errors", "message": "Error loading model: Could not deserialize 'keras.metrics.mse' because it is not a KerasSaveable subclass, creating new model"}
{"timestamp": null, "level": null, "name": "Errors", "message": "Error loading model: Could not deserialize 'keras.metrics.mse' because it is not a KerasSaveable subclass, creating new model"}
{"timestamp": null, "level": null, "name": "Errors", "message": "Error loading model: Could not deserialize 'keras.metrics.mse' because it is not a KerasSaveable subclass, creating new model"}
{"timestamp": null, "level": null, "name": "Errors", "message": "Error loading model: Could not deserialize 'keras.metrics.mse' because it is not a KerasSaveable subclass, creating new model"}
{"timestamp": null, "level": null, "name": "Errors", "message": "Error loading model: Could not deserialize 'keras.metrics.mse' because it is not a KerasSaveable subclass, creating new model"}
{"timestamp": null, "level": null, "name": "Errors", "message": "Error loading model: Could not deserialize 'keras.metrics.mse' because it is not a KerasSaveable subclass, creating new model"}
{"timestamp": null, "level": null, "name": "Errors", "message": "Error loading model: Could not deserialize 'keras.metrics.mse' because it is not a KerasSaveable subclass, creating new model"}
{"timestamp": null, "level": null, "name": "Errors", "message": "Error loading model: Could not deserialize 'keras.metrics.mse' because it is not a KerasSaveable subclass, creating new model"}
{"timestamp": null, "level": null, "name": "Errors", "message": "Error loading model: Could not deserialize 'keras.metrics.mse' because it is not a KerasSaveable subclass, creating new model"}
{"timestamp": null, "level": null, "name": "Errors", "message": "Error loading model: Could not deserialize 'keras.metrics.mse' because it is not a KerasSaveable subclass, creating new model"}
{"timestamp": null, "level": null, "name": "Errors", "message": "Error loading model: Could not deserialize 'keras.metrics.mse' because it is not a KerasSaveable subclass, creating new model"}
{"timestamp": null, "level": null, "name": "Errors", "message": "Error loading model: Could not deserialize 'keras.metrics.mse' because it is not a KerasSaveable subclass, creating new model"}
{"timestamp": null, "level": null, "name": "Errors", "message": "Error loading model: Could not deserialize 'keras.metrics.mse' because it is not a KerasSaveable subclass, creating new model"}
{"timestamp": null, "level": null, "name": "Errors", "message": "Error loading model: Could not deserialize 'keras.metrics.mse' because it is not a KerasSaveable subclass, creating new model"}
{"timestamp": null, "level": null, "name": "Errors", "message": "Error loading model: Could not deserialize 'keras.metrics.mse' because it is not a KerasSaveable subclass, creating new model"}
{"timestamp": null, "level": null, "name": "Errors", "message": "Error loading model: Could not deserialize 'keras.metrics.mse' because it is not a KerasSaveable subclass, creating new model"}
{"timestamp": null, "level": null, "name": "Errors", "message": "Error loading model: Could not deserialize 'keras.metrics.mse' because it is not a KerasSaveable subclass, creating new model"}
{"timestamp": null, "level": null, "name": "Errors", "message": "Error loading model: Could not deserialize 'keras.metrics.mse' because it is not a KerasSaveable subclass, creating new model"}
{"timestamp": null, "level": null, "name": "Errors", "message": "Error loading model: Could not deserialize 'keras.metrics.mse' because it is not a KerasSaveable subclass, creating new model"}
{"timestamp": null, "level": null, "name": "Errors", "message": "Error loading model: Could not deserialize 'keras.metrics.mse' because it is not a KerasSaveable subclass, creating new model"}
{"timestamp": null, "level": null, "name": "Errors", "message": "Error loading model: Could not deserialize 'keras.metrics.mse' because it is not a KerasSaveable subclass, creating new model"}
{"timestamp": null, "level": null, "name": "Errors", "message": "Error loading model: Could not deserialize 'keras.metrics.mse' because it is not a KerasSaveable subclass, creating new model"}
{"timestamp": null, "level": null, "name": "Errors", "message": "Error loading model: Could not deserialize 'keras.metrics.mse' because it is not a KerasSaveable subclass, creating new model"}
{"timestamp": null, "level": null, "name": "Errors", "message": "Error loading model: Could not deserialize 'keras.metrics.mse' because it is not a KerasSaveable subclass, creating new model"}
{"timestamp": null, "level": null, "name": "Errors", "message": "Error loading model: Could not deserialize 'keras.metrics.mse' because it is not a KerasSaveable subclass, creating new model"}
{"timestamp": null, "level": null, "name": "Errors", "message": "Error loading model: Could not deserialize 'keras.metrics.mse' because it is not a KerasSaveable subclass, creating new model"}
{"timestamp": null, "level": null, "name": "Errors", "message": "Error loading model: Could not deserialize 'keras.metrics.mse' because it is not a KerasSaveable subclass, creating new model"}
{"timestamp": null, "level": null, "name": "Errors", "message": "Error loading model: Could not deserialize 'keras.metrics.mse' because it is not a KerasSaveable subclass, creating new model"}
{"timestamp": null, "level": null, "name": "Errors", "message": "Error loading model: Could not deserialize 'keras.metrics.mse' because it is not a KerasSaveable subclass, creating new model"}
{"timestamp": null, "level": null, "name": "Errors", "message": "Error loading model: Could not deserialize 'keras.metrics.mse' because it is not a KerasSaveable subclass, creating new model"}
{"timestamp": null, "level": null, "name": "Errors", "message": "Error loading model: Could not deserialize 'keras.metrics.mse' because it is not a KerasSaveable subclass, creating new model"}
{"timestamp": null, "level": null, "name": "Errors", "message": "Error loading model: Could not deserialize 'keras.metrics.mse' because it is not a KerasSaveable subclass, creating new model"}
{"timestamp": null, "level": null, "name": "Errors", "message": "Error loading model: Could not deserialize 'keras.metrics.mse' because it is not a KerasSaveable subclass, creating new model"}
{"timestamp": null, "level": null, "name": "Errors", "message": "Error loading model: Could not deserialize 'keras.metrics.mse' because it is not a KerasSaveable subclass, creating new model"}
{"timestamp": null, "level": null, "name": "Errors", "message": "Error loading model: Could not deserialize 'keras.metrics.mse' because it is not a KerasSaveable subclass, creating new model"}
{"timestamp": null, "level": null, "name": "Errors", "message": "Error loading model: Could not deserialize 'keras.metrics.mse' because it is not a KerasSaveable subclass, creating new model"}
{"timestamp": null, "level": null, "name": "Errors", "message": "Error loading model: Could not deserialize 'keras.metrics.mse' because it is not a KerasSaveable subclass, creating new model"}
{"timestamp": null, "level": null, "name": "Errors", "message": "Error loading model: Could not deserialize 'keras.metrics.mse' because it is not a KerasSaveable subclass, creating new model"}
{"timestamp": null, "level": null, "name": "Errors", "message": "Error loading model: Could not deserialize 'keras.metrics.mse' because it is not a KerasSaveable subclass, creating new model"}
{"timestamp": null, "level": null, "name": "Errors", "message": "Error loading model: Could not deserialize 'keras.metrics.mse' because it is not a KerasSaveable subclass, creating new model"}
{"timestamp": null, "level": null, "name": "Errors", "message": "Error loading model: Could not deserialize 'keras.metrics.mse' because it is not a KerasSaveable subclass, creating new model"}
{"timestamp": null, "level": null, "name": "Errors", "message": "Error loading model: Could not deserialize 'keras.metrics.mse' because it is not a KerasSaveable subclass, creating new model"}
{"timestamp": null, "level": null, "name": "Errors", "message": "Error loading model: Could not deserialize 'keras.metrics.mse' because it is not a KerasSaveable subclass, creating new model"}
{"timestamp": null, "level": null, "name": "Errors", "message": "Error loading model: Could not deserialize 'keras.metrics.mse' because it is not a KerasSaveable subclass, creating new model"}
{"timestamp": null, "level": null, "name": "Errors", "message": "Error loading model: Could not deserialize 'keras.metrics.mse' because it is not a KerasSaveable subclass, creating new model"}
{"timestamp": null, "level": null, "name": "Errors", "message": "Error loading model: Could not deserialize 'keras.metrics.mse' because it is not a KerasSaveable subclass, creating new model"}
{"timestamp": null, "level": null, "name": "Errors", "message": "Error loading model: Could not deserialize 'keras.metrics.mse' because it is not a KerasSaveable subclass, creating new model"}
{"timestamp": null, "level": null, "name": "Errors", "message": "Error loading model: Could not deserialize 'keras.metrics.mse' because it is not a KerasSaveable subclass, creating new model"}
{"timestamp": null, "level": null, "name": "Errors", "message": "Error loading model: Could not deserialize 'keras.metrics.mse' because it is not a KerasSaveable subclass, creating new model"}
{"timestamp": null, "level": null, "name": "Errors", "message": "Error loading model: Could not deserialize 'keras.metrics.mse' because it is not a KerasSaveable subclass, creating new model"}
{"timestamp": null, "level": null, "name": "Errors", "message": "Error loading model: Could not deserialize 'keras.metrics.mse' because it is not a KerasSaveable subclass, creating new model"}
{"timestamp": null, "level": null, "name": "Errors", "message": "Error loading model: Could not deserialize 'keras.metrics.mse' because it is not a KerasSaveable subclass, creating new model"}
{"timestamp": null, "level": null, "name": "Errors", "message": "Error loading model: Could not deserialize 'keras.metrics.mse' because it is not a KerasSaveable subclass, creating new model"}
{"timestamp": null, "level": null, "name": "Errors", "message": "Error loading model: Could not deserialize 'keras.metrics.mse' because it is not a KerasSaveable subclass, creating new model"}
{"timestamp": null, "level": null, "name": "Errors", "message": "Error loading model: Could not deserialize 'keras.metrics.mse' because it is not a KerasSaveable subclass, creating new model"}
{"timestamp": null, "level": null, "name": "Errors", "message": "Error loading model: Could not deserialize 'keras.metrics.mse' because it is not a KerasSaveable subclass, creating new model"}
{"timestamp": null, "level": null, "name": "Errors", "message": "Error loading model: Could not deserialize 'keras.metrics.mse' because it is not a KerasSaveable subclass, creating new model"}
{"timestamp": null, "level": null, "name": "Errors", "message": "Error loading model: Could not deserialize 'keras.metrics.mse' because it is not a KerasSaveable subclass, creating new model"}
{"timestamp": null, "level": null, "name": "Errors", "message": "Error loading model: Could not deserialize 'keras.metrics.mse' because it is not a KerasSaveable subclass, creating new model"}
{"timestamp": null, "level": null, "name": "Errors", "message": "Error loading model: Could not deserialize 'keras.metrics.mse' because it is not a KerasSaveable subclass, creating new model"}
{"timestamp": null, "level": null, "name": "Errors", "message": "Error loading model: Could not deserialize 'keras.metrics.mse' because it is not a KerasSaveable subclass, creating new model"}
{"timestamp": null, "level": null, "name": "Errors", "message": "Error loading model: Could not deserialize 'keras.metrics.mse' because it is not a KerasSaveable subclass, creating new model"}
{"timestamp": null, "level": null, "name": "Errors", "message": "Error loading model: Could not deserialize 'keras.metrics.mse' because it is not a KerasSaveable subclass, creating new model"}
{"timestamp": null, "level": null, "name": "Errors", "message": "Error loading model: Could not deserialize 'keras.metrics.mse' because it is not a KerasSaveable subclass, creating new model"}
{"timestamp": null, "level": null, "name": "Errors", "message": "Error loading model: Could not deserialize 'keras.metrics.mse' because it is not a KerasSaveable subclass, creating new model"}
{"timestamp": null, "level": null, "name": "Errors", "message": "Error loading model: Could not deserialize 'keras.metrics.mse' because it is not a KerasSaveable subclass, creating new model"}
{"timestamp": null, "level": null, "name": "Errors", "message": "Error loading model: Could not deserialize 'keras.metrics.mse' because it is not a KerasSaveable subclass, creating new model"}
{"timestamp": null, "level": null, "name": "Errors", "message": "Error loading model: Could not deserialize 'keras.metrics.mse' because it is not a KerasSaveable subclass, creating new model"}
{"timestamp": null, "level": null, "name": "Errors", "message": "Relay GET /ping failed: HTTPConnectionPool(host='127.0.0.1', port=5555): Max retries exceeded with url: /ping (Caused by NewConnectionError(\"HTTPConnection(host='127.0.0.1', port=5555): Failed to establish a new connection: [Errno 111] Connection refused\"))"}
{"timestamp": null, "level": null, "name": "Errors", "message": "Relay GET /ping failed: HTTPConnectionPool(host='127.0.0.1', port=5555): Max retries exceeded with url: /ping (Caused by NewConnectionError(\"HTTPConnection(host='127.0.0.1', port=5555): Failed to establish a new connection: [Errno 111] Connection refused\"))"}
{"timestamp": null, "level": null, "name": "Errors", "message": "Relay GET /ping failed: HTTPConnectionPool(host='127.0.0.1', port=5555): Max retries exceeded with url: /ping (Caused by NewConnectionError(\"HTTPConnection(host='127.0.0.1', port=5555): Failed to establish a new connection: [Errno 111] Connection refused\"))"}
{"timestamp": null, "level": null, "name": "Errors", "message": "Relay GET /ping failed: HTTPConnectionPool(host='127.0.0.1', port=5555): Max retries exceeded with url: /ping (Caused by NewConnectionError(\"HTTPConnection(host='127.0.0.1', port=5555): Failed to establish a new connection: [Errno 111] Connection refused\"))"}
{"timestamp": null, "level": null, "name": "Errors", "message": "Relay GET /ping failed: HTTPConnectionPool(host='127.0.0.1', port=5555): Max retries exceeded with url: /ping (Caused by NewConnectionError(\"HTTPConnection(host='127.0.0.1', port=5555): Failed to establish a new connection: [Errno 111] Connection refused\"))"}
{"timestamp": null, "level": null, "name": "Errors", "message": "Relay GET /ping failed: HTTPConnectionPool(host='127.0.0.1', port=5555): Max retries exceeded with url: /ping (Caused by NewConnectionError(\"HTTPConnection(host='127.0.0.1', port=5555): Failed to establish a new connection: [Errno 111] Connection refused\"))"}
{"timestamp": null, "level": null, "name": "Errors", "message": "Relay GET /ping failed: HTTPConnectionPool(host='127.0.0.1', port=5555): Max retries exceeded with url: /ping (Caused by NewConnectionError(\"HTTPConnection(host='127.0.0.1', port=5555): Failed to establish a new connection: [Errno 111] Connection refused\"))"}
{"timestamp": null, "level": null, "name": "Errors", "message": "Relay GET /ping failed: HTTPConnectionPool(host='127.0.0.1', port=5555): Max retries exceeded with url: /ping (Caused by NewConnectionError(\"HTTPConnection(host='127.0.0.1', port=5555): Failed to establish a new connection: [Errno 111] Connection refused\"))"}
{"timestamp": null, "level": null, "name": "Errors", "message": "Relay GET /ping failed: HTTPConnectionPool(host='127.0.0.1', port=5555): Max retries exceeded with url: /ping (Caused by NewConnectionError(\"HTTPConnection(host='127.0.0.1', port=5555): Failed to establish a new connection: [Errno 111] Connection refused\"))"}
{"timestamp": null, "level": null, "name": "Errors", "message": "Relay GET /ping failed: HTTPConnectionPool(host='127.0.0.1', port=5555): Max retries exceeded with url: /ping (Caused by NewConnectionError(\"HTTPConnection(host='127.0.0.1', port=5555): Failed to establish a new connection: [Errno 111] Connection refused\"))"}
{"timestamp": null, "level": null, "name": "Errors", "message": "Relay GET /ping failed: HTTPConnectionPool(host='127.0.0.1', port=5555): Max retries exceeded with url: /ping (Caused by NewConnectionError(\"HTTPConnection(host='127.0.0.1', port=5555): Failed to establish a new connection: [Errno 111] Connection refused\"))"}
{"timestamp": null, "level": null, "name": "Errors", "message": "Relay GET /ping failed: HTTPConnectionPool(host='127.0.0.1', port=5555): Max retries exceeded with url: /ping (Caused by NewConnectionError(\"HTTPConnection(host='127.0.0.1', port=5555): Failed to establish a new connection: [Errno 111] Connection refused\"))"}
{"timestamp": null, "level": null, "name": "Errors", "message": "Relay GET /ping failed: HTTPConnectionPool(host='127.0.0.1', port=5555): Max retries exceeded with url: /ping (Caused by NewConnectionError(\"HTTPConnection(host='127.0.0.1', port=5555): Failed to establish a new connection: [Errno 111] Connection refused\"))"}
{"timestamp": null, "level": null, "name": "Errors", "message": "Error loading model: Could not deserialize 'keras.metrics.mse' because it is not a KerasSaveable subclass, creating new model"}
{"timestamp": null, "level": null, "name": "Errors", "message": "Relay GET /history failed: HTTPConnectionPool(host='127.0.0.1', port=5555): Max retries exceeded with url: /history?hours=168 (Caused by NewConnectionError(\"HTTPConnection(host='127.0.0.1', port=5555): Failed to establish a new connection: [Errno 111] Connection refused\"))"}
{"timestamp": null, "level": null, "name": "Errors", "message": "Error loading model: Could not deserialize 'keras.metrics.mse' because it is not a KerasSaveable subclass, creating new model"}
{"timestamp": null, "level": null, "name": "Errors", "message": "Error loading model: Could not deserialize 'keras.metrics.mse' because it is not a KerasSaveable subclass, creating new model"}
{"timestamp": null, "level": null, "name": "Errors", "message": "Error loading model: Could not deserialize 'keras.metrics.mse' because it is not a KerasSaveable subclass, creating new model"}
{"timestamp": null, "level": null, "name": "Errors", "message": "Error loading model: Could not deserialize 'keras.metrics.mse' because it is not a KerasSaveable subclass, creating new model"}
{"timestamp": null, "level": null, "name": "Errors", "message": "Error loading model: Could not deserialize 'keras.metrics.mse' because it is not a KerasSaveable subclass, creating new model"}
{"timestamp": null, "level": null, "name": "Errors", "message": "Error loading model: Could not deserialize 'keras.metrics.mse' because it is not a KerasSaveable subclass, creating new model"}
{"timestamp": null, "level": null, "name": "Errors", "message": "Relay GET /ping failed: HTTPConnectionPool(host='127.0.0.1', port=5555): Max retries exceeded with url: /ping (Caused by NewConnectionError(\"HTTPConnection(host='127.0.0.1', port=5555): Failed to establish a new connection: [Errno 111] Connection refused\"))"}
{"timestamp": null, "level": null, "name": "Errors", "message": "Relay GET /ping failed: HTTPConnectionPool(host='127.0.0.1', port=5555): Max retries exceeded with url: /ping (Caused by NewConnectionError(\"HTTPConnection(host='127.0.0.1', port=5555): Failed to establish a new connection: [Errno 111] Connection refused\"))"}
{"timestamp": null, "level": null, "name": "Errors", "message": "Relay GET /ping failed: HTTPConnectionPool(host='127.0.0.1', port=5555): Max retries exceeded with url: /ping (Caused by NewConnectionError(\"HTTPConnection(host='127.0.0.1', port=5555): Failed to establish a new connection: [Errno 111] Connection refused\"))"}
{"timestamp": null, "level": null, "name": "Errors", "message": "Relay GET /ping failed: HTTPConnectionPool(host='127.0.0.1', port=5555): Max retries exceeded with url: /ping (Caused by NewConnectionError(\"HTTPConnection(host='127.0.0.1', port=5555): Failed to establish a new connection: [Errno 111] Connection refused\"))"}
{"timestamp": null, "level": null, "name": "Errors", "message": "Relay GET /ping failed: HTTPConnectionPool(host='127.0.0.1', port=5555): Max retries exceeded with url: /ping (Caused by NewConnectionError(\"HTTPConnection(host='127.0.0.1', port=5555): Failed to establish a new connection: [Errno 111] Connection refused\"))"}
{"timestamp": null, "level": null, "name": "Errors", "message": "Relay GET /ping failed: HTTPConnectionPool(host='127.0.0.1', port=5555): Max retries exceeded with url: /ping (Caused by NewConnectionError(\"HTTPConnection(host='127.0.0.1', port=5555): Failed to establish a new connection: [Errno 111] Connection refused\"))"}
{"timestamp": null, "level": null, "name": "Errors", "message": "Relay GET /ping failed: HTTPConnectionPool(host='127.0.0.1', port=5555): Max retries exceeded with url: /ping (Caused by NewConnectionError(\"HTTPConnection(host='127.0.0.1', port=5555): Failed to establish a new connection: [Errno 111] Connection refused\"))"}
{"timestamp": null, "level": null, "name": "Errors", "message": "Relay GET /ping failed: HTTPConnectionPool(host='127.0.0.1', port=5555): Max retries exceeded with url: /ping (Caused by NewConnectionError(\"HTTPConnection(host='127.0.0.1', port=5555): Failed to establish a new connection: [Errno 111] Connection refused\"))"}
{"timestamp": null, "level": null, "name": "Errors", "message": "Relay GET /ping failed: HTTPConnectionPool(host='127.0.0.1', port=5555): Max retries exceeded with url: /ping (Caused by NewConnectionError(\"HTTPConnection(host='127.0.0.1', port=5555): Failed to establish a new connection: [Errno 111] Connection refused\"))"}
{"timestamp": null, "level": null, "name": "Errors", "message": "Relay GET /ping failed: HTTPConnectionPool(host='127.0.0.1', port=5555): Max retries exceeded with url: /ping (Caused by NewConnectionError(\"HTTPConnection(host='127.0.0.1', port=5555): Failed to establish a new connection: [Errno 111] Connection refused\"))"}
{"timestamp": null, "level": null, "name": "Errors", "message": "Relay GET /ping failed: HTTPConnectionPool(host='127.0.0.1', port=5555): Max retries exceeded with url: /ping (Caused by NewConnectionError(\"HTTPConnection(host='127.0.0.1', port=5555): Failed to establish a new connection: [Errno 111] Connection refused\"))"}
{"timestamp": null, "level": null, "name": "Errors", "message": "Relay GET /ping failed: HTTPConnectionPool(host='127.0.0.1', port=5555): Max retries exceeded with url: /ping (Caused by NewConnectionError(\"HTTPConnection(host='127.0.0.1', port=5555): Failed to establish a new connection: [Errno 111] Connection refused\"))"}
{"timestamp": null, "level": null, "name": "Errors", "message": "Relay GET /ping failed: HTTPConnectionPool(host='127.0.0.1', port=5555): Max retries exceeded with url: /ping (Caused by NewConnectionError(\"HTTPConnection(host='127.0.0.1', port=5555): Failed to establish a new connection: [Errno 111] Connection refused\"))"}
{"timestamp": null, "level": null, "name": "Errors", "message": "Error loading model: Could not deserialize 'keras.metrics.mse' because it is not a KerasSaveable subclass, creating new model"}
{"timestamp": null, "level": null, "name": "Errors", "message": "Relay GET /ping failed: HTTPConnectionPool(host='127.0.0.1', port=5555): Max retries exceeded with url: /ping (Caused by NewConnectionError(\"HTTPConnection(host='127.0.0.1', port=5555): Failed to establish a new connection: [Errno 111] Connection refused\"))"}
{"timestamp": null, "level": null, "name": "Errors", "message": "Relay GET /ping failed: HTTPConnectionPool(host='127.0.0.1', port=5555): Max retries exceeded with url: /ping (Caused by NewConnectionError(\"HTTPConnection(host='127.0.0.1', port=5555): Failed to establish a new connection: [Errno 111] Connection refused\"))"}
{"timestamp": null, "level": null, "name": "Errors", "message": "Relay GET /ping failed: HTTPConnectionPool(host='127.0.0.1', port=5555): Max retries exceeded with url: /ping (Caused by NewConnectionError(\"HTTPConnection(host='127.0.0.1', port=5555): Failed to establish a new connection: [Errno 111] Connection refused\"))"}
{"timestamp": null, "level": null, "name": "Errors", "message": "Relay GET /ping failed: HTTPConnectionPool(host='127.0.0.1', port=5555): Max retries exceeded with url: /ping (Caused by NewConnectionError(\"HTTPConnection(host='127.0.0.1', port=5555): Failed to establish a new connection: [Errno 111] Connection refused\"))"}
{"timestamp": null, "level": null, "name": "Errors", "message": "Relay GET /ping failed: HTTPConnectionPool(host='127.0.0.1', port=5555): Max retries exceeded with url: /ping (Caused by NewConnectionError(\"HTTPConnection(host='127.0.0.1', port=5555): Failed to establish a new connection: [Errno 111] Connection refused\"))"}
{"timestamp": null, "level": null, "name": "Errors", "message": "Relay GET /ping failed: HTTPConnectionPool(host='127.0.0.1', port=5555): Max retries exceeded with url: /ping (Caused by NewConnectionError(\"HTTPConnection(host='127.0.0.1', port=5555): Failed to establish a new connection: [Errno 111] Connection refused\"))"}
{"timestamp": null, "level": null, "name": "Errors", "message": "Relay GET /ping failed: HTTPConnectionPool(host='127.0.0.1', port=5555): Max retries exceeded with url: /ping (Caused by NewConnectionError(\"HTTPConnection(host='127.0.0.1', port=5555): Failed to establish a new connection: [Errno 111] Connection refused\"))"}
{"timestamp": null, "level": null, "name": "Errors", "message": "Relay GET /ping failed: HTTPConnectionPool(host='127.0.0.1', port=5555): Max retries exceeded with url: /ping (Caused by NewConnectionError(\"HTTPConnection(host='127.0.0.1', port=5555): Failed to establish a new connection: [Errno 111] Connection refused\"))"}
{"timestamp": null, "level": null, "name": "Errors", "message": "Relay GET /ping failed: HTTPConnectionPool(host='127.0.0.1', port=5555): Max retries exceeded with url: /ping (Caused by NewConnectionError(\"HTTPConnection(host='127.0.0.1', port=5555): Failed to establish a new connection: [Errno 111] Connection refused\"))"}
{"timestamp": null, "level": null, "name": "Errors", "message": "Relay GET /ping failed: HTTPConnectionPool(host='127.0.0.1', port=5555): Max retries exceeded with url: /ping (Caused by NewConnectionError(\"HTTPConnection(host='127.0.0.1', port=5555): Failed to establish a new connection: [Errno 111] Connection refused\"))"}
{"timestamp": null, "level": null, "name": "Errors", "message": "Relay GET /ping failed: HTTPConnectionPool(host='127.0.0.1', port=5555): Max retries exceeded with url: /ping (Caused by NewConnectionError(\"HTTPConnection(host='127.0.0.1', port=5555): Failed to establish a new connection: [Errno 111] Connection refused\"))"}
{"timestamp": null, "level": null, "name": "Errors", "message": "Relay GET /ping failed: HTTPConnectionPool(host='127.0.0.1', port=5555): Max retries exceeded with url: /ping (Caused by NewConnectionError(\"HTTPConnection(host='127.0.0.1', port=5555): Failed to establish a new connection: [Errno 111] Connection refused\"))"}
{"timestamp": null, "level": null, "name": "Errors", "message": "Relay GET /ping failed: HTTPConnectionPool(host='127.0.0.1', port=5555): Max retries exceeded with url: /ping (Caused by NewConnectionError(\"HTTPConnection(host='127.0.0.1', port=5555): Failed to establish a new connection: [Errno 111] Connection refused\"))"}
{"timestamp": null, "level": null, "name": "Errors", "message": "Error loading model: Could not deserialize 'keras.metrics.mse' because it is not a KerasSaveable subclass, creating new model"}
{"timestamp": null, "level": null, "name": "Errors", "message": "Error loading model: Could not deserialize 'keras.metrics.mse' because it is not a KerasSaveable subclass, creating new model"}
{"timestamp": null, "level": null, "name": "Errors", "message": "Error loading model: Could not deserialize 'keras.metrics.mse' because it is not a KerasSaveable subclass, creating new model"}
{"timestamp": null, "level": null, "name": "Errors", "message": "Error loading model: Could not deserialize 'keras.metrics.mse' because it is not a KerasSaveable subclass, creating new model"}
{"timestamp": null, "level": null, "name": "Errors", "message": "Error loading model: Could not deserialize 'keras.metrics.mse' because it is not a KerasSaveable subclass, creating new model"}
{"timestamp": null, "level": null, "name": "Errors", "message": "Error loading model: Could not deserialize 'keras.metrics.mse' because it is not a KerasSaveable subclass, creating new model"}
{"timestamp": null, "level": null, "name": "Errors", "message": "Error loading model: Could not deserialize 'keras.metrics.mse' because it is not a KerasSaveable subclass, creating new model"}
{"timestamp": null, "level": null, "name": "Errors", "message": "Error loading model: Could not deserialize 'keras.metrics.mse' because it is not a KerasSaveable subclass, creating new model"}
{"timestamp": null, "level": null, "name": "Errors", "message": "Error loading model: Could not deserialize 'keras.metrics.mse' because it is not a KerasSaveable subclass, creating new model"}
{"timestamp": null, "level": null, "name": "Errors", "message": "Error loading model: Could not deserialize 'keras.metrics.mse' because it is not a KerasSaveable subclass, creating new model"}
{"timestamp": null, "level": null, "name": "Errors", "message": "LSTM retrain failed: Invalid format specifier '.6f if old_val_loss else 'N/A'' for object of type 'float'", "exc_info": "Traceback (most recent call last):\n  File \"/workspaces/Ai-bot/src/ai/lstm_retrainer.py\", line 177, in retrain\n    f\"(previous={old_val_loss:.6f if old_val_loss else 'N/A'})\"\n                ^^^^^^^^^^^^^^^^^^^^^^^^^^^^^^^^^^^^^^^^^^^^^\nValueError: Invalid format specifier '.6f if old_val_loss else 'N/A'' for object of type 'float'"}
{"timestamp": null, "level": null, "name": "Errors", "message": "Error loading model: Could not deserialize 'keras.metrics.mse' because it is not a KerasSaveable subclass, creating new model"}
{"timestamp": null, "level": null, "name": "Errors", "message": "Error loading model: Could not deserialize 'keras.metrics.mse' because it is not a KerasSaveable subclass, creating new model"}
{"timestamp": null, "level": null, "name": "Errors", "message": "Error loading model: Could not deserialize 'keras.metrics.mse' because it is not a KerasSaveable subclass, creating new model"}
{"timestamp": null, "level": null, "name": "Errors", "message": "Error loading model: Could not deserialize 'keras.metrics.mse' because it is not a KerasSaveable subclass, creating new model"}
{"timestamp": null, "level": null, "name": "Errors", "message": "Error loading model: Could not deserialize 'keras.metrics.mse' because it is not a KerasSaveable subclass, creating new model"}
{"timestamp": null, "level": null, "name": "Errors", "message": "Error loading model: Could not deserialize 'keras.metrics.mse' because it is not a KerasSaveable subclass, creating new model"}
{"timestamp": null, "level": null, "name": "Errors", "message": "Error loading model: Could not deserialize 'keras.metrics.mse' because it is not a KerasSaveable subclass, creating new model"}
{"timestamp": null, "level": null, "name": "Errors", "message": "Error loading model: Could not deserialize 'keras.metrics.mse' because it is not a KerasSaveable subclass, creating new model"}
{"timestamp": null, "level": null, "name": "Errors", "message": "Error loading model: Could not deserialize 'keras.metrics.mse' because it is not a KerasSaveable subclass, creating new model"}
{"timestamp": null, "level": null, "name": "Errors", "message": "Error loading model: Could not deserialize 'keras.metrics.mse' because it is not a KerasSaveable subclass, creating new model"}
{"timestamp": null, "level": null, "name": "Errors", "message": "Error loading model: Could not deserialize 'keras.metrics.mse' because it is not a KerasSaveable subclass, creating new model"}
{"timestamp": null, "level": null, "name": "Errors", "message": "Error loading model: Could not deserialize 'keras.metrics.mse' because it is not a KerasSaveable subclass, creating new model"}
{"timestamp": null, "level": null, "name": "Errors", "message": "Error loading model: Could not deserialize 'keras.metrics.mse' because it is not a KerasSaveable subclass, creating new model"}
{"timestamp": null, "level": null, "name": "Errors", "message": "Error loading model: Could not deserialize 'keras.metrics.mse' because it is not a KerasSaveable subclass, creating new model"}
{"timestamp": null, "level": null, "name": "Errors", "message": "Error loading model: Could not deserialize 'keras.metrics.mse' because it is not a KerasSaveable subclass, creating new model"}
{"timestamp": null, "level": null, "name": "Errors", "message": "Error loading model: Could not deserialize 'keras.metrics.mse' because it is not a KerasSaveable subclass, creating new model"}
{"timestamp": null, "level": null, "name": "Errors", "message": "Error loading model: Could not deserialize 'keras.metrics.mse' because it is not a KerasSaveable subclass, creating new model"}
{"timestamp": null, "level": null, "name": "Errors", "message": "Error loading model: Could not deserialize 'keras.metrics.mse' because it is not a KerasSaveable subclass, creating new model"}
{"timestamp": null, "level": null, "name": "Errors", "message": "Error loading model: Could not deserialize 'keras.metrics.mse' because it is not a KerasSaveable subclass, creating new model"}
{"timestamp": null, "level": null, "name": "Errors", "message": "Error loading model: Could not deserialize 'keras.metrics.mse' because it is not a KerasSaveable subclass, creating new model"}
{"timestamp": null, "level": null, "name": "Errors", "message": "Error loading model: Could not deserialize 'keras.metrics.mse' because it is not a KerasSaveable subclass, creating new model"}
{"timestamp": null, "level": null, "name": "Errors", "message": "Error loading model: Could not deserialize 'keras.metrics.mse' because it is not a KerasSaveable subclass, creating new model"}
{"timestamp": null, "level": null, "name": "Errors", "message": "Error loading model: Could not deserialize 'keras.metrics.mse' because it is not a KerasSaveable subclass, creating new model"}
{"timestamp": null, "level": null, "name": "Errors", "message": "Error loading model: Could not deserialize 'keras.metrics.mse' because it is not a KerasSaveable subclass, creating new model"}
{"timestamp": null, "level": null, "name": "Errors", "message": "Error loading model: Could not deserialize 'keras.metrics.mse' because it is not a KerasSaveable subclass, creating new model"}
{"timestamp": null, "level": null, "name": "Errors", "message": "Error loading model: Could not deserialize 'keras.metrics.mse' because it is not a KerasSaveable subclass, creating new model"}
{"timestamp": null, "level": null, "name": "Errors", "message": "Error loading model: Could not deserialize 'keras.metrics.mse' because it is not a KerasSaveable subclass, creating new model"}
{"timestamp": null, "level": null, "name": "Errors", "message": "Error loading model: Could not deserialize 'keras.metrics.mse' because it is not a KerasSaveable subclass, creating new model"}
{"timestamp": null, "level": null, "name": "Errors", "message": "Error loading model: Could not deserialize 'keras.metrics.mse' because it is not a KerasSaveable subclass, creating new model"}
{"timestamp": null, "level": null, "name": "Errors", "message": "Error loading model: Could not deserialize 'keras.metrics.mse' because it is not a KerasSaveable subclass, creating new model"}
{"timestamp": null, "level": null, "name": "Errors", "message": "Error loading model: Could not deserialize 'keras.metrics.mse' because it is not a KerasSaveable subclass, creating new model"}
{"timestamp": null, "level": null, "name": "Errors", "message": "Error loading model: Could not deserialize 'keras.metrics.mse' because it is not a KerasSaveable subclass, creating new model"}
{"timestamp": null, "level": null, "name": "Errors", "message": "Error loading model: Could not deserialize 'keras.metrics.mse' because it is not a KerasSaveable subclass, creating new model"}
{"timestamp": null, "level": null, "name": "Errors", "message": "Error loading model: Could not deserialize 'keras.metrics.mse' because it is not a KerasSaveable subclass, creating new model"}
{"timestamp": null, "level": null, "name": "Errors", "message": "Error loading model: Could not deserialize 'keras.metrics.mse' because it is not a KerasSaveable subclass, creating new model"}
{"timestamp": null, "level": null, "name": "Errors", "message": "Error loading model: Could not deserialize 'keras.metrics.mse' because it is not a KerasSaveable subclass, creating new model"}
{"timestamp": null, "level": null, "name": "Errors", "message": "Error loading model: Could not deserialize 'keras.metrics.mse' because it is not a KerasSaveable subclass, creating new model"}
{"timestamp": null, "level": null, "name": "Errors", "message": "Error loading model: Could not deserialize 'keras.metrics.mse' because it is not a KerasSaveable subclass, creating new model"}
{"timestamp": null, "level": null, "name": "Errors", "message": "Error loading model: Could not deserialize 'keras.metrics.mse' because it is not a KerasSaveable subclass, creating new model"}
{"timestamp": null, "level": null, "name": "Errors", "message": "Error loading model: Could not deserialize 'keras.metrics.mse' because it is not a KerasSaveable subclass, creating new model"}
{"timestamp": null, "level": null, "name": "Errors", "message": "Error loading model: Could not deserialize 'keras.metrics.mse' because it is not a KerasSaveable subclass, creating new model"}
{"timestamp": null, "level": null, "name": "Errors", "message": "Error loading model: Could not deserialize 'keras.metrics.mse' because it is not a KerasSaveable subclass, creating new model"}
{"timestamp": null, "level": null, "name": "Errors", "message": "Error loading model: Could not deserialize 'keras.metrics.mse' because it is not a KerasSaveable subclass, creating new model"}
{"timestamp": null, "level": null, "name": "Errors", "message": "Error loading model: Could not deserialize 'keras.metrics.mse' because it is not a KerasSaveable subclass, creating new model"}
{"timestamp": null, "level": null, "name": "Errors", "message": "Error loading model: Could not deserialize 'keras.metrics.mse' because it is not a KerasSaveable subclass, creating new model"}
{"timestamp": null, "level": null, "name": "Errors", "message": "Error loading model: Could not deserialize 'keras.metrics.mse' because it is not a KerasSaveable subclass, creating new model"}
{"timestamp": null, "level": null, "name": "Errors", "message": "Error loading model: Could not deserialize 'keras.metrics.mse' because it is not a KerasSaveable subclass, creating new model"}
{"timestamp": null, "level": null, "name": "Errors", "message": "Error loading model: Could not deserialize 'keras.metrics.mse' because it is not a KerasSaveable subclass, creating new model"}
{"timestamp": null, "level": null, "name": "Errors", "message": "Error loading model: Could not deserialize 'keras.metrics.mse' because it is not a KerasSaveable subclass, creating new model"}
{"timestamp": null, "level": null, "name": "Errors", "message": "Error loading model: Could not deserialize 'keras.metrics.mse' because it is not a KerasSaveable subclass, creating new model"}
{"timestamp": null, "level": null, "name": "Errors", "message": "Error loading model: Could not deserialize 'keras.metrics.mse' because it is not a KerasSaveable subclass, creating new model"}
{"timestamp": null, "level": null, "name": "Errors", "message": "Error loading model: Could not deserialize 'keras.metrics.mse' because it is not a KerasSaveable subclass, creating new model"}
{"timestamp": null, "level": null, "name": "Errors", "message": "Error loading model: Could not deserialize 'keras.metrics.mse' because it is not a KerasSaveable subclass, creating new model"}
{"timestamp": null, "level": null, "name": "Errors", "message": "Error loading model: Could not deserialize 'keras.metrics.mse' because it is not a KerasSaveable subclass, creating new model"}
{"timestamp": null, "level": null, "name": "Errors", "message": "Error loading model: Could not deserialize 'keras.metrics.mse' because it is not a KerasSaveable subclass, creating new model"}
{"timestamp": null, "level": null, "name": "Errors", "message": "Error loading model: Could not deserialize 'keras.metrics.mse' because it is not a KerasSaveable subclass, creating new model"}
{"timestamp": null, "level": null, "name": "Errors", "message": "Error loading model: Could not deserialize 'keras.metrics.mse' because it is not a KerasSaveable subclass, creating new model"}
{"timestamp": null, "level": null, "name": "Errors", "message": "Error loading model: Could not deserialize 'keras.metrics.mse' because it is not a KerasSaveable subclass, creating new model"}
{"timestamp": null, "level": null, "name": "Errors", "message": "Error loading model: Could not deserialize 'keras.metrics.mse' because it is not a KerasSaveable subclass, creating new model"}
{"timestamp": null, "level": null, "name": "Errors", "message": "Error loading model: Could not deserialize 'keras.metrics.mse' because it is not a KerasSaveable subclass, creating new model"}
{"timestamp": null, "level": null, "name": "Errors", "message": "Error loading model: Could not deserialize 'keras.metrics.mse' because it is not a KerasSaveable subclass, creating new model"}
{"timestamp": null, "level": null, "name": "Errors", "message": "Error loading model: Could not deserialize 'keras.metrics.mse' because it is not a KerasSaveable subclass, creating new model"}
{"timestamp": null, "level": null, "name": "Errors", "message": "Error loading model: Could not deserialize 'keras.metrics.mse' because it is not a KerasSaveable subclass, creating new model"}
{"timestamp": null, "level": null, "name": "Errors", "message": "Error loading model: Could not deserialize 'keras.metrics.mse' because it is not a KerasSaveable subclass, creating new model"}
{"timestamp": null, "level": null, "name": "Errors", "message": "Error loading model: Could not deserialize 'keras.metrics.mse' because it is not a KerasSaveable subclass, creating new model"}
{"timestamp": null, "level": null, "name": "Errors", "message": "Error loading model: Could not deserialize 'keras.metrics.mse' because it is not a KerasSaveable subclass, creating new model"}
{"timestamp": null, "level": null, "name": "Errors", "message": "Error loading model: Could not deserialize 'keras.metrics.mse' because it is not a KerasSaveable subclass, creating new model"}
