datetime,open,high,low,close,volume
2025-08-29 17:38:59.915928,1.085,1.08514,1.08489,1.08505,12837
2025-08-29 18:38:59.915928,1.08511,1.08526,1.08497,1.08517,1672
2025-08-29 19:38:59.915928,1.08507,1.08511,1.08495,1.08503,6626
2025-08-29 20:38:59.915928,1.08499,1.08502,1.08491,1.085,4469
2025-08-29 21:38:59.915928,1.0849,1.08502,1.08483,1.08491,5590
2025-08-29 22:38:59.915928,1.08459,1.08464,1.08444,1.08452,1069
2025-08-29 23:38:59.915928,1.08464,1.08472,1.08456,1.08463,5719
2025-08-30 00:38:59.915928,1.08487,1.08494,1.08462,1.08475,1441
2025-08-30 01:38:59.915928,1.08464,1.08469,1.08459,1.08467,5904
2025-08-30 02:38:59.915928,1.08447,1.08458,1.08428,1.08432,1960
2025-08-30 03:38:59.915928,1.08442,1.08456,1.08428,1.08439,2106
2025-08-30 04:38:59.915928,1.08443,1.08461,1.08435,1.08447,1853
2025-08-30 05:38:59.915928,1.08426,1.08433,1.08417,1.0842,3508
2025-08-30 06:38:59.915928,1.08406,1.08415,1.08395,1.08404,766
2025-08-30 07:38:59.915928,1.08409,1.08426,1.08397,1.08421,517
2025-08-30 08:38:59.915928,1.0839,1.08399,1.08387,1.08396,3936
2025-08-30 09:38:59.915928,1.08403,1.08411,1.08382,1.08409,4976
2025-08-30 10:38:59.915928,1.08406,1.0842,1.08406,1.08413,2795
2025-08-30 11:38:59.915928,1.08414,1.0842,1.08409,1.08416,5107
2025-08-30 12:38:59.915928,1.08404,1.0843,1.08396,1.08412,19844
2025-08-30 13:38:59.915928,1.08416,1.08422,1.084,1.08412,2182
2025-08-30 14:38:59.915928,1.08403,1.08418,1.08391,1.084,1529
2025-08-30 15:38:59.915928,1.0842,1.08441,1.08417,1.0843,4310
2025-08-30 16:38:59.915928,1.08425,1.08428,1.08409,1.08423,6494
2025-08-30 17:38:59.915928,1.08444,1.08465,1.08444,1.08457,3981
2025-08-30 18:38:59.915928,1.08416,1.08417,1.08405,1.08409,8161
2025-08-30 19:38:59.915928,1.08413,1.0843,1.08402,1.08426,5657
2025-08-30 20:38:59.915928,1.08409,1.08441,1.08405,1.0842,2425
2025-08-30 21:38:59.915928,1.08405,1.08407,1.08397,1.08401,5212
2025-08-30 22:38:59.915928,1.08415,1.08418,1.08409,1.08417,4108
2025-08-30 23:38:59.915928,1.0842,1.0844,1.08415,1.08431,6793
2025-08-31 00:38:59.915928,1.08414,1.08418,1.08405,1.08411,1887
2025-08-31 01:38:59.915928,1.08399,1.0841,1.08393,1.08397,1097
2025-08-31 02:38:59.915928,1.084,1.08416,1.08398,1.08412,2994
2025-08-31 03:38:59.915928,1.08396,1.08407,1.08383,1.08389,7259
2025-08-31 04:38:59.915928,1.08394,1.08395,1.0839,1.0839,2577
2025-08-31 05:38:59.915928,1.08397,1.08398,1.08375,1.08388,2779
2025-08-31 06:38:59.915928,1.0838,1.08397,1.0836,1.08367,1347
2025-08-31 07:38:59.915928,1.084,1.08412,1.08391,1.08394,4192
2025-08-31 08:38:59.915928,1.084,1.08424,1.08394,1.08399,18052
2025-08-31 09:38:59.915928,1.08408,1.08422,1.08403,1.08407,5751
2025-08-31 10:38:59.915928,1.0842,1.08428,1.08413,1.08413,5915
2025-08-31 11:38:59.915928,1.08442,1.08451,1.08422,1.08426,1540
2025-08-31 12:38:59.915928,1.08443,1.08449,1.08432,1.08448,6347
2025-08-31 13:38:59.915928,1.08443,1.08444,1.08438,1.08443,3211
2025-08-31 14:38:59.915928,1.08433,1.08439,1.08427,1.08428,4593
2025-08-31 15:38:59.915928,1.08429,1.08437,1.08429,1.08436,2767
2025-08-31 16:38:59.915928,1.08431,1.08437,1.08423,1.08434,3376
2025-08-31 17:38:59.915928,1.08433,1.0844,1.08428,1.0843,2598
2025-08-31 18:38:59.915928,1.08418,1.08442,1.08411,1.08427,1950
2025-08-31 19:38:59.915928,1.08423,1.08448,1.08412,1.08434,5026
2025-08-31 20:38:59.915928,1.08415,1.08416,1.08407,1.08412,2602
2025-08-31 21:38:59.915928,1.08407,1.08412,1.08386,1.08402,1867
2025-08-31 22:38:59.915928,1.08392,1.08419,1.08381,1.0841,1865
2025-08-31 23:38:59.915928,1.08401,1.0841,1.08391,1.08405,2539
2025-09-01 00:38:59.915928,1.08414,1.08432,1.08412,1.08426,2539
2025-09-01 01:38:59.915928,1.08439,1.08442,1.08431,1.08432,1476
2025-09-01 02:38:59.915928,1.08428,1.08451,1.08418,1.08443,4140
2025-09-01 03:38:59.915928,1.08432,1.0844,1.08425,1.08432,1378
2025-09-01 04:38:59.915928,1.08433,1.08442,1.08409,1.08422,6124
2025-09-01 05:38:59.915928,1.08468,1.08479,1.08463,1.08472,2384
2025-09-01 06:38:59.915928,1.08454,1.08469,1.08453,1.08463,3793
2025-09-01 07:38:59.915928,1.08463,1.08491,1.08455,1.08455,2337
2025-09-01 08:38:59.915928,1.08453,1.08469,1.08452,1.08461,4962
2025-09-01 09:38:59.915928,1.08464,1.08469,1.0845,1.08455,6377
2025-09-01 10:38:59.915928,1.08465,1.08474,1.08453,1.08473,10413
2025-09-01 11:38:59.915928,1.08467,1.08484,1.08465,1.08476,10311
2025-09-01 12:38:59.915928,1.08471,1.08493,1.08459,1.08492,2797
2025-09-01 13:38:59.915928,1.08483,1.08501,1.08482,1.08487,6061
2025-09-01 14:38:59.915928,1.08489,1.0851,1.08482,1.08499,792
2025-09-01 15:38:59.915928,1.08536,1.08548,1.08534,1.08542,1120
2025-09-01 16:38:59.915928,1.08548,1.08559,1.08526,1.08543,5353
2025-09-01 17:38:59.915928,1.08557,1.0858,1.08551,1.08552,15105
2025-09-01 18:38:59.915928,1.08551,1.08556,1.0854,1.08541,2594
2025-09-01 19:38:59.915928,1.08531,1.08533,1.08526,1.08528,23668
2025-09-01 20:38:59.915928,1.08524,1.08531,1.0852,1.08527,8759
2025-09-01 21:38:59.915928,1.08511,1.08514,1.08509,1.08511,7520
2025-09-01 22:38:59.915928,1.08503,1.08512,1.08496,1.0851,2551
2025-09-01 23:38:59.915928,1.08496,1.085,1.08494,1.08496,8717
2025-09-02 00:38:59.915928,1.08469,1.08471,1.08457,1.0847,1629
2025-09-02 01:38:59.915928,1.0848,1.08487,1.08478,1.08478,1480
2025-09-02 02:38:59.915928,1.08486,1.08488,1.08478,1.08487,1516
2025-09-02 03:38:59.915928,1.08481,1.08492,1.08479,1.08482,1228
2025-09-02 04:38:59.915928,1.08503,1.0852,1.08495,1.08505,3233
2025-09-02 05:38:59.915928,1.08513,1.08531,1.08504,1.08518,3283
2025-09-02 06:38:59.915928,1.08493,1.08509,1.0848,1.085,2366
2025-09-02 07:38:59.915928,1.08484,1.0849,1.08477,1.08485,470
2025-09-02 08:38:59.915928,1.08473,1.08477,1.08455,1.0847,14783
2025-09-02 09:38:59.915928,1.08458,1.08464,1.08442,1.0845,7497
2025-09-02 10:38:59.915928,1.08477,1.08483,1.08468,1.0847,28908
2025-09-02 11:38:59.915928,1.08479,1.08482,1.08471,1.08481,2465
2025-09-02 12:38:59.915928,1.08493,1.08506,1.08488,1.08488,7028
2025-09-02 13:38:59.915928,1.08499,1.08529,1.08487,1.08508,4674
2025-09-02 14:38:59.915928,1.08499,1.08509,1.08493,1.08502,6611
2025-09-02 15:38:59.915928,1.08507,1.08531,1.08496,1.08522,3834
2025-09-02 16:38:59.915928,1.08534,1.08541,1.08526,1.0853,1038
2025-09-02 17:38:59.915928,1.08542,1.08547,1.08536,1.08537,5962
2025-09-02 18:38:59.915928,1.08538,1.08541,1.08533,1.08541,1115
2025-09-02 19:38:59.915928,1.08549,1.08558,1.08542,1.08546,11105
2025-09-02 20:38:59.915928,1.0856,1.08573,1.08559,1.08566,3534
2025-09-02 21:38:59.915928,1.08568,1.08582,1.08555,1.08564,2592
2025-09-02 22:38:59.915928,1.08577,1.08585,1.08562,1.0857,3085
2025-09-02 23:38:59.915928,1.08579,1.08588,1.08559,1.08585,2562
2025-09-03 00:38:59.915928,1.08585,1.08587,1.08579,1.08584,2483
2025-09-03 01:38:59.915928,1.08599,1.08599,1.08595,1.08599,1479
2025-09-03 02:38:59.915928,1.08615,1.08628,1.08607,1.08612,4043
2025-09-03 03:38:59.915928,1.08612,1.08624,1.08604,1.08619,589
2025-09-03 04:38:59.915928,1.08613,1.08616,1.08598,1.08614,4382
2025-09-03 05:38:59.915928,1.08636,1.08639,1.08631,1.08632,3001
2025-09-03 06:38:59.915928,1.08649,1.08652,1.0864,1.08642,2615
2025-09-03 07:38:59.915928,1.08656,1.08661,1.08641,1.08652,899
2025-09-03 08:38:59.915928,1.08656,1.08657,1.08643,1.0865,2202
2025-09-03 09:38:59.915928,1.08655,1.08669,1.08646,1.08656,23126
2025-09-03 10:38:59.915928,1.08659,1.08669,1.08655,1.08662,7039
2025-09-03 11:38:59.915928,1.08661,1.08668,1.08653,1.08667,875
2025-09-03 12:38:59.915928,1.08655,1.08657,1.08646,1.08649,2156
2025-09-03 13:38:59.915928,1.0864,1.08647,1.08637,1.08641,10150
2025-09-03 14:38:59.915928,1.08642,1.08657,1.08633,1.08648,3218
2025-09-03 15:38:59.915928,1.08641,1.08647,1.08631,1.08641,5903
2025-09-03 16:38:59.915928,1.0864,1.08654,1.08629,1.08642,562
2025-09-03 17:38:59.915928,1.08631,1.08644,1.08627,1.08636,14855
2025-09-03 18:38:59.915928,1.0863,1.08631,1.08627,1.0863,68668
2025-09-03 19:38:59.915928,1.08626,1.08641,1.08618,1.08634,6018
2025-09-03 20:38:59.915928,1.08627,1.08634,1.08621,1.08622,2182
2025-09-03 21:38:59.915928,1.08632,1.0864,1.0863,1.08632,1499
2025-09-03 22:38:59.915928,1.08656,1.08663,1.08655,1.08656,2180
2025-09-03 23:38:59.915928,1.08658,1.08665,1.08648,1.08659,3672
2025-09-04 00:38:59.915928,1.08646,1.0866,1.08646,1.08655,3481
2025-09-04 01:38:59.915928,1.08638,1.08648,1.0862,1.08641,602
2025-09-04 02:38:59.915928,1.08642,1.08662,1.08639,1.08649,1574
2025-09-04 03:38:59.915928,1.08635,1.08638,1.08627,1.08628,11289
2025-09-04 04:38:59.915928,1.08616,1.08629,1.08609,1.08612,1229
2025-09-04 05:38:59.915928,1.08609,1.08619,1.08609,1.08614,2582
2025-09-04 06:38:59.915928,1.08608,1.08616,1.08598,1.08605,1744
2025-09-04 07:38:59.915928,1.08597,1.08599,1.08594,1.08597,665
2025-09-04 08:38:59.915928,1.0859,1.08599,1.08588,1.08598,6311
2025-09-04 09:38:59.915928,1.08587,1.08595,1.08582,1.08588,7940
2025-09-04 10:38:59.915928,1.08597,1.08613,1.08596,1.08606,1821
2025-09-04 11:38:59.915928,1.08615,1.08627,1.08611,1.08625,1114
2025-09-04 12:38:59.915928,1.08636,1.0864,1.08623,1.08638,6425
2025-09-04 13:38:59.915928,1.08638,1.08661,1.08629,1.08635,3156
2025-09-04 14:38:59.915928,1.08635,1.08646,1.08626,1.08629,2503
2025-09-04 15:38:59.915928,1.08656,1.08672,1.0865,1.0866,18593
2025-09-04 16:38:59.915928,1.08672,1.08681,1.08664,1.08675,21068
2025-09-04 17:38:59.915928,1.08638,1.08649,1.0863,1.08645,2641
2025-09-04 18:38:59.915928,1.08661,1.08675,1.08658,1.08666,455
2025-09-04 19:38:59.915928,1.08642,1.0865,1.08632,1.08644,7331
2025-09-04 20:38:59.915928,1.08647,1.08664,1.08638,1.08654,28925
2025-09-04 21:38:59.915928,1.08644,1.08656,1.08643,1.08649,1959
2025-09-04 22:38:59.915928,1.0865,1.08668,1.08646,1.08655,722
2025-09-04 23:38:59.915928,1.08633,1.08639,1.08625,1.08629,3104
2025-09-05 00:38:59.915928,1.0862,1.08637,1.08616,1.08621,1209
2025-09-05 01:38:59.915928,1.08608,1.08613,1.08596,1.08604,1286
2025-09-05 02:38:59.915928,1.086,1.08602,1.08577,1.08587,2223
2025-09-05 03:38:59.915928,1.08601,1.08602,1.08594,1.08595,7950
2025-09-05 04:38:59.915928,1.086,1.08619,1.08588,1.08603,2180
2025-09-05 05:38:59.915928,1.0861,1.08636,1.08592,1.08604,3712
2025-09-05 06:38:59.915928,1.08606,1.08614,1.08602,1.08609,1187
2025-09-05 07:38:59.915928,1.08624,1.08634,1.08611,1.08626,594
2025-09-05 08:38:59.915928,1.08633,1.08641,1.08628,1.0864,5110
2025-09-05 09:38:59.915928,1.08651,1.08668,1.08648,1.08656,2192
2025-09-05 10:38:59.915928,1.08628,1.08644,1.08616,1.08628,9250
2025-09-05 11:38:59.915928,1.08608,1.08619,1.08597,1.08613,3103
2025-09-05 12:38:59.915928,1.08629,1.0863,1.08614,1.08621,1922
2025-09-05 13:38:59.915928,1.08649,1.08671,1.08643,1.08645,5972
2025-09-05 14:38:59.915928,1.08668,1.08684,1.08653,1.0866,14129
2025-09-05 15:38:59.915928,1.08664,1.08672,1.08658,1.08666,2786
2025-09-05 16:38:59.915928,1.08675,1.08689,1.08663,1.08684,7643
2025-09-05 17:38:59.915928,1.08682,1.08688,1.08655,1.08671,13607
2025-09-05 18:38:59.915928,1.08673,1.08693,1.08669,1.08673,3491
2025-09-05 19:38:59.915928,1.08661,1.08676,1.08651,1.08652,4243
2025-09-05 20:38:59.915928,1.08657,1.08671,1.08643,1.08655,14998
2025-09-05 21:38:59.915928,1.08667,1.08667,1.08646,1.08664,1038
2025-09-05 22:38:59.915928,1.08667,1.08674,1.08652,1.08671,8728
2025-09-05 23:38:59.915928,1.08673,1.08677,1.08669,1.08672,15426
2025-09-06 00:38:59.915928,1.08663,1.08672,1.08661,1.0867,6628
2025-09-06 01:38:59.915928,1.08662,1.0868,1.08643,1.08666,3017
2025-09-06 02:38:59.915928,1.0867,1.08686,1.08653,1.08667,2142
2025-09-06 03:38:59.915928,1.08652,1.08677,1.08651,1.08662,15076
2025-09-06 04:38:59.915928,1.08639,1.08641,1.08631,1.08639,1572
2025-09-06 05:38:59.915928,1.08632,1.08645,1.08631,1.08632,537
2025-09-06 06:38:59.915928,1.08638,1.08647,1.0863,1.0864,3641
2025-09-06 07:38:59.915928,1.08624,1.08642,1.08615,1.08633,1221
2025-09-06 08:38:59.915928,1.08629,1.08652,1.08623,1.08634,18868
2025-09-06 09:38:59.915928,1.08627,1.08634,1.08621,1.08624,7928
2025-09-06 10:38:59.915928,1.08632,1.08646,1.08628,1.08637,2583
2025-09-06 11:38:59.915928,1.08625,1.08633,1.08609,1.08616,6786
2025-09-06 12:38:59.915928,1.08629,1.08649,1.08625,1.08636,1744
2025-09-06 13:38:59.915928,1.08624,1.08633,1.08615,1.08628,8477
2025-09-06 14:38:59.915928,1.08592,1.08595,1.08568,1.08588,9534
2025-09-06 15:38:59.915928,1.08585,1.0859,1.08571,1.0859,11765
2025-09-06 16:38:59.915928,1.08591,1.08595,1.08566,1.08586,3056
2025-09-06 17:38:59.915928,1.0856,1.08569,1.08556,1.08564,6723
2025-09-06 18:38:59.915928,1.0854,1.08545,1.0854,1.08542,17976
2025-09-06 19:38:59.915928,1.08535,1.08544,1.08519,1.08526,9381
2025-09-06 20:38:59.915928,1.08538,1.08546,1.08522,1.08545,5064
2025-09-06 21:38:59.915928,1.08527,1.08533,1.0851,1.08521,2034
2025-09-06 22:38:59.915928,1.08527,1.08548,1.08517,1.08523,17610
2025-09-06 23:38:59.915928,1.08532,1.08537,1.08531,1.08536,2128
2025-09-07 00:38:59.915928,1.08528,1.08529,1.0852,1.08528,8019
2025-09-07 01:38:59.915928,1.08533,1.08539,1.08522,1.08523,9547
2025-09-07 02:38:59.915928,1.08544,1.08549,1.08542,1.08546,2154
2025-09-07 03:38:59.915928,1.0857,1.08577,1.08548,1.08563,997
2025-09-07 04:38:59.915928,1.08544,1.08548,1.08527,1.08545,1869
2025-09-07 05:38:59.915928,1.08544,1.08549,1.08538,1.08547,1500
2025-09-07 06:38:59.915928,1.08578,1.08584,1.08573,1.08575,13219
2025-09-07 07:38:59.915928,1.08588,1.08591,1.08583,1.08583,1204
2025-09-07 08:38:59.915928,1.08577,1.08605,1.08573,1.08584,8605
2025-09-07 09:38:59.915928,1.08596,1.08603,1.0859,1.08594,9233
2025-09-07 10:38:59.915928,1.08581,1.0859,1.08577,1.08583,3241
2025-09-07 11:38:59.915928,1.08596,1.08613,1.08573,1.086,4886
2025-09-07 12:38:59.915928,1.08594,1.08616,1.08579,1.08584,8123
2025-09-07 13:38:59.915928,1.08571,1.08578,1.08562,1.0857,15898
2025-09-07 14:38:59.915928,1.08553,1.08576,1.08552,1.08559,5629
2025-09-07 15:38:59.915928,1.08576,1.08579,1.08565,1.08575,4782
2025-09-07 16:38:59.915928,1.08572,1.08576,1.08565,1.08567,6754
2025-09-07 17:38:59.915928,1.08569,1.0858,1.08563,1.0858,27694
2025-09-07 18:38:59.915928,1.08593,1.08611,1.0859,1.08601,6447
2025-09-07 19:38:59.915928,1.08578,1.08583,1.08568,1.0857,5467
2025-09-07 20:38:59.915928,1.08578,1.08595,1.08564,1.08585,11039
2025-09-07 21:38:59.915928,1.08576,1.08578,1.08572,1.08576,10063
2025-09-07 22:38:59.915928,1.08575,1.08577,1.08575,1.08576,12402
2025-09-07 23:38:59.915928,1.08576,1.08576,1.08561,1.08574,3352
2025-09-08 00:38:59.915928,1.08542,1.08557,1.0854,1.08549,6842
2025-09-08 01:38:59.915928,1.08515,1.08516,1.08508,1.0851,945
2025-09-08 02:38:59.915928,1.08496,1.08497,1.08493,1.08493,5811
2025-09-08 03:38:59.915928,1.08518,1.08535,1.08517,1.08528,3578
2025-09-08 04:38:59.915928,1.08529,1.08544,1.08526,1.08538,3556
2025-09-08 05:38:59.915928,1.08535,1.08547,1.08533,1.08539,6705
2025-09-08 06:38:59.915928,1.08532,1.08533,1.08529,1.08531,327
2025-09-08 07:38:59.915928,1.08538,1.08541,1.08534,1.08539,828
2025-09-08 08:38:59.915928,1.08525,1.08531,1.08502,1.08519,13513
2025-09-08 09:38:59.915928,1.08521,1.08529,1.08507,1.08513,2806
2025-09-08 10:38:59.915928,1.08532,1.08538,1.08521,1.08529,4134
2025-09-08 11:38:59.915928,1.08544,1.08548,1.08539,1.08544,11458
2025-09-08 12:38:59.915928,1.08525,1.08525,1.08507,1.08517,4292
2025-09-08 13:38:59.915928,1.08545,1.08545,1.08536,1.08544,1360
2025-09-08 14:38:59.915928,1.08549,1.0855,1.08532,1.08536,2603
2025-09-08 15:38:59.915928,1.08554,1.08569,1.08541,1.08562,16391
2025-09-08 16:38:59.915928,1.08555,1.08556,1.0854,1.08543,522
2025-09-08 17:38:59.915928,1.08554,1.08561,1.08528,1.08545,11047
2025-09-08 18:38:59.915928,1.08538,1.08541,1.08523,1.0854,29922
2025-09-08 19:38:59.915928,1.08536,1.08554,1.08514,1.08533,15448
2025-09-08 20:38:59.915928,1.08531,1.08532,1.08514,1.0853,2937
2025-09-08 21:38:59.915928,1.0852,1.08522,1.08515,1.08518,1300
2025-09-08 22:38:59.915928,1.0853,1.08541,1.08523,1.08525,4864
2025-09-08 23:38:59.915928,1.0854,1.08567,1.0853,1.08535,1490
2025-09-09 00:38:59.915928,1.0852,1.08551,1.08513,1.08522,18621
2025-09-09 01:38:59.915928,1.08519,1.08529,1.08516,1.08523,8671
2025-09-09 02:38:59.915928,1.08521,1.08538,1.08519,1.08533,665
2025-09-09 03:38:59.915928,1.08504,1.08523,1.08503,1.08509,1223
2025-09-09 04:38:59.915928,1.08491,1.08497,1.0849,1.08493,2407
2025-09-09 05:38:59.915928,1.08524,1.08533,1.08516,1.08523,950
2025-09-09 06:38:59.915928,1.08513,1.08516,1.085,1.08507,2349
2025-09-09 07:38:59.915928,1.08514,1.08517,1.08508,1.0851,4220
2025-09-09 08:38:59.915928,1.08531,1.08536,1.08529,1.08533,12803
2025-09-09 09:38:59.915928,1.08556,1.0856,1.08552,1.08553,6292
2025-09-09 10:38:59.915928,1.08568,1.08569,1.08554,1.08564,2112
2025-09-09 11:38:59.915928,1.08581,1.08593,1.08563,1.08573,7199
2025-09-09 12:38:59.915928,1.0857,1.08573,1.08556,1.08562,6240
2025-09-09 13:38:59.915928,1.08578,1.0858,1.08575,1.08576,3737
2025-09-09 14:38:59.915928,1.08582,1.08602,1.08574,1.08581,32532
2025-09-09 15:38:59.915928,1.08596,1.08597,1.08581,1.08593,2339
2025-09-09 16:38:59.915928,1.08595,1.08611,1.08578,1.08607,1984
2025-09-09 17:38:59.915928,1.08598,1.08601,1.08591,1.08591,11229
2025-09-09 18:38:59.915928,1.08583,1.08589,1.08582,1.08586,4156
2025-09-09 19:38:59.915928,1.08592,1.086,1.08577,1.08586,1242
2025-09-09 20:38:59.915928,1.08603,1.08617,1.08597,1.08613,9697
2025-09-09 21:38:59.915928,1.08598,1.08617,1.08593,1.08607,7111
2025-09-09 22:38:59.915928,1.086,1.08605,1.08581,1.08589,7940
2025-09-09 23:38:59.915928,1.0859,1.08597,1.08583,1.08587,1495
2025-09-10 00:38:59.915928,1.08606,1.08617,1.08595,1.08602,2305
2025-09-10 01:38:59.915928,1.0859,1.08593,1.08585,1.08585,1115
2025-09-10 02:38:59.915928,1.08591,1.08594,1.08578,1.08585,1090
2025-09-10 03:38:59.915928,1.08606,1.08607,1.08592,1.086,6964
2025-09-10 04:38:59.915928,1.086,1.08619,1.08587,1.08595,4964
2025-09-10 05:38:59.915928,1.08594,1.08601,1.08583,1.08589,2000
2025-09-10 06:38:59.915928,1.08575,1.08585,1.08567,1.08579,945
2025-09-10 07:38:59.915928,1.08564,1.08565,1.08557,1.08559,975
2025-09-10 08:38:59.915928,1.08584,1.08606,1.0858,1.08586,3161
2025-09-10 09:38:59.915928,1.08582,1.0859,1.08576,1.08585,2516
2025-09-10 10:38:59.915928,1.08568,1.08583,1.08563,1.0858,2791
2025-09-10 11:38:59.915928,1.08574,1.08586,1.0856,1.08571,2620
2025-09-10 12:38:59.915928,1.08568,1.08568,1.08562,1.08564,1356
2025-09-10 13:38:59.915928,1.08561,1.08562,1.08553,1.08559,7745
2025-09-10 14:38:59.915928,1.08578,1.08584,1.08576,1.08583,793
2025-09-10 15:38:59.915928,1.08582,1.08591,1.08576,1.0858,2479
2025-09-10 16:38:59.915928,1.08585,1.08615,1.08581,1.08599,13345
2025-09-10 17:38:59.915928,1.08607,1.08614,1.08589,1.08594,4442
2025-09-10 18:38:59.915928,1.0861,1.08633,1.08604,1.08607,8289
2025-09-10 19:38:59.915928,1.08634,1.08651,1.08626,1.08644,628
2025-09-10 20:38:59.915928,1.08618,1.08626,1.08611,1.08616,29808
2025-09-10 21:38:59.915928,1.08638,1.08639,1.08624,1.08636,3750
2025-09-10 22:38:59.915928,1.08638,1.08644,1.08619,1.08625,8843
2025-09-10 23:38:59.915928,1.08632,1.08634,1.08621,1.08626,4246
2025-09-11 00:38:59.915928,1.08641,1.08662,1.08632,1.08635,1847
2025-09-11 01:38:59.915928,1.08636,1.08643,1.08632,1.08633,726
2025-09-11 02:38:59.915928,1.08647,1.08657,1.08614,1.08635,3720
2025-09-11 03:38:59.915928,1.08662,1.08665,1.0866,1.08663,5308
2025-09-11 04:38:59.915928,1.0866,1.08665,1.08654,1.08657,9852
2025-09-11 05:38:59.915928,1.0865,1.08665,1.08645,1.08654,4865
2025-09-11 06:38:59.915928,1.0865,1.08651,1.08633,1.08648,906
2025-09-11 07:38:59.915928,1.0865,1.08655,1.08645,1.08651,1454
2025-09-11 08:38:59.915928,1.08659,1.08683,1.08646,1.08672,11819
2025-09-11 09:38:59.915928,1.08662,1.08688,1.08654,1.08673,14750
2025-09-11 10:38:59.915928,1.08661,1.08675,1.08645,1.08649,5213
2025-09-11 11:38:59.915928,1.08664,1.08675,1.08658,1.08674,5736
2025-09-11 12:38:59.915928,1.08678,1.08685,1.08676,1.08681,935
2025-09-11 13:38:59.915928,1.08668,1.08681,1.08661,1.08662,3454
2025-09-11 14:38:59.915928,1.08659,1.08676,1.08657,1.08666,4992
2025-09-11 15:38:59.915928,1.08659,1.08659,1.08654,1.08656,1459
2025-09-11 16:38:59.915928,1.0864,1.08653,1.08638,1.08641,16108
2025-09-11 17:38:59.915928,1.08632,1.08643,1.08629,1.08631,2757
2025-09-11 18:38:59.915928,1.08636,1.08641,1.08621,1.0864,13604
2025-09-11 19:38:59.915928,1.08648,1.08654,1.08644,1.08647,5513
2025-09-11 20:38:59.915928,1.08675,1.08682,1.0866,1.08673,10164
2025-09-11 21:38:59.915928,1.08663,1.08677,1.08658,1.08669,1198
2025-09-11 22:38:59.915928,1.0866,1.08686,1.08657,1.0867,2215
2025-09-11 23:38:59.915928,1.08678,1.08687,1.08676,1.08682,1096
2025-09-12 00:38:59.915928,1.08683,1.0869,1.08676,1.08685,2759
2025-09-12 01:38:59.915928,1.08688,1.08697,1.08686,1.08687,1438
2025-09-12 02:38:59.915928,1.08691,1.08707,1.08689,1.0869,3619
2025-09-12 03:38:59.915928,1.08709,1.08724,1.08707,1.08711,3081
2025-09-12 04:38:59.915928,1.08709,1.08735,1.08708,1.08714,905
2025-09-12 05:38:59.915928,1.087,1.08721,1.08697,1.08705,4089
2025-09-12 06:38:59.915928,1.08693,1.0871,1.08692,1.08701,1193
2025-09-12 07:38:59.915928,1.08657,1.08661,1.08648,1.08656,2725
2025-09-12 08:38:59.915928,1.08669,1.08674,1.08659,1.08667,6058
2025-09-12 09:38:59.915928,1.08667,1.08669,1.08654,1.08662,1478
2025-09-12 10:38:59.915928,1.08687,1.08701,1.0867,1.08674,7265
2025-09-12 11:38:59.915928,1.08687,1.08694,1.08678,1.08681,1258
2025-09-12 12:38:59.915928,1.08682,1.08693,1.08679,1.08691,3304
2025-09-12 13:38:59.915928,1.08678,1.08683,1.08663,1.08665,3828
2025-09-12 14:38:59.915928,1.08669,1.0869,1.08664,1.08677,2265
2025-09-12 15:38:59.915928,1.08683,1.08684,1.08678,1.08681,3387
2025-09-12 16:38:59.915928,1.08692,1.08707,1.08665,1.08686,6017
2025-09-12 17:38:59.915928,1.087,1.08713,1.08683,1.08696,4105
2025-09-12 18:38:59.915928,1.08717,1.08727,1.0871,1.08713,2687
2025-09-12 19:38:59.915928,1.08709,1.08709,1.08704,1.08709,3989
2025-09-12 20:38:59.915928,1.087,1.08707,1.08697,1.08698,10379
2025-09-12 21:38:59.915928,1.08705,1.08714,1.08693,1.08709,1217
2025-09-12 22:38:59.915928,1.08704,1.08719,1.08699,1.08701,313
2025-09-12 23:38:59.915928,1.08711,1.08712,1.08687,1.0871,8665
2025-09-13 00:38:59.915928,1.08719,1.08722,1.08713,1.08715,744
2025-09-13 01:38:59.915928,1.08695,1.08703,1.08679,1.08688,1854
2025-09-13 02:38:59.915928,1.08688,1.08697,1.08675,1.08685,6732
2025-09-13 03:38:59.915928,1.08666,1.08677,1.08663,1.08673,788
2025-09-13 04:38:59.915928,1.0869,1.08696,1.08672,1.08688,4860
2025-09-13 05:38:59.915928,1.08689,1.087,1.08677,1.08685,3257
2025-09-13 06:38:59.915928,1.08698,1.08707,1.08682,1.08702,2159
2025-09-13 07:38:59.915928,1.08718,1.08725,1.08709,1.0872,3056
2025-09-13 08:38:59.915928,1.08724,1.08733,1.08712,1.08726,1618
2025-09-13 09:38:59.915928,1.08715,1.08728,1.08712,1.08722,14267
2025-09-13 10:38:59.915928,1.08722,1.08728,1.08708,1.08715,16316
2025-09-13 11:38:59.915928,1.08687,1.08706,1.0868,1.087,2810
2025-09-13 12:38:59.915928,1.08681,1.08696,1.08674,1.08693,4109
2025-09-13 13:38:59.915928,1.08695,1.0871,1.08689,1.08694,14279
2025-09-13 14:38:59.915928,1.08695,1.08704,1.08689,1.08696,4855
2025-09-13 15:38:59.915928,1.08678,1.08688,1.08664,1.08674,2891
2025-09-13 16:38:59.915928,1.08658,1.08661,1.08652,1.08659,17127
2025-09-13 17:38:59.915928,1.08669,1.08671,1.0866,1.08662,5137
2025-09-13 18:38:59.915928,1.08664,1.08672,1.0865,1.08656,3125
2025-09-13 19:38:59.915928,1.0867,1.08678,1.08659,1.08675,2709
2025-09-13 20:38:59.915928,1.08666,1.08676,1.08661,1.08673,2699
2025-09-13 21:38:59.915928,1.08666,1.08669,1.08655,1.08662,739
2025-09-13 22:38:59.915928,1.08675,1.08691,1.08664,1.08682,3324
2025-09-13 23:38:59.915928,1.0865,1.08652,1.08641,1.08644,2116
2025-09-14 00:38:59.915928,1.08662,1.08679,1.08655,1.08675,1133
2025-09-14 01:38:59.915928,1.08661,1.08682,1.08654,1.08668,6639
2025-09-14 02:38:59.915928,1.0867,1.08673,1.08651,1.08671,2541
2025-09-14 03:38:59.915928,1.08698,1.08701,1.08684,1.08694,5699
2025-09-14 04:38:59.915928,1.08711,1.08725,1.087,1.08715,1498
2025-09-14 05:38:59.915928,1.08716,1.08716,1.08702,1.0871,2381
2025-09-14 06:38:59.915928,1.08719,1.08727,1.08717,1.08726,1935
2025-09-14 07:38:59.915928,1.08739,1.08749,1.08719,1.08743,3041
2025-09-14 08:38:59.915928,1.08763,1.08773,1.08758,1.08769,1803
2025-09-14 09:38:59.915928,1.08751,1.08755,1.0875,1.08754,19214
2025-09-14 10:38:59.915928,1.08755,1.08771,1.08749,1.0875,1029
2025-09-14 11:38:59.915928,1.08763,1.08771,1.08758,1.08762,1374
2025-09-14 12:38:59.915928,1.0878,1.08787,1.08774,1.08779,8301
2025-09-14 13:38:59.915928,1.0879,1.08796,1.08777,1.08783,2249
2025-09-14 14:38:59.915928,1.08788,1.08799,1.08778,1.08781,5726
2025-09-14 15:38:59.915928,1.08788,1.08788,1.0877,1.08783,2051
2025-09-14 16:38:59.915928,1.08808,1.08812,1.08795,1.08796,3040
2025-09-14 17:38:59.915928,1.08777,1.08788,1.08757,1.08781,3183
2025-09-14 18:38:59.915928,1.08798,1.08818,1.08792,1.08812,13713
2025-09-14 19:38:59.915928,1.08828,1.08836,1.08822,1.08829,8258
2025-09-14 20:38:59.915928,1.08792,1.08794,1.08785,1.0879,5421
2025-09-14 21:38:59.915928,1.08765,1.08772,1.08755,1.08757,1401
2025-09-14 22:38:59.915928,1.08788,1.08789,1.08781,1.08785,6370
2025-09-14 23:38:59.915928,1.08801,1.08813,1.0879,1.08798,4461
2025-09-15 00:38:59.915928,1.08802,1.08806,1.08792,1.08803,5553
2025-09-15 01:38:59.915928,1.08797,1.08806,1.08792,1.08805,6112
2025-09-15 02:38:59.915928,1.08781,1.08784,1.08777,1.08777,4285
2025-09-15 03:38:59.915928,1.08803,1.0881,1.08789,1.08808,2540
2025-09-15 04:38:59.915928,1.08785,1.08798,1.08768,1.0878,2709
2025-09-15 05:38:59.915928,1.0878,1.08789,1.08779,1.08789,5375
2025-09-15 06:38:59.915928,1.08781,1.08785,1.08771,1.08771,3281
2025-09-15 07:38:59.915928,1.08785,1.08792,1.08781,1.08782,7806
2025-09-15 08:38:59.915928,1.08784,1.08794,1.08772,1.0879,1164
2025-09-15 09:38:59.915928,1.08806,1.08823,1.08803,1.08814,12867
2025-09-15 10:38:59.915928,1.08807,1.0882,1.08795,1.08797,1783
2025-09-15 11:38:59.915928,1.08807,1.08813,1.08802,1.08806,2662
2025-09-15 12:38:59.915928,1.08785,1.08787,1.08761,1.08773,5265
2025-09-15 13:38:59.915928,1.08773,1.08777,1.08764,1.08765,3772
2025-09-15 14:38:59.915928,1.08768,1.08776,1.08758,1.0877,4246
2025-09-15 15:38:59.915928,1.08772,1.08774,1.08748,1.08751,2035
2025-09-15 16:38:59.915928,1.08754,1.08766,1.08749,1.08756,2519
2025-09-15 17:38:59.915928,1.0876,1.08773,1.08754,1.08761,14267
2025-09-15 18:38:59.915928,1.0876,1.08777,1.08744,1.0876,6108
2025-09-15 19:38:59.915928,1.08791,1.0881,1.08787,1.08796,15553
2025-09-15 20:38:59.915928,1.08788,1.08803,1.08784,1.088,973
2025-09-15 21:38:59.915928,1.08813,1.08831,1.08804,1.08826,2430
2025-09-15 22:38:59.915928,1.08821,1.0885,1.0882,1.0883,6624
2025-09-15 23:38:59.915928,1.08816,1.08826,1.08803,1.08817,1812
2025-09-16 00:38:59.915928,1.08804,1.08825,1.08799,1.08814,9013
2025-09-16 01:38:59.915928,1.0879,1.08806,1.08783,1.08804,469
2025-09-16 02:38:59.915928,1.08794,1.08812,1.08784,1.08808,1153
2025-09-16 03:38:59.915928,1.08798,1.08814,1.08787,1.08808,1766
2025-09-16 04:38:59.915928,1.08824,1.08829,1.0882,1.08821,3447
2025-09-16 05:38:59.915928,1.08822,1.08828,1.08815,1.0882,10713
2025-09-16 06:38:59.915928,1.0883,1.08849,1.08825,1.08831,2254
2025-09-16 07:38:59.915928,1.08807,1.08828,1.08799,1.08819,14443
2025-09-16 08:38:59.915928,1.08795,1.08806,1.08785,1.08795,656
2025-09-16 09:38:59.915928,1.08805,1.08833,1.08777,1.08796,5308
2025-09-16 10:38:59.915928,1.08823,1.08827,1.08815,1.08817,7348
2025-09-16 11:38:59.915928,1.08829,1.08839,1.08821,1.08837,8670
2025-09-16 12:38:59.915928,1.0883,1.08836,1.08811,1.08835,3150
2025-09-16 13:38:59.915928,1.08843,1.08847,1.08831,1.08837,6646
2025-09-16 14:38:59.915928,1.08817,1.0882,1.08795,1.08812,3232
2025-09-16 15:38:59.915928,1.08787,1.08797,1.08773,1.08782,2568
2025-09-16 16:38:59.915928,1.08788,1.088,1.08777,1.08792,2951
2025-09-16 17:38:59.915928,1.08786,1.08794,1.08781,1.0879,14049
2025-09-16 18:38:59.915928,1.08789,1.08791,1.08784,1.08785,2278
2025-09-16 19:38:59.915928,1.088,1.08811,1.08783,1.08806,6699
2025-09-16 20:38:59.915928,1.08806,1.08816,1.08788,1.08801,4034
2025-09-16 21:38:59.915928,1.08805,1.08808,1.08798,1.08807,884
2025-09-16 22:38:59.915928,1.08805,1.08819,1.08793,1.08815,5999
2025-09-16 23:38:59.915928,1.08812,1.08823,1.08807,1.08812,10632
2025-09-17 00:38:59.915928,1.08798,1.08812,1.08773,1.08806,1760
2025-09-17 01:38:59.915928,1.08795,1.08797,1.08788,1.08793,4206
2025-09-17 02:38:59.915928,1.08794,1.08804,1.08778,1.088,1588
2025-09-17 03:38:59.915928,1.08771,1.08789,1.08768,1.08786,2781
2025-09-17 04:38:59.915928,1.08757,1.08781,1.08755,1.0876,2024
2025-09-17 05:38:59.915928,1.08771,1.0878,1.08757,1.08779,2943
2025-09-17 06:38:59.915928,1.08773,1.08784,1.08761,1.08768,3220
2025-09-17 07:38:59.915928,1.08769,1.08781,1.08763,1.08777,3046
2025-09-17 08:38:59.915928,1.0877,1.08777,1.08749,1.08771,4887
2025-09-17 09:38:59.915928,1.08781,1.08792,1.08774,1.08775,4583
2025-09-17 10:38:59.915928,1.08754,1.08763,1.08739,1.08745,6981
2025-09-17 11:38:59.915928,1.08751,1.08758,1.08744,1.08746,2565
2025-09-17 12:38:59.915928,1.08755,1.08777,1.08751,1.08758,18823
2025-09-17 13:38:59.915928,1.08726,1.0873,1.08708,1.08728,690
2025-09-17 14:38:59.915928,1.08709,1.08712,1.08696,1.08704,9009
2025-09-17 15:38:59.915928,1.08715,1.08723,1.08706,1.08709,11787
2025-09-17 16:38:59.915928,1.08726,1.08727,1.08715,1.08719,12489
2025-09-17 17:38:59.915928,1.08716,1.08717,1.08709,1.08713,8299
2025-09-17 18:38:59.915928,1.08714,1.08721,1.0871,1.08719,4056
2025-09-17 19:38:59.915928,1.08695,1.08698,1.08694,1.08695,5448
2025-09-17 20:38:59.915928,1.08687,1.08693,1.08676,1.08677,11959
2025-09-17 21:38:59.915928,1.08708,1.08724,1.08705,1.08708,2540
2025-09-17 22:38:59.915928,1.08734,1.08757,1.08733,1.08738,4495
2025-09-17 23:38:59.915928,1.08737,1.08738,1.08728,1.08733,1662
2025-09-18 00:38:59.915928,1.08738,1.08745,1.0873,1.08736,1159
2025-09-18 01:38:59.915928,1.08729,1.08745,1.08715,1.08724,470
2025-09-18 02:38:59.915928,1.08724,1.08726,1.08716,1.08719,633
2025-09-18 03:38:59.915928,1.08709,1.08724,1.08705,1.08717,6177
2025-09-18 04:38:59.915928,1.08694,1.08701,1.0868,1.08697,5035
2025-09-18 05:38:59.915928,1.08704,1.0871,1.08693,1.08699,3123
2025-09-18 06:38:59.915928,1.08684,1.08699,1.08682,1.08686,2579
2025-09-18 07:38:59.915928,1.08679,1.08682,1.08669,1.08677,2036
2025-09-18 08:38:59.915928,1.08686,1.087,1.08682,1.08688,5250
2025-09-18 09:38:59.915928,1.08701,1.08707,1.08692,1.08695,12487
2025-09-18 10:38:59.915928,1.08724,1.08741,1.08709,1.08725,8054
2025-09-18 11:38:59.915928,1.08741,1.08745,1.08736,1.08737,3912
2025-09-18 12:38:59.915928,1.08724,1.08732,1.08724,1.08724,2801
2025-09-18 13:38:59.915928,1.08708,1.08711,1.08704,1.08706,9350
2025-09-18 14:38:59.915928,1.08712,1.08721,1.08697,1.08711,8861
2025-09-18 15:38:59.915928,1.08703,1.08709,1.08696,1.08707,4802
2025-09-18 16:38:59.915928,1.08699,1.08711,1.08696,1.08706,10986
2025-09-18 17:38:59.915928,1.08711,1.08712,1.08706,1.08711,6127
2025-09-18 18:38:59.915928,1.08714,1.08728,1.08711,1.0872,8668
2025-09-18 19:38:59.915928,1.08703,1.08713,1.08694,1.08711,15194
2025-09-18 20:38:59.915928,1.08722,1.08728,1.08703,1.08719,8474
2025-09-18 21:38:59.915928,1.08746,1.08753,1.08731,1.08736,5311
2025-09-18 22:38:59.915928,1.08755,1.08756,1.08743,1.08751,1922
2025-09-18 23:38:59.915928,1.08761,1.08767,1.08759,1.08762,923
2025-09-19 00:38:59.915928,1.08759,1.0877,1.08752,1.08766,5858
2025-09-19 01:38:59.915928,1.08745,1.08748,1.08723,1.0874,25736
2025-09-19 02:38:59.915928,1.0877,1.08779,1.08758,1.08769,4630
2025-09-19 03:38:59.915928,1.08775,1.08787,1.08766,1.08787,1867
2025-09-19 04:38:59.915928,1.08772,1.08773,1.08751,1.08759,2027
2025-09-19 05:38:59.915928,1.08781,1.08785,1.08773,1.08779,553
2025-09-19 06:38:59.915928,1.08768,1.0879,1.08756,1.08769,1948
2025-09-19 07:38:59.915928,1.08763,1.08785,1.08759,1.08775,2460
2025-09-19 08:38:59.915928,1.08766,1.08772,1.08765,1.08766,3574
2025-09-19 09:38:59.915928,1.08739,1.08746,1.08728,1.0874,4326
2025-09-19 10:38:59.915928,1.08731,1.08742,1.08728,1.08742,8174
2025-09-19 11:38:59.915928,1.08733,1.0875,1.08732,1.08732,7831
2025-09-19 12:38:59.915928,1.08771,1.08775,1.08763,1.08766,4273
2025-09-19 13:38:59.915928,1.08781,1.08787,1.08776,1.08778,7395
2025-09-19 14:38:59.915928,1.08766,1.08769,1.08765,1.08765,4838
2025-09-19 15:38:59.915928,1.08758,1.08758,1.08733,1.08757,5737
2025-09-19 16:38:59.915928,1.08759,1.08767,1.08757,1.08763,15107
2025-09-19 17:38:59.915928,1.08755,1.08764,1.0875,1.08753,2489
2025-09-19 18:38:59.915928,1.08751,1.08764,1.08747,1.08754,2064
2025-09-19 19:38:59.915928,1.08762,1.08775,1.08735,1.0876,1428
2025-09-19 20:38:59.915928,1.08782,1.08792,1.08773,1.08782,10602
2025-09-19 21:38:59.915928,1.08767,1.08779,1.08757,1.08765,3532
2025-09-19 22:38:59.915928,1.08795,1.08799,1.08787,1.08797,8020
2025-09-19 23:38:59.915928,1.08777,1.08793,1.08775,1.08785,2657
2025-09-20 00:38:59.915928,1.0878,1.0878,1.08771,1.08779,1147
2025-09-20 01:38:59.915928,1.08756,1.08767,1.08747,1.08751,759
2025-09-20 02:38:59.915928,1.08739,1.08742,1.08722,1.08736,4372
2025-09-20 03:38:59.915928,1.08767,1.08781,1.08759,1.08774,1203
2025-09-20 04:38:59.915928,1.08756,1.08765,1.08753,1.08755,3606
2025-09-20 05:38:59.915928,1.0876,1.08772,1.0875,1.0876,3113
2025-09-20 06:38:59.915928,1.08758,1.08759,1.08744,1.08751,1757
2025-09-20 07:38:59.915928,1.08744,1.08756,1.0873,1.08748,3258
2025-09-20 08:38:59.915928,1.08758,1.08777,1.08747,1.08769,4629
2025-09-20 09:38:59.915928,1.08754,1.08764,1.08746,1.08746,3235
2025-09-20 10:38:59.915928,1.0872,1.08735,1.08704,1.08711,5221
2025-09-20 11:38:59.915928,1.08716,1.0872,1.08714,1.08716,10275
2025-09-20 12:38:59.915928,1.08695,1.08698,1.08687,1.08697,2074
2025-09-20 13:38:59.915928,1.08679,1.0868,1.08666,1.08677,3195
2025-09-20 14:38:59.915928,1.08683,1.087,1.08662,1.0867,15904
2025-09-20 15:38:59.915928,1.08696,1.08701,1.08692,1.08696,5280
2025-09-20 16:38:59.915928,1.08697,1.08707,1.08691,1.08701,3996
2025-09-20 17:38:59.915928,1.08697,1.08711,1.0869,1.08694,12755
2025-09-20 18:38:59.915928,1.08699,1.08712,1.08693,1.08709,1380
2025-09-20 19:38:59.915928,1.08699,1.08722,1.08696,1.08706,4484
2025-09-20 20:38:59.915928,1.08703,1.08703,1.08701,1.08702,777
2025-09-20 21:38:59.915928,1.08688,1.08708,1.08682,1.08689,1911
2025-09-20 22:38:59.915928,1.0869,1.08697,1.08671,1.08676,7727
2025-09-20 23:38:59.915928,1.08706,1.0871,1.08696,1.08707,2760
2025-09-21 00:38:59.915928,1.08699,1.0871,1.08688,1.08704,6779
2025-09-21 01:38:59.915928,1.08719,1.08728,1.08697,1.08711,3375
2025-09-21 02:38:59.915928,1.08715,1.08729,1.08713,1.08727,3400
2025-09-21 03:38:59.915928,1.08714,1.0873,1.08711,1.08712,1615
2025-09-21 04:38:59.915928,1.08719,1.08728,1.08711,1.08716,1576
2025-09-21 05:38:59.915928,1.08733,1.08739,1.08712,1.0873,915
2025-09-21 06:38:59.915928,1.08743,1.08749,1.08737,1.08744,1991
2025-09-21 07:38:59.915928,1.08756,1.0876,1.08753,1.08755,1696
2025-09-21 08:38:59.915928,1.08757,1.08761,1.08737,1.08748,2622
2025-09-21 09:38:59.915928,1.08747,1.0875,1.08731,1.08747,2908
2025-09-21 10:38:59.915928,1.08743,1.08751,1.08732,1.08748,7090
2025-09-21 11:38:59.915928,1.08747,1.08762,1.08738,1.08741,2929
2025-09-21 12:38:59.915928,1.08746,1.08757,1.08739,1.0874,14937
2025-09-21 13:38:59.915928,1.08752,1.08757,1.08748,1.08749,1593
2025-09-21 14:38:59.915928,1.08749,1.08763,1.08749,1.08754,3402
2025-09-21 15:38:59.915928,1.08786,1.08801,1.08783,1.08792,2283
2025-09-21 16:38:59.915928,1.08789,1.08821,1.08767,1.08786,8335
2025-09-21 17:38:59.915928,1.08784,1.08794,1.08775,1.0878,9521
2025-09-21 18:38:59.915928,1.08772,1.08773,1.08744,1.0876,2165
2025-09-21 19:38:59.915928,1.0877,1.0879,1.08765,1.08771,5934
2025-09-21 20:38:59.915928,1.08789,1.08795,1.08777,1.08792,3898
2025-09-21 21:38:59.915928,1.0878,1.08784,1.0876,1.08768,2380
2025-09-21 22:38:59.915928,1.08777,1.08787,1.08769,1.08775,3679
2025-09-21 23:38:59.915928,1.08763,1.08773,1.08744,1.08763,3263
2025-09-22 00:38:59.915928,1.0878,1.08786,1.08776,1.08785,3025
2025-09-22 01:38:59.915928,1.08774,1.08789,1.08762,1.08773,4495
2025-09-22 02:38:59.915928,1.0876,1.08776,1.08754,1.08765,2819
2025-09-22 03:38:59.915928,1.08775,1.08784,1.08771,1.08779,18106
2025-09-22 04:38:59.915928,1.08779,1.08787,1.08774,1.08779,3927
2025-09-22 05:38:59.915928,1.08772,1.08782,1.08758,1.08778,1028
2025-09-22 06:38:59.915928,1.08773,1.08775,1.08762,1.0877,2408
2025-09-22 07:38:59.915928,1.08762,1.08775,1.08752,1.0877,2669
2025-09-22 08:38:59.915928,1.08766,1.08771,1.08766,1.08766,3406
2025-09-22 09:38:59.915928,1.08782,1.08782,1.08779,1.08781,3800
2025-09-22 10:38:59.915928,1.0879,1.08798,1.08786,1.08788,27197
2025-09-22 11:38:59.915928,1.08775,1.08781,1.08751,1.08776,6225
2025-09-22 12:38:59.915928,1.08742,1.08753,1.08736,1.08748,6863
2025-09-22 13:38:59.915928,1.08739,1.08743,1.08721,1.08733,3889
2025-09-22 14:38:59.915928,1.08749,1.08752,1.08742,1.08745,6570
2025-09-22 15:38:59.915928,1.08745,1.08753,1.08743,1.08747,9337
2025-09-22 16:38:59.915928,1.08732,1.08749,1.08719,1.08739,2999
2025-09-22 17:38:59.915928,1.08743,1.0876,1.08735,1.0875,6861
2025-09-22 18:38:59.915928,1.08741,1.08756,1.08728,1.08752,11929
2025-09-22 19:38:59.915928,1.08736,1.08738,1.0873,1.0873,5831
2025-09-22 20:38:59.915928,1.0872,1.0873,1.08694,1.08726,1877
2025-09-22 21:38:59.915928,1.08744,1.08746,1.08728,1.08731,3739
2025-09-22 22:38:59.915928,1.08744,1.0875,1.08732,1.08739,1092
2025-09-22 23:38:59.915928,1.08747,1.08747,1.08722,1.08738,11611
2025-09-23 00:38:59.915928,1.08749,1.08759,1.08741,1.08753,1452
2025-09-23 01:38:59.915928,1.08756,1.08775,1.08751,1.08752,1260
2025-09-23 02:38:59.915928,1.08762,1.08783,1.0876,1.08762,298
2025-09-23 03:38:59.915928,1.08775,1.08786,1.08772,1.08782,3273
2025-09-23 04:38:59.915928,1.088,1.08801,1.08787,1.08794,175
2025-09-23 05:38:59.915928,1.08776,1.08776,1.08771,1.08773,6694
2025-09-23 06:38:59.915928,1.08806,1.08812,1.08782,1.08799,6985
2025-09-23 07:38:59.915928,1.08813,1.08817,1.08811,1.08812,3471
2025-09-23 08:38:59.915928,1.08805,1.08831,1.08801,1.08808,3081
2025-09-23 09:38:59.915928,1.08788,1.08791,1.08771,1.08784,4616
2025-09-23 10:38:59.915928,1.08782,1.08792,1.08775,1.08787,15036
2025-09-23 11:38:59.915928,1.0878,1.08798,1.0876,1.08771,1303
2025-09-23 12:38:59.915928,1.08781,1.08786,1.08779,1.08783,11246
2025-09-23 13:38:59.915928,1.08769,1.08776,1.08752,1.08765,3105
2025-09-23 14:38:59.915928,1.08744,1.08751,1.08736,1.08749,1271
2025-09-23 15:38:59.915928,1.08752,1.08756,1.08734,1.08742,2957
2025-09-23 16:38:59.915928,1.08747,1.08754,1.08742,1.08746,2775
2025-09-23 17:38:59.915928,1.08748,1.08755,1.08737,1.08746,1476
2025-09-23 18:38:59.915928,1.08738,1.08743,1.08729,1.08738,1685
2025-09-23 19:38:59.915928,1.08713,1.08729,1.08701,1.0871,4440
2025-09-23 20:38:59.915928,1.08691,1.08703,1.0867,1.08683,6152
2025-09-23 21:38:59.915928,1.08692,1.08708,1.08689,1.08693,7524
2025-09-23 22:38:59.915928,1.08689,1.08702,1.08679,1.08696,3829
2025-09-23 23:38:59.915928,1.08676,1.08696,1.08666,1.0868,6066
2025-09-24 00:38:59.915928,1.08673,1.08692,1.08666,1.08679,2251
2025-09-24 01:38:59.915928,1.08664,1.08674,1.08658,1.08669,4098
2025-09-24 02:38:59.915928,1.0865,1.0865,1.08642,1.08648,7821
2025-09-24 03:38:59.915928,1.0865,1.08658,1.08643,1.08649,2309
2025-09-24 04:38:59.915928,1.08662,1.08679,1.08646,1.08667,2671
2025-09-24 05:38:59.915928,1.08666,1.0867,1.08666,1.08669,1853
2025-09-24 06:38:59.915928,1.08666,1.08672,1.08659,1.08672,1474
2025-09-24 07:38:59.915928,1.08641,1.08649,1.0863,1.08642,1070
2025-09-24 08:38:59.915928,1.08643,1.08646,1.08638,1.08641,7970
2025-09-24 09:38:59.915928,1.08632,1.08644,1.08623,1.0863,5120
2025-09-24 10:38:59.915928,1.08624,1.08627,1.08619,1.08619,3949
2025-09-24 11:38:59.915928,1.08636,1.08649,1.08631,1.08643,2417
2025-09-24 12:38:59.915928,1.08655,1.08667,1.08649,1.08656,4187
2025-09-24 13:38:59.915928,1.08659,1.08671,1.08644,1.0867,5333
2025-09-24 14:38:59.915928,1.08669,1.08683,1.08663,1.08667,2673
2025-09-24 15:38:59.915928,1.08646,1.08652,1.08629,1.08649,9454
2025-09-24 16:38:59.915928,1.08631,1.08654,1.08627,1.08638,4397
2025-09-24 17:38:59.915928,1.08627,1.08639,1.08612,1.08632,5177
2025-09-24 18:38:59.915928,1.08645,1.08651,1.08639,1.08644,1554
2025-09-24 19:38:59.915928,1.08641,1.08651,1.08636,1.08646,5993
2025-09-24 20:38:59.915928,1.08655,1.08672,1.0865,1.08664,3349
2025-09-24 21:38:59.915928,1.08644,1.08649,1.0863,1.08639,7091
2025-09-24 22:38:59.915928,1.08632,1.08648,1.0863,1.0864,3020
2025-09-24 23:38:59.915928,1.08631,1.08651,1.08616,1.08637,2311
2025-09-25 00:38:59.915928,1.08625,1.08637,1.08619,1.08623,2938
2025-09-25 01:38:59.915928,1.08619,1.08633,1.08592,1.08618,2581
2025-09-25 02:38:59.915928,1.08627,1.08638,1.08625,1.08628,1829
2025-09-25 03:38:59.915928,1.08623,1.08633,1.08605,1.08612,9882
2025-09-25 04:38:59.915928,1.08622,1.08634,1.08621,1.08624,1947
2025-09-25 05:38:59.915928,1.08606,1.08628,1.08595,1.08613,889
2025-09-25 06:38:59.915928,1.08629,1.08632,1.08626,1.08629,2845
2025-09-25 07:38:59.915928,1.08637,1.08651,1.08622,1.08642,1603
2025-09-25 08:38:59.915928,1.08624,1.08627,1.08598,1.08615,3053
2025-09-25 09:38:59.915928,1.08616,1.08626,1.08614,1.0862,4496
2025-09-25 10:38:59.915928,1.08598,1.08619,1.08583,1.08593,3272
2025-09-25 11:38:59.915928,1.08585,1.08593,1.0858,1.08592,2192
2025-09-25 12:38:59.915928,1.08604,1.0862,1.08595,1.08608,7261
2025-09-25 13:38:59.915928,1.08612,1.08615,1.08586,1.08603,10971
2025-09-25 14:38:59.915928,1.0866,1.0866,1.08647,1.0865,2430
2025-09-25 15:38:59.915928,1.08668,1.08669,1.08647,1.08654,2388
2025-09-25 16:38:59.915928,1.08674,1.08675,1.08671,1.08672,2645
2025-09-25 17:38:59.915928,1.08667,1.08683,1.08663,1.08666,546
2025-09-25 18:38:59.915928,1.08673,1.08682,1.08662,1.08672,9517
2025-09-25 19:38:59.915928,1.08673,1.0871,1.08672,1.0868,537
2025-09-25 20:38:59.915928,1.08658,1.08658,1.08635,1.08657,25025
2025-09-25 21:38:59.915928,1.08681,1.0869,1.08668,1.08682,708
2025-09-25 22:38:59.915928,1.08702,1.08723,1.08679,1.08695,3888
2025-09-25 23:38:59.915928,1.08707,1.08714,1.08702,1.08711,3173
2025-09-26 00:38:59.915928,1.08716,1.08719,1.08711,1.08718,2010
2025-09-26 01:38:59.915928,1.08713,1.08716,1.087,1.08715,711
2025-09-26 02:38:59.915928,1.08723,1.08732,1.08718,1.08729,870
2025-09-26 03:38:59.915928,1.08726,1.08734,1.08715,1.08717,1225
2025-09-26 04:38:59.915928,1.08744,1.08754,1.08728,1.08752,2883
2025-09-26 05:38:59.915928,1.0875,1.08759,1.08721,1.08735,2509
2025-09-26 06:38:59.915928,1.08738,1.08757,1.0872,1.08733,1152
2025-09-26 07:38:59.915928,1.08746,1.08749,1.08738,1.08746,2135
2025-09-26 08:38:59.915928,1.08736,1.08742,1.0873,1.0873,12004
2025-09-26 09:38:59.915928,1.08748,1.08757,1.08742,1.08751,3280
2025-09-26 10:38:59.915928,1.08754,1.08781,1.0875,1.08759,8490
2025-09-26 11:38:59.915928,1.08739,1.0874,1.08734,1.08734,3829
2025-09-26 12:38:59.915928,1.08727,1.08745,1.08722,1.08743,954
2025-09-26 13:38:59.915928,1.08722,1.08735,1.08717,1.08724,600
2025-09-26 14:38:59.915928,1.08722,1.08722,1.08715,1.08721,22341
2025-09-26 15:38:59.915928,1.08736,1.08744,1.08724,1.08734,5239
2025-09-26 16:38:59.915928,1.08723,1.0873,1.08716,1.08726,7786
2025-09-26 17:38:59.915928,1.0872,1.08728,1.08715,1.0872,768
2025-09-26 18:38:59.915928,1.08728,1.08729,1.08726,1.08729,8032
2025-09-26 19:38:59.915928,1.08732,1.08735,1.08731,1.08734,1744
2025-09-26 20:38:59.915928,1.0868,1.08681,1.0867,1.08676,10677
2025-09-26 21:38:59.915928,1.08701,1.08703,1.08696,1.08697,5415
2025-09-26 22:38:59.915928,1.08712,1.08724,1.08693,1.08718,7748
2025-09-26 23:38:59.915928,1.0872,1.08733,1.08718,1.08729,1461
2025-09-27 00:38:59.915928,1.08727,1.08734,1.0871,1.08715,1570
2025-09-27 01:38:59.915928,1.087,1.08707,1.08694,1.08694,1126
2025-09-27 02:38:59.915928,1.08692,1.08701,1.08671,1.08695,5135
2025-09-27 03:38:59.915928,1.08707,1.08714,1.08704,1.08708,2709
2025-09-27 04:38:59.915928,1.08702,1.08709,1.08686,1.08699,1716
2025-09-27 05:38:59.915928,1.08691,1.08697,1.08689,1.08694,1868
2025-09-27 06:38:59.915928,1.08673,1.08684,1.08659,1.08668,2691
2025-09-27 07:38:59.915928,1.08684,1.08695,1.08683,1.08686,1007
2025-09-27 08:38:59.915928,1.08694,1.08713,1.08688,1.08703,1679
2025-09-27 09:38:59.915928,1.08693,1.08707,1.08679,1.08684,5002
2025-09-27 10:38:59.915928,1.08665,1.08673,1.08653,1.08661,8436
2025-09-27 11:38:59.915928,1.08675,1.08681,1.08663,1.08669,8924
2025-09-27 12:38:59.915928,1.08676,1.08689,1.08672,1.0868,5069
2025-09-27 13:38:59.915928,1.08672,1.08684,1.08646,1.08667,2398
2025-09-27 14:38:59.915928,1.08671,1.08696,1.08655,1.08668,7373
2025-09-27 15:38:59.915928,1.08677,1.08691,1.08663,1.08677,6322
2025-09-27 16:38:59.915928,1.08669,1.08672,1.08646,1.08671,1758
2025-09-27 17:38:59.915928,1.08667,1.08673,1.08664,1.08667,2627
2025-09-27 18:38:59.915928,1.08671,1.0869,1.08663,1.08677,11842
2025-09-27 19:38:59.915928,1.08658,1.08667,1.08653,1.08654,8079
2025-09-27 20:38:59.915928,1.08666,1.08669,1.08658,1.08668,5024
2025-09-27 21:38:59.915928,1.08674,1.08684,1.08666,1.0868,5375
2025-09-27 22:38:59.915928,1.08663,1.08675,1.08658,1.08661,9973
2025-09-27 23:38:59.915928,1.08682,1.08685,1.08675,1.08685,2777
2025-09-28 00:38:59.915928,1.08678,1.08689,1.08675,1.08677,1096
2025-09-28 01:38:59.915928,1.08676,1.08691,1.08665,1.08679,8210
2025-09-28 02:38:59.915928,1.08683,1.08692,1.08676,1.08683,1459
2025-09-28 03:38:59.915928,1.08671,1.08675,1.08664,1.08671,3723
2025-09-28 04:38:59.915928,1.08704,1.08717,1.08697,1.08702,795
2025-09-28 05:38:59.915928,1.087,1.0871,1.08682,1.08693,327
2025-09-28 06:38:59.915928,1.08685,1.08691,1.08683,1.08688,1622
2025-09-28 07:38:59.915928,1.08694,1.08702,1.08681,1.08696,640
2025-09-28 08:38:59.915928,1.08703,1.08711,1.08696,1.08705,1971
2025-09-28 09:38:59.915928,1.08695,1.0871,1.08689,1.08701,9093
2025-09-28 10:38:59.915928,1.0868,1.08696,1.08665,1.0868,2926
2025-09-28 11:38:59.915928,1.0868,1.08683,1.08672,1.08678,21468
2025-09-28 12:38:59.915928,1.08677,1.08685,1.08661,1.08667,4006
2025-09-28 13:38:59.915928,1.08665,1.08678,1.08653,1.0867,18129
2025-09-28 14:38:59.915928,1.08662,1.08672,1.0865,1.08652,20856
2025-09-28 15:38:59.915928,1.08664,1.08665,1.0865,1.08663,3516
2025-09-28 16:38:59.915928,1.08658,1.08662,1.08639,1.08651,5678
2025-09-28 17:38:59.915928,1.08667,1.08685,1.08661,1.08678,5589
2025-09-28 18:38:59.915928,1.08673,1.08679,1.08628,1.08668,12120
2025-09-28 19:38:59.915928,1.08659,1.0867,1.08646,1.08665,12930
2025-09-28 20:38:59.915928,1.08655,1.08683,1.08642,1.08667,2208
2025-09-28 21:38:59.915928,1.08654,1.08663,1.08645,1.08648,1894
2025-09-28 22:38:59.915928,1.08643,1.08672,1.08643,1.08656,14246
2025-09-28 23:38:59.915928,1.08644,1.08657,1.08626,1.08653,2503
2025-09-29 00:38:59.915928,1.08641,1.08643,1.08636,1.08637,2194
2025-09-29 01:38:59.915928,1.08662,1.08676,1.08658,1.08665,1467
2025-09-29 02:38:59.915928,1.08638,1.08648,1.08628,1.0864,1666
2025-09-29 03:38:59.915928,1.08647,1.08652,1.08639,1.08647,1172
2025-09-29 04:38:59.915928,1.08682,1.08688,1.08669,1.08678,1407
2025-09-29 05:38:59.915928,1.0867,1.0869,1.08669,1.08673,5079
2025-09-29 06:38:59.915928,1.08659,1.08678,1.08659,1.08669,3487
2025-09-29 07:38:59.915928,1.08657,1.08664,1.08644,1.08649,12529
2025-09-29 08:38:59.915928,1.0864,1.08648,1.08626,1.08635,6997
2025-09-29 09:38:59.915928,1.08647,1.08657,1.08641,1.08647,1482
2025-09-29 10:38:59.915928,1.08627,1.0864,1.08621,1.08622,11562
2025-09-29 11:38:59.915928,1.08621,1.0863,1.08618,1.0862,2061
2025-09-29 12:38:59.915928,1.08615,1.08617,1.08607,1.08611,1253
2025-09-29 13:38:59.915928,1.08613,1.08618,1.08607,1.08612,4972
2025-09-29 14:38:59.915928,1.08622,1.08634,1.08608,1.08618,11509
2025-09-29 15:38:59.915928,1.08638,1.08646,1.08634,1.08635,3964
2025-09-29 16:38:59.915928,1.08612,1.08623,1.08608,1.08608,3883
2025-09-29 17:38:59.915928,1.08622,1.08632,1.08613,1.08627,1959
2025-09-29 18:38:59.915928,1.08605,1.08614,1.08594,1.08607,3808
2025-09-29 19:38:59.915928,1.0859,1.086,1.08576,1.08597,8323
2025-09-29 20:38:59.915928,1.08592,1.08602,1.08586,1.0859,2544
2025-09-29 21:38:59.915928,1.08571,1.08585,1.08571,1.08583,1503
2025-09-29 22:38:59.915928,1.08558,1.0857,1.08552,1.08565,1986
2025-09-29 23:38:59.915928,1.08572,1.08585,1.08566,1.08577,959
2025-09-30 00:38:59.915928,1.08551,1.08569,1.0855,1.08555,1459
2025-09-30 01:38:59.915928,1.08555,1.08567,1.08546,1.08563,1382
2025-09-30 02:38:59.915928,1.08519,1.08543,1.08509,1.08525,2635
2025-09-30 03:38:59.915928,1.08524,1.08542,1.08524,1.08542,3921
2025-09-30 04:38:59.915928,1.08533,1.08549,1.08523,1.08533,420
2025-09-30 05:38:59.915928,1.08536,1.08547,1.08531,1.08534,1197
2025-09-30 06:38:59.915928,1.08541,1.08554,1.0853,1.08547,2599
2025-09-30 07:38:59.915928,1.08541,1.08552,1.08534,1.0854,3025
2025-09-30 08:38:59.915928,1.0855,1.08552,1.08543,1.08548,11588
2025-09-30 09:38:59.915928,1.08557,1.08563,1.0855,1.08555,9035
2025-09-30 10:38:59.915928,1.08574,1.08583,1.0857,1.08575,5882
2025-09-30 11:38:59.915928,1.08581,1.08597,1.08574,1.08592,3439
2025-09-30 12:38:59.915928,1.08572,1.08586,1.08565,1.08572,1656
2025-09-30 13:38:59.915928,1.08588,1.08599,1.08584,1.08585,1783
2025-09-30 14:38:59.915928,1.08575,1.08581,1.08561,1.0857,4535
2025-09-30 15:38:59.915928,1.08596,1.08619,1.08594,1.08611,2328
2025-09-30 16:38:59.915928,1.0861,1.08613,1.086,1.08604,20471
2025-09-30 17:38:59.915928,1.08613,1.08628,1.08603,1.08622,3133
2025-09-30 18:38:59.915928,1.08625,1.08638,1.08615,1.08633,7843
2025-09-30 19:38:59.915928,1.08638,1.08645,1.08638,1.08639,6244
2025-09-30 20:38:59.915928,1.08643,1.08657,1.0864,1.08649,5561
2025-09-30 21:38:59.915928,1.08649,1.08661,1.08637,1.08653,5111
2025-09-30 22:38:59.915928,1.0864,1.08652,1.08629,1.08631,864
2025-09-30 23:38:59.915928,1.08652,1.08655,1.08644,1.08649,3029
2025-10-01 00:38:59.915928,1.08652,1.08659,1.08644,1.08657,1642
2025-10-01 01:38:59.915928,1.08646,1.0867,1.08628,1.08655,4994
2025-10-01 02:38:59.915928,1.08642,1.08652,1.08637,1.08644,507
2025-10-01 03:38:59.915928,1.08636,1.08648,1.08624,1.0864,726
2025-10-01 04:38:59.915928,1.08643,1.08648,1.08636,1.08647,3563
2025-10-01 05:38:59.915928,1.08634,1.08635,1.08627,1.08632,1763
2025-10-01 06:38:59.915928,1.0864,1.08644,1.08625,1.08634,1085
2025-10-01 07:38:59.915928,1.08653,1.08662,1.0865,1.08661,535
2025-10-01 08:38:59.915928,1.0866,1.08661,1.08642,1.08649,2613
2025-10-01 09:38:59.915928,1.08668,1.08685,1.0866,1.08678,4583
2025-10-01 10:38:59.915928,1.08681,1.08707,1.08676,1.08696,3453
2025-10-01 11:38:59.915928,1.08682,1.08698,1.08679,1.08687,10944
2025-10-01 12:38:59.915928,1.08669,1.08683,1.08662,1.08683,2788
2025-10-01 13:38:59.915928,1.08683,1.08684,1.08676,1.08683,11721
2025-10-01 14:38:59.915928,1.08676,1.0869,1.08662,1.08675,8803
2025-10-01 15:38:59.915928,1.08693,1.08698,1.08682,1.08689,9554
2025-10-01 16:38:59.915928,1.08694,1.087,1.08677,1.08687,10369
2025-10-01 17:38:59.915928,1.08714,1.08725,1.08703,1.08714,16913
2025-10-01 18:38:59.915928,1.08707,1.08717,1.08697,1.08716,2311
2025-10-01 19:38:59.915928,1.08694,1.08704,1.08681,1.08681,3429
2025-10-01 20:38:59.915928,1.08694,1.08699,1.0869,1.08693,2187
2025-10-01 21:38:59.915928,1.08683,1.0869,1.0868,1.08682,8727
2025-10-01 22:38:59.915928,1.0866,1.08676,1.08646,1.08658,1875
2025-10-01 23:38:59.915928,1.08651,1.08651,1.08634,1.08644,2013
2025-10-02 00:38:59.915928,1.08639,1.08655,1.08632,1.08644,1214
2025-10-02 01:38:59.915928,1.08639,1.08645,1.08633,1.08644,1574
2025-10-02 02:38:59.915928,1.08633,1.08646,1.08625,1.08632,1422
2025-10-02 03:38:59.915928,1.08649,1.08649,1.08625,1.08632,8057
2025-10-02 04:38:59.915928,1.08659,1.08669,1.08651,1.08656,1230
2025-10-02 05:38:59.915928,1.08679,1.08684,1.08665,1.08675,650
2025-10-02 06:38:59.915928,1.08692,1.08708,1.0869,1.08703,2080
2025-10-02 07:38:59.915928,1.08696,1.08708,1.0869,1.087,2796
2025-10-02 08:38:59.915928,1.08708,1.0871,1.08704,1.08705,4447
2025-10-02 09:38:59.915928,1.08707,1.08716,1.08694,1.08712,1509
2025-10-02 10:38:59.915928,1.08715,1.08731,1.08705,1.08713,3785
2025-10-02 11:38:59.915928,1.08711,1.08716,1.08706,1.08708,13712
2025-10-02 12:38:59.915928,1.0871,1.0872,1.08685,1.08712,4761
2025-10-02 13:38:59.915928,1.08705,1.08717,1.08697,1.08701,16912
2025-10-02 14:38:59.915928,1.087,1.08712,1.08693,1.08694,12560
2025-10-02 15:38:59.915928,1.08718,1.0874,1.08707,1.0873,1448
2025-10-02 16:38:59.915928,1.08711,1.08718,1.087,1.08705,5509
2025-10-02 17:38:59.915928,1.08708,1.08709,1.08702,1.08707,9158
2025-10-02 18:38:59.915928,1.08695,1.08718,1.08695,1.08702,3536
2025-10-02 19:38:59.915928,1.08686,1.087,1.0868,1.08689,11935
2025-10-02 20:38:59.915928,1.08679,1.08689,1.08665,1.08678,5578
2025-10-02 21:38:59.915928,1.08684,1.08701,1.08683,1.08691,14870
2025-10-02 22:38:59.915928,1.0869,1.08691,1.08667,1.08689,2084
2025-10-02 23:38:59.915928,1.08701,1.0872,1.08694,1.08706,4314
2025-10-03 00:38:59.915928,1.08709,1.08716,1.08689,1.08716,2543
2025-10-03 01:38:59.915928,1.08738,1.08751,1.08735,1.08742,827
2025-10-03 02:38:59.915928,1.0874,1.08749,1.08724,1.08724,7491
2025-10-03 03:38:59.915928,1.08757,1.08765,1.08756,1.08762,3282
2025-10-03 04:38:59.915928,1.08749,1.08758,1.08739,1.08755,1645
2025-10-03 05:38:59.915928,1.08739,1.0874,1.08731,1.08733,797
2025-10-03 06:38:59.915928,1.08734,1.08738,1.08722,1.08726,1827
2025-10-03 07:38:59.915928,1.08709,1.08722,1.08696,1.08707,775
2025-10-03 08:38:59.915928,1.08702,1.0871,1.08694,1.08699,4325
2025-10-03 09:38:59.915928,1.08712,1.08718,1.087,1.08704,5580
2025-10-03 10:38:59.915928,1.08721,1.08737,1.08712,1.08731,4099
2025-10-03 11:38:59.915928,1.08732,1.08751,1.08719,1.08739,3896
2025-10-03 12:38:59.915928,1.08719,1.08733,1.08708,1.08714,3899
2025-10-03 13:38:59.915928,1.08735,1.08744,1.08732,1.08736,3029
2025-10-03 14:38:59.915928,1.0874,1.08745,1.08725,1.08739,39666
2025-10-03 15:38:59.915928,1.08736,1.08738,1.08712,1.08728,904
2025-10-03 16:38:59.915928,1.08737,1.08739,1.08726,1.08738,7386
2025-10-03 17:38:59.915928,1.08725,1.08733,1.08711,1.08724,11280
2025-10-03 18:38:59.915928,1.08731,1.08731,1.08722,1.08723,4069
2025-10-03 19:38:59.915928,1.08737,1.08749,1.08735,1.08742,4285
2025-10-03 20:38:59.915928,1.08762,1.08779,1.08761,1.08771,1457
2025-10-03 21:38:59.915928,1.0875,1.08758,1.08725,1.08752,3646
2025-10-03 22:38:59.915928,1.08744,1.08746,1.08733,1.08741,2647
2025-10-03 23:38:59.915928,1.08755,1.08767,1.08746,1.08763,1563
2025-10-04 00:38:59.915928,1.08745,1.0875,1.08742,1.0875,2098
2025-10-04 01:38:59.915928,1.08741,1.08767,1.08728,1.08744,2913
2025-10-04 02:38:59.915928,1.0872,1.08724,1.08707,1.08707,1075
2025-10-04 03:38:59.915928,1.08751,1.08753,1.08737,1.08746,969
2025-10-04 04:38:59.915928,1.08778,1.08784,1.08753,1.08774,2337
2025-10-04 05:38:59.915928,1.08784,1.08799,1.08777,1.0879,766
2025-10-04 06:38:59.915928,1.08789,1.08797,1.08788,1.0879,2630
2025-10-04 07:38:59.915928,1.0879,1.08803,1.08788,1.08797,7715
2025-10-04 08:38:59.915928,1.08774,1.08785,1.08767,1.08773,2111
2025-10-04 09:38:59.915928,1.08783,1.08794,1.08781,1.08786,2481
2025-10-04 10:38:59.915928,1.08783,1.08786,1.08769,1.0877,6766
2025-10-04 11:38:59.915928,1.08782,1.08789,1.08774,1.08777,15073
2025-10-04 12:38:59.915928,1.08807,1.08811,1.08804,1.08807,1300
2025-10-04 13:38:59.915928,1.08839,1.08853,1.08833,1.08845,3865
2025-10-04 14:38:59.915928,1.08838,1.0885,1.08824,1.08842,9860
2025-10-04 15:38:59.915928,1.08827,1.08839,1.08826,1.08827,5490
2025-10-04 16:38:59.915928,1.08812,1.08828,1.08811,1.08816,28812
2025-10-04 17:38:59.915928,1.08804,1.08808,1.08786,1.08793,1166
2025-10-04 18:38:59.915928,1.08817,1.0883,1.08815,1.08816,5517
2025-10-04 19:38:59.915928,1.0882,1.0884,1.08812,1.08827,5803
2025-10-04 20:38:59.915928,1.08785,1.08795,1.08773,1.08792,2025
2025-10-04 21:38:59.915928,1.08763,1.08768,1.08742,1.08755,1897
2025-10-04 22:38:59.915928,1.08752,1.0877,1.08751,1.08756,5089
2025-10-04 23:38:59.915928,1.08776,1.08778,1.08761,1.08767,285
2025-10-05 00:38:59.915928,1.08771,1.08782,1.08765,1.08779,1499
2025-10-05 01:38:59.915928,1.08782,1.08787,1.08771,1.08771,2140
2025-10-05 02:38:59.915928,1.08789,1.08803,1.08772,1.08796,2359
2025-10-05 03:38:59.915928,1.08803,1.08805,1.08795,1.08799,4703
2025-10-05 04:38:59.915928,1.0881,1.0881,1.08787,1.08801,1721
2025-10-05 05:38:59.915928,1.08822,1.08832,1.08813,1.08828,1091
2025-10-05 06:38:59.915928,1.08825,1.08826,1.08807,1.0882,1681
2025-10-05 07:38:59.915928,1.0883,1.08847,1.08826,1.08831,3440
2025-10-05 08:38:59.915928,1.08833,1.08849,1.08831,1.0884,31125
2025-10-05 09:38:59.915928,1.08838,1.08848,1.08829,1.08837,1370
2025-10-05 10:38:59.915928,1.08823,1.08826,1.0882,1.08824,2445
2025-10-05 11:38:59.915928,1.08808,1.08812,1.088,1.08801,11538
2025-10-05 12:38:59.915928,1.08806,1.0883,1.08799,1.08818,2002
2025-10-05 13:38:59.915928,1.0883,1.08832,1.08822,1.08827,7095
2025-10-05 14:38:59.915928,1.08819,1.08829,1.0881,1.08824,2168
2025-10-05 15:38:59.915928,1.08832,1.08844,1.08824,1.08838,6844
2025-10-05 16:38:59.915928,1.08814,1.08826,1.08814,1.08822,6876
2025-10-05 17:38:59.915928,1.088,1.08811,1.08789,1.08801,5037
2025-10-05 18:38:59.915928,1.08811,1.08811,1.08805,1.08811,4516
2025-10-05 19:38:59.915928,1.0882,1.08825,1.08804,1.08823,5723
2025-10-05 20:38:59.915928,1.08823,1.08841,1.08821,1.08838,2612
2025-10-05 21:38:59.915928,1.08793,1.08802,1.08777,1.08785,4088
2025-10-05 22:38:59.915928,1.08793,1.08795,1.08779,1.0879,2778
2025-10-05 23:38:59.915928,1.08789,1.08812,1.08788,1.08802,1936
2025-10-06 00:38:59.915928,1.08793,1.08819,1.0878,1.08799,1914
2025-10-06 01:38:59.915928,1.08774,1.08785,1.08762,1.08783,800
2025-10-06 02:38:59.915928,1.08761,1.08776,1.08752,1.08771,6803
2025-10-06 03:38:59.915928,1.08758,1.08776,1.0875,1.08765,615
2025-10-06 04:38:59.915928,1.08771,1.08775,1.08768,1.08772,6808
2025-10-06 05:38:59.915928,1.08788,1.08795,1.08767,1.08777,4137
2025-10-06 06:38:59.915928,1.08812,1.08819,1.08804,1.08809,656
2025-10-06 07:38:59.915928,1.08825,1.08832,1.08818,1.08825,3482
2025-10-06 08:38:59.915928,1.0882,1.08834,1.08815,1.0883,13705
2025-10-06 09:38:59.915928,1.08838,1.08852,1.08833,1.08835,1432
2025-10-06 10:38:59.915928,1.08842,1.0887,1.08822,1.08857,4700
2025-10-06 11:38:59.915928,1.08854,1.08861,1.08846,1.08857,1690
2025-10-06 12:38:59.915928,1.0888,1.08887,1.08852,1.08864,14585
2025-10-06 13:38:59.915928,1.08899,1.08923,1.08887,1.0891,9571
2025-10-06 14:38:59.915928,1.08913,1.08917,1.08898,1.08903,8134
2025-10-06 15:38:59.915928,1.08904,1.08905,1.08891,1.08897,6529
2025-10-06 16:38:59.915928,1.08914,1.08918,1.0891,1.08912,27354
2025-10-06 17:38:59.915928,1.08906,1.08915,1.08898,1.08903,4783
2025-10-06 18:38:59.915928,1.08929,1.08949,1.08917,1.0892,3965
2025-10-06 19:38:59.915928,1.08935,1.08952,1.0892,1.08936,6691
2025-10-06 20:38:59.915928,1.08899,1.08913,1.08888,1.08912,3271
2025-10-06 21:38:59.915928,1.08882,1.08895,1.08879,1.08883,5775
2025-10-06 22:38:59.915928,1.08905,1.08917,1.08891,1.08896,9418
2025-10-06 23:38:59.915928,1.08901,1.08904,1.08899,1.08902,7239
2025-10-07 00:38:59.915928,1.08903,1.08909,1.08892,1.08899,10197
2025-10-07 01:38:59.915928,1.0891,1.08918,1.089,1.08905,2224
2025-10-07 02:38:59.915928,1.0892,1.08924,1.08911,1.08922,7585
2025-10-07 03:38:59.915928,1.0893,1.08948,1.08926,1.08936,2911
2025-10-07 04:38:59.915928,1.08923,1.08935,1.08913,1.08925,2435
2025-10-07 05:38:59.915928,1.08914,1.08929,1.08899,1.08904,1282
2025-10-07 06:38:59.915928,1.08906,1.08922,1.08897,1.08909,643
2025-10-07 07:38:59.915928,1.08903,1.08905,1.08892,1.08901,2272
2025-10-07 08:38:59.915928,1.08911,1.08916,1.08911,1.08915,4787
2025-10-07 09:38:59.915928,1.08899,1.08914,1.08891,1.08898,5438
2025-10-07 10:38:59.915928,1.0889,1.08891,1.08886,1.08889,2240
2025-10-07 11:38:59.915928,1.08891,1.08894,1.08888,1.08888,6125
2025-10-07 12:38:59.915928,1.08885,1.08895,1.08872,1.08884,35718
2025-10-07 13:38:59.915928,1.08875,1.0888,1.08863,1.08868,5967
2025-10-07 14:38:59.915928,1.08869,1.08876,1.08867,1.08873,4696
2025-10-07 15:38:59.915928,1.08898,1.089,1.08887,1.08896,4392
2025-10-07 16:38:59.915928,1.08896,1.08905,1.08887,1.08896,19052
2025-10-07 17:38:59.915928,1.08885,1.08893,1.08869,1.08874,2641
2025-10-07 18:38:59.915928,1.08883,1.08893,1.08875,1.08884,7645
2025-10-07 19:38:59.915928,1.08879,1.08894,1.08878,1.08884,6826
2025-10-07 20:38:59.915928,1.08885,1.08893,1.08879,1.0888,10189
2025-10-07 21:38:59.915928,1.0886,1.08871,1.08854,1.08864,1527
2025-10-07 22:38:59.915928,1.08859,1.08862,1.08839,1.08849,5038
2025-10-07 23:38:59.915928,1.0888,1.08884,1.08877,1.0888,3252
2025-10-08 00:38:59.915928,1.08893,1.08896,1.08884,1.08886,708
2025-10-08 01:38:59.915928,1.08879,1.08882,1.08873,1.08873,1629
2025-10-08 02:38:59.915928,1.08874,1.08888,1.08861,1.08869,2551
2025-10-08 03:38:59.915928,1.08897,1.08897,1.0889,1.08894,697
2025-10-08 04:38:59.915928,1.089,1.08911,1.08885,1.089,1880
2025-10-08 05:38:59.915928,1.08882,1.08902,1.08872,1.08882,1273
2025-10-08 06:38:59.915928,1.08872,1.0888,1.08859,1.08868,4981
2025-10-08 07:38:59.915928,1.08862,1.08869,1.0886,1.08864,1260
2025-10-08 08:38:59.915928,1.08846,1.08857,1.08842,1.08855,4193
2025-10-08 09:38:59.915928,1.08839,1.08849,1.08834,1.0884,2727
2025-10-08 10:38:59.915928,1.08854,1.08868,1.08839,1.0886,926
2025-10-08 11:38:59.915928,1.0886,1.08872,1.08851,1.08851,6677
2025-10-08 12:38:59.915928,1.08865,1.08869,1.08865,1.08869,10312
2025-10-08 13:38:59.915928,1.08852,1.08866,1.08847,1.08853,2727
2025-10-08 14:38:59.915928,1.08844,1.0885,1.0883,1.08841,3233
2025-10-08 15:38:59.915928,1.08835,1.08837,1.08829,1.0883,5659
2025-10-08 16:38:59.915928,1.08822,1.08842,1.08822,1.08834,1738
2025-10-08 17:38:59.915928,1.08819,1.08826,1.08806,1.08816,29749
2025-10-08 18:38:59.915928,1.08809,1.0881,1.08803,1.08809,7983
2025-10-08 19:38:59.915928,1.088,1.08819,1.08781,1.08793,11792
2025-10-08 20:38:59.915928,1.08795,1.08797,1.08776,1.08787,8623
2025-10-08 21:38:59.915928,1.08768,1.08773,1.08757,1.08762,1839
2025-10-08 22:38:59.915928,1.08774,1.088,1.08768,1.08783,1060
2025-10-08 23:38:59.915928,1.088,1.08817,1.08789,1.08794,9982
2025-10-09 00:38:59.915928,1.08799,1.08811,1.0879,1.088,5587
2025-10-09 01:38:59.915928,1.08802,1.08821,1.08795,1.08803,3602
2025-10-09 02:38:59.915928,1.08796,1.08801,1.08789,1.08791,3162
2025-10-09 03:38:59.915928,1.08815,1.08816,1.08804,1.08811,374
2025-10-09 04:38:59.915928,1.08803,1.08823,1.08802,1.08809,2723
2025-10-09 05:38:59.915928,1.08832,1.08836,1.08829,1.08834,3041
2025-10-09 06:38:59.915928,1.08833,1.08853,1.08831,1.08838,2196
2025-10-09 07:38:59.915928,1.08843,1.08847,1.08832,1.08838,1789
2025-10-09 08:38:59.915928,1.08844,1.0885,1.08838,1.08847,9279
2025-10-09 09:38:59.915928,1.08846,1.08853,1.08837,1.08852,2740
2025-10-09 10:38:59.915928,1.08859,1.08884,1.08856,1.08863,6439
2025-10-09 11:38:59.915928,1.08871,1.0888,1.08862,1.08868,845
2025-10-09 12:38:59.915928,1.08863,1.08891,1.0886,1.08871,1742
2025-10-09 13:38:59.915928,1.08856,1.08868,1.08848,1.0885,2065
2025-10-09 14:38:59.915928,1.08864,1.0887,1.0886,1.0886,5134
2025-10-09 15:38:59.915928,1.08848,1.08876,1.08847,1.08859,3473
2025-10-09 16:38:59.915928,1.08843,1.08852,1.08838,1.08849,7071
2025-10-09 17:38:59.915928,1.08854,1.08864,1.08841,1.08848,11161
2025-10-09 18:38:59.915928,1.08841,1.08853,1.08828,1.08849,7258
2025-10-09 19:38:59.915928,1.08838,1.08838,1.08836,1.08836,3541
2025-10-09 20:38:59.915928,1.08824,1.08837,1.08823,1.08834,7320
2025-10-09 21:38:59.915928,1.08808,1.08836,1.088,1.08826,987
2025-10-09 22:38:59.915928,1.08812,1.08814,1.08807,1.08811,1935
2025-10-09 23:38:59.915928,1.08814,1.0882,1.08812,1.08815,7269
2025-10-10 00:38:59.915928,1.08792,1.08804,1.08782,1.08796,2616
2025-10-10 01:38:59.915928,1.08794,1.08801,1.08789,1.08793,1372
2025-10-10 02:38:59.915928,1.08802,1.0881,1.08796,1.08807,824
2025-10-10 03:38:59.915928,1.08823,1.08835,1.08813,1.08832,1468
2025-10-10 04:38:59.915928,1.08795,1.08814,1.08792,1.08811,1789
2025-10-10 05:38:59.915928,1.08796,1.08803,1.08794,1.08795,4933
2025-10-10 06:38:59.915928,1.08822,1.08834,1.08819,1.08824,1342
2025-10-10 07:38:59.915928,1.08818,1.08831,1.08817,1.08819,1944
2025-10-10 08:38:59.915928,1.08822,1.08841,1.08817,1.08833,21417
2025-10-10 09:38:59.915928,1.08819,1.0884,1.08812,1.08822,1251
2025-10-10 10:38:59.915928,1.0881,1.08828,1.08806,1.08813,3342
2025-10-10 11:38:59.915928,1.08786,1.08789,1.08772,1.08781,2525
2025-10-10 12:38:59.915928,1.08803,1.08815,1.08801,1.08806,5793
2025-10-10 13:38:59.915928,1.08825,1.08837,1.08815,1.08819,10981
2025-10-10 14:38:59.915928,1.08813,1.08817,1.08811,1.08813,4674
2025-10-10 15:38:59.915928,1.08761,1.08785,1.08752,1.08763,2273
2025-10-10 16:38:59.915928,1.08782,1.08784,1.08776,1.08783,6593
2025-10-10 17:38:59.915928,1.088,1.08813,1.08781,1.08792,1961
2025-10-10 18:38:59.915928,1.08802,1.0881,1.08801,1.08805,12461
2025-10-10 19:38:59.915928,1.08802,1.08822,1.08799,1.08815,4088
2025-10-10 20:38:59.915928,1.08809,1.08823,1.08809,1.0881,2640
2025-10-10 21:38:59.915928,1.08817,1.08822,1.08805,1.08807,1778
2025-10-10 22:38:59.915928,1.08799,1.0881,1.08798,1.08806,2941
2025-10-10 23:38:59.915928,1.08802,1.08804,1.0879,1.088,1195
2025-10-11 00:38:59.915928,1.08813,1.08818,1.08812,1.08816,4191
2025-10-11 01:38:59.915928,1.08808,1.08812,1.08801,1.08808,1393
2025-10-11 02:38:59.915928,1.08785,1.08789,1.08783,1.08786,1612
2025-10-11 03:38:59.915928,1.08771,1.08774,1.08767,1.08773,2057
2025-10-11 04:38:59.915928,1.08759,1.0876,1.08749,1.08749,2533
2025-10-11 05:38:59.915928,1.08751,1.08762,1.08742,1.08748,1676
2025-10-11 06:38:59.915928,1.08749,1.08753,1.08749,1.0875,1456
2025-10-11 07:38:59.915928,1.08753,1.08757,1.08741,1.08747,2379
2025-10-11 08:38:59.915928,1.08756,1.08764,1.08745,1.08758,31142
2025-10-11 09:38:59.915928,1.08782,1.08788,1.08762,1.08779,8411
2025-10-11 10:38:59.915928,1.08771,1.08772,1.08762,1.0877,9052
2025-10-11 11:38:59.915928,1.08781,1.08789,1.08771,1.08784,1553
2025-10-11 12:38:59.915928,1.08799,1.08806,1.08797,1.08805,2314
2025-10-11 13:38:59.915928,1.0878,1.08789,1.08771,1.08771,9239
2025-10-11 14:38:59.915928,1.08779,1.08781,1.0877,1.08777,8033
2025-10-11 15:38:59.915928,1.08779,1.08787,1.08774,1.08784,10858
2025-10-11 16:38:59.915928,1.08778,1.08782,1.08765,1.08777,3178
2025-10-11 17:38:59.915928,1.08796,1.08801,1.0878,1.088,13235
2025-10-11 18:38:59.915928,1.08794,1.08812,1.08772,1.08777,8179
2025-10-11 19:38:59.915928,1.08806,1.08807,1.0878,1.08802,9446
2025-10-11 20:38:59.915928,1.08794,1.08796,1.08794,1.08796,7961
2025-10-11 21:38:59.915928,1.08802,1.08818,1.08782,1.08802,7790
2025-10-11 22:38:59.915928,1.08782,1.08786,1.08772,1.08774,7066
2025-10-11 23:38:59.915928,1.08764,1.08769,1.08735,1.08751,2373
2025-10-12 00:38:59.915928,1.08761,1.08762,1.08753,1.08758,1144
2025-10-12 01:38:59.915928,1.08784,1.08792,1.08779,1.08788,1811
2025-10-12 02:38:59.915928,1.0879,1.08791,1.08782,1.08787,365
2025-10-12 03:38:59.915928,1.08799,1.08804,1.08799,1.08802,1851
2025-10-12 04:38:59.915928,1.08801,1.08804,1.08769,1.08785,2108
2025-10-12 05:38:59.915928,1.08799,1.088,1.08794,1.08797,3534
2025-10-12 06:38:59.915928,1.088,1.08804,1.08784,1.08799,4667
2025-10-12 07:38:59.915928,1.08786,1.08806,1.08771,1.088,1108
2025-10-12 08:38:59.915928,1.08797,1.08806,1.08792,1.08799,4797
2025-10-12 09:38:59.915928,1.08787,1.08799,1.08772,1.08792,1477
2025-10-12 10:38:59.915928,1.08776,1.08797,1.08775,1.08788,3240
2025-10-12 11:38:59.915928,1.08762,1.08763,1.08758,1.08759,12205
2025-10-12 12:38:59.915928,1.08717,1.08731,1.0871,1.0873,2889
2025-10-12 13:38:59.915928,1.08693,1.08702,1.08681,1.08692,23936
2025-10-12 14:38:59.915928,1.08712,1.08721,1.08705,1.08714,1741
2025-10-12 15:38:59.915928,1.08718,1.08725,1.08696,1.08711,3652
2025-10-12 16:38:59.915928,1.08701,1.08712,1.08683,1.08686,1222
2025-10-12 17:38:59.915928,1.08703,1.08707,1.08697,1.08701,22618
2025-10-12 18:38:59.915928,1.08688,1.08689,1.08677,1.08683,1562
2025-10-12 19:38:59.915928,1.08698,1.08708,1.08696,1.08704,7549
2025-10-12 20:38:59.915928,1.08676,1.08685,1.08672,1.08672,13585
2025-10-12 21:38:59.915928,1.08684,1.08701,1.08684,1.08694,3699
2025-10-12 22:38:59.915928,1.08668,1.08677,1.08668,1.08668,1024
2025-10-12 23:38:59.915928,1.08685,1.087,1.08677,1.08685,1424
2025-10-13 00:38:59.915928,1.08698,1.08706,1.08697,1.08698,4799
2025-10-13 01:38:59.915928,1.08708,1.08734,1.08698,1.08712,2456
2025-10-13 02:38:59.915928,1.08682,1.08688,1.08672,1.08686,5930
2025-10-13 03:38:59.915928,1.08649,1.08657,1.08646,1.08655,5631
2025-10-13 04:38:59.915928,1.08652,1.0867,1.0865,1.08657,1824
2025-10-13 05:38:59.915928,1.08673,1.08689,1.08661,1.0868,853
2025-10-13 06:38:59.915928,1.08659,1.08669,1.08649,1.08654,617
2025-10-13 07:38:59.915928,1.08667,1.08675,1.08651,1.0867,2644
2025-10-13 08:38:59.915928,1.08694,1.08698,1.08679,1.08695,5956
2025-10-13 09:38:59.915928,1.08725,1.08732,1.08721,1.08722,2045
2025-10-13 10:38:59.915928,1.0871,1.08733,1.08709,1.08717,7284
2025-10-13 11:38:59.915928,1.08723,1.08731,1.08717,1.08725,2200
2025-10-13 12:38:59.915928,1.08728,1.08734,1.08724,1.08728,2605
2025-10-13 13:38:59.915928,1.08749,1.08757,1.08743,1.08757,15195
2025-10-13 14:38:59.915928,1.08741,1.08758,1.0874,1.08748,8438
2025-10-13 15:38:59.915928,1.08776,1.08788,1.08773,1.08777,5489
2025-10-13 16:38:59.915928,1.08795,1.088,1.08788,1.08798,9072
2025-10-13 17:38:59.915928,1.08812,1.08825,1.08802,1.08804,6530
2025-10-13 18:38:59.915928,1.08784,1.08793,1.08771,1.08787,10373
2025-10-13 19:38:59.915928,1.08797,1.08805,1.08791,1.08799,4107
2025-10-13 20:38:59.915928,1.088,1.08815,1.08779,1.08792,7701
2025-10-13 21:38:59.915928,1.08806,1.08807,1.08797,1.08804,12164
2025-10-13 22:38:59.915928,1.08812,1.08822,1.08795,1.08809,713
2025-10-13 23:38:59.915928,1.08799,1.08801,1.08779,1.08793,7256
2025-10-14 00:38:59.915928,1.08795,1.08806,1.08784,1.08801,6652
2025-10-14 01:38:59.915928,1.08813,1.08817,1.08793,1.08813,3715
2025-10-14 02:38:59.915928,1.088,1.08814,1.08797,1.08801,1392
2025-10-14 03:38:59.915928,1.0881,1.08819,1.08792,1.0881,1657
2025-10-14 04:38:59.915928,1.08821,1.08834,1.08808,1.0883,6471
2025-10-14 05:38:59.915928,1.0884,1.08845,1.08837,1.0884,17588
2025-10-14 06:38:59.915928,1.08841,1.08853,1.08835,1.08852,2291
2025-10-14 07:38:59.915928,1.0884,1.08852,1.08839,1.08841,6010
2025-10-14 08:38:59.915928,1.08815,1.08822,1.08791,1.08803,2855
2025-10-14 09:38:59.915928,1.0881,1.08827,1.08806,1.08821,3498
2025-10-14 10:38:59.915928,1.08833,1.08838,1.08825,1.08831,8817
2025-10-14 11:38:59.915928,1.08839,1.08851,1.08835,1.08839,6267
2025-10-14 12:38:59.915928,1.08868,1.08885,1.08853,1.08867,758
2025-10-14 13:38:59.915928,1.08887,1.08894,1.08873,1.08883,2039
2025-10-14 14:38:59.915928,1.08889,1.08899,1.08886,1.08895,8354
2025-10-14 15:38:59.915928,1.08908,1.08912,1.08898,1.08906,1524
2025-10-14 16:38:59.915928,1.08938,1.08941,1.08916,1.08924,6582
2025-10-14 17:38:59.915928,1.08943,1.08966,1.0894,1.08948,9053
2025-10-14 18:38:59.915928,1.08935,1.08943,1.08926,1.08927,62621
2025-10-14 19:38:59.915928,1.08918,1.0893,1.08901,1.08904,1471
2025-10-14 20:38:59.915928,1.08922,1.08925,1.0891,1.08919,21276
2025-10-14 21:38:59.915928,1.08924,1.08942,1.08914,1.08933,4076
2025-10-14 22:38:59.915928,1.08924,1.08926,1.08914,1.0892,3070
2025-10-14 23:38:59.915928,1.08936,1.08945,1.08927,1.08932,4929
2025-10-15 00:38:59.915928,1.0896,1.08972,1.08957,1.08959,1637
2025-10-15 01:38:59.915928,1.08939,1.08944,1.08938,1.08943,277
2025-10-15 02:38:59.915928,1.08946,1.08962,1.08935,1.08946,716
2025-10-15 03:38:59.915928,1.08942,1.08946,1.08931,1.08935,3550
2025-10-15 04:38:59.915928,1.08925,1.08943,1.08924,1.08926,2691
2025-10-15 05:38:59.915928,1.08953,1.08953,1.08949,1.08951,3846
2025-10-15 06:38:59.915928,1.08942,1.08945,1.08919,1.08933,6481
2025-10-15 07:38:59.915928,1.08943,1.08953,1.08929,1.08948,9677
2025-10-15 08:38:59.915928,1.08943,1.08952,1.0894,1.08943,53253
2025-10-15 09:38:59.915928,1.08925,1.08929,1.08903,1.08916,4940
2025-10-15 10:38:59.915928,1.0889,1.08891,1.08866,1.08883,7328
2025-10-15 11:38:59.915928,1.08925,1.08936,1.08924,1.08933,3923
2025-10-15 12:38:59.915928,1.08932,1.08933,1.08925,1.08933,11990
2025-10-15 13:38:59.915928,1.0891,1.08913,1.08897,1.08905,1433
2025-10-15 14:38:59.915928,1.08881,1.08883,1.08865,1.08869,2508
2025-10-15 15:38:59.915928,1.08864,1.0887,1.08852,1.0886,7787
2025-10-15 16:38:59.915928,1.08899,1.08902,1.08884,1.08892,1674
2025-10-15 17:38:59.915928,1.08916,1.08926,1.08915,1.08922,1605
2025-10-15 18:38:59.915928,1.08901,1.08908,1.08873,1.08896,1104
2025-10-15 19:38:59.915928,1.08903,1.08907,1.08896,1.08902,10587
2025-10-15 20:38:59.915928,1.089,1.08902,1.0889,1.08895,14233
2025-10-15 21:38:59.915928,1.08878,1.08882,1.08866,1.08874,1309
2025-10-15 22:38:59.915928,1.08915,1.08931,1.08905,1.08915,4046
2025-10-15 23:38:59.915928,1.08923,1.08928,1.08912,1.08917,1875
2025-10-16 00:38:59.915928,1.08928,1.08935,1.08924,1.08933,5631
2025-10-16 01:38:59.915928,1.0893,1.08946,1.08922,1.08932,1372
2025-10-16 02:38:59.915928,1.0892,1.0893,1.08917,1.08928,2607
2025-10-16 03:38:59.915928,1.08908,1.08919,1.08892,1.08915,4976
2025-10-16 04:38:59.915928,1.0892,1.08932,1.08918,1.08923,2209
2025-10-16 05:38:59.915928,1.0891,1.0892,1.08909,1.08915,2297
2025-10-16 06:38:59.915928,1.08915,1.08928,1.089,1.0892,405
2025-10-16 07:38:59.915928,1.08928,1.08937,1.08919,1.08937,2791
2025-10-16 08:38:59.915928,1.08934,1.08941,1.08926,1.08936,3437
2025-10-16 09:38:59.915928,1.08951,1.08967,1.08951,1.08958,8727
2025-10-16 10:38:59.915928,1.0898,1.0899,1.08977,1.08986,9162
2025-10-16 11:38:59.915928,1.08962,1.08978,1.08958,1.08958,1304
2025-10-16 12:38:59.915928,1.08964,1.08964,1.08955,1.08956,21616
2025-10-16 13:38:59.915928,1.08985,1.08985,1.08969,1.08978,3014
2025-10-16 14:38:59.915928,1.08981,1.09002,1.08976,1.08992,6122
2025-10-16 15:38:59.915928,1.08975,1.08979,1.08964,1.08974,16823
2025-10-16 16:38:59.915928,1.08971,1.08984,1.0895,1.08983,3899
2025-10-16 17:38:59.915928,1.08995,1.09011,1.08991,1.08998,1776
2025-10-16 18:38:59.915928,1.08994,1.09013,1.0898,1.08984,4624
2025-10-16 19:38:59.915928,1.09021,1.09029,1.09007,1.09014,3621
2025-10-16 20:38:59.915928,1.09023,1.09034,1.09021,1.09025,16474
2025-10-16 21:38:59.915928,1.09023,1.09027,1.09022,1.09026,2183
2025-10-16 22:38:59.915928,1.09021,1.09041,1.09019,1.09033,3268
2025-10-16 23:38:59.915928,1.09006,1.09022,1.09006,1.09013,3761
2025-10-17 00:38:59.915928,1.09017,1.09039,1.09003,1.09019,1285
2025-10-17 01:38:59.915928,1.09037,1.09047,1.09027,1.09033,2090
2025-10-17 02:38:59.915928,1.09029,1.0904,1.09027,1.09028,255
2025-10-17 03:38:59.915928,1.09021,1.09021,1.09017,1.0902,597
2025-10-17 04:38:59.915928,1.09007,1.09018,1.09,1.09009,3705
2025-10-17 05:38:59.915928,1.09003,1.09016,1.08996,1.09015,2426
2025-10-17 06:38:59.915928,1.09009,1.0902,1.08985,1.09015,1177
2025-10-17 07:38:59.915928,1.09008,1.09023,1.08994,1.09009,438
2025-10-17 08:38:59.915928,1.09024,1.09037,1.08998,1.09024,7851
2025-10-17 09:38:59.915928,1.09024,1.09033,1.09002,1.09021,8010
2025-10-17 10:38:59.915928,1.09026,1.09028,1.09018,1.09021,6908
2025-10-17 11:38:59.915928,1.09018,1.09024,1.08998,1.09013,10273
2025-10-17 12:38:59.915928,1.09041,1.09045,1.09026,1.09038,5331
2025-10-17 13:38:59.915928,1.09047,1.09049,1.09046,1.09046,12117
2025-10-17 14:38:59.915928,1.09065,1.09072,1.09056,1.09067,11966
2025-10-17 15:38:59.915928,1.09024,1.09037,1.09012,1.09015,5608
2025-10-17 16:38:59.915928,1.09014,1.09026,1.09006,1.09021,3969
2025-10-17 17:38:59.915928,1.09048,1.09056,1.09033,1.09038,2518
2025-10-17 18:38:59.915928,1.09072,1.09093,1.0906,1.09082,5928
2025-10-17 19:38:59.915928,1.09048,1.0906,1.09039,1.09049,7271
2025-10-17 20:38:59.915928,1.09062,1.0908,1.09056,1.09065,4850
2025-10-17 21:38:59.915928,1.09057,1.09068,1.09056,1.09059,4422
2025-10-17 22:38:59.915928,1.09074,1.09085,1.09058,1.09072,7318
2025-10-17 23:38:59.915928,1.0908,1.09089,1.09071,1.09084,564
2025-10-18 00:38:59.915928,1.09059,1.09069,1.09054,1.09054,5290
2025-10-18 01:38:59.915928,1.09031,1.09037,1.09021,1.09027,963
2025-10-18 02:38:59.915928,1.09002,1.09007,1.08987,1.09001,1803
2025-10-18 03:38:59.915928,1.09003,1.09015,1.08995,1.09004,5537
2025-10-18 04:38:59.915928,1.09004,1.09012,1.08994,1.09009,2352
2025-10-18 05:38:59.915928,1.09019,1.09036,1.09013,1.09023,5628
2025-10-18 06:38:59.915928,1.09022,1.09025,1.09012,1.09015,5282
2025-10-18 07:38:59.915928,1.09034,1.09035,1.09027,1.09034,847
2025-10-18 08:38:59.915928,1.09039,1.09057,1.09022,1.09049,4507
2025-10-18 09:38:59.915928,1.09041,1.09057,1.09034,1.09052,4621
2025-10-18 10:38:59.915928,1.09028,1.09042,1.09007,1.09027,5231
2025-10-18 11:38:59.915928,1.09047,1.09059,1.09042,1.09056,15874
2025-10-18 12:38:59.915928,1.09046,1.0905,1.09039,1.09049,22544
2025-10-18 13:38:59.915928,1.0903,1.09042,1.0902,1.09034,12184
2025-10-18 14:38:59.915928,1.09046,1.09063,1.09015,1.0904,13954
2025-10-18 15:38:59.915928,1.09023,1.09028,1.09022,1.09026,20293
2025-10-18 16:38:59.915928,1.09007,1.0902,1.08992,1.09012,6183
2025-10-18 17:38:59.915928,1.09003,1.09016,1.09003,1.09003,3390
2025-10-18 18:38:59.915928,1.09035,1.09041,1.09021,1.09035,11102
2025-10-18 19:38:59.915928,1.09022,1.09025,1.09017,1.09018,1848
2025-10-18 20:38:59.915928,1.09001,1.0902,1.09001,1.09004,1498
2025-10-18 21:38:59.915928,1.09002,1.09013,1.08994,1.09002,4536
2025-10-18 22:38:59.915928,1.09011,1.09014,1.09008,1.0901,3000
2025-10-18 23:38:59.915928,1.09005,1.09018,1.08991,1.09001,2190
2025-10-19 00:38:59.915928,1.08985,1.08989,1.08982,1.08986,815
2025-10-19 01:38:59.915928,1.08984,1.08989,1.0897,1.08973,1165
2025-10-19 02:38:59.915928,1.08969,1.08988,1.08951,1.08967,1140
2025-10-19 03:38:59.915928,1.08958,1.0897,1.08952,1.0897,5315
2025-10-19 04:38:59.915928,1.08953,1.08957,1.08951,1.08953,1232
2025-10-19 05:38:59.915928,1.08956,1.08957,1.08941,1.0895,2104
2025-10-19 06:38:59.915928,1.08954,1.08964,1.08944,1.08956,1508
2025-10-19 07:38:59.915928,1.0895,1.08958,1.08947,1.08953,1421
2025-10-19 08:38:59.915928,1.08938,1.08942,1.08917,1.08932,3609
2025-10-19 09:38:59.915928,1.0894,1.08952,1.08917,1.08925,10751
2025-10-19 10:38:59.915928,1.08945,1.08954,1.08939,1.08949,9095
2025-10-19 11:38:59.915928,1.08933,1.08945,1.0893,1.08932,4134
2025-10-19 12:38:59.915928,1.08932,1.08936,1.08922,1.08925,6383
2025-10-19 13:38:59.915928,1.08964,1.08972,1.08963,1.08966,5254
2025-10-19 14:38:59.915928,1.08968,1.08973,1.08954,1.08966,871
2025-10-19 15:38:59.915928,1.08951,1.08962,1.08944,1.08956,5512
2025-10-19 16:38:59.915928,1.08948,1.08955,1.08931,1.08939,4494
2025-10-19 17:38:59.915928,1.08959,1.08974,1.08939,1.08954,1064
2025-10-19 18:38:59.915928,1.08958,1.08969,1.08953,1.08962,3169
2025-10-19 19:38:59.915928,1.08955,1.08962,1.0895,1.08954,2038
2025-10-19 20:38:59.915928,1.08939,1.08953,1.08937,1.08939,1976
2025-10-19 21:38:59.915928,1.08955,1.08962,1.08952,1.08956,7081
2025-10-19 22:38:59.915928,1.08985,1.09017,1.08978,1.08995,2339
2025-10-19 23:38:59.915928,1.08983,1.09001,1.08974,1.08986,3308
2025-10-20 00:38:59.915928,1.08997,1.09001,1.08994,1.08998,2735
2025-10-20 01:38:59.915928,1.08993,1.08995,1.08987,1.08994,347
2025-10-20 02:38:59.915928,1.09004,1.09033,1.08994,1.09013,1740
2025-10-20 03:38:59.915928,1.09021,1.09051,1.0902,1.09025,3933
2025-10-20 04:38:59.915928,1.09018,1.0903,1.09015,1.09024,1274
2025-10-20 05:38:59.915928,1.09032,1.09041,1.09022,1.0903,2953
2025-10-20 06:38:59.915928,1.09015,1.0902,1.09013,1.09015,3665
2025-10-20 07:38:59.915928,1.08988,1.09008,1.0898,1.08993,1734
2025-10-20 08:38:59.915928,1.09027,1.09033,1.09019,1.09027,21794
2025-10-20 09:38:59.915928,1.09025,1.09026,1.09017,1.09026,1005
2025-10-20 10:38:59.915928,1.09001,1.0901,1.08995,1.09001,1676
2025-10-20 11:38:59.915928,1.09009,1.09009,1.08999,1.09007,23918
2025-10-20 12:38:59.915928,1.0899,1.09,1.08986,1.08987,9244
2025-10-20 13:38:59.915928,1.08976,1.0898,1.08968,1.08976,14700
2025-10-20 14:38:59.915928,1.08989,1.09002,1.08986,1.08993,8650
2025-10-20 15:38:59.915928,1.08985,1.0899,1.08968,1.0898,15572
2025-10-20 16:38:59.915928,1.08972,1.08974,1.08961,1.08965,3072
2025-10-20 17:38:59.915928,1.08974,1.08986,1.0897,1.08975,4155
2025-10-20 18:38:59.915928,1.08938,1.08944,1.08934,1.08941,16398
2025-10-20 19:38:59.915928,1.08916,1.08923,1.08889,1.08903,14334
2025-10-20 20:38:59.915928,1.08934,1.08944,1.08924,1.0893,7180
2025-10-20 21:38:59.915928,1.08904,1.08915,1.08896,1.08898,1137
2025-10-20 22:38:59.915928,1.08908,1.08909,1.08893,1.08902,4193
2025-10-20 23:38:59.915928,1.08907,1.08918,1.08906,1.08917,14980
2025-10-21 00:38:59.915928,1.0891,1.08921,1.08893,1.08903,4133
2025-10-21 01:38:59.915928,1.08925,1.08935,1.08919,1.08933,5008
2025-10-21 02:38:59.915928,1.08936,1.08952,1.08935,1.08943,1176
2025-10-21 03:38:59.915928,1.08925,1.08935,1.08916,1.08926,1479
2025-10-21 04:38:59.915928,1.08901,1.08914,1.08892,1.08902,1115
2025-10-21 05:38:59.915928,1.08897,1.08912,1.08888,1.08902,2699
2025-10-21 06:38:59.915928,1.08883,1.08889,1.08873,1.08878,3800
2025-10-21 07:38:59.915928,1.08875,1.0889,1.08864,1.08873,1478
2025-10-21 08:38:59.915928,1.08876,1.08892,1.08861,1.08884,16787
2025-10-21 09:38:59.915928,1.0887,1.08872,1.08863,1.08867,2613
2025-10-21 10:38:59.915928,1.08869,1.08869,1.08846,1.08858,4350
2025-10-21 11:38:59.915928,1.08871,1.08889,1.08869,1.08884,9235
2025-10-21 12:38:59.915928,1.08852,1.08856,1.08848,1.08853,3714
2025-10-21 13:38:59.915928,1.08852,1.0886,1.08831,1.08846,9723
2025-10-21 14:38:59.915928,1.08852,1.08861,1.08841,1.08844,1668
2025-10-21 15:38:59.915928,1.08865,1.08876,1.08861,1.08868,7958
2025-10-21 16:38:59.915928,1.08851,1.08863,1.08825,1.08837,4486
2025-10-21 17:38:59.915928,1.08823,1.08829,1.08804,1.08812,4698
2025-10-21 18:38:59.915928,1.08817,1.08819,1.08814,1.08815,15923
2025-10-21 19:38:59.915928,1.0882,1.08827,1.0881,1.08823,3931
2025-10-21 20:38:59.915928,1.0881,1.08821,1.08801,1.08802,5998
2025-10-21 21:38:59.915928,1.08816,1.08821,1.08804,1.08812,6553
2025-10-21 22:38:59.915928,1.08813,1.08824,1.08807,1.08817,3311
2025-10-21 23:38:59.915928,1.08792,1.08803,1.08788,1.08791,4007
2025-10-22 00:38:59.915928,1.08809,1.08815,1.08802,1.08804,1096
2025-10-22 01:38:59.915928,1.08804,1.08821,1.08803,1.08809,2320
2025-10-22 02:38:59.915928,1.08816,1.0882,1.08803,1.08805,2940
2025-10-22 03:38:59.915928,1.08828,1.08834,1.08826,1.08827,2109
2025-10-22 04:38:59.915928,1.08825,1.08835,1.08819,1.08827,1413
2025-10-22 05:38:59.915928,1.08832,1.08835,1.08815,1.08828,3299
2025-10-22 06:38:59.915928,1.08825,1.0883,1.08814,1.08818,1010
2025-10-22 07:38:59.915928,1.08832,1.08844,1.08822,1.08827,4478
2025-10-22 08:38:59.915928,1.08824,1.08839,1.08816,1.08832,3585
2025-10-22 09:38:59.915928,1.08821,1.08822,1.08812,1.08814,5966
2025-10-22 10:38:59.915928,1.08824,1.0884,1.0882,1.08833,927
2025-10-22 11:38:59.915928,1.08839,1.08857,1.08812,1.08841,7761
2025-10-22 12:38:59.915928,1.08821,1.08828,1.08813,1.0882,17557
2025-10-22 13:38:59.915928,1.08839,1.08847,1.08831,1.08844,5019
2025-10-22 14:38:59.915928,1.08813,1.08822,1.08811,1.08819,42747
2025-10-22 15:38:59.915928,1.08816,1.08833,1.08803,1.08822,2539
2025-10-22 16:38:59.915928,1.08813,1.08823,1.08799,1.08814,16581
2025-10-22 17:38:59.915928,1.08808,1.08824,1.08805,1.08805,42586
2025-10-22 18:38:59.915928,1.08819,1.08825,1.08807,1.0882,14911
2025-10-22 19:38:59.915928,1.08789,1.08793,1.08784,1.08792,2792
2025-10-22 20:38:59.915928,1.0881,1.0882,1.08794,1.0881,5586
2025-10-22 21:38:59.915928,1.08815,1.08831,1.08814,1.08823,12059
2025-10-22 22:38:59.915928,1.08838,1.08855,1.08815,1.08834,1158
2025-10-22 23:38:59.915928,1.08833,1.08844,1.08829,1.08839,11125
2025-10-23 00:38:59.915928,1.08841,1.08845,1.08829,1.08834,1048
2025-10-23 01:38:59.915928,1.08842,1.08853,1.08839,1.08851,11300
2025-10-23 02:38:59.915928,1.08818,1.0883,1.08806,1.08822,1240
2025-10-23 03:38:59.915928,1.08826,1.08838,1.08821,1.08833,1678
2025-10-23 04:38:59.915928,1.08851,1.08859,1.08845,1.08848,1408
2025-10-23 05:38:59.915928,1.08828,1.08835,1.08826,1.08833,2169
2025-10-23 06:38:59.915928,1.0884,1.08847,1.08837,1.08843,4109
2025-10-23 07:38:59.915928,1.08841,1.08847,1.08827,1.0884,4581
2025-10-23 08:38:59.915928,1.08853,1.08855,1.08843,1.08853,3051
2025-10-23 09:38:59.915928,1.08857,1.08858,1.08846,1.08848,3623
2025-10-23 10:38:59.915928,1.08851,1.08882,1.08841,1.0886,8420
2025-10-23 11:38:59.915928,1.08867,1.08899,1.08855,1.0887,1967
2025-10-23 12:38:59.915928,1.08859,1.08861,1.08852,1.08856,7457
2025-10-23 13:38:59.915928,1.08865,1.08877,1.08862,1.0887,6236
2025-10-23 14:38:59.915928,1.0887,1.08876,1.08855,1.08863,8736
2025-10-23 15:38:59.915928,1.08878,1.08887,1.0887,1.08882,1765
2025-10-23 16:38:59.915928,1.08875,1.08884,1.0886,1.08882,1588
2025-10-23 17:38:59.915928,1.08878,1.08892,1.08874,1.08889,6270
2025-10-23 18:38:59.915928,1.08879,1.08879,1.08868,1.08874,3062
2025-10-23 19:38:59.915928,1.08882,1.08893,1.08875,1.08885,1789
2025-10-23 20:38:59.915928,1.08904,1.08916,1.08894,1.08901,2988
2025-10-23 21:38:59.915928,1.08889,1.08894,1.0887,1.08891,2617
2025-10-23 22:38:59.915928,1.08893,1.08903,1.08885,1.08895,3592
2025-10-23 23:38:59.915928,1.0891,1.08927,1.08908,1.08909,2093
2025-10-24 00:38:59.915928,1.08924,1.08939,1.08913,1.0892,318
2025-10-24 01:38:59.915928,1.08911,1.08913,1.08891,1.08911,482
2025-10-24 02:38:59.915928,1.08916,1.08917,1.08908,1.0891,1344
2025-10-24 03:38:59.915928,1.08906,1.08918,1.08903,1.08906,325
2025-10-24 04:38:59.915928,1.08879,1.08885,1.0887,1.08879,8497
2025-10-24 05:38:59.915928,1.08878,1.0889,1.08873,1.08876,963
2025-10-24 06:38:59.915928,1.08901,1.08916,1.08901,1.08912,3615
2025-10-24 07:38:59.915928,1.08899,1.08901,1.08887,1.08901,1680
2025-10-24 08:38:59.915928,1.0888,1.08885,1.08872,1.08884,6077
2025-10-24 09:38:59.915928,1.0887,1.08881,1.08863,1.08864,2939
2025-10-24 10:38:59.915928,1.0887,1.08878,1.08864,1.08872,10382
2025-10-24 11:38:59.915928,1.08871,1.08878,1.08871,1.08872,13475
2025-10-24 12:38:59.915928,1.08864,1.08871,1.08857,1.08866,10163
2025-10-24 13:38:59.915928,1.08862,1.08883,1.08851,1.08876,5145
2025-10-24 14:38:59.915928,1.08833,1.0884,1.08824,1.08839,4099
2025-10-24 15:38:59.915928,1.08828,1.08835,1.08822,1.08831,11352
2025-10-24 16:38:59.915928,1.0885,1.08851,1.08842,1.08851,2705
2025-10-24 17:38:59.915928,1.08829,1.08832,1.08819,1.08823,2821
2025-10-24 18:38:59.915928,1.08815,1.08846,1.08812,1.08826,5774
2025-10-24 19:38:59.915928,1.08811,1.08821,1.08799,1.0881,1294
2025-10-24 20:38:59.915928,1.08813,1.08828,1.08798,1.08816,7631
2025-10-24 21:38:59.915928,1.08816,1.08818,1.08808,1.08811,4537
2025-10-24 22:38:59.915928,1.08825,1.08841,1.08808,1.08831,10770
2025-10-24 23:38:59.915928,1.0883,1.08831,1.0881,1.08825,7993
2025-10-25 00:38:59.915928,1.08837,1.08844,1.08808,1.08835,2269
2025-10-25 01:38:59.915928,1.08839,1.0884,1.08833,1.08835,1371
2025-10-25 02:38:59.915928,1.08854,1.08868,1.08848,1.08857,3827
2025-10-25 03:38:59.915928,1.08858,1.08866,1.08829,1.08847,522
2025-10-25 04:38:59.915928,1.08842,1.08845,1.08827,1.08839,2185
2025-10-25 05:38:59.915928,1.08846,1.08851,1.08837,1.08845,2332
2025-10-25 06:38:59.915928,1.08855,1.08856,1.08846,1.08848,1096
2025-10-25 07:38:59.915928,1.08851,1.08853,1.08841,1.08852,577
2025-10-25 08:38:59.915928,1.08845,1.08852,1.08837,1.08845,8173
2025-10-25 09:38:59.915928,1.08839,1.08848,1.08831,1.08842,1314
2025-10-25 10:38:59.915928,1.08864,1.08876,1.08853,1.08854,7674
2025-10-25 11:38:59.915928,1.08861,1.08873,1.08841,1.08842,1275
2025-10-25 12:38:59.915928,1.08879,1.0889,1.08874,1.0888,10772
2025-10-25 13:38:59.915928,1.08901,1.08904,1.08884,1.08892,17668
2025-10-25 14:38:59.915928,1.08919,1.08948,1.08915,1.08923,2504
2025-10-25 15:38:59.915928,1.08909,1.08922,1.08905,1.08908,4939
2025-10-25 16:38:59.915928,1.08887,1.08887,1.08881,1.08887,4807
2025-10-25 17:38:59.915928,1.089,1.089,1.0889,1.08899,21944
2025-10-25 18:38:59.915928,1.08895,1.08898,1.08882,1.0889,6232
2025-10-25 19:38:59.915928,1.08897,1.08899,1.08884,1.08894,711
2025-10-25 20:38:59.915928,1.08919,1.08926,1.08915,1.08922,2619
2025-10-25 21:38:59.915928,1.08914,1.08929,1.08909,1.08921,5622
2025-10-25 22:38:59.915928,1.08905,1.0891,1.08893,1.089,1612
2025-10-25 23:38:59.915928,1.08901,1.08913,1.08897,1.0891,15984
2025-10-26 00:38:59.915928,1.08905,1.08906,1.08892,1.08901,4466
2025-10-26 01:38:59.915928,1.08932,1.08936,1.08928,1.0893,6644
2025-10-26 02:38:59.915928,1.08928,1.08929,1.08923,1.08927,3669
2025-10-26 03:38:59.915928,1.08947,1.08956,1.08938,1.08947,421
2025-10-26 04:38:59.915928,1.08945,1.08952,1.08928,1.08939,3611
2025-10-26 05:38:59.915928,1.08944,1.08949,1.08937,1.08948,2623
2025-10-26 06:38:59.915928,1.08949,1.08961,1.08938,1.08961,4199
2025-10-26 07:38:59.915928,1.08915,1.08937,1.08906,1.08919,1884
2025-10-26 08:38:59.915928,1.08907,1.0892,1.08905,1.08905,4593
2025-10-26 09:38:59.915928,1.0892,1.08933,1.08907,1.08912,8980
2025-10-26 10:38:59.915928,1.0893,1.08941,1.08929,1.08931,4281
2025-10-26 11:38:59.915928,1.08924,1.08938,1.08902,1.08918,11053
2025-10-26 12:38:59.915928,1.08923,1.08925,1.08914,1.08915,3591
2025-10-26 13:38:59.915928,1.08903,1.08906,1.08893,1.089,6169
2025-10-26 14:38:59.915928,1.08899,1.08901,1.0889,1.08898,6478
2025-10-26 15:38:59.915928,1.08892,1.08892,1.08889,1.08892,3074
2025-10-26 16:38:59.915928,1.08885,1.089,1.08882,1.0889,8748
2025-10-26 17:38:59.915928,1.0889,1.08904,1.08883,1.08883,1381
2025-10-26 18:38:59.915928,1.08909,1.08916,1.08899,1.08901,15005
2025-10-26 19:38:59.915928,1.08903,1.08904,1.08892,1.08896,2103
2025-10-26 20:38:59.915928,1.08897,1.08908,1.08883,1.08903,5206
2025-10-26 21:38:59.915928,1.0889,1.08897,1.08877,1.08892,3724
2025-10-26 22:38:59.915928,1.08893,1.0891,1.08879,1.08907,1632
2025-10-26 23:38:59.915928,1.08868,1.08877,1.08868,1.0887,2349
2025-10-27 00:38:59.915928,1.08881,1.08902,1.08878,1.08885,1380
2025-10-27 01:38:59.915928,1.08885,1.08908,1.08883,1.08884,1296
2025-10-27 02:38:59.915928,1.08872,1.08888,1.08861,1.08865,3522
2025-10-27 03:38:59.915928,1.08863,1.08863,1.0885,1.08861,2320
2025-10-27 04:38:59.915928,1.0885,1.08858,1.08835,1.08853,1068
2025-10-27 05:38:59.915928,1.08842,1.08852,1.08842,1.08844,1794
2025-10-27 06:38:59.915928,1.08841,1.08853,1.08831,1.08832,3207
2025-10-27 07:38:59.915928,1.08835,1.08845,1.08834,1.0884,6068
2025-10-27 08:38:59.915928,1.08804,1.08823,1.08791,1.08797,1740
2025-10-27 09:38:59.915928,1.08818,1.08839,1.08801,1.08819,3994
2025-10-27 10:38:59.915928,1.08843,1.08846,1.08839,1.08846,2517
2025-10-27 11:38:59.915928,1.08842,1.08844,1.08829,1.08839,4314
2025-10-27 12:38:59.915928,1.08834,1.08838,1.08829,1.08832,1042
2025-10-27 13:38:59.915928,1.08817,1.08837,1.08806,1.08815,12504
2025-10-27 14:38:59.915928,1.08836,1.08842,1.08825,1.08837,5000
2025-10-27 15:38:59.915928,1.08846,1.08859,1.08846,1.08855,10034
2025-10-27 16:38:59.915928,1.08847,1.08863,1.08846,1.08849,17990
2025-10-27 17:38:59.915928,1.08877,1.08901,1.08873,1.08877,4578
2025-10-27 18:38:59.915928,1.08891,1.08906,1.08871,1.0888,2986
2025-10-27 19:38:59.915928,1.08876,1.08876,1.08865,1.0887,5812
2025-10-27 20:38:59.915928,1.08865,1.08876,1.08859,1.08864,7646
2025-10-27 21:38:59.915928,1.08853,1.08853,1.08835,1.08853,5349
2025-10-27 22:38:59.915928,1.08862,1.08869,1.0886,1.08867,2111
2025-10-27 23:38:59.915928,1.08868,1.08874,1.08866,1.08873,3389
2025-10-28 00:38:59.915928,1.08852,1.08878,1.08846,1.08852,1215
2025-10-28 01:38:59.915928,1.08844,1.08854,1.08842,1.08848,874
2025-10-28 02:38:59.915928,1.08815,1.08823,1.08813,1.08818,3696
2025-10-28 03:38:59.915928,1.08802,1.08808,1.08789,1.0879,816
2025-10-28 04:38:59.915928,1.08827,1.0883,1.0881,1.08816,5819
2025-10-28 05:38:59.915928,1.0884,1.08846,1.08831,1.08836,5531
2025-10-28 06:38:59.915928,1.08833,1.08849,1.0883,1.08831,927
2025-10-28 07:38:59.915928,1.08841,1.08844,1.08833,1.08836,2336
2025-10-28 08:38:59.915928,1.08822,1.08829,1.08818,1.08826,4524
2025-10-28 09:38:59.915928,1.08804,1.08811,1.08803,1.0881,3314
2025-10-28 10:38:59.915928,1.08791,1.08798,1.08782,1.0879,8317
2025-10-28 11:38:59.915928,1.08774,1.08776,1.08758,1.08767,3372
2025-10-28 12:38:59.915928,1.08757,1.08767,1.08748,1.08762,1248
2025-10-28 13:38:59.915928,1.08766,1.08784,1.08759,1.08774,2009
2025-10-28 14:38:59.915928,1.08766,1.08794,1.08751,1.08774,1877
2025-10-28 15:38:59.915928,1.08771,1.0878,1.08764,1.08776,2825
2025-10-28 16:38:59.915928,1.08756,1.08769,1.08745,1.08768,4382
2025-10-28 17:38:59.915928,1.08751,1.08765,1.08737,1.08743,7956
2025-10-28 18:38:59.915928,1.08766,1.08772,1.08746,1.08763,8658
2025-10-28 19:38:59.915928,1.08779,1.08795,1.08765,1.08787,10203
2025-10-28 20:38:59.915928,1.08802,1.08813,1.08784,1.08792,2219
2025-10-28 21:38:59.915928,1.08787,1.08797,1.0878,1.08788,3956
2025-10-28 22:38:59.915928,1.08792,1.08807,1.08777,1.08777,1059
2025-10-28 23:38:59.915928,1.08797,1.08806,1.08786,1.08791,9040
2025-10-29 00:38:59.915928,1.0881,1.08813,1.08802,1.08806,3639
2025-10-29 01:38:59.915928,1.08825,1.08838,1.08824,1.08832,1280
2025-10-29 02:38:59.915928,1.08823,1.08829,1.08808,1.08823,5068
2025-10-29 03:38:59.915928,1.08814,1.08817,1.08796,1.08807,2712
2025-10-29 04:38:59.915928,1.08809,1.08822,1.088,1.08812,4430
2025-10-29 05:38:59.915928,1.08821,1.08825,1.08809,1.08817,900
2025-10-29 06:38:59.915928,1.08829,1.08831,1.08829,1.08831,1378
2025-10-29 07:38:59.915928,1.08816,1.08826,1.08808,1.08813,1222
2025-10-29 08:38:59.915928,1.08807,1.08815,1.08798,1.08813,3696
2025-10-29 09:38:59.915928,1.08807,1.08816,1.08801,1.08804,3584
2025-10-29 10:38:59.915928,1.08779,1.08792,1.08764,1.08787,12242
2025-10-29 11:38:59.915928,1.08779,1.08788,1.0876,1.08774,15240
2025-10-29 12:38:59.915928,1.08742,1.08757,1.08739,1.08748,2288
2025-10-29 13:38:59.915928,1.08729,1.08743,1.08714,1.08726,3564
2025-10-29 14:38:59.915928,1.08717,1.08736,1.08708,1.08725,3009
2025-10-29 15:38:59.915928,1.0871,1.08725,1.08693,1.08702,5297
2025-10-29 16:38:59.915928,1.08711,1.08715,1.08709,1.08711,2846
2025-10-29 17:38:59.915928,1.08723,1.08741,1.08697,1.08721,18730
2025-10-29 18:38:59.915928,1.08735,1.0874,1.08727,1.08737,2986
2025-10-29 19:38:59.915928,1.08719,1.08738,1.087,1.08716,9747
2025-10-29 20:38:59.915928,1.08727,1.08735,1.08719,1.08721,958
2025-10-29 21:38:59.915928,1.08731,1.0874,1.08724,1.08733,2439
2025-10-29 22:38:59.915928,1.08729,1.0873,1.08726,1.08726,664
2025-10-29 23:38:59.915928,1.08742,1.0876,1.08733,1.08751,2291
2025-10-30 00:38:59.915928,1.08726,1.08739,1.08723,1.08726,3282
2025-10-30 01:38:59.915928,1.08736,1.08739,1.08733,1.08737,444
2025-10-30 02:38:59.915928,1.08729,1.08739,1.08692,1.08727,796
2025-10-30 03:38:59.915928,1.08711,1.08719,1.08693,1.08714,706
2025-10-30 04:38:59.915928,1.08696,1.08712,1.08693,1.087,2030
2025-10-30 05:38:59.915928,1.08682,1.08698,1.08676,1.08688,2118
2025-10-30 06:38:59.915928,1.08652,1.08662,1.08641,1.08654,3991
2025-10-30 07:38:59.915928,1.08642,1.08652,1.08635,1.08638,1764
2025-10-30 08:38:59.915928,1.08662,1.0867,1.08648,1.08659,2919
2025-10-30 09:38:59.915928,1.0867,1.08676,1.0865,1.08663,1573
2025-10-30 10:38:59.915928,1.08679,1.08683,1.08661,1.08672,948
2025-10-30 11:38:59.915928,1.08665,1.0867,1.08646,1.08658,3405
2025-10-30 12:38:59.915928,1.08672,1.08685,1.08669,1.08684,2097
2025-10-30 13:38:59.915928,1.08663,1.08681,1.08661,1.08676,12824
2025-10-30 14:38:59.915928,1.08685,1.08685,1.08681,1.08684,3588
2025-10-30 15:38:59.915928,1.08662,1.08669,1.08656,1.08664,2422
2025-10-30 16:38:59.915928,1.08682,1.08695,1.08664,1.08678,6805
2025-10-30 17:38:59.915928,1.08704,1.08717,1.08683,1.0871,4410
2025-10-30 18:38:59.915928,1.08717,1.08719,1.08707,1.08711,8615
2025-10-30 19:38:59.915928,1.08724,1.0874,1.08715,1.08724,5390
2025-10-30 20:38:59.915928,1.08745,1.08758,1.08732,1.08746,5612
2025-10-30 21:38:59.915928,1.08754,1.08769,1.08741,1.08745,2016
2025-10-30 22:38:59.915928,1.08732,1.08738,1.08727,1.08727,1675
2025-10-30 23:38:59.915928,1.08735,1.08739,1.08734,1.08736,6018
2025-10-31 00:38:59.915928,1.08735,1.08751,1.08727,1.0874,2525
2025-10-31 01:38:59.915928,1.08725,1.08729,1.08715,1.08722,2094
2025-10-31 02:38:59.915928,1.08731,1.08742,1.08731,1.08735,1213
2025-10-31 03:38:59.915928,1.08723,1.08729,1.08716,1.08724,1211
2025-10-31 04:38:59.915928,1.0871,1.08714,1.08707,1.08713,2572
2025-10-31 05:38:59.915928,1.08689,1.08699,1.08677,1.08686,1796
2025-10-31 06:38:59.915928,1.08661,1.08664,1.08637,1.08652,3790
2025-10-31 07:38:59.915928,1.08667,1.08678,1.08666,1.08671,1032
2025-10-31 08:38:59.915928,1.08677,1.0869,1.08659,1.08672,4932
2025-10-31 09:38:59.915928,1.08691,1.08703,1.08682,1.08688,5369
2025-10-31 10:38:59.915928,1.08688,1.08704,1.0868,1.08696,6781
2025-10-31 11:38:59.915928,1.08692,1.08701,1.08685,1.08692,5636
2025-10-31 12:38:59.915928,1.08684,1.08685,1.08671,1.08675,9834
2025-10-31 13:38:59.915928,1.08714,1.08726,1.08691,1.08706,6207
2025-10-31 14:38:59.915928,1.08694,1.08697,1.08687,1.08688,5551
2025-10-31 15:38:59.915928,1.08685,1.08688,1.08685,1.08686,5527
2025-10-31 16:38:59.915928,1.08693,1.08696,1.08685,1.0869,24874
2025-10-31 17:38:59.915928,1.08684,1.08698,1.08672,1.08693,10163
2025-10-31 18:38:59.915928,1.0868,1.08695,1.08678,1.08681,4104
2025-10-31 19:38:59.915928,1.08706,1.08719,1.08694,1.08699,6956
2025-10-31 20:38:59.915928,1.0871,1.08717,1.08693,1.08703,2658
2025-10-31 21:38:59.915928,1.08709,1.08712,1.08704,1.0871,1502
2025-10-31 22:38:59.915928,1.08728,1.0873,1.08726,1.08728,3175
2025-10-31 23:38:59.915928,1.08714,1.08736,1.08692,1.08717,1787
2025-11-01 00:38:59.915928,1.087,1.08706,1.08684,1.08686,4876
2025-11-01 01:38:59.915928,1.08708,1.0871,1.08698,1.0871,5758
2025-11-01 02:38:59.915928,1.08697,1.08704,1.08687,1.08688,2257
2025-11-01 03:38:59.915928,1.0869,1.08694,1.08679,1.08688,8279
2025-11-01 04:38:59.915928,1.08707,1.08718,1.08706,1.08711,1964
2025-11-01 05:38:59.915928,1.08703,1.0871,1.08685,1.08706,1442
2025-11-01 06:38:59.915928,1.08693,1.08716,1.08688,1.08695,2343
2025-11-01 07:38:59.915928,1.08713,1.08714,1.08701,1.08707,4821
2025-11-01 08:38:59.915928,1.08716,1.08725,1.08708,1.08717,5162
2025-11-01 09:38:59.915928,1.08725,1.08741,1.08721,1.08731,8301
2025-11-01 10:38:59.915928,1.08737,1.08748,1.08734,1.08734,11943
2025-11-01 11:38:59.915928,1.08723,1.08734,1.08712,1.0873,3166
2025-11-01 12:38:59.915928,1.08729,1.08733,1.08725,1.08726,2447
2025-11-01 13:38:59.915928,1.08731,1.08739,1.08727,1.08738,1124
2025-11-01 14:38:59.915928,1.08737,1.08749,1.08717,1.08721,7090
2025-11-01 15:38:59.915928,1.08748,1.08763,1.08732,1.08734,13275
2025-11-01 16:38:59.915928,1.08733,1.08738,1.08727,1.08728,10320
2025-11-01 17:38:59.915928,1.08739,1.08743,1.08728,1.08738,3187
2025-11-01 18:38:59.915928,1.08739,1.08757,1.08733,1.08741,25629
2025-11-01 19:38:59.915928,1.08732,1.08733,1.08716,1.08724,5502
2025-11-01 20:38:59.915928,1.08748,1.08752,1.08744,1.08749,5006
2025-11-01 21:38:59.915928,1.08745,1.08756,1.08745,1.08746,10454
2025-11-01 22:38:59.915928,1.08732,1.08743,1.08728,1.08729,1682
2025-11-01 23:38:59.915928,1.08752,1.08753,1.08737,1.08743,1808
2025-11-02 00:38:59.915928,1.08768,1.08782,1.08752,1.08768,3568
2025-11-02 01:38:59.915928,1.08758,1.08766,1.0873,1.08746,1414
2025-11-02 02:38:59.915928,1.08748,1.08752,1.08727,1.08751,4978
2025-11-02 03:38:59.915928,1.08728,1.08738,1.08698,1.08722,4882
2025-11-02 04:38:59.915928,1.08739,1.08744,1.08737,1.08743,637
2025-11-02 05:38:59.915928,1.08762,1.08764,1.08754,1.08763,1356
2025-11-02 06:38:59.915928,1.0874,1.0875,1.08721,1.08749,518
2025-11-02 07:38:59.915928,1.08735,1.08748,1.08721,1.08731,1075
2025-11-02 08:38:59.915928,1.08735,1.08739,1.08729,1.08737,752
2025-11-02 09:38:59.915928,1.08767,1.08779,1.08757,1.08776,5571
2025-11-02 10:38:59.915928,1.08769,1.08773,1.08768,1.08771,1774
2025-11-02 11:38:59.915928,1.08766,1.08779,1.0876,1.0877,7513
2025-11-02 12:38:59.915928,1.08775,1.08796,1.08765,1.08782,3450
2025-11-02 13:38:59.915928,1.08796,1.08808,1.08774,1.08786,2612
2025-11-02 14:38:59.915928,1.08804,1.08813,1.08791,1.0881,2961
2025-11-02 15:38:59.915928,1.08789,1.08808,1.08773,1.08801,3085
2025-11-02 16:38:59.915928,1.08797,1.08809,1.0879,1.088,11015
2025-11-02 17:38:59.915928,1.08801,1.0882,1.08795,1.08816,3681
2025-11-02 18:38:59.915928,1.08821,1.08827,1.0882,1.08824,6169
2025-11-02 19:38:59.915928,1.08829,1.08829,1.08823,1.08827,3960
2025-11-02 20:38:59.915928,1.08807,1.08816,1.08804,1.08814,1672
2025-11-02 21:38:59.915928,1.0881,1.08817,1.08806,1.08813,15804
2025-11-02 22:38:59.915928,1.08807,1.08814,1.08787,1.08793,4597
2025-11-02 23:38:59.915928,1.08824,1.08829,1.08816,1.08825,1667
2025-11-03 00:38:59.915928,1.0881,1.08814,1.088,1.08812,3703
2025-11-03 01:38:59.915928,1.08818,1.08831,1.08809,1.08814,1101
2025-11-03 02:38:59.915928,1.08835,1.08843,1.08823,1.08842,1224
2025-11-03 03:38:59.915928,1.08835,1.08865,1.08832,1.0884,4157
2025-11-03 04:38:59.915928,1.0884,1.08857,1.08834,1.08844,2666
2025-11-03 05:38:59.915928,1.08839,1.08846,1.08831,1.08837,958
2025-11-03 06:38:59.915928,1.08849,1.08863,1.08838,1.08862,1383
2025-11-03 07:38:59.915928,1.08856,1.08877,1.08846,1.08854,1901
2025-11-03 08:38:59.915928,1.08854,1.08858,1.08846,1.08851,1797
2025-11-03 09:38:59.915928,1.08846,1.08848,1.08839,1.08845,2905
2025-11-03 10:38:59.915928,1.08826,1.08836,1.08816,1.08833,3089
2025-11-03 11:38:59.915928,1.08832,1.08844,1.08817,1.08832,8951
2025-11-03 12:38:59.915928,1.0882,1.08833,1.08802,1.08829,15271
2025-11-03 13:38:59.915928,1.08828,1.08835,1.08822,1.08823,13467
2025-11-03 14:38:59.915928,1.08828,1.08843,1.08825,1.08835,3440
2025-11-03 15:38:59.915928,1.08825,1.08828,1.08817,1.08827,8686
2025-11-03 16:38:59.915928,1.08813,1.08839,1.08812,1.08816,4918
2025-11-03 17:38:59.915928,1.0881,1.08817,1.08798,1.08811,7772
2025-11-03 18:38:59.915928,1.08803,1.08808,1.08795,1.08801,16655
2025-11-03 19:38:59.915928,1.08815,1.08824,1.08814,1.08822,10611
2025-11-03 20:38:59.915928,1.08801,1.08806,1.08792,1.08804,16798
2025-11-03 21:38:59.915928,1.08805,1.08814,1.08791,1.08797,896
2025-11-03 22:38:59.915928,1.08791,1.08796,1.08791,1.08791,1944
2025-11-03 23:38:59.915928,1.088,1.08808,1.08797,1.08807,7505
2025-11-04 00:38:59.915928,1.08806,1.08824,1.08801,1.08805,10318
2025-11-04 01:38:59.915928,1.08812,1.08816,1.088,1.08805,5110
2025-11-04 02:38:59.915928,1.08801,1.08804,1.08793,1.08798,4416
2025-11-04 03:38:59.915928,1.08804,1.08819,1.08791,1.088,711
2025-11-04 04:38:59.915928,1.08839,1.0885,1.08839,1.08845,1612
2025-11-04 05:38:59.915928,1.08831,1.08832,1.08811,1.08823,4655
2025-11-04 06:38:59.915928,1.08826,1.08838,1.08817,1.08828,1608
2025-11-04 07:38:59.915928,1.08829,1.08833,1.08827,1.08832,798
2025-11-04 08:38:59.915928,1.08834,1.08841,1.08819,1.08821,9200
2025-11-04 09:38:59.915928,1.08843,1.08849,1.0884,1.0884,8855
2025-11-04 10:38:59.915928,1.08822,1.0883,1.08812,1.08821,3929
2025-11-04 11:38:59.915928,1.08799,1.0881,1.08797,1.08799,18075
2025-11-04 12:38:59.915928,1.08819,1.0882,1.08809,1.08811,7343
2025-11-04 13:38:59.915928,1.08793,1.08808,1.08788,1.08788,1873
2025-11-04 14:38:59.915928,1.08796,1.08799,1.08771,1.08796,10357
2025-11-04 15:38:59.915928,1.08785,1.08786,1.08777,1.08785,9942
2025-11-04 16:38:59.915928,1.08782,1.08788,1.08764,1.08764,1879
2025-11-04 17:38:59.915928,1.08781,1.08806,1.08776,1.08787,12940
2025-11-04 18:38:59.915928,1.08782,1.088,1.08765,1.08793,9075
2025-11-04 19:38:59.915928,1.08769,1.08781,1.08767,1.08768,9602
2025-11-04 20:38:59.915928,1.08775,1.08782,1.08772,1.08774,5282
2025-11-04 21:38:59.915928,1.08775,1.08776,1.08751,1.08763,5050
2025-11-04 22:38:59.915928,1.08789,1.08798,1.08776,1.0878,1930
2025-11-04 23:38:59.915928,1.08789,1.08799,1.08787,1.08791,1659
2025-11-05 00:38:59.915928,1.08802,1.08806,1.08789,1.08799,758
2025-11-05 01:38:59.915928,1.08794,1.08796,1.08793,1.08796,2711
2025-11-05 02:38:59.915928,1.08764,1.0877,1.08763,1.08764,418
2025-11-05 03:38:59.915928,1.08766,1.08783,1.08755,1.08755,4462
2025-11-05 04:38:59.915928,1.08779,1.08779,1.08773,1.08777,15003
2025-11-05 05:38:59.915928,1.08776,1.08783,1.08762,1.08778,10120
2025-11-05 06:38:59.915928,1.08766,1.08772,1.08757,1.08765,1440
2025-11-05 07:38:59.915928,1.08741,1.08751,1.08732,1.08745,5297
2025-11-05 08:38:59.915928,1.08743,1.08747,1.08738,1.08742,7448
2025-11-05 09:38:59.915928,1.08762,1.08767,1.0875,1.08753,2299
2025-11-05 10:38:59.915928,1.08753,1.08767,1.08742,1.08756,3408
2025-11-05 11:38:59.915928,1.08758,1.08764,1.08753,1.0876,2214
2025-11-05 12:38:59.915928,1.08772,1.08792,1.08764,1.08784,11710
2025-11-05 13:38:59.915928,1.08778,1.08791,1.08777,1.08781,1193
2025-11-05 14:38:59.915928,1.08766,1.0877,1.08766,1.08769,11715
2025-11-05 15:38:59.915928,1.08775,1.08778,1.08772,1.08773,1026
2025-11-05 16:38:59.915928,1.08765,1.08787,1.08759,1.08764,10635
2025-11-05 17:38:59.915928,1.08764,1.08772,1.08764,1.08767,2270
2025-11-05 18:38:59.915928,1.08773,1.08799,1.08757,1.08773,5596
2025-11-05 19:38:59.915928,1.08757,1.08766,1.0875,1.08758,7169
2025-11-05 20:38:59.915928,1.08766,1.08774,1.08749,1.08763,7001
2025-11-05 21:38:59.915928,1.08747,1.08763,1.08741,1.08748,1193
2025-11-05 22:38:59.915928,1.08739,1.08747,1.08727,1.08736,2052
2025-11-05 23:38:59.915928,1.08741,1.08747,1.08728,1.08739,1793
2025-11-06 00:38:59.915928,1.08757,1.08763,1.08744,1.08747,3267
2025-11-06 01:38:59.915928,1.08777,1.08788,1.08771,1.08772,2196
2025-11-06 02:38:59.915928,1.08787,1.08789,1.0877,1.08786,2934
2025-11-06 03:38:59.915928,1.08778,1.08801,1.08763,1.0879,883
2025-11-06 04:38:59.915928,1.08757,1.08764,1.08742,1.08761,6905
2025-11-06 05:38:59.915928,1.08724,1.08733,1.08718,1.08722,1103
2025-11-06 06:38:59.915928,1.08717,1.08719,1.08697,1.08713,1224
2025-11-06 07:38:59.915928,1.08736,1.08753,1.08732,1.08746,3796
2025-11-06 08:38:59.915928,1.08743,1.08755,1.08738,1.08743,1180
2025-11-06 09:38:59.915928,1.08732,1.08741,1.08729,1.08734,4946
2025-11-06 10:38:59.915928,1.0872,1.08733,1.08703,1.08717,1307
2025-11-06 11:38:59.915928,1.08727,1.08753,1.08721,1.08731,2423
2025-11-06 12:38:59.915928,1.0874,1.08756,1.08734,1.08738,1614
2025-11-06 13:38:59.915928,1.08718,1.0873,1.08717,1.08725,4484
2025-11-06 14:38:59.915928,1.08717,1.08719,1.08713,1.08719,5883
2025-11-06 15:38:59.915928,1.08701,1.08711,1.08698,1.08704,11600
2025-11-06 16:38:59.915928,1.08692,1.08705,1.08691,1.08696,2537
2025-11-06 17:38:59.915928,1.08706,1.08709,1.08693,1.08701,49837
2025-11-06 18:38:59.915928,1.08726,1.08742,1.08719,1.08732,33209
2025-11-06 19:38:59.915928,1.087,1.087,1.0869,1.08698,18767
2025-11-06 20:38:59.915928,1.08716,1.08726,1.08708,1.08719,6860
2025-11-06 21:38:59.915928,1.08689,1.08696,1.08684,1.08689,2412
2025-11-06 22:38:59.915928,1.08693,1.08694,1.08684,1.08689,2686
2025-11-06 23:38:59.915928,1.08713,1.08721,1.08707,1.08713,2216
2025-11-07 00:38:59.915928,1.08714,1.08718,1.08707,1.08709,2229
2025-11-07 01:38:59.915928,1.08722,1.08733,1.0871,1.08725,2622
2025-11-07 02:38:59.915928,1.08713,1.08716,1.08698,1.08707,8109
2025-11-07 03:38:59.915928,1.08751,1.08769,1.08744,1.08764,2550
2025-11-07 04:38:59.915928,1.08745,1.08761,1.08744,1.08747,1031
2025-11-07 05:38:59.915928,1.0874,1.08742,1.08722,1.08741,4344
2025-11-07 06:38:59.915928,1.08751,1.08755,1.08736,1.08753,2037
2025-11-07 07:38:59.915928,1.08749,1.08751,1.08745,1.08751,2148
2025-11-07 08:38:59.915928,1.08749,1.08762,1.08733,1.08736,15678
2025-11-07 09:38:59.915928,1.08742,1.0875,1.08729,1.08744,8375
2025-11-07 10:38:59.915928,1.08745,1.0875,1.08738,1.08741,6555
2025-11-07 11:38:59.915928,1.08734,1.08738,1.08733,1.08735,2689
2025-11-07 12:38:59.915928,1.08762,1.08783,1.08755,1.08756,15077
2025-11-07 13:38:59.915928,1.08755,1.08762,1.08749,1.0876,9930
2025-11-07 14:38:59.915928,1.08737,1.08751,1.08728,1.08737,2454
2025-11-07 15:38:59.915928,1.08745,1.08758,1.08732,1.0874,4856
2025-11-07 16:38:59.915928,1.08778,1.08812,1.08764,1.08773,1394
2025-11-07 17:38:59.915928,1.08784,1.08787,1.08765,1.08787,11912
2025-11-07 18:38:59.915928,1.0878,1.08786,1.08763,1.08776,1647
2025-11-07 19:38:59.915928,1.08794,1.08797,1.08791,1.08796,7119
2025-11-07 20:38:59.915928,1.08811,1.08816,1.0881,1.08812,7494
2025-11-07 21:38:59.915928,1.08816,1.08822,1.08816,1.08816,1683
2025-11-07 22:38:59.915928,1.08798,1.08801,1.08792,1.08793,3066
2025-11-07 23:38:59.915928,1.08798,1.08808,1.08796,1.08804,3276
2025-11-08 00:38:59.915928,1.08793,1.08794,1.0878,1.08789,2422
2025-11-08 01:38:59.915928,1.08774,1.08781,1.08756,1.08775,1242
2025-11-08 02:38:59.915928,1.08773,1.08781,1.08762,1.08763,1637
2025-11-08 03:38:59.915928,1.08777,1.08794,1.08771,1.08774,3239
2025-11-08 04:38:59.915928,1.08786,1.08789,1.08773,1.08787,1707
2025-11-08 05:38:59.915928,1.08787,1.08794,1.08773,1.08778,2274
2025-11-08 06:38:59.915928,1.08792,1.08798,1.08792,1.08795,1878
2025-11-08 07:38:59.915928,1.08793,1.08803,1.08777,1.08789,13794
2025-11-08 08:38:59.915928,1.08806,1.08827,1.08804,1.08811,3907
2025-11-08 09:38:59.915928,1.08813,1.08824,1.08813,1.08816,4058
2025-11-08 10:38:59.915928,1.08784,1.08792,1.08771,1.08779,1150
2025-11-08 11:38:59.915928,1.08808,1.08819,1.08807,1.08811,4662
2025-11-08 12:38:59.915928,1.08821,1.08834,1.08815,1.08828,3008
2025-11-08 13:38:59.915928,1.0882,1.08839,1.08808,1.08828,10001
2025-11-08 14:38:59.915928,1.08824,1.08843,1.0882,1.08829,4315
2025-11-08 15:38:59.915928,1.08826,1.0884,1.08806,1.08833,9628
2025-11-08 16:38:59.915928,1.0881,1.08822,1.08805,1.08811,1701
2025-11-08 17:38:59.915928,1.08844,1.08852,1.08843,1.08843,12151
2025-11-08 18:38:59.915928,1.08841,1.08846,1.0884,1.08843,7828
2025-11-08 19:38:59.915928,1.08834,1.08836,1.08827,1.08834,3794
2025-11-08 20:38:59.915928,1.08815,1.0884,1.08802,1.08829,807
2025-11-08 21:38:59.915928,1.08813,1.08821,1.08808,1.08813,6750
2025-11-08 22:38:59.915928,1.08808,1.0881,1.08802,1.08809,1947
2025-11-08 23:38:59.915928,1.08809,1.08815,1.08807,1.08807,13725
2025-11-09 00:38:59.915928,1.08814,1.08823,1.08813,1.08818,4201
2025-11-09 01:38:59.915928,1.08813,1.08815,1.08803,1.08811,4792
2025-11-09 02:38:59.915928,1.08804,1.08824,1.08783,1.08806,3842
2025-11-09 03:38:59.915928,1.0881,1.08819,1.08802,1.0881,2468
2025-11-09 04:38:59.915928,1.0882,1.08838,1.08813,1.08823,996
2025-11-09 05:38:59.915928,1.08817,1.08824,1.0881,1.08815,1019
2025-11-09 06:38:59.915928,1.08843,1.08858,1.08835,1.08847,1902
2025-11-09 07:38:59.915928,1.08836,1.08844,1.0883,1.08833,8567
2025-11-09 08:38:59.915928,1.08837,1.08838,1.08825,1.08835,4157
2025-11-09 09:38:59.915928,1.0882,1.08834,1.08799,1.08829,11470
2025-11-09 10:38:59.915928,1.08817,1.08831,1.088,1.08822,2630
2025-11-09 11:38:59.915928,1.08829,1.08837,1.0881,1.08825,4429
2025-11-09 12:38:59.915928,1.08819,1.08824,1.08813,1.08818,310
2025-11-09 13:38:59.915928,1.08801,1.08814,1.08794,1.08797,3548
2025-11-09 14:38:59.915928,1.08807,1.08826,1.08804,1.08807,10911
2025-11-09 15:38:59.915928,1.0878,1.08795,1.08768,1.08789,12246
2025-11-09 16:38:59.915928,1.08782,1.08788,1.08764,1.08787,11506
2025-11-09 17:38:59.915928,1.08786,1.08789,1.08782,1.08783,18370
2025-11-09 18:38:59.915928,1.0878,1.0878,1.08765,1.08779,3169
2025-11-09 19:38:59.915928,1.08801,1.08807,1.08792,1.08806,5370
2025-11-09 20:38:59.915928,1.08807,1.08823,1.08794,1.08811,4238
2025-11-09 21:38:59.915928,1.088,1.08803,1.08783,1.08794,2505
2025-11-09 22:38:59.915928,1.08788,1.08795,1.08767,1.08786,1657
2025-11-09 23:38:59.915928,1.08781,1.08791,1.08766,1.08776,3573
2025-11-10 00:38:59.915928,1.0881,1.0882,1.08804,1.08809,2299
2025-11-10 01:38:59.915928,1.08804,1.0882,1.08798,1.08801,3189
2025-11-10 02:38:59.915928,1.08805,1.08816,1.08793,1.08795,2737
2025-11-10 03:38:59.915928,1.08809,1.08814,1.08787,1.08803,6280
2025-11-10 04:38:59.915928,1.08813,1.08818,1.08804,1.08805,5854
2025-11-10 05:38:59.915928,1.08797,1.08797,1.08777,1.08792,442
2025-11-10 06:38:59.915928,1.08793,1.08813,1.08791,1.08797,4686
2025-11-10 07:38:59.915928,1.08779,1.0879,1.08765,1.08784,3136
2025-11-10 08:38:59.915928,1.08787,1.08801,1.0878,1.08796,2938
2025-11-10 09:38:59.915928,1.08795,1.08809,1.08784,1.08798,1348
2025-11-10 10:38:59.915928,1.08798,1.08814,1.08796,1.08813,2570
2025-11-10 11:38:59.915928,1.08815,1.08827,1.08813,1.08818,18000
2025-11-10 12:38:59.915928,1.08814,1.08816,1.0881,1.08812,6486
2025-11-10 13:38:59.915928,1.08823,1.08836,1.0882,1.08825,3314
2025-11-10 14:38:59.915928,1.08814,1.08814,1.08802,1.0881,1802
2025-11-10 15:38:59.915928,1.0882,1.08836,1.08799,1.08804,4072
2025-11-10 16:38:59.915928,1.08812,1.08837,1.08801,1.08808,9513
2025-11-10 17:38:59.915928,1.08792,1.08804,1.08791,1.08798,15227
2025-11-10 18:38:59.915928,1.08765,1.08775,1.0876,1.08763,2651
2025-11-10 19:38:59.915928,1.08752,1.08762,1.0874,1.08746,2961
2025-11-10 20:38:59.915928,1.08772,1.08778,1.08762,1.08765,11589
2025-11-10 21:38:59.915928,1.08763,1.08773,1.08762,1.08766,3294
2025-11-10 22:38:59.915928,1.08785,1.08794,1.08773,1.08779,15203
2025-11-10 23:38:59.915928,1.08796,1.08807,1.08789,1.08793,6069
2025-11-11 00:38:59.915928,1.0877,1.08784,1.08766,1.08775,6280
2025-11-11 01:38:59.915928,1.0877,1.08788,1.08756,1.08772,2757
2025-11-11 02:38:59.915928,1.08788,1.08798,1.08783,1.0879,633
2025-11-11 03:38:59.915928,1.08796,1.08814,1.08778,1.08792,1733
2025-11-11 04:38:59.915928,1.08786,1.08806,1.08782,1.08799,1305
2025-11-11 05:38:59.915928,1.08795,1.08799,1.08787,1.08788,714
2025-11-11 06:38:59.915928,1.08817,1.08825,1.08791,1.08807,12258
2025-11-11 07:38:59.915928,1.08829,1.08832,1.08826,1.0883,988
2025-11-11 08:38:59.915928,1.08825,1.0885,1.08817,1.08834,4184
2025-11-11 09:38:59.915928,1.08834,1.08838,1.08821,1.08831,1565
2025-11-11 10:38:59.915928,1.08832,1.08842,1.08831,1.08835,9135
2025-11-11 11:38:59.915928,1.08816,1.08828,1.08803,1.08817,3382
2025-11-11 12:38:59.915928,1.08804,1.08828,1.08794,1.08804,2332
2025-11-11 13:38:59.915928,1.088,1.08812,1.08792,1.08806,8599
2025-11-11 14:38:59.915928,1.08796,1.08814,1.08783,1.08786,1404
2025-11-11 15:38:59.915928,1.08778,1.08783,1.08762,1.0877,8404
2025-11-11 16:38:59.915928,1.08781,1.08799,1.08762,1.08788,7693
2025-11-11 17:38:59.915928,1.08783,1.0879,1.08775,1.0878,1344
2025-11-11 18:38:59.915928,1.08774,1.0878,1.08759,1.08763,5985
2025-11-11 19:38:59.915928,1.08789,1.08796,1.08778,1.08784,5744
2025-11-11 20:38:59.915928,1.08782,1.08785,1.08767,1.08774,15514
2025-11-11 21:38:59.915928,1.08791,1.08793,1.08787,1.08789,3714
2025-11-11 22:38:59.915928,1.08768,1.08793,1.08753,1.08764,12528
2025-11-11 23:38:59.915928,1.08789,1.08799,1.08784,1.08785,2565
2025-11-12 00:38:59.915928,1.08762,1.08768,1.08755,1.08768,726
2025-11-12 01:38:59.915928,1.08766,1.08777,1.08757,1.08771,961
2025-11-12 02:38:59.915928,1.0876,1.08787,1.08754,1.08771,452
2025-11-12 03:38:59.915928,1.08748,1.08762,1.08736,1.08743,1347
2025-11-12 04:38:59.915928,1.08747,1.08748,1.08739,1.08743,5679
2025-11-12 05:38:59.915928,1.08735,1.08749,1.08731,1.08732,1447
2025-11-12 06:38:59.915928,1.0875,1.08752,1.0874,1.08742,2666
2025-11-12 07:38:59.915928,1.08767,1.08771,1.0875,1.08761,1076
2025-11-12 08:38:59.915928,1.08753,1.08768,1.08744,1.08751,10585
2025-11-12 09:38:59.915928,1.08761,1.08801,1.0876,1.08769,13929
2025-11-12 10:38:59.915928,1.08767,1.08782,1.08751,1.08773,3197
2025-11-12 11:38:59.915928,1.08758,1.08761,1.08753,1.08755,5769
2025-11-12 12:38:59.915928,1.0877,1.08784,1.08767,1.08779,5140
2025-11-12 13:38:59.915928,1.08751,1.08768,1.08744,1.08749,7749
2025-11-12 14:38:59.915928,1.0874,1.08759,1.08729,1.08749,4580
2025-11-12 15:38:59.915928,1.08741,1.08745,1.08713,1.08728,13369
2025-11-12 16:38:59.915928,1.08744,1.08759,1.0873,1.0874,3199
2025-11-12 17:38:59.915928,1.08747,1.08749,1.08739,1.0874,7077
2025-11-12 18:38:59.915928,1.08754,1.0876,1.08746,1.08749,4086
2025-11-12 19:38:59.915928,1.08753,1.08754,1.08741,1.08748,5622
2025-11-12 20:38:59.915928,1.0875,1.08753,1.08734,1.08751,4826
2025-11-12 21:38:59.915928,1.08742,1.0875,1.0874,1.08748,2709
2025-11-12 22:38:59.915928,1.08732,1.08734,1.08723,1.08731,923
2025-11-12 23:38:59.915928,1.08703,1.08715,1.08697,1.08707,3374
2025-11-13 00:38:59.915928,1.08702,1.08714,1.08696,1.08707,1049
2025-11-13 01:38:59.915928,1.08701,1.08705,1.08694,1.08695,1719
2025-11-13 02:38:59.915928,1.08715,1.0873,1.087,1.08703,2395
2025-11-13 03:38:59.915928,1.08691,1.08719,1.08686,1.08699,1530
2025-11-13 04:38:59.915928,1.08692,1.08693,1.08677,1.08689,3576
2025-11-13 05:38:59.915928,1.08684,1.0869,1.08672,1.0869,395
2025-11-13 06:38:59.915928,1.08688,1.08691,1.08678,1.08679,1763
2025-11-13 07:38:59.915928,1.08681,1.08698,1.08671,1.08678,4383
2025-11-13 08:38:59.915928,1.08688,1.08689,1.08678,1.08688,14407
2025-11-13 09:38:59.915928,1.08707,1.08714,1.08702,1.08705,4498
2025-11-13 10:38:59.915928,1.08701,1.08708,1.08698,1.08702,2810
2025-11-13 11:38:59.915928,1.0869,1.08697,1.08679,1.08696,2506
2025-11-13 12:38:59.915928,1.08684,1.08688,1.08664,1.08664,4010
2025-11-13 13:38:59.915928,1.08681,1.08698,1.08676,1.08693,1200
2025-11-13 14:38:59.915928,1.08691,1.08696,1.08682,1.08689,2357
2025-11-13 15:38:59.915928,1.0869,1.08701,1.08671,1.08679,3988
2025-11-13 16:38:59.915928,1.08686,1.08686,1.08673,1.08683,5383
2025-11-13 17:38:59.915928,1.0869,1.08701,1.08685,1.08693,7122
2025-11-13 18:38:59.915928,1.08688,1.08712,1.08683,1.087,6056
2025-11-13 19:38:59.915928,1.08687,1.08703,1.08667,1.08696,2309
2025-11-13 20:38:59.915928,1.08707,1.08725,1.08699,1.08709,3065
2025-11-13 21:38:59.915928,1.08707,1.0871,1.08703,1.08706,5768
2025-11-13 22:38:59.915928,1.08709,1.08712,1.08695,1.08707,6764
2025-11-13 23:38:59.915928,1.08703,1.08713,1.08697,1.08699,1613
2025-11-14 00:38:59.915928,1.08699,1.08702,1.08693,1.08696,13261
2025-11-14 01:38:59.915928,1.08683,1.08688,1.08665,1.08682,1048
2025-11-14 02:38:59.915928,1.08655,1.08664,1.08645,1.08648,4777
2025-11-14 03:38:59.915928,1.08662,1.08666,1.08657,1.08664,5085
2025-11-14 04:38:59.915928,1.08655,1.08669,1.08647,1.08668,2746
2025-11-14 05:38:59.915928,1.08622,1.08637,1.08618,1.08627,2863
2025-11-14 06:38:59.915928,1.08623,1.08638,1.08605,1.08631,1400
2025-11-14 07:38:59.915928,1.08627,1.08647,1.08616,1.08633,2363
2025-11-14 08:38:59.915928,1.08632,1.08637,1.0862,1.08631,3447
2025-11-14 09:38:59.915928,1.08612,1.0863,1.08599,1.08619,1903
2025-11-14 10:38:59.915928,1.08621,1.08629,1.08611,1.08626,3004
2025-11-14 11:38:59.915928,1.08612,1.08616,1.08602,1.08616,14101
2025-11-14 12:38:59.915928,1.0861,1.08621,1.08591,1.08602,2177
2025-11-14 13:38:59.915928,1.08601,1.08613,1.08596,1.08608,4431
2025-11-14 14:38:59.915928,1.08599,1.08624,1.08597,1.08608,532
2025-11-14 15:38:59.915928,1.08593,1.08603,1.08591,1.08595,7995
2025-11-14 16:38:59.915928,1.08619,1.08632,1.08611,1.08621,4150
2025-11-14 17:38:59.915928,1.08617,1.0863,1.08612,1.08623,6841
2025-11-14 18:38:59.915928,1.08647,1.08657,1.08631,1.08657,9002
2025-11-14 19:38:59.915928,1.08666,1.08686,1.08659,1.0868,2257
2025-11-14 20:38:59.915928,1.08664,1.08681,1.08655,1.08658,3157
2025-11-14 21:38:59.915928,1.08641,1.08644,1.08627,1.0864,1324
2025-11-14 22:38:59.915928,1.08641,1.0865,1.08631,1.08649,10573
2025-11-14 23:38:59.915928,1.0864,1.08643,1.0864,1.08641,2763
2025-11-15 00:38:59.915928,1.08641,1.08654,1.08628,1.0863,822
2025-11-15 01:38:59.915928,1.08651,1.08671,1.08631,1.08638,1271
2025-11-15 02:38:59.915928,1.0865,1.08654,1.08642,1.08647,3230
2025-11-15 03:38:59.915928,1.08644,1.08646,1.0863,1.08645,1083
2025-11-15 04:38:59.915928,1.08634,1.08644,1.08623,1.08638,13635
2025-11-15 05:38:59.915928,1.08633,1.0865,1.08627,1.08637,1360
2025-11-15 06:38:59.915928,1.08657,1.08676,1.08652,1.08658,908
2025-11-15 07:38:59.915928,1.08647,1.08649,1.08631,1.0864,7962
2025-11-15 08:38:59.915928,1.08661,1.08671,1.08658,1.08662,1795
2025-11-15 09:38:59.915928,1.08657,1.08665,1.08646,1.08649,6777
2025-11-15 10:38:59.915928,1.08673,1.0869,1.08673,1.08677,1967
2025-11-15 11:38:59.915928,1.08668,1.08675,1.08658,1.08671,9700
2025-11-15 12:38:59.915928,1.08666,1.08688,1.08664,1.0868,3471
2025-11-15 13:38:59.915928,1.08679,1.08685,1.08675,1.08677,1798
2025-11-15 14:38:59.915928,1.08661,1.08663,1.0865,1.0865,2831
2025-11-15 15:38:59.915928,1.08662,1.08665,1.08645,1.08654,4001
2025-11-15 16:38:59.915928,1.08676,1.08693,1.08664,1.08687,1935
2025-11-15 17:38:59.915928,1.08644,1.08658,1.08627,1.08645,8214
2025-11-15 18:38:59.915928,1.08649,1.08655,1.08646,1.08651,5092
2025-11-15 19:38:59.915928,1.08628,1.08633,1.08611,1.08624,3593
2025-11-15 20:38:59.915928,1.08648,1.08658,1.08634,1.08642,6309
2025-11-15 21:38:59.915928,1.08658,1.08662,1.08639,1.08645,707
2025-11-15 22:38:59.915928,1.0865,1.08651,1.08642,1.08644,4517
2025-11-15 23:38:59.915928,1.08653,1.08664,1.08649,1.08652,1357
2025-11-16 00:38:59.915928,1.08677,1.08683,1.0867,1.0867,3464
2025-11-16 01:38:59.915928,1.08679,1.08701,1.08669,1.08683,922
2025-11-16 02:38:59.915928,1.08645,1.08648,1.08631,1.08639,5443
2025-11-16 03:38:59.915928,1.08623,1.08625,1.08614,1.08621,2240
2025-11-16 04:38:59.915928,1.08641,1.0865,1.08634,1.08643,330
2025-11-16 05:38:59.915928,1.08642,1.08654,1.08637,1.08641,5191
2025-11-16 06:38:59.915928,1.08632,1.08633,1.0862,1.0863,866
2025-11-16 07:38:59.915928,1.08632,1.08644,1.08631,1.08636,781
2025-11-16 08:38:59.915928,1.0863,1.08642,1.08615,1.0863,3470
2025-11-16 09:38:59.915928,1.0861,1.08618,1.08598,1.086,9508
2025-11-16 10:38:59.915928,1.08618,1.08628,1.08618,1.0862,12735
2025-11-16 11:38:59.915928,1.08634,1.08643,1.08619,1.08633,2410
2025-11-16 12:38:59.915928,1.08625,1.08632,1.08612,1.08622,15498
2025-11-16 13:38:59.915928,1.08624,1.08644,1.086,1.08615,5006
2025-11-16 14:38:59.915928,1.0863,1.08631,1.08616,1.0862,1613
2025-11-16 15:38:59.915928,1.08624,1.08633,1.08617,1.08626,3799
2025-11-16 16:38:59.915928,1.08615,1.08633,1.08606,1.08611,7634
2025-11-16 17:38:59.915928,1.08607,1.08611,1.08603,1.08608,10860
2025-11-16 18:38:59.915928,1.08608,1.08612,1.08608,1.0861,4803
2025-11-16 19:38:59.915928,1.0859,1.0859,1.08582,1.08584,7402
2025-11-16 20:38:59.915928,1.08582,1.08586,1.08582,1.08584,3445
2025-11-16 21:38:59.915928,1.08593,1.08597,1.08592,1.08595,6638
2025-11-16 22:38:59.915928,1.08594,1.08599,1.08589,1.0859,15017
2025-11-16 23:38:59.915928,1.08559,1.08565,1.08557,1.08557,981
2025-11-17 00:38:59.915928,1.08546,1.08554,1.08539,1.08543,353
2025-11-17 01:38:59.915928,1.08528,1.08537,1.08526,1.08527,7217
2025-11-17 02:38:59.915928,1.08535,1.08553,1.0853,1.0854,1860
2025-11-17 03:38:59.915928,1.08531,1.08537,1.08516,1.08524,733
2025-11-17 04:38:59.915928,1.08522,1.08549,1.0851,1.0853,5654
2025-11-17 05:38:59.915928,1.08511,1.08524,1.08497,1.08514,1345
2025-11-17 06:38:59.915928,1.08473,1.08477,1.08463,1.08477,5228
2025-11-17 07:38:59.915928,1.08472,1.08484,1.08471,1.08482,624
2025-11-17 08:38:59.915928,1.08488,1.08492,1.08482,1.08485,2978
2025-11-17 09:38:59.915928,1.08483,1.08487,1.08479,1.08482,6273
2025-11-17 10:38:59.915928,1.08475,1.08476,1.0846,1.08463,2832
2025-11-17 11:38:59.915928,1.08462,1.08466,1.08455,1.08459,4492
2025-11-17 12:38:59.915928,1.08439,1.08458,1.08433,1.0844,3545
2025-11-17 13:38:59.915928,1.08441,1.08464,1.08434,1.08453,3801
2025-11-17 14:38:59.915928,1.0844,1.0846,1.08433,1.08443,7176
2025-11-17 15:38:59.915928,1.08425,1.08437,1.08415,1.08419,2177
2025-11-17 16:38:59.915928,1.08431,1.08449,1.08427,1.08435,14707
2025-11-17 17:38:59.915928,1.0844,1.08459,1.08432,1.08451,1586
2025-11-17 18:38:59.915928,1.0843,1.08434,1.08419,1.08433,13705
2025-11-17 19:38:59.915928,1.08427,1.08433,1.08422,1.0843,5637
2025-11-17 20:38:59.915928,1.08429,1.08442,1.08415,1.08429,4790
2025-11-17 21:38:59.915928,1.08428,1.08431,1.08414,1.0843,2277
2025-11-17 22:38:59.915928,1.08432,1.08448,1.08413,1.08442,7613
2025-11-17 23:38:59.915928,1.08428,1.08435,1.0842,1.0843,2411
2025-11-18 00:38:59.915928,1.08413,1.08427,1.08403,1.08422,693
2025-11-18 01:38:59.915928,1.08439,1.08456,1.08432,1.08432,1356
2025-11-18 02:38:59.915928,1.08439,1.08458,1.0843,1.08447,1322
2025-11-18 03:38:59.915928,1.08439,1.08442,1.08431,1.08437,1389
2025-11-18 04:38:59.915928,1.08442,1.08445,1.0843,1.08443,3815
2025-11-18 05:38:59.915928,1.0844,1.08442,1.08422,1.08431,3287
2025-11-18 06:38:59.915928,1.08448,1.08455,1.08446,1.08454,2205
2025-11-18 07:38:59.915928,1.08445,1.08452,1.08434,1.08446,404
2025-11-18 08:38:59.915928,1.08464,1.08476,1.08461,1.08472,12303
2025-11-18 09:38:59.915928,1.08457,1.08473,1.08446,1.08449,5653
2025-11-18 10:38:59.915928,1.08475,1.08478,1.08461,1.08464,2344
2025-11-18 11:38:59.915928,1.08461,1.08483,1.08454,1.08459,2545
2025-11-18 12:38:59.915928,1.08447,1.08452,1.08441,1.0845,581
2025-11-18 13:38:59.915928,1.08441,1.08446,1.08433,1.08436,8794
2025-11-18 14:38:59.915928,1.08423,1.0843,1.08406,1.08412,2481
2025-11-18 15:38:59.915928,1.08395,1.08411,1.08385,1.08401,22842
2025-11-18 16:38:59.915928,1.08397,1.08412,1.08396,1.08405,4022
2025-11-18 17:38:59.915928,1.08395,1.08418,1.08394,1.08408,10830
2025-11-18 18:38:59.915928,1.08399,1.08402,1.08383,1.08392,1389
2025-11-18 19:38:59.915928,1.08421,1.08434,1.08417,1.08426,4635
2025-11-18 20:38:59.915928,1.08427,1.08437,1.0841,1.08419,4450
2025-11-18 21:38:59.915928,1.0839,1.08406,1.08376,1.08397,1711
2025-11-18 22:38:59.915928,1.08438,1.08461,1.08429,1.08434,2448
2025-11-18 23:38:59.915928,1.08428,1.0844,1.08427,1.08428,2112
2025-11-19 00:38:59.915928,1.08438,1.08451,1.08435,1.08442,3621
2025-11-19 01:38:59.915928,1.08409,1.08409,1.08407,1.08408,1142
2025-11-19 02:38:59.915928,1.08403,1.08415,1.08382,1.084,7458
2025-11-19 03:38:59.915928,1.08425,1.08438,1.08406,1.08417,2323
2025-11-19 04:38:59.915928,1.08415,1.0842,1.08385,1.08397,4579
2025-11-19 05:38:59.915928,1.08403,1.08407,1.08395,1.084,4409
2025-11-19 06:38:59.915928,1.08393,1.08395,1.08385,1.0839,719
2025-11-19 07:38:59.915928,1.0838,1.08383,1.08367,1.08379,3498
2025-11-19 08:38:59.915928,1.08355,1.08364,1.08348,1.08358,914
2025-11-19 09:38:59.915928,1.08359,1.08368,1.08351,1.08362,1635
2025-11-19 10:38:59.915928,1.08372,1.08386,1.08365,1.0837,1869
2025-11-19 11:38:59.915928,1.08399,1.08405,1.08381,1.08403,7595
2025-11-19 12:38:59.915928,1.08361,1.08397,1.0835,1.08374,457
2025-11-19 13:38:59.915928,1.08372,1.08381,1.08371,1.08372,13616
2025-11-19 14:38:59.915928,1.08379,1.08399,1.08369,1.08384,3239
2025-11-19 15:38:59.915928,1.08396,1.08404,1.08394,1.08397,4698
2025-11-19 16:38:59.915928,1.08396,1.08408,1.08393,1.08396,2545
2025-11-19 17:38:59.915928,1.08415,1.08421,1.08397,1.08409,4568
2025-11-19 18:38:59.915928,1.08412,1.08422,1.08411,1.0842,5213
2025-11-19 19:38:59.915928,1.08396,1.08403,1.08388,1.08389,6666
2025-11-19 20:38:59.915928,1.0842,1.08426,1.08408,1.08425,19378
2025-11-19 21:38:59.915928,1.08403,1.08419,1.08395,1.08408,1188
2025-11-19 22:38:59.915928,1.08414,1.08429,1.08411,1.08417,5524
2025-11-19 23:38:59.915928,1.08418,1.08429,1.08412,1.08426,3852
2025-11-20 00:38:59.915928,1.08387,1.08389,1.0838,1.0838,2040
2025-11-20 01:38:59.915928,1.08391,1.08399,1.08384,1.08391,1147
2025-11-20 02:38:59.915928,1.08374,1.08377,1.08356,1.08364,3945
2025-11-20 03:38:59.915928,1.08334,1.08341,1.08326,1.08332,3478
2025-11-20 04:38:59.915928,1.08357,1.08374,1.08357,1.08358,1699
2025-11-20 05:38:59.915928,1.084,1.08414,1.08392,1.08398,1917
2025-11-20 06:38:59.915928,1.08401,1.08421,1.08398,1.08404,321
2025-11-20 07:38:59.915928,1.08418,1.08423,1.08412,1.08421,2867
2025-11-20 08:38:59.915928,1.08388,1.08401,1.08385,1.08393,14572
2025-11-20 09:38:59.915928,1.08389,1.08389,1.08361,1.08384,1366
2025-11-20 10:38:59.915928,1.084,1.08411,1.08388,1.08401,4746
2025-11-20 11:38:59.915928,1.08411,1.08419,1.08398,1.08409,6307
2025-11-20 12:38:59.915928,1.08398,1.084,1.08393,1.08394,3655
2025-11-20 13:38:59.915928,1.08372,1.08375,1.08371,1.08375,3362
2025-11-20 14:38:59.915928,1.08389,1.08391,1.0838,1.08389,3380
2025-11-20 15:38:59.915928,1.08378,1.08378,1.08366,1.08371,8284
2025-11-20 16:38:59.915928,1.08391,1.08404,1.08391,1.08396,8942
2025-11-20 17:38:59.915928,1.08379,1.08385,1.08368,1.08378,10627
2025-11-20 18:38:59.915928,1.08385,1.08392,1.08378,1.0839,500
2025-11-20 19:38:59.915928,1.08417,1.08427,1.08416,1.08425,4152
2025-11-20 20:38:59.915928,1.08452,1.0847,1.08439,1.0846,7367
2025-11-20 21:38:59.915928,1.08452,1.08459,1.0844,1.08456,6275
2025-11-20 22:38:59.915928,1.08462,1.08476,1.08461,1.08464,2131
2025-11-20 23:38:59.915928,1.08471,1.08497,1.08471,1.0848,1632
2025-11-21 00:38:59.915928,1.08493,1.08501,1.08488,1.08498,1695
2025-11-21 01:38:59.915928,1.08472,1.08487,1.08467,1.08481,1411
2025-11-21 02:38:59.915928,1.08453,1.08457,1.08445,1.08451,4350
2025-11-21 03:38:59.915928,1.08469,1.08473,1.08467,1.08472,4279
2025-11-21 04:38:59.915928,1.08488,1.08517,1.08485,1.08493,1743
2025-11-21 05:38:59.915928,1.08495,1.085,1.08489,1.08499,880
2025-11-21 06:38:59.915928,1.08504,1.08514,1.08491,1.08506,15587
2025-11-21 07:38:59.915928,1.08509,1.08516,1.08502,1.08516,1813
2025-11-21 08:38:59.915928,1.08514,1.08518,1.085,1.08514,3055
2025-11-21 09:38:59.915928,1.08511,1.08526,1.08508,1.08515,6044
2025-11-21 10:38:59.915928,1.08527,1.08538,1.08523,1.08531,14384
2025-11-21 11:38:59.915928,1.08516,1.08526,1.08497,1.08524,33335
2025-11-21 12:38:59.915928,1.08524,1.08527,1.0852,1.08524,6042
2025-11-21 13:38:59.915928,1.08524,1.08535,1.08516,1.08527,3482
2025-11-21 14:38:59.915928,1.08536,1.08551,1.08535,1.08549,2105
2025-11-21 15:38:59.915928,1.08556,1.08569,1.08549,1.08559,3635
2025-11-21 16:38:59.915928,1.08558,1.08575,1.08548,1.0856,2865
2025-11-21 17:38:59.915928,1.08583,1.08586,1.08561,1.08568,2244
2025-11-21 18:38:59.915928,1.08606,1.08609,1.08605,1.08606,3470
2025-11-21 19:38:59.915928,1.08621,1.0863,1.08613,1.08629,11178
2025-11-21 20:38:59.915928,1.08623,1.08634,1.08606,1.08615,16311
2025-11-21 21:38:59.915928,1.08635,1.08639,1.08633,1.08634,2786
2025-11-21 22:38:59.915928,1.08629,1.08634,1.08622,1.08625,1169
2025-11-21 23:38:59.915928,1.08624,1.08629,1.08621,1.08628,1226
2025-11-22 00:38:59.915928,1.0864,1.08657,1.08627,1.08633,3400
2025-11-22 01:38:59.915928,1.08615,1.0864,1.08599,1.08616,3606
2025-11-22 02:38:59.915928,1.08642,1.08642,1.08627,1.08637,8993
2025-11-22 03:38:59.915928,1.08627,1.08631,1.08615,1.08621,2225
2025-11-22 04:38:59.915928,1.08652,1.08677,1.08649,1.08661,2824
2025-11-22 05:38:59.915928,1.08655,1.08664,1.08634,1.08656,6207
2025-11-22 06:38:59.915928,1.0865,1.08665,1.08639,1.08651,2227
2025-11-22 07:38:59.915928,1.08649,1.08665,1.08641,1.08651,7960
2025-11-22 08:38:59.915928,1.08647,1.0866,1.08645,1.08645,5857
2025-11-22 09:38:59.915928,1.08658,1.08662,1.08655,1.08657,13477
2025-11-22 10:38:59.915928,1.08661,1.08672,1.0864,1.08647,1887
2025-11-22 11:38:59.915928,1.08664,1.08684,1.08659,1.08673,2684
2025-11-22 12:38:59.915928,1.0865,1.08672,1.08631,1.08658,2585
2025-11-22 13:38:59.915928,1.08637,1.08641,1.08626,1.08636,20859
2025-11-22 14:38:59.915928,1.08653,1.08668,1.08642,1.08658,5167
2025-11-22 15:38:59.915928,1.08639,1.08645,1.08629,1.08642,10570
2025-11-22 16:38:59.915928,1.0865,1.0866,1.08634,1.08651,8717
2025-11-22 17:38:59.915928,1.08645,1.08669,1.08644,1.0866,13045
2025-11-22 18:38:59.915928,1.08634,1.08638,1.08619,1.08626,11796
2025-11-22 19:38:59.915928,1.08624,1.08634,1.08617,1.08632,3765
2025-11-22 20:38:59.915928,1.08613,1.08622,1.08608,1.08609,8498
2025-11-22 21:38:59.915928,1.08605,1.08608,1.08605,1.08608,2792
2025-11-22 22:38:59.915928,1.08592,1.08593,1.08579,1.08584,1014
2025-11-22 23:38:59.915928,1.08583,1.08591,1.08581,1.08586,5872
2025-11-23 00:38:59.915928,1.08576,1.08577,1.08555,1.08571,7110
2025-11-23 01:38:59.915928,1.08586,1.08591,1.08566,1.08578,1729
2025-11-23 02:38:59.915928,1.08587,1.08593,1.08573,1.08579,1257
2025-11-23 03:38:59.915928,1.08589,1.08593,1.08584,1.08586,458
2025-11-23 04:38:59.915928,1.08577,1.08593,1.08568,1.08576,1308
2025-11-23 05:38:59.915928,1.08584,1.08589,1.08566,1.08577,5364
2025-11-23 06:38:59.915928,1.08584,1.08589,1.08564,1.08577,3137
2025-11-23 07:38:59.915928,1.08598,1.08605,1.08596,1.08601,5610
2025-11-23 08:38:59.915928,1.08621,1.08634,1.08617,1.08623,11765
2025-11-23 09:38:59.915928,1.08619,1.08622,1.08614,1.08621,11572
2025-11-23 10:38:59.915928,1.08606,1.08628,1.08593,1.08616,3355
2025-11-23 11:38:59.915928,1.08588,1.08589,1.08584,1.08584,14048
2025-11-23 12:38:59.915928,1.08585,1.08597,1.08572,1.08592,1158
2025-11-23 13:38:59.915928,1.08598,1.08607,1.08597,1.086,20689
2025-11-23 14:38:59.915928,1.08574,1.08584,1.08561,1.08567,2549
2025-11-23 15:38:59.915928,1.08562,1.08569,1.08548,1.08565,9124
2025-11-23 16:38:59.915928,1.08562,1.08572,1.08537,1.08551,6332
2025-11-23 17:38:59.915928,1.08547,1.08565,1.08538,1.08548,17002
2025-11-23 18:38:59.915928,1.08506,1.08517,1.08505,1.08508,8618
2025-11-23 19:38:59.915928,1.08499,1.08507,1.08494,1.08503,2543
2025-11-23 20:38:59.915928,1.08491,1.08501,1.08484,1.08484,2091
2025-11-23 21:38:59.915928,1.08519,1.08527,1.08507,1.08516,1991
2025-11-23 22:38:59.915928,1.08514,1.08517,1.08509,1.08514,5594
2025-11-23 23:38:59.915928,1.08505,1.08519,1.08504,1.08508,1977
2025-11-24 00:38:59.915928,1.08498,1.08501,1.08491,1.08494,1323
2025-11-24 01:38:59.915928,1.08474,1.0848,1.08469,1.08471,674
2025-11-24 02:38:59.915928,1.08469,1.08477,1.08464,1.08471,9710
2025-11-24 03:38:59.915928,1.0847,1.08484,1.08467,1.0847,2193
2025-11-24 04:38:59.915928,1.08478,1.08483,1.08469,1.08481,868
2025-11-24 05:38:59.915928,1.08482,1.08487,1.08468,1.08478,1161
2025-11-24 06:38:59.915928,1.08486,1.08505,1.08479,1.0849,5931
2025-11-24 07:38:59.915928,1.08454,1.08468,1.08451,1.0846,2335
2025-11-24 08:38:59.915928,1.08447,1.08449,1.08444,1.08444,7913
2025-11-24 09:38:59.915928,1.08451,1.08455,1.0845,1.08454,6324
2025-11-24 10:38:59.915928,1.08465,1.08483,1.08456,1.08469,10843
2025-11-24 11:38:59.915928,1.08471,1.08475,1.08468,1.0847,3620
2025-11-24 12:38:59.915928,1.08452,1.08465,1.08452,1.08455,5444
2025-11-24 13:38:59.915928,1.08448,1.08452,1.08443,1.0845,2827
2025-11-24 14:38:59.915928,1.08443,1.08464,1.08434,1.08437,3857
2025-11-24 15:38:59.915928,1.08423,1.08441,1.08418,1.08427,2011
2025-11-24 16:38:59.915928,1.08445,1.08459,1.08428,1.08437,5248
2025-11-24 17:38:59.915928,1.0845,1.08462,1.08441,1.08444,2534
2025-11-24 18:38:59.915928,1.08451,1.08469,1.08443,1.08447,11304
2025-11-24 19:38:59.915928,1.08459,1.08465,1.08455,1.08464,6548
2025-11-24 20:38:59.915928,1.08458,1.08465,1.08457,1.08459,3049
2025-11-24 21:38:59.915928,1.0846,1.08462,1.08447,1.08458,454
2025-11-24 22:38:59.915928,1.08441,1.08457,1.08433,1.08436,5545
2025-11-24 23:38:59.915928,1.08444,1.08453,1.08419,1.08431,2535
2025-11-25 00:38:59.915928,1.08436,1.08456,1.08421,1.08451,1702
2025-11-25 01:38:59.915928,1.08446,1.08473,1.08445,1.08454,1355
2025-11-25 02:38:59.915928,1.08442,1.08445,1.08433,1.08434,10594
2025-11-25 03:38:59.915928,1.08449,1.0845,1.08425,1.08441,1483
2025-11-25 04:38:59.915928,1.08435,1.08442,1.0843,1.08437,2867
2025-11-25 05:38:59.915928,1.08426,1.0843,1.08416,1.08429,474
2025-11-25 06:38:59.915928,1.08439,1.08441,1.08425,1.08436,1925
2025-11-25 07:38:59.915928,1.08453,1.08457,1.0845,1.08452,3990
2025-11-25 08:38:59.915928,1.08453,1.08485,1.08452,1.08465,5854
2025-11-25 09:38:59.915928,1.08471,1.08482,1.08465,1.08481,1803
2025-11-25 10:38:59.915928,1.08488,1.08498,1.0848,1.08486,4036
2025-11-25 11:38:59.915928,1.08482,1.08499,1.08461,1.08472,5197
2025-11-25 12:38:59.915928,1.085,1.08507,1.08488,1.08503,2952
2025-11-25 13:38:59.915928,1.08518,1.08532,1.08508,1.08523,733
2025-11-25 14:38:59.915928,1.0851,1.08519,1.08505,1.08507,891
2025-11-25 15:38:59.915928,1.08513,1.08532,1.08495,1.085,4925
2025-11-25 16:38:59.915928,1.08505,1.08509,1.08497,1.08508,3235
2025-11-25 17:38:59.915928,1.08507,1.0851,1.08497,1.08508,14903
2025-11-25 18:38:59.915928,1.08508,1.08517,1.08504,1.08505,19824
2025-11-25 19:38:59.915928,1.08506,1.08516,1.08492,1.085,5969
2025-11-25 20:38:59.915928,1.08506,1.0853,1.08486,1.08516,6552
2025-11-25 21:38:59.915928,1.08521,1.08528,1.08491,1.08501,2886
2025-11-25 22:38:59.915928,1.08554,1.08555,1.08547,1.08555,4210
2025-11-25 23:38:59.915928,1.08562,1.08571,1.0856,1.08561,1496
2025-11-26 00:38:59.915928,1.08592,1.08609,1.08571,1.08583,1446
2025-11-26 01:38:59.915928,1.08568,1.08586,1.08563,1.0857,1263
2025-11-26 02:38:59.915928,1.08561,1.08562,1.08544,1.08561,7302
2025-11-26 03:38:59.915928,1.08588,1.08605,1.08587,1.08592,2650
2025-11-26 04:38:59.915928,1.08575,1.08587,1.08563,1.08573,3192
2025-11-26 05:38:59.915928,1.08572,1.08573,1.08559,1.08572,954
2025-11-26 06:38:59.915928,1.08571,1.08577,1.08569,1.08573,1919
2025-11-26 07:38:59.915928,1.08572,1.0858,1.08553,1.08567,1855
2025-11-26 08:38:59.915928,1.08601,1.0862,1.08601,1.08605,5599
2025-11-26 09:38:59.915928,1.08599,1.08611,1.08589,1.08593,4123
2025-11-26 10:38:59.915928,1.08599,1.08615,1.08589,1.08598,2081
2025-11-26 11:38:59.915928,1.08611,1.08616,1.08597,1.0861,1884
2025-11-26 12:38:59.915928,1.08585,1.08597,1.08578,1.08582,7649
2025-11-26 13:38:59.915928,1.08597,1.086,1.08589,1.0859,2251
2025-11-26 14:38:59.915928,1.08609,1.08614,1.08587,1.08599,4688
2025-11-26 15:38:59.915928,1.08596,1.08606,1.0859,1.08605,12426
2025-11-26 16:38:59.915928,1.08605,1.08614,1.08595,1.08606,12317
2025-11-26 17:38:59.915928,1.08609,1.08618,1.08602,1.08616,5171
2025-11-26 18:38:59.915928,1.08616,1.08622,1.08611,1.0862,12059
2025-11-26 19:38:59.915928,1.08619,1.08629,1.08615,1.08615,4121
2025-11-26 20:38:59.915928,1.086,1.08615,1.08591,1.08605,15846
2025-11-26 21:38:59.915928,1.08597,1.08598,1.0859,1.08597,1931
2025-11-26 22:38:59.915928,1.08616,1.08629,1.08613,1.08614,1035
2025-11-26 23:38:59.915928,1.08623,1.08632,1.08623,1.08624,9656
2025-11-27 00:38:59.915928,1.08643,1.08657,1.08638,1.08648,2500
2025-11-27 01:38:59.915928,1.08606,1.08609,1.0858,1.08595,4731
2025-11-27 02:38:59.915928,1.08607,1.08617,1.08601,1.08612,2391
2025-11-27 03:38:59.915928,1.08601,1.08611,1.08595,1.08598,3648
2025-11-27 04:38:59.915928,1.08575,1.08588,1.08568,1.08576,3534
2025-11-27 05:38:59.915928,1.08586,1.08589,1.08567,1.08576,1802
2025-11-27 06:38:59.915928,1.08575,1.08579,1.08562,1.08571,3051
2025-11-27 07:38:59.915928,1.08578,1.08599,1.08578,1.08584,4521
2025-11-27 08:38:59.915928,1.08565,1.08588,1.08562,1.08574,10227
2025-11-27 09:38:59.915928,1.08551,1.0856,1.08537,1.0855,2093
2025-11-27 10:38:59.915928,1.08543,1.08544,1.08525,1.08533,1630
2025-11-27 11:38:59.915928,1.08527,1.08536,1.08527,1.08529,1232
2025-11-27 12:38:59.915928,1.08513,1.08516,1.08512,1.08516,2887
2025-11-27 13:38:59.915928,1.08507,1.08512,1.08486,1.08508,4891
2025-11-27 14:38:59.915928,1.08507,1.0852,1.08506,1.08517,5035
2025-11-27 15:38:59.915928,1.0848,1.08483,1.08455,1.08473,2242
2025-11-27 16:38:59.915928,1.08494,1.08505,1.08481,1.08494,4440
2025-11-27 17:38:59.915928,1.08497,1.08507,1.08486,1.08498,7417
2025-11-27 18:38:59.915928,1.08485,1.08486,1.08476,1.0848,7601
2025-11-27 19:38:59.915928,1.08516,1.08528,1.08513,1.0852,6155
2025-11-27 20:38:59.915928,1.0852,1.08545,1.08505,1.08532,4255
2025-11-27 21:38:59.915928,1.08509,1.08515,1.08503,1.08512,4392
2025-11-27 22:38:59.915928,1.08496,1.08507,1.08491,1.08503,53587
2025-11-27 23:38:59.915928,1.08511,1.08527,1.08508,1.08519,1807
2025-11-28 00:38:59.915928,1.08526,1.08535,1.08515,1.08524,887
2025-11-28 01:38:59.915928,1.08509,1.08515,1.08502,1.08512,871
2025-11-28 02:38:59.915928,1.08525,1.08537,1.08513,1.08534,741
2025-11-28 03:38:59.915928,1.08542,1.08548,1.08534,1.0854,5159
2025-11-28 04:38:59.915928,1.08532,1.08534,1.0851,1.08523,6060
2025-11-28 05:38:59.915928,1.08523,1.08546,1.08518,1.08525,4805
2025-11-28 06:38:59.915928,1.08485,1.08493,1.08478,1.08486,2412
2025-11-28 07:38:59.915928,1.08484,1.085,1.08474,1.08483,1617
2025-11-28 08:38:59.915928,1.08499,1.08504,1.08499,1.08504,2030
2025-11-28 09:38:59.915928,1.08499,1.0851,1.08497,1.08499,1338
2025-11-28 10:38:59.915928,1.08505,1.0851,1.08495,1.08497,4212
2025-11-28 11:38:59.915928,1.0852,1.08525,1.08514,1.08517,3851
2025-11-28 12:38:59.915928,1.0851,1.08518,1.08503,1.08505,7271
2025-11-28 13:38:59.915928,1.08498,1.08513,1.08479,1.0849,970
2025-11-28 14:38:59.915928,1.08476,1.08481,1.0846,1.08471,4024
2025-11-28 15:38:59.915928,1.08472,1.08477,1.08468,1.08475,2567
2025-11-28 16:38:59.915928,1.08477,1.08485,1.08454,1.08463,39763
2025-11-28 17:38:59.915928,1.0849,1.08497,1.08459,1.08477,21872
2025-11-28 18:38:59.915928,1.08487,1.08498,1.0848,1.0849,3447
2025-11-28 19:38:59.915928,1.085,1.08504,1.08485,1.08502,22919
2025-11-28 20:38:59.915928,1.08497,1.08507,1.08491,1.08494,1733
2025-11-28 21:38:59.915928,1.08516,1.08537,1.08509,1.08512,6633
2025-11-28 22:38:59.915928,1.08535,1.0854,1.08533,1.08533,2409
2025-11-28 23:38:59.915928,1.0855,1.08559,1.08534,1.08541,2198
2025-11-29 00:38:59.915928,1.08573,1.08575,1.0857,1.08573,5221
2025-11-29 01:38:59.915928,1.08585,1.0859,1.08572,1.08579,4591
2025-11-29 02:38:59.915928,1.08588,1.0859,1.08564,1.08579,1927
2025-11-29 03:38:59.915928,1.0859,1.086,1.08581,1.08593,9048
2025-11-29 04:38:59.915928,1.08608,1.08616,1.08593,1.08611,3940
2025-11-29 05:38:59.915928,1.08605,1.08623,1.08603,1.08609,946
2025-11-29 06:38:59.915928,1.08603,1.08607,1.08589,1.08599,5857
2025-11-29 07:38:59.915928,1.08596,1.08606,1.08593,1.08604,488
2025-11-29 08:38:59.915928,1.0859,1.08609,1.08584,1.08594,4072
2025-11-29 09:38:59.915928,1.08612,1.0863,1.0861,1.08614,5228
2025-11-29 10:38:59.915928,1.08624,1.08638,1.08611,1.08625,2342
2025-11-29 11:38:59.915928,1.08601,1.0861,1.08596,1.08607,2886
2025-11-29 12:38:59.915928,1.0859,1.08605,1.08588,1.0859,2383
2025-11-29 13:38:59.915928,1.08603,1.08619,1.08598,1.08603,1738
2025-11-29 14:38:59.915928,1.08614,1.08615,1.08605,1.08611,10006
2025-11-29 15:38:59.915928,1.08644,1.08653,1.08635,1.08638,7731
2025-11-29 16:38:59.915928,1.08612,1.08618,1.08599,1.08604,11397
2025-11-29 17:38:59.915928,1.08612,1.08623,1.086,1.08615,4201
2025-11-29 18:38:59.915928,1.08615,1.08625,1.08591,1.08608,3717
2025-11-29 19:38:59.915928,1.0862,1.08627,1.08618,1.08618,3624
2025-11-29 20:38:59.915928,1.08615,1.08624,1.08605,1.08614,2861
2025-11-29 21:38:59.915928,1.08608,1.08616,1.08596,1.08601,750
2025-11-29 22:38:59.915928,1.08602,1.08614,1.08599,1.08607,3462
2025-11-29 23:38:59.915928,1.08624,1.08632,1.08624,1.08628,2122
2025-11-30 00:38:59.915928,1.08611,1.08614,1.08595,1.08613,3335
2025-11-30 01:38:59.915928,1.08598,1.08602,1.08592,1.08592,5900
2025-11-30 02:38:59.915928,1.08601,1.08614,1.08593,1.0861,892
2025-11-30 03:38:59.915928,1.08605,1.08627,1.08601,1.08607,583
2025-11-30 04:38:59.915928,1.08589,1.08594,1.08577,1.08584,1529
2025-11-30 05:38:59.915928,1.08593,1.08601,1.08583,1.08595,3173
2025-11-30 06:38:59.915928,1.08605,1.08614,1.08591,1.08593,2347
2025-11-30 07:38:59.915928,1.08589,1.08595,1.08588,1.08594,2523
2025-11-30 08:38:59.915928,1.08595,1.08596,1.08583,1.08593,4181
2025-11-30 09:38:59.915928,1.08584,1.08584,1.08572,1.08584,1842
2025-11-30 10:38:59.915928,1.08599,1.0862,1.08593,1.0861,8113
2025-11-30 11:38:59.915928,1.08584,1.08603,1.08575,1.08591,5584
2025-11-30 12:38:59.915928,1.08579,1.08605,1.08577,1.08593,645
2025-11-30 13:38:59.915928,1.08578,1.08582,1.08575,1.08579,2263
2025-11-30 14:38:59.915928,1.08571,1.0858,1.08555,1.08572,15045
2025-11-30 15:38:59.915928,1.0856,1.08565,1.08554,1.08564,4397
2025-11-30 16:38:59.915928,1.08556,1.08574,1.08554,1.08566,11236
2025-11-30 17:38:59.915928,1.08542,1.08548,1.08533,1.08545,8114
2025-11-30 18:38:59.915928,1.08527,1.08533,1.08524,1.08532,3460
2025-11-30 19:38:59.915928,1.08525,1.0854,1.08513,1.08521,2527
2025-11-30 20:38:59.915928,1.0852,1.08534,1.08516,1.08517,6510
2025-11-30 21:38:59.915928,1.08521,1.08536,1.08515,1.08522,2494
2025-11-30 22:38:59.915928,1.08538,1.08548,1.08525,1.08537,4357
2025-11-30 23:38:59.915928,1.08544,1.08553,1.08542,1.08551,7653
2025-12-01 00:38:59.915928,1.08563,1.08572,1.08554,1.08566,1766
2025-12-01 01:38:59.915928,1.08579,1.08586,1.08576,1.08577,2848
2025-12-01 02:38:59.915928,1.08585,1.08596,1.08581,1.08589,6141
2025-12-01 03:38:59.915928,1.08606,1.0861,1.08593,1.086,4724
2025-12-01 04:38:59.915928,1.08587,1.08596,1.08567,1.08593,5057
2025-12-01 05:38:59.915928,1.08571,1.08582,1.08563,1.08576,940
2025-12-01 06:38:59.915928,1.08582,1.08586,1.08578,1.08583,3026
2025-12-01 07:38:59.915928,1.08588,1.08599,1.08587,1.08596,1082
2025-12-01 08:38:59.915928,1.08554,1.08561,1.08542,1.08543,4644
2025-12-01 09:38:59.915928,1.08524,1.08526,1.08509,1.08518,4474
2025-12-01 10:38:59.915928,1.08506,1.08508,1.08495,1.08506,7371
2025-12-01 11:38:59.915928,1.08502,1.08511,1.08485,1.08494,3886
2025-12-01 12:38:59.915928,1.08497,1.08497,1.08487,1.08495,9995
2025-12-01 13:38:59.915928,1.08454,1.08461,1.0845,1.0846,2812
2025-12-01 14:38:59.915928,1.08489,1.08501,1.08479,1.08487,8897
2025-12-01 15:38:59.915928,1.08486,1.08503,1.08484,1.08488,3348
2025-12-01 16:38:59.915928,1.08456,1.08458,1.08447,1.08453,6664
2025-12-01 17:38:59.915928,1.08461,1.08466,1.0845,1.08461,24466
2025-12-01 18:38:59.915928,1.0846,1.08473,1.08454,1.08468,23692
2025-12-01 19:38:59.915928,1.08442,1.08452,1.08438,1.08447,8855
2025-12-01 20:38:59.915928,1.08456,1.08458,1.0844,1.08449,1247
2025-12-01 21:38:59.915928,1.08454,1.08455,1.08443,1.08446,1006
2025-12-01 22:38:59.915928,1.08455,1.08465,1.08453,1.08454,6318
2025-12-01 23:38:59.915928,1.08449,1.08457,1.08438,1.08446,4005
2025-12-02 00:38:59.915928,1.08433,1.0844,1.08412,1.08426,995
2025-12-02 01:38:59.915928,1.08427,1.08437,1.08427,1.08432,2641
2025-12-02 02:38:59.915928,1.08424,1.08436,1.0841,1.0841,1168
2025-12-02 03:38:59.915928,1.08448,1.08469,1.08443,1.08454,693
2025-12-02 04:38:59.915928,1.08436,1.08445,1.08416,1.08433,714
2025-12-02 05:38:59.915928,1.08458,1.08474,1.08443,1.08457,2876
2025-12-02 06:38:59.915928,1.08445,1.08459,1.08444,1.08446,2487
2025-12-02 07:38:59.915928,1.08426,1.08432,1.08422,1.08427,1757
2025-12-02 08:38:59.915928,1.08414,1.08421,1.08413,1.08419,1458
2025-12-02 09:38:59.915928,1.08416,1.08431,1.08407,1.08425,5146
2025-12-02 10:38:59.915928,1.08415,1.08426,1.08404,1.08407,13013
2025-12-02 11:38:59.915928,1.08446,1.08452,1.08429,1.08445,2996
2025-12-02 12:38:59.915928,1.08458,1.08462,1.08446,1.08451,2756
2025-12-02 13:38:59.915928,1.08457,1.0847,1.08449,1.08463,12749
2025-12-02 14:38:59.915928,1.08464,1.08473,1.08445,1.0847,7123
2025-12-02 15:38:59.915928,1.08465,1.08473,1.08459,1.08464,14086
2025-12-02 16:38:59.915928,1.08477,1.08481,1.08468,1.0847,4031
2025-12-02 17:38:59.915928,1.08473,1.08491,1.0847,1.08477,4417
2025-12-02 18:38:59.915928,1.08501,1.08513,1.085,1.08505,4202
2025-12-02 19:38:59.915928,1.08509,1.08516,1.08485,1.08495,9278
2025-12-02 20:38:59.915928,1.08546,1.08548,1.08544,1.08544,2674
2025-12-02 21:38:59.915928,1.08534,1.08555,1.0852,1.08544,5149
2025-12-02 22:38:59.915928,1.08533,1.08547,1.08527,1.08533,1484
2025-12-02 23:38:59.915928,1.08529,1.08534,1.08518,1.08525,2632
2025-12-03 00:38:59.915928,1.08517,1.08522,1.08494,1.08508,989
2025-12-03 01:38:59.915928,1.08523,1.08541,1.0852,1.0853,2601
2025-12-03 02:38:59.915928,1.0854,1.08546,1.08533,1.08536,621
2025-12-03 03:38:59.915928,1.0852,1.08522,1.08511,1.08521,7319
2025-12-03 04:38:59.915928,1.08501,1.08511,1.08497,1.08505,2084
2025-12-03 05:38:59.915928,1.08488,1.08493,1.08474,1.08492,1772
2025-12-03 06:38:59.915928,1.08483,1.08489,1.08469,1.0848,4371
2025-12-03 07:38:59.915928,1.08483,1.08488,1.08469,1.08475,3055
2025-12-03 08:38:59.915928,1.08485,1.08492,1.08475,1.08491,2182
2025-12-03 09:38:59.915928,1.0851,1.08527,1.08496,1.08506,4883
2025-12-03 10:38:59.915928,1.08525,1.08537,1.08511,1.08518,5463
2025-12-03 11:38:59.915928,1.08531,1.08549,1.08514,1.08526,3123
2025-12-03 12:38:59.915928,1.08519,1.08527,1.08517,1.08524,895
2025-12-03 13:38:59.915928,1.08493,1.08503,1.08492,1.08501,11063
2025-12-03 14:38:59.915928,1.08501,1.08519,1.08499,1.08508,2003
2025-12-03 15:38:59.915928,1.08505,1.08523,1.08488,1.08511,4572
2025-12-03 16:38:59.915928,1.0849,1.08501,1.08473,1.08484,6003
2025-12-03 17:38:59.915928,1.08511,1.08522,1.08508,1.08511,1796
2025-12-03 18:38:59.915928,1.0853,1.08534,1.08526,1.08533,1914
2025-12-03 19:38:59.915928,1.08572,1.08575,1.08567,1.0857,6132
2025-12-03 20:38:59.915928,1.08576,1.08585,1.0856,1.08581,11856
2025-12-03 21:38:59.915928,1.08564,1.08574,1.08558,1.08558,3796
2025-12-03 22:38:59.915928,1.08563,1.08568,1.08556,1.0856,9257
2025-12-03 23:38:59.915928,1.08543,1.08552,1.08534,1.08543,2438
2025-12-04 00:38:59.915928,1.08548,1.08554,1.08547,1.0855,1064
2025-12-04 01:38:59.915928,1.08557,1.08563,1.08544,1.08554,1437
2025-12-04 02:38:59.915928,1.08549,1.0856,1.08547,1.08553,1501
2025-12-04 03:38:59.915928,1.08566,1.0857,1.08546,1.08558,16243
2025-12-04 04:38:59.915928,1.08534,1.08536,1.08525,1.08536,464
2025-12-04 05:38:59.915928,1.08548,1.0857,1.08537,1.0855,5097
2025-12-04 06:38:59.915928,1.08525,1.0853,1.08504,1.08527,3840
2025-12-04 07:38:59.915928,1.08512,1.08519,1.08506,1.08509,1568
2025-12-04 08:38:59.915928,1.08513,1.08513,1.08503,1.08508,4845
2025-12-04 09:38:59.915928,1.08517,1.08519,1.08498,1.08507,2676
2025-12-04 10:38:59.915928,1.08526,1.08541,1.08519,1.08527,7048
2025-12-04 11:38:59.915928,1.08536,1.08552,1.08516,1.08527,3010
2025-12-04 12:38:59.915928,1.08535,1.08537,1.08517,1.0853,901
2025-12-04 13:38:59.915928,1.08533,1.08534,1.08529,1.0853,2734
2025-12-04 14:38:59.915928,1.08559,1.0858,1.08548,1.08566,6599
2025-12-04 15:38:59.915928,1.08576,1.08587,1.08568,1.08569,1924
2025-12-04 16:38:59.915928,1.08551,1.08557,1.08542,1.0855,998
2025-12-04 17:38:59.915928,1.08538,1.0855,1.08537,1.08539,3562
2025-12-04 18:38:59.915928,1.08512,1.08513,1.08509,1.0851,2997
2025-12-04 19:38:59.915928,1.08511,1.08535,1.08509,1.08518,10475
2025-12-04 20:38:59.915928,1.08529,1.08541,1.08522,1.08532,2397
2025-12-04 21:38:59.915928,1.08523,1.08533,1.08521,1.08527,3682
2025-12-04 22:38:59.915928,1.08523,1.0854,1.08515,1.08537,926
2025-12-04 23:38:59.915928,1.08491,1.08492,1.0847,1.08489,1683
2025-12-05 00:38:59.915928,1.08503,1.0851,1.08495,1.08505,599
2025-12-05 01:38:59.915928,1.08528,1.08541,1.0852,1.08533,596
2025-12-05 02:38:59.915928,1.08535,1.08543,1.08522,1.08537,1498
2025-12-05 03:38:59.915928,1.08548,1.08556,1.08537,1.08542,829
2025-12-05 04:38:59.915928,1.08547,1.08551,1.08542,1.08543,4667
2025-12-05 05:38:59.915928,1.08549,1.08554,1.08547,1.08553,505
2025-12-05 06:38:59.915928,1.08538,1.0855,1.08524,1.08546,2441
2025-12-05 07:38:59.915928,1.08545,1.08563,1.08533,1.08558,1276
2025-12-05 08:38:59.915928,1.08526,1.08534,1.08522,1.08525,1498
2025-12-05 09:38:59.915928,1.08517,1.08519,1.08508,1.08517,21113
2025-12-05 10:38:59.915928,1.0854,1.08548,1.08526,1.0854,4691
2025-12-05 11:38:59.915928,1.08525,1.08532,1.08522,1.08523,1720
2025-12-05 12:38:59.915928,1.08537,1.08551,1.08535,1.08547,5100
2025-12-05 13:38:59.915928,1.08513,1.08528,1.08511,1.08516,3119
2025-12-05 14:38:59.915928,1.08513,1.08522,1.08507,1.08516,16911
2025-12-05 15:38:59.915928,1.08494,1.08531,1.08484,1.08502,4215
2025-12-05 16:38:59.915928,1.08511,1.08519,1.08498,1.08506,3114
2025-12-05 17:38:59.915928,1.08485,1.08497,1.08469,1.08478,6950
2025-12-05 18:38:59.915928,1.08513,1.08518,1.08512,1.08513,1886
2025-12-05 19:38:59.915928,1.08522,1.08534,1.08516,1.08525,2111
2025-12-05 20:38:59.915928,1.08525,1.08529,1.08515,1.08521,6176
2025-12-05 21:38:59.915928,1.08522,1.08539,1.08506,1.08522,1298
2025-12-05 22:38:59.915928,1.08539,1.08554,1.08526,1.08532,5167
2025-12-05 23:38:59.915928,1.08555,1.08558,1.08536,1.08552,1576
2025-12-06 00:38:59.915928,1.08568,1.08574,1.0855,1.08565,1449
2025-12-06 01:38:59.915928,1.08566,1.08576,1.08547,1.08572,5806
2025-12-06 02:38:59.915928,1.08554,1.08567,1.08539,1.08559,6997
2025-12-06 03:38:59.915928,1.08522,1.08526,1.08511,1.08517,4450
2025-12-06 04:38:59.915928,1.08521,1.08525,1.08519,1.0852,1933
2025-12-06 05:38:59.915928,1.08545,1.08561,1.08527,1.08539,2901
2025-12-06 06:38:59.915928,1.08556,1.08569,1.08544,1.08559,1869
2025-12-06 07:38:59.915928,1.08557,1.08576,1.08557,1.08561,889
2025-12-06 08:38:59.915928,1.08553,1.08564,1.08547,1.0855,10477
2025-12-06 09:38:59.915928,1.08548,1.08562,1.08538,1.08547,1079
2025-12-06 10:38:59.915928,1.08518,1.0852,1.08507,1.08509,6268
2025-12-06 11:38:59.915928,1.08522,1.08538,1.08521,1.08522,10231
2025-12-06 12:38:59.915928,1.08541,1.08557,1.0854,1.08546,24443
2025-12-06 13:38:59.915928,1.08535,1.08541,1.08531,1.08532,3073
2025-12-06 14:38:59.915928,1.08522,1.08526,1.08504,1.08517,4008
2025-12-06 15:38:59.915928,1.08509,1.08522,1.08481,1.085,3739
2025-12-06 16:38:59.915928,1.08529,1.08538,1.08526,1.08531,17244
2025-12-06 17:38:59.915928,1.08539,1.08543,1.08522,1.08535,27067
2025-12-06 18:38:59.915928,1.08538,1.08544,1.08536,1.0854,3567
2025-12-06 19:38:59.915928,1.0854,1.08562,1.08536,1.08537,4797
2025-12-06 20:38:59.915928,1.08531,1.08539,1.08524,1.08534,5332
2025-12-06 21:38:59.915928,1.0855,1.08551,1.08523,1.0854,7307
2025-12-06 22:38:59.915928,1.0855,1.08563,1.08545,1.08555,3259
2025-12-06 23:38:59.915928,1.08559,1.08577,1.0855,1.08553,1579
2025-12-07 00:38:59.915928,1.0858,1.08587,1.08574,1.08587,8791
2025-12-07 01:38:59.915928,1.08593,1.08629,1.08588,1.08596,689
2025-12-07 02:38:59.915928,1.08587,1.08588,1.08578,1.08582,2571
2025-12-07 03:38:59.915928,1.08573,1.08586,1.08568,1.0858,2451
2025-12-07 04:38:59.915928,1.08578,1.08589,1.08575,1.08586,454
2025-12-07 05:38:59.915928,1.08556,1.08563,1.0853,1.08562,1508
2025-12-07 06:38:59.915928,1.08587,1.08592,1.08577,1.08587,2779
2025-12-07 07:38:59.915928,1.08588,1.08591,1.08578,1.08588,1012
2025-12-07 08:38:59.915928,1.08585,1.086,1.08579,1.08587,3526
2025-12-07 09:38:59.915928,1.08591,1.0861,1.08587,1.08606,8497
2025-12-07 10:38:59.915928,1.08584,1.08598,1.08568,1.08581,1850
2025-12-07 11:38:59.915928,1.08579,1.08598,1.0856,1.08594,1495
2025-12-07 12:38:59.915928,1.08579,1.08589,1.08571,1.08585,9700
2025-12-07 13:38:59.915928,1.08608,1.0862,1.08605,1.08605,5344
2025-12-07 14:38:59.915928,1.08609,1.08612,1.08603,1.08606,2159
2025-12-07 15:38:59.915928,1.08622,1.08627,1.08616,1.08625,8394
2025-12-07 16:38:59.915928,1.08628,1.08632,1.08623,1.08623,16110
2025-12-07 17:38:59.915928,1.0861,1.08616,1.08607,1.08611,5039
2025-12-07 18:38:59.915928,1.0862,1.08622,1.08617,1.08619,15674
2025-12-07 19:38:59.915928,1.0862,1.08636,1.08594,1.08618,4129
2025-12-07 20:38:59.915928,1.08606,1.08627,1.08598,1.08614,4579
2025-12-07 21:38:59.915928,1.08602,1.08616,1.08585,1.08604,1508
2025-12-07 22:38:59.915928,1.08602,1.08603,1.086,1.08601,1762
2025-12-07 23:38:59.915928,1.08622,1.08639,1.08619,1.0863,2165
2025-12-08 00:38:59.915928,1.08635,1.08646,1.08621,1.08641,2280
2025-12-08 01:38:59.915928,1.08681,1.08689,1.0868,1.08688,5561
2025-12-08 02:38:59.915928,1.08679,1.08706,1.08671,1.08693,3343
2025-12-08 03:38:59.915928,1.08687,1.0869,1.08676,1.08684,2818
2025-12-08 04:38:59.915928,1.08691,1.08711,1.08691,1.08694,2908
2025-12-08 05:38:59.915928,1.08708,1.08711,1.08695,1.08707,1121
2025-12-08 06:38:59.915928,1.08696,1.08702,1.08693,1.08702,1347
2025-12-08 07:38:59.915928,1.0869,1.0871,1.08682,1.0869,8863
2025-12-08 08:38:59.915928,1.08698,1.08707,1.08688,1.08692,14538
2025-12-08 09:38:59.915928,1.08698,1.08709,1.08696,1.08698,1961
2025-12-08 10:38:59.915928,1.08702,1.08704,1.08689,1.08697,2399
2025-12-08 11:38:59.915928,1.08716,1.08718,1.08703,1.08716,6139
2025-12-08 12:38:59.915928,1.08715,1.08722,1.08706,1.08713,2892
2025-12-08 13:38:59.915928,1.08749,1.0876,1.08737,1.08753,2359
2025-12-08 14:38:59.915928,1.08754,1.08758,1.08745,1.08757,9193
2025-12-08 15:38:59.915928,1.08743,1.08758,1.08714,1.0874,2220
2025-12-08 16:38:59.915928,1.08746,1.08766,1.0874,1.08754,3976
2025-12-08 17:38:59.915928,1.08748,1.0876,1.08737,1.08745,11762
2025-12-08 18:38:59.915928,1.0877,1.08775,1.08758,1.08773,5815
2025-12-08 19:38:59.915928,1.08768,1.08775,1.08751,1.08753,1829
2025-12-08 20:38:59.915928,1.08756,1.08782,1.08751,1.08766,8365
2025-12-08 21:38:59.915928,1.08756,1.08757,1.08734,1.08749,305
2025-12-08 22:38:59.915928,1.08772,1.08778,1.0876,1.08765,3146
2025-12-08 23:38:59.915928,1.08772,1.08781,1.08767,1.08772,1416
2025-12-09 00:38:59.915928,1.0876,1.08765,1.08751,1.08752,1319
2025-12-09 01:38:59.915928,1.08752,1.08758,1.08745,1.0875,717
2025-12-09 02:38:59.915928,1.08737,1.08743,1.08734,1.08741,3442
2025-12-09 03:38:59.915928,1.08727,1.0873,1.08706,1.0873,746
2025-12-09 04:38:59.915928,1.08735,1.08743,1.0873,1.08731,3826
2025-12-09 05:38:59.915928,1.08763,1.08777,1.08754,1.08764,6107
2025-12-09 06:38:59.915928,1.08753,1.08771,1.08748,1.0876,2016
2025-12-09 07:38:59.915928,1.08716,1.08732,1.08703,1.08712,3676
2025-12-09 08:38:59.915928,1.08699,1.08706,1.08692,1.08704,9524
2025-12-09 09:38:59.915928,1.08664,1.08671,1.0866,1.08665,6601
2025-12-09 10:38:59.915928,1.08655,1.08667,1.08643,1.08659,2973
2025-12-09 11:38:59.915928,1.08667,1.08674,1.08654,1.08656,6311
2025-12-09 12:38:59.915928,1.08642,1.08655,1.08623,1.08633,8309
2025-12-09 13:38:59.915928,1.08657,1.0866,1.08655,1.08658,2683
2025-12-09 14:38:59.915928,1.08663,1.08671,1.08652,1.08671,3288
2025-12-09 15:38:59.915928,1.08631,1.0864,1.08625,1.08632,2908
2025-12-09 16:38:59.915928,1.08621,1.08629,1.08609,1.08621,8039
2025-12-09 17:38:59.915928,1.08607,1.08609,1.08586,1.08604,4585
2025-12-09 18:38:59.915928,1.08592,1.08603,1.08582,1.08597,1225
2025-12-09 19:38:59.915928,1.08615,1.0863,1.086,1.0862,12194
2025-12-09 20:38:59.915928,1.08607,1.08613,1.08583,1.086,1422
2025-12-09 21:38:59.915928,1.08622,1.08626,1.08612,1.08614,1458
2025-12-09 22:38:59.915928,1.08602,1.08616,1.08593,1.08595,4760
2025-12-09 23:38:59.915928,1.08613,1.08615,1.08604,1.08612,1343
2025-12-10 00:38:59.915928,1.0863,1.08638,1.08616,1.08632,9913
2025-12-10 01:38:59.915928,1.08623,1.08634,1.08599,1.08624,7223
2025-12-10 02:38:59.915928,1.08626,1.08628,1.08618,1.08622,1845
2025-12-10 03:38:59.915928,1.08594,1.0861,1.08591,1.08595,874
2025-12-10 04:38:59.915928,1.08603,1.08619,1.08586,1.08614,4163
2025-12-10 05:38:59.915928,1.08609,1.08615,1.08592,1.08601,2099
2025-12-10 06:38:59.915928,1.08604,1.08619,1.08597,1.08604,12179
2025-12-10 07:38:59.915928,1.08609,1.08612,1.08593,1.0861,1519
2025-12-10 08:38:59.915928,1.08616,1.08624,1.08611,1.08615,2460
2025-12-10 09:38:59.915928,1.08617,1.08626,1.08595,1.08603,5076
2025-12-10 10:38:59.915928,1.08618,1.08637,1.08604,1.08614,13711
2025-12-10 11:38:59.915928,1.08621,1.08629,1.08614,1.08622,758
2025-12-10 12:38:59.915928,1.08611,1.08614,1.08601,1.08611,6458
2025-12-10 13:38:59.915928,1.08608,1.08643,1.08604,1.08619,1650
2025-12-10 14:38:59.915928,1.08603,1.08607,1.08598,1.08604,7762
2025-12-10 15:38:59.915928,1.0862,1.08654,1.08613,1.0863,1041
2025-12-10 16:38:59.915928,1.08616,1.08634,1.08609,1.0862,19396
2025-12-10 17:38:59.915928,1.08591,1.08597,1.08589,1.0859,4118
2025-12-10 18:38:59.915928,1.0859,1.08603,1.08581,1.08594,8072
2025-12-10 19:38:59.915928,1.0859,1.08598,1.08572,1.08591,6350
2025-12-10 20:38:59.915928,1.08564,1.08566,1.08563,1.08564,7580
2025-12-10 21:38:59.915928,1.08547,1.08557,1.08539,1.08543,3362
2025-12-10 22:38:59.915928,1.08546,1.08553,1.0854,1.08542,1628
2025-12-10 23:38:59.915928,1.08533,1.08539,1.08528,1.08533,4401
2025-12-11 00:38:59.915928,1.08523,1.08532,1.08512,1.08523,3763
2025-12-11 01:38:59.915928,1.0853,1.08539,1.08521,1.08526,9959
2025-12-11 02:38:59.915928,1.08533,1.08554,1.08532,1.08535,1696
2025-12-11 03:38:59.915928,1.08553,1.08554,1.08546,1.08553,832
2025-12-11 04:38:59.915928,1.0857,1.08583,1.08549,1.08573,1474
2025-12-11 05:38:59.915928,1.08576,1.08583,1.08564,1.08574,4005
2025-12-11 06:38:59.915928,1.08562,1.0857,1.08548,1.08557,2835
2025-12-11 07:38:59.915928,1.08572,1.08585,1.08556,1.08577,1036
2025-12-11 08:38:59.915928,1.08563,1.08586,1.08559,1.08567,27615
2025-12-11 09:38:59.915928,1.08547,1.08564,1.08545,1.08552,8925
2025-12-11 10:38:59.915928,1.08541,1.08547,1.08516,1.08526,6152
2025-12-11 11:38:59.915928,1.0855,1.08551,1.08547,1.08549,1745
2025-12-11 12:38:59.915928,1.08532,1.08535,1.08526,1.08527,2864
2025-12-11 13:38:59.915928,1.08557,1.08564,1.08549,1.08552,2904
2025-12-11 14:38:59.915928,1.08589,1.08596,1.08588,1.08592,9754
2025-12-11 15:38:59.915928,1.08593,1.08603,1.08588,1.08589,1502
2025-12-11 16:38:59.915928,1.08587,1.0859,1.08564,1.08586,8203
2025-12-11 17:38:59.915928,1.08595,1.08605,1.08592,1.08594,9665
2025-12-11 18:38:59.915928,1.08591,1.086,1.08591,1.08599,1523
2025-12-11 19:38:59.915928,1.08591,1.086,1.08582,1.08599,9696
2025-12-11 20:38:59.915928,1.08583,1.08587,1.08561,1.08569,3780
2025-12-11 21:38:59.915928,1.08578,1.08581,1.08555,1.08573,5283
2025-12-11 22:38:59.915928,1.0859,1.08593,1.08587,1.0859,3014
2025-12-11 23:38:59.915928,1.08554,1.08558,1.08542,1.08558,4724
2025-12-12 00:38:59.915928,1.08541,1.08546,1.08531,1.08544,2138
2025-12-12 01:38:59.915928,1.08578,1.08597,1.08573,1.08585,1147
2025-12-12 02:38:59.915928,1.08561,1.08572,1.08547,1.0856,1525
2025-12-12 03:38:59.915928,1.08558,1.08566,1.08548,1.08556,2820
2025-12-12 04:38:59.915928,1.08574,1.08579,1.08568,1.0857,1023
2025-12-12 05:38:59.915928,1.08581,1.08585,1.08569,1.08577,1413
2025-12-12 06:38:59.915928,1.08596,1.08614,1.08585,1.086,2773
2025-12-12 07:38:59.915928,1.08564,1.0857,1.08553,1.0857,12117
2025-12-12 08:38:59.915928,1.08566,1.0857,1.08557,1.08568,8770
2025-12-12 09:38:59.915928,1.0855,1.0855,1.0853,1.08534,6141
2025-12-12 10:38:59.915928,1.08537,1.08538,1.08528,1.08536,8047
2025-12-12 11:38:59.915928,1.08537,1.08555,1.08525,1.08547,4543
2025-12-12 12:38:59.915928,1.08553,1.08563,1.08542,1.08552,2907
2025-12-12 13:38:59.915928,1.08539,1.08551,1.08524,1.08526,3086
2025-12-12 14:38:59.915928,1.08545,1.08556,1.08533,1.08537,1843
2025-12-12 15:38:59.915928,1.08527,1.08545,1.08524,1.08527,2072
2025-12-12 16:38:59.915928,1.08546,1.08559,1.08531,1.08549,16492
2025-12-12 17:38:59.915928,1.08543,1.08551,1.08538,1.08542,4235
2025-12-12 18:38:59.915928,1.08556,1.08568,1.08547,1.08558,12046
2025-12-12 19:38:59.915928,1.08531,1.08539,1.08521,1.08535,5888
2025-12-12 20:38:59.915928,1.08547,1.08556,1.0853,1.0854,8316
2025-12-12 21:38:59.915928,1.08546,1.08551,1.08545,1.08546,7072
2025-12-12 22:38:59.915928,1.08537,1.08541,1.08523,1.0853,2890
2025-12-12 23:38:59.915928,1.08535,1.08551,1.08521,1.08531,11050
2025-12-13 00:38:59.915928,1.08551,1.08554,1.08548,1.08552,2002
2025-12-13 01:38:59.915928,1.0857,1.08575,1.08567,1.08567,817
2025-12-13 02:38:59.915928,1.08555,1.08578,1.08551,1.08556,675
2025-12-13 03:38:59.915928,1.08557,1.08568,1.08557,1.08557,3314
2025-12-13 04:38:59.915928,1.08547,1.0857,1.08538,1.08556,2317
2025-12-13 05:38:59.915928,1.08539,1.08546,1.08534,1.08536,3704
2025-12-13 06:38:59.915928,1.08552,1.08558,1.08538,1.08546,6847
2025-12-13 07:38:59.915928,1.08545,1.0857,1.08543,1.08545,2141
2025-12-13 08:38:59.915928,1.08549,1.08552,1.08543,1.08547,8747
2025-12-13 09:38:59.915928,1.0854,1.08551,1.08519,1.08532,2153
2025-12-13 10:38:59.915928,1.08543,1.08546,1.08526,1.08537,3015
2025-12-13 11:38:59.915928,1.08536,1.08549,1.08518,1.08542,5126
2025-12-13 12:38:59.915928,1.08537,1.08538,1.08532,1.08534,4008
2025-12-13 13:38:59.915928,1.08543,1.08551,1.0854,1.08543,1448
2025-12-13 14:38:59.915928,1.08529,1.0853,1.08504,1.08524,8272
2025-12-13 15:38:59.915928,1.08545,1.08551,1.08521,1.08532,3234
2025-12-13 16:38:59.915928,1.08518,1.08541,1.08517,1.08521,1098
2025-12-13 17:38:59.915928,1.08505,1.08513,1.08504,1.08511,8383
2025-12-13 18:38:59.915928,1.08536,1.08536,1.08518,1.08522,14260
2025-12-13 19:38:59.915928,1.08529,1.08548,1.08518,1.08534,7687
2025-12-13 20:38:59.915928,1.08494,1.08494,1.08475,1.08484,2031
2025-12-13 21:38:59.915928,1.08494,1.08516,1.08487,1.08502,1402
2025-12-13 22:38:59.915928,1.08464,1.08477,1.08454,1.08472,4256
2025-12-13 23:38:59.915928,1.08445,1.08455,1.08443,1.08449,3654
2025-12-14 00:38:59.915928,1.08444,1.08459,1.0843,1.0844,4962
2025-12-14 01:38:59.915928,1.08439,1.08449,1.08428,1.08444,3463
2025-12-14 02:38:59.915928,1.08451,1.08463,1.08444,1.08452,3240
2025-12-14 03:38:59.915928,1.08455,1.08455,1.08439,1.08444,2553
2025-12-14 04:38:59.915928,1.0847,1.08472,1.08463,1.08467,1476
2025-12-14 05:38:59.915928,1.08461,1.08476,1.08454,1.08462,3526
2025-12-14 06:38:59.915928,1.08473,1.08484,1.08457,1.08465,1683
2025-12-14 07:38:59.915928,1.08468,1.08498,1.0846,1.08487,3790
2025-12-14 08:38:59.915928,1.08464,1.08472,1.08455,1.08465,9910
2025-12-14 09:38:59.915928,1.08447,1.08448,1.08435,1.08443,2457
2025-12-14 10:38:59.915928,1.08442,1.08446,1.08419,1.08441,4532
2025-12-14 11:38:59.915928,1.08461,1.08473,1.0843,1.08456,3354
2025-12-14 12:38:59.915928,1.08457,1.08458,1.08444,1.08446,21645
2025-12-14 13:38:59.915928,1.08447,1.08465,1.08441,1.08457,7690
2025-12-14 14:38:59.915928,1.08458,1.08462,1.08444,1.0846,10455
2025-12-14 15:38:59.915928,1.08433,1.08434,1.08427,1.08433,2369
2025-12-14 16:38:59.915928,1.0845,1.08467,1.08443,1.08451,2308
2025-12-14 17:38:59.915928,1.08467,1.08483,1.08447,1.08454,3011
2025-12-14 18:38:59.915928,1.08495,1.08519,1.08482,1.08502,2497
2025-12-14 19:38:59.915928,1.0848,1.08488,1.0846,1.08474,2261
2025-12-14 20:38:59.915928,1.08475,1.0849,1.08472,1.08484,1940
2025-12-14 21:38:59.915928,1.08486,1.08487,1.08483,1.08485,4056
2025-12-14 22:38:59.915928,1.08482,1.0849,1.08472,1.08476,8722
2025-12-14 23:38:59.915928,1.08505,1.0851,1.08498,1.08505,5792
2025-12-15 00:38:59.915928,1.0853,1.08537,1.08518,1.08524,9761
2025-12-15 01:38:59.915928,1.08503,1.08511,1.085,1.08507,725
2025-12-15 02:38:59.915928,1.08527,1.08543,1.0852,1.08539,508
2025-12-15 03:38:59.915928,1.08527,1.08535,1.08515,1.08531,972
2025-12-15 04:38:59.915928,1.08563,1.08574,1.08554,1.08555,1531
2025-12-15 05:38:59.915928,1.08571,1.08588,1.0857,1.08573,346
2025-12-15 06:38:59.915928,1.08562,1.08573,1.0856,1.08561,7092
2025-12-15 07:38:59.915928,1.08552,1.08571,1.08551,1.08554,2646
2025-12-15 08:38:59.915928,1.08562,1.08585,1.08554,1.08569,6360
2025-12-15 09:38:59.915928,1.08566,1.08572,1.08553,1.08571,4622
2025-12-15 10:38:59.915928,1.08567,1.08579,1.08555,1.08569,9994
2025-12-15 11:38:59.915928,1.08598,1.0861,1.08587,1.08589,2398
2025-12-15 12:38:59.915928,1.08616,1.08623,1.08599,1.08623,2260
2025-12-15 13:38:59.915928,1.08624,1.08626,1.08606,1.08613,2129
2025-12-15 14:38:59.915928,1.08663,1.08665,1.08641,1.08654,5714
2025-12-15 15:38:59.915928,1.08681,1.08686,1.08667,1.08679,12632
2025-12-15 16:38:59.915928,1.08676,1.08683,1.08667,1.08675,2125
2025-12-15 17:38:59.915928,1.08686,1.08704,1.08674,1.08691,25822
2025-12-15 18:38:59.915928,1.08681,1.08706,1.08678,1.08688,5823
2025-12-15 19:38:59.915928,1.08697,1.087,1.0869,1.087,2619
2025-12-15 20:38:59.915928,1.08701,1.08712,1.08691,1.08702,7351
2025-12-15 21:38:59.915928,1.08692,1.087,1.08687,1.08691,1872
2025-12-15 22:38:59.915928,1.08693,1.08703,1.08687,1.08696,1817
2025-12-15 23:38:59.915928,1.08686,1.08702,1.08673,1.08685,8403
2025-12-16 00:38:59.915928,1.0867,1.08688,1.08642,1.08674,6558
2025-12-16 01:38:59.915928,1.08647,1.08664,1.08637,1.08653,2783
2025-12-16 02:38:59.915928,1.08637,1.08642,1.08607,1.08626,5245
2025-12-16 03:38:59.915928,1.0863,1.08631,1.08621,1.08628,456
2025-12-16 04:38:59.915928,1.08649,1.08669,1.08646,1.08657,3543
2025-12-16 05:38:59.915928,1.08647,1.0865,1.08638,1.08645,3253
2025-12-16 06:38:59.915928,1.08648,1.08661,1.08648,1.08656,1134
2025-12-16 07:38:59.915928,1.08637,1.08644,1.08621,1.08634,5054
2025-12-16 08:38:59.915928,1.08644,1.08651,1.08632,1.08642,7669
2025-12-16 09:38:59.915928,1.08646,1.0866,1.08635,1.08646,2815
2025-12-16 10:38:59.915928,1.08646,1.08653,1.08645,1.08645,5773
2025-12-16 11:38:59.915928,1.08633,1.08649,1.08621,1.08636,5858
2025-12-16 12:38:59.915928,1.0864,1.08644,1.08632,1.08636,2030
2025-12-16 13:38:59.915928,1.08631,1.08635,1.08625,1.08625,3750
2025-12-16 14:38:59.915928,1.08627,1.08638,1.08623,1.08632,2261
2025-12-16 15:38:59.915928,1.08622,1.08623,1.08602,1.08615,4841
2025-12-16 16:38:59.915928,1.08639,1.0865,1.08634,1.08646,26530
2025-12-16 17:38:59.915928,1.08639,1.08655,1.08638,1.08648,6979
2025-12-16 18:38:59.915928,1.08662,1.08679,1.08661,1.08663,6487
2025-12-16 19:38:59.915928,1.08668,1.08682,1.08659,1.08672,8252
2025-12-16 20:38:59.915928,1.08653,1.08657,1.08636,1.08643,6555
2025-12-16 21:38:59.915928,1.08657,1.08679,1.08647,1.08662,7408
2025-12-16 22:38:59.915928,1.08638,1.08647,1.08636,1.08636,16343
2025-12-16 23:38:59.915928,1.08624,1.08631,1.08621,1.08625,3862
2025-12-17 00:38:59.915928,1.08609,1.0862,1.08587,1.08616,1908
2025-12-17 01:38:59.915928,1.08635,1.08641,1.08634,1.08635,2510
2025-12-17 02:38:59.915928,1.08678,1.0868,1.08673,1.0868,1030
2025-12-17 03:38:59.915928,1.08682,1.08692,1.08668,1.0868,1962
2025-12-17 04:38:59.915928,1.08663,1.08663,1.08638,1.08657,4640
2025-12-17 05:38:59.915928,1.08662,1.08674,1.08649,1.08666,829
2025-12-17 06:38:59.915928,1.08678,1.08683,1.0867,1.08676,2371
2025-12-17 07:38:59.915928,1.08674,1.08683,1.08662,1.08679,1974
2025-12-17 08:38:59.915928,1.08658,1.08673,1.08648,1.08663,5967
2025-12-17 09:38:59.915928,1.08649,1.0867,1.08645,1.08654,2494
2025-12-17 10:38:59.915928,1.08629,1.08633,1.08609,1.08633,6470
2025-12-17 11:38:59.915928,1.08612,1.08623,1.08606,1.08613,1340
2025-12-17 12:38:59.915928,1.08626,1.08631,1.08626,1.08628,4546
2025-12-17 13:38:59.915928,1.08623,1.08624,1.08613,1.08616,10547
2025-12-17 14:38:59.915928,1.08627,1.08632,1.08612,1.0863,3605
2025-12-17 15:38:59.915928,1.08634,1.08639,1.08619,1.08637,4793
2025-12-17 16:38:59.915928,1.0863,1.08632,1.08628,1.08631,14008
2025-12-17 17:38:59.915928,1.08635,1.08641,1.0862,1.0864,10787
2025-12-17 18:38:59.915928,1.0862,1.08632,1.08613,1.08617,7468
2025-12-17 19:38:59.915928,1.08627,1.08643,1.08617,1.08631,3776
2025-12-17 20:38:59.915928,1.08631,1.08643,1.08618,1.08624,7194
2025-12-17 21:38:59.915928,1.08651,1.08664,1.08643,1.08655,717
2025-12-17 22:38:59.915928,1.08649,1.08656,1.08634,1.0865,4137
2025-12-17 23:38:59.915928,1.0868,1.08686,1.08666,1.08679,997
2025-12-18 00:38:59.915928,1.08651,1.08657,1.08638,1.08647,2821
2025-12-18 01:38:59.915928,1.08656,1.08663,1.08639,1.08659,515
2025-12-18 02:38:59.915928,1.0867,1.08673,1.08665,1.08671,1194
2025-12-18 03:38:59.915928,1.08671,1.08673,1.08667,1.08671,738
2025-12-18 04:38:59.915928,1.08667,1.0867,1.08653,1.08657,1782
2025-12-18 05:38:59.915928,1.08699,1.08704,1.08696,1.08698,1054
2025-12-18 06:38:59.915928,1.08701,1.08718,1.08698,1.08711,1169
2025-12-18 07:38:59.915928,1.08723,1.08723,1.08717,1.08718,1444
2025-12-18 08:38:59.915928,1.08715,1.08721,1.0871,1.08713,23146
2025-12-18 09:38:59.915928,1.0871,1.08714,1.08704,1.08705,7634
2025-12-18 10:38:59.915928,1.08731,1.08737,1.08731,1.08735,3158
2025-12-18 11:38:59.915928,1.08724,1.08725,1.08708,1.08719,2780
2025-12-18 12:38:59.915928,1.08711,1.08719,1.08704,1.08718,14489
2025-12-18 13:38:59.915928,1.0869,1.08692,1.08686,1.08689,2334
2025-12-18 14:38:59.915928,1.08689,1.08696,1.08681,1.08683,19589
2025-12-18 15:38:59.915928,1.08677,1.08689,1.08669,1.08683,3503
2025-12-18 16:38:59.915928,1.08681,1.08692,1.08671,1.08688,2838
2025-12-18 17:38:59.915928,1.08681,1.08688,1.08671,1.08676,10648
2025-12-18 18:38:59.915928,1.08671,1.08694,1.0866,1.08682,3661
2025-12-18 19:38:59.915928,1.08658,1.08675,1.08653,1.0866,1078
2025-12-18 20:38:59.915928,1.08659,1.08663,1.08657,1.08661,2980
2025-12-18 21:38:59.915928,1.0867,1.08676,1.08668,1.08673,5102
2025-12-18 22:38:59.915928,1.08671,1.08676,1.0867,1.08671,3545
2025-12-18 23:38:59.915928,1.08688,1.08695,1.08677,1.08692,3717
2025-12-19 00:38:59.915928,1.08686,1.08696,1.08683,1.08694,2017
2025-12-19 01:38:59.915928,1.08706,1.08712,1.08702,1.08711,5052
2025-12-19 02:38:59.915928,1.08737,1.08745,1.08724,1.08734,3283
2025-12-19 03:38:59.915928,1.08726,1.08727,1.08717,1.08719,1403
2025-12-19 04:38:59.915928,1.08674,1.08682,1.0867,1.08675,1819
2025-12-19 05:38:59.915928,1.08674,1.08684,1.0867,1.08673,777
2025-12-19 06:38:59.915928,1.08667,1.0867,1.0865,1.08657,3562
2025-12-19 07:38:59.915928,1.08681,1.08686,1.08661,1.08673,2954
2025-12-19 08:38:59.915928,1.08657,1.08664,1.08647,1.08661,2462
2025-12-19 09:38:59.915928,1.08694,1.08711,1.08692,1.08696,15047
2025-12-19 10:38:59.915928,1.08671,1.08684,1.08664,1.0867,2699
2025-12-19 11:38:59.915928,1.08684,1.08712,1.08677,1.08697,3398
2025-12-19 12:38:59.915928,1.08663,1.0868,1.08653,1.0867,9394
2025-12-19 13:38:59.915928,1.08644,1.08654,1.08639,1.08643,1625
2025-12-19 14:38:59.915928,1.08636,1.08643,1.0863,1.08642,19190
2025-12-19 15:38:59.915928,1.08631,1.08633,1.08613,1.08627,7634
2025-12-19 16:38:59.915928,1.08632,1.0864,1.08623,1.08628,2972
2025-12-19 17:38:59.915928,1.08644,1.08646,1.08641,1.08645,2738
2025-12-19 18:38:59.915928,1.08658,1.08677,1.08657,1.08658,13740
2025-12-19 19:38:59.915928,1.08653,1.08658,1.08639,1.08644,10196
2025-12-19 20:38:59.915928,1.08645,1.0865,1.08645,1.08646,15528
2025-12-19 21:38:59.915928,1.08646,1.08654,1.08645,1.08648,2219
2025-12-19 22:38:59.915928,1.08651,1.08655,1.08645,1.08652,3496
2025-12-19 23:38:59.915928,1.08665,1.08675,1.08661,1.08665,611
2025-12-20 00:38:59.915928,1.08646,1.0866,1.0864,1.08644,546
2025-12-20 01:38:59.915928,1.08641,1.08644,1.08621,1.08635,884
2025-12-20 02:38:59.915928,1.08628,1.08633,1.08615,1.08628,3887
2025-12-20 03:38:59.915928,1.08621,1.08636,1.08611,1.08628,2782
2025-12-20 04:38:59.915928,1.08636,1.0865,1.08631,1.08641,1097
2025-12-20 05:38:59.915928,1.08638,1.08643,1.08635,1.08643,748
2025-12-20 06:38:59.915928,1.08631,1.08636,1.08628,1.0863,836
2025-12-20 07:38:59.915928,1.08599,1.08604,1.08588,1.086,721
2025-12-20 08:38:59.915928,1.08616,1.08617,1.08607,1.08608,5548
2025-12-20 09:38:59.915928,1.08588,1.08596,1.08578,1.0859,3139
2025-12-20 10:38:59.915928,1.08573,1.08578,1.0857,1.08576,3766
2025-12-20 11:38:59.915928,1.08578,1.0858,1.0857,1.0858,2322
2025-12-20 12:38:59.915928,1.08593,1.08602,1.08572,1.08582,3951
2025-12-20 13:38:59.915928,1.08593,1.08603,1.08592,1.08593,1972
2025-12-20 14:38:59.915928,1.08605,1.08609,1.08596,1.086,6953
2025-12-20 15:38:59.915928,1.08609,1.08626,1.08609,1.08612,3820
2025-12-20 16:38:59.915928,1.08612,1.08613,1.08601,1.08603,8078
2025-12-20 17:38:59.915928,1.08609,1.08615,1.08601,1.0861,907
2025-12-20 18:38:59.915928,1.08586,1.08602,1.08578,1.08586,8165
2025-12-20 19:38:59.915928,1.08575,1.08588,1.08546,1.08567,1808
2025-12-20 20:38:59.915928,1.08591,1.08603,1.08586,1.08601,8444
2025-12-20 21:38:59.915928,1.08614,1.08633,1.0861,1.08622,5869
2025-12-20 22:38:59.915928,1.0862,1.08631,1.08615,1.08622,12664
2025-12-20 23:38:59.915928,1.08599,1.08602,1.08596,1.086,2659
2025-12-21 00:38:59.915928,1.08601,1.08609,1.08594,1.08607,4442
2025-12-21 01:38:59.915928,1.08591,1.08598,1.08582,1.08594,1343
2025-12-21 02:38:59.915928,1.08602,1.08619,1.08584,1.08607,1324
2025-12-21 03:38:59.915928,1.08637,1.08645,1.08629,1.08637,3051
2025-12-21 04:38:59.915928,1.08627,1.08655,1.08625,1.08637,3022
2025-12-21 05:38:59.915928,1.08642,1.0865,1.08627,1.08647,2135
2025-12-21 06:38:59.915928,1.08636,1.0865,1.08635,1.08644,790
2025-12-21 07:38:59.915928,1.08656,1.08662,1.08653,1.08661,1623
2025-12-21 08:38:59.915928,1.08614,1.08621,1.08606,1.08618,2113
2025-12-21 09:38:59.915928,1.08616,1.08622,1.08599,1.08616,5697
2025-12-21 10:38:59.915928,1.08621,1.08642,1.08603,1.08628,7259
2025-12-21 11:38:59.915928,1.08632,1.08634,1.08622,1.08632,2317
2025-12-21 12:38:59.915928,1.08631,1.08652,1.08622,1.08643,2549
2025-12-21 13:38:59.915928,1.08642,1.08642,1.08625,1.08634,2743
2025-12-21 14:38:59.915928,1.08666,1.08669,1.08657,1.08658,9973
2025-12-21 15:38:59.915928,1.08677,1.08679,1.08673,1.08674,4801
2025-12-21 16:38:59.915928,1.08672,1.08677,1.08653,1.0867,3413
2025-12-21 17:38:59.915928,1.08656,1.08668,1.08652,1.08661,15174
2025-12-21 18:38:59.915928,1.08663,1.08675,1.08648,1.08663,14219
2025-12-21 19:38:59.915928,1.08652,1.08662,1.08629,1.08649,3909
2025-12-21 20:38:59.915928,1.08667,1.08676,1.08658,1.0867,3457
2025-12-21 21:38:59.915928,1.08651,1.08671,1.08645,1.08658,7852
2025-12-21 22:38:59.915928,1.08658,1.08663,1.08652,1.08661,3054
2025-12-21 23:38:59.915928,1.08652,1.0866,1.08639,1.08649,5581
2025-12-22 00:38:59.915928,1.0865,1.08653,1.08648,1.0865,2969
2025-12-22 01:38:59.915928,1.08626,1.08631,1.08618,1.08625,673
2025-12-22 02:38:59.915928,1.08641,1.08644,1.08619,1.08634,690
2025-12-22 03:38:59.915928,1.08627,1.08636,1.08623,1.08634,12843
2025-12-22 04:38:59.915928,1.08629,1.08638,1.08618,1.08619,3910
2025-12-22 05:38:59.915928,1.08648,1.08665,1.08647,1.08648,2729
2025-12-22 06:38:59.915928,1.08647,1.08664,1.0863,1.08633,3572
2025-12-22 07:38:59.915928,1.08658,1.08664,1.08641,1.08651,2555
2025-12-22 08:38:59.915928,1.08632,1.0864,1.0863,1.08632,2968
2025-12-22 09:38:59.915928,1.08651,1.08662,1.08646,1.08655,2285
2025-12-22 10:38:59.915928,1.08646,1.08652,1.08639,1.08645,7524
2025-12-22 11:38:59.915928,1.08669,1.08675,1.08658,1.08672,4758
2025-12-22 12:38:59.915928,1.0864,1.08663,1.08638,1.08647,7490
2025-12-22 13:38:59.915928,1.08627,1.08637,1.08622,1.08623,1503
2025-12-22 14:38:59.915928,1.0861,1.08615,1.08599,1.08604,7894
2025-12-22 15:38:59.915928,1.08604,1.08622,1.086,1.08606,10903
2025-12-22 16:38:59.915928,1.08636,1.08642,1.08626,1.08639,9162
2025-12-22 17:38:59.915928,1.0865,1.08653,1.08646,1.08652,3135
2025-12-22 18:38:59.915928,1.08661,1.08674,1.0864,1.08657,2552
2025-12-22 19:38:59.915928,1.08674,1.08684,1.08665,1.0867,9218
2025-12-22 20:38:59.915928,1.08664,1.08672,1.08661,1.0867,6565
2025-12-22 21:38:59.915928,1.08698,1.08701,1.08682,1.08693,2281
2025-12-22 22:38:59.915928,1.08713,1.08715,1.0871,1.08713,5123
2025-12-22 23:38:59.915928,1.08719,1.08731,1.0871,1.08715,1408
2025-12-23 00:38:59.915928,1.08741,1.08753,1.08735,1.08752,5049
2025-12-23 01:38:59.915928,1.08742,1.08761,1.08738,1.08745,2608
2025-12-23 02:38:59.915928,1.08722,1.08722,1.08707,1.08708,809
2025-12-23 03:38:59.915928,1.08717,1.08718,1.08706,1.08718,4354
2025-12-23 04:38:59.915928,1.08722,1.0873,1.0872,1.08727,3730
2025-12-23 05:38:59.915928,1.08734,1.08751,1.08729,1.08733,1088
2025-12-23 06:38:59.915928,1.08722,1.08735,1.08718,1.0872,2089
2025-12-23 07:38:59.915928,1.08701,1.08709,1.08693,1.08704,1988
2025-12-23 08:38:59.915928,1.08703,1.08705,1.087,1.08703,35433
2025-12-23 09:38:59.915928,1.08698,1.08707,1.0868,1.08691,6632
2025-12-23 10:38:59.915928,1.08694,1.08709,1.08671,1.0869,2588
2025-12-23 11:38:59.915928,1.08705,1.08716,1.08691,1.08713,1334
2025-12-23 12:38:59.915928,1.0869,1.08695,1.08679,1.08683,3743
2025-12-23 13:38:59.915928,1.08687,1.08699,1.0867,1.08684,3209
2025-12-23 14:38:59.915928,1.08726,1.08746,1.08714,1.08716,7557
2025-12-23 15:38:59.915928,1.0873,1.08731,1.08723,1.0873,7551
2025-12-23 16:38:59.915928,1.08739,1.08769,1.08738,1.08749,2468
2025-12-23 17:38:59.915928,1.08728,1.08738,1.08716,1.08719,7418
2025-12-23 18:38:59.915928,1.08762,1.08771,1.08746,1.08771,4434
2025-12-23 19:38:59.915928,1.08748,1.08758,1.08734,1.08739,6267
2025-12-23 20:38:59.915928,1.08757,1.08763,1.0875,1.0876,3854
2025-12-23 21:38:59.915928,1.08749,1.08759,1.08747,1.08756,3532
2025-12-23 22:38:59.915928,1.08757,1.08771,1.08755,1.08757,2977
2025-12-23 23:38:59.915928,1.08761,1.08768,1.08753,1.08759,2394
2025-12-24 00:38:59.915928,1.08763,1.08771,1.08754,1.08756,6139
2025-12-24 01:38:59.915928,1.08759,1.08765,1.08742,1.08758,7003
2025-12-24 02:38:59.915928,1.08771,1.08782,1.08762,1.08775,1829
2025-12-24 03:38:59.915928,1.08775,1.08789,1.08774,1.08776,3338
2025-12-24 04:38:59.915928,1.08777,1.08788,1.08776,1.08783,2030
2025-12-24 05:38:59.915928,1.08783,1.08795,1.08773,1.08788,3242
2025-12-24 06:38:59.915928,1.08788,1.08796,1.08783,1.08792,3896
2025-12-24 07:38:59.915928,1.08783,1.08784,1.08768,1.0878,5540
2025-12-24 08:38:59.915928,1.08797,1.08801,1.08795,1.08798,8951
2025-12-24 09:38:59.915928,1.08796,1.08801,1.08785,1.08796,5170
2025-12-24 10:38:59.915928,1.08804,1.08808,1.08792,1.088,1996
2025-12-24 11:38:59.915928,1.08775,1.08777,1.0877,1.08774,7413
2025-12-24 12:38:59.915928,1.08765,1.08778,1.08752,1.08761,1825
2025-12-24 13:38:59.915928,1.08777,1.0878,1.08776,1.08779,16755
2025-12-24 14:38:59.915928,1.08769,1.08802,1.0876,1.08788,3946
2025-12-24 15:38:59.915928,1.0877,1.08785,1.08757,1.08776,5616
2025-12-24 16:38:59.915928,1.08773,1.08781,1.08766,1.08767,4450
2025-12-24 17:38:59.915928,1.0876,1.08769,1.08743,1.08758,2062
2025-12-24 18:38:59.915928,1.08771,1.08778,1.08758,1.08774,6038
2025-12-24 19:38:59.915928,1.08762,1.08776,1.0875,1.08757,2357
2025-12-24 20:38:59.915928,1.08753,1.08765,1.08746,1.08749,3032
2025-12-24 21:38:59.915928,1.08754,1.08762,1.08752,1.08757,2469
2025-12-24 22:38:59.915928,1.08754,1.08761,1.08745,1.08752,5233
2025-12-24 23:38:59.915928,1.0877,1.08771,1.08756,1.08759,4814
2025-12-25 00:38:59.915928,1.08771,1.08771,1.08759,1.08762,454
2025-12-25 01:38:59.915928,1.08797,1.08798,1.08786,1.0879,2414
2025-12-25 02:38:59.915928,1.08775,1.08788,1.08761,1.08779,2232
2025-12-25 03:38:59.915928,1.08767,1.08775,1.08751,1.08759,2427
2025-12-25 04:38:59.915928,1.08779,1.08785,1.0877,1.08776,2472
2025-12-25 05:38:59.915928,1.08797,1.08814,1.08772,1.08789,784
2025-12-25 06:38:59.915928,1.088,1.08817,1.08799,1.08803,1290
2025-12-25 07:38:59.915928,1.08796,1.08808,1.08783,1.08787,6661
2025-12-25 08:38:59.915928,1.08781,1.08786,1.08773,1.08779,2583
2025-12-25 09:38:59.915928,1.08799,1.08801,1.08795,1.08801,4416
2025-12-25 10:38:59.915928,1.08804,1.0882,1.08794,1.08815,2144
2025-12-25 11:38:59.915928,1.08785,1.08797,1.08772,1.08792,6886
2025-12-25 12:38:59.915928,1.08779,1.08793,1.08775,1.08776,6882
2025-12-25 13:38:59.915928,1.08763,1.08765,1.0876,1.08764,32168
2025-12-25 14:38:59.915928,1.08769,1.08776,1.08761,1.08761,2257
2025-12-25 15:38:59.915928,1.08758,1.08771,1.08753,1.08758,4306
2025-12-25 16:38:59.915928,1.08755,1.0876,1.08737,1.08746,1679
2025-12-25 17:38:59.915928,1.08765,1.08784,1.08741,1.08758,7605
2025-12-25 18:38:59.915928,1.0874,1.08743,1.0873,1.08735,8363
2025-12-25 19:38:59.915928,1.08735,1.08747,1.08725,1.0873,8347
2025-12-25 20:38:59.915928,1.08713,1.08717,1.08707,1.08711,2768
2025-12-25 21:38:59.915928,1.087,1.08705,1.08698,1.087,4479
2025-12-25 22:38:59.915928,1.087,1.08714,1.08693,1.08696,2710
2025-12-25 23:38:59.915928,1.08707,1.08709,1.08694,1.08699,5486
2025-12-26 00:38:59.915928,1.08694,1.08708,1.08691,1.08704,1460
2025-12-26 01:38:59.915928,1.08709,1.08718,1.08697,1.08705,881
2025-12-26 02:38:59.915928,1.08702,1.08713,1.08692,1.08707,3215
2025-12-26 03:38:59.915928,1.08686,1.08707,1.08678,1.08679,2564
2025-12-26 04:38:59.915928,1.08699,1.08725,1.08695,1.08699,2347
2025-12-26 05:38:59.915928,1.08679,1.08686,1.08671,1.08682,2785
2025-12-26 06:38:59.915928,1.08696,1.08704,1.08682,1.08698,1397
2025-12-26 07:38:59.915928,1.08718,1.08724,1.08716,1.0872,1732
2025-12-26 08:38:59.915928,1.08714,1.08725,1.08712,1.08717,2677
2025-12-26 09:38:59.915928,1.08713,1.08715,1.0869,1.08704,1392
2025-12-26 10:38:59.915928,1.08715,1.08723,1.08694,1.08716,3014
2025-12-26 11:38:59.915928,1.0871,1.0872,1.08696,1.08706,2233
2025-12-26 12:38:59.915928,1.08716,1.08733,1.08706,1.08714,11294
2025-12-26 13:38:59.915928,1.08719,1.08738,1.08714,1.08724,1173
2025-12-26 14:38:59.915928,1.08719,1.08721,1.08716,1.08719,6858
2025-12-26 15:38:59.915928,1.08727,1.08744,1.08722,1.08727,4834
2025-12-26 16:38:59.915928,1.08696,1.0871,1.08676,1.0869,14368
2025-12-26 17:38:59.915928,1.08703,1.08713,1.0868,1.08707,9892
2025-12-26 18:38:59.915928,1.08692,1.08698,1.08682,1.08695,10574
2025-12-26 19:38:59.915928,1.08707,1.08708,1.08706,1.08708,9244
2025-12-26 20:38:59.915928,1.08707,1.0871,1.08693,1.08701,15631
2025-12-26 21:38:59.915928,1.0871,1.08719,1.08709,1.08713,1505
2025-12-26 22:38:59.915928,1.08691,1.08715,1.08685,1.08701,10356
2025-12-26 23:38:59.915928,1.08697,1.08705,1.08686,1.08698,2967
2025-12-27 00:38:59.915928,1.08687,1.08695,1.08681,1.08687,1140
2025-12-27 01:38:59.915928,1.08668,1.08669,1.08635,1.08654,944
2025-12-27 02:38:59.915928,1.08666,1.08671,1.08653,1.08661,4786
2025-12-27 03:38:59.915928,1.08679,1.08687,1.08673,1.08682,283
2025-12-27 04:38:59.915928,1.08674,1.0869,1.08669,1.08674,391
2025-12-27 05:38:59.915928,1.0868,1.08685,1.08669,1.08679,4503
2025-12-27 06:38:59.915928,1.08662,1.08669,1.08656,1.08665,1565
2025-12-27 07:38:59.915928,1.08649,1.0865,1.08649,1.0865,1218
2025-12-27 08:38:59.915928,1.08652,1.08655,1.08641,1.08645,2480
2025-12-27 09:38:59.915928,1.08639,1.08655,1.08638,1.08645,11367
2025-12-27 10:38:59.915928,1.08649,1.08666,1.08644,1.08655,8374
2025-12-27 11:38:59.915928,1.08659,1.08661,1.0865,1.08652,2820
2025-12-27 12:38:59.915928,1.08673,1.08678,1.08663,1.08671,8871
2025-12-27 13:38:59.915928,1.08686,1.08688,1.08683,1.08685,4671
2025-12-27 14:38:59.915928,1.08667,1.08671,1.08655,1.08668,8217
2025-12-27 15:38:59.915928,1.08683,1.08687,1.08682,1.08683,6245
2025-12-27 16:38:59.915928,1.08699,1.0872,1.08693,1.08708,13215
2025-12-27 17:38:59.915928,1.0869,1.08692,1.08671,1.08681,7571
2025-12-27 18:38:59.915928,1.08706,1.08707,1.087,1.08704,9546
2025-12-27 19:38:59.915928,1.08678,1.08682,1.08677,1.0868,8482
2025-12-27 20:38:59.915928,1.08681,1.08696,1.08669,1.0868,1348
2025-12-27 21:38:59.915928,1.08689,1.08707,1.08672,1.08678,4633
2025-12-27 22:38:59.915928,1.08701,1.08717,1.08694,1.08708,3119
2025-12-27 23:38:59.915928,1.08726,1.08732,1.08719,1.08727,23618
2025-12-28 00:38:59.915928,1.0876,1.08773,1.0875,1.08768,1944
2025-12-28 01:38:59.915928,1.08785,1.08796,1.08775,1.08786,2622
2025-12-28 02:38:59.915928,1.08771,1.08775,1.0876,1.08761,9824
2025-12-28 03:38:59.915928,1.08782,1.08794,1.08757,1.08773,721
2025-12-28 04:38:59.915928,1.08782,1.08784,1.08761,1.08771,709
2025-12-28 05:38:59.915928,1.08795,1.088,1.08794,1.08796,1832
2025-12-28 06:38:59.915928,1.08801,1.08813,1.08793,1.08812,2339
2025-12-28 07:38:59.915928,1.08801,1.08806,1.08788,1.08794,1940
2025-12-28 08:38:59.915928,1.08815,1.08834,1.08801,1.08817,9256
2025-12-28 09:38:59.915928,1.08835,1.08841,1.0883,1.08831,3284
2025-12-28 10:38:59.915928,1.08843,1.08846,1.08842,1.08846,2550
2025-12-28 11:38:59.915928,1.08841,1.08852,1.08836,1.08842,9299
2025-12-28 12:38:59.915928,1.08877,1.08883,1.08875,1.08876,4353
2025-12-28 13:38:59.915928,1.08857,1.0887,1.08855,1.08859,6557
2025-12-28 14:38:59.915928,1.08832,1.08846,1.08824,1.0883,4758
2025-12-28 15:38:59.915928,1.08844,1.08852,1.08838,1.08843,1074
2025-12-28 16:38:59.915928,1.08865,1.08876,1.08851,1.08866,4924
2025-12-28 17:38:59.915928,1.08857,1.08862,1.08855,1.08858,8110
2025-12-28 18:38:59.915928,1.08874,1.08883,1.08867,1.08873,10259
2025-12-28 19:38:59.915928,1.08876,1.08893,1.0887,1.08875,6539
2025-12-28 20:38:59.915928,1.0887,1.08871,1.08864,1.08865,2857
2025-12-28 21:38:59.915928,1.08874,1.08875,1.08872,1.08872,727
2025-12-28 22:38:59.915928,1.08916,1.08919,1.08915,1.08915,6824
2025-12-28 23:38:59.915928,1.08912,1.08931,1.08901,1.08925,2261
2025-12-29 00:38:59.915928,1.08915,1.08923,1.08907,1.08919,1930
2025-12-29 01:38:59.915928,1.08904,1.0892,1.08901,1.08902,925
2025-12-29 02:38:59.915928,1.08924,1.08946,1.08893,1.08933,3861
2025-12-29 03:38:59.915928,1.08945,1.08954,1.08933,1.0895,1990
2025-12-29 04:38:59.915928,1.08973,1.08978,1.08959,1.08971,903
2025-12-29 05:38:59.915928,1.08968,1.08981,1.08965,1.0897,5631
2025-12-29 06:38:59.915928,1.0898,1.08988,1.08977,1.08984,3408
2025-12-29 07:38:59.915928,1.08974,1.08986,1.08964,1.08972,5285
2025-12-29 08:38:59.915928,1.08967,1.08973,1.08953,1.08969,4789
2025-12-29 09:38:59.915928,1.08987,1.09,1.08978,1.08978,2427
2025-12-29 10:38:59.915928,1.08968,1.08972,1.08963,1.0897,1143
2025-12-29 11:38:59.915928,1.08961,1.08968,1.08945,1.08955,3436
2025-12-29 12:38:59.915928,1.08961,1.08962,1.08951,1.08953,2308
2025-12-29 13:38:59.915928,1.08982,1.08996,1.08972,1.08984,4084
2025-12-29 14:38:59.915928,1.09002,1.09013,1.08987,1.09006,3308
2025-12-29 15:38:59.915928,1.09017,1.09026,1.09005,1.09016,5368
2025-12-29 16:38:59.915928,1.09005,1.09016,1.08987,1.09,7917
2025-12-29 17:38:59.915928,1.08987,1.08994,1.08976,1.08981,3124
2025-12-29 18:38:59.915928,1.08996,1.09003,1.08977,1.08993,3274
2025-12-29 19:38:59.915928,1.08985,1.08987,1.08983,1.08985,3281
2025-12-29 20:38:59.915928,1.08985,1.08988,1.08976,1.08983,12826
2025-12-29 21:38:59.915928,1.08954,1.08967,1.08954,1.08962,272
2025-12-29 22:38:59.915928,1.08973,1.08979,1.08971,1.08976,653
2025-12-29 23:38:59.915928,1.08954,1.0897,1.08953,1.08957,6147
2025-12-30 00:38:59.915928,1.08959,1.0897,1.0895,1.08956,3373
2025-12-30 01:38:59.915928,1.08957,1.08966,1.08941,1.08949,3035
2025-12-30 02:38:59.915928,1.08959,1.08972,1.08953,1.08957,5072
2025-12-30 03:38:59.915928,1.08969,1.08983,1.08959,1.0897,5686
2025-12-30 04:38:59.915928,1.08964,1.08978,1.08948,1.08967,1265
2025-12-30 05:38:59.915928,1.08967,1.08968,1.08934,1.08956,581
2025-12-30 06:38:59.915928,1.08971,1.08982,1.08963,1.08969,1852
2025-12-30 07:38:59.915928,1.08952,1.08962,1.08949,1.08951,2535
2025-12-30 08:38:59.915928,1.08958,1.08971,1.08957,1.08965,2092
2025-12-30 09:38:59.915928,1.08948,1.08957,1.08943,1.0895,1753
2025-12-30 10:38:59.915928,1.08958,1.08965,1.08949,1.08959,3930
2025-12-30 11:38:59.915928,1.08939,1.08941,1.08926,1.0893,5435
2025-12-30 12:38:59.915928,1.08929,1.08934,1.08917,1.08926,3260
2025-12-30 13:38:59.915928,1.08924,1.08933,1.08911,1.08919,4930
2025-12-30 14:38:59.915928,1.08918,1.08927,1.08908,1.08918,7802
2025-12-30 15:38:59.915928,1.08925,1.08937,1.08916,1.08928,2273
2025-12-30 16:38:59.915928,1.08901,1.08906,1.08893,1.08906,11968
2025-12-30 17:38:59.915928,1.0889,1.0889,1.08885,1.08885,4128
2025-12-30 18:38:59.915928,1.08866,1.08876,1.08862,1.08863,5422
2025-12-30 19:38:59.915928,1.08867,1.08873,1.08854,1.08862,7721
2025-12-30 20:38:59.915928,1.08873,1.08879,1.0887,1.08876,6224
2025-12-30 21:38:59.915928,1.08859,1.08859,1.08858,1.08859,3307
2025-12-30 22:38:59.915928,1.08873,1.08883,1.08872,1.08873,3684
2025-12-30 23:38:59.915928,1.08867,1.08876,1.08861,1.08867,1485
2025-12-31 00:38:59.915928,1.08862,1.08865,1.08861,1.08861,2081
2025-12-31 01:38:59.915928,1.08853,1.08858,1.08842,1.08856,2530
2025-12-31 02:38:59.915928,1.08867,1.08871,1.08856,1.08862,573
2025-12-31 03:38:59.915928,1.08874,1.08874,1.08857,1.08865,5936
2025-12-31 04:38:59.915928,1.08872,1.08881,1.0887,1.08871,612
2025-12-31 05:38:59.915928,1.08878,1.08884,1.0887,1.08878,2044
2025-12-31 06:38:59.915928,1.08861,1.08874,1.08853,1.08853,301
2025-12-31 07:38:59.915928,1.08866,1.08868,1.08853,1.08862,4621
2025-12-31 08:38:59.915928,1.08863,1.0888,1.08861,1.08871,9909
2025-12-31 09:38:59.915928,1.08864,1.08877,1.08863,1.08864,2260
2025-12-31 10:38:59.915928,1.08874,1.08886,1.08871,1.08881,5009
2025-12-31 11:38:59.915928,1.08884,1.0889,1.08862,1.08876,4667
2025-12-31 12:38:59.915928,1.08879,1.08887,1.08867,1.08885,903
2025-12-31 13:38:59.915928,1.08884,1.08899,1.08875,1.08883,12910
2025-12-31 14:38:59.915928,1.08857,1.08861,1.08847,1.08857,1859
2025-12-31 15:38:59.915928,1.08863,1.08873,1.08863,1.08868,6714
2025-12-31 16:38:59.915928,1.08845,1.08854,1.08836,1.08846,2287
2025-12-31 17:38:59.915928,1.08838,1.08855,1.08837,1.0884,8701
2025-12-31 18:38:59.915928,1.08832,1.08836,1.08824,1.08824,6469
2025-12-31 19:38:59.915928,1.08817,1.08827,1.08815,1.08815,1430
2025-12-31 20:38:59.915928,1.08802,1.08806,1.08799,1.088,3430
2025-12-31 21:38:59.915928,1.08799,1.08802,1.08781,1.0879,8177
2025-12-31 22:38:59.915928,1.08797,1.08827,1.08787,1.08812,2150
2025-12-31 23:38:59.915928,1.08794,1.08794,1.08793,1.08794,20456
2026-01-01 00:38:59.915928,1.08798,1.08805,1.08777,1.08792,1274
2026-01-01 01:38:59.915928,1.0878,1.08791,1.08775,1.08782,2432
2026-01-01 02:38:59.915928,1.08775,1.08788,1.0877,1.0878,3202
2026-01-01 03:38:59.915928,1.08768,1.0878,1.08752,1.08755,2358
2026-01-01 04:38:59.915928,1.08774,1.08785,1.0876,1.08764,3980
2026-01-01 05:38:59.915928,1.0877,1.08777,1.08754,1.08757,1745
2026-01-01 06:38:59.915928,1.08764,1.08767,1.08757,1.08765,3440
2026-01-01 07:38:59.915928,1.08784,1.08788,1.08768,1.0877,1583
2026-01-01 08:38:59.915928,1.08776,1.08782,1.08753,1.08764,4236
2026-01-01 09:38:59.915928,1.08763,1.08764,1.08752,1.08764,4284
2026-01-01 10:38:59.915928,1.08771,1.08774,1.08765,1.08773,13633
2026-01-01 11:38:59.915928,1.08788,1.08795,1.08775,1.08788,13242
2026-01-01 12:38:59.915928,1.08785,1.08794,1.0878,1.08782,10929
2026-01-01 13:38:59.915928,1.08776,1.08782,1.08772,1.08779,5484
2026-01-01 14:38:59.915928,1.08797,1.08801,1.08795,1.08799,18324
2026-01-01 15:38:59.915928,1.08771,1.08779,1.08768,1.08774,10409
2026-01-01 16:38:59.915928,1.08786,1.08799,1.08769,1.08781,1345
2026-01-01 17:38:59.915928,1.08796,1.08807,1.08776,1.08788,5171
2026-01-01 18:38:59.915928,1.08804,1.08816,1.088,1.08801,1336
2026-01-01 19:38:59.915928,1.08785,1.08803,1.08777,1.08783,4536
2026-01-01 20:38:59.915928,1.0879,1.08799,1.08783,1.08794,20975
2026-01-01 21:38:59.915928,1.0877,1.08773,1.0876,1.08763,1409
2026-01-01 22:38:59.915928,1.08766,1.08772,1.0876,1.0877,4763
2026-01-01 23:38:59.915928,1.08751,1.08767,1.08744,1.0875,8770
2026-01-02 00:38:59.915928,1.08754,1.08777,1.08753,1.08762,1110
2026-01-02 01:38:59.915928,1.08768,1.08784,1.08761,1.08781,1792
2026-01-02 02:38:59.915928,1.08761,1.08766,1.0875,1.08755,1657
2026-01-02 03:38:59.915928,1.0875,1.08761,1.0875,1.08756,2392
2026-01-02 04:38:59.915928,1.08757,1.0876,1.08757,1.08757,3090
2026-01-02 05:38:59.915928,1.08762,1.08766,1.08754,1.08761,1287
2026-01-02 06:38:59.915928,1.08774,1.08779,1.08758,1.08769,3729
2026-01-02 07:38:59.915928,1.08777,1.08781,1.08767,1.08771,1208
2026-01-02 08:38:59.915928,1.08772,1.0878,1.0875,1.08763,4289
2026-01-02 09:38:59.915928,1.08771,1.08778,1.08762,1.08765,4015
2026-01-02 10:38:59.915928,1.08777,1.0878,1.08776,1.08776,4319
2026-01-02 11:38:59.915928,1.08772,1.08786,1.08759,1.08768,7944
2026-01-02 12:38:59.915928,1.08768,1.08774,1.08754,1.08766,1129
2026-01-02 13:38:59.915928,1.08783,1.0879,1.08773,1.08778,6160
2026-01-02 14:38:59.915928,1.08787,1.08793,1.08781,1.08784,1668
2026-01-02 15:38:59.915928,1.08782,1.08798,1.08765,1.08781,6599
2026-01-02 16:38:59.915928,1.08802,1.08805,1.08799,1.08801,5197
2026-01-02 17:38:59.915928,1.08795,1.088,1.08792,1.08798,2062
2026-01-02 18:38:59.915928,1.08825,1.08832,1.08822,1.08822,6822
2026-01-02 19:38:59.915928,1.08807,1.08816,1.08803,1.08805,2368
2026-01-02 20:38:59.915928,1.08803,1.08814,1.08793,1.08797,2964
2026-01-02 21:38:59.915928,1.08807,1.08825,1.08804,1.08817,4196
2026-01-02 22:38:59.915928,1.0884,1.08847,1.08835,1.08839,2299
2026-01-02 23:38:59.915928,1.08829,1.08839,1.08821,1.0883,1919
2026-01-03 00:38:59.915928,1.08808,1.08821,1.08804,1.08811,2349
2026-01-03 01:38:59.915928,1.08811,1.08816,1.08793,1.08814,1014
2026-01-03 02:38:59.915928,1.08812,1.08827,1.08807,1.08818,3307
2026-01-03 03:38:59.915928,1.08829,1.08833,1.08827,1.08829,2583
2026-01-03 04:38:59.915928,1.08812,1.08831,1.08807,1.08823,2620
2026-01-03 05:38:59.915928,1.08819,1.0882,1.08808,1.08818,218
2026-01-03 06:38:59.915928,1.08851,1.08866,1.08837,1.08847,14285
2026-01-03 07:38:59.915928,1.08846,1.08858,1.08845,1.08849,3828
2026-01-03 08:38:59.915928,1.08871,1.0888,1.08853,1.0886,2923
2026-01-03 09:38:59.915928,1.08892,1.08898,1.08891,1.08895,1502
2026-01-03 10:38:59.915928,1.08901,1.0891,1.08897,1.08902,12802
2026-01-03 11:38:59.915928,1.08902,1.08902,1.08883,1.08897,2592
2026-01-03 12:38:59.915928,1.08909,1.08933,1.08908,1.08916,2933
2026-01-03 13:38:59.915928,1.08941,1.08953,1.08925,1.08936,14255
2026-01-03 14:38:59.915928,1.08918,1.08927,1.08917,1.08917,2206
2026-01-03 15:38:59.915928,1.08932,1.08954,1.08923,1.08939,1946
2026-01-03 16:38:59.915928,1.08932,1.0894,1.08922,1.08932,6434
2026-01-03 17:38:59.915928,1.08926,1.08932,1.08915,1.08922,9949
2026-01-03 18:38:59.915928,1.0892,1.08929,1.08919,1.08919,1138
2026-01-03 19:38:59.915928,1.08925,1.08928,1.08906,1.08921,685
2026-01-03 20:38:59.915928,1.08937,1.08949,1.08922,1.08922,3504
2026-01-03 21:38:59.915928,1.0893,1.08939,1.08928,1.08936,3043
2026-01-03 22:38:59.915928,1.08947,1.08949,1.08937,1.08944,2571
2026-01-03 23:38:59.915928,1.08944,1.08947,1.08921,1.08941,3738
2026-01-04 00:38:59.915928,1.08956,1.08962,1.08948,1.08949,2269
2026-01-04 01:38:59.915928,1.08942,1.08955,1.08939,1.08947,2584
2026-01-04 02:38:59.915928,1.08929,1.08937,1.08922,1.08928,3663
2026-01-04 03:38:59.915928,1.08915,1.08926,1.08911,1.08916,1988
2026-01-04 04:38:59.915928,1.08929,1.08947,1.08924,1.08933,1511
2026-01-04 05:38:59.915928,1.08922,1.08934,1.0892,1.08922,1627
2026-01-04 06:38:59.915928,1.08919,1.0892,1.08908,1.08913,3101
2026-01-04 07:38:59.915928,1.08917,1.08918,1.08905,1.08912,1291
2026-01-04 08:38:59.915928,1.08916,1.0892,1.08912,1.08918,3604
2026-01-04 09:38:59.915928,1.08891,1.08904,1.08876,1.08882,7529
2026-01-04 10:38:59.915928,1.08878,1.08883,1.08865,1.08868,953
2026-01-04 11:38:59.915928,1.08897,1.08916,1.08879,1.08903,1936
2026-01-04 12:38:59.915928,1.08922,1.08934,1.08919,1.08922,2840
2026-01-04 13:38:59.915928,1.08916,1.08926,1.08904,1.08905,2494
2026-01-04 14:38:59.915928,1.0893,1.08933,1.08929,1.08932,3758
2026-01-04 15:38:59.915928,1.08944,1.08955,1.0893,1.08954,7021
2026-01-04 16:38:59.915928,1.08963,1.08966,1.08954,1.08965,5873
2026-01-04 17:38:59.915928,1.08981,1.0899,1.08972,1.08975,2596
2026-01-04 18:38:59.915928,1.08965,1.08975,1.08962,1.08965,3011
2026-01-04 19:38:59.915928,1.08962,1.08975,1.08953,1.0897,874
2026-01-04 20:38:59.915928,1.08935,1.08945,1.0892,1.08937,1663
2026-01-04 21:38:59.915928,1.08925,1.08947,1.08907,1.08932,4371
2026-01-04 22:38:59.915928,1.08923,1.0893,1.08918,1.08927,5086
2026-01-04 23:38:59.915928,1.0892,1.08922,1.08909,1.08916,12127
2026-01-05 00:38:59.915928,1.08927,1.08931,1.08922,1.0893,929
2026-01-05 01:38:59.915928,1.08905,1.08913,1.08894,1.08911,1603
2026-01-05 02:38:59.915928,1.08903,1.08907,1.08899,1.08899,795
2026-01-05 03:38:59.915928,1.08889,1.08906,1.08881,1.08901,4092
2026-01-05 04:38:59.915928,1.0891,1.08919,1.08899,1.08902,1043
2026-01-05 05:38:59.915928,1.08937,1.0895,1.08929,1.08948,3147
2026-01-05 06:38:59.915928,1.08939,1.08941,1.08928,1.08941,1078
2026-01-05 07:38:59.915928,1.0892,1.08942,1.08913,1.0893,678
2026-01-05 08:38:59.915928,1.08884,1.08885,1.08877,1.08882,3866
2026-01-05 09:38:59.915928,1.08869,1.08878,1.08856,1.08861,4578
2026-01-05 10:38:59.915928,1.08864,1.08876,1.08849,1.0886,3348
2026-01-05 11:38:59.915928,1.08857,1.08862,1.08853,1.08854,4100
2026-01-05 12:38:59.915928,1.08837,1.08845,1.08824,1.08826,4904
2026-01-05 13:38:59.915928,1.08799,1.08807,1.08781,1.08794,1082
2026-01-05 14:38:59.915928,1.0879,1.08803,1.08778,1.08783,3446
2026-01-05 15:38:59.915928,1.08792,1.08804,1.0879,1.088,5355
2026-01-05 16:38:59.915928,1.08796,1.08803,1.08776,1.08799,4591
2026-01-05 17:38:59.915928,1.08803,1.08814,1.08802,1.08802,23815
2026-01-05 18:38:59.915928,1.08791,1.08802,1.08791,1.08797,1901
2026-01-05 19:38:59.915928,1.08796,1.08798,1.08786,1.0879,2326
2026-01-05 20:38:59.915928,1.08781,1.08785,1.08767,1.08784,1020
2026-01-05 21:38:59.915928,1.08761,1.08775,1.08741,1.08757,7355
2026-01-05 22:38:59.915928,1.0877,1.08773,1.08768,1.0877,1199
2026-01-05 23:38:59.915928,1.08788,1.08792,1.08781,1.08791,1833
2026-01-06 00:38:59.915928,1.08792,1.08796,1.08782,1.08784,1476
2026-01-06 01:38:59.915928,1.08775,1.08777,1.08773,1.08776,4437
2026-01-06 02:38:59.915928,1.08772,1.08785,1.08765,1.08776,1389
2026-01-06 03:38:59.915928,1.08753,1.08763,1.08747,1.08757,3403
2026-01-06 04:38:59.915928,1.08743,1.08747,1.08737,1.08737,689
2026-01-06 05:38:59.915928,1.08714,1.08734,1.0871,1.08712,13143
2026-01-06 06:38:59.915928,1.087,1.08707,1.08668,1.08691,2086
2026-01-06 07:38:59.915928,1.08711,1.08722,1.08704,1.08715,4791
2026-01-06 08:38:59.915928,1.08699,1.08701,1.08692,1.08696,1801
2026-01-06 09:38:59.915928,1.08696,1.08706,1.08686,1.08706,10313
2026-01-06 10:38:59.915928,1.08696,1.08707,1.08686,1.0869,1944
2026-01-06 11:38:59.915928,1.08696,1.08708,1.08682,1.08699,8574
2026-01-06 12:38:59.915928,1.08697,1.08708,1.08682,1.08696,2455
2026-01-06 13:38:59.915928,1.08709,1.08729,1.08698,1.08708,1140
2026-01-06 14:38:59.915928,1.08714,1.08722,1.087,1.08705,3937
2026-01-06 15:38:59.915928,1.08716,1.08722,1.08714,1.0872,6861
2026-01-06 16:38:59.915928,1.08727,1.08729,1.08723,1.08725,10746
2026-01-06 17:38:59.915928,1.08732,1.08759,1.08721,1.08727,11270
2026-01-06 18:38:59.915928,1.08732,1.08736,1.08727,1.08733,8005
2026-01-06 19:38:59.915928,1.08707,1.08713,1.08685,1.08712,1535
2026-01-06 20:38:59.915928,1.08724,1.08735,1.08716,1.08725,1514
2026-01-06 21:38:59.915928,1.08721,1.08727,1.08711,1.08713,1851
2026-01-06 22:38:59.915928,1.08709,1.0871,1.08703,1.08705,9798
2026-01-06 23:38:59.915928,1.08726,1.08733,1.08707,1.0873,4417
2026-01-07 00:38:59.915928,1.08725,1.08728,1.08715,1.08719,1203
2026-01-07 01:38:59.915928,1.08709,1.08709,1.08699,1.08702,6813
2026-01-07 02:38:59.915928,1.08696,1.08707,1.08693,1.08701,5750
2026-01-07 03:38:59.915928,1.0871,1.08719,1.08701,1.08701,2146
2026-01-07 04:38:59.915928,1.08707,1.0871,1.08704,1.08707,2837
2026-01-07 05:38:59.915928,1.08717,1.08728,1.08695,1.08724,10015
2026-01-07 06:38:59.915928,1.08709,1.08722,1.08691,1.08717,1654
2026-01-07 07:38:59.915928,1.08703,1.08708,1.08689,1.08698,2300
2026-01-07 08:38:59.915928,1.08712,1.08716,1.08712,1.08714,4974
2026-01-07 09:38:59.915928,1.08704,1.0872,1.08696,1.08715,5208
2026-01-07 10:38:59.915928,1.08704,1.0872,1.08675,1.08694,2921
2026-01-07 11:38:59.915928,1.08698,1.087,1.08689,1.08694,7684
2026-01-07 12:38:59.915928,1.08724,1.08748,1.08717,1.08735,9705
2026-01-07 13:38:59.915928,1.0872,1.08721,1.08708,1.08717,1154
2026-01-07 14:38:59.915928,1.08724,1.08732,1.08715,1.08723,3571
2026-01-07 15:38:59.915928,1.08724,1.08738,1.08711,1.08726,2504
2026-01-07 16:38:59.915928,1.08695,1.08699,1.08686,1.08697,10737
2026-01-07 17:38:59.915928,1.08683,1.08686,1.0868,1.08684,1655
2026-01-07 18:38:59.915928,1.08705,1.08707,1.087,1.08704,2561
2026-01-07 19:38:59.915928,1.08703,1.08705,1.08678,1.08695,2786
2026-01-07 20:38:59.915928,1.08675,1.08697,1.08675,1.08683,3114
2026-01-07 21:38:59.915928,1.08676,1.08681,1.08668,1.08679,1759
2026-01-07 22:38:59.915928,1.08662,1.08673,1.08659,1.08665,2820
2026-01-07 23:38:59.915928,1.08672,1.08678,1.0867,1.08676,1629
2026-01-08 00:38:59.915928,1.08663,1.08687,1.08657,1.08658,6219
2026-01-08 01:38:59.915928,1.08653,1.08665,1.0865,1.08664,2264
2026-01-08 02:38:59.915928,1.08667,1.08681,1.08657,1.08657,1485
2026-01-08 03:38:59.915928,1.08667,1.08681,1.0865,1.08679,1425
2026-01-08 04:38:59.915928,1.08673,1.0869,1.08668,1.08685,1385
2026-01-08 05:38:59.915928,1.0865,1.08668,1.08648,1.08653,1590
2026-01-08 06:38:59.915928,1.08655,1.08669,1.08646,1.08653,6643
2026-01-08 07:38:59.915928,1.08646,1.08648,1.08642,1.08648,4912
2026-01-08 08:38:59.915928,1.0865,1.08662,1.08645,1.08648,652
2026-01-08 09:38:59.915928,1.08667,1.08683,1.08659,1.08672,9197
2026-01-08 10:38:59.915928,1.08644,1.08651,1.08634,1.08646,3007
2026-01-08 11:38:59.915928,1.08662,1.08677,1.08646,1.08667,1846
2026-01-08 12:38:59.915928,1.08656,1.08667,1.08647,1.08658,5959
2026-01-08 13:38:59.915928,1.08655,1.08665,1.08652,1.08655,4016
2026-01-08 14:38:59.915928,1.08642,1.08651,1.08636,1.08644,10919
2026-01-08 15:38:59.915928,1.08653,1.08663,1.08644,1.08649,1296
2026-01-08 16:38:59.915928,1.0865,1.08658,1.08646,1.08653,4789
2026-01-08 17:38:59.915928,1.08636,1.08648,1.08629,1.0863,2646
2026-01-08 18:38:59.915928,1.08634,1.08644,1.08626,1.08637,3973
2026-01-08 19:38:59.915928,1.08646,1.08654,1.08635,1.08642,4898
2026-01-08 20:38:59.915928,1.08661,1.08676,1.08646,1.08669,6043
2026-01-08 21:38:59.915928,1.0864,1.08656,1.08611,1.08651,3887
2026-01-08 22:38:59.915928,1.08637,1.08658,1.08633,1.08639,3411
2026-01-08 23:38:59.915928,1.0867,1.08671,1.08666,1.08667,2581
2026-01-09 00:38:59.915928,1.08656,1.08672,1.08654,1.08669,1510
2026-01-09 01:38:59.915928,1.08662,1.08668,1.08659,1.08667,446
2026-01-09 02:38:59.915928,1.08674,1.08678,1.08673,1.08675,810
2026-01-09 03:38:59.915928,1.08663,1.08679,1.0865,1.08672,5223
2026-01-09 04:38:59.915928,1.0865,1.08664,1.08633,1.08653,993
2026-01-09 05:38:59.915928,1.08644,1.0865,1.08635,1.08642,3298
2026-01-09 06:38:59.915928,1.08655,1.0866,1.0863,1.08653,2022
2026-01-09 07:38:59.915928,1.08654,1.0866,1.08651,1.08653,2444
2026-01-09 08:38:59.915928,1.08645,1.08648,1.08629,1.08645,2777
2026-01-09 09:38:59.915928,1.08646,1.08652,1.08643,1.08646,2837
2026-01-09 10:38:59.915928,1.08639,1.08652,1.08635,1.08635,6306
2026-01-09 11:38:59.915928,1.0865,1.08665,1.08646,1.08661,1506
2026-01-09 12:38:59.915928,1.08644,1.08655,1.0862,1.08636,5629
2026-01-09 13:38:59.915928,1.08667,1.08675,1.08655,1.08663,2746
2026-01-09 14:38:59.915928,1.08651,1.08659,1.08638,1.08659,28391
2026-01-09 15:38:59.915928,1.08646,1.08651,1.08628,1.08639,6232
2026-01-09 16:38:59.915928,1.08638,1.08649,1.08627,1.08635,2598
2026-01-09 17:38:59.915928,1.08624,1.08626,1.08623,1.08624,5200
2026-01-09 18:38:59.915928,1.08605,1.08608,1.08587,1.08599,4710
2026-01-09 19:38:59.915928,1.08582,1.08583,1.08571,1.08581,2622
2026-01-09 20:38:59.915928,1.08603,1.08615,1.08602,1.08612,14162
2026-01-09 21:38:59.915928,1.08613,1.08618,1.08602,1.08606,1410
2026-01-09 22:38:59.915928,1.08631,1.08636,1.08629,1.08633,5944
2026-01-09 23:38:59.915928,1.08652,1.08655,1.08648,1.08649,1823
2026-01-10 00:38:59.915928,1.08635,1.0864,1.08622,1.08638,493
2026-01-10 01:38:59.915928,1.0863,1.08645,1.08627,1.08634,2180
2026-01-10 02:38:59.915928,1.08634,1.08651,1.0863,1.08631,3819
2026-01-10 03:38:59.915928,1.0866,1.08664,1.0866,1.08662,6701
2026-01-10 04:38:59.915928,1.08633,1.08657,1.08631,1.0864,1034
2026-01-10 05:38:59.915928,1.08645,1.08655,1.08635,1.08642,1305
2026-01-10 06:38:59.915928,1.08635,1.08657,1.08611,1.08616,1315
2026-01-10 07:38:59.915928,1.08615,1.08636,1.08605,1.08626,1304
2026-01-10 08:38:59.915928,1.08621,1.08636,1.08604,1.08612,9334
2026-01-10 09:38:59.915928,1.08636,1.08643,1.08625,1.08638,4889
2026-01-10 10:38:59.915928,1.08638,1.0865,1.08628,1.08632,11293
2026-01-10 11:38:59.915928,1.08675,1.08677,1.08662,1.08672,4497
2026-01-10 12:38:59.915928,1.08669,1.0868,1.08664,1.08673,2726
2026-01-10 13:38:59.915928,1.08641,1.08648,1.0863,1.08637,3896
2026-01-10 14:38:59.915928,1.08631,1.08641,1.08625,1.08628,8121
2026-01-10 15:38:59.915928,1.08636,1.08645,1.08621,1.08635,4922
2026-01-10 16:38:59.915928,1.08632,1.08644,1.08616,1.08628,3981
2026-01-10 17:38:59.915928,1.08632,1.08649,1.08619,1.08644,4832
2026-01-10 18:38:59.915928,1.08649,1.08653,1.0863,1.08641,2705
2026-01-10 19:38:59.915928,1.08671,1.08688,1.08653,1.08666,6352
2026-01-10 20:38:59.915928,1.08681,1.08683,1.08669,1.08677,633
2026-01-10 21:38:59.915928,1.08684,1.08704,1.08678,1.08702,634
2026-01-10 22:38:59.915928,1.08678,1.08693,1.08656,1.08669,5445
2026-01-10 23:38:59.915928,1.08696,1.08709,1.08685,1.08689,5033
2026-01-11 00:38:59.915928,1.08682,1.08699,1.08672,1.08685,1387
2026-01-11 01:38:59.915928,1.08687,1.08703,1.08686,1.08691,1811
2026-01-11 02:38:59.915928,1.08694,1.08705,1.08685,1.08699,6638
2026-01-11 03:38:59.915928,1.08715,1.08725,1.08703,1.08708,2379
2026-01-11 04:38:59.915928,1.0871,1.08713,1.08704,1.08711,2854
2026-01-11 05:38:59.915928,1.08699,1.08708,1.08688,1.08704,2589
2026-01-11 06:38:59.915928,1.08673,1.08682,1.08666,1.08669,2416
2026-01-11 07:38:59.915928,1.08677,1.08687,1.08665,1.08678,2730
2026-01-11 08:38:59.915928,1.08713,1.08717,1.08706,1.08716,6601
2026-01-11 09:38:59.915928,1.08701,1.0872,1.08696,1.08701,14314
2026-01-11 10:38:59.915928,1.08717,1.08724,1.08696,1.08708,972
2026-01-11 11:38:59.915928,1.08723,1.0873,1.0872,1.08723,6051
2026-01-11 12:38:59.915928,1.0873,1.0874,1.08709,1.0873,2988
2026-01-11 13:38:59.915928,1.08744,1.08752,1.08724,1.08746,2134
2026-01-11 14:38:59.915928,1.08727,1.08737,1.08713,1.08719,2963
2026-01-11 15:38:59.915928,1.08721,1.08722,1.08709,1.08715,9890
2026-01-11 16:38:59.915928,1.08725,1.08732,1.08717,1.08726,5399
2026-01-11 17:38:59.915928,1.08716,1.08729,1.08715,1.08716,6939
2026-01-11 18:38:59.915928,1.08717,1.08732,1.08697,1.08725,8377
2026-01-11 19:38:59.915928,1.08712,1.0872,1.0869,1.08703,14506
2026-01-11 20:38:59.915928,1.08705,1.08707,1.08695,1.08706,15443
2026-01-11 21:38:59.915928,1.08718,1.08725,1.087,1.08712,3098
2026-01-11 22:38:59.915928,1.08734,1.08756,1.08731,1.0874,2590
2026-01-11 23:38:59.915928,1.08728,1.08734,1.0872,1.08727,4246
2026-01-12 00:38:59.915928,1.08717,1.0872,1.08703,1.08716,1937
2026-01-12 01:38:59.915928,1.08719,1.08735,1.08718,1.08725,473
2026-01-12 02:38:59.915928,1.08717,1.08724,1.08706,1.08709,8964
2026-01-12 03:38:59.915928,1.08731,1.08739,1.08722,1.08734,1533
2026-01-12 04:38:59.915928,1.08717,1.08727,1.08707,1.08713,4166
2026-01-12 05:38:59.915928,1.08729,1.08739,1.08726,1.08732,451
2026-01-12 06:38:59.915928,1.08727,1.08747,1.08717,1.08735,2288
2026-01-12 07:38:59.915928,1.08715,1.08717,1.08705,1.08716,5166
2026-01-12 08:38:59.915928,1.08717,1.0873,1.08705,1.08706,1626
2026-01-12 09:38:59.915928,1.08717,1.08735,1.08704,1.08725,10234
2026-01-12 10:38:59.915928,1.08671,1.08696,1.08671,1.08679,1988
2026-01-12 11:38:59.915928,1.08668,1.08673,1.08661,1.08667,5044
2026-01-12 12:38:59.915928,1.08673,1.08679,1.08669,1.08671,6937
2026-01-12 13:38:59.915928,1.08677,1.08697,1.08674,1.08683,3993
2026-01-12 14:38:59.915928,1.08666,1.08667,1.08657,1.08658,6771
2026-01-12 15:38:59.915928,1.08667,1.08675,1.08649,1.08667,8679
2026-01-12 16:38:59.915928,1.08652,1.08664,1.0865,1.08656,15015
2026-01-12 17:38:59.915928,1.08655,1.08656,1.0865,1.08656,18936
2026-01-12 18:38:59.915928,1.08649,1.08664,1.08645,1.08659,9363
2026-01-12 19:38:59.915928,1.08653,1.0867,1.08651,1.08659,15401
2026-01-12 20:38:59.915928,1.08661,1.08669,1.08648,1.08663,9754
2026-01-12 21:38:59.915928,1.08652,1.08661,1.08639,1.08657,5200
2026-01-12 22:38:59.915928,1.08652,1.08663,1.0863,1.08653,1170
2026-01-12 23:38:59.915928,1.08649,1.08673,1.0864,1.08644,3472
2026-01-13 00:38:59.915928,1.08652,1.08663,1.08629,1.08652,1225
2026-01-13 01:38:59.915928,1.08654,1.08657,1.08647,1.08654,5548
2026-01-13 02:38:59.915928,1.08643,1.0866,1.0862,1.08653,1317
2026-01-13 03:38:59.915928,1.08647,1.0866,1.08641,1.08642,694
2026-01-13 04:38:59.915928,1.08644,1.08647,1.08637,1.08642,926
2026-01-13 05:38:59.915928,1.08636,1.08645,1.08629,1.08635,440
2026-01-13 06:38:59.915928,1.08623,1.08629,1.08623,1.08624,5003
2026-01-13 07:38:59.915928,1.08619,1.08625,1.08607,1.0861,3690
2026-01-13 08:38:59.915928,1.08633,1.08653,1.08626,1.08634,1464
2026-01-13 09:38:59.915928,1.08615,1.08639,1.08609,1.08626,2043
2026-01-13 10:38:59.915928,1.08608,1.08611,1.08587,1.08595,1682
2026-01-13 11:38:59.915928,1.08604,1.08614,1.08592,1.08607,3726
2026-01-13 12:38:59.915928,1.08592,1.08607,1.0859,1.08602,6233
2026-01-13 13:38:59.915928,1.08589,1.08599,1.08575,1.08585,4925
2026-01-13 14:38:59.915928,1.08581,1.08591,1.08569,1.08582,3308
2026-01-13 15:38:59.915928,1.08575,1.08584,1.08566,1.08574,5183
2026-01-13 16:38:59.915928,1.08584,1.086,1.08574,1.08591,2851
2026-01-13 17:38:59.915928,1.0857,1.08578,1.08552,1.08578,9623
2026-01-13 18:38:59.915928,1.08574,1.08583,1.08571,1.08579,4722
2026-01-13 19:38:59.915928,1.0857,1.08591,1.08547,1.08558,2775
2026-01-13 20:38:59.915928,1.08566,1.08589,1.08552,1.08577,3189
2026-01-13 21:38:59.915928,1.08566,1.08575,1.08552,1.08556,446
2026-01-13 22:38:59.915928,1.0855,1.08552,1.08535,1.08547,1296
2026-01-13 23:38:59.915928,1.08546,1.08549,1.08537,1.08545,3766
2026-01-14 00:38:59.915928,1.08555,1.08556,1.08549,1.08555,718
2026-01-14 01:38:59.915928,1.08549,1.08565,1.0854,1.0856,1951
2026-01-14 02:38:59.915928,1.08566,1.08571,1.08549,1.08565,855
2026-01-14 03:38:59.915928,1.08563,1.08567,1.0855,1.08558,2723
2026-01-14 04:38:59.915928,1.08556,1.08569,1.08534,1.08557,759
2026-01-14 05:38:59.915928,1.0857,1.08572,1.08569,1.08571,876
2026-01-14 06:38:59.915928,1.08555,1.08557,1.08541,1.08549,2370
2026-01-14 07:38:59.915928,1.08539,1.0854,1.08529,1.08538,2366
2026-01-14 08:38:59.915928,1.08554,1.08555,1.08536,1.08548,5509
2026-01-14 09:38:59.915928,1.08567,1.08576,1.08554,1.08569,17687
2026-01-14 10:38:59.915928,1.08576,1.08584,1.08563,1.08569,2172
2026-01-14 11:38:59.915928,1.0857,1.0858,1.08553,1.08576,5219
2026-01-14 12:38:59.915928,1.08557,1.08561,1.08541,1.08556,3466
2026-01-14 13:38:59.915928,1.08568,1.0857,1.08554,1.08566,3693
2026-01-14 14:38:59.915928,1.08558,1.08568,1.08542,1.08562,7868
2026-01-14 15:38:59.915928,1.08565,1.08566,1.08542,1.08563,14769
2026-01-14 16:38:59.915928,1.08571,1.08586,1.08568,1.08572,7068
2026-01-14 17:38:59.915928,1.08572,1.08583,1.08572,1.0858,3208
2026-01-14 18:38:59.915928,1.08559,1.0857,1.08551,1.08563,5082
2026-01-14 19:38:59.915928,1.0858,1.08595,1.08556,1.08573,3732
2026-01-14 20:38:59.915928,1.08579,1.08582,1.08566,1.0857,13732
2026-01-14 21:38:59.915928,1.08568,1.08573,1.08562,1.08563,1735
2026-01-14 22:38:59.915928,1.08581,1.0859,1.0858,1.08582,3222
2026-01-14 23:38:59.915928,1.08567,1.08578,1.08553,1.08562,2146
2026-01-15 00:38:59.915928,1.08573,1.08585,1.08562,1.08572,3383
2026-01-15 01:38:59.915928,1.08578,1.08594,1.08574,1.08575,5719
2026-01-15 02:38:59.915928,1.08587,1.08598,1.0858,1.08582,2574
2026-01-15 03:38:59.915928,1.08594,1.08601,1.08589,1.08591,394
2026-01-15 04:38:59.915928,1.08595,1.08606,1.08592,1.08598,7228
2026-01-15 05:38:59.915928,1.08603,1.08619,1.08598,1.08614,1341
2026-01-15 06:38:59.915928,1.08623,1.08628,1.08605,1.08621,2251
2026-01-15 07:38:59.915928,1.08612,1.0862,1.08602,1.08614,1472
2026-01-15 08:38:59.915928,1.08605,1.0861,1.08587,1.08601,9235
2026-01-15 09:38:59.915928,1.08608,1.08617,1.08594,1.08606,7462
2026-01-15 10:38:59.915928,1.08603,1.08614,1.08585,1.08598,10805
2026-01-15 11:38:59.915928,1.08591,1.08596,1.08589,1.0859,10614
2026-01-15 12:38:59.915928,1.08601,1.08609,1.08595,1.08606,5164
2026-01-15 13:38:59.915928,1.08622,1.08626,1.08622,1.08624,8169
2026-01-15 14:38:59.915928,1.08629,1.08639,1.08625,1.08632,5449
2026-01-15 15:38:59.915928,1.08623,1.08628,1.08616,1.08627,4257
2026-01-15 16:38:59.915928,1.08643,1.08651,1.08639,1.08647,8685
2026-01-15 17:38:59.915928,1.08631,1.0865,1.08624,1.08629,5473
2026-01-15 18:38:59.915928,1.08646,1.08655,1.08637,1.08651,10981
2026-01-15 19:38:59.915928,1.08637,1.08649,1.08626,1.08645,3293
2026-01-15 20:38:59.915928,1.0862,1.08635,1.08599,1.08618,7069
2026-01-15 21:38:59.915928,1.08647,1.0865,1.08639,1.08647,17169
2026-01-15 22:38:59.915928,1.08669,1.0869,1.08659,1.0868,5801
2026-01-15 23:38:59.915928,1.08691,1.08698,1.08691,1.08691,4179
2026-01-16 00:38:59.915928,1.08666,1.08667,1.0865,1.08657,4695
2026-01-16 01:38:59.915928,1.08679,1.08682,1.08669,1.08676,7491
2026-01-16 02:38:59.915928,1.08652,1.08656,1.0863,1.08641,1388
2026-01-16 03:38:59.915928,1.08647,1.08651,1.08645,1.08648,2356
2026-01-16 04:38:59.915928,1.0865,1.08651,1.08645,1.08646,2439
2026-01-16 05:38:59.915928,1.08651,1.08657,1.0865,1.0865,2451
2026-01-16 06:38:59.915928,1.08656,1.08666,1.08652,1.08654,5482
2026-01-16 07:38:59.915928,1.08661,1.08671,1.08654,1.08664,1595
2026-01-16 08:38:59.915928,1.08653,1.0866,1.08649,1.08657,2953
2026-01-16 09:38:59.915928,1.08657,1.08671,1.0865,1.08654,6012
2026-01-16 10:38:59.915928,1.08662,1.08667,1.08656,1.08665,9683
2026-01-16 11:38:59.915928,1.08665,1.08679,1.08661,1.08672,9004
2026-01-16 12:38:59.915928,1.08647,1.0865,1.0864,1.08644,1335
2026-01-16 13:38:59.915928,1.08653,1.08661,1.0863,1.08646,10651
2026-01-16 14:38:59.915928,1.08646,1.0865,1.08627,1.08634,3535
2026-01-16 15:38:59.915928,1.08653,1.08655,1.08649,1.08649,9979
2026-01-16 16:38:59.915928,1.08644,1.08652,1.08622,1.08627,5586
2026-01-16 17:38:59.915928,1.08629,1.08636,1.08628,1.08634,4213
2026-01-16 18:38:59.915928,1.08632,1.0866,1.08628,1.08647,5713
2026-01-16 19:38:59.915928,1.08635,1.08646,1.08631,1.08639,2941
2026-01-16 20:38:59.915928,1.08646,1.08659,1.08628,1.08657,6232
2026-01-16 21:38:59.915928,1.08627,1.08639,1.08623,1.08625,3316
2026-01-16 22:38:59.915928,1.08624,1.0863,1.08612,1.08616,2083
2026-01-16 23:38:59.915928,1.0863,1.08634,1.08613,1.08627,2518
2026-01-17 00:38:59.915928,1.08654,1.08671,1.08652,1.0866,1259
2026-01-17 01:38:59.915928,1.08641,1.08655,1.08624,1.08638,3850
2026-01-17 02:38:59.915928,1.08649,1.08654,1.08637,1.08646,3814
2026-01-17 03:38:59.915928,1.0867,1.08673,1.08668,1.08669,1820
2026-01-17 04:38:59.915928,1.0866,1.08665,1.0864,1.08648,625
2026-01-17 05:38:59.915928,1.08662,1.08666,1.08649,1.08655,2040
2026-01-17 06:38:59.915928,1.08651,1.08654,1.08644,1.08644,3506
2026-01-17 07:38:59.915928,1.08645,1.08655,1.08628,1.08653,1801
2026-01-17 08:38:59.915928,1.0864,1.08662,1.08638,1.08645,1490
2026-01-17 09:38:59.915928,1.08602,1.08608,1.08599,1.08602,21882
2026-01-17 10:38:59.915928,1.08605,1.08608,1.0859,1.08598,3495
2026-01-17 11:38:59.915928,1.08601,1.08608,1.08599,1.08605,2658
2026-01-17 12:38:59.915928,1.08584,1.08601,1.08576,1.08586,20636
2026-01-17 13:38:59.915928,1.08565,1.08584,1.08562,1.08572,11411
2026-01-17 14:38:59.915928,1.08556,1.08562,1.08543,1.0855,5665
2026-01-17 15:38:59.915928,1.08572,1.08595,1.08568,1.08571,1747
2026-01-17 16:38:59.915928,1.08547,1.08551,1.08541,1.0855,44449
2026-01-17 17:38:59.915928,1.08534,1.0855,1.08515,1.08541,10193
2026-01-17 18:38:59.915928,1.08535,1.08542,1.08521,1.0853,1033
2026-01-17 19:38:59.915928,1.08525,1.08544,1.08524,1.08524,10625
2026-01-17 20:38:59.915928,1.08505,1.08515,1.08488,1.08507,4783
2026-01-17 21:38:59.915928,1.08504,1.08523,1.08495,1.08521,1828
2026-01-17 22:38:59.915928,1.08527,1.08546,1.08514,1.08537,3113
2026-01-17 23:38:59.915928,1.08519,1.08523,1.08496,1.08511,2277
2026-01-18 00:38:59.915928,1.08529,1.08552,1.08527,1.08531,2333
2026-01-18 01:38:59.915928,1.08526,1.08538,1.08525,1.08526,2265
2026-01-18 02:38:59.915928,1.08547,1.08558,1.08537,1.08541,2197
2026-01-18 03:38:59.915928,1.08549,1.08559,1.08544,1.08547,3211
2026-01-18 04:38:59.915928,1.08541,1.08547,1.08535,1.08542,1791
2026-01-18 05:38:59.915928,1.08522,1.08531,1.08511,1.08515,1896
2026-01-18 06:38:59.915928,1.0851,1.08517,1.08483,1.085,624
2026-01-18 07:38:59.915928,1.08511,1.08511,1.08506,1.08509,629
2026-01-18 08:38:59.915928,1.08515,1.08531,1.08514,1.08516,2653
2026-01-18 09:38:59.915928,1.0852,1.08528,1.08513,1.08515,6531
2026-01-18 10:38:59.915928,1.08527,1.08542,1.08517,1.08531,9327
2026-01-18 11:38:59.915928,1.08543,1.08547,1.08533,1.08543,7264
2026-01-18 12:38:59.915928,1.08542,1.08547,1.0852,1.08537,9793
2026-01-18 13:38:59.915928,1.08548,1.08563,1.08541,1.08556,1790
2026-01-18 14:38:59.915928,1.08521,1.08536,1.08514,1.0852,10878
2026-01-18 15:38:59.915928,1.08483,1.08499,1.08472,1.08489,6806
2026-01-18 16:38:59.915928,1.08502,1.08512,1.08487,1.08501,7201
2026-01-18 17:38:59.915928,1.08507,1.08526,1.08499,1.08508,1240
2026-01-18 18:38:59.915928,1.08498,1.08503,1.08492,1.08494,6144
2026-01-18 19:38:59.915928,1.08487,1.08496,1.0848,1.0848,5512
2026-01-18 20:38:59.915928,1.08473,1.08488,1.08471,1.08479,7529
2026-01-18 21:38:59.915928,1.08475,1.0848,1.08467,1.08471,2749
2026-01-18 22:38:59.915928,1.08453,1.08457,1.08445,1.08452,3134
2026-01-18 23:38:59.915928,1.08444,1.08457,1.08429,1.08451,968
2026-01-19 00:38:59.915928,1.08468,1.08477,1.08466,1.08475,5191
2026-01-19 01:38:59.915928,1.08476,1.08476,1.08468,1.08476,2805
2026-01-19 02:38:59.915928,1.08468,1.08477,1.0846,1.08472,17057
2026-01-19 03:38:59.915928,1.08458,1.08464,1.08451,1.08457,2003
2026-01-19 04:38:59.915928,1.08466,1.0847,1.08452,1.08459,7364
2026-01-19 05:38:59.915928,1.08466,1.08471,1.08465,1.08469,4298
2026-01-19 06:38:59.915928,1.08473,1.08493,1.08463,1.08474,3082
2026-01-19 07:38:59.915928,1.08478,1.0848,1.08468,1.08473,1080
2026-01-19 08:38:59.915928,1.08477,1.08493,1.08471,1.08485,2851
2026-01-19 09:38:59.915928,1.08472,1.08484,1.08456,1.08477,10677
2026-01-19 10:38:59.915928,1.08463,1.08473,1.08454,1.0846,17656
2026-01-19 11:38:59.915928,1.08468,1.08469,1.0846,1.08464,1667
2026-01-19 12:38:59.915928,1.08473,1.08485,1.0846,1.08468,4847
2026-01-19 13:38:59.915928,1.08476,1.08498,1.08469,1.08492,15252
2026-01-19 14:38:59.915928,1.08475,1.08485,1.08466,1.08482,18060
2026-01-19 15:38:59.915928,1.08468,1.08471,1.08457,1.08467,4392
2026-01-19 16:38:59.915928,1.08458,1.08458,1.08444,1.08451,483
2026-01-19 17:38:59.915928,1.08455,1.0846,1.0844,1.0845,8501
2026-01-19 18:38:59.915928,1.08469,1.08473,1.08453,1.08464,11105
2026-01-19 19:38:59.915928,1.08459,1.0848,1.0844,1.08451,2705
2026-01-19 20:38:59.915928,1.08461,1.08477,1.08454,1.08472,12384
2026-01-19 21:38:59.915928,1.08467,1.08469,1.08455,1.08467,3258
2026-01-19 22:38:59.915928,1.08469,1.08474,1.08445,1.08464,8566
2026-01-19 23:38:59.915928,1.08479,1.08497,1.08468,1.08487,2786
2026-01-20 00:38:59.915928,1.08495,1.08505,1.08478,1.08494,1415
2026-01-20 01:38:59.915928,1.08523,1.08528,1.08512,1.08526,516
2026-01-20 02:38:59.915928,1.08537,1.08541,1.08537,1.08537,4893
2026-01-20 03:38:59.915928,1.08521,1.08529,1.08517,1.08522,1620
2026-01-20 04:38:59.915928,1.08527,1.0853,1.0852,1.08521,4339
2026-01-20 05:38:59.915928,1.0852,1.08523,1.08517,1.08519,1000
2026-01-20 06:38:59.915928,1.08523,1.08542,1.08512,1.08532,3969
2026-01-20 07:38:59.915928,1.08543,1.08552,1.08526,1.08532,2782
2026-01-20 08:38:59.915928,1.08537,1.08547,1.08521,1.08525,2552
2026-01-20 09:38:59.915928,1.08523,1.08535,1.08498,1.08517,9462
2026-01-20 10:38:59.915928,1.08534,1.0855,1.08514,1.08528,3504
2026-01-20 11:38:59.915928,1.08532,1.08549,1.08524,1.08532,3085
2026-01-20 12:38:59.915928,1.08529,1.08538,1.08518,1.08523,5318
2026-01-20 13:38:59.915928,1.08565,1.0857,1.08552,1.08557,1656
2026-01-20 14:38:59.915928,1.08559,1.0857,1.08552,1.08565,3302
2026-01-20 15:38:59.915928,1.08549,1.08551,1.08548,1.0855,5124
2026-01-20 16:38:59.915928,1.08537,1.08554,1.08526,1.08545,11802
2026-01-20 17:38:59.915928,1.08543,1.08551,1.08538,1.0855,7966
2026-01-20 18:38:59.915928,1.08534,1.08537,1.08522,1.08528,3608
2026-01-20 19:38:59.915928,1.08527,1.08544,1.08516,1.08533,26150
2026-01-20 20:38:59.915928,1.08538,1.0854,1.08535,1.08538,5112
2026-01-20 21:38:59.915928,1.08536,1.08555,1.08535,1.0854,990
2026-01-20 22:38:59.915928,1.08524,1.08531,1.08516,1.08518,5208
2026-01-20 23:38:59.915928,1.08522,1.08532,1.08519,1.08521,623
2026-01-21 00:38:59.915928,1.08547,1.08567,1.08534,1.08548,1029
2026-01-21 01:38:59.915928,1.08561,1.08566,1.08546,1.08555,677
2026-01-21 02:38:59.915928,1.08571,1.08586,1.08551,1.0858,1563
2026-01-21 03:38:59.915928,1.08591,1.08599,1.08578,1.08584,1457
2026-01-21 04:38:59.915928,1.08589,1.08593,1.08572,1.08582,3206
2026-01-21 05:38:59.915928,1.0859,1.08599,1.08574,1.08574,1716
2026-01-21 06:38:59.915928,1.08591,1.086,1.08577,1.08589,10399
2026-01-21 07:38:59.915928,1.08594,1.086,1.08594,1.08595,2165
2026-01-21 08:38:59.915928,1.08582,1.08592,1.08568,1.08581,6090
2026-01-21 09:38:59.915928,1.08579,1.08589,1.08573,1.08581,2341
2026-01-21 10:38:59.915928,1.0859,1.08604,1.08584,1.08597,27036
2026-01-21 11:38:59.915928,1.08595,1.08613,1.0859,1.08607,10623
2026-01-21 12:38:59.915928,1.08584,1.08589,1.08575,1.08581,2253
2026-01-21 13:38:59.915928,1.08579,1.08584,1.08571,1.08582,4564
2026-01-21 14:38:59.915928,1.08573,1.08582,1.08572,1.08581,5817
2026-01-21 15:38:59.915928,1.08573,1.08578,1.0857,1.08575,1931
2026-01-21 16:38:59.915928,1.08556,1.08562,1.08547,1.08551,6099
2026-01-21 17:38:59.915928,1.08549,1.08555,1.08545,1.08548,4254
2026-01-21 18:38:59.915928,1.08548,1.08555,1.08528,1.08541,6004
2026-01-21 19:38:59.915928,1.0855,1.08554,1.08544,1.08545,12369
2026-01-21 20:38:59.915928,1.08546,1.08552,1.08535,1.08552,1072
2026-01-21 21:38:59.915928,1.08538,1.08556,1.08537,1.08549,1461
2026-01-21 22:38:59.915928,1.08528,1.08533,1.08519,1.08525,5088
2026-01-21 23:38:59.915928,1.08555,1.08563,1.08549,1.08551,5518
2026-01-22 00:38:59.915928,1.08543,1.08556,1.08542,1.08543,2085
2026-01-22 01:38:59.915928,1.08533,1.08548,1.08521,1.08537,853
2026-01-22 02:38:59.915928,1.08524,1.08552,1.0852,1.08522,1892
2026-01-22 03:38:59.915928,1.08535,1.08548,1.08534,1.08539,5296
2026-01-22 04:38:59.915928,1.0853,1.08537,1.08512,1.08522,2105
2026-01-22 05:38:59.915928,1.08517,1.08528,1.08502,1.08509,2090
2026-01-22 06:38:59.915928,1.08539,1.08545,1.08536,1.08542,1470
2026-01-22 07:38:59.915928,1.08537,1.08567,1.08534,1.08545,3063
2026-01-22 08:38:59.915928,1.08544,1.08548,1.08539,1.08547,6558
2026-01-22 09:38:59.915928,1.08555,1.08567,1.0855,1.08552,3286
2026-01-22 10:38:59.915928,1.08543,1.08559,1.0854,1.08558,5145
2026-01-22 11:38:59.915928,1.08534,1.08538,1.08526,1.08534,7206
2026-01-22 12:38:59.915928,1.08517,1.08529,1.0849,1.08506,1636
2026-01-22 13:38:59.915928,1.08519,1.0853,1.08492,1.08507,1066
2026-01-22 14:38:59.915928,1.08529,1.08542,1.08521,1.08523,3154
2026-01-22 15:38:59.915928,1.08538,1.08554,1.08524,1.08535,4120
2026-01-22 16:38:59.915928,1.08542,1.08553,1.08538,1.08544,3896
2026-01-22 17:38:59.915928,1.08541,1.08545,1.08523,1.08544,15255
2026-01-22 18:38:59.915928,1.08542,1.08557,1.08534,1.08555,17900
2026-01-22 19:38:59.915928,1.08556,1.08569,1.08554,1.08568,5033
2026-01-22 20:38:59.915928,1.08552,1.08555,1.08526,1.08542,4688
2026-01-22 21:38:59.915928,1.0855,1.08555,1.08538,1.08544,2826
2026-01-22 22:38:59.915928,1.08544,1.08553,1.08529,1.08536,3270
2026-01-22 23:38:59.915928,1.08545,1.08546,1.08534,1.0854,1592
2026-01-23 00:38:59.915928,1.08539,1.08553,1.08539,1.08546,2342
2026-01-23 01:38:59.915928,1.08523,1.08527,1.08515,1.08522,4160
2026-01-23 02:38:59.915928,1.08498,1.08503,1.08494,1.085,4089
2026-01-23 03:38:59.915928,1.085,1.08506,1.08496,1.08499,3861
2026-01-23 04:38:59.915928,1.08495,1.08498,1.08475,1.08485,1823
2026-01-23 05:38:59.915928,1.08507,1.08518,1.08499,1.08508,1467
2026-01-23 06:38:59.915928,1.08498,1.08506,1.08489,1.08497,1944
2026-01-23 07:38:59.915928,1.08478,1.0848,1.08465,1.08477,4901
2026-01-23 08:38:59.915928,1.08481,1.08495,1.08478,1.08485,3742
2026-01-23 09:38:59.915928,1.08499,1.08509,1.08487,1.08507,2832
2026-01-23 10:38:59.915928,1.08499,1.08504,1.08482,1.08496,3774
2026-01-23 11:38:59.915928,1.08483,1.08497,1.08465,1.08467,1374
2026-01-23 12:38:59.915928,1.08477,1.08477,1.0845,1.08472,3300
2026-01-23 13:38:59.915928,1.08469,1.08482,1.08455,1.08462,1900
2026-01-23 14:38:59.915928,1.08453,1.08467,1.0845,1.08456,2775
2026-01-23 15:38:59.915928,1.08447,1.08457,1.08433,1.08444,1198
2026-01-23 16:38:59.915928,1.08432,1.08446,1.08418,1.08424,510
2026-01-23 17:38:59.915928,1.08397,1.08411,1.08393,1.08394,5162
2026-01-23 18:38:59.915928,1.08409,1.0841,1.08406,1.0841,1674
2026-01-23 19:38:59.915928,1.08404,1.08413,1.08388,1.08404,4435
2026-01-23 20:38:59.915928,1.08403,1.08407,1.08389,1.08402,3636
2026-01-23 21:38:59.915928,1.08411,1.08422,1.08408,1.08415,6480
2026-01-23 22:38:59.915928,1.08415,1.0842,1.08399,1.08407,4880
2026-01-23 23:38:59.915928,1.08407,1.08421,1.08404,1.08414,17315
2026-01-24 00:38:59.915928,1.08409,1.08437,1.08407,1.0841,1433
2026-01-24 01:38:59.915928,1.08408,1.08417,1.08398,1.08413,3261
2026-01-24 02:38:59.915928,1.08405,1.08406,1.08392,1.08399,2419
2026-01-24 03:38:59.915928,1.08395,1.08396,1.08388,1.08391,1847
2026-01-24 04:38:59.915928,1.08401,1.08417,1.08384,1.08414,4703
2026-01-24 05:38:59.915928,1.08376,1.08399,1.08369,1.08382,2957
2026-01-24 06:38:59.915928,1.08382,1.08386,1.08382,1.08386,984
2026-01-24 07:38:59.915928,1.08379,1.08398,1.08356,1.08365,2403
2026-01-24 08:38:59.915928,1.08393,1.08401,1.08391,1.08392,5055
2026-01-24 09:38:59.915928,1.08396,1.08403,1.08373,1.08379,7549
2026-01-24 10:38:59.915928,1.084,1.08414,1.08393,1.08394,437
2026-01-24 11:38:59.915928,1.08381,1.08396,1.08361,1.08374,6602
2026-01-24 12:38:59.915928,1.08385,1.08404,1.08379,1.08387,3530
2026-01-24 13:38:59.915928,1.08383,1.08386,1.08367,1.08379,2898
2026-01-24 14:38:59.915928,1.08412,1.08419,1.08398,1.0841,2283
2026-01-24 15:38:59.915928,1.08391,1.08391,1.08383,1.08386,3480
2026-01-24 16:38:59.915928,1.08386,1.08395,1.08376,1.08382,4095
2026-01-24 17:38:59.915928,1.08407,1.0842,1.08401,1.0841,4495
2026-01-24 18:38:59.915928,1.08416,1.08423,1.08412,1.08416,9751
2026-01-24 19:38:59.915928,1.08421,1.08425,1.08413,1.08424,9830
2026-01-24 20:38:59.915928,1.08431,1.08431,1.08425,1.08425,4546
2026-01-24 21:38:59.915928,1.08445,1.08452,1.08428,1.08443,9164
2026-01-24 22:38:59.915928,1.08456,1.08457,1.08451,1.08453,7161
2026-01-24 23:38:59.915928,1.08443,1.08457,1.08442,1.08455,1213
2026-01-25 00:38:59.915928,1.08458,1.08474,1.08442,1.08449,391
2026-01-25 01:38:59.915928,1.08469,1.08479,1.08466,1.08475,5068
2026-01-25 02:38:59.915928,1.08466,1.08474,1.08443,1.0846,3876
2026-01-25 03:38:59.915928,1.08454,1.08454,1.0844,1.08449,6247
2026-01-25 04:38:59.915928,1.08471,1.08475,1.08463,1.08471,8022
2026-01-25 05:38:59.915928,1.08483,1.08484,1.08479,1.08482,5446
2026-01-25 06:38:59.915928,1.08493,1.08501,1.0849,1.08494,1749
2026-01-25 07:38:59.915928,1.08525,1.08534,1.08517,1.08531,945
2026-01-25 08:38:59.915928,1.08516,1.08525,1.08501,1.08517,1078
2026-01-25 09:38:59.915928,1.08534,1.08538,1.08531,1.08534,10025
2026-01-25 10:38:59.915928,1.08534,1.08546,1.08525,1.08538,5741
2026-01-25 11:38:59.915928,1.08526,1.08533,1.08512,1.08532,1934
2026-01-25 12:38:59.915928,1.08506,1.08514,1.08505,1.08511,10486
2026-01-25 13:38:59.915928,1.08483,1.08486,1.0847,1.08475,5941
2026-01-25 14:38:59.915928,1.08505,1.08523,1.08505,1.0851,8963
2026-01-25 15:38:59.915928,1.08477,1.08478,1.08455,1.08466,2676
2026-01-25 16:38:59.915928,1.08486,1.08498,1.08467,1.0847,2813
2026-01-25 17:38:59.915928,1.08466,1.08477,1.08456,1.08468,17962
2026-01-25 18:38:59.915928,1.08442,1.08459,1.08433,1.08453,7133
2026-01-25 19:38:59.915928,1.08434,1.08442,1.08412,1.08425,1713
2026-01-25 20:38:59.915928,1.08454,1.08473,1.0844,1.08468,4202
2026-01-25 21:38:59.915928,1.08432,1.0845,1.0842,1.08437,1867
2026-01-25 22:38:59.915928,1.0842,1.08421,1.08404,1.08415,3609
2026-01-25 23:38:59.915928,1.08421,1.0843,1.08411,1.08416,739
2026-01-26 00:38:59.915928,1.08394,1.08405,1.08394,1.08403,5008
2026-01-26 01:38:59.915928,1.08409,1.08421,1.08405,1.08414,856
2026-01-26 02:38:59.915928,1.084,1.08405,1.08387,1.08391,3835
2026-01-26 03:38:59.915928,1.08398,1.08413,1.08391,1.08406,395
2026-01-26 04:38:59.915928,1.08411,1.08419,1.08398,1.08409,2245
2026-01-26 05:38:59.915928,1.08431,1.08439,1.08428,1.08435,3369
2026-01-26 06:38:59.915928,1.0839,1.08404,1.08386,1.08391,2620
2026-01-26 07:38:59.915928,1.08421,1.08433,1.08407,1.08412,691
2026-01-26 08:38:59.915928,1.08435,1.0844,1.08425,1.0843,5652
2026-01-26 09:38:59.915928,1.0844,1.0845,1.08425,1.08434,7338
2026-01-26 10:38:59.915928,1.08446,1.08455,1.08444,1.08447,2504
2026-01-26 11:38:59.915928,1.0842,1.0843,1.08414,1.08428,3201
2026-01-26 12:38:59.915928,1.08445,1.08463,1.08441,1.08441,5072
2026-01-26 13:38:59.915928,1.08445,1.0846,1.08435,1.08449,2749
2026-01-26 14:38:59.915928,1.0844,1.08455,1.08431,1.08452,606
2026-01-26 15:38:59.915928,1.08448,1.0845,1.08422,1.0844,7231
2026-01-26 16:38:59.915928,1.08417,1.08428,1.08417,1.08419,10228
2026-01-26 17:38:59.915928,1.08436,1.08448,1.0842,1.08423,5468
2026-01-26 18:38:59.915928,1.08441,1.08449,1.08437,1.08441,9368
2026-01-26 19:38:59.915928,1.08433,1.08434,1.08421,1.08424,17282
2026-01-26 20:38:59.915928,1.08424,1.08431,1.08416,1.08425,8420
2026-01-26 21:38:59.915928,1.08427,1.0843,1.08419,1.08421,7958
2026-01-26 22:38:59.915928,1.08421,1.08429,1.08416,1.08422,3896
2026-01-26 23:38:59.915928,1.08424,1.08435,1.08423,1.08432,1001
2026-01-27 00:38:59.915928,1.08413,1.08416,1.08399,1.08408,6008
2026-01-27 01:38:59.915928,1.08417,1.08423,1.0841,1.08411,2138
2026-01-27 02:38:59.915928,1.08412,1.08441,1.0841,1.08421,879
2026-01-27 03:38:59.915928,1.08405,1.08416,1.08393,1.08393,1167
2026-01-27 04:38:59.915928,1.08399,1.08406,1.08396,1.08404,1615
2026-01-27 05:38:59.915928,1.08397,1.08401,1.08389,1.08397,4603
2026-01-27 06:38:59.915928,1.08391,1.08394,1.08383,1.08387,2692
2026-01-27 07:38:59.915928,1.08377,1.08384,1.08367,1.08372,2405
2026-01-27 08:38:59.915928,1.08373,1.08377,1.08369,1.0837,1669
2026-01-27 09:38:59.915928,1.08389,1.08397,1.08381,1.08388,3297
2026-01-27 10:38:59.915928,1.08379,1.08403,1.08376,1.08386,7775
2026-01-27 11:38:59.915928,1.08375,1.08386,1.0836,1.08361,1998
2026-01-27 12:38:59.915928,1.08379,1.08396,1.0837,1.08391,4368
2026-01-27 13:38:59.915928,1.08373,1.08378,1.08364,1.08367,2684
2026-01-27 14:38:59.915928,1.08372,1.08383,1.08372,1.08376,1037
2026-01-27 15:38:59.915928,1.08389,1.08401,1.08365,1.08399,7536
2026-01-27 16:38:59.915928,1.08381,1.08385,1.08362,1.0838,12194
2026-01-27 17:38:59.915928,1.08385,1.08419,1.08382,1.08401,4932
2026-01-27 18:38:59.915928,1.08401,1.08425,1.08397,1.08406,29768
2026-01-27 19:38:59.915928,1.08413,1.08418,1.0841,1.08414,14243
2026-01-27 20:38:59.915928,1.08402,1.08409,1.08388,1.08399,4273
2026-01-27 21:38:59.915928,1.08405,1.08406,1.08398,1.08401,7373
2026-01-27 22:38:59.915928,1.08395,1.0841,1.08377,1.08389,6603
2026-01-27 23:38:59.915928,1.08404,1.08408,1.08396,1.08398,5764
2026-01-28 00:38:59.915928,1.08404,1.08429,1.08386,1.08403,1621
2026-01-28 01:38:59.915928,1.08408,1.08436,1.08395,1.08405,1996
2026-01-28 02:38:59.915928,1.08399,1.08399,1.08383,1.08399,3104
2026-01-28 03:38:59.915928,1.08392,1.08404,1.08373,1.08386,2188
2026-01-28 04:38:59.915928,1.08391,1.0841,1.0837,1.08377,1193
2026-01-28 05:38:59.915928,1.08396,1.08405,1.08384,1.08405,1539
2026-01-28 06:38:59.915928,1.08394,1.08404,1.08387,1.08398,486
2026-01-28 07:38:59.915928,1.08401,1.08406,1.08394,1.08403,2478
2026-01-28 08:38:59.915928,1.08401,1.08415,1.08392,1.08413,3450
2026-01-28 09:38:59.915928,1.08397,1.08403,1.0839,1.08391,8700
2026-01-28 10:38:59.915928,1.0842,1.08429,1.08411,1.08422,2227
2026-01-28 11:38:59.915928,1.08405,1.08421,1.08402,1.08409,11274
2026-01-28 12:38:59.915928,1.08391,1.08401,1.08383,1.08393,5307
2026-01-28 13:38:59.915928,1.08415,1.0843,1.08389,1.08406,3366
2026-01-28 14:38:59.915928,1.08419,1.08425,1.08396,1.08413,7550
2026-01-28 15:38:59.915928,1.08414,1.08444,1.08402,1.08432,2188
2026-01-28 16:38:59.915928,1.08397,1.08407,1.0839,1.08398,8814
2026-01-28 17:38:59.915928,1.08392,1.08402,1.08381,1.08384,4205
2026-01-28 18:38:59.915928,1.08383,1.08397,1.08376,1.08389,8545
2026-01-28 19:38:59.915928,1.08418,1.08436,1.08414,1.08423,5955
2026-01-28 20:38:59.915928,1.08432,1.08438,1.0843,1.08436,1297
2026-01-28 21:38:59.915928,1.08429,1.08437,1.08423,1.08435,313
2026-01-28 22:38:59.915928,1.08436,1.08443,1.08422,1.08435,4872
2026-01-28 23:38:59.915928,1.08414,1.08419,1.0841,1.08415,1418
2026-01-29 00:38:59.915928,1.08419,1.08424,1.08398,1.08418,6763
2026-01-29 01:38:59.915928,1.08404,1.08424,1.08396,1.08411,2424
2026-01-29 02:38:59.915928,1.0841,1.08421,1.0841,1.08418,2515
2026-01-29 03:38:59.915928,1.08418,1.08425,1.08404,1.08407,5191
2026-01-29 04:38:59.915928,1.08429,1.08429,1.08412,1.08426,6706
2026-01-29 05:38:59.915928,1.08435,1.08448,1.08432,1.08442,7225
2026-01-29 06:38:59.915928,1.08429,1.08437,1.08415,1.08424,4622
2026-01-29 07:38:59.915928,1.08433,1.08438,1.08411,1.08426,2900
2026-01-29 08:38:59.915928,1.08443,1.08458,1.08437,1.08448,1436
2026-01-29 09:38:59.915928,1.08455,1.08462,1.0843,1.08443,3649
2026-01-29 10:38:59.915928,1.08435,1.0845,1.0843,1.08431,4242
2026-01-29 11:38:59.915928,1.08453,1.08466,1.08447,1.08463,8585
2026-01-29 12:38:59.915928,1.08435,1.08436,1.08419,1.08431,5186
2026-01-29 13:38:59.915928,1.08447,1.08456,1.08439,1.08447,6951
2026-01-29 14:38:59.915928,1.0844,1.08443,1.08435,1.08442,1836
2026-01-29 15:38:59.915928,1.08439,1.08449,1.08418,1.08424,4039
2026-01-29 16:38:59.915928,1.08437,1.0845,1.08431,1.08444,2731
2026-01-29 17:38:59.915928,1.08439,1.08456,1.08432,1.08442,6765
2026-01-29 18:38:59.915928,1.08421,1.08427,1.08394,1.08413,8711
2026-01-29 19:38:59.915928,1.08399,1.08409,1.08383,1.08395,3839
2026-01-29 20:38:59.915928,1.08401,1.08419,1.0837,1.08392,3741
2026-01-29 21:38:59.915928,1.08381,1.08388,1.08379,1.08382,1572
2026-01-29 22:38:59.915928,1.08373,1.08392,1.08352,1.08382,1054
2026-01-29 23:38:59.915928,1.08386,1.08389,1.08379,1.08388,4453
2026-01-30 00:38:59.915928,1.08384,1.08388,1.08376,1.0838,9421
2026-01-30 01:38:59.915928,1.08374,1.08395,1.08366,1.08378,1983
2026-01-30 02:38:59.915928,1.0837,1.08372,1.08364,1.08364,1936
2026-01-30 03:38:59.915928,1.08383,1.08401,1.0837,1.08381,2004
2026-01-30 04:38:59.915928,1.0838,1.08384,1.08363,1.08371,3271
2026-01-30 05:38:59.915928,1.08354,1.08369,1.08353,1.0836,1498
2026-01-30 06:38:59.915928,1.08367,1.08374,1.08363,1.08363,1764
2026-01-30 07:38:59.915928,1.08357,1.08367,1.08351,1.08352,1474
2026-01-30 08:38:59.915928,1.0834,1.08347,1.08317,1.08333,9657
2026-01-30 09:38:59.915928,1.08354,1.08354,1.08336,1.08349,1748
2026-01-30 10:38:59.915928,1.08349,1.08367,1.08334,1.08354,3169
2026-01-30 11:38:59.915928,1.08357,1.08386,1.08356,1.08371,2514
2026-01-30 12:38:59.915928,1.0834,1.08342,1.08336,1.08341,1186
2026-01-30 13:38:59.915928,1.08342,1.08352,1.08334,1.08339,9880
2026-01-30 14:38:59.915928,1.08326,1.08334,1.08318,1.08331,5270
2026-01-30 15:38:59.915928,1.08352,1.08362,1.08351,1.08357,3980
2026-01-30 16:38:59.915928,1.08371,1.08388,1.08365,1.08381,1358
2026-01-30 17:38:59.915928,1.0837,1.08373,1.08369,1.08371,1536
2026-01-30 18:38:59.915928,1.08379,1.0838,1.08363,1.08373,3345
2026-01-30 19:38:59.915928,1.08382,1.08398,1.08377,1.0838,4840
2026-01-30 20:38:59.915928,1.08363,1.08375,1.08358,1.08363,3182
2026-01-30 21:38:59.915928,1.08361,1.08365,1.08344,1.08361,1038
2026-01-30 22:38:59.915928,1.08348,1.08361,1.08342,1.08353,4815
2026-01-30 23:38:59.915928,1.08324,1.08341,1.08322,1.08334,4120
2026-01-31 00:38:59.915928,1.08322,1.08332,1.0832,1.08325,3146
2026-01-31 01:38:59.915928,1.08334,1.08336,1.08324,1.08329,780
2026-01-31 02:38:59.915928,1.08333,1.08335,1.08326,1.0833,756
2026-01-31 03:38:59.915928,1.08333,1.08339,1.08322,1.08327,4242
2026-01-31 04:38:59.915928,1.08339,1.08352,1.08335,1.08347,2287
2026-01-31 05:38:59.915928,1.08343,1.08378,1.08339,1.08354,3202
2026-01-31 06:38:59.915928,1.08331,1.08336,1.08321,1.08336,4673
2026-01-31 07:38:59.915928,1.08344,1.08349,1.08331,1.08346,3749
2026-01-31 08:38:59.915928,1.0835,1.08357,1.0834,1.08351,7590
2026-01-31 09:38:59.915928,1.08331,1.08334,1.08313,1.08321,6942
2026-01-31 10:38:59.915928,1.08323,1.08334,1.08315,1.0832,11682
2026-01-31 11:38:59.915928,1.08343,1.08347,1.08325,1.08339,5863
2026-01-31 12:38:59.915928,1.08361,1.0837,1.08352,1.08358,1582
2026-01-31 13:38:59.915928,1.08365,1.08374,1.08363,1.08371,2707
2026-01-31 14:38:59.915928,1.08365,1.08378,1.08348,1.08362,18796
2026-01-31 15:38:59.915928,1.08329,1.0834,1.08316,1.08336,3848
2026-01-31 16:38:59.915928,1.08324,1.08341,1.08311,1.08337,5607
2026-01-31 17:38:59.915928,1.0835,1.08356,1.08322,1.08333,5159
2026-01-31 18:38:59.915928,1.08321,1.08344,1.08309,1.08329,6321
2026-01-31 19:38:59.915928,1.08327,1.08342,1.08321,1.0833,2064
2026-01-31 20:38:59.915928,1.08326,1.08332,1.08309,1.08327,5181
2026-01-31 21:38:59.915928,1.08332,1.08338,1.08326,1.0833,1188
2026-01-31 22:38:59.915928,1.08343,1.0835,1.08333,1.08345,1213
2026-01-31 23:38:59.915928,1.08358,1.0836,1.08346,1.08349,30397
2026-02-01 00:38:59.915928,1.08307,1.08311,1.08306,1.0831,787
2026-02-01 01:38:59.915928,1.08303,1.08307,1.08302,1.08306,2250
2026-02-01 02:38:59.915928,1.08317,1.08333,1.08309,1.08318,1060
2026-02-01 03:38:59.915928,1.08293,1.08305,1.08277,1.08293,535
2026-02-01 04:38:59.915928,1.0829,1.08293,1.08277,1.0829,3965
2026-02-01 05:38:59.915928,1.08301,1.08304,1.08293,1.08302,2903
2026-02-01 06:38:59.915928,1.0831,1.08316,1.08305,1.08315,1472
2026-02-01 07:38:59.915928,1.08291,1.08293,1.08283,1.08292,1421
2026-02-01 08:38:59.915928,1.0831,1.08313,1.08298,1.08302,8370
2026-02-01 09:38:59.915928,1.08303,1.08309,1.08294,1.08303,5014
2026-02-01 10:38:59.915928,1.08317,1.08328,1.08305,1.08312,2892
2026-02-01 11:38:59.915928,1.08324,1.08337,1.08313,1.08332,4967
2026-02-01 12:38:59.915928,1.08338,1.08343,1.08337,1.08338,9763
2026-02-01 13:38:59.915928,1.08335,1.08344,1.08324,1.08339,45012
2026-02-01 14:38:59.915928,1.08334,1.08345,1.08324,1.0834,9543
2026-02-01 15:38:59.915928,1.083,1.08302,1.08282,1.08297,1656
2026-02-01 16:38:59.915928,1.08298,1.08309,1.08292,1.083,9031
2026-02-01 17:38:59.915928,1.0829,1.08294,1.08287,1.0829,10351
2026-02-01 18:38:59.915928,1.08289,1.083,1.08287,1.08289,2449
2026-02-01 19:38:59.915928,1.08289,1.0829,1.08289,1.08289,14947
2026-02-01 20:38:59.915928,1.08287,1.08305,1.08274,1.08292,598
2026-02-01 21:38:59.915928,1.0829,1.08306,1.08289,1.08304,2841
2026-02-01 22:38:59.915928,1.08294,1.08296,1.08292,1.08296,8494
2026-02-01 23:38:59.915928,1.08292,1.08304,1.08285,1.08295,4533
2026-02-02 00:38:59.915928,1.08281,1.08288,1.08276,1.08277,1747
2026-02-02 01:38:59.915928,1.08289,1.08311,1.08283,1.08287,3691
2026-02-02 02:38:59.915928,1.08282,1.08294,1.08274,1.08282,1643
2026-02-02 03:38:59.915928,1.08274,1.08293,1.08257,1.08266,4217
2026-02-02 04:38:59.915928,1.08278,1.08279,1.08265,1.08273,774
2026-02-02 05:38:59.915928,1.08291,1.08297,1.08281,1.08294,2030
2026-02-02 06:38:59.915928,1.08321,1.08337,1.08316,1.08334,703
2026-02-02 07:38:59.915928,1.08332,1.08337,1.08328,1.08328,2424
2026-02-02 08:38:59.915928,1.08361,1.08362,1.08355,1.08356,1739
2026-02-02 09:38:59.915928,1.08348,1.08367,1.08346,1.08352,18360
2026-02-02 10:38:59.915928,1.08343,1.08353,1.08335,1.08347,18411
2026-02-02 11:38:59.915928,1.08332,1.08348,1.08328,1.08341,12199
2026-02-02 12:38:59.915928,1.0832,1.08343,1.08311,1.08331,3985
2026-02-02 13:38:59.915928,1.08336,1.08336,1.08312,1.08322,1414
2026-02-02 14:38:59.915928,1.08309,1.08315,1.08295,1.0831,2834
2026-02-02 15:38:59.915928,1.08301,1.08316,1.08294,1.08311,5469
2026-02-02 16:38:59.915928,1.08305,1.08312,1.08301,1.08304,3771
2026-02-02 17:38:59.915928,1.08273,1.08286,1.08263,1.08268,8979
2026-02-02 18:38:59.915928,1.08269,1.08271,1.08264,1.08266,7027
2026-02-02 19:38:59.915928,1.08252,1.08256,1.08245,1.08256,9860
2026-02-02 20:38:59.915928,1.08239,1.08252,1.0822,1.0824,6809
2026-02-02 21:38:59.915928,1.08227,1.08231,1.08215,1.08222,3316
2026-02-02 22:38:59.915928,1.08227,1.08242,1.08216,1.08224,8759
2026-02-02 23:38:59.915928,1.08238,1.08245,1.08237,1.08238,9659
2026-02-03 00:38:59.915928,1.08246,1.08258,1.08228,1.08245,7926
2026-02-03 01:38:59.915928,1.08256,1.08264,1.08243,1.08259,556
2026-02-03 02:38:59.915928,1.08261,1.08263,1.08253,1.08259,1198
2026-02-03 03:38:59.915928,1.08277,1.08288,1.0826,1.0827,1152
2026-02-03 04:38:59.915928,1.0828,1.08286,1.08271,1.08277,533
2026-02-03 05:38:59.915928,1.08291,1.08291,1.08276,1.08281,1774
2026-02-03 06:38:59.915928,1.08284,1.08301,1.0827,1.08287,12663
2026-02-03 07:38:59.915928,1.08279,1.08293,1.08273,1.08286,1724
2026-02-03 08:38:59.915928,1.08297,1.08309,1.08294,1.08297,6810
2026-02-03 09:38:59.915928,1.08303,1.0831,1.08299,1.08302,4631
2026-02-03 10:38:59.915928,1.08314,1.08315,1.083,1.08309,4330
2026-02-03 11:38:59.915928,1.08323,1.08345,1.08321,1.08323,1745
2026-02-03 12:38:59.915928,1.08341,1.0835,1.08337,1.08344,6937
2026-02-03 13:38:59.915928,1.08342,1.08348,1.08329,1.08346,2503
2026-02-03 14:38:59.915928,1.08337,1.08348,1.0833,1.08346,3375
2026-02-03 15:38:59.915928,1.08354,1.08361,1.08333,1.08347,13590
2026-02-03 16:38:59.915928,1.08356,1.08364,1.0835,1.08351,6663
2026-02-03 17:38:59.915928,1.08334,1.08337,1.08329,1.0833,1671
2026-02-03 18:38:59.915928,1.08342,1.08347,1.08329,1.08336,14618
2026-02-03 19:38:59.915928,1.08342,1.08349,1.08338,1.08342,3583
2026-02-03 20:38:59.915928,1.08339,1.08349,1.0833,1.08337,9907
2026-02-03 21:38:59.915928,1.08349,1.08352,1.08349,1.0835,2874
2026-02-03 22:38:59.915928,1.08333,1.08337,1.08328,1.08331,847
2026-02-03 23:38:59.915928,1.08306,1.08319,1.08299,1.08305,5508
2026-02-04 00:38:59.915928,1.08307,1.08308,1.08284,1.08303,4543
2026-02-04 01:38:59.915928,1.08305,1.08319,1.08292,1.08309,783
2026-02-04 02:38:59.915928,1.08298,1.08316,1.08284,1.08303,1819
2026-02-04 03:38:59.915928,1.08305,1.08313,1.08281,1.08303,8920
2026-02-04 04:38:59.915928,1.08302,1.08311,1.08301,1.08302,3093
2026-02-04 05:38:59.915928,1.08276,1.0828,1.08254,1.08262,2628
2026-02-04 06:38:59.915928,1.08277,1.08278,1.0826,1.08267,1011
2026-02-04 07:38:59.915928,1.08271,1.08277,1.08252,1.08262,11378
2026-02-04 08:38:59.915928,1.08274,1.08281,1.08258,1.08265,2810
2026-02-04 09:38:59.915928,1.08271,1.0828,1.0826,1.08265,5258
2026-02-04 10:38:59.915928,1.08229,1.08248,1.08215,1.08238,2378
2026-02-04 11:38:59.915928,1.08237,1.08251,1.08236,1.08245,1142
2026-02-04 12:38:59.915928,1.08212,1.08236,1.08197,1.08219,10364
2026-02-04 13:38:59.915928,1.08198,1.08212,1.08197,1.0821,9247
2026-02-04 14:38:59.915928,1.08203,1.08208,1.08199,1.08205,1276
2026-02-04 15:38:59.915928,1.08196,1.08199,1.08192,1.08198,2006
2026-02-04 16:38:59.915928,1.08183,1.08189,1.0817,1.08178,4130
2026-02-04 17:38:59.915928,1.08192,1.082,1.08181,1.08189,5500
2026-02-04 18:38:59.915928,1.08186,1.08191,1.08183,1.08188,2112
2026-02-04 19:38:59.915928,1.08174,1.08184,1.08162,1.08168,3864
2026-02-04 20:38:59.915928,1.082,1.0821,1.08186,1.08193,20712
2026-02-04 21:38:59.915928,1.08195,1.08204,1.08185,1.08199,2639
2026-02-04 22:38:59.915928,1.08188,1.08216,1.08179,1.08197,3215
2026-02-04 23:38:59.915928,1.08189,1.08194,1.08173,1.08194,1765
2026-02-05 00:38:59.915928,1.08187,1.08193,1.08165,1.08181,5120
2026-02-05 01:38:59.915928,1.08187,1.08196,1.0817,1.08189,3736
2026-02-05 02:38:59.915928,1.08181,1.08207,1.08174,1.08187,667
2026-02-05 03:38:59.915928,1.08184,1.08196,1.08163,1.08172,1176
2026-02-05 04:38:59.915928,1.08184,1.08193,1.08182,1.0819,1775
2026-02-05 05:38:59.915928,1.08178,1.08182,1.08177,1.0818,1394
2026-02-05 06:38:59.915928,1.08146,1.08151,1.08129,1.08148,1538
2026-02-05 07:38:59.915928,1.08163,1.08165,1.08154,1.08162,871
2026-02-05 08:38:59.915928,1.08167,1.0819,1.08165,1.08168,10547
2026-02-05 09:38:59.915928,1.08168,1.08169,1.08159,1.08163,2248
2026-02-05 10:38:59.915928,1.08165,1.0818,1.08162,1.08171,5722
2026-02-05 11:38:59.915928,1.08171,1.08173,1.08158,1.08166,6787
2026-02-05 12:38:59.915928,1.08198,1.08201,1.08188,1.0819,10892
2026-02-05 13:38:59.915928,1.08195,1.08204,1.0819,1.08196,6933
2026-02-05 14:38:59.915928,1.0821,1.08219,1.08204,1.08207,1120
2026-02-05 15:38:59.915928,1.08192,1.08196,1.08177,1.08191,2202
2026-02-05 16:38:59.915928,1.0819,1.08197,1.08167,1.08182,4537
2026-02-05 17:38:59.915928,1.08188,1.08195,1.08174,1.08191,3183
2026-02-05 18:38:59.915928,1.08171,1.08174,1.08169,1.0817,39784
2026-02-05 19:38:59.915928,1.08175,1.08183,1.08165,1.08176,14616
2026-02-05 20:38:59.915928,1.08184,1.0819,1.08172,1.08178,1947
2026-02-05 21:38:59.915928,1.08189,1.08198,1.08185,1.08192,4444
2026-02-05 22:38:59.915928,1.08201,1.08206,1.08195,1.08204,1425
2026-02-05 23:38:59.915928,1.08205,1.08211,1.08188,1.08189,1829
2026-02-06 00:38:59.915928,1.08198,1.08216,1.08188,1.08189,7803
2026-02-06 01:38:59.915928,1.08211,1.08214,1.0821,1.0821,11928
2026-02-06 02:38:59.915928,1.08215,1.08228,1.08215,1.0822,2722
2026-02-06 03:38:59.915928,1.08204,1.0821,1.0819,1.08197,623
2026-02-06 04:38:59.915928,1.08221,1.08222,1.08221,1.08221,1131
2026-02-06 05:38:59.915928,1.08229,1.08239,1.08221,1.08225,970
2026-02-06 06:38:59.915928,1.0823,1.08238,1.08217,1.08218,1258
2026-02-06 07:38:59.915928,1.08214,1.08219,1.08209,1.0821,3908
2026-02-06 08:38:59.915928,1.08232,1.08232,1.0823,1.08232,2998
2026-02-06 09:38:59.915928,1.08229,1.08241,1.08211,1.08234,7287
2026-02-06 10:38:59.915928,1.08243,1.08251,1.08231,1.0824,2329
2026-02-06 11:38:59.915928,1.08243,1.08255,1.0824,1.08248,1915
2026-02-06 12:38:59.915928,1.08237,1.08253,1.08235,1.08242,3816
2026-02-06 13:38:59.915928,1.08229,1.08233,1.08225,1.0823,5060
2026-02-06 14:38:59.915928,1.08225,1.08233,1.08215,1.08218,3253
2026-02-06 15:38:59.915928,1.08238,1.08247,1.08229,1.08232,3729
2026-02-06 16:38:59.915928,1.08235,1.08253,1.08205,1.08226,2874
2026-02-06 17:38:59.915928,1.08221,1.0823,1.08207,1.08229,7021
2026-02-06 18:38:59.915928,1.08223,1.08246,1.08215,1.08224,5454
2026-02-06 19:38:59.915928,1.08258,1.0827,1.08251,1.08259,8354
2026-02-06 20:38:59.915928,1.08233,1.08234,1.08213,1.08224,7303
2026-02-06 21:38:59.915928,1.08234,1.08254,1.08227,1.08236,15419
2026-02-06 22:38:59.915928,1.08223,1.08234,1.08214,1.08219,2386
2026-02-06 23:38:59.915928,1.08213,1.08217,1.0821,1.08217,1548
2026-02-07 00:38:59.915928,1.08221,1.08229,1.0821,1.08214,1736
2026-02-07 01:38:59.915928,1.08222,1.08229,1.08218,1.08229,2336
2026-02-07 02:38:59.915928,1.08226,1.08226,1.08218,1.08219,3832
2026-02-07 03:38:59.915928,1.08243,1.08261,1.08235,1.08237,2769
2026-02-07 04:38:59.915928,1.08269,1.0827,1.08261,1.08268,1445
2026-02-07 05:38:59.915928,1.08261,1.08262,1.08249,1.08259,1847
2026-02-07 06:38:59.915928,1.08286,1.083,1.08283,1.08285,2448
2026-02-07 07:38:59.915928,1.08293,1.08306,1.08281,1.08299,8556
2026-02-07 08:38:59.915928,1.08293,1.08298,1.08278,1.08293,8450
2026-02-07 09:38:59.915928,1.08302,1.08315,1.0829,1.08302,3416
2026-02-07 10:38:59.915928,1.08323,1.08329,1.08322,1.08324,1469
2026-02-07 11:38:59.915928,1.08335,1.08347,1.08325,1.08329,1733
2026-02-07 12:38:59.915928,1.08339,1.08356,1.08326,1.0834,1028
2026-02-07 13:38:59.915928,1.08335,1.08342,1.08317,1.08327,1190
2026-02-07 14:38:59.915928,1.08303,1.0831,1.08295,1.08303,3059
2026-02-07 15:38:59.915928,1.08322,1.08325,1.08319,1.0832,8552
2026-02-07 16:38:59.915928,1.08309,1.08315,1.08292,1.08311,17801
2026-02-07 17:38:59.915928,1.08301,1.08304,1.08279,1.08296,5317
2026-02-07 18:38:59.915928,1.08312,1.08314,1.08286,1.08313,3238
2026-02-07 19:38:59.915928,1.0829,1.08299,1.08284,1.08295,10222
2026-02-07 20:38:59.915928,1.08271,1.08278,1.08252,1.0827,6053
2026-02-07 21:38:59.915928,1.08257,1.08266,1.08243,1.08255,1470
2026-02-07 22:38:59.915928,1.0824,1.08246,1.08236,1.08237,1389
2026-02-07 23:38:59.915928,1.08236,1.08245,1.08233,1.08239,3130
2026-02-08 00:38:59.915928,1.08256,1.08265,1.08248,1.08252,2213
2026-02-08 01:38:59.915928,1.08212,1.08216,1.08203,1.08203,5426
2026-02-08 02:38:59.915928,1.08205,1.08216,1.08201,1.08203,1326
2026-02-08 03:38:59.915928,1.08199,1.08206,1.08175,1.08203,39999
2026-02-08 04:38:59.915928,1.08189,1.08191,1.08176,1.0819,646
2026-02-08 05:38:59.915928,1.08167,1.0817,1.0816,1.08166,2523
2026-02-08 06:38:59.915928,1.08141,1.08164,1.08133,1.08134,1361
2026-02-08 07:38:59.915928,1.08155,1.08162,1.08133,1.08147,3418
2026-02-08 08:38:59.915928,1.08175,1.08176,1.08158,1.08166,3412
2026-02-08 09:38:59.915928,1.08177,1.08205,1.08175,1.08188,6895
2026-02-08 10:38:59.915928,1.08187,1.08199,1.08184,1.08194,2940
2026-02-08 11:38:59.915928,1.08176,1.08188,1.08145,1.08166,5787
2026-02-08 12:38:59.915928,1.08175,1.08186,1.08166,1.08173,7129
2026-02-08 13:38:59.915928,1.08153,1.08158,1.0815,1.08154,2066
2026-02-08 14:38:59.915928,1.08163,1.0817,1.08157,1.08157,1287
2026-02-08 15:38:59.915928,1.08172,1.08173,1.08163,1.08164,5206
2026-02-08 16:38:59.915928,1.08191,1.08214,1.0819,1.08191,3962
2026-02-08 17:38:59.915928,1.08189,1.08199,1.08189,1.0819,9279
2026-02-08 18:38:59.915928,1.08172,1.08177,1.08171,1.08174,19281
2026-02-08 19:38:59.915928,1.08171,1.08181,1.08168,1.08172,988
2026-02-08 20:38:59.915928,1.08184,1.08196,1.08172,1.08185,6048
2026-02-08 21:38:59.915928,1.08142,1.08157,1.0813,1.08148,668
2026-02-08 22:38:59.915928,1.0815,1.08167,1.08141,1.08153,5749
2026-02-08 23:38:59.915928,1.08146,1.08154,1.08138,1.08147,9690
2026-02-09 00:38:59.915928,1.08149,1.08161,1.0814,1.08153,5326
2026-02-09 01:38:59.915928,1.08154,1.08159,1.08146,1.08152,3327
2026-02-09 02:38:59.915928,1.0813,1.08148,1.08109,1.08125,3385
2026-02-09 03:38:59.915928,1.08141,1.08146,1.08127,1.08143,2283
2026-02-09 04:38:59.915928,1.08141,1.08147,1.08138,1.08142,310
2026-02-09 05:38:59.915928,1.0815,1.08158,1.08128,1.08143,981
2026-02-09 06:38:59.915928,1.08168,1.08179,1.08164,1.08169,3584
2026-02-09 07:38:59.915928,1.08167,1.08178,1.08156,1.08167,862
2026-02-09 08:38:59.915928,1.08166,1.08169,1.08166,1.08168,7087
2026-02-09 09:38:59.915928,1.0816,1.08173,1.0815,1.08155,3277
2026-02-09 10:38:59.915928,1.08153,1.08164,1.08144,1.08151,6850
2026-02-09 11:38:59.915928,1.08163,1.08169,1.08156,1.08165,1715
2026-02-09 12:38:59.915928,1.08188,1.08188,1.08173,1.08183,5120
2026-02-09 13:38:59.915928,1.08182,1.08185,1.0817,1.0818,624
2026-02-09 14:38:59.915928,1.08207,1.08228,1.08203,1.08205,8227
2026-02-09 15:38:59.915928,1.08208,1.08219,1.08185,1.082,4704
2026-02-09 16:38:59.915928,1.08209,1.08212,1.08204,1.08207,2462
2026-02-09 17:38:59.915928,1.08212,1.08222,1.08202,1.08219,3063
2026-02-09 18:38:59.915928,1.08201,1.08214,1.0819,1.08196,4849
2026-02-09 19:38:59.915928,1.08226,1.08249,1.08224,1.08236,3863
2026-02-09 20:38:59.915928,1.0824,1.08249,1.08223,1.08238,2398
2026-02-09 21:38:59.915928,1.08251,1.08262,1.08248,1.08256,12683
2026-02-09 22:38:59.915928,1.0826,1.08261,1.08246,1.08251,6428
2026-02-09 23:38:59.915928,1.08272,1.0829,1.08261,1.08275,4395
2026-02-10 00:38:59.915928,1.0826,1.08263,1.08242,1.08254,1820
2026-02-10 01:38:59.915928,1.08251,1.08255,1.08247,1.08252,574
2026-02-10 02:38:59.915928,1.08229,1.08249,1.08229,1.08232,494
2026-02-10 03:38:59.915928,1.08235,1.08235,1.08231,1.08235,4159
2026-02-10 04:38:59.915928,1.08244,1.08265,1.08244,1.08251,10426
2026-02-10 05:38:59.915928,1.08237,1.08245,1.08237,1.08238,1535
2026-02-10 06:38:59.915928,1.08252,1.0826,1.0824,1.08245,717
2026-02-10 07:38:59.915928,1.08248,1.08253,1.08233,1.08248,672
2026-02-10 08:38:59.915928,1.08266,1.08267,1.08254,1.08259,2075
2026-02-10 09:38:59.915928,1.08234,1.08241,1.08229,1.08232,9966
2026-02-10 10:38:59.915928,1.0823,1.08244,1.08226,1.08229,3023
2026-02-10 11:38:59.915928,1.08218,1.0823,1.08215,1.08219,6307
2026-02-10 12:38:59.915928,1.08218,1.08225,1.08193,1.08221,3895
2026-02-10 13:38:59.915928,1.08189,1.082,1.08174,1.08179,5382
2026-02-10 14:38:59.915928,1.08211,1.08215,1.08194,1.08208,5254
2026-02-10 15:38:59.915928,1.08202,1.08232,1.08189,1.08193,2031
2026-02-10 16:38:59.915928,1.08199,1.08206,1.08191,1.08199,2909
2026-02-10 17:38:59.915928,1.08193,1.082,1.08184,1.08189,2041
2026-02-10 18:38:59.915928,1.0819,1.08193,1.08174,1.08183,12301
2026-02-10 19:38:59.915928,1.08198,1.08207,1.08176,1.08192,4561
2026-02-10 20:38:59.915928,1.08197,1.08218,1.08178,1.082,15508
2026-02-10 21:38:59.915928,1.08217,1.0823,1.08217,1.08221,5610
2026-02-10 22:38:59.915928,1.08214,1.08215,1.08199,1.08207,901
2026-02-10 23:38:59.915928,1.08217,1.08235,1.08209,1.08219,1990
2026-02-11 00:38:59.915928,1.08225,1.08234,1.08224,1.08228,1204
2026-02-11 01:38:59.915928,1.08213,1.08224,1.08199,1.0821,3830
2026-02-11 02:38:59.915928,1.08221,1.08226,1.0821,1.08221,834
2026-02-11 03:38:59.915928,1.0822,1.08222,1.0821,1.08216,1641
2026-02-11 04:38:59.915928,1.08219,1.08219,1.08213,1.08217,3495
2026-02-11 05:38:59.915928,1.08222,1.08224,1.08202,1.08213,728
2026-02-11 06:38:59.915928,1.0823,1.08232,1.08225,1.0823,7449
2026-02-11 07:38:59.915928,1.08234,1.08248,1.08234,1.08235,3015
2026-02-11 08:38:59.915928,1.08229,1.08234,1.08222,1.08225,6295
2026-02-11 09:38:59.915928,1.08234,1.08241,1.08222,1.08238,2345
2026-02-11 10:38:59.915928,1.08229,1.08251,1.08226,1.08234,4088
2026-02-11 11:38:59.915928,1.0824,1.08249,1.08234,1.08246,2535
2026-02-11 12:38:59.915928,1.08251,1.08256,1.08227,1.08247,5071
2026-02-11 13:38:59.915928,1.08271,1.08272,1.08262,1.08265,1182
2026-02-11 14:38:59.915928,1.08281,1.08283,1.08279,1.0828,4054
2026-02-11 15:38:59.915928,1.08283,1.08293,1.08264,1.08276,6965
2026-02-11 16:38:59.915928,1.08273,1.08274,1.08257,1.08272,5223
2026-02-11 17:38:59.915928,1.08242,1.08263,1.08238,1.08246,1527
2026-02-11 18:38:59.915928,1.08231,1.08239,1.08225,1.08228,6143
2026-02-11 19:38:59.915928,1.08237,1.08246,1.08234,1.08245,3434
2026-02-11 20:38:59.915928,1.08238,1.08246,1.08221,1.08232,9436
2026-02-11 21:38:59.915928,1.08227,1.08236,1.08217,1.08228,4739
2026-02-11 22:38:59.915928,1.08228,1.08251,1.08221,1.08241,4625
2026-02-11 23:38:59.915928,1.08195,1.08207,1.08189,1.08193,1408
2026-02-12 00:38:59.915928,1.08183,1.08192,1.08178,1.08182,3664
2026-02-12 01:38:59.915928,1.08167,1.08175,1.0816,1.08173,2831
2026-02-12 02:38:59.915928,1.08171,1.08193,1.0817,1.08175,1792
2026-02-12 03:38:59.915928,1.08167,1.08176,1.08162,1.08173,1419
2026-02-12 04:38:59.915928,1.08177,1.08185,1.08176,1.08177,2399
2026-02-12 05:38:59.915928,1.08191,1.08192,1.08164,1.08182,1380
2026-02-12 06:38:59.915928,1.08184,1.08191,1.08175,1.08185,2813
2026-02-12 07:38:59.915928,1.08168,1.08183,1.08154,1.08177,2631
2026-02-12 08:38:59.915928,1.08167,1.08174,1.08151,1.08159,20070
2026-02-12 09:38:59.915928,1.08151,1.08158,1.08141,1.08145,2884
2026-02-12 10:38:59.915928,1.08145,1.08162,1.08141,1.08157,16291
2026-02-12 11:38:59.915928,1.08149,1.08161,1.0814,1.08152,2925
2026-02-12 12:38:59.915928,1.08143,1.08151,1.08126,1.08137,2767
2026-02-12 13:38:59.915928,1.08156,1.08159,1.0814,1.08153,2608
2026-02-12 14:38:59.915928,1.08157,1.0817,1.08156,1.08162,1570
2026-02-12 15:38:59.915928,1.08148,1.08153,1.08136,1.08147,8415
2026-02-12 16:38:59.915928,1.0814,1.08154,1.08138,1.08145,5559
2026-02-12 17:38:59.915928,1.08157,1.0817,1.08135,1.08146,2288
2026-02-12 18:38:59.915928,1.08142,1.08162,1.08136,1.0815,4182
2026-02-12 19:38:59.915928,1.08157,1.08174,1.08145,1.08156,8635
2026-02-12 20:38:59.915928,1.08155,1.08188,1.08146,1.08158,3251
2026-02-12 21:38:59.915928,1.08146,1.08153,1.08142,1.08151,6412
2026-02-12 22:38:59.915928,1.0817,1.08178,1.08162,1.08168,4024
2026-02-12 23:38:59.915928,1.08169,1.08172,1.08159,1.08167,5324
2026-02-13 00:38:59.915928,1.08193,1.082,1.0818,1.08191,2855
2026-02-13 01:38:59.915928,1.08198,1.08216,1.08185,1.08195,1730
2026-02-13 02:38:59.915928,1.08213,1.08215,1.08209,1.08212,640
2026-02-13 03:38:59.915928,1.08205,1.08216,1.08191,1.082,3313
2026-02-13 04:38:59.915928,1.08188,1.08199,1.08178,1.08191,2142
2026-02-13 05:38:59.915928,1.08193,1.08202,1.08183,1.08186,4450
2026-02-13 06:38:59.915928,1.08184,1.08199,1.08181,1.08183,1120
2026-02-13 07:38:59.915928,1.08187,1.08196,1.08179,1.08181,3583
2026-02-13 08:38:59.915928,1.08194,1.08196,1.08173,1.08178,1466
2026-02-13 09:38:59.915928,1.08206,1.08216,1.08186,1.08206,5427
2026-02-13 10:38:59.915928,1.08192,1.08199,1.08179,1.08188,2014
2026-02-13 11:38:59.915928,1.08198,1.08205,1.08197,1.08202,1275
2026-02-13 12:38:59.915928,1.08217,1.0823,1.08209,1.08215,9313
2026-02-13 13:38:59.915928,1.08216,1.08226,1.08211,1.08224,15929
2026-02-13 14:38:59.915928,1.08228,1.08238,1.08218,1.08224,6448
2026-02-13 15:38:59.915928,1.08203,1.08204,1.08196,1.082,5262
2026-02-13 16:38:59.915928,1.08203,1.0821,1.08198,1.08206,5441
2026-02-13 17:38:59.915928,1.08207,1.08209,1.08203,1.08204,1688
2026-02-13 18:38:59.915928,1.08216,1.08217,1.082,1.08212,3267
2026-02-13 19:38:59.915928,1.08204,1.08229,1.08201,1.08219,2754
2026-02-13 20:38:59.915928,1.08211,1.08218,1.08208,1.0821,3019
2026-02-13 21:38:59.915928,1.08237,1.08244,1.08228,1.08243,5840
2026-02-13 22:38:59.915928,1.08243,1.08257,1.08237,1.08237,13709
2026-02-13 23:38:59.915928,1.08249,1.08261,1.08231,1.08238,1783
2026-02-14 00:38:59.915928,1.08252,1.08263,1.0825,1.08256,8424
2026-02-14 01:38:59.915928,1.08243,1.08252,1.08229,1.08235,633
2026-02-14 02:38:59.915928,1.08246,1.0825,1.08246,1.0825,2731
2026-02-14 03:38:59.915928,1.0824,1.08241,1.08236,1.08238,3790
2026-02-14 04:38:59.915928,1.08254,1.08265,1.08234,1.08244,3837
2026-02-14 05:38:59.915928,1.08259,1.08271,1.08254,1.08259,979
2026-02-14 06:38:59.915928,1.08255,1.08268,1.08242,1.08262,7118
2026-02-14 07:38:59.915928,1.08256,1.08265,1.08249,1.08258,459
2026-02-14 08:38:59.915928,1.08244,1.08255,1.0824,1.08255,7560
2026-02-14 09:38:59.915928,1.08264,1.08266,1.08248,1.08262,4356
2026-02-14 10:38:59.915928,1.08277,1.08301,1.08267,1.08283,1323
2026-02-14 11:38:59.915928,1.08265,1.08274,1.08264,1.08271,4129
2026-02-14 12:38:59.915928,1.08281,1.08288,1.08277,1.08279,26158
2026-02-14 13:38:59.915928,1.08269,1.08284,1.08266,1.08277,4828
2026-02-14 14:38:59.915928,1.08261,1.0827,1.08256,1.0826,8798
2026-02-14 15:38:59.915928,1.0827,1.08287,1.08251,1.08265,6932
2026-02-14 16:38:59.915928,1.08289,1.08292,1.08279,1.08281,8089
2026-02-14 17:38:59.915928,1.08288,1.08299,1.0827,1.08298,7427
2026-02-14 18:38:59.915928,1.08317,1.08338,1.08307,1.08315,3729
2026-02-14 19:38:59.915928,1.0831,1.08316,1.08309,1.0831,5972
2026-02-14 20:38:59.915928,1.08286,1.08301,1.0828,1.08281,6001
2026-02-14 21:38:59.915928,1.0829,1.08298,1.08278,1.08293,1377
2026-02-14 22:38:59.915928,1.08289,1.08302,1.08285,1.08296,2321
2026-02-14 23:38:59.915928,1.08314,1.0832,1.08303,1.0831,9141
2026-02-15 00:38:59.915928,1.08297,1.08312,1.08284,1.08301,318
2026-02-15 01:38:59.915928,1.08311,1.08318,1.08301,1.08313,1153
2026-02-15 02:38:59.915928,1.0832,1.08333,1.08311,1.08314,4338
2026-02-15 03:38:59.915928,1.08322,1.08334,1.08303,1.08324,3508
2026-02-15 04:38:59.915928,1.08327,1.08343,1.08312,1.08331,1006
2026-02-15 05:38:59.915928,1.08332,1.08345,1.0833,1.08338,1960
2026-02-15 06:38:59.915928,1.08345,1.08348,1.08329,1.08337,3740
2026-02-15 07:38:59.915928,1.08331,1.08347,1.08327,1.08338,2709
2026-02-15 08:38:59.915928,1.083,1.08308,1.08291,1.08302,2575
2026-02-15 09:38:59.915928,1.08295,1.08301,1.0829,1.08293,5255
2026-02-15 10:38:59.915928,1.08296,1.08301,1.08286,1.08298,4440
2026-02-15 11:38:59.915928,1.08295,1.08306,1.08285,1.08301,16271
2026-02-15 12:38:59.915928,1.08287,1.08292,1.08286,1.08291,3069
2026-02-15 13:38:59.915928,1.08285,1.08293,1.08274,1.08282,16273
2026-02-15 14:38:59.915928,1.0829,1.08315,1.08283,1.08289,5462
2026-02-15 15:38:59.915928,1.08289,1.08296,1.08277,1.08286,1846
2026-02-15 16:38:59.915928,1.0832,1.08325,1.08309,1.08316,1762
2026-02-15 17:38:59.915928,1.08316,1.0832,1.08307,1.08319,2854
2026-02-15 18:38:59.915928,1.08325,1.0834,1.08303,1.08312,1913
2026-02-15 19:38:59.915928,1.08368,1.08378,1.08359,1.08373,3608
2026-02-15 20:38:59.915928,1.08374,1.08376,1.08365,1.08371,16435
2026-02-15 21:38:59.915928,1.08358,1.08364,1.08349,1.08363,811
2026-02-15 22:38:59.915928,1.08334,1.08338,1.0832,1.08326,3727
2026-02-15 23:38:59.915928,1.08352,1.08361,1.08336,1.0834,20768
2026-02-16 00:38:59.915928,1.08323,1.08345,1.0832,1.08331,2722
2026-02-16 01:38:59.915928,1.08317,1.08325,1.08309,1.0831,3631
2026-02-16 02:38:59.915928,1.08308,1.08311,1.08307,1.08308,2497
2026-02-16 03:38:59.915928,1.08296,1.08314,1.08283,1.08303,2933
2026-02-16 04:38:59.915928,1.08294,1.08318,1.08283,1.08303,1511
2026-02-16 05:38:59.915928,1.08312,1.08317,1.08293,1.08302,2065
2026-02-16 06:38:59.915928,1.08316,1.08321,1.08307,1.08314,7462
2026-02-16 07:38:59.915928,1.08311,1.08314,1.08306,1.08311,4423
2026-02-16 08:38:59.915928,1.0831,1.08321,1.083,1.08319,4848
2026-02-16 09:38:59.915928,1.08288,1.08295,1.08275,1.08285,2470
2026-02-16 10:38:59.915928,1.08282,1.08295,1.08271,1.08288,1105
2026-02-16 11:38:59.915928,1.08307,1.08314,1.08298,1.083,11427
2026-02-16 12:38:59.915928,1.08303,1.08318,1.08285,1.083,3383
2026-02-16 13:38:59.915928,1.08313,1.08325,1.0831,1.08318,9965
2026-02-16 14:38:59.915928,1.08332,1.08343,1.08329,1.08337,7850
2026-02-16 15:38:59.915928,1.08322,1.08337,1.08311,1.08318,5017
2026-02-16 16:38:59.915928,1.08331,1.08332,1.08314,1.08323,4240
2026-02-16 17:38:59.915928,1.08339,1.08346,1.08326,1.08329,12806
2026-02-16 18:38:59.915928,1.08333,1.08343,1.0833,1.0833,5874
2026-02-16 19:38:59.915928,1.0834,1.08358,1.0833,1.08354,7875
2026-02-16 20:38:59.915928,1.0835,1.08362,1.08337,1.08347,13257
2026-02-16 21:38:59.915928,1.08343,1.08354,1.08341,1.08353,5547
2026-02-16 22:38:59.915928,1.08325,1.08335,1.08322,1.08325,3322
2026-02-16 23:38:59.915928,1.08324,1.08332,1.08291,1.08319,8000
2026-02-17 00:38:59.915928,1.08333,1.08336,1.08315,1.08332,1250
2026-02-17 01:38:59.915928,1.08309,1.08316,1.08302,1.08305,2301
2026-02-17 02:38:59.915928,1.08318,1.08329,1.08298,1.0831,8881
2026-02-17 03:38:59.915928,1.08313,1.0833,1.08295,1.08322,2311
2026-02-17 04:38:59.915928,1.083,1.08303,1.08293,1.083,2994
2026-02-17 05:38:59.915928,1.083,1.08302,1.08285,1.08293,1169
2026-02-17 06:38:59.915928,1.08289,1.08296,1.08272,1.08291,721
2026-02-17 07:38:59.915928,1.08285,1.08307,1.08269,1.08292,837
2026-02-17 08:38:59.915928,1.08279,1.08294,1.08267,1.0828,9169
2026-02-17 09:38:59.915928,1.08281,1.08289,1.08274,1.08287,10315
2026-02-17 10:38:59.915928,1.0829,1.08302,1.08285,1.08285,2817
2026-02-17 11:38:59.915928,1.08266,1.08274,1.0826,1.08269,7853
2026-02-17 12:38:59.915928,1.08277,1.08288,1.08274,1.08281,8344
2026-02-17 13:38:59.915928,1.08275,1.08284,1.08261,1.08279,5812
2026-02-17 14:38:59.915928,1.08264,1.08274,1.0825,1.0826,5950
2026-02-17 15:38:59.915928,1.08242,1.0827,1.08233,1.08252,3628
2026-02-17 16:38:59.915928,1.08242,1.08248,1.08231,1.08239,8765
2026-02-17 17:38:59.915928,1.08236,1.08238,1.08223,1.08229,6186
2026-02-17 18:38:59.915928,1.08232,1.08242,1.08212,1.08239,6230
2026-02-17 19:38:59.915928,1.08231,1.08235,1.08221,1.08232,1125
2026-02-17 20:38:59.915928,1.08253,1.08261,1.08241,1.08252,5064
2026-02-17 21:38:59.915928,1.08251,1.08258,1.08245,1.08255,2653
2026-02-17 22:38:59.915928,1.0823,1.08242,1.08225,1.08236,1818
2026-02-17 23:38:59.915928,1.08242,1.08246,1.08216,1.08231,15578
2026-02-18 00:38:59.915928,1.0821,1.08219,1.08188,1.08204,2480
2026-02-18 01:38:59.915928,1.08199,1.08211,1.08194,1.08198,7528
2026-02-18 02:38:59.915928,1.08221,1.08223,1.08209,1.08223,3642
2026-02-18 03:38:59.915928,1.0823,1.08232,1.08222,1.08229,1332
2026-02-18 04:38:59.915928,1.08222,1.08227,1.0821,1.08221,2217
2026-02-18 05:38:59.915928,1.08221,1.08229,1.08215,1.08219,325
2026-02-18 06:38:59.915928,1.08204,1.08213,1.08196,1.08199,336
2026-02-18 07:38:59.915928,1.08195,1.08205,1.08194,1.08197,3109
2026-02-18 08:38:59.915928,1.08193,1.08206,1.08189,1.08189,7706
2026-02-18 09:38:59.915928,1.08215,1.08219,1.08205,1.08207,43765
2026-02-18 10:38:59.915928,1.08205,1.08223,1.08185,1.08206,8021
2026-02-18 11:38:59.915928,1.08202,1.0822,1.08199,1.08218,6311
2026-02-18 12:38:59.915928,1.08207,1.0823,1.08193,1.08202,2737
2026-02-18 13:38:59.915928,1.08189,1.08202,1.08187,1.08195,8860
2026-02-18 14:38:59.915928,1.0818,1.08189,1.08178,1.08186,7340
2026-02-18 15:38:59.915928,1.08179,1.08194,1.08168,1.08182,827
2026-02-18 16:38:59.915928,1.08188,1.08196,1.08181,1.08193,7411
2026-02-18 17:38:59.915928,1.08182,1.08183,1.08172,1.08176,3295
2026-02-18 18:38:59.915928,1.08159,1.08187,1.08149,1.08164,5251
2026-02-18 19:38:59.915928,1.08186,1.08209,1.08173,1.08193,14295
2026-02-18 20:38:59.915928,1.08189,1.08205,1.08182,1.08194,4472
2026-02-18 21:38:59.915928,1.08195,1.08211,1.08191,1.08208,4468
2026-02-18 22:38:59.915928,1.08215,1.08222,1.08212,1.08221,3199
2026-02-18 23:38:59.915928,1.08218,1.08225,1.08202,1.08214,10040
2026-02-19 00:38:59.915928,1.08217,1.08247,1.08212,1.08215,2818
2026-02-19 01:38:59.915928,1.08195,1.08202,1.08176,1.08184,1152
2026-02-19 02:38:59.915928,1.08185,1.08193,1.08181,1.08192,5121
2026-02-19 03:38:59.915928,1.08183,1.08201,1.08177,1.08186,2699
2026-02-19 04:38:59.915928,1.08184,1.08202,1.08177,1.08178,1142
2026-02-19 05:38:59.915928,1.08187,1.08195,1.08174,1.0818,2827
2026-02-19 06:38:59.915928,1.08188,1.08188,1.08175,1.08181,1621
2026-02-19 07:38:59.915928,1.08198,1.08207,1.08189,1.08193,1860
2026-02-19 08:38:59.915928,1.08204,1.08219,1.08196,1.08204,8417
2026-02-19 09:38:59.915928,1.08192,1.08198,1.08172,1.08183,1752
2026-02-19 10:38:59.915928,1.08194,1.08204,1.08185,1.08194,17155
2026-02-19 11:38:59.915928,1.082,1.08213,1.08193,1.08204,3999
2026-02-19 12:38:59.915928,1.08196,1.082,1.0819,1.08192,18517
2026-02-19 13:38:59.915928,1.08196,1.08201,1.0818,1.08188,10412
2026-02-19 14:38:59.915928,1.08208,1.08223,1.08205,1.0822,4810
2026-02-19 15:38:59.915928,1.08203,1.08213,1.08199,1.08206,6664
2026-02-19 16:38:59.915928,1.08195,1.08215,1.08195,1.08199,6849
2026-02-19 17:38:59.915928,1.0821,1.08214,1.08208,1.08212,3016
2026-02-19 18:38:59.915928,1.0821,1.08219,1.08189,1.08199,4719
2026-02-19 19:38:59.915928,1.08224,1.08238,1.08218,1.08219,4185
2026-02-19 20:38:59.915928,1.08231,1.08255,1.08228,1.08236,3967
2026-02-19 21:38:59.915928,1.08223,1.08241,1.08223,1.08228,14693
2026-02-19 22:38:59.915928,1.0822,1.08222,1.08219,1.08221,2172
2026-02-19 23:38:59.915928,1.08212,1.0822,1.08209,1.08214,406
2026-02-20 00:38:59.915928,1.08209,1.08231,1.08206,1.08212,643
2026-02-20 01:38:59.915928,1.08192,1.08212,1.08187,1.08196,8292
2026-02-20 02:38:59.915928,1.08188,1.08199,1.08183,1.08193,2621
2026-02-20 03:38:59.915928,1.08189,1.08189,1.08186,1.08188,2499
2026-02-20 04:38:59.915928,1.08187,1.08194,1.08171,1.08179,1708
2026-02-20 05:38:59.915928,1.08187,1.08197,1.08169,1.08189,1535
2026-02-20 06:38:59.915928,1.08194,1.082,1.08175,1.08185,6846
2026-02-20 07:38:59.915928,1.08188,1.08188,1.0817,1.08188,2343
2026-02-20 08:38:59.915928,1.08192,1.08204,1.08191,1.08192,3252
2026-02-20 09:38:59.915928,1.08179,1.08179,1.08173,1.08177,5445
2026-02-20 10:38:59.915928,1.08161,1.08165,1.08156,1.08161,1907
2026-02-20 11:38:59.915928,1.08156,1.08169,1.08144,1.08152,11803
2026-02-20 12:38:59.915928,1.08148,1.08161,1.08146,1.08156,4751
2026-02-20 13:38:59.915928,1.08154,1.0816,1.08153,1.08158,4737
2026-02-20 14:38:59.915928,1.08138,1.08147,1.08137,1.08142,4937
2026-02-20 15:38:59.915928,1.08182,1.08198,1.08167,1.08183,2058
2026-02-20 16:38:59.915928,1.08182,1.08189,1.0818,1.08187,9152
2026-02-20 17:38:59.915928,1.0819,1.08197,1.08185,1.08192,5456
2026-02-20 18:38:59.915928,1.08185,1.08191,1.08177,1.08182,6371
2026-02-20 19:38:59.915928,1.08192,1.08214,1.08183,1.08203,41809
2026-02-20 20:38:59.915928,1.08163,1.08167,1.08155,1.08162,4383
2026-02-20 21:38:59.915928,1.08187,1.08196,1.08182,1.08188,918
2026-02-20 22:38:59.915928,1.0819,1.0819,1.08186,1.0819,730
2026-02-20 23:38:59.915928,1.082,1.08207,1.08184,1.08189,3756
2026-02-21 00:38:59.915928,1.08194,1.08202,1.08191,1.08194,494
2026-02-21 01:38:59.915928,1.08194,1.08196,1.08174,1.08179,4693
2026-02-21 02:38:59.915928,1.08193,1.08208,1.08188,1.08194,3080
2026-02-21 03:38:59.915928,1.08173,1.08185,1.0817,1.08171,4133
2026-02-21 04:38:59.915928,1.08171,1.08175,1.08164,1.08165,5733
2026-02-21 05:38:59.915928,1.08194,1.08197,1.08177,1.0818,396
2026-02-21 06:38:59.915928,1.08203,1.08217,1.0818,1.08201,1691
2026-02-21 07:38:59.915928,1.082,1.08202,1.08196,1.08198,1032
2026-02-21 08:38:59.915928,1.08206,1.08217,1.08194,1.08217,1166
2026-02-21 09:38:59.915928,1.082,1.08206,1.08193,1.08195,1894
2026-02-21 10:38:59.915928,1.08224,1.08231,1.08207,1.08213,5432
2026-02-21 11:38:59.915928,1.08232,1.08242,1.08229,1.08229,1561
2026-02-21 12:38:59.915928,1.08255,1.08267,1.08234,1.08251,7688
2026-02-21 13:38:59.915928,1.08266,1.08282,1.08262,1.08275,3085
2026-02-21 14:38:59.915928,1.08253,1.08273,1.08248,1.08249,3241
2026-02-21 15:38:59.915928,1.08244,1.08244,1.08239,1.08239,2689
2026-02-21 16:38:59.915928,1.08251,1.08267,1.08243,1.08261,4940
2026-02-21 17:38:59.915928,1.08253,1.08264,1.08247,1.08256,4556
2026-02-21 18:38:59.915928,1.08231,1.08231,1.08222,1.08225,34414
2026-02-21 19:38:59.915928,1.08239,1.08256,1.08229,1.08242,5530
2026-02-21 20:38:59.915928,1.08246,1.08262,1.08236,1.08243,9117
2026-02-21 21:38:59.915928,1.08226,1.08229,1.08206,1.08224,4284
2026-02-21 22:38:59.915928,1.08194,1.08217,1.08191,1.08201,8732
2026-02-21 23:38:59.915928,1.08194,1.08209,1.08188,1.08205,9356
2026-02-22 00:38:59.915928,1.08191,1.08205,1.0819,1.08193,2860
2026-02-22 01:38:59.915928,1.08204,1.08205,1.08196,1.082,1195
2026-02-22 02:38:59.915928,1.08187,1.08194,1.08168,1.08186,404
2026-02-22 03:38:59.915928,1.08194,1.08208,1.08185,1.08206,5282
2026-02-22 04:38:59.915928,1.08201,1.08217,1.08199,1.0821,1999
2026-02-22 05:38:59.915928,1.08183,1.08195,1.08181,1.08181,571
2026-02-22 06:38:59.915928,1.0818,1.08194,1.08175,1.08177,3573
2026-02-22 07:38:59.915928,1.08195,1.08198,1.08188,1.08191,2335
2026-02-22 08:38:59.915928,1.08194,1.08204,1.08174,1.08197,4935
2026-02-22 09:38:59.915928,1.08181,1.082,1.08178,1.08186,3601
2026-02-22 10:38:59.915928,1.08166,1.08171,1.08159,1.0816,2986
2026-02-22 11:38:59.915928,1.08182,1.08203,1.08165,1.08198,14758
2026-02-22 12:38:59.915928,1.08183,1.08184,1.08176,1.08179,3928
2026-02-22 13:38:59.915928,1.08191,1.08195,1.08182,1.08185,5836
2026-02-22 14:38:59.915928,1.08187,1.08189,1.08179,1.08189,3640
2026-02-22 15:38:59.915928,1.08178,1.08203,1.08172,1.08187,6608
2026-02-22 16:38:59.915928,1.08154,1.08158,1.08146,1.0815,11164
2026-02-22 17:38:59.915928,1.08151,1.08157,1.08136,1.0814,13200
2026-02-22 18:38:59.915928,1.08184,1.08205,1.08164,1.08172,16844
2026-02-22 19:38:59.915928,1.08178,1.08185,1.08175,1.08177,12223
2026-02-22 20:38:59.915928,1.0816,1.08167,1.08151,1.08151,8513
2026-02-22 21:38:59.915928,1.08153,1.08159,1.08144,1.08154,5105
2026-02-22 22:38:59.915928,1.08163,1.08173,1.08159,1.08167,6347
2026-02-22 23:38:59.915928,1.08184,1.08209,1.08163,1.08193,11782
2026-02-23 00:38:59.915928,1.08187,1.08197,1.08176,1.08179,555
2026-02-23 01:38:59.915928,1.08191,1.08199,1.08186,1.08188,2610
2026-02-23 02:38:59.915928,1.08209,1.08212,1.08205,1.08207,4811
2026-02-23 03:38:59.915928,1.0822,1.08232,1.08204,1.0823,4207
2026-02-23 04:38:59.915928,1.08207,1.08218,1.08194,1.08199,6627
2026-02-23 05:38:59.915928,1.08204,1.08221,1.08199,1.08201,427
2026-02-23 06:38:59.915928,1.08209,1.08215,1.08202,1.08203,4734
2026-02-23 07:38:59.915928,1.08223,1.08238,1.08219,1.08227,2218
2026-02-23 08:38:59.915928,1.08209,1.08212,1.08192,1.08208,1778
2026-02-23 09:38:59.915928,1.08233,1.08261,1.08225,1.08231,1491
2026-02-23 10:38:59.915928,1.0827,1.08279,1.08265,1.08274,9955
2026-02-23 11:38:59.915928,1.08261,1.08268,1.08257,1.08266,10756
2026-02-23 12:38:59.915928,1.08287,1.08297,1.08265,1.08288,4837
2026-02-23 13:38:59.915928,1.08288,1.08289,1.08272,1.08279,17975
2026-02-23 14:38:59.915928,1.08284,1.08289,1.08278,1.08278,2050
2026-02-23 15:38:59.915928,1.08288,1.08294,1.08287,1.08294,7343
2026-02-23 16:38:59.915928,1.08291,1.08298,1.0829,1.0829,2704
2026-02-23 17:38:59.915928,1.08282,1.08292,1.08272,1.08283,1574
2026-02-23 18:38:59.915928,1.08267,1.08274,1.08266,1.08267,6933
2026-02-23 19:38:59.915928,1.08257,1.08263,1.08234,1.08244,5270
2026-02-23 20:38:59.915928,1.0825,1.08255,1.08231,1.08246,6927
2026-02-23 21:38:59.915928,1.08231,1.08237,1.08225,1.08236,4162
2026-02-23 22:38:59.915928,1.08243,1.08254,1.08242,1.08245,18548
2026-02-23 23:38:59.915928,1.08262,1.08278,1.0826,1.08268,4095
2026-02-24 00:38:59.915928,1.08248,1.08255,1.08241,1.08249,703
2026-02-24 01:38:59.915928,1.08254,1.08266,1.08249,1.08262,1292
2026-02-24 02:38:59.915928,1.08257,1.08265,1.08251,1.08262,1486
2026-02-24 03:38:59.915928,1.0826,1.08267,1.08237,1.08248,1682
2026-02-24 04:38:59.915928,1.08238,1.08247,1.08227,1.08242,4771
2026-02-24 05:38:59.915928,1.08264,1.08264,1.0826,1.0826,373
2026-02-24 06:38:59.915928,1.08247,1.08249,1.08238,1.0824,3143
2026-02-24 07:38:59.915928,1.08252,1.0827,1.08247,1.08255,2407
2026-02-24 08:38:59.915928,1.08275,1.08288,1.08273,1.08279,12111
2026-02-24 09:38:59.915928,1.08255,1.08264,1.08246,1.0825,3329
2026-02-24 10:38:59.915928,1.0826,1.0828,1.08257,1.08262,5298
2026-02-24 11:38:59.915928,1.08247,1.08262,1.08241,1.08241,10498
2026-02-24 12:38:59.915928,1.0825,1.08254,1.08235,1.08248,13720
2026-02-24 13:38:59.915928,1.08235,1.08239,1.08221,1.08238,2700
2026-02-24 14:38:59.915928,1.08247,1.08254,1.08243,1.08245,20635
2026-02-24 15:38:59.915928,1.08219,1.08231,1.08212,1.08229,2496
2026-02-24 16:38:59.915928,1.08222,1.08245,1.08214,1.08231,7976
2026-02-24 17:38:59.915928,1.08223,1.08224,1.08208,1.08218,2240
2026-02-24 18:38:59.915928,1.08235,1.08242,1.08214,1.08225,951
2026-02-24 19:38:59.915928,1.08225,1.08237,1.08223,1.08237,1652
2026-02-24 20:38:59.915928,1.08226,1.08236,1.08216,1.08234,14249
2026-02-24 21:38:59.915928,1.08235,1.08249,1.08233,1.08243,1827
2026-02-24 22:38:59.915928,1.08252,1.0826,1.08242,1.08257,7260
2026-02-24 23:38:59.915928,1.08232,1.08244,1.08213,1.08221,2218
2026-02-25 00:38:59.915928,1.08239,1.08242,1.08233,1.08241,1550
2026-02-25 01:38:59.915928,1.08232,1.08236,1.08228,1.08235,2429
2026-02-25 02:38:59.915928,1.08231,1.08254,1.08229,1.08248,1222
2026-02-25 03:38:59.915928,1.08229,1.08236,1.08219,1.08225,2076
2026-02-25 04:38:59.915928,1.08216,1.0823,1.08215,1.08223,611
2026-02-25 05:38:59.915928,1.08189,1.08195,1.08188,1.08194,1437
2026-02-25 06:38:59.915928,1.08204,1.08211,1.08201,1.08208,782
2026-02-25 07:38:59.915928,1.0818,1.08192,1.08178,1.08187,249
2026-02-25 08:38:59.915928,1.0819,1.08193,1.08185,1.0819,8175
2026-02-25 09:38:59.915928,1.08178,1.08187,1.08169,1.08183,1973
2026-02-25 10:38:59.915928,1.08158,1.08159,1.0815,1.08156,8000
2026-02-25 11:38:59.915928,1.08164,1.08175,1.08152,1.0816,24613
2026-02-25 12:38:59.915928,1.08151,1.08165,1.08141,1.08164,3245
2026-02-25 13:38:59.915928,1.08141,1.08149,1.0813,1.08148,264
2026-02-25 14:38:59.915928,1.08151,1.08153,1.08137,1.08149,4604
2026-02-25 15:38:59.915928,1.08136,1.08146,1.08133,1.08142,10390
2026-02-25 16:38:59.915928,1.08127,1.08127,1.08108,1.08112,15935
