datetime,open,high,low,close,volume
2025-08-29 17:39:00.105580,1.265,1.26516,1.26487,1.26506,12837
2025-08-29 18:39:00.105580,1.26513,1.2653,1.26496,1.2652,1672
2025-08-29 19:39:00.105580,1.26508,1.26513,1.26494,1.26503,6626
2025-08-29 20:39:00.105580,1.26498,1.26502,1.2649,1.265,4469
2025-08-29 21:39:00.105580,1.26488,1.26502,1.2648,1.2649,5590
2025-08-29 22:39:00.105580,1.26453,1.26458,1.26435,1.26444,1069
2025-08-29 23:39:00.105580,1.26458,1.26467,1.26449,1.26457,5719
2025-08-30 00:39:00.105580,1.26485,1.26494,1.26456,1.26472,1441
2025-08-30 01:39:00.105580,1.26459,1.26465,1.26453,1.26462,5904
2025-08-30 02:39:00.105580,1.26438,1.26451,1.26416,1.26422,1960
2025-08-30 03:39:00.105580,1.26433,1.26449,1.26417,1.26429,2106
2025-08-30 04:39:00.105580,1.26434,1.26455,1.26425,1.26438,1853
2025-08-30 05:39:00.105580,1.26414,1.26422,1.26404,1.26407,3508
2025-08-30 06:39:00.105580,1.26391,1.26402,1.26378,1.26388,766
2025-08-30 07:39:00.105580,1.26394,1.26415,1.2638,1.26408,517
2025-08-30 08:39:00.105580,1.26372,1.26383,1.26369,1.2638,3936
2025-08-30 09:39:00.105580,1.26388,1.26397,1.26363,1.26395,4976
2025-08-30 10:39:00.105580,1.26392,1.26408,1.26391,1.26399,2795
2025-08-30 11:39:00.105580,1.264,1.26408,1.26394,1.26402,5107
2025-08-30 12:39:00.105580,1.26389,1.26419,1.2638,1.26397,19844
2025-08-30 13:39:00.105580,1.26403,1.2641,1.26384,1.26398,2182
2025-08-30 14:39:00.105580,1.26387,1.26405,1.26374,1.26384,1529
2025-08-30 15:39:00.105580,1.26408,1.26431,1.26403,1.26419,4310
2025-08-30 16:39:00.105580,1.26414,1.26416,1.26394,1.2641,6494
2025-08-30 17:39:00.105580,1.26435,1.2646,1.26435,1.26451,3981
2025-08-30 18:39:00.105580,1.26402,1.26404,1.2639,1.26394,8161
2025-08-30 19:39:00.105580,1.26398,1.26419,1.26386,1.26414,5657
2025-08-30 20:39:00.105580,1.26395,1.26432,1.26389,1.26407,2425
2025-08-30 21:39:00.105580,1.26389,1.26392,1.26381,1.26385,5212
2025-08-30 22:39:00.105580,1.26401,1.26404,1.26394,1.26404,4108
2025-08-30 23:39:00.105580,1.26407,1.26431,1.26401,1.2642,6793
2025-08-31 00:39:00.105580,1.264,1.26405,1.26389,1.26397,1887
2025-08-31 01:39:00.105580,1.26383,1.26396,1.26375,1.2638,1097
2025-08-31 02:39:00.105580,1.26384,1.26402,1.26382,1.26398,2994
2025-08-31 03:39:00.105580,1.26379,1.26391,1.26364,1.26371,7259
2025-08-31 04:39:00.105580,1.26377,1.26378,1.26372,1.26372,2577
2025-08-31 05:39:00.105580,1.2638,1.26381,1.26355,1.26369,2779
2025-08-31 06:39:00.105580,1.26361,1.2638,1.26337,1.26346,1347
2025-08-31 07:39:00.105580,1.26384,1.26397,1.26374,1.26377,4192
2025-08-31 08:39:00.105580,1.26384,1.26412,1.26377,1.26383,18052
2025-08-31 09:39:00.105580,1.26392,1.2641,1.26387,1.26392,5751
2025-08-31 10:39:00.105580,1.26407,1.26416,1.26399,1.26399,5915
2025-08-31 11:39:00.105580,1.26432,1.26443,1.26409,1.26414,1540
2025-08-31 12:39:00.105580,1.26433,1.2644,1.26421,1.2644,6347
2025-08-31 13:39:00.105580,1.26434,1.26435,1.26429,1.26434,3211
2025-08-31 14:39:00.105580,1.26423,1.26429,1.26415,1.26416,4593
2025-08-31 15:39:00.105580,1.26418,1.26427,1.26418,1.26426,2767
2025-08-31 16:39:00.105580,1.2642,1.26427,1.26411,1.26424,3376
2025-08-31 17:39:00.105580,1.26422,1.26431,1.26417,1.26419,2598
2025-08-31 18:39:00.105580,1.26406,1.26433,1.26397,1.26415,1950
2025-08-31 19:39:00.105580,1.26411,1.2644,1.26399,1.26424,5026
2025-08-31 20:39:00.105580,1.26401,1.26403,1.26392,1.26399,2602
2025-08-31 21:39:00.105580,1.26392,1.26398,1.26368,1.26386,1867
2025-08-31 22:39:00.105580,1.26374,1.26406,1.26362,1.26396,1865
2025-08-31 23:39:00.105580,1.26386,1.26396,1.26374,1.26389,2539
2025-09-01 00:39:00.105580,1.264,1.26421,1.26398,1.26415,2539
2025-09-01 01:39:00.105580,1.2643,1.26433,1.2642,1.26422,1476
2025-09-01 02:39:00.105580,1.26417,1.26443,1.26405,1.26434,4140
2025-09-01 03:39:00.105580,1.26422,1.26431,1.26414,1.26422,1378
2025-09-01 04:39:00.105580,1.26423,1.26433,1.26394,1.2641,6124
2025-09-01 05:39:00.105580,1.26464,1.26476,1.26458,1.26468,2384
2025-09-01 06:39:00.105580,1.26447,1.26464,1.26446,1.26458,3793
2025-09-01 07:39:00.105580,1.26458,1.2649,1.26448,1.26448,2337
2025-09-01 08:39:00.105580,1.26446,1.26464,1.26445,1.26455,4962
2025-09-01 09:39:00.105580,1.26459,1.26464,1.26443,1.26448,6377
2025-09-01 10:39:00.105580,1.26461,1.26471,1.26446,1.26469,10413
2025-09-01 11:39:00.105580,1.26462,1.26482,1.26461,1.26473,10311
2025-09-01 12:39:00.105580,1.26467,1.26493,1.26453,1.26492,2797
2025-09-01 13:39:00.105580,1.26482,1.26503,1.2648,1.26486,6061
2025-09-01 14:39:00.105580,1.26488,1.26513,1.2648,1.265,792
2025-09-01 15:39:00.105580,1.26543,1.26557,1.26541,1.2655,1120
2025-09-01 16:39:00.105580,1.26557,1.26569,1.26531,1.26551,5353
2025-09-01 17:39:00.105580,1.26567,1.26595,1.2656,1.26562,15105
2025-09-01 18:39:00.105580,1.2656,1.26566,1.26548,1.26549,2594
2025-09-01 19:39:00.105580,1.26537,1.26539,1.26531,1.26533,23668
2025-09-01 20:39:00.105580,1.26529,1.26537,1.26524,1.26532,8759
2025-09-01 21:39:00.105580,1.26514,1.26518,1.26512,1.26514,7520
2025-09-01 22:39:00.105580,1.26504,1.26515,1.26496,1.26512,2551
2025-09-01 23:39:00.105580,1.26496,1.26501,1.26494,1.26496,8717
2025-09-02 00:39:00.105580,1.26465,1.26467,1.2645,1.26466,1629
2025-09-02 01:39:00.105580,1.26477,1.26486,1.26475,1.26475,1480
2025-09-02 02:39:00.105580,1.26485,1.26486,1.26475,1.26485,1516
2025-09-02 03:39:00.105580,1.26479,1.26492,1.26476,1.2648,1228
2025-09-02 04:39:00.105580,1.26504,1.26525,1.26495,1.26507,3233
2025-09-02 05:39:00.105580,1.26517,1.26537,1.26506,1.26522,3283
2025-09-02 06:39:00.105580,1.26493,1.26512,1.26478,1.26501,2366
2025-09-02 07:39:00.105580,1.26483,1.26489,1.26474,1.26483,470
2025-09-02 08:39:00.105580,1.26469,1.26474,1.26448,1.26465,14783
2025-09-02 09:39:00.105580,1.26453,1.26459,1.26433,1.26443,7497
2025-09-02 10:39:00.105580,1.26475,1.26482,1.26464,1.26467,28908
2025-09-02 11:39:00.105580,1.26476,1.26481,1.26468,1.26479,2465
2025-09-02 12:39:00.105580,1.26494,1.26508,1.26488,1.26488,7028
2025-09-02 13:39:00.105580,1.265,1.26535,1.26487,1.26511,4674
2025-09-02 14:39:00.105580,1.26501,1.26512,1.26493,1.26504,6611
2025-09-02 15:39:00.105580,1.2651,1.26537,1.26497,1.26527,3834
2025-09-02 16:39:00.105580,1.26541,1.26549,1.26531,1.26537,1038
2025-09-02 17:39:00.105580,1.2655,1.26556,1.26543,1.26545,5962
2025-09-02 18:39:00.105580,1.26547,1.26549,1.26541,1.26549,1115
2025-09-02 19:39:00.105580,1.26559,1.26569,1.2655,1.26555,11105
2025-09-02 20:39:00.105580,1.26572,1.26587,1.26571,1.26579,3534
2025-09-02 21:39:00.105580,1.26582,1.26597,1.26566,1.26576,2592
2025-09-02 22:39:00.105580,1.26592,1.26601,1.26574,1.26583,3085
2025-09-02 23:39:00.105580,1.26593,1.26605,1.2657,1.26601,2562
2025-09-03 00:39:00.105580,1.26601,1.26604,1.26594,1.266,2483
2025-09-03 01:39:00.105580,1.26617,1.26618,1.26613,1.26617,1479
2025-09-03 02:39:00.105580,1.26636,1.26651,1.26627,1.26633,4043
2025-09-03 03:39:00.105580,1.26632,1.26646,1.26623,1.26641,589
2025-09-03 04:39:00.105580,1.26633,1.26636,1.26616,1.26635,4382
2025-09-03 05:39:00.105580,1.2666,1.26664,1.26654,1.26656,3001
2025-09-03 06:39:00.105580,1.26675,1.26679,1.26666,1.26668,2615
2025-09-03 07:39:00.105580,1.26684,1.2669,1.26667,1.26679,899
2025-09-03 08:39:00.105580,1.26684,1.26685,1.26669,1.26677,2202
2025-09-03 09:39:00.105580,1.26682,1.26699,1.26672,1.26683,23126
2025-09-03 10:39:00.105580,1.26687,1.26698,1.26683,1.26691,7039
2025-09-03 11:39:00.105580,1.2669,1.26698,1.2668,1.26697,875
2025-09-03 12:39:00.105580,1.26683,1.26685,1.26672,1.26676,2156
2025-09-03 13:39:00.105580,1.26665,1.26673,1.26662,1.26667,10150
2025-09-03 14:39:00.105580,1.26668,1.26685,1.26657,1.26675,3218
2025-09-03 15:39:00.105580,1.26666,1.26673,1.26655,1.26666,5903
2025-09-03 16:39:00.105580,1.26665,1.26681,1.26653,1.26668,562
2025-09-03 17:39:00.105580,1.26655,1.2667,1.2665,1.26661,14855
2025-09-03 18:39:00.105580,1.26654,1.26654,1.2665,1.26653,68668
2025-09-03 19:39:00.105580,1.26649,1.26666,1.2664,1.26659,6018
2025-09-03 20:39:00.105580,1.2665,1.26658,1.26642,1.26644,2182
2025-09-03 21:39:00.105580,1.26655,1.26665,1.26654,1.26656,1499
2025-09-03 22:39:00.105580,1.26683,1.26691,1.26683,1.26684,2180
2025-09-03 23:39:00.105580,1.26686,1.26695,1.26674,1.26687,3672
2025-09-04 00:39:00.105580,1.26672,1.26688,1.26672,1.26682,3481
2025-09-04 01:39:00.105580,1.26663,1.26674,1.26642,1.26666,602
2025-09-04 02:39:00.105580,1.26668,1.26691,1.26664,1.26675,1574
2025-09-04 03:39:00.105580,1.26659,1.26662,1.26649,1.26652,11289
2025-09-04 04:39:00.105580,1.26637,1.26652,1.26629,1.26632,1229
2025-09-04 05:39:00.105580,1.26629,1.26641,1.26629,1.26635,2582
2025-09-04 06:39:00.105580,1.26628,1.26636,1.26616,1.26623,1744
2025-09-04 07:39:00.105580,1.26615,1.26618,1.26611,1.26614,665
2025-09-04 08:39:00.105580,1.26606,1.26617,1.26604,1.26616,6311
2025-09-04 09:39:00.105580,1.26603,1.26613,1.26597,1.26605,7940
2025-09-04 10:39:00.105580,1.26615,1.26634,1.26613,1.26625,1821
2025-09-04 11:39:00.105580,1.26636,1.2665,1.26631,1.26648,1114
2025-09-04 12:39:00.105580,1.26661,1.26665,1.26645,1.26663,6425
2025-09-04 13:39:00.105580,1.26662,1.2669,1.26653,1.26659,3156
2025-09-04 14:39:00.105580,1.26659,1.26672,1.26649,1.26653,2503
2025-09-04 15:39:00.105580,1.26683,1.26702,1.26677,1.26688,18593
2025-09-04 16:39:00.105580,1.26702,1.26713,1.26693,1.26706,21068
2025-09-04 17:39:00.105580,1.26662,1.26676,1.26653,1.26671,2641
2025-09-04 18:39:00.105580,1.26689,1.26705,1.26686,1.26695,455
2025-09-04 19:39:00.105580,1.26667,1.26676,1.26655,1.2667,7331
2025-09-04 20:39:00.105580,1.26673,1.26693,1.26663,1.26681,28925
2025-09-04 21:39:00.105580,1.2667,1.26684,1.26668,1.26676,1959
2025-09-04 22:39:00.105580,1.26677,1.26698,1.26672,1.26682,722
2025-09-04 23:39:00.105580,1.26657,1.26664,1.26647,1.26652,3104
2025-09-05 00:39:00.105580,1.26641,1.26662,1.26637,1.26642,1209
2025-09-05 01:39:00.105580,1.26627,1.26633,1.26614,1.26622,1286
2025-09-05 02:39:00.105580,1.26618,1.26621,1.26591,1.26603,2223
2025-09-05 03:39:00.105580,1.26619,1.2662,1.26611,1.26612,7950
2025-09-05 04:39:00.105580,1.26617,1.2664,1.26604,1.26621,2180
2025-09-05 05:39:00.105580,1.26629,1.2666,1.26609,1.26622,3712
2025-09-05 06:39:00.105580,1.26624,1.26634,1.2662,1.26628,1187
2025-09-05 07:39:00.105580,1.26646,1.26657,1.26631,1.26648,594
2025-09-05 08:39:00.105580,1.26656,1.26666,1.26651,1.26665,5110
2025-09-05 09:39:00.105580,1.26678,1.26697,1.26674,1.26683,2192
2025-09-05 10:39:00.105580,1.2665,1.26669,1.26636,1.26651,9250
2025-09-05 11:39:00.105580,1.26627,1.2664,1.26615,1.26633,3103
2025-09-05 12:39:00.105580,1.26652,1.26653,1.26634,1.26643,1922
2025-09-05 13:39:00.105580,1.26675,1.26701,1.26669,1.2667,5972
2025-09-05 14:39:00.105580,1.26697,1.26716,1.2668,1.26688,14129
2025-09-05 15:39:00.105580,1.26693,1.26702,1.26686,1.26696,2786
2025-09-05 16:39:00.105580,1.26706,1.26722,1.26691,1.26716,7643
2025-09-05 17:39:00.105580,1.26714,1.26721,1.26682,1.26701,13607
2025-09-05 18:39:00.105580,1.26703,1.26726,1.26699,1.26703,3491
2025-09-05 19:39:00.105580,1.2669,1.26707,1.26678,1.26679,4243
2025-09-05 20:39:00.105580,1.26685,1.26701,1.26669,1.26683,14998
2025-09-05 21:39:00.105580,1.26697,1.26697,1.26672,1.26693,1038
2025-09-05 22:39:00.105580,1.26697,1.26705,1.26679,1.26702,8728
2025-09-05 23:39:00.105580,1.26704,1.26709,1.26699,1.26703,15426
2025-09-06 00:39:00.105580,1.26692,1.26702,1.2669,1.26701,6628
2025-09-06 01:39:00.105580,1.26692,1.26712,1.26669,1.26696,3017
2025-09-06 02:39:00.105580,1.26701,1.26719,1.26681,1.26697,2142
2025-09-06 03:39:00.105580,1.2668,1.26709,1.26679,1.26691,15076
2025-09-06 04:39:00.105580,1.26665,1.26667,1.26656,1.26665,1572
2025-09-06 05:39:00.105580,1.26656,1.26671,1.26656,1.26656,537
2025-09-06 06:39:00.105580,1.26664,1.26673,1.26655,1.26666,3641
2025-09-06 07:39:00.105580,1.26648,1.26668,1.26637,1.26658,1221
2025-09-06 08:39:00.105580,1.26654,1.2668,1.26647,1.26659,18868
2025-09-06 09:39:00.105580,1.26651,1.2666,1.26644,1.26647,7928
2025-09-06 10:39:00.105580,1.26656,1.26673,1.26652,1.26663,2583
2025-09-06 11:39:00.105580,1.26649,1.26658,1.2663,1.26638,6786
2025-09-06 12:39:00.105580,1.26653,1.26676,1.26649,1.26661,1744
2025-09-06 13:39:00.105580,1.26647,1.26658,1.26636,1.26652,8477
2025-09-06 14:39:00.105580,1.2661,1.26613,1.26583,1.26606,9534
2025-09-06 15:39:00.105580,1.26602,1.26608,1.26586,1.26608,11765
2025-09-06 16:39:00.105580,1.26608,1.26613,1.2658,1.26604,3056
2025-09-06 17:39:00.105580,1.26572,1.26584,1.26568,1.26578,6723
2025-09-06 18:39:00.105580,1.26549,1.26555,1.26549,1.26552,17976
2025-09-06 19:39:00.105580,1.26543,1.26553,1.26525,1.26533,9381
2025-09-06 20:39:00.105580,1.26547,1.26556,1.26528,1.26555,5064
2025-09-06 21:39:00.105580,1.26534,1.26541,1.26514,1.26526,2034
2025-09-06 22:39:00.105580,1.26534,1.26559,1.26523,1.2653,17610
2025-09-06 23:39:00.105580,1.26539,1.26546,1.26539,1.26544,2128
2025-09-07 00:39:00.105580,1.26535,1.26536,1.26526,1.26536,8019
2025-09-07 01:39:00.105580,1.2654,1.26548,1.26529,1.2653,9547
2025-09-07 02:39:00.105580,1.26554,1.2656,1.26551,1.26556,2154
2025-09-07 03:39:00.105580,1.26585,1.26593,1.26558,1.26576,997
2025-09-07 04:39:00.105580,1.26554,1.26558,1.26534,1.26555,1869
2025-09-07 05:39:00.105580,1.26554,1.2656,1.26547,1.26558,1500
2025-09-07 06:39:00.105580,1.26594,1.266,1.26588,1.2659,13219
2025-09-07 07:39:00.105580,1.26605,1.26608,1.26599,1.266,1204
2025-09-07 08:39:00.105580,1.26593,1.26625,1.26587,1.26601,8605
2025-09-07 09:39:00.105580,1.26614,1.26622,1.26607,1.26612,9233
2025-09-07 10:39:00.105580,1.26597,1.26607,1.26593,1.26599,3241
2025-09-07 11:39:00.105580,1.26614,1.26635,1.26587,1.26619,4886
2025-09-07 12:39:00.105580,1.26612,1.26637,1.26595,1.266,8123
2025-09-07 13:39:00.105580,1.26585,1.26593,1.26575,1.26585,15898
2025-09-07 14:39:00.105580,1.26564,1.26591,1.26563,1.26571,5629
2025-09-07 15:39:00.105580,1.26591,1.26594,1.26579,1.2659,4782
2025-09-07 16:39:00.105580,1.26586,1.26591,1.26579,1.26581,6754
2025-09-07 17:39:00.105580,1.26584,1.26596,1.26576,1.26596,27694
2025-09-07 18:39:00.105580,1.26611,1.26633,1.26608,1.26621,6447
2025-09-07 19:39:00.105580,1.26594,1.26599,1.26582,1.26584,5467
2025-09-07 20:39:00.105580,1.26594,1.26614,1.26577,1.26602,11039
2025-09-07 21:39:00.105580,1.26592,1.26593,1.26586,1.26591,10063
2025-09-07 22:39:00.105580,1.26591,1.26593,1.2659,1.26591,12402
2025-09-07 23:39:00.105580,1.26592,1.26592,1.26574,1.26589,3352
2025-09-08 00:39:00.105580,1.26552,1.26569,1.2655,1.2656,6842
2025-09-08 01:39:00.105580,1.2652,1.26521,1.26512,1.26515,945
2025-09-08 02:39:00.105580,1.26498,1.26499,1.26494,1.26495,5811
2025-09-08 03:39:00.105580,1.26524,1.26544,1.26523,1.26535,3578
2025-09-08 04:39:00.105580,1.26536,1.26554,1.26533,1.26547,3556
2025-09-08 05:39:00.105580,1.26543,1.26558,1.26541,1.26548,6705
2025-09-08 06:39:00.105580,1.2654,1.26541,1.26536,1.26538,327
2025-09-08 07:39:00.105580,1.26547,1.26551,1.26542,1.26548,828
2025-09-08 08:39:00.105580,1.26531,1.26539,1.26504,1.26525,13513
2025-09-08 09:39:00.105580,1.26527,1.26536,1.2651,1.26517,2806
2025-09-08 10:39:00.105580,1.2654,1.26547,1.26526,1.26536,4134
2025-09-08 11:39:00.105580,1.26554,1.26559,1.26548,1.26554,11458
2025-09-08 12:39:00.105580,1.26531,1.26531,1.26511,1.26522,4292
2025-09-08 13:39:00.105580,1.26555,1.26556,1.26545,1.26554,1360
2025-09-08 14:39:00.105580,1.26559,1.26561,1.2654,1.26544,2603
2025-09-08 15:39:00.105580,1.26565,1.26583,1.2655,1.26575,16391
2025-09-08 16:39:00.105580,1.26567,1.26568,1.26549,1.26553,522
2025-09-08 17:39:00.105580,1.26566,1.26574,1.26535,1.26556,11047
2025-09-08 18:39:00.105580,1.26547,1.2655,1.2653,1.2655,29922
2025-09-08 19:39:00.105580,1.26545,1.26566,1.26519,1.26541,15448
2025-09-08 20:39:00.105580,1.26538,1.2654,1.26519,1.26538,2937
2025-09-08 21:39:00.105580,1.26526,1.26528,1.2652,1.26524,1300
2025-09-08 22:39:00.105580,1.26538,1.2655,1.2653,1.26532,4864
2025-09-08 23:39:00.105580,1.2655,1.2658,1.26538,1.26543,1490
2025-09-09 00:39:00.105580,1.26525,1.26562,1.26518,1.26528,18621
2025-09-09 01:39:00.105580,1.26525,1.26536,1.26522,1.26529,8671
2025-09-09 02:39:00.105580,1.26528,1.26547,1.26525,1.26541,665
2025-09-09 03:39:00.105580,1.26507,1.26529,1.26507,1.26513,1223
2025-09-09 04:39:00.105580,1.26492,1.26499,1.26491,1.26495,2407
2025-09-09 05:39:00.105580,1.26531,1.26541,1.26522,1.2653,950
2025-09-09 06:39:00.105580,1.26518,1.26521,1.26504,1.26511,2349
2025-09-09 07:39:00.105580,1.2652,1.26523,1.26512,1.26515,4220
2025-09-09 08:39:00.105580,1.26539,1.26545,1.26537,1.26542,12803
2025-09-09 09:39:00.105580,1.26569,1.26573,1.26564,1.26565,6292
2025-09-09 10:39:00.105580,1.26582,1.26583,1.26565,1.26577,2112
2025-09-09 11:39:00.105580,1.26598,1.26611,1.26576,1.26588,7199
2025-09-09 12:39:00.105580,1.26585,1.26588,1.26568,1.26575,6240
2025-09-09 13:39:00.105580,1.26594,1.26596,1.2659,1.26591,3737
2025-09-09 14:39:00.105580,1.26599,1.26622,1.26589,1.26597,32532
2025-09-09 15:39:00.105580,1.26615,1.26616,1.26597,1.26611,2339
2025-09-09 16:39:00.105580,1.26614,1.26633,1.26594,1.26627,1984
2025-09-09 17:39:00.105580,1.26617,1.26621,1.26609,1.26609,11229
2025-09-09 18:39:00.105580,1.26599,1.26607,1.26598,1.26603,4156
2025-09-09 19:39:00.105580,1.2661,1.26619,1.26593,1.26603,1242
2025-09-09 20:39:00.105580,1.26624,1.26639,1.26616,1.26635,9697
2025-09-09 21:39:00.105580,1.26617,1.26639,1.26611,1.26627,7111
2025-09-09 22:39:00.105580,1.26619,1.26625,1.26598,1.26607,7940
2025-09-09 23:39:00.105580,1.26607,1.26616,1.26599,1.26605,1495
2025-09-10 00:39:00.105580,1.26626,1.2664,1.26614,1.26622,2305
2025-09-10 01:39:00.105580,1.26608,1.26611,1.26601,1.26602,1115
2025-09-10 02:39:00.105580,1.26609,1.26612,1.26593,1.26602,1090
2025-09-10 03:39:00.105580,1.26626,1.26627,1.2661,1.2662,6964
2025-09-10 04:39:00.105580,1.26619,1.26642,1.26604,1.26614,4964
2025-09-10 05:39:00.105580,1.26612,1.26621,1.26599,1.26607,2000
2025-09-10 06:39:00.105580,1.26591,1.26602,1.26581,1.26595,945
2025-09-10 07:39:00.105580,1.26578,1.26579,1.26569,1.26571,975
2025-09-10 08:39:00.105580,1.26601,1.26626,1.26595,1.26603,3161
2025-09-10 09:39:00.105580,1.26598,1.26608,1.26591,1.26602,2516
2025-09-10 10:39:00.105580,1.26582,1.26599,1.26576,1.26595,2791
2025-09-10 11:39:00.105580,1.26589,1.26603,1.26572,1.26585,2620
2025-09-10 12:39:00.105580,1.26581,1.26581,1.26574,1.26577,1356
2025-09-10 13:39:00.105580,1.26573,1.26574,1.26564,1.26571,7745
2025-09-10 14:39:00.105580,1.26593,1.266,1.2659,1.26599,793
2025-09-10 15:39:00.105580,1.26598,1.26609,1.26591,1.26595,2479
2025-09-10 16:39:00.105580,1.26601,1.26636,1.26596,1.26618,13345
2025-09-10 17:39:00.105580,1.26627,1.26635,1.26606,1.26611,4442
2025-09-10 18:39:00.105580,1.26631,1.26657,1.26623,1.26627,8289
2025-09-10 19:39:00.105580,1.26658,1.26678,1.26649,1.2667,628
2025-09-10 20:39:00.105580,1.2664,1.26649,1.26631,1.26637,29808
2025-09-10 21:39:00.105580,1.26663,1.26664,1.26647,1.26661,3750
2025-09-10 22:39:00.105580,1.26663,1.2667,1.26641,1.26648,8843
2025-09-10 23:39:00.105580,1.26656,1.26658,1.26643,1.26649,4246
2025-09-11 00:39:00.105580,1.26666,1.2669,1.26656,1.26659,1847
2025-09-11 01:39:00.105580,1.2666,1.26668,1.26656,1.26656,726
2025-09-11 02:39:00.105580,1.26673,1.26685,1.26634,1.26659,3720
2025-09-11 03:39:00.105580,1.2669,1.26693,1.26688,1.26691,5308
2025-09-11 04:39:00.105580,1.26688,1.26694,1.2668,1.26684,9852
2025-09-11 05:39:00.105580,1.26676,1.26694,1.2667,1.26681,4865
2025-09-11 06:39:00.105580,1.26676,1.26677,1.26657,1.26673,906
2025-09-11 07:39:00.105580,1.26676,1.26682,1.26671,1.26678,1454
2025-09-11 08:39:00.105580,1.26686,1.26715,1.26671,1.26702,11819
2025-09-11 09:39:00.105580,1.2669,1.2672,1.26681,1.26703,14750
2025-09-11 10:39:00.105580,1.26689,1.26705,1.2667,1.26675,5213
2025-09-11 11:39:00.105580,1.26692,1.26705,1.26686,1.26703,5736
2025-09-11 12:39:00.105580,1.26708,1.26716,1.26707,1.26712,935
2025-09-11 13:39:00.105580,1.26697,1.26712,1.26688,1.2669,3454
2025-09-11 14:39:00.105580,1.26686,1.26706,1.26684,1.26694,4992
2025-09-11 15:39:00.105580,1.26686,1.26687,1.26681,1.26683,1459
2025-09-11 16:39:00.105580,1.26664,1.26679,1.26662,1.26665,16108
2025-09-11 17:39:00.105580,1.26655,1.26667,1.26652,1.26653,2757
2025-09-11 18:39:00.105580,1.26659,1.26665,1.26642,1.26664,13604
2025-09-11 19:39:00.105580,1.26673,1.26681,1.26668,1.26672,5513
2025-09-11 20:39:00.105580,1.26705,1.26713,1.26687,1.26702,10164
2025-09-11 21:39:00.105580,1.26691,1.26707,1.26685,1.26698,1198
2025-09-11 22:39:00.105580,1.26687,1.26718,1.26685,1.26699,2215
2025-09-11 23:39:00.105580,1.26709,1.26719,1.26707,1.26713,1096
2025-09-12 00:39:00.105580,1.26714,1.26722,1.26707,1.26716,2759
2025-09-12 01:39:00.105580,1.26721,1.26731,1.26718,1.26719,1438
2025-09-12 02:39:00.105580,1.26724,1.26742,1.26721,1.26723,3619
2025-09-12 03:39:00.105580,1.26744,1.26763,1.26742,1.26747,3081
2025-09-12 04:39:00.105580,1.26744,1.26774,1.26743,1.2675,905
2025-09-12 05:39:00.105580,1.26733,1.26759,1.2673,1.26739,4089
2025-09-12 06:39:00.105580,1.26726,1.26745,1.26724,1.26734,1193
2025-09-12 07:39:00.105580,1.26684,1.26688,1.26674,1.26683,2725
2025-09-12 08:39:00.105580,1.26698,1.26704,1.26686,1.26695,6058
2025-09-12 09:39:00.105580,1.26696,1.26698,1.2668,1.2669,1478
2025-09-12 10:39:00.105580,1.26719,1.26735,1.26699,1.26704,7265
2025-09-12 11:39:00.105580,1.26719,1.26727,1.26709,1.26711,1258
2025-09-12 12:39:00.105580,1.26714,1.26726,1.2671,1.26724,3304
2025-09-12 13:39:00.105580,1.26708,1.26714,1.26691,1.26694,3828
2025-09-12 14:39:00.105580,1.26699,1.26722,1.26692,1.26708,2265
2025-09-12 15:39:00.105580,1.26714,1.26715,1.26708,1.26712,3387
2025-09-12 16:39:00.105580,1.26725,1.26742,1.26693,1.26718,6017
2025-09-12 17:39:00.105580,1.26734,1.2675,1.26714,1.26729,4105
2025-09-12 18:39:00.105580,1.26754,1.26766,1.26746,1.26749,2687
2025-09-12 19:39:00.105580,1.26745,1.26745,1.26738,1.26745,3989
2025-09-12 20:39:00.105580,1.26734,1.26742,1.2673,1.26732,10379
2025-09-12 21:39:00.105580,1.2674,1.2675,1.26725,1.26744,1217
2025-09-12 22:39:00.105580,1.26739,1.26757,1.26732,1.26735,313
2025-09-12 23:39:00.105580,1.26747,1.26748,1.26718,1.26745,8665
2025-09-13 00:39:00.105580,1.26756,1.2676,1.26749,1.26751,744
2025-09-13 01:39:00.105580,1.26728,1.26738,1.26709,1.2672,1854
2025-09-13 02:39:00.105580,1.2672,1.2673,1.26704,1.26716,6732
2025-09-13 03:39:00.105580,1.26694,1.26708,1.26691,1.26703,788
2025-09-13 04:39:00.105580,1.26722,1.26729,1.26701,1.2672,4860
2025-09-13 05:39:00.105580,1.26721,1.26734,1.26707,1.26716,3257
2025-09-13 06:39:00.105580,1.26731,1.26742,1.26712,1.26736,2159
2025-09-13 07:39:00.105580,1.26754,1.26763,1.26744,1.26756,3056
2025-09-13 08:39:00.105580,1.26762,1.26771,1.26747,1.26763,1618
2025-09-13 09:39:00.105580,1.26751,1.26766,1.26747,1.26759,14267
2025-09-13 10:39:00.105580,1.26759,1.26766,1.26743,1.26751,16316
2025-09-13 11:39:00.105580,1.26718,1.26741,1.2671,1.26733,2810
2025-09-13 12:39:00.105580,1.26712,1.26729,1.26703,1.26726,4109
2025-09-13 13:39:00.105580,1.26728,1.26745,1.26721,1.26726,14279
2025-09-13 14:39:00.105580,1.26727,1.26738,1.26721,1.26729,4855
2025-09-13 15:39:00.105580,1.26708,1.2672,1.26691,1.26704,2891
2025-09-13 16:39:00.105580,1.26684,1.26688,1.26678,1.26685,17127
2025-09-13 17:39:00.105580,1.26697,1.267,1.26686,1.26689,5137
2025-09-13 18:39:00.105580,1.26692,1.26701,1.26675,1.26683,3125
2025-09-13 19:39:00.105580,1.26699,1.26708,1.26685,1.26704,2709
2025-09-13 20:39:00.105580,1.26694,1.26706,1.26688,1.26702,2699
2025-09-13 21:39:00.105580,1.26693,1.26698,1.26681,1.26689,739
2025-09-13 22:39:00.105580,1.26704,1.26722,1.26691,1.26712,3324
2025-09-13 23:39:00.105580,1.26675,1.26677,1.26665,1.26668,2116
2025-09-14 00:39:00.105580,1.26689,1.26708,1.26681,1.26704,1133
2025-09-14 01:39:00.105580,1.26688,1.26713,1.2668,1.26695,6639
2025-09-14 02:39:00.105580,1.26698,1.26701,1.26676,1.267,2541
2025-09-14 03:39:00.105580,1.26732,1.26734,1.26715,1.26726,5699
2025-09-14 04:39:00.105580,1.26746,1.26762,1.26734,1.2675,1498
2025-09-14 05:39:00.105580,1.26752,1.26752,1.26736,1.26745,2381
2025-09-14 06:39:00.105580,1.26755,1.26765,1.26754,1.26763,1935
2025-09-14 07:39:00.105580,1.26778,1.26791,1.26755,1.26784,3041
2025-09-14 08:39:00.105580,1.26807,1.26819,1.268,1.26814,1803
2025-09-14 09:39:00.105580,1.26792,1.26797,1.26791,1.26796,19214
2025-09-14 10:39:00.105580,1.26798,1.26816,1.26791,1.26791,1029
2025-09-14 11:39:00.105580,1.26806,1.26816,1.26801,1.26805,1374
2025-09-14 12:39:00.105580,1.26826,1.26835,1.2682,1.26825,8301
2025-09-14 13:39:00.105580,1.26838,1.26845,1.26822,1.2683,2249
2025-09-14 14:39:00.105580,1.26835,1.26848,1.26824,1.26828,5726
2025-09-14 15:39:00.105580,1.26835,1.26835,1.26814,1.2683,2051
2025-09-14 16:39:00.105580,1.26859,1.26864,1.26844,1.26845,3040
2025-09-14 17:39:00.105580,1.26823,1.26836,1.268,1.26827,3183
2025-09-14 18:39:00.105580,1.26847,1.2687,1.2684,1.26864,13713
2025-09-14 19:39:00.105580,1.26883,1.26891,1.26875,1.26883,8258
2025-09-14 20:39:00.105580,1.26841,1.26842,1.26832,1.26838,5421
2025-09-14 21:39:00.105580,1.26809,1.26817,1.26797,1.268,1401
2025-09-14 22:39:00.105580,1.26836,1.26837,1.26828,1.26832,6370
2025-09-14 23:39:00.105580,1.26851,1.26865,1.26838,1.26847,4461
2025-09-15 00:39:00.105580,1.26852,1.26857,1.2684,1.26853,5553
2025-09-15 01:39:00.105580,1.26846,1.26856,1.26841,1.26856,6112
2025-09-15 02:39:00.105580,1.26828,1.26831,1.26823,1.26823,4285
2025-09-15 03:39:00.105580,1.26853,1.26862,1.26837,1.26859,2540
2025-09-15 04:39:00.105580,1.26833,1.26848,1.26813,1.26826,2709
2025-09-15 05:39:00.105580,1.26827,1.26837,1.26825,1.26837,5375
2025-09-15 06:39:00.105580,1.26828,1.26833,1.26816,1.26816,3281
2025-09-15 07:39:00.105580,1.26832,1.26841,1.26828,1.26829,7806
2025-09-15 08:39:00.105580,1.26832,1.26843,1.26818,1.26838,1164
2025-09-15 09:39:00.105580,1.26857,1.26877,1.26854,1.26867,12867
2025-09-15 10:39:00.105580,1.26858,1.26874,1.26844,1.26847,1783
2025-09-15 11:39:00.105580,1.26858,1.26866,1.26852,1.26857,2662
2025-09-15 12:39:00.105580,1.26833,1.26835,1.26805,1.26819,5265
2025-09-15 13:39:00.105580,1.26818,1.26823,1.26808,1.2681,3772
2025-09-15 14:39:00.105580,1.26813,1.26822,1.26801,1.26815,4246
2025-09-15 15:39:00.105580,1.26817,1.2682,1.2679,1.26793,2035
2025-09-15 16:39:00.105580,1.26796,1.2681,1.26791,1.26798,2519
2025-09-15 17:39:00.105580,1.26803,1.26818,1.26796,1.26804,14267
2025-09-15 18:39:00.105580,1.26803,1.26823,1.26785,1.26804,6108
2025-09-15 19:39:00.105580,1.26839,1.26862,1.26834,1.26845,15553
2025-09-15 20:39:00.105580,1.26836,1.26853,1.26831,1.2685,973
2025-09-15 21:39:00.105580,1.26865,1.26886,1.26855,1.2688,2430
2025-09-15 22:39:00.105580,1.26874,1.26908,1.26873,1.26885,6624
2025-09-15 23:39:00.105580,1.26869,1.2688,1.26854,1.2687,1812
2025-09-16 00:39:00.105580,1.26855,1.2688,1.26849,1.26866,9013
2025-09-16 01:39:00.105580,1.26839,1.26857,1.26831,1.26855,469
2025-09-16 02:39:00.105580,1.26844,1.26864,1.26832,1.2686,1153
2025-09-16 03:39:00.105580,1.26848,1.26867,1.26836,1.2686,1766
2025-09-16 04:39:00.105580,1.26879,1.26885,1.26875,1.26875,3447
2025-09-16 05:39:00.105580,1.26877,1.26884,1.26869,1.26875,10713
2025-09-16 06:39:00.105580,1.26886,1.26908,1.26881,1.26888,2254
2025-09-16 07:39:00.105580,1.26859,1.26883,1.2685,1.26873,14443
2025-09-16 08:39:00.105580,1.26845,1.26858,1.26833,1.26845,656
2025-09-16 09:39:00.105580,1.26856,1.2689,1.26824,1.26846,5308
2025-09-16 10:39:00.105580,1.26877,1.26882,1.26869,1.26871,7348
2025-09-16 11:39:00.105580,1.26885,1.26897,1.26876,1.26894,8670
2025-09-16 12:39:00.105580,1.26886,1.26893,1.26864,1.26892,3150
2025-09-16 13:39:00.105580,1.26901,1.26905,1.26887,1.26894,6646
2025-09-16 14:39:00.105580,1.2687,1.26874,1.26845,1.26864,3232
2025-09-16 15:39:00.105580,1.26836,1.26848,1.26819,1.2683,2568
2025-09-16 16:39:00.105580,1.26837,1.2685,1.26824,1.26841,2951
2025-09-16 17:39:00.105580,1.26835,1.26844,1.26828,1.26839,14049
2025-09-16 18:39:00.105580,1.26838,1.26841,1.26832,1.26834,2278
2025-09-16 19:39:00.105580,1.26851,1.26864,1.26831,1.26858,6699
2025-09-16 20:39:00.105580,1.26858,1.26869,1.26837,1.26852,4034
2025-09-16 21:39:00.105580,1.26857,1.2686,1.26849,1.2686,884
2025-09-16 22:39:00.105580,1.26856,1.26873,1.26842,1.26868,5999
2025-09-16 23:39:00.105580,1.26865,1.26878,1.26859,1.26864,10632
2025-09-17 00:39:00.105580,1.26848,1.26865,1.26819,1.26858,1760
2025-09-17 01:39:00.105580,1.26845,1.26847,1.26837,1.26842,4206
2025-09-17 02:39:00.105580,1.26843,1.26855,1.26825,1.2685,1588
2025-09-17 03:39:00.105580,1.26817,1.26838,1.26814,1.26834,2781
2025-09-17 04:39:00.105580,1.26801,1.26829,1.26798,1.26804,2024
2025-09-17 05:39:00.105580,1.26817,1.26827,1.268,1.26826,2943
2025-09-17 06:39:00.105580,1.26819,1.26832,1.26805,1.26813,3220
2025-09-17 07:39:00.105580,1.26814,1.26828,1.26808,1.26823,3046
2025-09-17 08:39:00.105580,1.26816,1.26824,1.26791,1.26816,4887
2025-09-17 09:39:00.105580,1.26829,1.26841,1.2682,1.26821,4583
2025-09-17 10:39:00.105580,1.26797,1.26808,1.2678,1.26786,6981
2025-09-17 11:39:00.105580,1.26793,1.26801,1.26785,1.26787,2565
2025-09-17 12:39:00.105580,1.26799,1.26824,1.26794,1.26802,18823
2025-09-17 13:39:00.105580,1.26764,1.26769,1.26744,1.26767,690
2025-09-17 14:39:00.105580,1.26745,1.26749,1.2673,1.26739,9009
2025-09-17 15:39:00.105580,1.26751,1.26762,1.26741,1.26745,11787
2025-09-17 16:39:00.105580,1.26764,1.26766,1.26752,1.26757,12489
2025-09-17 17:39:00.105580,1.26753,1.26754,1.26744,1.2675,8299
2025-09-17 18:39:00.105580,1.26751,1.26759,1.26746,1.26757,4056
2025-09-17 19:39:00.105580,1.26729,1.26732,1.26727,1.26729,5448
2025-09-17 20:39:00.105580,1.26719,1.26726,1.26706,1.26708,11959
2025-09-17 21:39:00.105580,1.26744,1.26762,1.26741,1.26744,2540
2025-09-17 22:39:00.105580,1.26774,1.26801,1.26774,1.26779,4495
2025-09-17 23:39:00.105580,1.26778,1.26779,1.26767,1.26773,1662
2025-09-18 00:39:00.105580,1.26779,1.26786,1.26769,1.26776,1159
2025-09-18 01:39:00.105580,1.26769,1.26787,1.26752,1.26762,470
2025-09-18 02:39:00.105580,1.26762,1.26765,1.26753,1.26757,633
2025-09-18 03:39:00.105580,1.26746,1.26762,1.26741,1.26754,6177
2025-09-18 04:39:00.105580,1.26728,1.26736,1.26712,1.26731,5035
2025-09-18 05:39:00.105580,1.26739,1.26746,1.26726,1.26733,3123
2025-09-18 06:39:00.105580,1.26715,1.26733,1.26714,1.26719,2579
2025-09-18 07:39:00.105580,1.2671,1.26714,1.26699,1.26707,2036
2025-09-18 08:39:00.105580,1.26718,1.26734,1.26714,1.2672,5250
2025-09-18 09:39:00.105580,1.26735,1.26742,1.26725,1.26729,12487
2025-09-18 10:39:00.105580,1.26763,1.26782,1.26746,1.26763,8054
2025-09-18 11:39:00.105580,1.26782,1.26787,1.26777,1.26778,3912
2025-09-18 12:39:00.105580,1.26763,1.26772,1.26762,1.26762,2801
2025-09-18 13:39:00.105580,1.26743,1.26747,1.26738,1.26741,9350
2025-09-18 14:39:00.105580,1.26748,1.26759,1.26731,1.26747,8861
2025-09-18 15:39:00.105580,1.26738,1.26745,1.26729,1.26742,4802
2025-09-18 16:39:00.105580,1.26734,1.26747,1.2673,1.26741,10986
2025-09-18 17:39:00.105580,1.26746,1.26748,1.26742,1.26747,6127
2025-09-18 18:39:00.105580,1.2675,1.26766,1.26746,1.26757,8668
2025-09-18 19:39:00.105580,1.26738,1.26749,1.26726,1.26747,15194
2025-09-18 20:39:00.105580,1.2676,1.26767,1.26737,1.26756,8474
2025-09-18 21:39:00.105580,1.26788,1.26796,1.2677,1.26776,5311
2025-09-18 22:39:00.105580,1.26798,1.26799,1.26784,1.26793,1922
2025-09-18 23:39:00.105580,1.26804,1.26812,1.26802,1.26806,923
2025-09-19 00:39:00.105580,1.26802,1.26815,1.26794,1.2681,5858
2025-09-19 01:39:00.105580,1.26786,1.26789,1.2676,1.2678,25736
2025-09-19 02:39:00.105580,1.26815,1.26826,1.26801,1.26814,4630
2025-09-19 03:39:00.105580,1.26821,1.26835,1.26811,1.26835,1867
2025-09-19 04:39:00.105580,1.26818,1.26818,1.26793,1.26802,2027
2025-09-19 05:39:00.105580,1.26828,1.26833,1.26819,1.26826,553
2025-09-19 06:39:00.105580,1.26813,1.26839,1.26799,1.26814,1948
2025-09-19 07:39:00.105580,1.26807,1.26833,1.26802,1.26821,2460
2025-09-19 08:39:00.105580,1.2681,1.26818,1.26809,1.2681,3574
2025-09-19 09:39:00.105580,1.26779,1.26788,1.26766,1.2678,4326
2025-09-19 10:39:00.105580,1.2677,1.26783,1.26766,1.26782,8174
2025-09-19 11:39:00.105580,1.26772,1.26792,1.26771,1.26771,7831
2025-09-19 12:39:00.105580,1.26816,1.26821,1.26807,1.2681,4273
2025-09-19 13:39:00.105580,1.26828,1.26835,1.26822,1.26824,7395
2025-09-19 14:39:00.105580,1.2681,1.26813,1.26809,1.26809,4838
2025-09-19 15:39:00.105580,1.26801,1.26801,1.26771,1.26799,5737
2025-09-19 16:39:00.105580,1.26803,1.26812,1.268,1.26807,15107
2025-09-19 17:39:00.105580,1.26797,1.26808,1.26792,1.26795,2489
2025-09-19 18:39:00.105580,1.26794,1.26808,1.26788,1.26796,2064
2025-09-19 19:39:00.105580,1.26806,1.26821,1.26774,1.26803,1428
2025-09-19 20:39:00.105580,1.26829,1.26841,1.26818,1.26829,10602
2025-09-19 21:39:00.105580,1.26811,1.26825,1.26799,1.26809,3532
2025-09-19 22:39:00.105580,1.26844,1.26849,1.26835,1.26846,8020
2025-09-19 23:39:00.105580,1.26822,1.26841,1.26821,1.26832,2657
2025-09-20 00:39:00.105580,1.26826,1.26827,1.26816,1.26826,1147
2025-09-20 01:39:00.105580,1.26799,1.26812,1.26788,1.26793,759
2025-09-20 02:39:00.105580,1.26779,1.26782,1.26759,1.26775,4372
2025-09-20 03:39:00.105580,1.26812,1.26828,1.26802,1.2682,1203
2025-09-20 04:39:00.105580,1.26799,1.26809,1.26795,1.26797,3606
2025-09-20 05:39:00.105580,1.26803,1.26818,1.26791,1.26804,3113
2025-09-20 06:39:00.105580,1.26802,1.26803,1.26785,1.26793,1757
2025-09-20 07:39:00.105580,1.26785,1.26799,1.26768,1.26789,3258
2025-09-20 08:39:00.105580,1.26801,1.26824,1.26788,1.26813,4629
2025-09-20 09:39:00.105580,1.26797,1.26808,1.26787,1.26787,3235
2025-09-20 10:39:00.105580,1.26756,1.26774,1.26738,1.26747,5221
2025-09-20 11:39:00.105580,1.26752,1.26757,1.2675,1.26752,10275
2025-09-20 12:39:00.105580,1.26727,1.26731,1.26718,1.2673,2074
2025-09-20 13:39:00.105580,1.26708,1.2671,1.26694,1.26707,3195
2025-09-20 14:39:00.105580,1.26714,1.26734,1.26689,1.26699,15904
2025-09-20 15:39:00.105580,1.26729,1.26735,1.26724,1.26729,5280
2025-09-20 16:39:00.105580,1.26731,1.26742,1.26723,1.26735,3996
2025-09-20 17:39:00.105580,1.2673,1.26747,1.26722,1.26727,12755
2025-09-20 18:39:00.105580,1.26733,1.26748,1.26725,1.26745,1380
2025-09-20 19:39:00.105580,1.26733,1.26759,1.2673,1.26741,4484
2025-09-20 20:39:00.105580,1.26737,1.26738,1.26735,1.26737,777
2025-09-20 21:39:00.105580,1.26721,1.26744,1.26713,1.26721,1911
2025-09-20 22:39:00.105580,1.26722,1.2673,1.267,1.26706,7727
2025-09-20 23:39:00.105580,1.26741,1.26746,1.26729,1.26743,2760
2025-09-21 00:39:00.105580,1.26733,1.26746,1.2672,1.26739,6779
2025-09-21 01:39:00.105580,1.26757,1.26766,1.26731,1.26746,3375
2025-09-21 02:39:00.105580,1.26752,1.26768,1.26749,1.26765,3400
2025-09-21 03:39:00.105580,1.26751,1.26769,1.26746,1.26748,1615
2025-09-21 04:39:00.105580,1.26756,1.26766,1.26746,1.26753,1576
2025-09-21 05:39:00.105580,1.26772,1.26779,1.26747,1.26769,915
2025-09-21 06:39:00.105580,1.26784,1.26791,1.26777,1.26785,1991
2025-09-21 07:39:00.105580,1.26799,1.26804,1.26795,1.26798,1696
2025-09-21 08:39:00.105580,1.268,1.26805,1.26777,1.26789,2622
2025-09-21 09:39:00.105580,1.26788,1.26792,1.2677,1.26789,2908
2025-09-21 10:39:00.105580,1.26784,1.26792,1.2677,1.26789,7090
2025-09-21 11:39:00.105580,1.26788,1.26806,1.26778,1.26781,2929
2025-09-21 12:39:00.105580,1.26788,1.26801,1.26779,1.2678,14937
2025-09-21 13:39:00.105580,1.26794,1.268,1.2679,1.26791,1593
2025-09-21 14:39:00.105580,1.26791,1.26807,1.26791,1.26796,3402
2025-09-21 15:39:00.105580,1.26834,1.26852,1.2683,1.26841,2283
2025-09-21 16:39:00.105580,1.26837,1.26874,1.26812,1.26833,8335
2025-09-21 17:39:00.105580,1.26832,1.26843,1.26821,1.26826,9521
2025-09-21 18:39:00.105580,1.26817,1.26818,1.26785,1.26803,2165
2025-09-21 19:39:00.105580,1.26815,1.26838,1.26808,1.26816,5934
2025-09-21 20:39:00.105580,1.26836,1.26844,1.26823,1.2684,3898
2025-09-21 21:39:00.105580,1.26827,1.26831,1.26803,1.26813,2380
2025-09-21 22:39:00.105580,1.26823,1.26835,1.26814,1.26821,3679
2025-09-21 23:39:00.105580,1.26807,1.26818,1.26785,1.26807,3263
2025-09-22 00:39:00.105580,1.26827,1.26834,1.26821,1.26833,3025
2025-09-22 01:39:00.105580,1.26819,1.26837,1.26806,1.26819,4495
2025-09-22 02:39:00.105580,1.26803,1.26822,1.26796,1.26809,2819
2025-09-22 03:39:00.105580,1.26821,1.26831,1.26817,1.26826,18106
2025-09-22 04:39:00.105580,1.26825,1.26835,1.2682,1.26825,3927
2025-09-22 05:39:00.105580,1.26818,1.26828,1.26801,1.26825,1028
2025-09-22 06:39:00.105580,1.26818,1.2682,1.26806,1.26815,2408
2025-09-22 07:39:00.105580,1.26805,1.26822,1.26794,1.26815,2669
2025-09-22 08:39:00.105580,1.26811,1.26816,1.2681,1.2681,3406
2025-09-22 09:39:00.105580,1.26829,1.26829,1.26825,1.26828,3800
2025-09-22 10:39:00.105580,1.26839,1.26847,1.26834,1.26836,27197
2025-09-22 11:39:00.105580,1.26821,1.26828,1.26793,1.26822,6225
2025-09-22 12:39:00.105580,1.26782,1.26795,1.26776,1.26789,6863
2025-09-22 13:39:00.105580,1.26779,1.26783,1.26758,1.26771,3889
2025-09-22 14:39:00.105580,1.26791,1.26795,1.26782,1.26786,6570
2025-09-22 15:39:00.105580,1.26787,1.26795,1.26784,1.26789,9337
2025-09-22 16:39:00.105580,1.26771,1.26791,1.26755,1.26779,2999
2025-09-22 17:39:00.105580,1.26784,1.26804,1.26774,1.26791,6861
2025-09-22 18:39:00.105580,1.26781,1.26798,1.26766,1.26794,11929
2025-09-22 19:39:00.105580,1.26775,1.26777,1.26768,1.26769,5831
2025-09-22 20:39:00.105580,1.26757,1.26768,1.26727,1.26764,1877
2025-09-22 21:39:00.105580,1.26785,1.26787,1.26767,1.26769,3739
2025-09-22 22:39:00.105580,1.26785,1.26792,1.26771,1.26778,1092
2025-09-22 23:39:00.105580,1.26788,1.26788,1.26759,1.26777,11611
2025-09-23 00:39:00.105580,1.26791,1.26802,1.26781,1.26795,1452
2025-09-23 01:39:00.105580,1.26799,1.26822,1.26793,1.26794,1260
2025-09-23 02:39:00.105580,1.26806,1.2683,1.26804,1.26807,298
2025-09-23 03:39:00.105580,1.26821,1.26834,1.26818,1.26829,3273
2025-09-23 04:39:00.105580,1.26851,1.26852,1.26836,1.26844,175
2025-09-23 05:39:00.105580,1.26822,1.26822,1.26817,1.26819,6694
2025-09-23 06:39:00.105580,1.26857,1.26864,1.2683,1.26849,6985
2025-09-23 07:39:00.105580,1.26866,1.2687,1.26863,1.26864,3471
2025-09-23 08:39:00.105580,1.26856,1.26886,1.26852,1.26859,3081
2025-09-23 09:39:00.105580,1.26836,1.2684,1.26817,1.26832,4616
2025-09-23 10:39:00.105580,1.26829,1.26841,1.26821,1.26835,15036
2025-09-23 11:39:00.105580,1.26827,1.26848,1.26804,1.26816,1303
2025-09-23 12:39:00.105580,1.26828,1.26834,1.26825,1.2683,11246
2025-09-23 13:39:00.105580,1.26815,1.26823,1.26794,1.2681,3105
2025-09-23 14:39:00.105580,1.26785,1.26793,1.26776,1.26791,1271
2025-09-23 15:39:00.105580,1.26795,1.26799,1.26773,1.26783,2957
2025-09-23 16:39:00.105580,1.26789,1.26796,1.26783,1.26787,2775
2025-09-23 17:39:00.105580,1.26789,1.26797,1.26777,1.26787,1476
2025-09-23 18:39:00.105580,1.26777,1.26784,1.26767,1.26778,1685
2025-09-23 19:39:00.105580,1.26749,1.26768,1.26735,1.26745,4440
2025-09-23 20:39:00.105580,1.26723,1.26737,1.26698,1.26714,6152
2025-09-23 21:39:00.105580,1.26725,1.26743,1.26721,1.26726,7524
2025-09-23 22:39:00.105580,1.2672,1.26736,1.26709,1.26729,3829
2025-09-23 23:39:00.105580,1.26706,1.26729,1.26694,1.26711,6066
2025-09-24 00:39:00.105580,1.26703,1.26725,1.26695,1.26709,2251
2025-09-24 01:39:00.105580,1.26692,1.26704,1.26685,1.26698,4098
2025-09-24 02:39:00.105580,1.26676,1.26676,1.26666,1.26673,7821
2025-09-24 03:39:00.105580,1.26675,1.26685,1.26667,1.26675,2309
2025-09-24 04:39:00.105580,1.2669,1.26709,1.26671,1.26696,2671
2025-09-24 05:39:00.105580,1.26695,1.26699,1.26695,1.26698,1853
2025-09-24 06:39:00.105580,1.26694,1.26702,1.26686,1.26701,1474
2025-09-24 07:39:00.105580,1.26665,1.26675,1.26653,1.26667,1070
2025-09-24 08:39:00.105580,1.26668,1.26671,1.26661,1.26665,7970
2025-09-24 09:39:00.105580,1.26655,1.26669,1.26644,1.26653,5120
2025-09-24 10:39:00.105580,1.26645,1.26649,1.26639,1.26639,3949
2025-09-24 11:39:00.105580,1.26659,1.26674,1.26653,1.26668,2417
2025-09-24 12:39:00.105580,1.26682,1.26695,1.26675,1.26683,4187
2025-09-24 13:39:00.105580,1.26686,1.267,1.26669,1.26699,5333
2025-09-24 14:39:00.105580,1.26698,1.26714,1.26691,1.26696,2673
2025-09-24 15:39:00.105580,1.26671,1.26677,1.26651,1.26674,9454
2025-09-24 16:39:00.105580,1.26653,1.2668,1.26649,1.26661,4397
2025-09-24 17:39:00.105580,1.26648,1.26663,1.26631,1.26654,5177
2025-09-24 18:39:00.105580,1.26669,1.26677,1.26663,1.26668,1554
2025-09-24 19:39:00.105580,1.26665,1.26677,1.26659,1.26671,5993
2025-09-24 20:39:00.105580,1.26681,1.26701,1.26675,1.26692,3349
2025-09-24 21:39:00.105580,1.26669,1.26675,1.26652,1.26663,7091
2025-09-24 22:39:00.105580,1.26655,1.26673,1.26653,1.26664,3020
2025-09-24 23:39:00.105580,1.26654,1.26677,1.26636,1.2666,2311
2025-09-25 00:39:00.105580,1.26646,1.26661,1.26639,1.26644,2938
2025-09-25 01:39:00.105580,1.2664,1.26656,1.26608,1.26638,2581
2025-09-25 02:39:00.105580,1.26649,1.26661,1.26647,1.2665,1829
2025-09-25 03:39:00.105580,1.26644,1.26655,1.26623,1.26631,9882
2025-09-25 04:39:00.105580,1.26643,1.26657,1.26641,1.26645,1947
2025-09-25 05:39:00.105580,1.26625,1.2665,1.26611,1.26633,889
2025-09-25 06:39:00.105580,1.26651,1.26654,1.26648,1.26651,2845
2025-09-25 07:39:00.105580,1.2666,1.26676,1.26643,1.26666,1603
2025-09-25 08:39:00.105580,1.26645,1.26649,1.26616,1.26635,3053
2025-09-25 09:39:00.105580,1.26636,1.26648,1.26634,1.26641,4496
2025-09-25 10:39:00.105580,1.26615,1.26639,1.26597,1.26609,3272
2025-09-25 11:39:00.105580,1.26599,1.26608,1.26594,1.26607,2192
2025-09-25 12:39:00.105580,1.26622,1.26641,1.26611,1.26627,7261
2025-09-25 13:39:00.105580,1.26631,1.26635,1.26601,1.26621,10971
2025-09-25 14:39:00.105580,1.26687,1.26687,1.26672,1.26676,2430
2025-09-25 15:39:00.105580,1.26697,1.26698,1.26672,1.2668,2388
2025-09-25 16:39:00.105580,1.26703,1.26705,1.26701,1.26701,2645
2025-09-25 17:39:00.105580,1.26696,1.26714,1.26691,1.26694,546
2025-09-25 18:39:00.105580,1.26703,1.26712,1.2669,1.26701,9517
2025-09-25 19:39:00.105580,1.26702,1.26745,1.26701,1.26711,537
2025-09-25 20:39:00.105580,1.26685,1.26685,1.26658,1.26684,25025
2025-09-25 21:39:00.105580,1.26711,1.26722,1.26696,1.26713,708
2025-09-25 22:39:00.105580,1.26736,1.2676,1.26708,1.26727,3888
2025-09-25 23:39:00.105580,1.26741,1.26749,1.26735,1.26746,3173
2025-09-26 00:39:00.105580,1.26752,1.26755,1.26746,1.26754,2010
2025-09-26 01:39:00.105580,1.26749,1.26752,1.26733,1.26751,711
2025-09-26 02:39:00.105580,1.26759,1.2677,1.26753,1.26767,870
2025-09-26 03:39:00.105580,1.26763,1.26772,1.26751,1.26753,1225
2025-09-26 04:39:00.105580,1.26784,1.26795,1.26765,1.26794,2883
2025-09-26 05:39:00.105580,1.26791,1.26802,1.26758,1.26773,2509
2025-09-26 06:39:00.105580,1.26777,1.26799,1.26757,1.26772,1152
2025-09-26 07:39:00.105580,1.26787,1.2679,1.26777,1.26786,2135
2025-09-26 08:39:00.105580,1.26775,1.26782,1.26767,1.26767,12004
2025-09-26 09:39:00.105580,1.26789,1.268,1.26782,1.26792,3280
2025-09-26 10:39:00.105580,1.26795,1.26828,1.26792,1.26802,8490
2025-09-26 11:39:00.105580,1.26778,1.26779,1.26772,1.26773,3829
2025-09-26 12:39:00.105580,1.26765,1.26786,1.26759,1.26783,954
2025-09-26 13:39:00.105580,1.26758,1.26773,1.26753,1.26762,600
2025-09-26 14:39:00.105580,1.26758,1.26758,1.2675,1.26758,22341
2025-09-26 15:39:00.105580,1.26775,1.26784,1.2676,1.26772,5239
2025-09-26 16:39:00.105580,1.26759,1.26768,1.26751,1.26763,7786
2025-09-26 17:39:00.105580,1.26756,1.26765,1.26751,1.26756,768
2025-09-26 18:39:00.105580,1.26765,1.26767,1.26763,1.26767,8032
2025-09-26 19:39:00.105580,1.2677,1.26774,1.2677,1.26773,1744
2025-09-26 20:39:00.105580,1.2671,1.26711,1.26698,1.26706,10677
2025-09-26 21:39:00.105580,1.26734,1.26736,1.26728,1.26729,5415
2025-09-26 22:39:00.105580,1.26747,1.26761,1.26725,1.26754,7748
2025-09-26 23:39:00.105580,1.26756,1.26772,1.26754,1.26767,1461
2025-09-27 00:39:00.105580,1.26765,1.26772,1.26745,1.2675,1570
2025-09-27 01:39:00.105580,1.26733,1.26741,1.26726,1.26726,1126
2025-09-27 02:39:00.105580,1.26723,1.26734,1.26699,1.26727,5135
2025-09-27 03:39:00.105580,1.26741,1.26749,1.26738,1.26742,2709
2025-09-27 04:39:00.105580,1.26735,1.26743,1.26717,1.26731,1716
2025-09-27 05:39:00.105580,1.26722,1.26729,1.2672,1.26726,1868
2025-09-27 06:39:00.105580,1.26702,1.26714,1.26685,1.26696,2691
2025-09-27 07:39:00.105580,1.26714,1.26727,1.26713,1.26717,1007
2025-09-27 08:39:00.105580,1.26726,1.26748,1.26719,1.26736,1679
2025-09-27 09:39:00.105580,1.26724,1.26741,1.26709,1.26714,5002
2025-09-27 10:39:00.105580,1.26692,1.26701,1.26678,1.26687,8436
2025-09-27 11:39:00.105580,1.26703,1.2671,1.26689,1.26697,8924
2025-09-27 12:39:00.105580,1.26705,1.2672,1.267,1.26709,5069
2025-09-27 13:39:00.105580,1.267,1.26714,1.26669,1.26694,2398
2025-09-27 14:39:00.105580,1.26699,1.26728,1.26681,1.26695,7373
2025-09-27 15:39:00.105580,1.26706,1.26722,1.2669,1.26706,6322
2025-09-27 16:39:00.105580,1.26697,1.267,1.26669,1.26699,1758
2025-09-27 17:39:00.105580,1.26694,1.26701,1.26691,1.26695,2627
2025-09-27 18:39:00.105580,1.26699,1.26721,1.26689,1.26706,11842
2025-09-27 19:39:00.105580,1.26684,1.26695,1.26678,1.2668,8079
2025-09-27 20:39:00.105580,1.26692,1.26696,1.26684,1.26695,5024
2025-09-27 21:39:00.105580,1.26703,1.26715,1.26694,1.2671,5375
2025-09-27 22:39:00.105580,1.2669,1.26704,1.26684,1.26688,9973
2025-09-27 23:39:00.105580,1.26713,1.26716,1.26703,1.26716,2777
2025-09-28 00:39:00.105580,1.26708,1.26721,1.26704,1.26706,1096
2025-09-28 01:39:00.105580,1.26705,1.26722,1.26692,1.26709,8210
2025-09-28 02:39:00.105580,1.26714,1.26724,1.26705,1.26713,1459
2025-09-28 03:39:00.105580,1.267,1.26704,1.26691,1.26699,3723
2025-09-28 04:39:00.105580,1.26738,1.26752,1.2673,1.26736,795
2025-09-28 05:39:00.105580,1.26733,1.26745,1.26712,1.26725,327
2025-09-28 06:39:00.105580,1.26715,1.26723,1.26713,1.2672,1622
2025-09-28 07:39:00.105580,1.26726,1.26736,1.26711,1.26728,640
2025-09-28 08:39:00.105580,1.26736,1.26746,1.26728,1.26739,1971
2025-09-28 09:39:00.105580,1.26727,1.26744,1.2672,1.26734,9093
2025-09-28 10:39:00.105580,1.2671,1.26728,1.26692,1.2671,2926
2025-09-28 11:39:00.105580,1.2671,1.26713,1.26701,1.26707,21468
2025-09-28 12:39:00.105580,1.26707,1.26715,1.26687,1.26695,4006
2025-09-28 13:39:00.105580,1.26692,1.26708,1.26678,1.26698,18129
2025-09-28 14:39:00.105580,1.26688,1.267,1.26675,1.26677,20856
2025-09-28 15:39:00.105580,1.26692,1.26692,1.26675,1.2669,3516
2025-09-28 16:39:00.105580,1.26685,1.26689,1.26662,1.26676,5678
2025-09-28 17:39:00.105580,1.26694,1.26716,1.26687,1.26708,5589
2025-09-28 18:39:00.105580,1.26702,1.26709,1.2665,1.26696,12120
2025-09-28 19:39:00.105580,1.26686,1.26698,1.26669,1.26692,12930
2025-09-28 20:39:00.105580,1.26681,1.26713,1.26665,1.26694,2208
2025-09-28 21:39:00.105580,1.2668,1.26689,1.26669,1.26672,1894
2025-09-28 22:39:00.105580,1.26666,1.26701,1.26666,1.26681,14246
2025-09-28 23:39:00.105580,1.26668,1.26683,1.26647,1.26679,2503
2025-09-29 00:39:00.105580,1.26664,1.26666,1.26658,1.26659,2194
2025-09-29 01:39:00.105580,1.26688,1.26705,1.26684,1.26692,1467
2025-09-29 02:39:00.105580,1.26661,1.26672,1.26649,1.26663,1666
2025-09-29 03:39:00.105580,1.26672,1.26677,1.26662,1.26671,1172
2025-09-29 04:39:00.105580,1.26712,1.26719,1.26696,1.26708,1407
2025-09-29 05:39:00.105580,1.26698,1.26722,1.26697,1.26701,5079
2025-09-29 06:39:00.105580,1.26685,1.26708,1.26685,1.26697,3487
2025-09-29 07:39:00.105580,1.26682,1.2669,1.26667,1.26673,12529
2025-09-29 08:39:00.105580,1.26663,1.26672,1.26646,1.26657,6997
2025-09-29 09:39:00.105580,1.2667,1.26683,1.26663,1.26671,1482
2025-09-29 10:39:00.105580,1.26648,1.26662,1.2664,1.26642,11562
2025-09-29 11:39:00.105580,1.26641,1.26651,1.26636,1.2664,2061
2025-09-29 12:39:00.105580,1.26633,1.26635,1.26624,1.26629,1253
2025-09-29 13:39:00.105580,1.2663,1.26636,1.26624,1.2663,4972
2025-09-29 14:39:00.105580,1.26641,1.26655,1.26625,1.26637,11509
2025-09-29 15:39:00.105580,1.2666,1.2667,1.26655,1.26656,3964
2025-09-29 16:39:00.105580,1.2663,1.26642,1.26625,1.26626,3883
2025-09-29 17:39:00.105580,1.26642,1.26654,1.26631,1.26647,1959
2025-09-29 18:39:00.105580,1.26621,1.26632,1.26609,1.26624,3808
2025-09-29 19:39:00.105580,1.26605,1.26616,1.26589,1.26612,8323
2025-09-29 20:39:00.105580,1.26607,1.26619,1.26599,1.26604,2544
2025-09-29 21:39:00.105580,1.26582,1.26598,1.26582,1.26596,1503
2025-09-29 22:39:00.105580,1.26566,1.2658,1.2656,1.26575,1986
2025-09-29 23:39:00.105580,1.26583,1.26598,1.26576,1.26589,959
2025-09-30 00:39:00.105580,1.26559,1.26579,1.26557,1.26563,1459
2025-09-30 01:39:00.105580,1.26564,1.26577,1.26552,1.26572,1382
2025-09-30 02:39:00.105580,1.26521,1.2655,1.2651,1.26528,2635
2025-09-30 03:39:00.105580,1.26528,1.26548,1.26527,1.26547,3921
2025-09-30 04:39:00.105580,1.26538,1.26556,1.26526,1.26538,420
2025-09-30 05:39:00.105580,1.26542,1.26554,1.26535,1.26539,1197
2025-09-30 06:39:00.105580,1.26547,1.26562,1.26535,1.26554,2599
2025-09-30 07:39:00.105580,1.26547,1.2656,1.26539,1.26546,3025
2025-09-30 08:39:00.105580,1.26558,1.26561,1.2655,1.26555,11588
2025-09-30 09:39:00.105580,1.26566,1.26572,1.26558,1.26564,9035
2025-09-30 10:39:00.105580,1.26586,1.26596,1.26582,1.26587,5882
2025-09-30 11:39:00.105580,1.26594,1.26612,1.26586,1.26607,3439
2025-09-30 12:39:00.105580,1.26583,1.266,1.26575,1.26584,1656
2025-09-30 13:39:00.105580,1.26602,1.26615,1.26597,1.26598,1783
2025-09-30 14:39:00.105580,1.26587,1.26594,1.26571,1.26581,4535
2025-09-30 15:39:00.105580,1.26611,1.26638,1.26609,1.26629,2328
2025-09-30 16:39:00.105580,1.26628,1.26631,1.26616,1.26621,20471
2025-09-30 17:39:00.105580,1.26632,1.26649,1.26619,1.26642,3133
2025-09-30 18:39:00.105580,1.26645,1.2666,1.26633,1.26654,7843
2025-09-30 19:39:00.105580,1.26661,1.26668,1.2666,1.26661,6244
2025-09-30 20:39:00.105580,1.26665,1.26682,1.26663,1.26673,5561
2025-09-30 21:39:00.105580,1.26673,1.26687,1.26659,1.26677,5111
2025-09-30 22:39:00.105580,1.26663,1.26676,1.2665,1.26652,864
2025-09-30 23:39:00.105580,1.26676,1.2668,1.26667,1.26672,3029
2025-10-01 00:39:00.105580,1.26676,1.26684,1.26667,1.26682,1642
2025-10-01 01:39:00.105580,1.26669,1.26697,1.26648,1.26679,4994
2025-10-01 02:39:00.105580,1.26664,1.26676,1.26659,1.26666,507
2025-10-01 03:39:00.105580,1.26658,1.26672,1.26643,1.26662,726
2025-10-01 04:39:00.105580,1.26666,1.26671,1.26657,1.2667,3563
2025-10-01 05:39:00.105580,1.26655,1.26656,1.26647,1.26652,1763
2025-10-01 06:39:00.105580,1.26663,1.26667,1.26645,1.26656,1085
2025-10-01 07:39:00.105580,1.26677,1.26687,1.26674,1.26686,535
2025-10-01 08:39:00.105580,1.26686,1.26687,1.26665,1.26673,2613
2025-10-01 09:39:00.105580,1.26695,1.26714,1.26685,1.26707,4583
2025-10-01 10:39:00.105580,1.2671,1.26741,1.26705,1.26728,3453
2025-10-01 11:39:00.105580,1.26712,1.2673,1.26708,1.26717,10944
2025-10-01 12:39:00.105580,1.26696,1.26713,1.26688,1.26712,2788
2025-10-01 13:39:00.105580,1.26712,1.26714,1.26704,1.26712,11721
2025-10-01 14:39:00.105580,1.26705,1.2672,1.26688,1.26704,8803
2025-10-01 15:39:00.105580,1.26724,1.2673,1.26712,1.2672,9554
2025-10-01 16:39:00.105580,1.26726,1.26733,1.26706,1.26717,10369
2025-10-01 17:39:00.105580,1.26748,1.26762,1.26736,1.26748,16913
2025-10-01 18:39:00.105580,1.26741,1.26753,1.26729,1.26751,2311
2025-10-01 19:39:00.105580,1.26726,1.26737,1.2671,1.26711,3429
2025-10-01 20:39:00.105580,1.26726,1.26731,1.26721,1.26725,2187
2025-10-01 21:39:00.105580,1.26712,1.26722,1.26709,1.26712,8727
2025-10-01 22:39:00.105580,1.26686,1.26704,1.26669,1.26684,1875
2025-10-01 23:39:00.105580,1.26675,1.26676,1.26655,1.26667,2013
2025-10-02 00:39:00.105580,1.26661,1.2668,1.26653,1.26668,1214
2025-10-02 01:39:00.105580,1.26662,1.26669,1.26655,1.26667,1574
2025-10-02 02:39:00.105580,1.26654,1.2667,1.26646,1.26654,1422
2025-10-02 03:39:00.105580,1.26673,1.26673,1.26645,1.26653,8057
2025-10-02 04:39:00.105580,1.26685,1.26697,1.26676,1.26681,1230
2025-10-02 05:39:00.105580,1.26709,1.26714,1.26692,1.26703,650
2025-10-02 06:39:00.105580,1.26723,1.26742,1.26721,1.26736,2080
2025-10-02 07:39:00.105580,1.26728,1.26742,1.26721,1.26732,2796
2025-10-02 08:39:00.105580,1.26742,1.26744,1.26737,1.26739,4447
2025-10-02 09:39:00.105580,1.26741,1.26752,1.26726,1.26746,1509
2025-10-02 10:39:00.105580,1.2675,1.26769,1.26739,1.26748,3785
2025-10-02 11:39:00.105580,1.26745,1.26751,1.2674,1.26741,13712
2025-10-02 12:39:00.105580,1.26744,1.26755,1.26715,1.26747,4761
2025-10-02 13:39:00.105580,1.26738,1.26753,1.26729,1.26734,16912
2025-10-02 14:39:00.105580,1.26732,1.26747,1.26724,1.26726,12560
2025-10-02 15:39:00.105580,1.26753,1.26779,1.2674,1.26767,1448
2025-10-02 16:39:00.105580,1.26745,1.26754,1.26733,1.26738,5509
2025-10-02 17:39:00.105580,1.26742,1.26743,1.26734,1.2674,9158
2025-10-02 18:39:00.105580,1.26727,1.26754,1.26727,1.26735,3536
2025-10-02 19:39:00.105580,1.26716,1.26732,1.26709,1.2672,11935
2025-10-02 20:39:00.105580,1.26707,1.2672,1.26691,1.26706,5578
2025-10-02 21:39:00.105580,1.26714,1.26734,1.26713,1.26722,14870
2025-10-02 22:39:00.105580,1.26721,1.26722,1.26693,1.2672,2084
2025-10-02 23:39:00.105580,1.26733,1.26756,1.26725,1.2674,4314
2025-10-03 00:39:00.105580,1.26743,1.26751,1.26719,1.2675,2543
2025-10-03 01:39:00.105580,1.26776,1.26791,1.26773,1.26781,827
2025-10-03 02:39:00.105580,1.26779,1.26789,1.2676,1.2676,7491
2025-10-03 03:39:00.105580,1.26798,1.26808,1.26798,1.26805,3282
2025-10-03 04:39:00.105580,1.26789,1.268,1.26778,1.26796,1645
2025-10-03 05:39:00.105580,1.26778,1.26778,1.26768,1.2677,797
2025-10-03 06:39:00.105580,1.26771,1.26776,1.26758,1.26762,1827
2025-10-03 07:39:00.105580,1.26742,1.26758,1.26727,1.2674,775
2025-10-03 08:39:00.105580,1.26734,1.26743,1.26724,1.26731,4325
2025-10-03 09:39:00.105580,1.26745,1.26752,1.26732,1.26737,5580
2025-10-03 10:39:00.105580,1.26756,1.26776,1.26746,1.26768,4099
2025-10-03 11:39:00.105580,1.2677,1.26792,1.26755,1.26777,3896
2025-10-03 12:39:00.105580,1.26754,1.2677,1.26741,1.26749,3899
2025-10-03 13:39:00.105580,1.26772,1.26783,1.26769,1.26773,3029
2025-10-03 14:39:00.105580,1.26778,1.26785,1.26761,1.26777,39666
2025-10-03 15:39:00.105580,1.26774,1.26776,1.26746,1.26764,904
2025-10-03 16:39:00.105580,1.26775,1.26777,1.26762,1.26776,7386
2025-10-03 17:39:00.105580,1.26761,1.26771,1.26744,1.2676,11280
2025-10-03 18:39:00.105580,1.26768,1.26768,1.26757,1.26759,4069
2025-10-03 19:39:00.105580,1.26774,1.26789,1.26773,1.2678,4285
2025-10-03 20:39:00.105580,1.26803,1.26824,1.26802,1.26814,1457
2025-10-03 21:39:00.105580,1.26789,1.26799,1.26761,1.26792,3646
2025-10-03 22:39:00.105580,1.26782,1.26784,1.2677,1.26779,2647
2025-10-03 23:39:00.105580,1.26795,1.2681,1.26785,1.26805,1563
2025-10-04 00:39:00.105580,1.26784,1.2679,1.2678,1.2679,2098
2025-10-04 01:39:00.105580,1.26779,1.2681,1.26764,1.26783,2913
2025-10-04 02:39:00.105580,1.26754,1.2676,1.26739,1.2674,1075
2025-10-04 03:39:00.105580,1.2679,1.26793,1.26775,1.26785,969
2025-10-04 04:39:00.105580,1.26822,1.2683,1.26793,1.26818,2337
2025-10-04 05:39:00.105580,1.2683,1.26847,1.26821,1.26837,766
2025-10-04 06:39:00.105580,1.26836,1.26845,1.26834,1.26836,2630
2025-10-04 07:39:00.105580,1.26836,1.26852,1.26834,1.26844,7715
2025-10-04 08:39:00.105580,1.26818,1.26831,1.2681,1.26817,2111
2025-10-04 09:39:00.105580,1.26829,1.26841,1.26826,1.26832,2481
2025-10-04 10:39:00.105580,1.26829,1.26832,1.26812,1.26814,6766
2025-10-04 11:39:00.105580,1.26827,1.26835,1.26818,1.26822,15073
2025-10-04 12:39:00.105580,1.26857,1.26861,1.26854,1.26857,1300
2025-10-04 13:39:00.105580,1.26894,1.26911,1.26887,1.26901,3865
2025-10-04 14:39:00.105580,1.26893,1.26906,1.26876,1.26897,9860
2025-10-04 15:39:00.105580,1.2688,1.26894,1.26878,1.2688,5490
2025-10-04 16:39:00.105580,1.26862,1.26881,1.26861,1.26867,28812
2025-10-04 17:39:00.105580,1.26853,1.26857,1.26832,1.2684,1166
2025-10-04 18:39:00.105580,1.26868,1.26883,1.26865,1.26867,5517
2025-10-04 19:39:00.105580,1.26871,1.26895,1.26862,1.2688,5803
2025-10-04 20:39:00.105580,1.26831,1.26843,1.26817,1.26839,2025
2025-10-04 21:39:00.105580,1.26806,1.26811,1.26781,1.26796,1897
2025-10-04 22:39:00.105580,1.26793,1.26813,1.26791,1.26797,5089
2025-10-04 23:39:00.105580,1.2682,1.26823,1.26803,1.2681,285
2025-10-05 00:39:00.105580,1.26815,1.26828,1.26807,1.26824,1499
2025-10-05 01:39:00.105580,1.26828,1.26833,1.26814,1.26815,2140
2025-10-05 02:39:00.105580,1.26836,1.26852,1.26816,1.26844,2359
2025-10-05 03:39:00.105580,1.26852,1.26854,1.26842,1.26847,4703
2025-10-05 04:39:00.105580,1.2686,1.2686,1.26833,1.26849,1721
2025-10-05 05:39:00.105580,1.26873,1.26885,1.26864,1.2688,1091
2025-10-05 06:39:00.105580,1.26878,1.26878,1.26856,1.26872,1681
2025-10-05 07:39:00.105580,1.26883,1.26903,1.26878,1.26884,3440
2025-10-05 08:39:00.105580,1.26886,1.26905,1.26885,1.26895,31125
2025-10-05 09:39:00.105580,1.26892,1.26904,1.26882,1.26892,1370
2025-10-05 10:39:00.105580,1.26874,1.26878,1.26871,1.26877,2445
2025-10-05 11:39:00.105580,1.26857,1.26862,1.26848,1.26849,11538
2025-10-05 12:39:00.105580,1.26856,1.26883,1.26847,1.26869,2002
2025-10-05 13:39:00.105580,1.26883,1.26885,1.26874,1.2688,7095
2025-10-05 14:39:00.105580,1.26871,1.26882,1.2686,1.26876,2168
2025-10-05 15:39:00.105580,1.26886,1.269,1.26876,1.26893,6844
2025-10-05 16:39:00.105580,1.26865,1.26879,1.26865,1.26874,6876
2025-10-05 17:39:00.105580,1.26848,1.26861,1.26835,1.26849,5037
2025-10-05 18:39:00.105580,1.26861,1.26862,1.26854,1.26861,4516
2025-10-05 19:39:00.105580,1.26872,1.26877,1.26853,1.26876,5723
2025-10-05 20:39:00.105580,1.26876,1.26896,1.26873,1.26893,2612
2025-10-05 21:39:00.105580,1.26841,1.26851,1.26821,1.26831,4088
2025-10-05 22:39:00.105580,1.26841,1.26843,1.26824,1.26837,2778
2025-10-05 23:39:00.105580,1.26836,1.26863,1.26834,1.26851,1936
2025-10-06 00:39:00.105580,1.26841,1.26871,1.26826,1.26847,1914
2025-10-06 01:39:00.105580,1.26818,1.26831,1.26804,1.26829,800
2025-10-06 02:39:00.105580,1.26802,1.26821,1.26793,1.26815,6803
2025-10-06 03:39:00.105580,1.268,1.2682,1.2679,1.26807,615
2025-10-06 04:39:00.105580,1.26815,1.26819,1.26811,1.26816,6808
2025-10-06 05:39:00.105580,1.26834,1.26843,1.2681,1.26821,4137
2025-10-06 06:39:00.105580,1.26862,1.26871,1.26853,1.26859,656
2025-10-06 07:39:00.105580,1.26877,1.26885,1.26869,1.26877,3482
2025-10-06 08:39:00.105580,1.26871,1.26887,1.26866,1.26884,13705
2025-10-06 09:39:00.105580,1.26893,1.26908,1.26886,1.26889,1432
2025-10-06 10:39:00.105580,1.26897,1.2693,1.26875,1.26915,4700
2025-10-06 11:39:00.105580,1.26911,1.2692,1.26902,1.26915,1690
2025-10-06 12:39:00.105580,1.26942,1.2695,1.26908,1.26923,14585
2025-10-06 13:39:00.105580,1.26964,1.26991,1.2695,1.26977,9571
2025-10-06 14:39:00.105580,1.2698,1.26984,1.26963,1.26969,8134
2025-10-06 15:39:00.105580,1.2697,1.26971,1.26954,1.26961,6529
2025-10-06 16:39:00.105580,1.26981,1.26986,1.26977,1.26979,27354
2025-10-06 17:39:00.105580,1.26971,1.26982,1.26962,1.26968,4783
2025-10-06 18:39:00.105580,1.26998,1.27021,1.26984,1.26988,3965
2025-10-06 19:39:00.105580,1.27006,1.27025,1.26988,1.27007,6691
2025-10-06 20:39:00.105580,1.26963,1.26979,1.2695,1.26978,3271
2025-10-06 21:39:00.105580,1.26944,1.26959,1.2694,1.26945,5775
2025-10-06 22:39:00.105580,1.2697,1.26985,1.26955,1.2696,9418
2025-10-06 23:39:00.105580,1.26966,1.2697,1.26963,1.26967,7239
2025-10-07 00:39:00.105580,1.26968,1.26975,1.26955,1.26964,10197
2025-10-07 01:39:00.105580,1.26976,1.26985,1.26965,1.2697,2224
2025-10-07 02:39:00.105580,1.26989,1.26993,1.26977,1.26991,7585
2025-10-07 03:39:00.105580,1.27,1.27021,1.26995,1.27007,2911
2025-10-07 04:39:00.105580,1.26992,1.27005,1.2698,1.26994,2435
2025-10-07 05:39:00.105580,1.26981,1.26999,1.26964,1.2697,1282
2025-10-07 06:39:00.105580,1.26972,1.26991,1.26962,1.26975,643
2025-10-07 07:39:00.105580,1.26968,1.26971,1.26956,1.26967,2272
2025-10-07 08:39:00.105580,1.26978,1.26983,1.26978,1.26983,4787
2025-10-07 09:39:00.105580,1.26964,1.26981,1.26955,1.26963,5438
2025-10-07 10:39:00.105580,1.26954,1.26955,1.26948,1.26952,2240
2025-10-07 11:39:00.105580,1.26955,1.26958,1.26951,1.26951,6125
2025-10-07 12:39:00.105580,1.26948,1.26959,1.26932,1.26947,35718
2025-10-07 13:39:00.105580,1.26936,1.26941,1.26923,1.26928,5967
2025-10-07 14:39:00.105580,1.2693,1.26938,1.26927,1.26933,4696
2025-10-07 15:39:00.105580,1.26963,1.26966,1.2695,1.26961,4392
2025-10-07 16:39:00.105580,1.26961,1.26972,1.2695,1.2696,19052
2025-10-07 17:39:00.105580,1.26948,1.26957,1.26929,1.26935,2641
2025-10-07 18:39:00.105580,1.26945,1.26958,1.26937,1.26947,7645
2025-10-07 19:39:00.105580,1.26941,1.26958,1.26939,1.26947,6826
2025-10-07 20:39:00.105580,1.26948,1.26957,1.26941,1.26942,10189
2025-10-07 21:39:00.105580,1.26918,1.26932,1.26911,1.26923,1527
2025-10-07 22:39:00.105580,1.26917,1.26921,1.26894,1.26905,5038
2025-10-07 23:39:00.105580,1.26942,1.26947,1.26938,1.26942,3252
2025-10-08 00:39:00.105580,1.26957,1.2696,1.26947,1.26949,708
2025-10-08 01:39:00.105580,1.2694,1.26945,1.26934,1.26934,1629
2025-10-08 02:39:00.105580,1.26935,1.26952,1.2692,1.26929,2551
2025-10-08 03:39:00.105580,1.26961,1.26962,1.26953,1.26958,697
2025-10-08 04:39:00.105580,1.26966,1.26978,1.26947,1.26966,1880
2025-10-08 05:39:00.105580,1.26944,1.26967,1.26932,1.26945,1273
2025-10-08 06:39:00.105580,1.26932,1.26942,1.26917,1.26928,4981
2025-10-08 07:39:00.105580,1.26921,1.26929,1.26919,1.26924,1260
2025-10-08 08:39:00.105580,1.26902,1.26915,1.26898,1.26913,4193
2025-10-08 09:39:00.105580,1.26894,1.26906,1.26888,1.26895,2727
2025-10-08 10:39:00.105580,1.26912,1.26927,1.26894,1.26918,926
2025-10-08 11:39:00.105580,1.26918,1.26932,1.26908,1.26908,6677
2025-10-08 12:39:00.105580,1.26925,1.26929,1.26924,1.26928,10312
2025-10-08 13:39:00.105580,1.26909,1.26925,1.26903,1.2691,2727
2025-10-08 14:39:00.105580,1.269,1.26907,1.26883,1.26896,3233
2025-10-08 15:39:00.105580,1.26889,1.26892,1.26882,1.26883,5659
2025-10-08 16:39:00.105580,1.26874,1.26898,1.26874,1.26888,1738
2025-10-08 17:39:00.105580,1.26871,1.26879,1.26856,1.26868,29749
2025-10-08 18:39:00.105580,1.26859,1.2686,1.26853,1.2686,7983
2025-10-08 19:39:00.105580,1.26849,1.26872,1.26827,1.26841,11792
2025-10-08 20:39:00.105580,1.26844,1.26846,1.26821,1.26834,8623
2025-10-08 21:39:00.105580,1.26811,1.26818,1.26799,1.26804,1839
2025-10-08 22:39:00.105580,1.26818,1.26849,1.26812,1.26829,1060
2025-10-08 23:39:00.105580,1.26849,1.2687,1.26836,1.26842,9982
2025-10-09 00:39:00.105580,1.26847,1.26862,1.26837,1.26849,5587
2025-10-09 01:39:00.105580,1.26852,1.26874,1.26844,1.26853,3602
2025-10-09 02:39:00.105580,1.26844,1.26851,1.26836,1.26839,3162
2025-10-09 03:39:00.105580,1.26867,1.26868,1.26853,1.26862,374
2025-10-09 04:39:00.105580,1.26853,1.26876,1.26852,1.2686,2723
2025-10-09 05:39:00.105580,1.26886,1.26891,1.26883,1.26889,3041
2025-10-09 06:39:00.105580,1.26888,1.26911,1.26885,1.26893,2196
2025-10-09 07:39:00.105580,1.26899,1.26904,1.26886,1.26893,1789
2025-10-09 08:39:00.105580,1.269,1.26907,1.26893,1.26904,9279
2025-10-09 09:39:00.105580,1.26903,1.26911,1.26892,1.26909,2740
2025-10-09 10:39:00.105580,1.26918,1.26947,1.26914,1.26922,6439
2025-10-09 11:39:00.105580,1.26932,1.26942,1.26921,1.26928,845
2025-10-09 12:39:00.105580,1.26922,1.26955,1.26919,1.26932,1742
2025-10-09 13:39:00.105580,1.26914,1.26928,1.26905,1.26908,2065
2025-10-09 14:39:00.105580,1.26923,1.26931,1.26919,1.26919,5134
2025-10-09 15:39:00.105580,1.26905,1.26938,1.26904,1.26918,3473
2025-10-09 16:39:00.105580,1.26899,1.2691,1.26893,1.26906,7071
2025-10-09 17:39:00.105580,1.26912,1.26924,1.26897,1.26905,11161
2025-10-09 18:39:00.105580,1.26897,1.26911,1.26882,1.26906,7258
2025-10-09 19:39:00.105580,1.26893,1.26893,1.26891,1.26891,3541
2025-10-09 20:39:00.105580,1.26877,1.26892,1.26876,1.26889,7320
2025-10-09 21:39:00.105580,1.26858,1.26892,1.2685,1.2688,987
2025-10-09 22:39:00.105580,1.26864,1.26866,1.26857,1.26862,1935
2025-10-09 23:39:00.105580,1.26866,1.26872,1.26863,1.26867,7269
2025-10-10 00:39:00.105580,1.2684,1.26854,1.26829,1.26845,2616
2025-10-10 01:39:00.105580,1.26842,1.2685,1.26837,1.26841,1372
2025-10-10 02:39:00.105580,1.26852,1.26861,1.26845,1.26857,824
2025-10-10 03:39:00.105580,1.26876,1.26891,1.26864,1.26886,1468
2025-10-10 04:39:00.105580,1.26844,1.26866,1.26841,1.26862,1789
2025-10-10 05:39:00.105580,1.26845,1.26853,1.26842,1.26844,4933
2025-10-10 06:39:00.105580,1.26875,1.26889,1.26872,1.26878,1342
2025-10-10 07:39:00.105580,1.26871,1.26885,1.26869,1.26871,1944
2025-10-10 08:39:00.105580,1.26875,1.26897,1.26869,1.26888,21417
2025-10-10 09:39:00.105580,1.26871,1.26895,1.26863,1.26875,1251
2025-10-10 10:39:00.105580,1.26861,1.26882,1.26857,1.26865,3342
2025-10-10 11:39:00.105580,1.26832,1.26836,1.26816,1.26827,2525
2025-10-10 12:39:00.105580,1.26853,1.26867,1.26851,1.26857,5793
2025-10-10 13:39:00.105580,1.26879,1.26893,1.26867,1.26872,10981
2025-10-10 14:39:00.105580,1.26865,1.2687,1.26863,1.26865,4674
2025-10-10 15:39:00.105580,1.26805,1.26832,1.26793,1.26806,2273
2025-10-10 16:39:00.105580,1.26828,1.26831,1.26822,1.26829,6593
2025-10-10 17:39:00.105580,1.2685,1.26865,1.26827,1.2684,1961
2025-10-10 18:39:00.105580,1.26853,1.26861,1.26851,1.26855,12461
2025-10-10 19:39:00.105580,1.26852,1.26875,1.26849,1.26868,4088
2025-10-10 20:39:00.105580,1.26861,1.26876,1.2686,1.26862,2640
2025-10-10 21:39:00.105580,1.2687,1.26875,1.26856,1.26858,1778
2025-10-10 22:39:00.105580,1.26849,1.26861,1.26848,1.26857,2941
2025-10-10 23:39:00.105580,1.26852,1.26855,1.26838,1.2685,1195
2025-10-11 00:39:00.105580,1.26865,1.26871,1.26864,1.26869,4191
2025-10-11 01:39:00.105580,1.26859,1.26864,1.26851,1.26859,1393
2025-10-11 02:39:00.105580,1.26831,1.26836,1.2683,1.26834,1612
2025-10-11 03:39:00.105580,1.26815,1.26819,1.26811,1.26819,2057
2025-10-11 04:39:00.105580,1.26802,1.26803,1.2679,1.26791,2533
2025-10-11 05:39:00.105580,1.26793,1.26805,1.26782,1.26789,1676
2025-10-11 06:39:00.105580,1.2679,1.26795,1.2679,1.26792,1456
2025-10-11 07:39:00.105580,1.26795,1.268,1.26781,1.26788,2379
2025-10-11 08:39:00.105580,1.26798,1.26807,1.26786,1.26801,31142
2025-10-11 09:39:00.105580,1.2683,1.26836,1.26806,1.26826,8411
2025-10-11 10:39:00.105580,1.26817,1.26817,1.26806,1.26814,9052
2025-10-11 11:39:00.105580,1.26827,1.26837,1.26817,1.26831,1553
2025-10-11 12:39:00.105580,1.26849,1.26857,1.26847,1.26856,2314
2025-10-11 13:39:00.105580,1.26827,1.26837,1.26816,1.26816,9239
2025-10-11 14:39:00.105580,1.26826,1.26828,1.26815,1.26823,8033
2025-10-11 15:39:00.105580,1.26826,1.26835,1.2682,1.26832,10858
2025-10-11 16:39:00.105580,1.26824,1.2683,1.2681,1.26824,3178
2025-10-11 17:39:00.105580,1.26846,1.26851,1.26827,1.26851,13235
2025-10-11 18:39:00.105580,1.26843,1.26864,1.26818,1.26823,8179
2025-10-11 19:39:00.105580,1.26857,1.26859,1.26827,1.26853,9446
2025-10-11 20:39:00.105580,1.26844,1.26846,1.26844,1.26846,7961
2025-10-11 21:39:00.105580,1.26852,1.26872,1.2683,1.26852,7790
2025-10-11 22:39:00.105580,1.2683,1.26834,1.26818,1.26821,7066
2025-10-11 23:39:00.105580,1.26809,1.26814,1.26775,1.26793,2373
2025-10-12 00:39:00.105580,1.26805,1.26806,1.26796,1.26802,1144
2025-10-12 01:39:00.105580,1.26832,1.26841,1.26827,1.26837,1811
2025-10-12 02:39:00.105580,1.26839,1.2684,1.2683,1.26835,365
2025-10-12 03:39:00.105580,1.2685,1.26856,1.26849,1.26852,1851
2025-10-12 04:39:00.105580,1.26851,1.26856,1.26814,1.26832,2108
2025-10-12 05:39:00.105580,1.2685,1.2685,1.26844,1.26847,3534
2025-10-12 06:39:00.105580,1.26851,1.26855,1.26832,1.26849,4667
2025-10-12 07:39:00.105580,1.26833,1.26857,1.26816,1.2685,1108
2025-10-12 08:39:00.105580,1.26846,1.26857,1.26841,1.26849,4797
2025-10-12 09:39:00.105580,1.26835,1.26849,1.26817,1.26841,1477
2025-10-12 10:39:00.105580,1.26822,1.26846,1.26821,1.26836,3240
2025-10-12 11:39:00.105580,1.26806,1.26807,1.26801,1.26802,12205
2025-10-12 12:39:00.105580,1.26754,1.2677,1.26745,1.26768,2889
2025-10-12 13:39:00.105580,1.26725,1.26736,1.26712,1.26724,23936
2025-10-12 14:39:00.105580,1.26748,1.26759,1.26739,1.2675,1741
2025-10-12 15:39:00.105580,1.26755,1.26763,1.2673,1.26747,3652
2025-10-12 16:39:00.105580,1.26735,1.26747,1.26714,1.26717,1222
2025-10-12 17:39:00.105580,1.26737,1.26742,1.2673,1.26735,22618
2025-10-12 18:39:00.105580,1.2672,1.26721,1.26707,1.26714,1562
2025-10-12 19:39:00.105580,1.26732,1.26743,1.26729,1.26738,7549
2025-10-12 20:39:00.105580,1.26707,1.26717,1.26701,1.26702,13585
2025-10-12 21:39:00.105580,1.26715,1.26735,1.26715,1.26727,3699
2025-10-12 22:39:00.105580,1.26697,1.26708,1.26697,1.26697,1024
2025-10-12 23:39:00.105580,1.26717,1.26734,1.26708,1.26716,1424
2025-10-13 00:39:00.105580,1.26732,1.26741,1.26731,1.26731,4799
2025-10-13 01:39:00.105580,1.26744,1.26774,1.26731,1.26748,2456
2025-10-13 02:39:00.105580,1.26713,1.2672,1.26701,1.26718,5930
2025-10-13 03:39:00.105580,1.26674,1.26684,1.26671,1.26682,5631
2025-10-13 04:39:00.105580,1.26678,1.26699,1.26675,1.26684,1824
2025-10-13 05:39:00.105580,1.26702,1.26721,1.26689,1.2671,853
2025-10-13 06:39:00.105580,1.26687,1.26698,1.26675,1.26681,617
2025-10-13 07:39:00.105580,1.26695,1.26705,1.26677,1.26699,2644
2025-10-13 08:39:00.105580,1.26726,1.26731,1.2671,1.26728,5956
2025-10-13 09:39:00.105580,1.26763,1.26771,1.26759,1.2676,2045
2025-10-13 10:39:00.105580,1.26746,1.26772,1.26745,1.26754,7284
2025-10-13 11:39:00.105580,1.2676,1.2677,1.26754,1.26763,2200
2025-10-13 12:39:00.105580,1.26766,1.26773,1.26761,1.26766,2605
2025-10-13 13:39:00.105580,1.26791,1.26801,1.26784,1.268,15195
2025-10-13 14:39:00.105580,1.26782,1.26802,1.2678,1.2679,8438
2025-10-13 15:39:00.105580,1.26823,1.26837,1.2682,1.26824,5489
2025-10-13 16:39:00.105580,1.26845,1.2685,1.26837,1.26849,9072
2025-10-13 17:39:00.105580,1.26865,1.2688,1.26853,1.26856,6530
2025-10-13 18:39:00.105580,1.26832,1.26842,1.26817,1.26836,10373
2025-10-13 19:39:00.105580,1.26847,1.26856,1.26839,1.26849,4107
2025-10-13 20:39:00.105580,1.26851,1.26868,1.26826,1.26841,7701
2025-10-13 21:39:00.105580,1.26857,1.26859,1.26847,1.26855,12164
2025-10-13 22:39:00.105580,1.26865,1.26876,1.26845,1.26861,713
2025-10-13 23:39:00.105580,1.26849,1.26852,1.26826,1.26842,7256
2025-10-14 00:39:00.105580,1.26845,1.26857,1.26832,1.26851,6652
2025-10-14 01:39:00.105580,1.26866,1.2687,1.26842,1.26865,3715
2025-10-14 02:39:00.105580,1.2685,1.26866,1.26847,1.26852,1392
2025-10-14 03:39:00.105580,1.26861,1.26872,1.26841,1.26862,1657
2025-10-14 04:39:00.105580,1.26875,1.2689,1.26859,1.26885,6471
2025-10-14 05:39:00.105580,1.26897,1.26903,1.26893,1.26896,17588
2025-10-14 06:39:00.105580,1.26898,1.26912,1.26891,1.26911,2291
2025-10-14 07:39:00.105580,1.26897,1.26911,1.26896,1.26899,6010
2025-10-14 08:39:00.105580,1.26867,1.26876,1.2684,1.26854,2855
2025-10-14 09:39:00.105580,1.26862,1.26881,1.26858,1.26874,3498
2025-10-14 10:39:00.105580,1.26888,1.26895,1.26879,1.26886,8817
2025-10-14 11:39:00.105580,1.26896,1.2691,1.26891,1.26895,6267
2025-10-14 12:39:00.105580,1.2693,1.26949,1.26912,1.26928,758
2025-10-14 13:39:00.105580,1.26952,1.26959,1.26936,1.26947,2039
2025-10-14 14:39:00.105580,1.26955,1.26967,1.26951,1.26962,8354
2025-10-14 15:39:00.105580,1.26977,1.2698,1.26965,1.26973,1524
2025-10-14 16:39:00.105580,1.27011,1.27015,1.26986,1.26995,6582
2025-10-14 17:39:00.105580,1.27017,1.27044,1.27014,1.27024,9053
2025-10-14 18:39:00.105580,1.27008,1.27017,1.26997,1.26998,62621
2025-10-14 19:39:00.105580,1.26988,1.27002,1.26968,1.26972,1471
2025-10-14 20:39:00.105580,1.26993,1.26996,1.26978,1.26989,21276
2025-10-14 21:39:00.105580,1.26996,1.27016,1.26984,1.27006,4076
2025-10-14 22:39:00.105580,1.26995,1.26997,1.26983,1.2699,3070
2025-10-14 23:39:00.105580,1.27009,1.2702,1.26999,1.27004,4929
2025-10-15 00:39:00.105580,1.27038,1.27052,1.27034,1.27036,1637
2025-10-15 01:39:00.105580,1.27012,1.27019,1.27012,1.27017,277
2025-10-15 02:39:00.105580,1.27021,1.2704,1.27008,1.27021,716
2025-10-15 03:39:00.105580,1.27016,1.27021,1.27003,1.27008,3550
2025-10-15 04:39:00.105580,1.26996,1.27017,1.26995,1.26997,2691
2025-10-15 05:39:00.105580,1.27028,1.27029,1.27024,1.27026,3846
2025-10-15 06:39:00.105580,1.27016,1.27019,1.26989,1.27005,6481
2025-10-15 07:39:00.105580,1.27017,1.27029,1.27,1.27023,9677
2025-10-15 08:39:00.105580,1.27018,1.27028,1.27014,1.27017,53253
2025-10-15 09:39:00.105580,1.26996,1.27001,1.2697,1.26985,4940
2025-10-15 10:39:00.105580,1.26956,1.26957,1.26927,1.26947,7328
2025-10-15 11:39:00.105580,1.26997,1.27009,1.26995,1.27005,3923
2025-10-15 12:39:00.105580,1.27004,1.27006,1.26996,1.27006,11990
2025-10-15 13:39:00.105580,1.26979,1.26983,1.26964,1.26973,1433
2025-10-15 14:39:00.105580,1.26945,1.26948,1.26926,1.26931,2508
2025-10-15 15:39:00.105580,1.26924,1.26932,1.26911,1.2692,7787
2025-10-15 16:39:00.105580,1.26966,1.26969,1.26948,1.26958,1674
2025-10-15 17:39:00.105580,1.26986,1.26998,1.26984,1.26992,1605
2025-10-15 18:39:00.105580,1.26968,1.26976,1.26936,1.26963,1104
2025-10-15 19:39:00.105580,1.26971,1.26975,1.26963,1.26969,10587
2025-10-15 20:39:00.105580,1.26967,1.26969,1.26956,1.26961,14233
2025-10-15 21:39:00.105580,1.26942,1.26945,1.26927,1.26937,1309
2025-10-15 22:39:00.105580,1.26984,1.27003,1.26973,1.26984,4046
2025-10-15 23:39:00.105580,1.26993,1.26999,1.26981,1.26986,1875
2025-10-16 00:39:00.105580,1.27,1.27008,1.26995,1.27006,5631
2025-10-16 01:39:00.105580,1.27002,1.2702,1.26992,1.27004,1372
2025-10-16 02:39:00.105580,1.2699,1.27002,1.26986,1.26999,2607
2025-10-16 03:39:00.105580,1.26976,1.26988,1.26957,1.26984,4976
2025-10-16 04:39:00.105580,1.26989,1.27003,1.26987,1.26993,2209
2025-10-16 05:39:00.105580,1.26978,1.2699,1.26977,1.26983,2297
2025-10-16 06:39:00.105580,1.26984,1.26998,1.26967,1.2699,405
2025-10-16 07:39:00.105580,1.26999,1.2701,1.26989,1.2701,2791
2025-10-16 08:39:00.105580,1.27006,1.27014,1.26997,1.27008,3437
2025-10-16 09:39:00.105580,1.27026,1.27045,1.27026,1.27033,8727
2025-10-16 10:39:00.105580,1.2706,1.27072,1.27056,1.27067,9162
2025-10-16 11:39:00.105580,1.27039,1.27057,1.27033,1.27034,1304
2025-10-16 12:39:00.105580,1.27041,1.27041,1.2703,1.27032,21616
2025-10-16 13:39:00.105580,1.27065,1.27065,1.27046,1.27057,3014
2025-10-16 14:39:00.105580,1.27061,1.27085,1.27055,1.27073,6122
2025-10-16 15:39:00.105580,1.27053,1.27059,1.27041,1.27053,16823
2025-10-16 16:39:00.105580,1.27049,1.27064,1.27024,1.27063,3899
2025-10-16 17:39:00.105580,1.27078,1.27096,1.27073,1.27081,1776
2025-10-16 18:39:00.105580,1.27077,1.27098,1.2706,1.27065,4624
2025-10-16 19:39:00.105580,1.27108,1.27117,1.27092,1.271,3621
2025-10-16 20:39:00.105580,1.2711,1.27123,1.27108,1.27112,16474
2025-10-16 21:39:00.105580,1.2711,1.27115,1.27108,1.27114,2183
2025-10-16 22:39:00.105580,1.27108,1.2713,1.27105,1.27122,3268
2025-10-16 23:39:00.105580,1.27091,1.27109,1.2709,1.27098,3761
2025-10-17 00:39:00.105580,1.27103,1.27129,1.27087,1.27106,1285
2025-10-17 01:39:00.105580,1.27126,1.27138,1.27114,1.27122,2090
2025-10-17 02:39:00.105580,1.27117,1.2713,1.27115,1.27116,255
2025-10-17 03:39:00.105580,1.27108,1.27108,1.27104,1.27106,597
2025-10-17 04:39:00.105580,1.27092,1.27104,1.27084,1.27094,3705
2025-10-17 05:39:00.105580,1.27087,1.27102,1.27078,1.27101,2426
2025-10-17 06:39:00.105580,1.27094,1.27107,1.27066,1.27101,1177
2025-10-17 07:39:00.105580,1.27092,1.2711,1.27077,1.27094,438
2025-10-17 08:39:00.105580,1.27111,1.27127,1.27081,1.27111,7851
2025-10-17 09:39:00.105580,1.27111,1.27121,1.27085,1.27108,8010
2025-10-17 10:39:00.105580,1.27114,1.27116,1.27105,1.27108,6908
2025-10-17 11:39:00.105580,1.27105,1.27111,1.27081,1.27098,10273
2025-10-17 12:39:00.105580,1.27131,1.27136,1.27114,1.27129,5331
2025-10-17 13:39:00.105580,1.27138,1.2714,1.27137,1.27138,12117
2025-10-17 14:39:00.105580,1.2716,1.27167,1.27149,1.27162,11966
2025-10-17 15:39:00.105580,1.27111,1.27127,1.27098,1.27101,5608
2025-10-17 16:39:00.105580,1.271,1.27113,1.2709,1.27107,3969
2025-10-17 17:39:00.105580,1.27139,1.27149,1.27122,1.27128,2518
2025-10-17 18:39:00.105580,1.27167,1.27191,1.27154,1.27179,5928
2025-10-17 19:39:00.105580,1.27139,1.27153,1.27129,1.27141,7271
2025-10-17 20:39:00.105580,1.27155,1.27177,1.27149,1.27159,4850
2025-10-17 21:39:00.105580,1.2715,1.27162,1.27148,1.27152,4422
2025-10-17 22:39:00.105580,1.27169,1.27182,1.27151,1.27167,7318
2025-10-17 23:39:00.105580,1.27176,1.27186,1.27166,1.2718,564
2025-10-18 00:39:00.105580,1.27152,1.27163,1.27146,1.27146,5290
2025-10-18 01:39:00.105580,1.27119,1.27126,1.27107,1.27114,963
2025-10-18 02:39:00.105580,1.27084,1.27091,1.27067,1.27083,1803
2025-10-18 03:39:00.105580,1.27086,1.271,1.27076,1.27086,5537
2025-10-18 04:39:00.105580,1.27088,1.27096,1.27075,1.27093,2352
2025-10-18 05:39:00.105580,1.27105,1.27125,1.27098,1.2711,5628
2025-10-18 06:39:00.105580,1.27108,1.27111,1.27096,1.27101,5282
2025-10-18 07:39:00.105580,1.27123,1.27124,1.27115,1.27122,847
2025-10-18 08:39:00.105580,1.27128,1.27149,1.27108,1.2714,4507
2025-10-18 09:39:00.105580,1.2713,1.27149,1.27123,1.27143,4621
2025-10-18 10:39:00.105580,1.27116,1.27132,1.27091,1.27115,5231
2025-10-18 11:39:00.105580,1.27138,1.27151,1.27131,1.27147,15874
2025-10-18 12:39:00.105580,1.27137,1.27141,1.27128,1.27139,22544
2025-10-18 13:39:00.105580,1.27118,1.27132,1.27106,1.27122,12184
2025-10-18 14:39:00.105580,1.27137,1.27156,1.27101,1.27129,13954
2025-10-18 15:39:00.105580,1.2711,1.27115,1.27108,1.27113,20293
2025-10-18 16:39:00.105580,1.27091,1.27106,1.27073,1.27096,6183
2025-10-18 17:39:00.105580,1.27086,1.27102,1.27085,1.27086,3390
2025-10-18 18:39:00.105580,1.27123,1.2713,1.27108,1.27123,11102
2025-10-18 19:39:00.105580,1.27108,1.27112,1.27102,1.27103,1848
2025-10-18 20:39:00.105580,1.27084,1.27106,1.27084,1.27087,1498
2025-10-18 21:39:00.105580,1.27085,1.27097,1.27076,1.27085,4536
2025-10-18 22:39:00.105580,1.27095,1.27098,1.27092,1.27094,3000
2025-10-18 23:39:00.105580,1.27089,1.27103,1.27071,1.27083,2190
2025-10-19 00:39:00.105580,1.27065,1.27069,1.27062,1.27066,815
2025-10-19 01:39:00.105580,1.27063,1.27069,1.27047,1.27051,1165
2025-10-19 02:39:00.105580,1.27047,1.27069,1.27025,1.27044,1140
2025-10-19 03:39:00.105580,1.27034,1.27048,1.27026,1.27047,5315
2025-10-19 04:39:00.105580,1.27028,1.27032,1.27026,1.27029,1232
2025-10-19 05:39:00.105580,1.27032,1.27033,1.27014,1.27025,2104
2025-10-19 06:39:00.105580,1.27029,1.2704,1.27017,1.27032,1508
2025-10-19 07:39:00.105580,1.27025,1.27033,1.27021,1.27028,1421
2025-10-19 08:39:00.105580,1.2701,1.27016,1.26985,1.27003,3609
2025-10-19 09:39:00.105580,1.27013,1.27027,1.26986,1.26995,10751
2025-10-19 10:39:00.105580,1.27019,1.27029,1.27011,1.27024,9095
2025-10-19 11:39:00.105580,1.27004,1.27019,1.27001,1.27003,4134
2025-10-19 12:39:00.105580,1.27004,1.27008,1.26992,1.26995,6383
2025-10-19 13:39:00.105580,1.27041,1.2705,1.27039,1.27043,5254
2025-10-19 14:39:00.105580,1.27046,1.27052,1.27029,1.27043,871
2025-10-19 15:39:00.105580,1.27025,1.27038,1.27017,1.27031,5512
2025-10-19 16:39:00.105580,1.27022,1.27031,1.27003,1.27011,4494
2025-10-19 17:39:00.105580,1.27035,1.27052,1.27011,1.27029,1064
2025-10-19 18:39:00.105580,1.27034,1.27046,1.27028,1.27038,3169
2025-10-19 19:39:00.105580,1.2703,1.27038,1.27024,1.27029,2038
2025-10-19 20:39:00.105580,1.27012,1.27027,1.27009,1.27011,1976
2025-10-19 21:39:00.105580,1.27029,1.27038,1.27026,1.27031,7081
2025-10-19 22:39:00.105580,1.27065,1.27103,1.27057,1.27077,2339
2025-10-19 23:39:00.105580,1.27063,1.27083,1.27052,1.27066,3308
2025-10-20 00:39:00.105580,1.27079,1.27084,1.27075,1.2708,2735
2025-10-20 01:39:00.105580,1.27074,1.27076,1.27067,1.27075,347
2025-10-20 02:39:00.105580,1.27087,1.27121,1.27075,1.27098,1740
2025-10-20 03:39:00.105580,1.27106,1.27142,1.27106,1.27111,3933
2025-10-20 04:39:00.105580,1.27103,1.27117,1.27099,1.2711,1274
2025-10-20 05:39:00.105580,1.2712,1.2713,1.27108,1.27117,2953
2025-10-20 06:39:00.105580,1.27099,1.27105,1.27097,1.271,3665
2025-10-20 07:39:00.105580,1.27068,1.27092,1.27059,1.27074,1734
2025-10-20 08:39:00.105580,1.27114,1.27121,1.27104,1.27114,21794
2025-10-20 09:39:00.105580,1.27111,1.27113,1.27102,1.27112,1005
2025-10-20 10:39:00.105580,1.27083,1.27093,1.27076,1.27083,1676
2025-10-20 11:39:00.105580,1.27092,1.27093,1.27081,1.27091,23918
2025-10-20 12:39:00.105580,1.2707,1.27082,1.27066,1.27067,9244
2025-10-20 13:39:00.105580,1.27054,1.27059,1.27045,1.27054,14700
2025-10-20 14:39:00.105580,1.27069,1.27084,1.27066,1.27073,8650
2025-10-20 15:39:00.105580,1.27065,1.2707,1.27045,1.27058,15572
2025-10-20 16:39:00.105580,1.27049,1.27052,1.27036,1.27041,3072
2025-10-20 17:39:00.105580,1.27051,1.27065,1.27047,1.27053,4155
2025-10-20 18:39:00.105580,1.2701,1.27017,1.27005,1.27013,16398
2025-10-20 19:39:00.105580,1.26983,1.26992,1.26953,1.26968,14334
2025-10-20 20:39:00.105580,1.27004,1.27017,1.26993,1.27,7180
2025-10-20 21:39:00.105580,1.2697,1.26983,1.26961,1.26963,1137
2025-10-20 22:39:00.105580,1.26975,1.26976,1.26957,1.26967,4193
2025-10-20 23:39:00.105580,1.26974,1.26986,1.26972,1.26984,14980
2025-10-21 00:39:00.105580,1.26977,1.26989,1.26957,1.26968,4133
2025-10-21 01:39:00.105580,1.26994,1.27006,1.26988,1.27003,5008
2025-10-21 02:39:00.105580,1.27007,1.27026,1.27006,1.27015,1176
2025-10-21 03:39:00.105580,1.26995,1.27006,1.26984,1.26996,1479
2025-10-21 04:39:00.105580,1.26966,1.26982,1.26956,1.26968,1115
2025-10-21 05:39:00.105580,1.26962,1.2698,1.26952,1.26968,2699
2025-10-21 06:39:00.105580,1.26945,1.26952,1.26933,1.2694,3800
2025-10-21 07:39:00.105580,1.26936,1.26954,1.26924,1.26934,1478
2025-10-21 08:39:00.105580,1.26937,1.26957,1.26921,1.26947,16787
2025-10-21 09:39:00.105580,1.2693,1.26932,1.26922,1.26926,2613
2025-10-21 10:39:00.105580,1.26929,1.2693,1.26903,1.26916,4350
2025-10-21 11:39:00.105580,1.26932,1.26952,1.2693,1.26947,9235
2025-10-21 12:39:00.105580,1.26909,1.26914,1.26905,1.26911,3714
2025-10-21 13:39:00.105580,1.2691,1.26919,1.26885,1.26903,9723
2025-10-21 14:39:00.105580,1.2691,1.2692,1.26896,1.269,1668
2025-10-21 15:39:00.105580,1.26924,1.26938,1.2692,1.26928,7958
2025-10-21 16:39:00.105580,1.26908,1.26922,1.26878,1.26892,4486
2025-10-21 17:39:00.105580,1.26876,1.26883,1.26853,1.26863,4698
2025-10-21 18:39:00.105580,1.26869,1.26871,1.26865,1.26866,15923
2025-10-21 19:39:00.105580,1.26872,1.2688,1.2686,1.26875,3931
2025-10-21 20:39:00.105580,1.26861,1.26874,1.26851,1.26852,5998
2025-10-21 21:39:00.105580,1.26868,1.26874,1.26854,1.26863,6553
2025-10-21 22:39:00.105580,1.26864,1.26878,1.26858,1.26869,3311
2025-10-21 23:39:00.105580,1.2684,1.26853,1.26835,1.26839,4007
2025-10-22 00:39:00.105580,1.2686,1.26867,1.26852,1.26854,1096
2025-10-22 01:39:00.105580,1.26854,1.26873,1.26853,1.26859,2320
2025-10-22 02:39:00.105580,1.26868,1.26873,1.26852,1.26855,2940
2025-10-22 03:39:00.105580,1.26882,1.26889,1.2688,1.26881,2109
2025-10-22 04:39:00.105580,1.26879,1.2689,1.26872,1.26881,1413
2025-10-22 05:39:00.105580,1.26886,1.2689,1.26867,1.26882,3299
2025-10-22 06:39:00.105580,1.26878,1.26884,1.26866,1.2687,1010
2025-10-22 07:39:00.105580,1.26887,1.26901,1.26875,1.26881,4478
2025-10-22 08:39:00.105580,1.26878,1.26895,1.26869,1.26887,3585
2025-10-22 09:39:00.105580,1.26873,1.26875,1.26863,1.26866,5966
2025-10-22 10:39:00.105580,1.26878,1.26896,1.26873,1.26888,927
2025-10-22 11:39:00.105580,1.26895,1.26916,1.26863,1.26898,7761
2025-10-22 12:39:00.105580,1.26874,1.26883,1.26864,1.26873,17557
2025-10-22 13:39:00.105580,1.26895,1.26905,1.26885,1.26901,5019
2025-10-22 14:39:00.105580,1.26865,1.26876,1.26862,1.26872,42747
2025-10-22 15:39:00.105580,1.26868,1.26888,1.26853,1.26876,2539
2025-10-22 16:39:00.105580,1.26865,1.26876,1.26849,1.26866,16581
2025-10-22 17:39:00.105580,1.2686,1.26878,1.26856,1.26856,42586
2025-10-22 18:39:00.105580,1.26872,1.26879,1.26858,1.26873,14911
2025-10-22 19:39:00.105580,1.26837,1.26842,1.26832,1.26841,2792
2025-10-22 20:39:00.105580,1.26861,1.26874,1.26843,1.26862,5586
2025-10-22 21:39:00.105580,1.26867,1.26886,1.26866,1.26876,12059
2025-10-22 22:39:00.105580,1.26894,1.26914,1.26867,1.2689,1158
2025-10-22 23:39:00.105580,1.26889,1.26901,1.26884,1.26895,11125
2025-10-23 00:39:00.105580,1.26897,1.26902,1.26884,1.26889,1048
2025-10-23 01:39:00.105580,1.26899,1.26912,1.26895,1.26909,11300
2025-10-23 02:39:00.105580,1.26872,1.26885,1.26858,1.26875,1240
2025-10-23 03:39:00.105580,1.2688,1.26894,1.26874,1.26889,1678
2025-10-23 04:39:00.105580,1.2691,1.26919,1.26903,1.26906,1408
2025-10-23 05:39:00.105580,1.26883,1.26891,1.2688,1.26888,2169
2025-10-23 06:39:00.105580,1.26897,1.26904,1.26893,1.269,4109
2025-10-23 07:39:00.105580,1.26898,1.26905,1.26881,1.26897,4581
2025-10-23 08:39:00.105580,1.26912,1.26914,1.26901,1.26912,3051
2025-10-23 09:39:00.105580,1.26917,1.26917,1.26903,1.26907,3623
2025-10-23 10:39:00.105580,1.26909,1.26946,1.26898,1.2692,8420
2025-10-23 11:39:00.105580,1.26928,1.26966,1.26915,1.26931,1967
2025-10-23 12:39:00.105580,1.26919,1.26921,1.26912,1.26916,7457
2025-10-23 13:39:00.105580,1.26926,1.26941,1.26923,1.26932,6236
2025-10-23 14:39:00.105580,1.26932,1.2694,1.26915,1.26924,8736
2025-10-23 15:39:00.105580,1.26941,1.26951,1.26932,1.26946,1765
2025-10-23 16:39:00.105580,1.26938,1.26949,1.26921,1.26946,1588
2025-10-23 17:39:00.105580,1.26941,1.26957,1.26937,1.26953,6270
2025-10-23 18:39:00.105580,1.26942,1.26942,1.26929,1.26937,3062
2025-10-23 19:39:00.105580,1.26946,1.26959,1.26938,1.26949,1789
2025-10-23 20:39:00.105580,1.26972,1.26986,1.2696,1.26968,2988
2025-10-23 21:39:00.105580,1.26955,1.2696,1.26932,1.26956,2617
2025-10-23 22:39:00.105580,1.26959,1.26971,1.26949,1.26961,3592
2025-10-23 23:39:00.105580,1.26978,1.26999,1.26976,1.26977,2093
2025-10-24 00:39:00.105580,1.26995,1.27013,1.26982,1.2699,318
2025-10-24 01:39:00.105580,1.26979,1.26981,1.26956,1.26979,482
2025-10-24 02:39:00.105580,1.26985,1.26986,1.26976,1.26978,1344
2025-10-24 03:39:00.105580,1.26974,1.26987,1.2697,1.26974,325
2025-10-24 04:39:00.105580,1.26943,1.26949,1.26932,1.26943,8497
2025-10-24 05:39:00.105580,1.26941,1.26955,1.26935,1.26939,963
2025-10-24 06:39:00.105580,1.26968,1.26986,1.26968,1.2698,3615
2025-10-24 07:39:00.105580,1.26966,1.26969,1.26952,1.26968,1680
2025-10-24 08:39:00.105580,1.26944,1.2695,1.26935,1.26949,6077
2025-10-24 09:39:00.105580,1.26932,1.26946,1.26924,1.26926,2939
2025-10-24 10:39:00.105580,1.26932,1.26942,1.26925,1.26934,10382
2025-10-24 11:39:00.105580,1.26933,1.26942,1.26933,1.26935,13475
2025-10-24 12:39:00.105580,1.26925,1.26933,1.26917,1.26927,10163
2025-10-24 13:39:00.105580,1.26923,1.26948,1.2691,1.26939,5145
2025-10-24 14:39:00.105580,1.2689,1.26897,1.26879,1.26896,4099
2025-10-24 15:39:00.105580,1.26883,1.26892,1.26877,1.26888,11352
2025-10-24 16:39:00.105580,1.26909,1.26911,1.269,1.26911,2705
2025-10-24 17:39:00.105580,1.26885,1.26888,1.26873,1.26878,2821
2025-10-24 18:39:00.105580,1.26869,1.26904,1.26865,1.26882,5774
2025-10-24 19:39:00.105580,1.26865,1.26876,1.2685,1.26863,1294
2025-10-24 20:39:00.105580,1.26867,1.26884,1.26849,1.2687,7631
2025-10-24 21:39:00.105580,1.2687,1.26872,1.26861,1.26864,4537
2025-10-24 22:39:00.105580,1.2688,1.269,1.26861,1.26888,10770
2025-10-24 23:39:00.105580,1.26887,1.26888,1.26863,1.2688,7993
2025-10-25 00:39:00.105580,1.26895,1.26903,1.26861,1.26892,2269
2025-10-25 01:39:00.105580,1.26897,1.26899,1.2689,1.26892,1371
2025-10-25 02:39:00.105580,1.26914,1.2693,1.26907,1.26917,3827
2025-10-25 03:39:00.105580,1.26919,1.26928,1.26885,1.26906,522
2025-10-25 04:39:00.105580,1.26901,1.26904,1.26883,1.26897,2185
2025-10-25 05:39:00.105580,1.26905,1.26911,1.26894,1.26903,2332
2025-10-25 06:39:00.105580,1.26915,1.26916,1.26905,1.26907,1096
2025-10-25 07:39:00.105580,1.26911,1.26914,1.26899,1.26912,577
2025-10-25 08:39:00.105580,1.26904,1.26912,1.26894,1.26903,8173
2025-10-25 09:39:00.105580,1.26897,1.26908,1.26888,1.26901,1314
2025-10-25 10:39:00.105580,1.26927,1.2694,1.26914,1.26914,7674
2025-10-25 11:39:00.105580,1.26922,1.26936,1.269,1.26901,1275
2025-10-25 12:39:00.105580,1.26944,1.26956,1.26938,1.26945,10772
2025-10-25 13:39:00.105580,1.26969,1.26973,1.26949,1.26959,17668
2025-10-25 14:39:00.105580,1.2699,1.27024,1.26985,1.26995,2504
2025-10-25 15:39:00.105580,1.26979,1.26993,1.26974,1.26978,4939
2025-10-25 16:39:00.105580,1.26952,1.26953,1.26946,1.26953,4807
2025-10-25 17:39:00.105580,1.26967,1.26968,1.26956,1.26966,21944
2025-10-25 18:39:00.105580,1.26962,1.26966,1.26947,1.26956,6232
2025-10-25 19:39:00.105580,1.26965,1.26967,1.26949,1.26961,711
2025-10-25 20:39:00.105580,1.2699,1.26999,1.26985,1.26994,2619
2025-10-25 21:39:00.105580,1.26984,1.27002,1.26978,1.26992,5622
2025-10-25 22:39:00.105580,1.26973,1.2698,1.2696,1.26968,1612
2025-10-25 23:39:00.105580,1.2697,1.26984,1.26965,1.2698,15984
2025-10-26 00:39:00.105580,1.26974,1.26975,1.26958,1.26969,4466
2025-10-26 01:39:00.105580,1.27005,1.27011,1.27,1.27003,6644
2025-10-26 02:39:00.105580,1.27001,1.27002,1.26995,1.26999,3669
2025-10-26 03:39:00.105580,1.27022,1.27034,1.27012,1.27023,421
2025-10-26 04:39:00.105580,1.2702,1.27028,1.27,1.27014,3611
2025-10-26 05:39:00.105580,1.27019,1.27025,1.27011,1.27023,2623
2025-10-26 06:39:00.105580,1.27025,1.27039,1.27011,1.27038,4199
2025-10-26 07:39:00.105580,1.26985,1.27011,1.26975,1.2699,1884
2025-10-26 08:39:00.105580,1.26976,1.26992,1.26973,1.26973,4593
2025-10-26 09:39:00.105580,1.26991,1.27006,1.26976,1.26981,8980
2025-10-26 10:39:00.105580,1.27002,1.27015,1.27001,1.27004,4281
2025-10-26 11:39:00.105580,1.26996,1.27012,1.2697,1.26989,11053
2025-10-26 12:39:00.105580,1.26995,1.26996,1.26984,1.26985,3591
2025-10-26 13:39:00.105580,1.26971,1.26975,1.26959,1.26968,6169
2025-10-26 14:39:00.105580,1.26967,1.26968,1.26956,1.26966,6478
2025-10-26 15:39:00.105580,1.26958,1.26959,1.26954,1.26958,3074
2025-10-26 16:39:00.105580,1.26951,1.26968,1.26946,1.26956,8748
2025-10-26 17:39:00.105580,1.26956,1.26972,1.26947,1.26948,1381
2025-10-26 18:39:00.105580,1.26978,1.26986,1.26967,1.26969,15005
2025-10-26 19:39:00.105580,1.26971,1.26972,1.26958,1.26962,2103
2025-10-26 20:39:00.105580,1.26964,1.26977,1.26947,1.26971,5206
2025-10-26 21:39:00.105580,1.26955,1.26964,1.2694,1.26958,3724
2025-10-26 22:39:00.105580,1.26959,1.26979,1.26943,1.26975,1632
2025-10-26 23:39:00.105580,1.26931,1.2694,1.2693,1.26932,2349
2025-10-27 00:39:00.105580,1.26945,1.26969,1.26942,1.2695,1380
2025-10-27 01:39:00.105580,1.26951,1.26977,1.26948,1.26949,1296
2025-10-27 02:39:00.105580,1.26935,1.26954,1.26923,1.26927,3522
2025-10-27 03:39:00.105580,1.26925,1.26925,1.2691,1.26922,2320
2025-10-27 04:39:00.105580,1.2691,1.26919,1.26892,1.26913,1068
2025-10-27 05:39:00.105580,1.26901,1.26912,1.269,1.26903,1794
2025-10-27 06:39:00.105580,1.269,1.26914,1.26888,1.26889,3207
2025-10-27 07:39:00.105580,1.26893,1.26904,1.26891,1.26898,6068
2025-10-27 08:39:00.105580,1.26857,1.26878,1.26841,1.26848,1740
2025-10-27 09:39:00.105580,1.26873,1.26897,1.26853,1.26874,3994
2025-10-27 10:39:00.105580,1.26901,1.26905,1.26897,1.26905,2517
2025-10-27 11:39:00.105580,1.26901,1.26902,1.26885,1.26896,4314
2025-10-27 12:39:00.105580,1.26891,1.26896,1.26885,1.26888,1042
2025-10-27 13:39:00.105580,1.26871,1.26895,1.26858,1.26869,12504
2025-10-27 14:39:00.105580,1.26894,1.26901,1.2688,1.26894,5000
2025-10-27 15:39:00.105580,1.26906,1.2692,1.26905,1.26916,10034
2025-10-27 16:39:00.105580,1.26906,1.26925,1.26905,1.26908,17990
2025-10-27 17:39:00.105580,1.26941,1.2697,1.26937,1.26941,4578
2025-10-27 18:39:00.105580,1.26958,1.26975,1.26934,1.26944,2986
2025-10-27 19:39:00.105580,1.2694,1.2694,1.26927,1.26934,5812
2025-10-27 20:39:00.105580,1.26928,1.2694,1.26921,1.26926,7646
2025-10-27 21:39:00.105580,1.26913,1.26914,1.26893,1.26913,5349
2025-10-27 22:39:00.105580,1.26924,1.26932,1.26922,1.2693,2111
2025-10-27 23:39:00.105580,1.2693,1.26937,1.26928,1.26936,3389
2025-10-28 00:39:00.105580,1.26912,1.26942,1.26905,1.26912,1215
2025-10-28 01:39:00.105580,1.26903,1.26914,1.269,1.26908,874
2025-10-28 02:39:00.105580,1.2687,1.26878,1.26866,1.26873,3696
2025-10-28 03:39:00.105580,1.26854,1.26861,1.26839,1.26841,816
2025-10-28 04:39:00.105580,1.26883,1.26886,1.26863,1.26871,5819
2025-10-28 05:39:00.105580,1.26898,1.26906,1.26887,1.26894,5531
2025-10-28 06:39:00.105580,1.2689,1.26909,1.26887,1.26888,927
2025-10-28 07:39:00.105580,1.26899,1.26902,1.26891,1.26894,2336
2025-10-28 08:39:00.105580,1.26877,1.26886,1.26873,1.26882,4524
2025-10-28 09:39:00.105580,1.26856,1.26865,1.26855,1.26863,3314
2025-10-28 10:39:00.105580,1.26841,1.26849,1.26831,1.2684,8317
2025-10-28 11:39:00.105580,1.26821,1.26824,1.26802,1.26813,3372
2025-10-28 12:39:00.105580,1.26801,1.26813,1.26791,1.26807,1248
2025-10-28 13:39:00.105580,1.26812,1.26833,1.26804,1.26821,2009
2025-10-28 14:39:00.105580,1.26812,1.26844,1.26794,1.26821,1877
2025-10-28 15:39:00.105580,1.26818,1.26829,1.2681,1.26823,2825
2025-10-28 16:39:00.105580,1.268,1.26815,1.26787,1.26814,4382
2025-10-28 17:39:00.105580,1.26794,1.2681,1.26778,1.26785,7956
2025-10-28 18:39:00.105580,1.26812,1.26818,1.26789,1.26808,8658
2025-10-28 19:39:00.105580,1.26827,1.26846,1.26811,1.26837,10203
2025-10-28 20:39:00.105580,1.26853,1.26866,1.26832,1.26842,2219
2025-10-28 21:39:00.105580,1.26836,1.26848,1.26828,1.26838,3956
2025-10-28 22:39:00.105580,1.26842,1.26859,1.26824,1.26825,1059
2025-10-28 23:39:00.105580,1.26848,1.26858,1.26835,1.26841,9040
2025-10-29 00:39:00.105580,1.26863,1.26866,1.26854,1.26858,3639
2025-10-29 01:39:00.105580,1.2688,1.26895,1.26879,1.26888,1280
2025-10-29 02:39:00.105580,1.26878,1.26886,1.26861,1.26878,5068
2025-10-29 03:39:00.105580,1.26868,1.26871,1.26846,1.26859,2712
2025-10-29 04:39:00.105580,1.26862,1.26877,1.26852,1.26865,4430
2025-10-29 05:39:00.105580,1.26876,1.26881,1.26861,1.26871,900
2025-10-29 06:39:00.105580,1.26886,1.26888,1.26886,1.26888,1378
2025-10-29 07:39:00.105580,1.2687,1.26881,1.26861,1.26866,1222
2025-10-29 08:39:00.105580,1.2686,1.26869,1.26849,1.26867,3696
2025-10-29 09:39:00.105580,1.26859,1.2687,1.26853,1.26856,3584
2025-10-29 10:39:00.105580,1.26826,1.26842,1.26809,1.26836,12242
2025-10-29 11:39:00.105580,1.26827,1.26837,1.26805,1.26821,15240
2025-10-29 12:39:00.105580,1.26784,1.26801,1.2678,1.26791,2288
2025-10-29 13:39:00.105580,1.26768,1.26785,1.26751,1.26765,3564
2025-10-29 14:39:00.105580,1.26755,1.26777,1.26744,1.26764,3009
2025-10-29 15:39:00.105580,1.26747,1.26764,1.26726,1.26737,5297
2025-10-29 16:39:00.105580,1.26748,1.26753,1.26746,1.26748,2846
2025-10-29 17:39:00.105580,1.26762,1.26782,1.26731,1.26759,18730
2025-10-29 18:39:00.105580,1.26775,1.26782,1.26767,1.26778,2986
2025-10-29 19:39:00.105580,1.26757,1.26779,1.26734,1.26753,9747
2025-10-29 20:39:00.105580,1.26766,1.26775,1.26756,1.26759,958
2025-10-29 21:39:00.105580,1.26771,1.26782,1.26763,1.26773,2439
2025-10-29 22:39:00.105580,1.26769,1.26769,1.26765,1.26765,664
2025-10-29 23:39:00.105580,1.26783,1.26804,1.26773,1.26794,2291
2025-10-30 00:39:00.105580,1.26765,1.2678,1.26762,1.26765,3282
2025-10-30 01:39:00.105580,1.26776,1.26781,1.26773,1.26778,444
2025-10-30 02:39:00.105580,1.26768,1.2678,1.26726,1.26766,796
2025-10-30 03:39:00.105580,1.26748,1.26757,1.26726,1.26751,706
2025-10-30 04:39:00.105580,1.2673,1.26749,1.26727,1.26735,2030
2025-10-30 05:39:00.105580,1.26713,1.26732,1.26706,1.26721,2118
2025-10-30 06:39:00.105580,1.26679,1.2669,1.26665,1.26681,3991
2025-10-30 07:39:00.105580,1.26667,1.26678,1.26659,1.26663,1764
2025-10-30 08:39:00.105580,1.26691,1.26699,1.26673,1.26686,2919
2025-10-30 09:39:00.105580,1.267,1.26707,1.26676,1.26691,1573
2025-10-30 10:39:00.105580,1.2671,1.26714,1.26689,1.26702,948
2025-10-30 11:39:00.105580,1.26694,1.267,1.26672,1.26685,3405
2025-10-30 12:39:00.105580,1.26702,1.26717,1.26699,1.26717,2097
2025-10-30 13:39:00.105580,1.26692,1.26713,1.26689,1.26707,12824
2025-10-30 14:39:00.105580,1.26717,1.26718,1.26713,1.26716,3588
2025-10-30 15:39:00.105580,1.2669,1.26698,1.26683,1.26693,2422
2025-10-30 16:39:00.105580,1.26714,1.26729,1.26693,1.2671,6805
2025-10-30 17:39:00.105580,1.26739,1.26755,1.26714,1.26746,4410
2025-10-30 18:39:00.105580,1.26755,1.26757,1.26743,1.26747,8615
2025-10-30 19:39:00.105580,1.26762,1.26782,1.26752,1.26762,5390
2025-10-30 20:39:00.105580,1.26788,1.26803,1.26772,1.26788,5612
2025-10-30 21:39:00.105580,1.26797,1.26814,1.26782,1.26787,2016
2025-10-30 22:39:00.105580,1.26772,1.26779,1.26765,1.26766,1675
2025-10-30 23:39:00.105580,1.26776,1.2678,1.26774,1.26776,6018
2025-10-31 00:39:00.105580,1.26775,1.26794,1.26766,1.26781,2525
2025-10-31 01:39:00.105580,1.26764,1.26768,1.26751,1.26761,2094
2025-10-31 02:39:00.105580,1.26771,1.26783,1.2677,1.26776,1213
2025-10-31 03:39:00.105580,1.26761,1.26768,1.26753,1.26762,1211
2025-10-31 04:39:00.105580,1.26746,1.26751,1.26742,1.2675,2572
2025-10-31 05:39:00.105580,1.26721,1.26733,1.26708,1.26718,1796
2025-10-31 06:39:00.105580,1.26689,1.26693,1.26662,1.26679,3790
2025-10-31 07:39:00.105580,1.26696,1.26709,1.26696,1.26701,1032
2025-10-31 08:39:00.105580,1.26708,1.26723,1.26687,1.26702,4932
2025-10-31 09:39:00.105580,1.26725,1.26739,1.26714,1.26721,5369
2025-10-31 10:39:00.105580,1.26721,1.26739,1.26712,1.2673,6781
2025-10-31 11:39:00.105580,1.26726,1.26736,1.26718,1.26726,5636
2025-10-31 12:39:00.105580,1.26717,1.26718,1.26701,1.26706,9834
2025-10-31 13:39:00.105580,1.26752,1.26765,1.26724,1.26742,6207
2025-10-31 14:39:00.105580,1.26728,1.26731,1.2672,1.2672,5551
2025-10-31 15:39:00.105580,1.26718,1.26721,1.26717,1.26718,5527
2025-10-31 16:39:00.105580,1.26726,1.2673,1.26717,1.26723,24874
2025-10-31 17:39:00.105580,1.26716,1.26732,1.26702,1.26726,10163
2025-10-31 18:39:00.105580,1.26712,1.26729,1.26709,1.26713,4104
2025-10-31 19:39:00.105580,1.26741,1.26757,1.26728,1.26733,6956
2025-10-31 20:39:00.105580,1.26747,1.26755,1.26726,1.26738,2658
2025-10-31 21:39:00.105580,1.26745,1.26749,1.2674,1.26747,1502
2025-10-31 22:39:00.105580,1.26767,1.2677,1.26765,1.26768,3175
2025-10-31 23:39:00.105580,1.26752,1.26777,1.26725,1.26754,1787
2025-11-01 00:39:00.105580,1.26735,1.26742,1.26717,1.26719,4876
2025-11-01 01:39:00.105580,1.26744,1.26747,1.26733,1.26746,5758
2025-11-01 02:39:00.105580,1.26731,1.2674,1.2672,1.26721,2257
2025-11-01 03:39:00.105580,1.26723,1.26727,1.26711,1.26721,8279
2025-11-01 04:39:00.105580,1.26743,1.26756,1.26742,1.26747,1964
2025-11-01 05:39:00.105580,1.26738,1.26746,1.26717,1.26742,1442
2025-11-01 06:39:00.105580,1.26727,1.26754,1.26721,1.2673,2343
2025-11-01 07:39:00.105580,1.2675,1.26751,1.26736,1.26744,4821
2025-11-01 08:39:00.105580,1.26753,1.26764,1.26745,1.26754,5162
2025-11-01 09:39:00.105580,1.26764,1.26782,1.2676,1.26771,8301
2025-11-01 10:39:00.105580,1.26777,1.2679,1.26774,1.26774,11943
2025-11-01 11:39:00.105580,1.26762,1.26774,1.26749,1.2677,3166
2025-11-01 12:39:00.105580,1.26769,1.26773,1.26764,1.26765,2447
2025-11-01 13:39:00.105580,1.26771,1.2678,1.26766,1.26779,1124
2025-11-01 14:39:00.105580,1.26777,1.26792,1.26755,1.2676,7090
2025-11-01 15:39:00.105580,1.26791,1.26808,1.26773,1.26774,13275
2025-11-01 16:39:00.105580,1.26773,1.26778,1.26766,1.26767,10320
2025-11-01 17:39:00.105580,1.2678,1.26785,1.26767,1.26779,3187
2025-11-01 18:39:00.105580,1.2678,1.26802,1.26773,1.26782,25629
2025-11-01 19:39:00.105580,1.26772,1.26773,1.26754,1.26763,5502
2025-11-01 20:39:00.105580,1.2679,1.26795,1.26786,1.26791,5006
2025-11-01 21:39:00.105580,1.26787,1.268,1.26787,1.26788,10454
2025-11-01 22:39:00.105580,1.26772,1.26784,1.26767,1.26769,1682
2025-11-01 23:39:00.105580,1.26794,1.26796,1.26777,1.26785,1808
2025-11-02 00:39:00.105580,1.26813,1.2683,1.26795,1.26814,3568
2025-11-02 01:39:00.105580,1.26802,1.26812,1.26769,1.26788,1414
2025-11-02 02:39:00.105580,1.2679,1.26795,1.26766,1.26794,4978
2025-11-02 03:39:00.105580,1.26767,1.26779,1.26732,1.2676,4882
2025-11-02 04:39:00.105580,1.26781,1.26786,1.26778,1.26785,637
2025-11-02 05:39:00.105580,1.26807,1.26809,1.26798,1.26808,1356
2025-11-02 06:39:00.105580,1.26781,1.26793,1.2676,1.26792,518
2025-11-02 07:39:00.105580,1.26775,1.26791,1.26759,1.26771,1075
2025-11-02 08:39:00.105580,1.26776,1.26781,1.26769,1.26778,752
2025-11-02 09:39:00.105580,1.26813,1.26826,1.26801,1.26823,5571
2025-11-02 10:39:00.105580,1.26815,1.2682,1.26814,1.26817,1774
2025-11-02 11:39:00.105580,1.26811,1.26827,1.26805,1.26817,7513
2025-11-02 12:39:00.105580,1.26822,1.26847,1.26811,1.26831,3450
2025-11-02 13:39:00.105580,1.26847,1.26861,1.26821,1.26835,2612
2025-11-02 14:39:00.105580,1.26856,1.26866,1.26841,1.26863,2961
2025-11-02 15:39:00.105580,1.26838,1.26861,1.2682,1.26852,3085
2025-11-02 16:39:00.105580,1.26848,1.26861,1.2684,1.26851,11015
2025-11-02 17:39:00.105580,1.26853,1.26875,1.26845,1.2687,3681
2025-11-02 18:39:00.105580,1.26875,1.26883,1.26874,1.26879,6169
2025-11-02 19:39:00.105580,1.26885,1.26885,1.26878,1.26882,3960
2025-11-02 20:39:00.105580,1.2686,1.2687,1.26856,1.26868,1672
2025-11-02 21:39:00.105580,1.26863,1.26872,1.26859,1.26866,15804
2025-11-02 22:39:00.105580,1.2686,1.26868,1.26836,1.26843,4597
2025-11-02 23:39:00.105580,1.26879,1.26886,1.2687,1.2688,1667
2025-11-03 00:39:00.105580,1.26863,1.26867,1.26852,1.26865,3703
2025-11-03 01:39:00.105580,1.26872,1.26887,1.26862,1.26868,1101
2025-11-03 02:39:00.105580,1.26893,1.26902,1.26878,1.269,1224
2025-11-03 03:39:00.105580,1.26892,1.26927,1.26888,1.26898,4157
2025-11-03 04:39:00.105580,1.26897,1.26917,1.26891,1.26902,2666
2025-11-03 05:39:00.105580,1.26896,1.26905,1.26887,1.26894,958
2025-11-03 06:39:00.105580,1.26908,1.26925,1.26895,1.26923,1383
2025-11-03 07:39:00.105580,1.26916,1.26941,1.26905,1.26914,1901
2025-11-03 08:39:00.105580,1.26914,1.26919,1.26904,1.2691,1797
2025-11-03 09:39:00.105580,1.26904,1.26907,1.26897,1.26903,2905
2025-11-03 10:39:00.105580,1.26881,1.26893,1.2687,1.2689,3089
2025-11-03 11:39:00.105580,1.26888,1.26902,1.26871,1.26889,8951
2025-11-03 12:39:00.105580,1.26875,1.26889,1.26853,1.26885,15271
2025-11-03 13:39:00.105580,1.26884,1.26892,1.26876,1.26878,13467
2025-11-03 14:39:00.105580,1.26884,1.26901,1.26881,1.26891,3440
2025-11-03 15:39:00.105580,1.2688,1.26884,1.26871,1.26882,8686
2025-11-03 16:39:00.105580,1.26866,1.26896,1.26864,1.2687,4918
2025-11-03 17:39:00.105580,1.26862,1.26871,1.26848,1.26863,7772
2025-11-03 18:39:00.105580,1.26854,1.2686,1.26845,1.26852,16655
2025-11-03 19:39:00.105580,1.26869,1.26879,1.26867,1.26876,10611
2025-11-03 20:39:00.105580,1.26852,1.26858,1.26842,1.26855,16798
2025-11-03 21:39:00.105580,1.26857,1.26868,1.2684,1.26848,896
2025-11-03 22:39:00.105580,1.26841,1.26847,1.2684,1.2684,1944
2025-11-03 23:39:00.105580,1.26851,1.2686,1.26847,1.26859,7505
2025-11-04 00:39:00.105580,1.26857,1.26879,1.26852,1.26856,10318
2025-11-04 01:39:00.105580,1.26864,1.2687,1.26851,1.26857,5110
2025-11-04 02:39:00.105580,1.26852,1.26855,1.26842,1.26849,4416
2025-11-04 03:39:00.105580,1.26856,1.26873,1.26841,1.26851,711
2025-11-04 04:39:00.105580,1.26897,1.2691,1.26897,1.26904,1612
2025-11-04 05:39:00.105580,1.26887,1.26888,1.26864,1.26877,4655
2025-11-04 06:39:00.105580,1.26882,1.26895,1.26871,1.26883,1608
2025-11-04 07:39:00.105580,1.26885,1.26889,1.26882,1.26888,798
2025-11-04 08:39:00.105580,1.26891,1.26899,1.26873,1.26876,9200
2025-11-04 09:39:00.105580,1.26901,1.26908,1.26898,1.26898,8855
2025-11-04 10:39:00.105580,1.26877,1.26886,1.26865,1.26876,3929
2025-11-04 11:39:00.105580,1.26851,1.26863,1.26848,1.2685,18075
2025-11-04 12:39:00.105580,1.26873,1.26875,1.26862,1.26864,7343
2025-11-04 13:39:00.105580,1.26843,1.2686,1.26837,1.26837,1873
2025-11-04 14:39:00.105580,1.26847,1.2685,1.26818,1.26847,10357
2025-11-04 15:39:00.105580,1.26834,1.26835,1.26824,1.26834,9942
2025-11-04 16:39:00.105580,1.26831,1.26837,1.26809,1.26809,1879
2025-11-04 17:39:00.105580,1.26829,1.26859,1.26823,1.26836,12940
2025-11-04 18:39:00.105580,1.2683,1.26851,1.26811,1.26843,9075
2025-11-04 19:39:00.105580,1.26815,1.2683,1.26813,1.26814,9602
2025-11-04 20:39:00.105580,1.26822,1.2683,1.26819,1.26821,5282
2025-11-04 21:39:00.105580,1.26822,1.26823,1.26794,1.26808,5050
2025-11-04 22:39:00.105580,1.26839,1.26849,1.26824,1.26828,1930
2025-11-04 23:39:00.105580,1.26839,1.2685,1.26836,1.26841,1659
2025-11-05 00:39:00.105580,1.26854,1.26858,1.26838,1.2685,758
2025-11-05 01:39:00.105580,1.26845,1.26847,1.26843,1.26847,2711
2025-11-05 02:39:00.105580,1.2681,1.26816,1.26809,1.2681,418
2025-11-05 03:39:00.105580,1.26812,1.26832,1.26799,1.26799,4462
2025-11-05 04:39:00.105580,1.26827,1.26827,1.2682,1.26824,15003
2025-11-05 05:39:00.105580,1.26824,1.26831,1.26807,1.26826,10120
2025-11-05 06:39:00.105580,1.26812,1.26819,1.26802,1.2681,1440
2025-11-05 07:39:00.105580,1.26783,1.26794,1.26773,1.26788,5297
2025-11-05 08:39:00.105580,1.26785,1.2679,1.26779,1.26783,7448
2025-11-05 09:39:00.105580,1.26807,1.26813,1.26793,1.26796,2299
2025-11-05 10:39:00.105580,1.26797,1.26812,1.26783,1.268,3408
2025-11-05 11:39:00.105580,1.26803,1.26809,1.26796,1.26805,2214
2025-11-05 12:39:00.105580,1.26819,1.26842,1.26809,1.26832,11710
2025-11-05 13:39:00.105580,1.26826,1.2684,1.26824,1.2683,1193
2025-11-05 14:39:00.105580,1.26812,1.26816,1.26811,1.26815,11715
2025-11-05 15:39:00.105580,1.26823,1.26825,1.26819,1.26819,1026
2025-11-05 16:39:00.105580,1.26811,1.26837,1.26803,1.26809,10635
2025-11-05 17:39:00.105580,1.2681,1.26819,1.26809,1.26813,2270
2025-11-05 18:39:00.105580,1.2682,1.2685,1.26801,1.2682,5596
2025-11-05 19:39:00.105580,1.26801,1.26813,1.26793,1.26802,7169
2025-11-05 20:39:00.105580,1.26812,1.26821,1.26792,1.26808,7001
2025-11-05 21:39:00.105580,1.2679,1.26808,1.26783,1.26791,1193
2025-11-05 22:39:00.105580,1.2678,1.2679,1.26767,1.26777,2052
2025-11-05 23:39:00.105580,1.26783,1.2679,1.26768,1.2678,1793
2025-11-06 00:39:00.105580,1.26802,1.26809,1.26786,1.2679,3267
2025-11-06 01:39:00.105580,1.26825,1.26838,1.26818,1.26818,2196
2025-11-06 02:39:00.105580,1.26836,1.26839,1.26817,1.26835,2934
2025-11-06 03:39:00.105580,1.26826,1.26853,1.26808,1.2684,883
2025-11-06 04:39:00.105580,1.26801,1.2681,1.26784,1.26805,6905
2025-11-06 05:39:00.105580,1.26762,1.26773,1.26756,1.2676,1103
2025-11-06 06:39:00.105580,1.26754,1.26756,1.26731,1.26749,1224
2025-11-06 07:39:00.105580,1.26776,1.26797,1.26772,1.26788,3796
2025-11-06 08:39:00.105580,1.26785,1.26799,1.26779,1.26785,1180
2025-11-06 09:39:00.105580,1.26772,1.26782,1.26769,1.26774,4946
2025-11-06 10:39:00.105580,1.26758,1.26773,1.26738,1.26754,1307
2025-11-06 11:39:00.105580,1.26766,1.26797,1.26759,1.26771,2423
2025-11-06 12:39:00.105580,1.26781,1.268,1.26775,1.26779,1614
2025-11-06 13:39:00.105580,1.26755,1.2677,1.26754,1.26763,4484
2025-11-06 14:39:00.105580,1.26754,1.26756,1.2675,1.26756,5883
2025-11-06 15:39:00.105580,1.26736,1.26747,1.26732,1.26739,11600
2025-11-06 16:39:00.105580,1.26725,1.2674,1.26723,1.2673,2537
2025-11-06 17:39:00.105580,1.26741,1.26745,1.26726,1.26736,49837
2025-11-06 18:39:00.105580,1.26765,1.26784,1.26757,1.26772,33209
2025-11-06 19:39:00.105580,1.26734,1.26734,1.26723,1.26732,18767
2025-11-06 20:39:00.105580,1.26754,1.26765,1.26743,1.26757,6860
2025-11-06 21:39:00.105580,1.26721,1.2673,1.26716,1.26722,2412
2025-11-06 22:39:00.105580,1.26726,1.26727,1.26716,1.26722,2686
2025-11-06 23:39:00.105580,1.26749,1.26758,1.26742,1.26749,2216
2025-11-07 00:39:00.105580,1.26751,1.26755,1.26743,1.26745,2229
2025-11-07 01:39:00.105580,1.2676,1.26772,1.26747,1.26763,2622
2025-11-07 02:39:00.105580,1.2675,1.26753,1.26732,1.26742,8109
2025-11-07 03:39:00.105580,1.26794,1.26815,1.26785,1.26809,2550
2025-11-07 04:39:00.105580,1.26787,1.26806,1.26786,1.2679,1031
2025-11-07 05:39:00.105580,1.26781,1.26783,1.26761,1.26783,4344
2025-11-07 06:39:00.105580,1.26794,1.26799,1.26777,1.26796,2037
2025-11-07 07:39:00.105580,1.26791,1.26794,1.26787,1.26794,2148
2025-11-07 08:39:00.105580,1.26791,1.26807,1.26774,1.26777,15678
2025-11-07 09:39:00.105580,1.26783,1.26793,1.26769,1.26786,8375
2025-11-07 10:39:00.105580,1.26787,1.26793,1.26779,1.26783,6555
2025-11-07 11:39:00.105580,1.26775,1.26779,1.26773,1.26775,2689
2025-11-07 12:39:00.105580,1.26807,1.26832,1.26798,1.268,15077
2025-11-07 13:39:00.105580,1.26799,1.26807,1.26791,1.26804,9930
2025-11-07 14:39:00.105580,1.26778,1.26795,1.26767,1.26777,2454
2025-11-07 15:39:00.105580,1.26787,1.26803,1.26772,1.26781,4856
2025-11-07 16:39:00.105580,1.26825,1.26865,1.26809,1.2682,1394
2025-11-07 17:39:00.105580,1.26832,1.26836,1.2681,1.26836,11912
2025-11-07 18:39:00.105580,1.26827,1.26834,1.26808,1.26823,1647
2025-11-07 19:39:00.105580,1.26844,1.26847,1.26841,1.26846,7119
2025-11-07 20:39:00.105580,1.26864,1.2687,1.26862,1.26865,7494
2025-11-07 21:39:00.105580,1.26869,1.26877,1.26869,1.2687,1683
2025-11-07 22:39:00.105580,1.26849,1.26852,1.26842,1.26843,3066
2025-11-07 23:39:00.105580,1.26849,1.2686,1.26847,1.26855,3276
2025-11-08 00:39:00.105580,1.26843,1.26844,1.26828,1.26838,2422
2025-11-08 01:39:00.105580,1.2682,1.26829,1.268,1.26822,1242
2025-11-08 02:39:00.105580,1.2682,1.26829,1.26807,1.26808,1637
2025-11-08 03:39:00.105580,1.26824,1.26843,1.26817,1.2682,3239
2025-11-08 04:39:00.105580,1.26834,1.26838,1.2682,1.26835,1707
2025-11-08 05:39:00.105580,1.26835,1.26844,1.2682,1.26825,2274
2025-11-08 06:39:00.105580,1.26841,1.26849,1.26841,1.26845,1878
2025-11-08 07:39:00.105580,1.26842,1.26855,1.26824,1.26838,13794
2025-11-08 08:39:00.105580,1.26858,1.26882,1.26855,1.26864,3907
2025-11-08 09:39:00.105580,1.26866,1.2688,1.26866,1.26869,4058
2025-11-08 10:39:00.105580,1.26832,1.26841,1.26817,1.26827,1150
2025-11-08 11:39:00.105580,1.26861,1.26873,1.26859,1.26865,4662
2025-11-08 12:39:00.105580,1.26875,1.26891,1.26869,1.26884,3008
2025-11-08 13:39:00.105580,1.26875,1.26897,1.26861,1.26884,10001
2025-11-08 14:39:00.105580,1.26879,1.26901,1.26875,1.26885,4315
2025-11-08 15:39:00.105580,1.26882,1.26897,1.26859,1.2689,9628
2025-11-08 16:39:00.105580,1.26863,1.26876,1.26857,1.26864,1701
2025-11-08 17:39:00.105580,1.26903,1.26912,1.26901,1.26901,12151
2025-11-08 18:39:00.105580,1.26899,1.26906,1.26898,1.26901,7828
2025-11-08 19:39:00.105580,1.2689,1.26893,1.26882,1.26891,3794
2025-11-08 20:39:00.105580,1.26868,1.26897,1.26853,1.26885,807
2025-11-08 21:39:00.105580,1.26866,1.26876,1.26861,1.26867,6750
2025-11-08 22:39:00.105580,1.26861,1.26863,1.26853,1.26861,1947
2025-11-08 23:39:00.105580,1.26862,1.26869,1.26859,1.2686,13725
2025-11-09 00:39:00.105580,1.26867,1.26878,1.26866,1.26872,4201
2025-11-09 01:39:00.105580,1.26866,1.26869,1.26854,1.26864,4792
2025-11-09 02:39:00.105580,1.26856,1.26879,1.26832,1.26858,3842
2025-11-09 03:39:00.105580,1.26863,1.26873,1.26853,1.26863,2468
2025-11-09 04:39:00.105580,1.26874,1.26896,1.26866,1.26878,996
2025-11-09 05:39:00.105580,1.26871,1.26879,1.26863,1.26869,1019
2025-11-09 06:39:00.105580,1.26901,1.26919,1.26892,1.26906,1902
2025-11-09 07:39:00.105580,1.26893,1.26902,1.26886,1.26889,8567
2025-11-09 08:39:00.105580,1.26894,1.26896,1.2688,1.26893,4157
2025-11-09 09:39:00.105580,1.26874,1.26891,1.2685,1.26885,11470
2025-11-09 10:39:00.105580,1.26871,1.26887,1.26851,1.26877,2630
2025-11-09 11:39:00.105580,1.26885,1.26894,1.26863,1.26881,4429
2025-11-09 12:39:00.105580,1.26873,1.26879,1.26867,1.26873,310
2025-11-09 13:39:00.105580,1.26853,1.26868,1.26844,1.26848,3548
2025-11-09 14:39:00.105580,1.2686,1.26881,1.26857,1.2686,10911
2025-11-09 15:39:00.105580,1.26828,1.26846,1.26814,1.26838,12246
2025-11-09 16:39:00.105580,1.26831,1.26837,1.2681,1.26836,11506
2025-11-09 17:39:00.105580,1.26836,1.26839,1.26831,1.26831,18370
2025-11-09 18:39:00.105580,1.26828,1.26828,1.26811,1.26827,3169
2025-11-09 19:39:00.105580,1.26852,1.2686,1.26842,1.26858,5370
2025-11-09 20:39:00.105580,1.2686,1.26879,1.26845,1.26865,4238
2025-11-09 21:39:00.105580,1.26852,1.26855,1.26833,1.26845,2505
2025-11-09 22:39:00.105580,1.26838,1.26846,1.26813,1.26836,1657
2025-11-09 23:39:00.105580,1.2683,1.26842,1.26813,1.26824,3573
2025-11-10 00:39:00.105580,1.26864,1.26875,1.26857,1.26863,2299
2025-11-10 01:39:00.105580,1.26857,1.26876,1.2685,1.26853,3189
2025-11-10 02:39:00.105580,1.26857,1.2687,1.26843,1.26846,2737
2025-11-10 03:39:00.105580,1.26863,1.26869,1.26837,1.26856,6280
2025-11-10 04:39:00.105580,1.26867,1.26872,1.26857,1.26857,5854
2025-11-10 05:39:00.105580,1.26848,1.26849,1.26825,1.26842,442
2025-11-10 06:39:00.105580,1.26844,1.26867,1.26841,1.26848,4686
2025-11-10 07:39:00.105580,1.26828,1.2684,1.26811,1.26833,3136
2025-11-10 08:39:00.105580,1.26837,1.26853,1.26828,1.26846,2938
2025-11-10 09:39:00.105580,1.26845,1.26862,1.26832,1.26849,1348
2025-11-10 10:39:00.105580,1.26849,1.26868,1.26847,1.26866,2570
2025-11-10 11:39:00.105580,1.26869,1.26883,1.26866,1.26873,18000
2025-11-10 12:39:00.105580,1.26867,1.2687,1.26863,1.26865,6486
2025-11-10 13:39:00.105580,1.26878,1.26893,1.26875,1.2688,3314
2025-11-10 14:39:00.105580,1.26867,1.26868,1.26853,1.26863,1802
2025-11-10 15:39:00.105580,1.26875,1.26893,1.2685,1.26856,4072
2025-11-10 16:39:00.105580,1.26865,1.26895,1.26853,1.2686,9513
2025-11-10 17:39:00.105580,1.26842,1.26856,1.26841,1.26849,15227
2025-11-10 18:39:00.105580,1.26811,1.26822,1.26805,1.26809,2651
2025-11-10 19:39:00.105580,1.26796,1.26807,1.26782,1.26789,2961
2025-11-10 20:39:00.105580,1.26818,1.26826,1.26807,1.26811,11589
2025-11-10 21:39:00.105580,1.26808,1.2682,1.26807,1.26812,3294
2025-11-10 22:39:00.105580,1.26833,1.26844,1.26819,1.26826,15203
2025-11-10 23:39:00.105580,1.26846,1.26859,1.26838,1.26843,6069
2025-11-11 00:39:00.105580,1.26816,1.26832,1.26812,1.26822,6280
2025-11-11 01:39:00.105580,1.26816,1.26837,1.268,1.26819,2757
2025-11-11 02:39:00.105580,1.26837,1.26849,1.26831,1.26839,633
2025-11-11 03:39:00.105580,1.26846,1.26867,1.26825,1.26841,1733
2025-11-11 04:39:00.105580,1.26834,1.26858,1.2683,1.2685,1305
2025-11-11 05:39:00.105580,1.26844,1.2685,1.26836,1.26837,714
2025-11-11 06:39:00.105580,1.2687,1.2688,1.2684,1.26859,12258
2025-11-11 07:39:00.105580,1.26885,1.26888,1.26881,1.26886,988
2025-11-11 08:39:00.105580,1.2688,1.26909,1.26871,1.2689,4184
2025-11-11 09:39:00.105580,1.2689,1.26895,1.26875,1.26887,1565
2025-11-11 10:39:00.105580,1.26888,1.26899,1.26886,1.26891,9135
2025-11-11 11:39:00.105580,1.26869,1.26883,1.26853,1.2687,3382
2025-11-11 12:39:00.105580,1.26855,1.26883,1.26844,1.26855,2332
2025-11-11 13:39:00.105580,1.2685,1.26864,1.26842,1.26857,8599
2025-11-11 14:39:00.105580,1.26846,1.26867,1.2683,1.26834,1404
2025-11-11 15:39:00.105580,1.26825,1.26831,1.26806,1.26815,8404
2025-11-11 16:39:00.105580,1.26828,1.26849,1.26806,1.26836,7693
2025-11-11 17:39:00.105580,1.2683,1.26838,1.26821,1.26827,1344
2025-11-11 18:39:00.105580,1.2682,1.26827,1.26802,1.26808,5985
2025-11-11 19:39:00.105580,1.26838,1.26846,1.26824,1.26831,5744
2025-11-11 20:39:00.105580,1.26829,1.26833,1.26812,1.26821,15514
2025-11-11 21:39:00.105580,1.2684,1.26843,1.26836,1.26838,3714
2025-11-11 22:39:00.105580,1.26813,1.26843,1.26796,1.26809,12528
2025-11-11 23:39:00.105580,1.26838,1.26849,1.26832,1.26833,2565
2025-11-12 00:39:00.105580,1.26806,1.26814,1.26798,1.26813,726
2025-11-12 01:39:00.105580,1.26811,1.26824,1.268,1.26817,961
2025-11-12 02:39:00.105580,1.26804,1.26835,1.26797,1.26817,452
2025-11-12 03:39:00.105580,1.2679,1.26806,1.26776,1.26784,1347
2025-11-12 04:39:00.105580,1.26789,1.2679,1.2678,1.26785,5679
2025-11-12 05:39:00.105580,1.26775,1.26791,1.2677,1.26772,1447
2025-11-12 06:39:00.105580,1.26792,1.26795,1.26781,1.26783,2666
2025-11-12 07:39:00.105580,1.26812,1.26817,1.26792,1.26806,1076
2025-11-12 08:39:00.105580,1.26796,1.26814,1.26786,1.26794,10585
2025-11-12 09:39:00.105580,1.26805,1.26853,1.26805,1.26815,13929
2025-11-12 10:39:00.105580,1.26813,1.2683,1.26794,1.2682,3197
2025-11-12 11:39:00.105580,1.26802,1.26806,1.26797,1.26799,5769
2025-11-12 12:39:00.105580,1.26816,1.26832,1.26813,1.26827,5140
2025-11-12 13:39:00.105580,1.26794,1.26813,1.26786,1.26792,7749
2025-11-12 14:39:00.105580,1.26781,1.26803,1.26769,1.26791,4580
2025-11-12 15:39:00.105580,1.26783,1.26787,1.2675,1.26768,13369
2025-11-12 16:39:00.105580,1.26786,1.26803,1.26769,1.26781,3199
2025-11-12 17:39:00.105580,1.26789,1.26791,1.26781,1.26782,7077
2025-11-12 18:39:00.105580,1.26797,1.26805,1.26789,1.26792,4086
2025-11-12 19:39:00.105580,1.26796,1.26798,1.26783,1.26791,5622
2025-11-12 20:39:00.105580,1.26793,1.26796,1.26775,1.26794,4826
2025-11-12 21:39:00.105580,1.26783,1.26793,1.26781,1.26791,2709
2025-11-12 22:39:00.105580,1.26772,1.26775,1.26761,1.26771,923
2025-11-12 23:39:00.105580,1.26738,1.26752,1.26731,1.26743,3374
2025-11-13 00:39:00.105580,1.26738,1.26751,1.2673,1.26743,1049
2025-11-13 01:39:00.105580,1.26736,1.2674,1.26728,1.26728,1719
2025-11-13 02:39:00.105580,1.26752,1.26769,1.26735,1.26738,2395
2025-11-13 03:39:00.105580,1.26724,1.26757,1.26719,1.26733,1530
2025-11-13 04:39:00.105580,1.26725,1.26727,1.26708,1.26722,3576
2025-11-13 05:39:00.105580,1.26716,1.26723,1.26702,1.26723,395
2025-11-13 06:39:00.105580,1.26721,1.26725,1.2671,1.2671,1763
2025-11-13 07:39:00.105580,1.26712,1.26733,1.26701,1.26709,4383
2025-11-13 08:39:00.105580,1.26721,1.26722,1.26709,1.26721,14407
2025-11-13 09:39:00.105580,1.26742,1.26751,1.26737,1.26741,4498
2025-11-13 10:39:00.105580,1.26736,1.26744,1.26733,1.26737,2810
2025-11-13 11:39:00.105580,1.26723,1.26731,1.2671,1.2673,2506
2025-11-13 12:39:00.105580,1.26716,1.26721,1.26692,1.26693,4010
2025-11-13 13:39:00.105580,1.26712,1.26733,1.26707,1.26727,1200
2025-11-13 14:39:00.105580,1.26725,1.2673,1.26714,1.26722,2357
2025-11-13 15:39:00.105580,1.26723,1.26736,1.26701,1.2671,3988
2025-11-13 16:39:00.105580,1.26719,1.26719,1.26703,1.26715,5383
2025-11-13 17:39:00.105580,1.26723,1.26736,1.26717,1.26727,7122
2025-11-13 18:39:00.105580,1.26721,1.26749,1.26715,1.26734,6056
2025-11-13 19:39:00.105580,1.2672,1.26738,1.26696,1.2673,2309
2025-11-13 20:39:00.105580,1.26743,1.26764,1.26734,1.26745,3065
2025-11-13 21:39:00.105580,1.26743,1.26746,1.26738,1.26741,5768
2025-11-13 22:39:00.105580,1.26745,1.26749,1.26729,1.26743,6764
2025-11-13 23:39:00.105580,1.26739,1.2675,1.26732,1.26734,1613
2025-11-14 00:39:00.105580,1.26734,1.26736,1.26727,1.2673,13261
2025-11-14 01:39:00.105580,1.26714,1.26721,1.26694,1.26714,1048
2025-11-14 02:39:00.105580,1.26682,1.26692,1.2667,1.26674,4777
2025-11-14 03:39:00.105580,1.26691,1.26695,1.26684,1.26693,5085
2025-11-14 04:39:00.105580,1.26682,1.26699,1.26673,1.26697,2746
2025-11-14 05:39:00.105580,1.26644,1.26661,1.26639,1.26649,2863
2025-11-14 06:39:00.105580,1.26645,1.26663,1.26624,1.26654,1400
2025-11-14 07:39:00.105580,1.26649,1.26673,1.26637,1.26656,2363
2025-11-14 08:39:00.105580,1.26655,1.26662,1.26642,1.26655,3447
2025-11-14 09:39:00.105580,1.26632,1.26653,1.26617,1.26641,1903
2025-11-14 10:39:00.105580,1.26643,1.26653,1.26631,1.26649,3004
2025-11-14 11:39:00.105580,1.26633,1.26637,1.26621,1.26637,14101
2025-11-14 12:39:00.105580,1.2663,1.26643,1.26608,1.26621,2177
2025-11-14 13:39:00.105580,1.2662,1.26633,1.26614,1.26628,4431
2025-11-14 14:39:00.105580,1.26617,1.26647,1.26614,1.26627,532
2025-11-14 15:39:00.105580,1.2661,1.26622,1.26608,1.26612,7995
2025-11-14 16:39:00.105580,1.26641,1.26656,1.26631,1.26643,4150
2025-11-14 17:39:00.105580,1.26637,1.26653,1.26633,1.26645,6841
2025-11-14 18:39:00.105580,1.26673,1.26685,1.26655,1.26684,9002
2025-11-14 19:39:00.105580,1.26696,1.26719,1.26688,1.26711,2257
2025-11-14 20:39:00.105580,1.26693,1.26713,1.26682,1.26686,3157
2025-11-14 21:39:00.105580,1.26667,1.2667,1.26649,1.26666,1324
2025-11-14 22:39:00.105580,1.26667,1.26676,1.26654,1.26675,10573
2025-11-14 23:39:00.105580,1.26665,1.26669,1.26664,1.26666,2763
2025-11-15 00:39:00.105580,1.26666,1.26682,1.26651,1.26654,822
2025-11-15 01:39:00.105580,1.26677,1.26701,1.26654,1.26662,1271
2025-11-15 02:39:00.105580,1.26676,1.26681,1.26668,1.26673,3230
2025-11-15 03:39:00.105580,1.2667,1.26672,1.26654,1.26671,1083
2025-11-15 04:39:00.105580,1.26658,1.2667,1.26646,1.26662,13635
2025-11-15 05:39:00.105580,1.26657,1.26677,1.2665,1.26662,1360
2025-11-15 06:39:00.105580,1.26684,1.26707,1.26679,1.26686,908
2025-11-15 07:39:00.105580,1.26673,1.26676,1.26655,1.26665,7962
2025-11-15 08:39:00.105580,1.2669,1.26702,1.26687,1.26691,1795
2025-11-15 09:39:00.105580,1.26685,1.26694,1.26672,1.26675,6777
2025-11-15 10:39:00.105580,1.26704,1.26723,1.26704,1.26708,1967
2025-11-15 11:39:00.105580,1.26698,1.26706,1.26686,1.26701,9700
2025-11-15 12:39:00.105580,1.26695,1.26721,1.26694,1.26712,3471
2025-11-15 13:39:00.105580,1.2671,1.26718,1.26706,1.26709,1798
2025-11-15 14:39:00.105580,1.2669,1.26692,1.26676,1.26677,2831
2025-11-15 15:39:00.105580,1.26691,1.26694,1.26671,1.26682,4001
2025-11-15 16:39:00.105580,1.26707,1.26727,1.26693,1.2672,1935
2025-11-15 17:39:00.105580,1.2667,1.26685,1.26649,1.26671,8214
2025-11-15 18:39:00.105580,1.26675,1.26682,1.26672,1.26677,5092
2025-11-15 19:39:00.105580,1.26651,1.26657,1.26631,1.26647,3593
2025-11-15 20:39:00.105580,1.26674,1.26686,1.26658,1.26667,6309
2025-11-15 21:39:00.105580,1.26686,1.26691,1.26664,1.26671,707
2025-11-15 22:39:00.105580,1.26676,1.26677,1.26668,1.26669,4517
2025-11-15 23:39:00.105580,1.2668,1.26693,1.26676,1.26679,1357
2025-11-16 00:39:00.105580,1.26708,1.26715,1.267,1.267,3464
2025-11-16 01:39:00.105580,1.2671,1.26736,1.26699,1.26715,922
2025-11-16 02:39:00.105580,1.2667,1.26675,1.26654,1.26664,5443
2025-11-16 03:39:00.105580,1.26645,1.26647,1.26635,1.26642,2240
2025-11-16 04:39:00.105580,1.26666,1.26676,1.26658,1.26668,330
2025-11-16 05:39:00.105580,1.26667,1.26681,1.26662,1.26666,5191
2025-11-16 06:39:00.105580,1.26655,1.26657,1.26641,1.26653,866
2025-11-16 07:39:00.105580,1.26655,1.26669,1.26654,1.2666,781
2025-11-16 08:39:00.105580,1.26653,1.26666,1.26635,1.26653,3470
2025-11-16 09:39:00.105580,1.2663,1.26639,1.26615,1.26618,9508
2025-11-16 10:39:00.105580,1.26639,1.2665,1.26639,1.26641,12735
2025-11-16 11:39:00.105580,1.26658,1.26669,1.26641,1.26657,2410
2025-11-16 12:39:00.105580,1.26647,1.26655,1.26632,1.26644,15498
2025-11-16 13:39:00.105580,1.26646,1.2667,1.26618,1.26636,5006
2025-11-16 14:39:00.105580,1.26653,1.26654,1.26637,1.26641,1613
2025-11-16 15:39:00.105580,1.26646,1.26657,1.26639,1.26648,3799
2025-11-16 16:39:00.105580,1.26635,1.26657,1.26626,1.26631,7634
2025-11-16 17:39:00.105580,1.26627,1.26631,1.26622,1.26628,10860
2025-11-16 18:39:00.105580,1.26628,1.26632,1.26627,1.26629,4803
2025-11-16 19:39:00.105580,1.26606,1.26607,1.26597,1.26599,7402
2025-11-16 20:39:00.105580,1.26598,1.26601,1.26597,1.26599,3445
2025-11-16 21:39:00.105580,1.2661,1.26615,1.26608,1.26613,6638
2025-11-16 22:39:00.105580,1.26611,1.26617,1.26606,1.26606,15017
2025-11-16 23:39:00.105580,1.2657,1.26577,1.26568,1.26568,981
2025-11-17 00:39:00.105580,1.26555,1.26564,1.26547,1.26551,353
2025-11-17 01:39:00.105580,1.26534,1.26545,1.26532,1.26533,7217
2025-11-17 02:39:00.105580,1.26542,1.26563,1.26536,1.26548,1860
2025-11-17 03:39:00.105580,1.26537,1.26544,1.2652,1.2653,733
2025-11-17 04:39:00.105580,1.26527,1.26559,1.26513,1.26537,5654
2025-11-17 05:39:00.105580,1.26514,1.26529,1.26498,1.26518,1345
2025-11-17 06:39:00.105580,1.2647,1.26475,1.26459,1.26475,5228
2025-11-17 07:39:00.105580,1.26469,1.26484,1.26468,1.26481,624
2025-11-17 08:39:00.105580,1.26487,1.26493,1.26481,1.26484,2978
2025-11-17 09:39:00.105580,1.26482,1.26487,1.26477,1.2648,6273
2025-11-17 10:39:00.105580,1.26473,1.26474,1.26455,1.26459,2832
2025-11-17 11:39:00.105580,1.26457,1.26462,1.26449,1.26454,4492
2025-11-17 12:39:00.105580,1.2643,1.26453,1.26424,1.26431,3545
2025-11-17 13:39:00.105580,1.26433,1.2646,1.26424,1.26447,3801
2025-11-17 14:39:00.105580,1.26432,1.26455,1.26424,1.26435,7176
2025-11-17 15:39:00.105580,1.26414,1.26428,1.26402,1.26407,2177
2025-11-17 16:39:00.105580,1.26421,1.26442,1.26417,1.26426,14707
2025-11-17 17:39:00.105580,1.26432,1.26454,1.26423,1.26445,1586
2025-11-17 18:39:00.105580,1.26421,1.26424,1.26408,1.26424,13705
2025-11-17 19:39:00.105580,1.26416,1.26424,1.26411,1.26421,5637
2025-11-17 20:39:00.105580,1.26419,1.26434,1.26403,1.26419,4790
2025-11-17 21:39:00.105580,1.26418,1.26421,1.26402,1.2642,2277
2025-11-17 22:39:00.105580,1.26422,1.26442,1.26401,1.26434,7613
2025-11-17 23:39:00.105580,1.26417,1.26426,1.26408,1.2642,2411
2025-11-18 00:39:00.105580,1.264,1.26417,1.26389,1.2641,693
2025-11-18 01:39:00.105580,1.26431,1.26451,1.26422,1.26422,1356
2025-11-18 02:39:00.105580,1.2643,1.26453,1.2642,1.2644,1322
2025-11-18 03:39:00.105580,1.2643,1.26434,1.26421,1.26428,1389
2025-11-18 04:39:00.105580,1.26434,1.26438,1.26421,1.26435,3815
2025-11-18 05:39:00.105580,1.26432,1.26434,1.26412,1.26421,3287
2025-11-18 06:39:00.105580,1.26442,1.26449,1.26439,1.26448,2205
2025-11-18 07:39:00.105580,1.26437,1.26446,1.26425,1.26439,404
2025-11-18 08:39:00.105580,1.2646,1.26474,1.26456,1.26469,12303
2025-11-18 09:39:00.105580,1.26452,1.2647,1.26439,1.26443,5653
2025-11-18 10:39:00.105580,1.26473,1.26477,1.26457,1.26461,2344
2025-11-18 11:39:00.105580,1.26457,1.26482,1.26448,1.26454,2545
2025-11-18 12:39:00.105580,1.2644,1.26446,1.26433,1.26444,581
2025-11-18 13:39:00.105580,1.26434,1.26439,1.26424,1.26427,8794
2025-11-18 14:39:00.105580,1.26412,1.2642,1.26393,1.26399,2481
2025-11-18 15:39:00.105580,1.26379,1.26398,1.26368,1.26386,22842
2025-11-18 16:39:00.105580,1.26382,1.264,1.26381,1.26392,4022
2025-11-18 17:39:00.105580,1.2638,1.26406,1.26378,1.26395,10830
2025-11-18 18:39:00.105580,1.26385,1.26387,1.26366,1.26376,1389
2025-11-18 19:39:00.105580,1.26411,1.26426,1.26406,1.26416,4635
2025-11-18 20:39:00.105580,1.26417,1.26429,1.26398,1.26408,4450
2025-11-18 21:39:00.105580,1.26375,1.26393,1.26358,1.26383,1711
2025-11-18 22:39:00.105580,1.26431,1.26457,1.2642,1.26426,2448
2025-11-18 23:39:00.105580,1.26419,1.26433,1.26418,1.26419,2112
2025-11-19 00:39:00.105580,1.2643,1.26446,1.26427,1.26435,3621
2025-11-19 01:39:00.105580,1.26396,1.26397,1.26394,1.26395,1142
2025-11-19 02:39:00.105580,1.2639,1.26404,1.26365,1.26386,7458
2025-11-19 03:39:00.105580,1.26415,1.2643,1.26394,1.26406,2323
2025-11-19 04:39:00.105580,1.26403,1.2641,1.26369,1.26383,4579
2025-11-19 05:39:00.105580,1.2639,1.26395,1.26381,1.26387,4409
2025-11-19 06:39:00.105580,1.26379,1.26381,1.26369,1.26375,719
2025-11-19 07:39:00.105580,1.26363,1.26366,1.26349,1.26362,3498
2025-11-19 08:39:00.105580,1.26334,1.26344,1.26326,1.26337,914
2025-11-19 09:39:00.105580,1.26339,1.26349,1.2633,1.26342,1635
2025-11-19 10:39:00.105580,1.26353,1.2637,1.26346,1.26351,1869
2025-11-19 11:39:00.105580,1.26386,1.26392,1.26364,1.26391,7595
2025-11-19 12:39:00.105580,1.26341,1.26383,1.26328,1.26356,457
2025-11-19 13:39:00.105580,1.26355,1.26365,1.26353,1.26354,13616
2025-11-19 14:39:00.105580,1.26363,1.26386,1.26351,1.26369,3239
2025-11-19 15:39:00.105580,1.26383,1.26392,1.2638,1.26383,4698
2025-11-19 16:39:00.105580,1.26383,1.26396,1.26379,1.26382,2545
2025-11-19 17:39:00.105580,1.26404,1.26411,1.26384,1.26398,4568
2025-11-19 18:39:00.105580,1.26401,1.26413,1.264,1.2641,5213
2025-11-19 19:39:00.105580,1.26382,1.26391,1.26372,1.26374,6666
2025-11-19 20:39:00.105580,1.2641,1.26418,1.26396,1.26417,19378
2025-11-19 21:39:00.105580,1.26391,1.26409,1.26381,1.26397,1188
2025-11-19 22:39:00.105580,1.26403,1.26421,1.264,1.26407,5524
2025-11-19 23:39:00.105580,1.26408,1.2642,1.26401,1.26418,3852
2025-11-20 00:39:00.105580,1.26372,1.26374,1.26364,1.26364,2040
2025-11-20 01:39:00.105580,1.26376,1.26385,1.26368,1.26377,1147
2025-11-20 02:39:00.105580,1.26357,1.2636,1.26336,1.26345,3945
2025-11-20 03:39:00.105580,1.2631,1.26318,1.263,1.26308,3478
2025-11-20 04:39:00.105580,1.26337,1.26356,1.26336,1.26338,1699
2025-11-20 05:39:00.105580,1.26387,1.26403,1.26377,1.26384,1917
2025-11-20 06:39:00.105580,1.26388,1.26411,1.26384,1.26392,321
2025-11-20 07:39:00.105580,1.26408,1.26413,1.264,1.26411,2867
2025-11-20 08:39:00.105580,1.26372,1.26387,1.26369,1.26377,14572
2025-11-20 09:39:00.105580,1.26373,1.26373,1.2634,1.26367,1366
2025-11-20 10:39:00.105580,1.26385,1.26399,1.26371,1.26387,4746
2025-11-20 11:39:00.105580,1.26399,1.26409,1.26384,1.26396,6307
2025-11-20 12:39:00.105580,1.26384,1.26386,1.26378,1.26379,3655
2025-11-20 13:39:00.105580,1.26353,1.26357,1.26351,1.26356,3362
2025-11-20 14:39:00.105580,1.26373,1.26376,1.26362,1.26373,3380
2025-11-20 15:39:00.105580,1.2636,1.2636,1.26346,1.26352,8284
2025-11-20 16:39:00.105580,1.26376,1.2639,1.26376,1.2638,8942
2025-11-20 17:39:00.105580,1.26361,1.26368,1.26348,1.2636,10627
2025-11-20 18:39:00.105580,1.26368,1.26376,1.2636,1.26374,500
2025-11-20 19:39:00.105580,1.26406,1.26417,1.26404,1.26415,4152
2025-11-20 20:39:00.105580,1.26446,1.26467,1.26431,1.26456,7367
2025-11-20 21:39:00.105580,1.26446,1.26454,1.26433,1.26451,6275
2025-11-20 22:39:00.105580,1.26458,1.26475,1.26456,1.26461,2131
2025-11-20 23:39:00.105580,1.26469,1.26499,1.26469,1.26479,1632
2025-11-21 00:39:00.105580,1.26495,1.26503,1.26489,1.26501,1695
2025-11-21 01:39:00.105580,1.26469,1.26488,1.26464,1.26481,1411
2025-11-21 02:39:00.105580,1.26448,1.26452,1.26438,1.26446,4350
2025-11-21 03:39:00.105580,1.26466,1.26471,1.26464,1.2647,4279
2025-11-21 04:39:00.105580,1.26488,1.26523,1.26485,1.26495,1743
2025-11-21 05:39:00.105580,1.26497,1.26503,1.2649,1.26502,880
2025-11-21 06:39:00.105580,1.26507,1.26519,1.26492,1.26509,15587
2025-11-21 07:39:00.105580,1.26513,1.26521,1.26504,1.26521,1813
2025-11-21 08:39:00.105580,1.26518,1.26523,1.26503,1.26519,3055
2025-11-21 09:39:00.105580,1.26515,1.26532,1.26511,1.26519,6044
2025-11-21 10:39:00.105580,1.26533,1.26546,1.26529,1.26538,14384
2025-11-21 11:39:00.105580,1.26521,1.26532,1.26498,1.2653,33335
2025-11-21 12:39:00.105580,1.2653,1.26534,1.26525,1.2653,6042
2025-11-21 13:39:00.105580,1.26531,1.26543,1.26521,1.26533,3482
2025-11-21 14:39:00.105580,1.26545,1.26562,1.26543,1.26559,2105
2025-11-21 15:39:00.105580,1.26568,1.26582,1.26559,1.26572,3635
2025-11-21 16:39:00.105580,1.2657,1.2659,1.26559,1.26572,2865
2025-11-21 17:39:00.105580,1.266,1.26603,1.26573,1.26581,2244
2025-11-21 18:39:00.105580,1.26626,1.26629,1.26625,1.26626,3470
2025-11-21 19:39:00.105580,1.26643,1.26654,1.26634,1.26652,11178
2025-11-21 20:39:00.105580,1.26645,1.26659,1.26626,1.26636,16311
2025-11-21 21:39:00.105580,1.26659,1.26664,1.26657,1.26658,2786
2025-11-21 22:39:00.105580,1.26652,1.26658,1.26644,1.26648,1169
2025-11-21 23:39:00.105580,1.26647,1.26652,1.26643,1.26652,1226
2025-11-22 00:39:00.105580,1.26665,1.26685,1.2665,1.26656,3400
2025-11-22 01:39:00.105580,1.26635,1.26665,1.26617,1.26637,3606
2025-11-22 02:39:00.105580,1.26667,1.26667,1.2665,1.26662,8993
2025-11-22 03:39:00.105580,1.26649,1.26655,1.26635,1.26643,2225
2025-11-22 04:39:00.105580,1.26679,1.26708,1.26675,1.26689,2824
2025-11-22 05:39:00.105580,1.26682,1.26693,1.26657,1.26683,6207
2025-11-22 06:39:00.105580,1.26676,1.26694,1.26664,1.26678,2227
2025-11-22 07:39:00.105580,1.26675,1.26693,1.26666,1.26678,7960
2025-11-22 08:39:00.105580,1.26672,1.26688,1.26671,1.26671,5857
2025-11-22 09:39:00.105580,1.26685,1.26691,1.26682,1.26685,13477
2025-11-22 10:39:00.105580,1.26689,1.26702,1.26665,1.26672,1887
2025-11-22 11:39:00.105580,1.26693,1.26716,1.26686,1.26703,2684
2025-11-22 12:39:00.105580,1.26676,1.26702,1.26654,1.26686,2585
2025-11-22 13:39:00.105580,1.26661,1.26666,1.26648,1.26659,20859
2025-11-22 14:39:00.105580,1.26679,1.26698,1.26667,1.26685,5167
2025-11-22 15:39:00.105580,1.26663,1.2667,1.26651,1.26667,10570
2025-11-22 16:39:00.105580,1.26677,1.26687,1.26657,1.26678,8717
2025-11-22 17:39:00.105580,1.26671,1.26699,1.26669,1.26688,13045
2025-11-22 18:39:00.105580,1.26658,1.26662,1.26639,1.26648,11796
2025-11-22 19:39:00.105580,1.26646,1.26657,1.26637,1.26655,3765
2025-11-22 20:39:00.105580,1.26633,1.26643,1.26627,1.26628,8498
2025-11-22 21:39:00.105580,1.26623,1.26627,1.26623,1.26627,2792
2025-11-22 22:39:00.105580,1.26608,1.2661,1.26593,1.26599,1014
2025-11-22 23:39:00.105580,1.26598,1.26607,1.26596,1.26601,5872
2025-11-23 00:39:00.105580,1.2659,1.26591,1.26564,1.26583,7110
2025-11-23 01:39:00.105580,1.26601,1.26606,1.26577,1.26591,1729
2025-11-23 02:39:00.105580,1.26602,1.26609,1.26586,1.26593,1257
2025-11-23 03:39:00.105580,1.26605,1.26609,1.26599,1.26601,458
2025-11-23 04:39:00.105580,1.2659,1.26609,1.2658,1.26589,1308
2025-11-23 05:39:00.105580,1.26599,1.26605,1.26578,1.2659,5364
2025-11-23 06:39:00.105580,1.26599,1.26605,1.26576,1.2659,3137
2025-11-23 07:39:00.105580,1.26615,1.26623,1.26612,1.26618,5610
2025-11-23 08:39:00.105580,1.26642,1.26657,1.26637,1.26644,11765
2025-11-23 09:39:00.105580,1.26639,1.26643,1.26634,1.26642,11572
2025-11-23 10:39:00.105580,1.26625,1.2665,1.2661,1.26637,3355
2025-11-23 11:39:00.105580,1.26603,1.26605,1.26599,1.26599,14048
2025-11-23 12:39:00.105580,1.266,1.26614,1.26585,1.26609,1158
2025-11-23 13:39:00.105580,1.26615,1.26626,1.26614,1.26617,20689
2025-11-23 14:39:00.105580,1.26586,1.26599,1.26572,1.26579,2549
2025-11-23 15:39:00.105580,1.26573,1.26581,1.26557,1.26577,9124
2025-11-23 16:39:00.105580,1.26573,1.26584,1.26544,1.26561,6332
2025-11-23 17:39:00.105580,1.26555,1.26576,1.26545,1.26556,17002
2025-11-23 18:39:00.105580,1.26508,1.2652,1.26507,1.2651,8618
2025-11-23 19:39:00.105580,1.26499,1.26509,1.26494,1.26504,2543
2025-11-23 20:39:00.105580,1.2649,1.26501,1.26482,1.26482,2091
2025-11-23 21:39:00.105580,1.26522,1.26531,1.26508,1.26519,1991
2025-11-23 22:39:00.105580,1.26516,1.26519,1.26511,1.26517,5594
2025-11-23 23:39:00.105580,1.26506,1.26522,1.26505,1.2651,1977
2025-11-24 00:39:00.105580,1.26498,1.26501,1.26489,1.26493,1323
2025-11-24 01:39:00.105580,1.2647,1.26477,1.26464,1.26466,674
2025-11-24 02:39:00.105580,1.26465,1.26474,1.26459,1.26467,9710
2025-11-24 03:39:00.105580,1.26465,1.26481,1.26462,1.26465,2193
2025-11-24 04:39:00.105580,1.26475,1.2648,1.26464,1.26478,868
2025-11-24 05:39:00.105580,1.2648,1.26485,1.26463,1.26475,1161
2025-11-24 06:39:00.105580,1.26484,1.26506,1.26476,1.26489,5931
2025-11-24 07:39:00.105580,1.26447,1.26462,1.26443,1.26454,2335
2025-11-24 08:39:00.105580,1.26438,1.26441,1.26435,1.26435,7913
2025-11-24 09:39:00.105580,1.26443,1.26448,1.26442,1.26446,6324
2025-11-24 10:39:00.105580,1.2646,1.2648,1.26449,1.26465,10843
2025-11-24 11:39:00.105580,1.26466,1.26471,1.26463,1.26466,3620
2025-11-24 12:39:00.105580,1.26444,1.2646,1.26444,1.26448,5444
2025-11-24 13:39:00.105580,1.26439,1.26444,1.26434,1.26442,2827
2025-11-24 14:39:00.105580,1.26433,1.26459,1.26423,1.26427,3857
2025-11-24 15:39:00.105580,1.2641,1.26432,1.26405,1.26415,2011
2025-11-24 16:39:00.105580,1.26436,1.26452,1.26416,1.26427,5248
2025-11-24 17:39:00.105580,1.26441,1.26456,1.26431,1.26434,2534
2025-11-24 18:39:00.105580,1.26443,1.26464,1.26434,1.26438,11304
2025-11-24 19:39:00.105580,1.26453,1.2646,1.26448,1.26458,6548
2025-11-24 20:39:00.105580,1.26452,1.26459,1.2645,1.26453,3049
2025-11-24 21:39:00.105580,1.26453,1.26456,1.26439,1.26452,454
2025-11-24 22:39:00.105580,1.26432,1.2645,1.26422,1.26425,5545
2025-11-24 23:39:00.105580,1.26435,1.26445,1.26406,1.2642,2535
2025-11-25 00:39:00.105580,1.26426,1.26448,1.26408,1.26443,1702
2025-11-25 01:39:00.105580,1.26437,1.26468,1.26436,1.26447,1355
2025-11-25 02:39:00.105580,1.26433,1.26436,1.26422,1.26423,10594
2025-11-25 03:39:00.105580,1.26441,1.26442,1.26413,1.26432,1483
2025-11-25 04:39:00.105580,1.26424,1.26432,1.26418,1.26427,2867
2025-11-25 05:39:00.105580,1.26413,1.26418,1.26403,1.26418,474
2025-11-25 06:39:00.105580,1.2643,1.26431,1.26413,1.26426,1925
2025-11-25 07:39:00.105580,1.26446,1.2645,1.26442,1.26445,3990
2025-11-25 08:39:00.105580,1.26446,1.26483,1.26445,1.2646,5854
2025-11-25 09:39:00.105580,1.26466,1.26479,1.26459,1.26478,1803
2025-11-25 10:39:00.105580,1.26486,1.26498,1.26476,1.26484,4036
2025-11-25 11:39:00.105580,1.26479,1.26499,1.26454,1.26467,5197
2025-11-25 12:39:00.105580,1.265,1.26508,1.26486,1.26504,2952
2025-11-25 13:39:00.105580,1.26521,1.26538,1.26509,1.26527,733
2025-11-25 14:39:00.105580,1.26512,1.26523,1.26506,1.26508,891
2025-11-25 15:39:00.105580,1.26515,1.26537,1.26494,1.265,4925
2025-11-25 16:39:00.105580,1.26507,1.26511,1.26496,1.26509,3235
2025-11-25 17:39:00.105580,1.26508,1.26511,1.26497,1.26509,14903
2025-11-25 18:39:00.105580,1.2651,1.2652,1.26505,1.26506,19824
2025-11-25 19:39:00.105580,1.26507,1.26519,1.26491,1.265,5969
2025-11-25 20:39:00.105580,1.26508,1.26535,1.26484,1.26519,6552
2025-11-25 21:39:00.105580,1.26525,1.26533,1.2649,1.26501,2886
2025-11-25 22:39:00.105580,1.26564,1.26565,1.26555,1.26564,4210
2025-11-25 23:39:00.105580,1.26573,1.26583,1.2657,1.26572,1496
2025-11-26 00:39:00.105580,1.26608,1.26627,1.26583,1.26597,1446
2025-11-26 01:39:00.105580,1.26581,1.26601,1.26575,1.26583,1263
2025-11-26 02:39:00.105580,1.26572,1.26573,1.26552,1.26571,7302
2025-11-26 03:39:00.105580,1.26604,1.26623,1.26602,1.26608,2650
2025-11-26 04:39:00.105580,1.26589,1.26602,1.26574,1.26586,3192
2025-11-26 05:39:00.105580,1.26585,1.26585,1.2657,1.26585,954
2025-11-26 06:39:00.105580,1.26583,1.26591,1.26581,1.26585,1919
2025-11-26 07:39:00.105580,1.26584,1.26594,1.26563,1.26579,1855
2025-11-26 08:39:00.105580,1.26619,1.2664,1.26618,1.26623,5599
2025-11-26 09:39:00.105580,1.26616,1.26631,1.26605,1.26609,4123
2025-11-26 10:39:00.105580,1.26616,1.26634,1.26605,1.26615,2081
2025-11-26 11:39:00.105580,1.2663,1.26636,1.26613,1.26628,1884
2025-11-26 12:39:00.105580,1.26599,1.26613,1.26591,1.26596,7649
2025-11-26 13:39:00.105580,1.26614,1.26617,1.26604,1.26606,2251
2025-11-26 14:39:00.105580,1.26628,1.26633,1.26602,1.26616,4688
2025-11-26 15:39:00.105580,1.26613,1.26625,1.26605,1.26623,12426
2025-11-26 16:39:00.105580,1.26623,1.26634,1.26611,1.26624,12317
2025-11-26 17:39:00.105580,1.26628,1.26639,1.2662,1.26636,5171
2025-11-26 18:39:00.105580,1.26636,1.26642,1.26629,1.2664,12059
2025-11-26 19:39:00.105580,1.2664,1.26652,1.26635,1.26635,4121
2025-11-26 20:39:00.105580,1.26618,1.26635,1.26607,1.26624,15846
2025-11-26 21:39:00.105580,1.26614,1.26615,1.26606,1.26614,1931
2025-11-26 22:39:00.105580,1.26636,1.26651,1.26633,1.26633,1035
2025-11-26 23:39:00.105580,1.26644,1.26655,1.26644,1.26646,9656
2025-11-27 00:39:00.105580,1.26668,1.26684,1.26662,1.26673,2500
2025-11-27 01:39:00.105580,1.26624,1.26628,1.26594,1.26612,4731
2025-11-27 02:39:00.105580,1.26625,1.26637,1.26618,1.26632,2391
2025-11-27 03:39:00.105580,1.26619,1.2663,1.26612,1.26616,3648
2025-11-27 04:39:00.105580,1.26589,1.26604,1.26581,1.26589,3534
2025-11-27 05:39:00.105580,1.26602,1.26605,1.26579,1.2659,1802
2025-11-27 06:39:00.105580,1.26589,1.26593,1.26573,1.26584,3051
2025-11-27 07:39:00.105580,1.26593,1.26616,1.26592,1.266,4521
2025-11-27 08:39:00.105580,1.26577,1.26604,1.26573,1.26588,10227
2025-11-27 09:39:00.105580,1.26562,1.26571,1.26544,1.2656,2093
2025-11-27 10:39:00.105580,1.26552,1.26552,1.2653,1.26539,1630
2025-11-27 11:39:00.105580,1.26533,1.26544,1.26533,1.26535,1232
2025-11-27 12:39:00.105580,1.26517,1.2652,1.26515,1.2652,2887
2025-11-27 13:39:00.105580,1.2651,1.26516,1.26485,1.2651,4891
2025-11-27 14:39:00.105580,1.2651,1.26525,1.26509,1.26521,5035
2025-11-27 15:39:00.105580,1.26479,1.26482,1.26449,1.2647,2242
2025-11-27 16:39:00.105580,1.26494,1.26507,1.26479,1.26495,4440
2025-11-27 17:39:00.105580,1.26498,1.2651,1.26485,1.265,7417
2025-11-27 18:39:00.105580,1.26484,1.26486,1.26473,1.26478,7601
2025-11-27 19:39:00.105580,1.26521,1.26534,1.26517,1.26525,6155
2025-11-27 20:39:00.105580,1.26525,1.26554,1.26508,1.26539,4255
2025-11-27 21:39:00.105580,1.26512,1.2652,1.26505,1.26516,4392
2025-11-27 22:39:00.105580,1.26497,1.26509,1.26491,1.26505,53587
2025-11-27 23:39:00.105580,1.26515,1.26533,1.26511,1.26523,1807
2025-11-28 00:39:00.105580,1.26531,1.26543,1.26519,1.26529,887
2025-11-28 01:39:00.105580,1.26512,1.26519,1.26504,1.26516,871
2025-11-28 02:39:00.105580,1.26531,1.26545,1.26516,1.26541,741
2025-11-28 03:39:00.105580,1.26551,1.26558,1.26542,1.26548,5159
2025-11-28 04:39:00.105580,1.26539,1.26541,1.26514,1.26528,6060
2025-11-28 05:39:00.105580,1.26529,1.26555,1.26522,1.26531,4805
2025-11-28 06:39:00.105580,1.26485,1.26493,1.26476,1.26485,2412
2025-11-28 07:39:00.105580,1.26483,1.26501,1.26471,1.26482,1617
2025-11-28 08:39:00.105580,1.26501,1.26506,1.265,1.26506,2030
2025-11-28 09:39:00.105580,1.265,1.26514,1.26498,1.265,1338
2025-11-28 10:39:00.105580,1.26508,1.26514,1.26496,1.26498,4212
2025-11-28 11:39:00.105580,1.26525,1.26531,1.26518,1.26521,3851
2025-11-28 12:39:00.105580,1.26513,1.26522,1.26504,1.26507,7271
2025-11-28 13:39:00.105580,1.26499,1.26516,1.26477,1.2649,970
2025-11-28 14:39:00.105580,1.26474,1.26479,1.26455,1.26468,4024
2025-11-28 15:39:00.105580,1.2647,1.26475,1.26464,1.26473,2567
2025-11-28 16:39:00.105580,1.26475,1.26485,1.26448,1.26458,39763
2025-11-28 17:39:00.105580,1.2649,1.26498,1.26454,1.26475,21872
2025-11-28 18:39:00.105580,1.26486,1.265,1.26478,1.2649,3447
2025-11-28 19:39:00.105580,1.26502,1.26507,1.26484,1.26504,22919
2025-11-28 20:39:00.105580,1.26499,1.2651,1.26491,1.26494,1733
2025-11-28 21:39:00.105580,1.26521,1.26545,1.26512,1.26516,6633
2025-11-28 22:39:00.105580,1.26542,1.26548,1.2654,1.26541,2409
2025-11-28 23:39:00.105580,1.2656,1.2657,1.26542,1.26549,2198
2025-11-29 00:39:00.105580,1.26587,1.26589,1.26583,1.26587,5221
2025-11-29 01:39:00.105580,1.26601,1.26607,1.26586,1.26593,4591
2025-11-29 02:39:00.105580,1.26604,1.26606,1.26576,1.26594,1927
2025-11-29 03:39:00.105580,1.26607,1.26618,1.26596,1.2661,9048
2025-11-29 04:39:00.105580,1.26628,1.26637,1.26611,1.26631,3940
2025-11-29 05:39:00.105580,1.26625,1.26645,1.26622,1.26628,946
2025-11-29 06:39:00.105580,1.26622,1.26627,1.26605,1.26617,5857
2025-11-29 07:39:00.105580,1.26614,1.26625,1.2661,1.26623,488
2025-11-29 08:39:00.105580,1.26607,1.26629,1.266,1.26612,4072
2025-11-29 09:39:00.105580,1.26632,1.26653,1.2663,1.26635,5228
2025-11-29 10:39:00.105580,1.26646,1.26662,1.26631,1.26647,2342
2025-11-29 11:39:00.105580,1.26619,1.2663,1.26614,1.26627,2886
2025-11-29 12:39:00.105580,1.26607,1.26625,1.26604,1.26606,2383
2025-11-29 13:39:00.105580,1.26622,1.2664,1.26616,1.26622,1738
2025-11-29 14:39:00.105580,1.26635,1.26636,1.26624,1.26631,10006
2025-11-29 15:39:00.105580,1.26669,1.26679,1.26658,1.26662,7731
2025-11-29 16:39:00.105580,1.26632,1.26638,1.26617,1.26623,11397
2025-11-29 17:39:00.105580,1.26631,1.26645,1.26618,1.26635,4201
2025-11-29 18:39:00.105580,1.26635,1.26648,1.26608,1.26627,3717
2025-11-29 19:39:00.105580,1.26642,1.2665,1.26639,1.26639,3624
2025-11-29 20:39:00.105580,1.26635,1.26646,1.26624,1.26634,2861
2025-11-29 21:39:00.105580,1.26628,1.26636,1.26614,1.2662,750
2025-11-29 22:39:00.105580,1.2662,1.26634,1.26617,1.26627,3462
2025-11-29 23:39:00.105580,1.26647,1.26656,1.26646,1.26651,2122
2025-11-30 00:39:00.105580,1.26631,1.26635,1.26612,1.26634,3335
2025-11-30 01:39:00.105580,1.26616,1.26621,1.26608,1.26609,5900
2025-11-30 02:39:00.105580,1.2662,1.26634,1.2661,1.2663,892
2025-11-30 03:39:00.105580,1.26625,1.2665,1.26619,1.26627,583
2025-11-30 04:39:00.105580,1.26605,1.26612,1.26591,1.266,1529
2025-11-30 05:39:00.105580,1.2661,1.2662,1.26599,1.26613,3173
2025-11-30 06:39:00.105580,1.26624,1.26635,1.26608,1.2661,2347
2025-11-30 07:39:00.105580,1.26605,1.26612,1.26605,1.26612,2523
2025-11-30 08:39:00.105580,1.26613,1.26614,1.26599,1.26611,4181
2025-11-30 09:39:00.105580,1.266,1.266,1.26586,1.26599,1842
2025-11-30 10:39:00.105580,1.26617,1.26642,1.2661,1.2663,8113
2025-11-30 11:39:00.105580,1.266,1.26622,1.26589,1.26608,5584
2025-11-30 12:39:00.105580,1.26594,1.26624,1.26591,1.26611,645
2025-11-30 13:39:00.105580,1.26593,1.26598,1.26589,1.26594,2263
2025-11-30 14:39:00.105580,1.26585,1.26596,1.26565,1.26586,15045
2025-11-30 15:39:00.105580,1.26572,1.26577,1.26565,1.26576,4397
2025-11-30 16:39:00.105580,1.26567,1.26588,1.26565,1.26579,11236
2025-11-30 17:39:00.105580,1.2655,1.26558,1.2654,1.26554,8114
2025-11-30 18:39:00.105580,1.26533,1.26541,1.2653,1.26539,3460
2025-11-30 19:39:00.105580,1.26531,1.26548,1.26517,1.26526,2527
2025-11-30 20:39:00.105580,1.26526,1.26542,1.2652,1.26522,6510
2025-11-30 21:39:00.105580,1.26526,1.26544,1.2652,1.26528,2494
2025-11-30 22:39:00.105580,1.26546,1.26558,1.26531,1.26545,4357
2025-11-30 23:39:00.105580,1.26553,1.26563,1.26551,1.26562,7653
2025-12-01 00:39:00.105580,1.26575,1.26586,1.26564,1.26578,1766
2025-12-01 01:39:00.105580,1.26593,1.26602,1.2659,1.26591,2848
2025-12-01 02:39:00.105580,1.266,1.26613,1.26596,1.26605,6141
2025-12-01 03:39:00.105580,1.26625,1.26629,1.26609,1.26618,4724
2025-12-01 04:39:00.105580,1.26603,1.26613,1.2658,1.2661,5057
2025-12-01 05:39:00.105580,1.26584,1.26596,1.26574,1.2659,940
2025-12-01 06:39:00.105580,1.26596,1.26602,1.26592,1.26598,3026
2025-12-01 07:39:00.105580,1.26604,1.26617,1.26603,1.26613,1082
2025-12-01 08:39:00.105580,1.26564,1.26572,1.26551,1.26551,4644
2025-12-01 09:39:00.105580,1.2653,1.26532,1.26512,1.26523,4474
2025-12-01 10:39:00.105580,1.26508,1.26511,1.26496,1.26509,7371
2025-12-01 11:39:00.105580,1.26504,1.26514,1.26484,1.26495,3886
2025-12-01 12:39:00.105580,1.26498,1.26498,1.26486,1.26496,9995
2025-12-01 13:39:00.105580,1.26449,1.26457,1.26444,1.26455,2812
2025-12-01 14:39:00.105580,1.26489,1.26503,1.26477,1.26487,8897
2025-12-01 15:39:00.105580,1.26486,1.26505,1.26483,1.26488,3348
2025-12-01 16:39:00.105580,1.2645,1.26453,1.2644,1.26447,6664
2025-12-01 17:39:00.105580,1.26456,1.26462,1.26443,1.26456,24466
2025-12-01 18:39:00.105580,1.26455,1.2647,1.26447,1.26464,23692
2025-12-01 19:39:00.105580,1.26434,1.26446,1.2643,1.2644,8855
2025-12-01 20:39:00.105580,1.2645,1.26453,1.26431,1.26443,1247
2025-12-01 21:39:00.105580,1.26448,1.2645,1.26435,1.26439,1006
2025-12-01 22:39:00.105580,1.26449,1.26461,1.26447,1.26448,6318
2025-12-01 23:39:00.105580,1.26442,1.26451,1.26429,1.26438,4005
2025-12-02 00:39:00.105580,1.26423,1.26432,1.26399,1.26415,995
2025-12-02 01:39:00.105580,1.26416,1.26428,1.26416,1.26423,2641
2025-12-02 02:39:00.105580,1.26412,1.26428,1.26396,1.26397,1168
2025-12-02 03:39:00.105580,1.26441,1.26465,1.26435,1.26448,693
2025-12-02 04:39:00.105580,1.26426,1.26437,1.26404,1.26424,714
2025-12-02 05:39:00.105580,1.26453,1.26471,1.26435,1.26452,2876
2025-12-02 06:39:00.105580,1.26438,1.26454,1.26436,1.26439,2487
2025-12-02 07:39:00.105580,1.26416,1.26422,1.2641,1.26417,1757
2025-12-02 08:39:00.105580,1.26401,1.2641,1.264,1.26407,1458
2025-12-02 09:39:00.105580,1.26404,1.26421,1.26393,1.26414,5146
2025-12-02 10:39:00.105580,1.26403,1.26415,1.26391,1.26393,13013
2025-12-02 11:39:00.105580,1.26439,1.26446,1.26419,1.26437,2996
2025-12-02 12:39:00.105580,1.26453,1.26457,1.26439,1.26444,2756
2025-12-02 13:39:00.105580,1.26452,1.26467,1.26443,1.26458,12749
2025-12-02 14:39:00.105580,1.2646,1.2647,1.26438,1.26467,7123
2025-12-02 15:39:00.105580,1.26461,1.26471,1.26454,1.2646,14086
2025-12-02 16:39:00.105580,1.26476,1.26481,1.26465,1.26467,4031
2025-12-02 17:39:00.105580,1.26471,1.26492,1.26468,1.26475,4417
2025-12-02 18:39:00.105580,1.26503,1.26517,1.26502,1.26508,4202
2025-12-02 19:39:00.105580,1.26513,1.26521,1.26485,1.26497,9278
2025-12-02 20:39:00.105580,1.26555,1.26558,1.26554,1.26554,2674
2025-12-02 21:39:00.105580,1.26542,1.26566,1.26525,1.26553,5149
2025-12-02 22:39:00.105580,1.26541,1.26558,1.26534,1.26541,1484
2025-12-02 23:39:00.105580,1.26536,1.26541,1.26524,1.26532,2632
2025-12-03 00:39:00.105580,1.26523,1.26528,1.26495,1.26511,989
2025-12-03 01:39:00.105580,1.26529,1.2655,1.26525,1.26537,2601
2025-12-03 02:39:00.105580,1.26548,1.26556,1.2654,1.26544,621
2025-12-03 03:39:00.105580,1.26525,1.26527,1.26515,1.26527,7319
2025-12-03 04:39:00.105580,1.26503,1.26515,1.26498,1.26507,2084
2025-12-03 05:39:00.105580,1.26488,1.26494,1.26471,1.26492,1772
2025-12-03 06:39:00.105580,1.26483,1.26489,1.26466,1.26479,4371
2025-12-03 07:39:00.105580,1.26482,1.26489,1.26466,1.26473,3055
2025-12-03 08:39:00.105580,1.26485,1.26493,1.26472,1.26491,2182
2025-12-03 09:39:00.105580,1.26514,1.26534,1.26497,1.26509,4883
2025-12-03 10:39:00.105580,1.26531,1.26546,1.26515,1.26523,5463
2025-12-03 11:39:00.105580,1.26539,1.2656,1.26519,1.26533,3123
2025-12-03 12:39:00.105580,1.26524,1.26534,1.26523,1.26531,895
2025-12-03 13:39:00.105580,1.26495,1.26506,1.26494,1.26504,11063
2025-12-03 14:39:00.105580,1.26503,1.26524,1.26501,1.26512,2003
2025-12-03 15:39:00.105580,1.26508,1.2653,1.26488,1.26516,4572
2025-12-03 16:39:00.105580,1.26491,1.26504,1.26471,1.26484,6003
2025-12-03 17:39:00.105580,1.26516,1.26529,1.26512,1.26516,1796
2025-12-03 18:39:00.105580,1.26537,1.26542,1.26533,1.26541,1914
2025-12-03 19:39:00.105580,1.26586,1.26591,1.26581,1.26584,6132
2025-12-03 20:39:00.105580,1.26591,1.26602,1.26572,1.26597,11856
2025-12-03 21:39:00.105580,1.26577,1.26589,1.2657,1.2657,3796
2025-12-03 22:39:00.105580,1.26576,1.26582,1.26568,1.26572,9257
2025-12-03 23:39:00.105580,1.26553,1.26563,1.26543,1.26553,2438
2025-12-04 00:39:00.105580,1.26559,1.26566,1.26558,1.26561,1064
2025-12-04 01:39:00.105580,1.26569,1.26577,1.26554,1.26566,1437
2025-12-04 02:39:00.105580,1.2656,1.26573,1.26558,1.26564,1501
2025-12-04 03:39:00.105580,1.26579,1.26585,1.26556,1.2657,16243
2025-12-04 04:39:00.105580,1.26542,1.26545,1.26532,1.26545,464
2025-12-04 05:39:00.105580,1.26559,1.26585,1.26546,1.26561,5097
2025-12-04 06:39:00.105580,1.26532,1.26538,1.26507,1.26534,3840
2025-12-04 07:39:00.105580,1.26517,1.26525,1.2651,1.26513,1568
2025-12-04 08:39:00.105580,1.26518,1.26518,1.26507,1.26513,4845
2025-12-04 09:39:00.105580,1.26522,1.26524,1.265,1.26511,2676
2025-12-04 10:39:00.105580,1.26533,1.26551,1.26525,1.26534,7048
2025-12-04 11:39:00.105580,1.26545,1.26563,1.26522,1.26534,3010
2025-12-04 12:39:00.105580,1.26543,1.26545,1.26523,1.26538,901
2025-12-04 13:39:00.105580,1.26541,1.26543,1.26537,1.26538,2734
2025-12-04 14:39:00.105580,1.26571,1.26596,1.26559,1.2658,6599
2025-12-04 15:39:00.105580,1.26591,1.26604,1.26582,1.26583,1924
2025-12-04 16:39:00.105580,1.26562,1.26569,1.26552,1.26561,998
2025-12-04 17:39:00.105580,1.26547,1.26561,1.26546,1.26548,3562
2025-12-04 18:39:00.105580,1.26517,1.26518,1.26513,1.26515,2997
2025-12-04 19:39:00.105580,1.26515,1.26543,1.26513,1.26524,10475
2025-12-04 20:39:00.105580,1.26537,1.26551,1.26529,1.26541,2397
2025-12-04 21:39:00.105580,1.2653,1.26542,1.26527,1.26534,3682
2025-12-04 22:39:00.105580,1.26529,1.2655,1.26521,1.26546,926
2025-12-04 23:39:00.105580,1.26493,1.26494,1.26468,1.26491,1683
2025-12-05 00:39:00.105580,1.26507,1.26515,1.26497,1.26509,599
2025-12-05 01:39:00.105580,1.26536,1.2655,1.26526,1.26541,596
2025-12-05 02:39:00.105580,1.26543,1.26552,1.26528,1.26545,1498
2025-12-05 03:39:00.105580,1.26558,1.26567,1.26546,1.26551,829
2025-12-05 04:39:00.105580,1.26557,1.26561,1.26551,1.26552,4667
2025-12-05 05:39:00.105580,1.26559,1.26565,1.26557,1.26564,505
2025-12-05 06:39:00.105580,1.26547,1.26561,1.26531,1.26556,2441
2025-12-05 07:39:00.105580,1.26555,1.26576,1.2654,1.2657,1276
2025-12-05 08:39:00.105580,1.26533,1.26542,1.26528,1.26532,1498
2025-12-05 09:39:00.105580,1.26523,1.26525,1.26512,1.26523,21113
2025-12-05 10:39:00.105580,1.26549,1.26558,1.26533,1.2655,4691
2025-12-05 11:39:00.105580,1.26532,1.2654,1.26528,1.2653,1720
2025-12-05 12:39:00.105580,1.26546,1.26563,1.26543,1.26558,5100
2025-12-05 13:39:00.105580,1.26518,1.26536,1.26516,1.26521,3119
2025-12-05 14:39:00.105580,1.26518,1.26529,1.26511,1.26521,16911
2025-12-05 15:39:00.105580,1.26496,1.26539,1.26484,1.26505,4215
2025-12-05 16:39:00.105580,1.26515,1.26526,1.265,1.2651,3114
2025-12-05 17:39:00.105580,1.26486,1.265,1.26467,1.26478,6950
2025-12-05 18:39:00.105580,1.26518,1.26524,1.26517,1.26518,1886
2025-12-05 19:39:00.105580,1.26528,1.26542,1.26522,1.26532,2111
2025-12-05 20:39:00.105580,1.26532,1.26536,1.2652,1.26527,6176
2025-12-05 21:39:00.105580,1.26529,1.26548,1.2651,1.26529,1298
2025-12-05 22:39:00.105580,1.26548,1.26566,1.26533,1.2654,5167
2025-12-05 23:39:00.105580,1.26568,1.26571,1.26546,1.26563,1576
2025-12-06 00:39:00.105580,1.26582,1.26589,1.26562,1.26579,1449
2025-12-06 01:39:00.105580,1.2658,1.26592,1.26558,1.26587,5806
2025-12-06 02:39:00.105580,1.26566,1.2658,1.26548,1.26571,6997
2025-12-06 03:39:00.105580,1.26528,1.26533,1.26515,1.26523,4450
2025-12-06 04:39:00.105580,1.26528,1.26533,1.26526,1.26526,1933
2025-12-06 05:39:00.105580,1.26556,1.26575,1.26534,1.26549,2901
2025-12-06 06:39:00.105580,1.26569,1.26583,1.26554,1.26571,1869
2025-12-06 07:39:00.105580,1.26569,1.26591,1.26569,1.26573,889
2025-12-06 08:39:00.105580,1.26564,1.26578,1.26557,1.26561,10477
2025-12-06 09:39:00.105580,1.26559,1.26575,1.26547,1.26558,1079
2025-12-06 10:39:00.105580,1.26524,1.26526,1.26511,1.26513,6268
2025-12-06 11:39:00.105580,1.26529,1.26547,1.26527,1.26528,10231
2025-12-06 12:39:00.105580,1.26551,1.2657,1.26549,1.26557,24443
2025-12-06 13:39:00.105580,1.26544,1.26551,1.26539,1.2654,3073
2025-12-06 14:39:00.105580,1.26528,1.26533,1.26508,1.26523,4008
2025-12-06 15:39:00.105580,1.26513,1.26529,1.26481,1.26503,3739
2025-12-06 16:39:00.105580,1.26536,1.26547,1.26533,1.26539,17244
2025-12-06 17:39:00.105580,1.26548,1.26553,1.26529,1.26543,27067
2025-12-06 18:39:00.105580,1.26548,1.26554,1.26544,1.2655,3567
2025-12-06 19:39:00.105580,1.2655,1.26575,1.26545,1.26546,4797
2025-12-06 20:39:00.105580,1.26539,1.26548,1.26531,1.26543,5332
2025-12-06 21:39:00.105580,1.26561,1.26562,1.2653,1.26549,7307
2025-12-06 22:39:00.105580,1.26562,1.26576,1.26555,1.26566,3259
2025-12-06 23:39:00.105580,1.26571,1.26592,1.26561,1.26564,1579
2025-12-07 00:39:00.105580,1.26596,1.26604,1.26589,1.26604,8791
2025-12-07 01:39:00.105580,1.26611,1.26653,1.26606,1.26615,689
2025-12-07 02:39:00.105580,1.26604,1.26605,1.26594,1.26598,2571
2025-12-07 03:39:00.105580,1.26588,1.26603,1.26582,1.26596,2451
2025-12-07 04:39:00.105580,1.26593,1.26606,1.2659,1.26603,454
2025-12-07 05:39:00.105580,1.26568,1.26576,1.26537,1.26575,1508
2025-12-07 06:39:00.105580,1.26604,1.2661,1.26592,1.26604,2779
2025-12-07 07:39:00.105580,1.26605,1.26608,1.26593,1.26605,1012
2025-12-07 08:39:00.105580,1.26602,1.26619,1.26594,1.26604,3526
2025-12-07 09:39:00.105580,1.26609,1.26631,1.26603,1.26626,8497
2025-12-07 10:39:00.105580,1.266,1.26617,1.26582,1.26596,1850
2025-12-07 11:39:00.105580,1.26594,1.26617,1.26572,1.26612,1495
2025-12-07 12:39:00.105580,1.26594,1.26607,1.26585,1.26601,9700
2025-12-07 13:39:00.105580,1.26629,1.26643,1.26625,1.26626,5344
2025-12-07 14:39:00.105580,1.2663,1.26633,1.26623,1.26627,2159
2025-12-07 15:39:00.105580,1.26645,1.26651,1.26638,1.26648,8394
2025-12-07 16:39:00.105580,1.26652,1.26657,1.26646,1.26647,16110
2025-12-07 17:39:00.105580,1.26631,1.26638,1.26628,1.26632,5039
2025-12-07 18:39:00.105580,1.26642,1.26645,1.26639,1.26642,15674
2025-12-07 19:39:00.105580,1.26643,1.26661,1.26612,1.26641,4129
2025-12-07 20:39:00.105580,1.26626,1.2665,1.26617,1.26636,4579
2025-12-07 21:39:00.105580,1.26622,1.26637,1.26601,1.26624,1508
2025-12-07 22:39:00.105580,1.26622,1.26623,1.26619,1.2662,1762
2025-12-07 23:39:00.105580,1.26644,1.26664,1.26641,1.26654,2165
2025-12-08 00:39:00.105580,1.2666,1.26673,1.26644,1.26668,2280
2025-12-08 01:39:00.105580,1.26714,1.26724,1.26713,1.26722,5561
2025-12-08 02:39:00.105580,1.26711,1.26743,1.26702,1.26727,3343
2025-12-08 03:39:00.105580,1.26721,1.26724,1.26708,1.26718,2818
2025-12-08 04:39:00.105580,1.26726,1.26749,1.26725,1.26729,2908
2025-12-08 05:39:00.105580,1.26745,1.26749,1.26731,1.26745,1121
2025-12-08 06:39:00.105580,1.26731,1.26738,1.26727,1.26738,1347
2025-12-08 07:39:00.105580,1.26724,1.26748,1.26715,1.26724,8863
2025-12-08 08:39:00.105580,1.26734,1.26744,1.26722,1.26726,14538
2025-12-08 09:39:00.105580,1.26734,1.26746,1.26731,1.26734,1961
2025-12-08 10:39:00.105580,1.26738,1.26741,1.26723,1.26733,2399
2025-12-08 11:39:00.105580,1.26754,1.26757,1.2674,1.26755,6139
2025-12-08 12:39:00.105580,1.26754,1.26761,1.26743,1.26751,2892
2025-12-08 13:39:00.105580,1.26793,1.26806,1.26779,1.26797,2359
2025-12-08 14:39:00.105580,1.26799,1.26804,1.26789,1.26802,9193
2025-12-08 15:39:00.105580,1.26786,1.26804,1.26752,1.26782,2220
2025-12-08 16:39:00.105580,1.26789,1.26812,1.26782,1.26799,3976
2025-12-08 17:39:00.105580,1.26792,1.26806,1.26779,1.26788,11762
2025-12-08 18:39:00.105580,1.26818,1.26824,1.26804,1.26821,5815
2025-12-08 19:39:00.105580,1.26815,1.26824,1.26796,1.26798,1829
2025-12-08 20:39:00.105580,1.26801,1.26832,1.26796,1.26813,8365
2025-12-08 21:39:00.105580,1.26802,1.26802,1.26776,1.26793,305
2025-12-08 22:39:00.105580,1.2682,1.26826,1.26806,1.26812,3146
2025-12-08 23:39:00.105580,1.2682,1.26831,1.26814,1.2682,1416
2025-12-09 00:39:00.105580,1.26805,1.26811,1.26796,1.26796,1319
2025-12-09 01:39:00.105580,1.26796,1.26803,1.26788,1.26794,717
2025-12-09 02:39:00.105580,1.2678,1.26786,1.26776,1.26784,3442
2025-12-09 03:39:00.105580,1.26768,1.26771,1.26743,1.26771,746
2025-12-09 04:39:00.105580,1.26777,1.26787,1.26771,1.26772,3826
2025-12-09 05:39:00.105580,1.2681,1.26825,1.26799,1.26811,6107
2025-12-09 06:39:00.105580,1.26798,1.26819,1.26792,1.26807,2016
2025-12-09 07:39:00.105580,1.26754,1.26774,1.26739,1.2675,3676
2025-12-09 08:39:00.105580,1.26734,1.26742,1.26726,1.2674,9524
2025-12-09 09:39:00.105580,1.26693,1.26702,1.26689,1.26694,6601
2025-12-09 10:39:00.105580,1.26683,1.26697,1.26669,1.26688,2973
2025-12-09 11:39:00.105580,1.26698,1.26705,1.26682,1.26684,6311
2025-12-09 12:39:00.105580,1.26669,1.26683,1.26646,1.26658,8309
2025-12-09 13:39:00.105580,1.26685,1.26688,1.26683,1.26686,2683
2025-12-09 14:39:00.105580,1.26692,1.26701,1.26679,1.26701,3288
2025-12-09 15:39:00.105580,1.26654,1.26665,1.26648,1.26655,2908
2025-12-09 16:39:00.105580,1.26643,1.26652,1.26629,1.26643,8039
2025-12-09 17:39:00.105580,1.26626,1.26629,1.26602,1.26622,4585
2025-12-09 18:39:00.105580,1.26609,1.26622,1.26597,1.26615,1225
2025-12-09 19:39:00.105580,1.26636,1.26653,1.26619,1.26642,12194
2025-12-09 20:39:00.105580,1.26626,1.26634,1.26598,1.26619,1422
2025-12-09 21:39:00.105580,1.26643,1.26648,1.26632,1.26634,1458
2025-12-09 22:39:00.105580,1.26621,1.26636,1.2661,1.26612,4760
2025-12-09 23:39:00.105580,1.26633,1.26636,1.26623,1.26632,1343
2025-12-10 00:39:00.105580,1.26653,1.26662,1.26637,1.26655,9913
2025-12-10 01:39:00.105580,1.26645,1.26657,1.26617,1.26646,7223
2025-12-10 02:39:00.105580,1.26649,1.26651,1.26639,1.26643,1845
2025-12-10 03:39:00.105580,1.26612,1.26629,1.26608,1.26613,874
2025-12-10 04:39:00.105580,1.26621,1.2664,1.26602,1.26634,4163
2025-12-10 05:39:00.105580,1.26629,1.26635,1.26609,1.26619,2099
2025-12-10 06:39:00.105580,1.26623,1.2664,1.26614,1.26623,12179
2025-12-10 07:39:00.105580,1.26628,1.26632,1.2661,1.2663,1519
2025-12-10 08:39:00.105580,1.26636,1.26646,1.26631,1.26635,2460
2025-12-10 09:39:00.105580,1.26638,1.26648,1.26612,1.26622,5076
2025-12-10 10:39:00.105580,1.26638,1.2666,1.26623,1.26634,13711
2025-12-10 11:39:00.105580,1.26642,1.26652,1.26634,1.26643,758
2025-12-10 12:39:00.105580,1.26631,1.26633,1.26619,1.26631,6458
2025-12-10 13:39:00.105580,1.26627,1.26667,1.26622,1.26639,1650
2025-12-10 14:39:00.105580,1.26621,1.26625,1.26615,1.26622,7762
2025-12-10 15:39:00.105580,1.26641,1.2668,1.26633,1.26653,1041
2025-12-10 16:39:00.105580,1.26636,1.26657,1.26628,1.2664,19396
2025-12-10 17:39:00.105580,1.26607,1.26613,1.26604,1.26605,4118
2025-12-10 18:39:00.105580,1.26606,1.26621,1.26595,1.26611,8072
2025-12-10 19:39:00.105580,1.26605,1.26615,1.26585,1.26607,6350
2025-12-10 20:39:00.105580,1.26575,1.26578,1.26574,1.26575,7580
2025-12-10 21:39:00.105580,1.26555,1.26567,1.26546,1.26551,3362
2025-12-10 22:39:00.105580,1.26555,1.26563,1.26548,1.2655,1628
2025-12-10 23:39:00.105580,1.26539,1.26546,1.26533,1.26539,4401
2025-12-11 00:39:00.105580,1.26527,1.26538,1.26514,1.26528,3763
2025-12-11 01:39:00.105580,1.26536,1.26547,1.26526,1.26531,9959
2025-12-11 02:39:00.105580,1.26539,1.26563,1.26538,1.26541,1696
2025-12-11 03:39:00.105580,1.26563,1.26564,1.26554,1.26562,832
2025-12-11 04:39:00.105580,1.26583,1.26597,1.26558,1.26586,1474
2025-12-11 05:39:00.105580,1.2659,1.26598,1.26576,1.26587,4005
2025-12-11 06:39:00.105580,1.26573,1.26583,1.26557,1.26567,2835
2025-12-11 07:39:00.105580,1.26585,1.266,1.26566,1.26591,1036
2025-12-11 08:39:00.105580,1.26574,1.26601,1.2657,1.26579,27615
2025-12-11 09:39:00.105580,1.26555,1.26576,1.26553,1.26561,8925
2025-12-11 10:39:00.105580,1.26549,1.26556,1.2652,1.26532,6152
2025-12-11 11:39:00.105580,1.26559,1.26561,1.26556,1.26559,1745
2025-12-11 12:39:00.105580,1.26538,1.26542,1.26532,1.26533,2864
2025-12-11 13:39:00.105580,1.26568,1.26576,1.26558,1.26562,2904
2025-12-11 14:39:00.105580,1.26604,1.26613,1.26604,1.26608,9754
2025-12-11 15:39:00.105580,1.2661,1.26622,1.26604,1.26605,1502
2025-12-11 16:39:00.105580,1.26603,1.26606,1.26576,1.26601,8203
2025-12-11 17:39:00.105580,1.26612,1.26624,1.26608,1.26611,9665
2025-12-11 18:39:00.105580,1.26608,1.26618,1.26608,1.26616,1523
2025-12-11 19:39:00.105580,1.26607,1.26618,1.26597,1.26616,9696
2025-12-11 20:39:00.105580,1.26598,1.26602,1.26573,1.26582,3780
2025-12-11 21:39:00.105580,1.26592,1.26596,1.26566,1.26587,5283
2025-12-11 22:39:00.105580,1.26607,1.2661,1.26603,1.26606,3014
2025-12-11 23:39:00.105580,1.26564,1.2657,1.2655,1.26569,4724
2025-12-12 00:39:00.105580,1.26549,1.26555,1.26538,1.26553,2138
2025-12-12 01:39:00.105580,1.26592,1.26615,1.26586,1.266,1147
2025-12-12 02:39:00.105580,1.26572,1.26585,1.26556,1.26571,1525
2025-12-12 03:39:00.105580,1.26569,1.26578,1.26558,1.26567,2820
2025-12-12 04:39:00.105580,1.26587,1.26594,1.26581,1.26582,1023
2025-12-12 05:39:00.105580,1.26596,1.266,1.26581,1.26591,1413
2025-12-12 06:39:00.105580,1.26613,1.26634,1.266,1.26617,2773
2025-12-12 07:39:00.105580,1.26577,1.26584,1.26564,1.26583,12117
2025-12-12 08:39:00.105580,1.26578,1.26583,1.26568,1.26581,8770
2025-12-12 09:39:00.105580,1.26559,1.26559,1.26537,1.26541,6141
2025-12-12 10:39:00.105580,1.26545,1.26546,1.26535,1.26544,8047
2025-12-12 11:39:00.105580,1.26545,1.26566,1.2653,1.26557,4543
2025-12-12 12:39:00.105580,1.26563,1.26575,1.2655,1.26563,2907
2025-12-12 13:39:00.105580,1.26547,1.26561,1.26529,1.26532,3086
2025-12-12 14:39:00.105580,1.26554,1.26566,1.2654,1.26544,1843
2025-12-12 15:39:00.105580,1.26532,1.26554,1.26529,1.26533,2072
2025-12-12 16:39:00.105580,1.26555,1.26571,1.26538,1.26558,16492
2025-12-12 17:39:00.105580,1.26551,1.2656,1.26546,1.2655,4235
2025-12-12 18:39:00.105580,1.26567,1.26581,1.26556,1.2657,12046
2025-12-12 19:39:00.105580,1.26537,1.26547,1.26526,1.26542,5888
2025-12-12 20:39:00.105580,1.26556,1.26567,1.26537,1.26548,8316
2025-12-12 21:39:00.105580,1.26556,1.26562,1.26554,1.26555,7072
2025-12-12 22:39:00.105580,1.26545,1.26549,1.26528,1.26536,2890
2025-12-12 23:39:00.105580,1.26543,1.26561,1.26527,1.26538,11050
2025-12-13 00:39:00.105580,1.26561,1.26565,1.26559,1.26563,2002
2025-12-13 01:39:00.105580,1.26584,1.26589,1.2658,1.26581,817
2025-12-13 02:39:00.105580,1.26566,1.26593,1.26562,1.26568,675
2025-12-13 03:39:00.105580,1.26569,1.26581,1.26568,1.26568,3314
2025-12-13 04:39:00.105580,1.26557,1.26584,1.26547,1.26568,2317
2025-12-13 05:39:00.105580,1.26547,1.26555,1.26542,1.26544,3704
2025-12-13 06:39:00.105580,1.26563,1.2657,1.26546,1.26556,6847
2025-12-13 07:39:00.105580,1.26555,1.26584,1.26552,1.26555,2141
2025-12-13 08:39:00.105580,1.26559,1.26562,1.26552,1.26557,8747
2025-12-13 09:39:00.105580,1.26548,1.26561,1.26524,1.2654,2153
2025-12-13 10:39:00.105580,1.26552,1.26556,1.26533,1.26545,3015
2025-12-13 11:39:00.105580,1.26544,1.26559,1.26523,1.26552,5126
2025-12-13 12:39:00.105580,1.26546,1.26547,1.2654,1.26542,4008
2025-12-13 13:39:00.105580,1.26553,1.26562,1.2655,1.26553,1448
2025-12-13 14:39:00.105580,1.26536,1.26538,1.26508,1.26531,8272
2025-12-13 15:39:00.105580,1.26555,1.26562,1.26527,1.2654,3234
2025-12-13 16:39:00.105580,1.26523,1.2655,1.26522,1.26527,1098
2025-12-13 17:39:00.105580,1.26508,1.26517,1.26507,1.26515,8383
2025-12-13 18:39:00.105580,1.26544,1.26544,1.26523,1.26528,14260
2025-12-13 19:39:00.105580,1.26536,1.26558,1.26523,1.26541,7687
2025-12-13 20:39:00.105580,1.26495,1.26496,1.26473,1.26484,2031
2025-12-13 21:39:00.105580,1.26495,1.2652,1.26487,1.26505,1402
2025-12-13 22:39:00.105580,1.2646,1.26475,1.26448,1.2647,4256
2025-12-13 23:39:00.105580,1.26439,1.2645,1.26436,1.26444,3654
2025-12-14 00:39:00.105580,1.26437,1.26455,1.26421,1.26433,4962
2025-12-14 01:39:00.105580,1.26432,1.26443,1.26419,1.26438,3463
2025-12-14 02:39:00.105580,1.26445,1.26459,1.26437,1.26446,3240
2025-12-14 03:39:00.105580,1.26449,1.2645,1.26432,1.26437,2553
2025-12-14 04:39:00.105580,1.26468,1.2647,1.2646,1.26465,1476
2025-12-14 05:39:00.105580,1.26458,1.26474,1.26449,1.26458,3526
2025-12-14 06:39:00.105580,1.26471,1.26484,1.26452,1.26462,1683
2025-12-14 07:39:00.105580,1.26466,1.265,1.26456,1.26487,3790
2025-12-14 08:39:00.105580,1.26461,1.2647,1.2645,1.26462,9910
2025-12-14 09:39:00.105580,1.26441,1.26442,1.26427,1.26436,2457
2025-12-14 10:39:00.105580,1.26436,1.2644,1.26408,1.26435,4532
2025-12-14 11:39:00.105580,1.26457,1.26471,1.26421,1.26451,3354
2025-12-14 12:39:00.105580,1.26452,1.26454,1.26438,1.2644,21645
2025-12-14 13:39:00.105580,1.2644,1.26461,1.26434,1.26452,7690
2025-12-14 14:39:00.105580,1.26454,1.26458,1.26437,1.26455,10455
2025-12-14 15:39:00.105580,1.26424,1.26426,1.26418,1.26425,2369
2025-12-14 16:39:00.105580,1.26443,1.26464,1.26435,1.26446,2308
2025-12-14 17:39:00.105580,1.26464,1.26483,1.2644,1.26449,3011
2025-12-14 18:39:00.105580,1.26497,1.26524,1.26481,1.26505,2497
2025-12-14 19:39:00.105580,1.26479,1.26489,1.26456,1.26473,2261
2025-12-14 20:39:00.105580,1.26473,1.26491,1.2647,1.26484,1940
2025-12-14 21:39:00.105580,1.26486,1.26488,1.26482,1.26486,4056
2025-12-14 22:39:00.105580,1.26482,1.26491,1.2647,1.26475,8722
2025-12-14 23:39:00.105580,1.26508,1.26514,1.265,1.26508,5792
2025-12-15 00:39:00.105580,1.26537,1.26545,1.26523,1.2653,9761
2025-12-15 01:39:00.105580,1.26506,1.26515,1.26503,1.2651,725
2025-12-15 02:39:00.105580,1.26534,1.26553,1.26526,1.26548,508
2025-12-15 03:39:00.105580,1.26533,1.26543,1.2652,1.26539,972
2025-12-15 04:39:00.105580,1.26576,1.26589,1.26566,1.26567,1531
2025-12-15 05:39:00.105580,1.26585,1.26605,1.26584,1.26588,346
2025-12-15 06:39:00.105580,1.26575,1.26588,1.26573,1.26573,7092
2025-12-15 07:39:00.105580,1.26563,1.26585,1.26562,1.26566,2646
2025-12-15 08:39:00.105580,1.26575,1.26601,1.26565,1.26583,6360
2025-12-15 09:39:00.105580,1.2658,1.26587,1.26565,1.26585,4622
2025-12-15 10:39:00.105580,1.2658,1.26595,1.26567,1.26583,9994
2025-12-15 11:39:00.105580,1.26617,1.26631,1.26604,1.26607,2398
2025-12-15 12:39:00.105580,1.26638,1.26646,1.26618,1.26646,2260
2025-12-15 13:39:00.105580,1.26647,1.2665,1.26627,1.26635,2129
2025-12-15 14:39:00.105580,1.26693,1.26695,1.26668,1.26683,5714
2025-12-15 15:39:00.105580,1.26714,1.2672,1.26698,1.26712,12632
2025-12-15 16:39:00.105580,1.26708,1.26716,1.26697,1.26707,2125
2025-12-15 17:39:00.105580,1.2672,1.26741,1.26705,1.26726,25822
2025-12-15 18:39:00.105580,1.26714,1.26744,1.2671,1.26722,5823
2025-12-15 19:39:00.105580,1.26732,1.26736,1.26724,1.26736,2619
2025-12-15 20:39:00.105580,1.26737,1.26749,1.26725,1.26738,7351
2025-12-15 21:39:00.105580,1.26726,1.26736,1.26721,1.26725,1872
2025-12-15 22:39:00.105580,1.26728,1.26739,1.26721,1.26731,1817
2025-12-15 23:39:00.105580,1.2672,1.26738,1.26704,1.26718,8403
2025-12-16 00:39:00.105580,1.267,1.26722,1.26668,1.26706,6558
2025-12-16 01:39:00.105580,1.26674,1.26694,1.26662,1.26681,2783
2025-12-16 02:39:00.105580,1.26662,1.26668,1.26627,1.2665,5245
2025-12-16 03:39:00.105580,1.26654,1.26655,1.26644,1.26651,456
2025-12-16 04:39:00.105580,1.26676,1.26699,1.26673,1.26685,3543
2025-12-16 05:39:00.105580,1.26674,1.26677,1.26663,1.26671,3253
2025-12-16 06:39:00.105580,1.26675,1.2669,1.26675,1.26685,1134
2025-12-16 07:39:00.105580,1.26662,1.2667,1.26643,1.26659,5054
2025-12-16 08:39:00.105580,1.2667,1.26678,1.26656,1.26668,7669
2025-12-16 09:39:00.105580,1.26673,1.26689,1.2666,1.26673,2815
2025-12-16 10:39:00.105580,1.26673,1.2668,1.26672,1.26672,5773
2025-12-16 11:39:00.105580,1.26657,1.26676,1.26643,1.2666,5858
2025-12-16 12:39:00.105580,1.26665,1.2667,1.26656,1.2666,2030
2025-12-16 13:39:00.105580,1.26655,1.2666,1.26648,1.26648,3750
2025-12-16 14:39:00.105580,1.26651,1.26663,1.26645,1.26656,2261
2025-12-16 15:39:00.105580,1.26645,1.26645,1.26621,1.26636,4841
2025-12-16 16:39:00.105580,1.26664,1.26677,1.26659,1.26673,26530
2025-12-16 17:39:00.105580,1.26664,1.26683,1.26663,1.26675,6979
2025-12-16 18:39:00.105580,1.26691,1.26711,1.2669,1.26692,6487
2025-12-16 19:39:00.105580,1.26698,1.26715,1.26688,1.26703,8252
2025-12-16 20:39:00.105580,1.26681,1.26686,1.26661,1.26669,6555
2025-12-16 21:39:00.105580,1.26686,1.26712,1.26674,1.26692,7408
2025-12-16 22:39:00.105580,1.26664,1.26674,1.26661,1.26661,16343
2025-12-16 23:39:00.105580,1.26648,1.26655,1.26643,1.26649,3862
2025-12-17 00:39:00.105580,1.2663,1.26643,1.26604,1.26638,1908
2025-12-17 01:39:00.105580,1.2666,1.26666,1.26658,1.26659,2510
2025-12-17 02:39:00.105580,1.2671,1.26713,1.26704,1.26712,1030
2025-12-17 03:39:00.105580,1.26715,1.26727,1.26698,1.26712,1962
2025-12-17 04:39:00.105580,1.26692,1.26693,1.26664,1.26685,4640
2025-12-17 05:39:00.105580,1.26692,1.26706,1.26676,1.26696,829
2025-12-17 06:39:00.105580,1.2671,1.26715,1.26701,1.26707,2371
2025-12-17 07:39:00.105580,1.26705,1.26716,1.26691,1.26711,1974
2025-12-17 08:39:00.105580,1.26687,1.26704,1.26675,1.26692,5967
2025-12-17 09:39:00.105580,1.26676,1.267,1.26671,1.26682,2494
2025-12-17 10:39:00.105580,1.26653,1.26658,1.26629,1.26657,6470
2025-12-17 11:39:00.105580,1.26633,1.26646,1.26626,1.26634,1340
2025-12-17 12:39:00.105580,1.2665,1.26655,1.26649,1.26651,4546
2025-12-17 13:39:00.105580,1.26646,1.26647,1.26634,1.26638,10547
2025-12-17 14:39:00.105580,1.26651,1.26657,1.26633,1.26654,3605
2025-12-17 15:39:00.105580,1.26659,1.26664,1.26642,1.26663,4793
2025-12-17 16:39:00.105580,1.26654,1.26657,1.26652,1.26655,14008
2025-12-17 17:39:00.105580,1.2666,1.26667,1.26643,1.26666,10787
2025-12-17 18:39:00.105580,1.26642,1.26656,1.26634,1.26639,7468
2025-12-17 19:39:00.105580,1.26651,1.26669,1.26639,1.26655,3776
2025-12-17 20:39:00.105580,1.26655,1.26669,1.2664,1.26647,7194
2025-12-17 21:39:00.105580,1.26678,1.26693,1.2667,1.26684,717
2025-12-17 22:39:00.105580,1.26676,1.26685,1.26658,1.26677,4137
2025-12-17 23:39:00.105580,1.26713,1.26719,1.26696,1.26711,997
2025-12-18 00:39:00.105580,1.26679,1.26686,1.26664,1.26674,2821
2025-12-18 01:39:00.105580,1.26685,1.26693,1.26665,1.26688,515
2025-12-18 02:39:00.105580,1.26701,1.26704,1.26696,1.26702,1194
2025-12-18 03:39:00.105580,1.26702,1.26704,1.26698,1.26702,738
2025-12-18 04:39:00.105580,1.26697,1.267,1.26681,1.26686,1782
2025-12-18 05:39:00.105580,1.26734,1.2674,1.26731,1.26734,1054
2025-12-18 06:39:00.105580,1.26737,1.26756,1.26733,1.26748,1169
2025-12-18 07:39:00.105580,1.26762,1.26762,1.26755,1.26757,1444
2025-12-18 08:39:00.105580,1.26753,1.2676,1.26747,1.26751,23146
2025-12-18 09:39:00.105580,1.26747,1.26751,1.2674,1.26741,7634
2025-12-18 10:39:00.105580,1.26771,1.26779,1.26771,1.26776,3158
2025-12-18 11:39:00.105580,1.26763,1.26764,1.26744,1.26757,2780
2025-12-18 12:39:00.105580,1.26749,1.26758,1.26739,1.26757,14489
2025-12-18 13:39:00.105580,1.26724,1.26726,1.26719,1.26722,2334
2025-12-18 14:39:00.105580,1.26722,1.26731,1.26713,1.26715,19589
2025-12-18 15:39:00.105580,1.26708,1.26723,1.26699,1.26715,3503
2025-12-18 16:39:00.105580,1.26712,1.26726,1.26702,1.26721,2838
2025-12-18 17:39:00.105580,1.26712,1.26721,1.26701,1.26707,10648
2025-12-18 18:39:00.105580,1.26701,1.26728,1.26688,1.26714,3661
2025-12-18 19:39:00.105580,1.26686,1.26705,1.2668,1.26688,1078
2025-12-18 20:39:00.105580,1.26686,1.26691,1.26684,1.26689,2980
2025-12-18 21:39:00.105580,1.26699,1.26707,1.26697,1.26703,5102
2025-12-18 22:39:00.105580,1.26701,1.26707,1.26699,1.267,3545
2025-12-18 23:39:00.105580,1.26721,1.26729,1.26708,1.26725,3717
2025-12-19 00:39:00.105580,1.26718,1.2673,1.26715,1.26727,2017
2025-12-19 01:39:00.105580,1.26742,1.26749,1.26737,1.26747,5052
2025-12-19 02:39:00.105580,1.26778,1.26787,1.26763,1.26774,3283
2025-12-19 03:39:00.105580,1.26766,1.26766,1.26755,1.26757,1403
2025-12-19 04:39:00.105580,1.26705,1.26714,1.267,1.26706,1819
2025-12-19 05:39:00.105580,1.26705,1.26717,1.267,1.26703,777
2025-12-19 06:39:00.105580,1.26697,1.267,1.26677,1.26685,3562
2025-12-19 07:39:00.105580,1.26713,1.26718,1.26689,1.26703,2954
2025-12-19 08:39:00.105580,1.26685,1.26693,1.26673,1.26689,2462
2025-12-19 09:39:00.105580,1.26728,1.26747,1.26726,1.2673,15047
2025-12-19 10:39:00.105580,1.26701,1.26716,1.26693,1.26699,2699
2025-12-19 11:39:00.105580,1.26716,1.26748,1.26708,1.26731,3398
2025-12-19 12:39:00.105580,1.26691,1.26711,1.2668,1.267,9394
2025-12-19 13:39:00.105580,1.2667,1.26681,1.26664,1.26669,1625
2025-12-19 14:39:00.105580,1.2666,1.26668,1.26654,1.26667,19190
2025-12-19 15:39:00.105580,1.26655,1.26656,1.26634,1.2665,7634
2025-12-19 16:39:00.105580,1.26656,1.26666,1.26645,1.26651,2972
2025-12-19 17:39:00.105580,1.26669,1.26672,1.26666,1.26671,2738
2025-12-19 18:39:00.105580,1.26686,1.26708,1.26684,1.26686,13740
2025-12-19 19:39:00.105580,1.26681,1.26686,1.26664,1.2667,10196
2025-12-19 20:39:00.105580,1.26671,1.26676,1.2667,1.26672,15528
2025-12-19 21:39:00.105580,1.26672,1.26682,1.26671,1.26674,2219
2025-12-19 22:39:00.105580,1.26677,1.26683,1.2667,1.26679,3496
2025-12-19 23:39:00.105580,1.26694,1.26706,1.2669,1.26695,611
2025-12-20 00:39:00.105580,1.26672,1.26689,1.26665,1.2667,546
2025-12-20 01:39:00.105580,1.26667,1.2667,1.26644,1.2666,884
2025-12-20 02:39:00.105580,1.26651,1.26657,1.26636,1.26651,3887
2025-12-20 03:39:00.105580,1.26644,1.2666,1.26631,1.26652,2782
2025-12-20 04:39:00.105580,1.26661,1.26677,1.26655,1.26667,1097
2025-12-20 05:39:00.105580,1.26663,1.26669,1.2666,1.26668,748
2025-12-20 06:39:00.105580,1.26654,1.2666,1.26651,1.26654,836
2025-12-20 07:39:00.105580,1.26618,1.26624,1.26605,1.26619,721
2025-12-20 08:39:00.105580,1.26637,1.26639,1.26627,1.26628,5548
2025-12-20 09:39:00.105580,1.26604,1.26615,1.26594,1.26607,3139
2025-12-20 10:39:00.105580,1.26588,1.26593,1.26584,1.26591,3766
2025-12-20 11:39:00.105580,1.26593,1.26596,1.26584,1.26596,2322
2025-12-20 12:39:00.105580,1.26611,1.26621,1.26587,1.26598,3951
2025-12-20 13:39:00.105580,1.2661,1.26622,1.2661,1.26611,1972
2025-12-20 14:39:00.105580,1.26625,1.26629,1.26614,1.26618,6953
2025-12-20 15:39:00.105580,1.26629,1.26649,1.26629,1.26633,3820
2025-12-20 16:39:00.105580,1.26633,1.26633,1.2662,1.26622,8078
2025-12-20 17:39:00.105580,1.2663,1.26636,1.2662,1.26631,907
2025-12-20 18:39:00.105580,1.26603,1.26621,1.26593,1.26602,8165
2025-12-20 19:39:00.105580,1.2659,1.26605,1.26556,1.26581,1808
2025-12-20 20:39:00.105580,1.26608,1.26622,1.26603,1.2662,8444
2025-12-20 21:39:00.105580,1.26635,1.26657,1.2663,1.26645,5869
2025-12-20 22:39:00.105580,1.26642,1.26655,1.26637,1.26644,12664
2025-12-20 23:39:00.105580,1.26618,1.26622,1.26615,1.26619,2659
2025-12-21 00:39:00.105580,1.26621,1.26629,1.26612,1.26627,4442
2025-12-21 01:39:00.105580,1.26608,1.26617,1.26598,1.26612,1343
2025-12-21 02:39:00.105580,1.26621,1.26641,1.26601,1.26627,1324
2025-12-21 03:39:00.105580,1.26662,1.26671,1.26653,1.26662,3051
2025-12-21 04:39:00.105580,1.2665,1.26683,1.26649,1.26662,3022
2025-12-21 05:39:00.105580,1.26668,1.26677,1.2665,1.26674,2135
2025-12-21 06:39:00.105580,1.26661,1.26677,1.2666,1.2667,790
2025-12-21 07:39:00.105580,1.26684,1.26692,1.2668,1.2669,1623
2025-12-21 08:39:00.105580,1.26636,1.26644,1.26625,1.2664,2113
2025-12-21 09:39:00.105580,1.26637,1.26644,1.26618,1.26637,5697
2025-12-21 10:39:00.105580,1.26644,1.26668,1.26623,1.26651,7259
2025-12-21 11:39:00.105580,1.26657,1.26658,1.26645,1.26656,2317
2025-12-21 12:39:00.105580,1.26655,1.26679,1.26645,1.26669,2549
2025-12-21 13:39:00.105580,1.26668,1.26668,1.26648,1.26659,2743
2025-12-21 14:39:00.105580,1.26696,1.26699,1.26686,1.26686,9973
2025-12-21 15:39:00.105580,1.26709,1.26712,1.26704,1.26706,4801
2025-12-21 16:39:00.105580,1.26703,1.26709,1.26681,1.26701,3413
2025-12-21 17:39:00.105580,1.26685,1.26699,1.2668,1.2669,15174
2025-12-21 18:39:00.105580,1.26692,1.26706,1.26675,1.26692,14219
2025-12-21 19:39:00.105580,1.26679,1.26692,1.26653,1.26677,3909
2025-12-21 20:39:00.105580,1.26698,1.26708,1.26687,1.267,3457
2025-12-21 21:39:00.105580,1.26678,1.26701,1.26671,1.26687,7852
2025-12-21 22:39:00.105580,1.26687,1.26692,1.2668,1.2669,3054
2025-12-21 23:39:00.105580,1.2668,1.26689,1.26665,1.26676,5581
2025-12-22 00:39:00.105580,1.26677,1.2668,1.26675,1.26677,2969
2025-12-22 01:39:00.105580,1.2665,1.26654,1.26639,1.26648,673
2025-12-22 02:39:00.105580,1.26666,1.2667,1.26641,1.26658,690
2025-12-22 03:39:00.105580,1.2665,1.2666,1.26646,1.26658,12843
2025-12-22 04:39:00.105580,1.26653,1.26663,1.2664,1.26641,3910
2025-12-22 05:39:00.105580,1.26674,1.26695,1.26673,1.26675,2729
2025-12-22 06:39:00.105580,1.26673,1.26694,1.26654,1.26658,3572
2025-12-22 07:39:00.105580,1.26686,1.26693,1.26666,1.26677,2555
2025-12-22 08:39:00.105580,1.26656,1.26665,1.26654,1.26656,2968
2025-12-22 09:39:00.105580,1.26678,1.26691,1.26672,1.26682,2285
2025-12-22 10:39:00.105580,1.26673,1.26679,1.26664,1.26671,7524
2025-12-22 11:39:00.105580,1.26699,1.26706,1.26687,1.26703,4758
2025-12-22 12:39:00.105580,1.26666,1.26692,1.26663,1.26673,7490
2025-12-22 13:39:00.105580,1.26651,1.26661,1.26644,1.26646,1503
2025-12-22 14:39:00.105580,1.2663,1.26636,1.26618,1.26623,7894
2025-12-22 15:39:00.105580,1.26623,1.26645,1.26618,1.26626,10903
2025-12-22 16:39:00.105580,1.26661,1.26667,1.26649,1.26664,9162
2025-12-22 17:39:00.105580,1.26677,1.26681,1.26672,1.26679,3135
2025-12-22 18:39:00.105580,1.2669,1.26704,1.26665,1.26684,2552
2025-12-22 19:39:00.105580,1.26705,1.26717,1.26695,1.267,9218
2025-12-22 20:39:00.105580,1.26693,1.26702,1.2669,1.267,6565
2025-12-22 21:39:00.105580,1.26733,1.26736,1.26714,1.26727,2281
2025-12-22 22:39:00.105580,1.2675,1.26753,1.26747,1.26751,5123
2025-12-22 23:39:00.105580,1.26757,1.26771,1.26746,1.26752,1408
2025-12-23 00:39:00.105580,1.26783,1.26797,1.26775,1.26795,5049
2025-12-23 01:39:00.105580,1.26784,1.26806,1.26778,1.26787,2608
2025-12-23 02:39:00.105580,1.2676,1.26761,1.26743,1.26744,809
2025-12-23 03:39:00.105580,1.26754,1.26756,1.26742,1.26756,4354
2025-12-23 04:39:00.105580,1.2676,1.26769,1.26758,1.26766,3730
2025-12-23 05:39:00.105580,1.26774,1.26794,1.26768,1.26773,1088
2025-12-23 06:39:00.105580,1.2676,1.26775,1.26756,1.26757,2089
2025-12-23 07:39:00.105580,1.26736,1.26744,1.26726,1.26739,1988
2025-12-23 08:39:00.105580,1.26737,1.26741,1.26734,1.26738,35433
2025-12-23 09:39:00.105580,1.26732,1.26742,1.26711,1.26724,6632
2025-12-23 10:39:00.105580,1.26728,1.26745,1.267,1.26723,2588
2025-12-23 11:39:00.105580,1.2674,1.26753,1.26724,1.26749,1334
2025-12-23 12:39:00.105580,1.26722,1.26728,1.2671,1.26714,3743
2025-12-23 13:39:00.105580,1.26719,1.26733,1.267,1.26715,3209
2025-12-23 14:39:00.105580,1.26765,1.26787,1.2675,1.26753,7557
2025-12-23 15:39:00.105580,1.26769,1.2677,1.26761,1.2677,7551
2025-12-23 16:39:00.105580,1.26779,1.26814,1.26778,1.26791,2468
2025-12-23 17:39:00.105580,1.26767,1.26779,1.26753,1.26757,7418
2025-12-23 18:39:00.105580,1.26807,1.26817,1.26788,1.26817,4434
2025-12-23 19:39:00.105580,1.2679,1.26802,1.26774,1.2678,6267
2025-12-23 20:39:00.105580,1.26801,1.26808,1.26792,1.26805,3854
2025-12-23 21:39:00.105580,1.26792,1.26803,1.2679,1.268,3532
2025-12-23 22:39:00.105580,1.26801,1.26817,1.26798,1.26801,2977
2025-12-23 23:39:00.105580,1.26805,1.26814,1.26796,1.26804,2394
2025-12-24 00:39:00.105580,1.26808,1.26817,1.26798,1.268,6139
2025-12-24 01:39:00.105580,1.26804,1.2681,1.26784,1.26802,7003
2025-12-24 02:39:00.105580,1.26817,1.2683,1.26807,1.26822,1829
2025-12-24 03:39:00.105580,1.26822,1.26838,1.2682,1.26823,3338
2025-12-24 04:39:00.105580,1.26825,1.26837,1.26823,1.26831,2030
2025-12-24 05:39:00.105580,1.26832,1.26845,1.26819,1.26837,3242
2025-12-24 06:39:00.105580,1.26837,1.26846,1.26831,1.26841,3896
2025-12-24 07:39:00.105580,1.26832,1.26832,1.26813,1.26827,5540
2025-12-24 08:39:00.105580,1.26847,1.26852,1.26845,1.26849,8951
2025-12-24 09:39:00.105580,1.26846,1.26852,1.26833,1.26846,5170
2025-12-24 10:39:00.105580,1.26855,1.2686,1.26841,1.26851,1996
2025-12-24 11:39:00.105580,1.26821,1.26824,1.26815,1.2682,7413
2025-12-24 12:39:00.105580,1.2681,1.26825,1.26795,1.26806,1825
2025-12-24 13:39:00.105580,1.26824,1.26827,1.26822,1.26826,16755
2025-12-24 14:39:00.105580,1.26815,1.26853,1.26804,1.26837,3946
2025-12-24 15:39:00.105580,1.26815,1.26833,1.26801,1.26823,5616
2025-12-24 16:39:00.105580,1.26819,1.26828,1.26811,1.26812,4450
2025-12-24 17:39:00.105580,1.26805,1.26815,1.26785,1.26801,2062
2025-12-24 18:39:00.105580,1.26816,1.26825,1.26801,1.26821,6038
2025-12-24 19:39:00.105580,1.26807,1.26823,1.26793,1.26801,2357
2025-12-24 20:39:00.105580,1.26796,1.2681,1.26788,1.26792,3032
2025-12-24 21:39:00.105580,1.26798,1.26807,1.26795,1.26801,2469
2025-12-24 22:39:00.105580,1.26797,1.26806,1.26787,1.26795,5233
2025-12-24 23:39:00.105580,1.26816,1.26817,1.268,1.26803,4814
2025-12-25 00:39:00.105580,1.26817,1.26817,1.26803,1.26807,454
2025-12-25 01:39:00.105580,1.26847,1.26848,1.26834,1.2684,2414
2025-12-25 02:39:00.105580,1.26822,1.26838,1.26806,1.26826,2232
2025-12-25 03:39:00.105580,1.26813,1.26822,1.26794,1.26804,2427
2025-12-25 04:39:00.105580,1.26827,1.26834,1.26816,1.26823,2472
2025-12-25 05:39:00.105580,1.26847,1.26867,1.26819,1.26838,784
2025-12-25 06:39:00.105580,1.26851,1.26871,1.2685,1.26855,1290
2025-12-25 07:39:00.105580,1.26846,1.26861,1.26832,1.26836,6661
2025-12-25 08:39:00.105580,1.26829,1.26835,1.26819,1.26826,2583
2025-12-25 09:39:00.105580,1.2685,1.26852,1.26845,1.26852,4416
2025-12-25 10:39:00.105580,1.26855,1.26874,1.26844,1.26868,2144
2025-12-25 11:39:00.105580,1.26833,1.26848,1.26818,1.26841,6886
2025-12-25 12:39:00.105580,1.26827,1.26843,1.26822,1.26823,6882
2025-12-25 13:39:00.105580,1.26808,1.2681,1.26804,1.26809,32168
2025-12-25 14:39:00.105580,1.26814,1.26823,1.26806,1.26806,2257
2025-12-25 15:39:00.105580,1.26802,1.26817,1.26796,1.26802,4306
2025-12-25 16:39:00.105580,1.26799,1.26804,1.26778,1.26788,1679
2025-12-25 17:39:00.105580,1.2681,1.26833,1.26782,1.26802,7605
2025-12-25 18:39:00.105580,1.26781,1.26785,1.26769,1.26776,8363
2025-12-25 19:39:00.105580,1.26774,1.26789,1.26763,1.2677,8347
2025-12-25 20:39:00.105580,1.26749,1.26753,1.26742,1.26747,2768
2025-12-25 21:39:00.105580,1.26734,1.2674,1.26731,1.26734,4479
2025-12-25 22:39:00.105580,1.26734,1.26751,1.26725,1.26729,2710
2025-12-25 23:39:00.105580,1.26742,1.26744,1.26727,1.26733,5486
2025-12-26 00:39:00.105580,1.26727,1.26743,1.26724,1.26738,1460
2025-12-26 01:39:00.105580,1.26745,1.26755,1.2673,1.2674,881
2025-12-26 02:39:00.105580,1.26737,1.26749,1.26725,1.26742,3215
2025-12-26 03:39:00.105580,1.26718,1.26743,1.26708,1.2671,2564
2025-12-26 04:39:00.105580,1.26733,1.26763,1.26729,1.26732,2347
2025-12-26 05:39:00.105580,1.2671,1.26718,1.267,1.26713,2785
2025-12-26 06:39:00.105580,1.2673,1.26738,1.26713,1.26732,1397
2025-12-26 07:39:00.105580,1.26755,1.26762,1.26752,1.26757,1732
2025-12-26 08:39:00.105580,1.2675,1.26764,1.26748,1.26753,2677
2025-12-26 09:39:00.105580,1.26749,1.26751,1.26722,1.26738,1392
2025-12-26 10:39:00.105580,1.26751,1.2676,1.26727,1.26752,3014
2025-12-26 11:39:00.105580,1.26746,1.26758,1.26729,1.26741,2233
2025-12-26 12:39:00.105580,1.26753,1.26772,1.26741,1.2675,11294
2025-12-26 13:39:00.105580,1.26756,1.26779,1.2675,1.26762,1173
2025-12-26 14:39:00.105580,1.26755,1.26758,1.26752,1.26756,6858
2025-12-26 15:39:00.105580,1.26765,1.26785,1.2676,1.26765,4834
2025-12-26 16:39:00.105580,1.26729,1.26745,1.26706,1.26722,14368
2025-12-26 17:39:00.105580,1.26736,1.26749,1.2671,1.26742,9892
2025-12-26 18:39:00.105580,1.26725,1.26731,1.26713,1.26728,10574
2025-12-26 19:39:00.105580,1.26741,1.26743,1.26741,1.26743,9244
2025-12-26 20:39:00.105580,1.26741,1.26746,1.26726,1.26735,15631
2025-12-26 21:39:00.105580,1.26745,1.26756,1.26745,1.26749,1505
2025-12-26 22:39:00.105580,1.26724,1.26751,1.26716,1.26735,10356
2025-12-26 23:39:00.105580,1.2673,1.26739,1.26718,1.26731,2967
2025-12-27 00:39:00.105580,1.26718,1.26729,1.26712,1.26719,1140
2025-12-27 01:39:00.105580,1.26696,1.26698,1.26659,1.2668,944
2025-12-27 02:39:00.105580,1.26694,1.267,1.26679,1.26688,4786
2025-12-27 03:39:00.105580,1.26709,1.26719,1.26702,1.26713,283
2025-12-27 04:39:00.105580,1.26703,1.26722,1.26698,1.26703,391
2025-12-27 05:39:00.105580,1.26711,1.26716,1.26698,1.26709,4503
2025-12-27 06:39:00.105580,1.26689,1.26697,1.26682,1.26693,1565
2025-12-27 07:39:00.105580,1.26675,1.26676,1.26675,1.26676,1218
2025-12-27 08:39:00.105580,1.26678,1.26682,1.26665,1.26669,2480
2025-12-27 09:39:00.105580,1.26663,1.26681,1.26661,1.26669,11367
2025-12-27 10:39:00.105580,1.26674,1.26694,1.26668,1.26681,8374
2025-12-27 11:39:00.105580,1.26685,1.26688,1.26676,1.26678,2820
2025-12-27 12:39:00.105580,1.26703,1.26708,1.2669,1.267,8871
2025-12-27 13:39:00.105580,1.26717,1.26719,1.26714,1.26716,4671
2025-12-27 14:39:00.105580,1.26696,1.26699,1.26681,1.26696,8217
2025-12-27 15:39:00.105580,1.26713,1.26718,1.26712,1.26713,6245
2025-12-27 16:39:00.105580,1.26732,1.26757,1.26725,1.26743,13215
2025-12-27 17:39:00.105580,1.26722,1.26724,1.267,1.26711,7571
2025-12-27 18:39:00.105580,1.2674,1.26742,1.26734,1.26738,9546
2025-12-27 19:39:00.105580,1.26708,1.26712,1.26707,1.2671,8482
2025-12-27 20:39:00.105580,1.26712,1.2673,1.26697,1.2671,1348
2025-12-27 21:39:00.105580,1.26721,1.26743,1.26701,1.26708,4633
2025-12-27 22:39:00.105580,1.26735,1.26754,1.26727,1.26743,3119
2025-12-27 23:39:00.105580,1.26764,1.26772,1.26756,1.26765,23618
2025-12-28 00:39:00.105580,1.26803,1.26818,1.26792,1.26813,1944
2025-12-28 01:39:00.105580,1.26833,1.26845,1.26821,1.26834,2622
2025-12-28 02:39:00.105580,1.26816,1.26821,1.26804,1.26805,9824
2025-12-28 03:39:00.105580,1.26829,1.26844,1.26801,1.26818,721
2025-12-28 04:39:00.105580,1.26829,1.26831,1.26804,1.26817,709
2025-12-28 05:39:00.105580,1.26844,1.2685,1.26843,1.26845,1832
2025-12-28 06:39:00.105580,1.26851,1.26865,1.26842,1.26864,2339
2025-12-28 07:39:00.105580,1.26851,1.26857,1.26836,1.26843,1940
2025-12-28 08:39:00.105580,1.26868,1.2689,1.26851,1.2687,9256
2025-12-28 09:39:00.105580,1.26891,1.26898,1.26885,1.26887,3284
2025-12-28 10:39:00.105580,1.26901,1.26904,1.26899,1.26904,2550
2025-12-28 11:39:00.105580,1.26898,1.26911,1.26892,1.26899,9299
2025-12-28 12:39:00.105580,1.2694,1.26947,1.26938,1.26939,4353
2025-12-28 13:39:00.105580,1.26917,1.26932,1.26914,1.26919,6557
2025-12-28 14:39:00.105580,1.26888,1.26904,1.26878,1.26885,4758
2025-12-28 15:39:00.105580,1.26901,1.26911,1.26894,1.269,1074
2025-12-28 16:39:00.105580,1.26926,1.26939,1.26909,1.26926,4924
2025-12-28 17:39:00.105580,1.26917,1.26922,1.26914,1.26917,8110
2025-12-28 18:39:00.105580,1.26936,1.26946,1.26928,1.26935,10259
2025-12-28 19:39:00.105580,1.26938,1.26958,1.26932,1.26937,6539
2025-12-28 20:39:00.105580,1.26931,1.26932,1.26925,1.26926,2857
2025-12-28 21:39:00.105580,1.26936,1.26938,1.26933,1.26934,727
2025-12-28 22:39:00.105580,1.26985,1.26989,1.26984,1.26984,6824
2025-12-28 23:39:00.105580,1.26981,1.27003,1.26968,1.26996,2261
2025-12-29 00:39:00.105580,1.26984,1.26994,1.26974,1.26989,1930
2025-12-29 01:39:00.105580,1.26971,1.26989,1.26968,1.26969,925
2025-12-29 02:39:00.105580,1.26994,1.2702,1.26958,1.27005,3861
2025-12-29 03:39:00.105580,1.27019,1.2703,1.27005,1.27026,1990
2025-12-29 04:39:00.105580,1.27052,1.27057,1.27035,1.2705,903
2025-12-29 05:39:00.105580,1.27046,1.27061,1.27042,1.27049,5631
2025-12-29 06:39:00.105580,1.27061,1.27069,1.27057,1.27065,3408
2025-12-29 07:39:00.105580,1.27053,1.27067,1.27041,1.27051,5285
2025-12-29 08:39:00.105580,1.27045,1.27052,1.27029,1.27046,4789
2025-12-29 09:39:00.105580,1.27068,1.27083,1.27058,1.27058,2427
2025-12-29 10:39:00.105580,1.27046,1.2705,1.2704,1.27048,1143
2025-12-29 11:39:00.105580,1.27037,1.27046,1.27019,1.27031,3436
2025-12-29 12:39:00.105580,1.27037,1.27039,1.27026,1.27029,2308
2025-12-29 13:39:00.105580,1.27062,1.27079,1.2705,1.27065,4084
2025-12-29 14:39:00.105580,1.27085,1.27099,1.27068,1.2709,3308
2025-12-29 15:39:00.105580,1.27103,1.27114,1.27089,1.27102,5368
2025-12-29 16:39:00.105580,1.27089,1.27102,1.27068,1.27083,7917
2025-12-29 17:39:00.105580,1.27068,1.27076,1.27055,1.27061,3124
2025-12-29 18:39:00.105580,1.27078,1.27087,1.27056,1.27075,3274
2025-12-29 19:39:00.105580,1.27065,1.27068,1.27063,1.27066,3281
2025-12-29 20:39:00.105580,1.27065,1.27069,1.27055,1.27064,12826
2025-12-29 21:39:00.105580,1.2703,1.27045,1.27029,1.27038,272
2025-12-29 22:39:00.105580,1.27052,1.27059,1.27049,1.27055,653
2025-12-29 23:39:00.105580,1.27029,1.27048,1.27028,1.27033,6147
2025-12-30 00:39:00.105580,1.27036,1.27048,1.27025,1.27032,3373
2025-12-30 01:39:00.105580,1.27033,1.27044,1.27015,1.27024,3035
2025-12-30 02:39:00.105580,1.27036,1.2705,1.27029,1.27033,5072
2025-12-30 03:39:00.105580,1.27047,1.27064,1.27035,1.27048,5686
2025-12-30 04:39:00.105580,1.27041,1.27057,1.27023,1.27045,1265
2025-12-30 05:39:00.105580,1.27045,1.27046,1.27006,1.27031,581
2025-12-30 06:39:00.105580,1.27049,1.27062,1.2704,1.27047,1852
2025-12-30 07:39:00.105580,1.27027,1.27039,1.27023,1.27026,2535
2025-12-30 08:39:00.105580,1.27034,1.27049,1.27032,1.27042,2092
2025-12-30 09:39:00.105580,1.27023,1.27032,1.27016,1.27024,1753
2025-12-30 10:39:00.105580,1.27034,1.27042,1.27023,1.27035,3930
2025-12-30 11:39:00.105580,1.27012,1.27014,1.26996,1.27001,5435
2025-12-30 12:39:00.105580,1.27,1.27006,1.26986,1.26996,3260
2025-12-30 13:39:00.105580,1.26994,1.27004,1.26979,1.26988,4930
2025-12-30 14:39:00.105580,1.26987,1.26997,1.26976,1.26988,7802
2025-12-30 15:39:00.105580,1.26996,1.27009,1.26985,1.26998,2273
2025-12-30 16:39:00.105580,1.26967,1.26974,1.26958,1.26973,11968
2025-12-30 17:39:00.105580,1.26955,1.26955,1.26949,1.26949,4128
2025-12-30 18:39:00.105580,1.26927,1.26939,1.26922,1.26923,5422
2025-12-30 19:39:00.105580,1.26928,1.26935,1.26912,1.26923,7721
2025-12-30 20:39:00.105580,1.26935,1.26942,1.26931,1.26938,6224
2025-12-30 21:39:00.105580,1.26919,1.26919,1.26918,1.26918,3307
2025-12-30 22:39:00.105580,1.26935,1.26947,1.26933,1.26935,3684
2025-12-30 23:39:00.105580,1.26928,1.26939,1.26922,1.26929,1485
2025-12-31 00:39:00.105580,1.26923,1.26926,1.26921,1.26921,2081
2025-12-31 01:39:00.105580,1.26912,1.26918,1.26899,1.26916,2530
2025-12-31 02:39:00.105580,1.26928,1.26933,1.26916,1.26922,573
2025-12-31 03:39:00.105580,1.26936,1.26936,1.26916,1.26926,5936
2025-12-31 04:39:00.105580,1.26934,1.26945,1.26932,1.26932,612
2025-12-31 05:39:00.105580,1.26941,1.26948,1.26932,1.26941,2044
2025-12-31 06:39:00.105580,1.26922,1.26937,1.26912,1.26912,301
2025-12-31 07:39:00.105580,1.26926,1.26929,1.26912,1.26923,4621
2025-12-31 08:39:00.105580,1.26924,1.26943,1.26921,1.26933,9909
2025-12-31 09:39:00.105580,1.26925,1.2694,1.26924,1.26925,2260
2025-12-31 10:39:00.105580,1.26936,1.2695,1.26933,1.26944,5009
2025-12-31 11:39:00.105580,1.26948,1.26956,1.26922,1.26938,4667
2025-12-31 12:39:00.105580,1.26942,1.26952,1.26929,1.26949,903
2025-12-31 13:39:00.105580,1.26949,1.26966,1.26938,1.26947,12910
2025-12-31 14:39:00.105580,1.26916,1.26922,1.26906,1.26916,1859
2025-12-31 15:39:00.105580,1.26924,1.26935,1.26923,1.2693,6714
2025-12-31 16:39:00.105580,1.26902,1.26913,1.26893,1.26903,2287
2025-12-31 17:39:00.105580,1.26895,1.26914,1.26894,1.26897,8701
2025-12-31 18:39:00.105580,1.26888,1.26892,1.26878,1.26878,6469
2025-12-31 19:39:00.105580,1.2687,1.26882,1.26867,1.26868,1430
2025-12-31 20:39:00.105580,1.26852,1.26857,1.26849,1.26851,3430
2025-12-31 21:39:00.105580,1.26849,1.26853,1.26829,1.26838,8177
2025-12-31 22:39:00.105580,1.26847,1.26882,1.26835,1.26865,2150
2025-12-31 23:39:00.105580,1.26843,1.26844,1.26842,1.26843,20456
2026-01-01 00:39:00.105580,1.26848,1.26855,1.26823,1.2684,1274
2026-01-01 01:39:00.105580,1.26826,1.2684,1.26821,1.26829,2432
2026-01-01 02:39:00.105580,1.2682,1.26836,1.26815,1.26827,3202
2026-01-01 03:39:00.105580,1.26813,1.26827,1.26795,1.26798,2358
2026-01-01 04:39:00.105580,1.2682,1.26833,1.26804,1.26808,3980
2026-01-01 05:39:00.105580,1.26816,1.26824,1.26797,1.26801,1745
2026-01-01 06:39:00.105580,1.26808,1.26813,1.26801,1.2681,3440
2026-01-01 07:39:00.105580,1.26832,1.26836,1.26813,1.26815,1583
2026-01-01 08:39:00.105580,1.26822,1.2683,1.26796,1.26809,4236
2026-01-01 09:39:00.105580,1.26807,1.26808,1.26795,1.26808,4284
2026-01-01 10:39:00.105580,1.26816,1.2682,1.2681,1.26819,13633
2026-01-01 11:39:00.105580,1.26836,1.26845,1.26821,1.26837,13242
2026-01-01 12:39:00.105580,1.26832,1.26843,1.26827,1.2683,10929
2026-01-01 13:39:00.105580,1.26822,1.26829,1.26817,1.26826,5484
2026-01-01 14:39:00.105580,1.26847,1.26851,1.26845,1.26849,18324
2026-01-01 15:39:00.105580,1.26816,1.26826,1.26813,1.2682,10409
2026-01-01 16:39:00.105580,1.26834,1.26849,1.26814,1.26829,1345
2026-01-01 17:39:00.105580,1.26846,1.26858,1.26822,1.26837,5171
2026-01-01 18:39:00.105580,1.26855,1.26869,1.2685,1.26852,1336
2026-01-01 19:39:00.105580,1.26833,1.26854,1.26823,1.2683,4536
2026-01-01 20:39:00.105580,1.26838,1.26849,1.2683,1.26843,20975
2026-01-01 21:39:00.105580,1.26815,1.26818,1.26803,1.26807,1409
2026-01-01 22:39:00.105580,1.2681,1.26818,1.26803,1.26815,4763
2026-01-01 23:39:00.105580,1.26794,1.26811,1.26785,1.26792,8770
2026-01-02 00:39:00.105580,1.26797,1.26824,1.26795,1.26806,1110
2026-01-02 01:39:00.105580,1.26813,1.26831,1.26805,1.26828,1792
2026-01-02 02:39:00.105580,1.26805,1.2681,1.26791,1.26798,1657
2026-01-02 03:39:00.105580,1.26792,1.26805,1.26792,1.26799,2392
2026-01-02 04:39:00.105580,1.268,1.26804,1.268,1.268,3090
2026-01-02 05:39:00.105580,1.26806,1.2681,1.26796,1.26805,1287
2026-01-02 06:39:00.105580,1.26819,1.26825,1.26801,1.26814,3729
2026-01-02 07:39:00.105580,1.26824,1.26828,1.26812,1.26816,1208
2026-01-02 08:39:00.105580,1.26817,1.26827,1.26792,1.26807,4289
2026-01-02 09:39:00.105580,1.26816,1.26824,1.26806,1.2681,4015
2026-01-02 10:39:00.105580,1.26823,1.26826,1.26822,1.26822,4319
2026-01-02 11:39:00.105580,1.26817,1.26833,1.26802,1.26813,7944
2026-01-02 12:39:00.105580,1.26813,1.26819,1.26796,1.2681,1129
2026-01-02 13:39:00.105580,1.2683,1.26839,1.26819,1.26825,6160
2026-01-02 14:39:00.105580,1.26836,1.26842,1.26828,1.26831,1668
2026-01-02 15:39:00.105580,1.26829,1.26848,1.26809,1.26827,6599
2026-01-02 16:39:00.105580,1.26853,1.26856,1.26848,1.26852,5197
2026-01-02 17:39:00.105580,1.26844,1.2685,1.26841,1.26848,2062
2026-01-02 18:39:00.105580,1.26879,1.26887,1.26875,1.26876,6822
2026-01-02 19:39:00.105580,1.26858,1.26869,1.26853,1.26856,2368
2026-01-02 20:39:00.105580,1.26854,1.26866,1.26842,1.26846,2964
2026-01-02 21:39:00.105580,1.26859,1.26879,1.26855,1.2687,4196
2026-01-02 22:39:00.105580,1.26897,1.26904,1.26891,1.26896,2299
2026-01-02 23:39:00.105580,1.26884,1.26896,1.26875,1.26885,1919
2026-01-03 00:39:00.105580,1.2686,1.26875,1.26855,1.26863,2349
2026-01-03 01:39:00.105580,1.26863,1.26869,1.26842,1.26866,1014
2026-01-03 02:39:00.105580,1.26864,1.26882,1.26859,1.26871,3307
2026-01-03 03:39:00.105580,1.26884,1.26889,1.26882,1.26884,2583
2026-01-03 04:39:00.105580,1.26864,1.26886,1.26858,1.26877,2620
2026-01-03 05:39:00.105580,1.26873,1.26874,1.2686,1.26871,218
2026-01-03 06:39:00.105580,1.26909,1.26927,1.26893,1.26905,14285
2026-01-03 07:39:00.105580,1.26903,1.26917,1.26902,1.26907,3828
2026-01-03 08:39:00.105580,1.26932,1.26943,1.26911,1.2692,2923
2026-01-03 09:39:00.105580,1.26956,1.26963,1.26956,1.2696,1502
2026-01-03 10:39:00.105580,1.26968,1.26979,1.26962,1.26969,12802
2026-01-03 11:39:00.105580,1.26969,1.26969,1.26946,1.26962,2592
2026-01-03 12:39:00.105580,1.26978,1.27006,1.26976,1.26985,2933
2026-01-03 13:39:00.105580,1.27014,1.27028,1.26996,1.27009,14255
2026-01-03 14:39:00.105580,1.26987,1.26998,1.26986,1.26987,2206
2026-01-03 15:39:00.105580,1.27004,1.27029,1.26993,1.27012,1946
2026-01-03 16:39:00.105580,1.27003,1.27013,1.26992,1.27004,6434
2026-01-03 17:39:00.105580,1.26996,1.27003,1.26984,1.26992,9949
2026-01-03 18:39:00.105580,1.2699,1.27,1.26988,1.26989,1138
2026-01-03 19:39:00.105580,1.26995,1.26999,1.26973,1.26991,685
2026-01-03 20:39:00.105580,1.2701,1.27023,1.26992,1.26993,3504
2026-01-03 21:39:00.105580,1.27001,1.27012,1.26999,1.27008,3043
2026-01-03 22:39:00.105580,1.27021,1.27024,1.2701,1.27018,2571
2026-01-03 23:39:00.105580,1.27018,1.27022,1.26991,1.27015,3738
2026-01-04 00:39:00.105580,1.27032,1.27038,1.27022,1.27023,2269
2026-01-04 01:39:00.105580,1.27016,1.2703,1.27012,1.27021,2584
2026-01-04 02:39:00.105580,1.27,1.2701,1.26992,1.26999,3663
2026-01-04 03:39:00.105580,1.26984,1.26996,1.26979,1.26985,1988
2026-01-04 04:39:00.105580,1.27,1.27022,1.26994,1.27005,1511
2026-01-04 05:39:00.105580,1.26993,1.27006,1.2699,1.26992,1627
2026-01-04 06:39:00.105580,1.26989,1.2699,1.26976,1.26981,3101
2026-01-04 07:39:00.105580,1.26987,1.26988,1.26972,1.2698,1291
2026-01-04 08:39:00.105580,1.26985,1.26989,1.2698,1.26987,3604
2026-01-04 09:39:00.105580,1.26956,1.26971,1.26939,1.26946,7529
2026-01-04 10:39:00.105580,1.26941,1.26947,1.26926,1.26929,953
2026-01-04 11:39:00.105580,1.26963,1.26985,1.26942,1.2697,1936
2026-01-04 12:39:00.105580,1.26992,1.27006,1.26989,1.26993,2840
2026-01-04 13:39:00.105580,1.26985,1.26997,1.26972,1.26972,2494
2026-01-04 14:39:00.105580,1.27002,1.27006,1.27,1.27004,3758
2026-01-04 15:39:00.105580,1.27018,1.27031,1.27001,1.2703,7021
2026-01-04 16:39:00.105580,1.2704,1.27044,1.2703,1.27043,5873
2026-01-04 17:39:00.105580,1.27061,1.27071,1.2705,1.27055,2596
2026-01-04 18:39:00.105580,1.27043,1.27054,1.27039,1.27043,3011
2026-01-04 19:39:00.105580,1.27039,1.27054,1.27028,1.27049,874
2026-01-04 20:39:00.105580,1.27008,1.27019,1.26991,1.27011,1663
2026-01-04 21:39:00.105580,1.26996,1.27021,1.26975,1.27004,4371
2026-01-04 22:39:00.105580,1.26994,1.27001,1.26989,1.26998,5086
2026-01-04 23:39:00.105580,1.2699,1.26992,1.26977,1.26986,12127
2026-01-05 00:39:00.105580,1.26998,1.27004,1.26993,1.27002,929
2026-01-05 01:39:00.105580,1.26973,1.26982,1.26961,1.26981,1603
2026-01-05 02:39:00.105580,1.26971,1.26976,1.26966,1.26967,795
2026-01-05 03:39:00.105580,1.26955,1.26975,1.26945,1.26968,4092
2026-01-05 04:39:00.105580,1.26979,1.26989,1.26967,1.2697,1043
2026-01-05 05:39:00.105580,1.27011,1.27026,1.27002,1.27023,3147
2026-01-05 06:39:00.105580,1.27013,1.27016,1.27,1.27015,1078
2026-01-05 07:39:00.105580,1.26991,1.27017,1.26983,1.27003,678
2026-01-05 08:39:00.105580,1.26949,1.2695,1.26942,1.26947,3866
2026-01-05 09:39:00.105580,1.26932,1.26942,1.26917,1.26922,4578
2026-01-05 10:39:00.105580,1.26926,1.2694,1.26909,1.26921,3348
2026-01-05 11:39:00.105580,1.26917,1.26923,1.26913,1.26913,4100
2026-01-05 12:39:00.105580,1.26894,1.26903,1.26879,1.26881,4904
2026-01-05 13:39:00.105580,1.2685,1.26859,1.26829,1.26844,1082
2026-01-05 14:39:00.105580,1.26839,1.26854,1.26825,1.26831,3446
2026-01-05 15:39:00.105580,1.26842,1.26855,1.26839,1.26851,5355
2026-01-05 16:39:00.105580,1.26846,1.26854,1.26823,1.26849,4591
2026-01-05 17:39:00.105580,1.26854,1.26867,1.26853,1.26853,23815
2026-01-05 18:39:00.105580,1.2684,1.26853,1.2684,1.26847,1901
2026-01-05 19:39:00.105580,1.26846,1.26848,1.26834,1.26839,2326
2026-01-05 20:39:00.105580,1.26828,1.26833,1.26812,1.26832,1020
2026-01-05 21:39:00.105580,1.26805,1.26821,1.26781,1.26801,7355
2026-01-05 22:39:00.105580,1.26816,1.26819,1.26813,1.26815,1199
2026-01-05 23:39:00.105580,1.26836,1.26841,1.26829,1.26839,1833
2026-01-06 00:39:00.105580,1.26841,1.26845,1.26829,1.26832,1476
2026-01-06 01:39:00.105580,1.26821,1.26823,1.26819,1.26822,4437
2026-01-06 02:39:00.105580,1.26818,1.26832,1.26809,1.26822,1389
2026-01-06 03:39:00.105580,1.26795,1.26807,1.26788,1.268,3403
2026-01-06 04:39:00.105580,1.26784,1.26789,1.26777,1.26777,689
2026-01-06 05:39:00.105580,1.2675,1.26773,1.26745,1.26747,13143
2026-01-06 06:39:00.105580,1.26733,1.26741,1.26697,1.26723,2086
2026-01-06 07:39:00.105580,1.26746,1.26759,1.26738,1.2675,4791
2026-01-06 08:39:00.105580,1.26733,1.26734,1.26724,1.26729,1801
2026-01-06 09:39:00.105580,1.26729,1.26741,1.26717,1.2674,10313
2026-01-06 10:39:00.105580,1.26729,1.26741,1.26717,1.26722,1944
2026-01-06 11:39:00.105580,1.26729,1.26743,1.26713,1.26732,8574
2026-01-06 12:39:00.105580,1.2673,1.26743,1.26713,1.26729,2455
2026-01-06 13:39:00.105580,1.26745,1.26768,1.26732,1.26743,1140
2026-01-06 14:39:00.105580,1.2675,1.26759,1.26734,1.2674,3937
2026-01-06 15:39:00.105580,1.26752,1.26759,1.2675,1.26758,6861
2026-01-06 16:39:00.105580,1.26765,1.26767,1.2676,1.26762,10746
2026-01-06 17:39:00.105580,1.26771,1.26802,1.26758,1.26765,11270
2026-01-06 18:39:00.105580,1.26771,1.26775,1.26765,1.26772,8005
2026-01-06 19:39:00.105580,1.26742,1.26748,1.26716,1.26748,1535
2026-01-06 20:39:00.105580,1.26761,1.26774,1.26752,1.26762,1514
2026-01-06 21:39:00.105580,1.26758,1.26765,1.26746,1.26748,1851
2026-01-06 22:39:00.105580,1.26743,1.26745,1.26737,1.26739,9798
2026-01-06 23:39:00.105580,1.26763,1.26772,1.26742,1.26768,4417
2026-01-07 00:39:00.105580,1.26763,1.26766,1.2675,1.26756,1203
2026-01-07 01:39:00.105580,1.26744,1.26745,1.26732,1.26736,6813
2026-01-07 02:39:00.105580,1.2673,1.26742,1.26725,1.26735,5750
2026-01-07 03:39:00.105580,1.26745,1.26756,1.26735,1.26735,2146
2026-01-07 04:39:00.105580,1.26742,1.26745,1.26738,1.26741,2837
2026-01-07 05:39:00.105580,1.26753,1.26766,1.26728,1.26761,10015
2026-01-07 06:39:00.105580,1.26743,1.26759,1.26723,1.26753,1654
2026-01-07 07:39:00.105580,1.26737,1.26742,1.26721,1.26731,2300
2026-01-07 08:39:00.105580,1.26747,1.26751,1.26747,1.26749,4974
2026-01-07 09:39:00.105580,1.26738,1.26757,1.26728,1.2675,5208
2026-01-07 10:39:00.105580,1.26738,1.26756,1.26705,1.26726,2921
2026-01-07 11:39:00.105580,1.2673,1.26733,1.2672,1.26726,7684
2026-01-07 12:39:00.105580,1.26761,1.26789,1.26753,1.26774,9705
2026-01-07 13:39:00.105580,1.26756,1.26758,1.26742,1.26753,1154
2026-01-07 14:39:00.105580,1.26761,1.26771,1.26751,1.26761,3571
2026-01-07 15:39:00.105580,1.26761,1.26778,1.26746,1.26764,2504
2026-01-07 16:39:00.105580,1.26728,1.26732,1.26717,1.26729,10737
2026-01-07 17:39:00.105580,1.26713,1.26717,1.2671,1.26714,1655
2026-01-07 18:39:00.105580,1.26739,1.26741,1.26733,1.26738,2561
2026-01-07 19:39:00.105580,1.26737,1.26739,1.26707,1.26727,2786
2026-01-07 20:39:00.105580,1.26705,1.26729,1.26704,1.26713,3114
2026-01-07 21:39:00.105580,1.26705,1.26711,1.26696,1.26709,1759
2026-01-07 22:39:00.105580,1.26689,1.26702,1.26686,1.26692,2820
2026-01-07 23:39:00.105580,1.26701,1.26708,1.26698,1.26706,1629
2026-01-08 00:39:00.105580,1.26691,1.26718,1.26683,1.26685,6219
2026-01-08 01:39:00.105580,1.26679,1.26693,1.26675,1.26691,2264
2026-01-08 02:39:00.105580,1.26695,1.26712,1.26683,1.26684,1485
2026-01-08 03:39:00.105580,1.26695,1.26711,1.26675,1.26708,1425
2026-01-08 04:39:00.105580,1.26702,1.26721,1.26696,1.26716,1385
2026-01-08 05:39:00.105580,1.26675,1.26696,1.26673,1.26679,1590
2026-01-08 06:39:00.105580,1.2668,1.26697,1.2667,1.26679,6643
2026-01-08 07:39:00.105580,1.26671,1.26673,1.26666,1.26673,4912
2026-01-08 08:39:00.105580,1.26675,1.26689,1.2667,1.26673,652
2026-01-08 09:39:00.105580,1.26694,1.26714,1.26686,1.26701,9197
2026-01-08 10:39:00.105580,1.26668,1.26676,1.26657,1.2667,3007
2026-01-08 11:39:00.105580,1.26689,1.26707,1.26671,1.26695,1846
2026-01-08 12:39:00.105580,1.26682,1.26695,1.26671,1.26685,5959
2026-01-08 13:39:00.105580,1.26681,1.26693,1.26677,1.26681,4016
2026-01-08 14:39:00.105580,1.26666,1.26677,1.26659,1.26668,10919
2026-01-08 15:39:00.105580,1.26678,1.26691,1.26668,1.26674,1296
2026-01-08 16:39:00.105580,1.26675,1.26684,1.26671,1.26679,4789
2026-01-08 17:39:00.105580,1.26658,1.26672,1.2665,1.26651,2646
2026-01-08 18:39:00.105580,1.26657,1.26668,1.26647,1.2666,3973
2026-01-08 19:39:00.105580,1.2667,1.2668,1.26657,1.26665,4898
2026-01-08 20:39:00.105580,1.26688,1.26706,1.2667,1.26697,6043
2026-01-08 21:39:00.105580,1.26663,1.26682,1.2663,1.26676,3887
2026-01-08 22:39:00.105580,1.2666,1.26684,1.26655,1.26661,3411
2026-01-08 23:39:00.105580,1.26697,1.26699,1.26694,1.26694,2581
2026-01-09 00:39:00.105580,1.26681,1.267,1.26679,1.26696,1510
2026-01-09 01:39:00.105580,1.26688,1.26696,1.26685,1.26694,446
2026-01-09 02:39:00.105580,1.26702,1.26707,1.26702,1.26704,810
2026-01-09 03:39:00.105580,1.2669,1.26709,1.26675,1.267,5223
2026-01-09 04:39:00.105580,1.26675,1.26691,1.26655,1.26679,993
2026-01-09 05:39:00.105580,1.26668,1.26675,1.26658,1.26666,3298
2026-01-09 06:39:00.105580,1.26681,1.26687,1.26652,1.26678,2022
2026-01-09 07:39:00.105580,1.26679,1.26687,1.26676,1.26678,2444
2026-01-09 08:39:00.105580,1.26669,1.26673,1.2665,1.26669,2777
2026-01-09 09:39:00.105580,1.2667,1.26677,1.26667,1.2667,2837
2026-01-09 10:39:00.105580,1.26662,1.26677,1.26657,1.26658,6306
2026-01-09 11:39:00.105580,1.26674,1.26693,1.2667,1.26688,1506
2026-01-09 12:39:00.105580,1.26668,1.26681,1.2664,1.26659,5629
2026-01-09 13:39:00.105580,1.26694,1.26704,1.26681,1.2669,2746
2026-01-09 14:39:00.105580,1.26676,1.26686,1.26661,1.26685,28391
2026-01-09 15:39:00.105580,1.2667,1.26676,1.26648,1.26662,6232
2026-01-09 16:39:00.105580,1.26661,1.26674,1.26648,1.26658,2598
2026-01-09 17:39:00.105580,1.26644,1.26646,1.26643,1.26644,5200
2026-01-09 18:39:00.105580,1.26622,1.26625,1.26602,1.26615,4710
2026-01-09 19:39:00.105580,1.26595,1.26596,1.26583,1.26594,2622
2026-01-09 20:39:00.105580,1.26619,1.26634,1.26619,1.26629,14162
2026-01-09 21:39:00.105580,1.26631,1.26637,1.26618,1.26623,1410
2026-01-09 22:39:00.105580,1.26652,1.26658,1.2665,1.26655,5944
2026-01-09 23:39:00.105580,1.26677,1.26679,1.26671,1.26673,1823
2026-01-10 00:39:00.105580,1.26656,1.26662,1.26641,1.2666,493
2026-01-10 01:39:00.105580,1.2665,1.26668,1.26647,1.26656,2180
2026-01-10 02:39:00.105580,1.26655,1.26675,1.2665,1.26652,3819
2026-01-10 03:39:00.105580,1.26686,1.2669,1.26685,1.26688,6701
2026-01-10 04:39:00.105580,1.26654,1.26682,1.26652,1.26662,1034
2026-01-10 05:39:00.105580,1.26667,1.2668,1.26656,1.26664,1305
2026-01-10 06:39:00.105580,1.26656,1.26682,1.26628,1.26634,1315
2026-01-10 07:39:00.105580,1.26633,1.26658,1.26621,1.26645,1304
2026-01-10 08:39:00.105580,1.2664,1.26657,1.2662,1.2663,9334
2026-01-10 09:39:00.105580,1.26657,1.26666,1.26644,1.2666,4889
2026-01-10 10:39:00.105580,1.2666,1.26674,1.26649,1.26653,11293
2026-01-10 11:39:00.105580,1.26703,1.26705,1.26688,1.267,4497
2026-01-10 12:39:00.105580,1.26696,1.26709,1.2669,1.26701,2726
2026-01-10 13:39:00.105580,1.26664,1.26672,1.26651,1.26659,3896
2026-01-10 14:39:00.105580,1.26652,1.26664,1.26645,1.26649,8121
2026-01-10 15:39:00.105580,1.26658,1.26668,1.2664,1.26657,4922
2026-01-10 16:39:00.105580,1.26653,1.26668,1.26635,1.26648,3981
2026-01-10 17:39:00.105580,1.26653,1.26673,1.26638,1.26667,4832
2026-01-10 18:39:00.105580,1.26673,1.26677,1.26651,1.26664,2705
2026-01-10 19:39:00.105580,1.26699,1.26719,1.26677,1.26693,6352
2026-01-10 20:39:00.105580,1.2671,1.26712,1.26696,1.26705,633
2026-01-10 21:39:00.105580,1.26713,1.26736,1.26707,1.26734,634
2026-01-10 22:39:00.105580,1.26707,1.26724,1.2668,1.26696,5445
2026-01-10 23:39:00.105580,1.26727,1.26742,1.26714,1.26719,5033
2026-01-11 00:39:00.105580,1.26712,1.2673,1.26699,1.26715,1387
2026-01-11 01:39:00.105580,1.26717,1.26736,1.26715,1.26722,1811
2026-01-11 02:39:00.105580,1.26725,1.26738,1.26715,1.26731,6638
2026-01-11 03:39:00.105580,1.2675,1.26761,1.26736,1.26742,2379
2026-01-11 04:39:00.105580,1.26743,1.26747,1.26736,1.26745,2854
2026-01-11 05:39:00.105580,1.26731,1.26741,1.26718,1.26736,2589
2026-01-11 06:39:00.105580,1.267,1.26711,1.26693,1.26696,2416
2026-01-11 07:39:00.105580,1.26705,1.26717,1.26691,1.26707,2730
2026-01-11 08:39:00.105580,1.26747,1.26752,1.26739,1.26751,6601
2026-01-11 09:39:00.105580,1.26733,1.26756,1.26727,1.26733,14314
2026-01-11 10:39:00.105580,1.26752,1.2676,1.26727,1.26742,972
2026-01-11 11:39:00.105580,1.26758,1.26767,1.26756,1.26759,6051
2026-01-11 12:39:00.105580,1.26767,1.26779,1.26742,1.26768,2988
2026-01-11 13:39:00.105580,1.26783,1.26793,1.26759,1.26786,2134
2026-01-11 14:39:00.105580,1.26764,1.26775,1.26747,1.26754,2963
2026-01-11 15:39:00.105580,1.26757,1.26758,1.26742,1.2675,9890
2026-01-11 16:39:00.105580,1.26761,1.26769,1.26752,1.26763,5399
2026-01-11 17:39:00.105580,1.26751,1.26766,1.2675,1.26751,6939
2026-01-11 18:39:00.105580,1.26752,1.26769,1.26728,1.26762,8377
2026-01-11 19:39:00.105580,1.26746,1.26755,1.26721,1.26735,14506
2026-01-11 20:39:00.105580,1.26739,1.2674,1.26727,1.26739,15443
2026-01-11 21:39:00.105580,1.26753,1.26762,1.26732,1.26746,3098
2026-01-11 22:39:00.105580,1.26772,1.26798,1.26769,1.26779,2590
2026-01-11 23:39:00.105580,1.26765,1.26772,1.26756,1.26764,4246
2026-01-12 00:39:00.105580,1.26753,1.26756,1.26736,1.26752,1937
2026-01-12 01:39:00.105580,1.26754,1.26773,1.26754,1.26762,473
2026-01-12 02:39:00.105580,1.26752,1.26761,1.2674,1.26743,8964
2026-01-12 03:39:00.105580,1.26769,1.26778,1.26758,1.26772,1533
2026-01-12 04:39:00.105580,1.26753,1.26764,1.2674,1.26747,4166
2026-01-12 05:39:00.105580,1.26767,1.26778,1.26763,1.2677,451
2026-01-12 06:39:00.105580,1.26764,1.26787,1.26753,1.26774,2288
2026-01-12 07:39:00.105580,1.26751,1.26753,1.26739,1.26752,5166
2026-01-12 08:39:00.105580,1.26752,1.26768,1.26739,1.2674,1626
2026-01-12 09:39:00.105580,1.26753,1.26774,1.26737,1.26762,10234
2026-01-12 10:39:00.105580,1.267,1.26728,1.26699,1.26709,1988
2026-01-12 11:39:00.105580,1.26696,1.26702,1.26688,1.26695,5044
2026-01-12 12:39:00.105580,1.26701,1.26709,1.26696,1.26699,6937
2026-01-12 13:39:00.105580,1.26706,1.26729,1.26702,1.26712,3993
2026-01-12 14:39:00.105580,1.26693,1.26694,1.26682,1.26684,6771
2026-01-12 15:39:00.105580,1.26694,1.26703,1.26673,1.26694,8679
2026-01-12 16:39:00.105580,1.26677,1.26691,1.26674,1.26681,15015
2026-01-12 17:39:00.105580,1.26681,1.26681,1.26674,1.26681,18936
2026-01-12 18:39:00.105580,1.26674,1.26691,1.26668,1.26685,9363
2026-01-12 19:39:00.105580,1.26678,1.26698,1.26675,1.26685,15401
2026-01-12 20:39:00.105580,1.26687,1.26696,1.26673,1.26689,9754
2026-01-12 21:39:00.105580,1.26676,1.26687,1.26661,1.26683,5200
2026-01-12 22:39:00.105580,1.26677,1.2669,1.26651,1.26678,1170
2026-01-12 23:39:00.105580,1.26674,1.26701,1.26663,1.26668,3472
2026-01-13 00:39:00.105580,1.26677,1.2669,1.2665,1.26677,1225
2026-01-13 01:39:00.105580,1.2668,1.26683,1.26671,1.26679,5548
2026-01-13 02:39:00.105580,1.26666,1.26686,1.2664,1.26678,1317
2026-01-13 03:39:00.105580,1.26671,1.26686,1.26664,1.26665,694
2026-01-13 04:39:00.105580,1.26668,1.26671,1.26659,1.26666,926
2026-01-13 05:39:00.105580,1.26659,1.2667,1.26651,1.26657,440
2026-01-13 06:39:00.105580,1.26644,1.2665,1.26643,1.26645,5003
2026-01-13 07:39:00.105580,1.26638,1.26646,1.26625,1.26628,3690
2026-01-13 08:39:00.105580,1.26655,1.26679,1.26647,1.26657,1464
2026-01-13 09:39:00.105580,1.26634,1.26662,1.26627,1.26647,2043
2026-01-13 10:39:00.105580,1.26626,1.26629,1.26601,1.26611,1682
2026-01-13 11:39:00.105580,1.26621,1.26633,1.26608,1.26625,3726
2026-01-13 12:39:00.105580,1.26607,1.26625,1.26604,1.26619,6233
2026-01-13 13:39:00.105580,1.26604,1.26615,1.26588,1.26599,4925
2026-01-13 14:39:00.105580,1.26594,1.26606,1.2658,1.26596,3308
2026-01-13 15:39:00.105580,1.26587,1.26598,1.26577,1.26587,5183
2026-01-13 16:39:00.105580,1.26598,1.26616,1.26587,1.26606,2851
2026-01-13 17:39:00.105580,1.26581,1.26591,1.26561,1.2659,9623
2026-01-13 18:39:00.105580,1.26586,1.26597,1.26582,1.26592,4722
2026-01-13 19:39:00.105580,1.26582,1.26606,1.26554,1.26568,2775
2026-01-13 20:39:00.105580,1.26577,1.26604,1.2656,1.2659,3189
2026-01-13 21:39:00.105580,1.26576,1.26588,1.2656,1.26565,446
2026-01-13 22:39:00.105580,1.26558,1.2656,1.26541,1.26555,1296
2026-01-13 23:39:00.105580,1.26554,1.26558,1.26543,1.26552,3766
2026-01-14 00:39:00.105580,1.26564,1.26565,1.26557,1.26565,718
2026-01-14 01:39:00.105580,1.26557,1.26576,1.26547,1.2657,1951
2026-01-14 02:39:00.105580,1.26578,1.26583,1.26558,1.26576,855
2026-01-14 03:39:00.105580,1.26574,1.26578,1.26559,1.26568,2723
2026-01-14 04:39:00.105580,1.26566,1.26581,1.2654,1.26566,759
2026-01-14 05:39:00.105580,1.26581,1.26584,1.26581,1.26582,876
2026-01-14 06:39:00.105580,1.26564,1.26566,1.26547,1.26557,2370
2026-01-14 07:39:00.105580,1.26546,1.26547,1.26534,1.26544,2366
2026-01-14 08:39:00.105580,1.26563,1.26564,1.26542,1.26556,5509
2026-01-14 09:39:00.105580,1.26578,1.26588,1.26563,1.2658,17687
2026-01-14 10:39:00.105580,1.26588,1.26597,1.26573,1.2658,2172
2026-01-14 11:39:00.105580,1.26581,1.26593,1.26561,1.26588,5219
2026-01-14 12:39:00.105580,1.26566,1.26571,1.26547,1.26565,3466
2026-01-14 13:39:00.105580,1.26579,1.26582,1.26562,1.26577,3693
2026-01-14 14:39:00.105580,1.26568,1.26579,1.26549,1.26572,7868
2026-01-14 15:39:00.105580,1.26575,1.26577,1.26549,1.26573,14769
2026-01-14 16:39:00.105580,1.26583,1.266,1.26579,1.26584,7068
2026-01-14 17:39:00.105580,1.26584,1.26596,1.26584,1.26593,3208
2026-01-14 18:39:00.105580,1.26569,1.26581,1.2656,1.26573,5082
2026-01-14 19:39:00.105580,1.26593,1.2661,1.26565,1.26585,3732
2026-01-14 20:39:00.105580,1.26591,1.26595,1.26576,1.26581,13732
2026-01-14 21:39:00.105580,1.26579,1.26585,1.26572,1.26574,1735
2026-01-14 22:39:00.105580,1.26594,1.26605,1.26593,1.26596,3222
2026-01-14 23:39:00.105580,1.26578,1.2659,1.26561,1.26572,2146
2026-01-15 00:39:00.105580,1.26584,1.26599,1.26572,1.26584,3383
2026-01-15 01:39:00.105580,1.26591,1.26609,1.26586,1.26587,5719
2026-01-15 02:39:00.105580,1.26601,1.26614,1.26593,1.26596,2574
2026-01-15 03:39:00.105580,1.2661,1.26617,1.26604,1.26606,394
2026-01-15 04:39:00.105580,1.2661,1.26623,1.26606,1.26614,7228
2026-01-15 05:39:00.105580,1.2662,1.26639,1.26614,1.26633,1341
2026-01-15 06:39:00.105580,1.26642,1.26649,1.26623,1.2664,2251
2026-01-15 07:39:00.105580,1.2663,1.26639,1.26619,1.26632,1472
2026-01-15 08:39:00.105580,1.26622,1.26627,1.26601,1.26617,9235
2026-01-15 09:39:00.105580,1.26626,1.26636,1.26609,1.26623,7462
2026-01-15 10:39:00.105580,1.26619,1.26632,1.26599,1.26614,10805
2026-01-15 11:39:00.105580,1.26606,1.26612,1.26603,1.26605,10614
2026-01-15 12:39:00.105580,1.26617,1.26627,1.26611,1.26623,5164
2026-01-15 13:39:00.105580,1.26641,1.26646,1.26641,1.26644,8169
2026-01-15 14:39:00.105580,1.2665,1.26662,1.26645,1.26653,5449
2026-01-15 15:39:00.105580,1.26644,1.26649,1.26635,1.26648,4257
2026-01-15 16:39:00.105580,1.26666,1.26676,1.26662,1.26671,8685
2026-01-15 17:39:00.105580,1.26652,1.26675,1.26644,1.26649,5473
2026-01-15 18:39:00.105580,1.26669,1.2668,1.2666,1.26675,10981
2026-01-15 19:39:00.105580,1.26659,1.26673,1.26647,1.26668,3293
2026-01-15 20:39:00.105580,1.26639,1.26656,1.26615,1.26637,7069
2026-01-15 21:39:00.105580,1.26671,1.26674,1.26662,1.26671,17169
2026-01-15 22:39:00.105580,1.26696,1.26721,1.26685,1.26709,5801
2026-01-15 23:39:00.105580,1.26722,1.2673,1.26722,1.26722,4179
2026-01-16 00:39:00.105580,1.26693,1.26695,1.26674,1.26682,4695
2026-01-16 01:39:00.105580,1.26708,1.26712,1.26697,1.26704,7491
2026-01-16 02:39:00.105580,1.26677,1.26681,1.26651,1.26664,1388
2026-01-16 03:39:00.105580,1.26671,1.26675,1.26669,1.26673,2356
2026-01-16 04:39:00.105580,1.26674,1.26676,1.26669,1.26669,2439
2026-01-16 05:39:00.105580,1.26675,1.26683,1.26674,1.26675,2451
2026-01-16 06:39:00.105580,1.26682,1.26692,1.26677,1.26679,5482
2026-01-16 07:39:00.105580,1.26688,1.26699,1.26679,1.26691,1595
2026-01-16 08:39:00.105580,1.26677,1.26686,1.26674,1.26682,2953
2026-01-16 09:39:00.105580,1.26683,1.26699,1.26674,1.26679,6012
2026-01-16 10:39:00.105580,1.26689,1.26695,1.26681,1.26692,9683
2026-01-16 11:39:00.105580,1.26692,1.26708,1.26687,1.267,9004
2026-01-16 12:39:00.105580,1.26671,1.26674,1.26662,1.26668,1335
2026-01-16 13:39:00.105580,1.26677,1.26687,1.26651,1.26669,10651
2026-01-16 14:39:00.105580,1.2667,1.26674,1.26647,1.26656,3535
2026-01-16 15:39:00.105580,1.26677,1.2668,1.26673,1.26673,9979
2026-01-16 16:39:00.105580,1.26667,1.26676,1.26642,1.26648,5586
2026-01-16 17:39:00.105580,1.2665,1.26658,1.26649,1.26656,4213
2026-01-16 18:39:00.105580,1.26654,1.26686,1.26649,1.26671,5713
2026-01-16 19:39:00.105580,1.26657,1.2667,1.26653,1.26661,2941
2026-01-16 20:39:00.105580,1.2667,1.26685,1.26649,1.26683,6232
2026-01-16 21:39:00.105580,1.26648,1.26662,1.26643,1.26646,3316
2026-01-16 22:39:00.105580,1.26644,1.26651,1.2663,1.26635,2083
2026-01-16 23:39:00.105580,1.26651,1.26655,1.26632,1.26647,2518
2026-01-17 00:39:00.105580,1.26679,1.26699,1.26678,1.26686,1259
2026-01-17 01:39:00.105580,1.26664,1.26681,1.26644,1.26661,3850
2026-01-17 02:39:00.105580,1.26674,1.2668,1.26659,1.26671,3814
2026-01-17 03:39:00.105580,1.26698,1.26702,1.26696,1.26697,1820
2026-01-17 04:39:00.105580,1.26687,1.26692,1.26663,1.26673,625
2026-01-17 05:39:00.105580,1.26689,1.26693,1.26673,1.26681,2040
2026-01-17 06:39:00.105580,1.26676,1.2668,1.26667,1.26668,3506
2026-01-17 07:39:00.105580,1.26669,1.2668,1.26649,1.26678,1801
2026-01-17 08:39:00.105580,1.26663,1.26689,1.26661,1.26669,1490
2026-01-17 09:39:00.105580,1.26618,1.26625,1.26616,1.26619,21882
2026-01-17 10:39:00.105580,1.26622,1.26626,1.26605,1.26614,3495
2026-01-17 11:39:00.105580,1.26617,1.26626,1.26615,1.26623,2658
2026-01-17 12:39:00.105580,1.26598,1.26617,1.26588,1.266,20636
2026-01-17 13:39:00.105580,1.26575,1.26598,1.26572,1.26584,11411
2026-01-17 14:39:00.105580,1.26566,1.26572,1.2655,1.26558,5665
2026-01-17 15:39:00.105580,1.26584,1.2661,1.26579,1.26583,1747
2026-01-17 16:39:00.105580,1.26554,1.2656,1.26548,1.26558,44449
2026-01-17 17:39:00.105580,1.2654,1.26558,1.26517,1.26547,10193
2026-01-17 18:39:00.105580,1.2654,1.26549,1.26525,1.26535,1033
2026-01-17 19:39:00.105580,1.26529,1.26552,1.26528,1.26529,10625
2026-01-17 20:39:00.105580,1.26506,1.26518,1.26486,1.26508,4783
2026-01-17 21:39:00.105580,1.26504,1.26527,1.26495,1.26525,1828
2026-01-17 22:39:00.105580,1.26531,1.26554,1.26516,1.26543,3113
2026-01-17 23:39:00.105580,1.26522,1.26527,1.26495,1.26513,2277
2026-01-18 00:39:00.105580,1.26534,1.2656,1.26531,1.26535,2333
2026-01-18 01:39:00.105580,1.2653,1.26544,1.26529,1.2653,2265
2026-01-18 02:39:00.105580,1.26555,1.26567,1.26543,1.26548,2197
2026-01-18 03:39:00.105580,1.26558,1.26568,1.26551,1.26554,3211
2026-01-18 04:39:00.105580,1.26547,1.26554,1.26541,1.26548,1791
2026-01-18 05:39:00.105580,1.26526,1.26536,1.26513,1.26517,1896
2026-01-18 06:39:00.105580,1.26512,1.26519,1.2648,1.265,624
2026-01-18 07:39:00.105580,1.26512,1.26512,1.26507,1.2651,629
2026-01-18 08:39:00.105580,1.26517,1.26536,1.26516,1.26518,2653
2026-01-18 09:39:00.105580,1.26523,1.26532,1.26515,1.26517,6531
2026-01-18 10:39:00.105580,1.26531,1.26548,1.26519,1.26535,9327
2026-01-18 11:39:00.105580,1.2655,1.26554,1.26538,1.2655,7264
2026-01-18 12:39:00.105580,1.26549,1.26554,1.26523,1.26542,9793
2026-01-18 13:39:00.105580,1.26555,1.26573,1.26548,1.26565,1790
2026-01-18 14:39:00.105580,1.26524,1.26542,1.26516,1.26522,10878
2026-01-18 15:39:00.105580,1.2648,1.26498,1.26467,1.26487,6806
2026-01-18 16:39:00.105580,1.26502,1.26514,1.26484,1.26501,7201
2026-01-18 17:39:00.105580,1.26508,1.2653,1.26499,1.2651,1240
2026-01-18 18:39:00.105580,1.26497,1.26503,1.2649,1.26492,6144
2026-01-18 19:39:00.105580,1.26484,1.26496,1.26476,1.26477,5512
2026-01-18 20:39:00.105580,1.26469,1.26486,1.26467,1.26476,7529
2026-01-18 21:39:00.105580,1.2647,1.26477,1.26462,1.26466,2749
2026-01-18 22:39:00.105580,1.26445,1.2645,1.26436,1.26444,3134
2026-01-18 23:39:00.105580,1.26435,1.2645,1.26417,1.26443,968
2026-01-19 00:39:00.105580,1.26462,1.26474,1.26461,1.26471,5191
2026-01-19 01:39:00.105580,1.26472,1.26472,1.26463,1.26472,2805
2026-01-19 02:39:00.105580,1.26463,1.26473,1.26453,1.26467,17057
2026-01-19 03:39:00.105580,1.26451,1.26458,1.26443,1.2645,2003
2026-01-19 04:39:00.105580,1.26461,1.26466,1.26444,1.26453,7364
2026-01-19 05:39:00.105580,1.2646,1.26466,1.26459,1.26463,4298
2026-01-19 06:39:00.105580,1.26469,1.26492,1.26457,1.2647,3082
2026-01-19 07:39:00.105580,1.26475,1.26476,1.26463,1.26468,1080
2026-01-19 08:39:00.105580,1.26473,1.26492,1.26466,1.26482,2851
2026-01-19 09:39:00.105580,1.26467,1.26481,1.26449,1.26473,10677
2026-01-19 10:39:00.105580,1.26457,1.26468,1.26446,1.26454,17656
2026-01-19 11:39:00.105580,1.26463,1.26464,1.26453,1.26458,1667
2026-01-19 12:39:00.105580,1.26468,1.26482,1.26453,1.26463,4847
2026-01-19 13:39:00.105580,1.26472,1.26497,1.26463,1.2649,15252
2026-01-19 14:39:00.105580,1.26471,1.26483,1.26459,1.26479,18060
2026-01-19 15:39:00.105580,1.26462,1.26466,1.2645,1.26461,4392
2026-01-19 16:39:00.105580,1.26451,1.26451,1.26434,1.26442,483
2026-01-19 17:39:00.105580,1.26448,1.26453,1.26429,1.26441,8501
2026-01-19 18:39:00.105580,1.26464,1.26469,1.26445,1.26458,11105
2026-01-19 19:39:00.105580,1.26451,1.26476,1.26429,1.26442,2705
2026-01-19 20:39:00.105580,1.26455,1.26473,1.26446,1.26467,12384
2026-01-19 21:39:00.105580,1.26461,1.26463,1.26448,1.26462,3258
2026-01-19 22:39:00.105580,1.26463,1.26469,1.26436,1.26458,8566
2026-01-19 23:39:00.105580,1.26475,1.26497,1.26463,1.26484,2786
2026-01-20 00:39:00.105580,1.26493,1.26506,1.26474,1.26492,1415
2026-01-20 01:39:00.105580,1.26527,1.26532,1.26513,1.26529,516
2026-01-20 02:39:00.105580,1.26543,1.26548,1.26542,1.26543,4893
2026-01-20 03:39:00.105580,1.26524,1.26533,1.26519,1.26525,1620
2026-01-20 04:39:00.105580,1.26531,1.26534,1.26523,1.26524,4339
2026-01-20 05:39:00.105580,1.26523,1.26526,1.26519,1.26522,1000
2026-01-20 06:39:00.105580,1.26526,1.26548,1.26513,1.26536,3969
2026-01-20 07:39:00.105580,1.2655,1.2656,1.26529,1.26536,2782
2026-01-20 08:39:00.105580,1.26542,1.26555,1.26524,1.26528,2552
2026-01-20 09:39:00.105580,1.26526,1.2654,1.26497,1.2652,9462
2026-01-20 10:39:00.105580,1.2654,1.26558,1.26516,1.26532,3504
2026-01-20 11:39:00.105580,1.26537,1.26557,1.26527,1.26537,3085
2026-01-20 12:39:00.105580,1.26533,1.26544,1.26521,1.26527,5318
2026-01-20 13:39:00.105580,1.26576,1.26581,1.26561,1.26566,1656
2026-01-20 14:39:00.105580,1.26568,1.26582,1.26561,1.26576,3302
2026-01-20 15:39:00.105580,1.26557,1.26559,1.26556,1.26559,5124
2026-01-20 16:39:00.105580,1.26543,1.26563,1.26531,1.26552,11802
2026-01-20 17:39:00.105580,1.2655,1.2656,1.26545,1.26558,7966
2026-01-20 18:39:00.105580,1.26539,1.26543,1.26525,1.26533,3608
2026-01-20 19:39:00.105580,1.26531,1.26551,1.26519,1.26538,26150
2026-01-20 20:39:00.105580,1.26545,1.26546,1.26541,1.26544,5112
2026-01-20 21:39:00.105580,1.26542,1.26564,1.2654,1.26546,990
2026-01-20 22:39:00.105580,1.26528,1.26535,1.26519,1.26521,5208
2026-01-20 23:39:00.105580,1.26526,1.26537,1.26522,1.26524,623
2026-01-21 00:39:00.105580,1.26554,1.26578,1.26539,1.26556,1029
2026-01-21 01:39:00.105580,1.26571,1.26577,1.26553,1.26564,677
2026-01-21 02:39:00.105580,1.26583,1.26601,1.2656,1.26594,1563
2026-01-21 03:39:00.105580,1.26606,1.26615,1.26591,1.26598,1457
2026-01-21 04:39:00.105580,1.26604,1.26609,1.26584,1.26596,3206
2026-01-21 05:39:00.105580,1.26605,1.26616,1.26586,1.26587,1716
2026-01-21 06:39:00.105580,1.26607,1.26617,1.2659,1.26604,10399
2026-01-21 07:39:00.105580,1.2661,1.26617,1.2661,1.2661,2165
2026-01-21 08:39:00.105580,1.26595,1.26607,1.26579,1.26595,6090
2026-01-21 09:39:00.105580,1.26593,1.26604,1.26585,1.26594,2341
2026-01-21 10:39:00.105580,1.26605,1.26621,1.26598,1.26613,27036
2026-01-21 11:39:00.105580,1.2661,1.26632,1.26604,1.26625,10623
2026-01-21 12:39:00.105580,1.26598,1.26604,1.26587,1.26594,2253
2026-01-21 13:39:00.105580,1.26592,1.26598,1.26583,1.26596,4564
2026-01-21 14:39:00.105580,1.26585,1.26596,1.26584,1.26595,5817
2026-01-21 15:39:00.105580,1.26585,1.26591,1.26581,1.26588,1931
2026-01-21 16:39:00.105580,1.26565,1.26572,1.26554,1.26559,6099
2026-01-21 17:39:00.105580,1.26557,1.26564,1.26552,1.26556,4254
2026-01-21 18:39:00.105580,1.26556,1.26564,1.26533,1.26548,6004
2026-01-21 19:39:00.105580,1.26558,1.26563,1.26551,1.26552,12369
2026-01-21 20:39:00.105580,1.26553,1.26561,1.2654,1.2656,1072
2026-01-21 21:39:00.105580,1.26544,1.26565,1.26543,1.26557,1461
2026-01-21 22:39:00.105580,1.26532,1.26538,1.26522,1.26529,5088
2026-01-21 23:39:00.105580,1.26564,1.26574,1.26557,1.26559,5518
2026-01-22 00:39:00.105580,1.2655,1.26565,1.26549,1.2655,2085
2026-01-22 01:39:00.105580,1.26538,1.26556,1.26524,1.26543,853
2026-01-22 02:39:00.105580,1.26528,1.26561,1.26523,1.26526,1892
2026-01-22 03:39:00.105580,1.26541,1.26555,1.26539,1.26545,5296
2026-01-22 04:39:00.105580,1.26534,1.26542,1.26514,1.26526,2105
2026-01-22 05:39:00.105580,1.26519,1.26533,1.26502,1.2651,2090
2026-01-22 06:39:00.105580,1.26546,1.26552,1.26542,1.26549,1470
2026-01-22 07:39:00.105580,1.26543,1.26578,1.26539,1.26552,3063
2026-01-22 08:39:00.105580,1.26551,1.26555,1.26544,1.26554,6558
2026-01-22 09:39:00.105580,1.26564,1.26577,1.26558,1.2656,3286
2026-01-22 10:39:00.105580,1.26549,1.26568,1.26547,1.26567,5145
2026-01-22 11:39:00.105580,1.2654,1.26544,1.2653,1.26539,7206
2026-01-22 12:39:00.105580,1.2652,1.26533,1.26488,1.26507,1636
2026-01-22 13:39:00.105580,1.26522,1.26535,1.2649,1.26508,1066
2026-01-22 14:39:00.105580,1.26533,1.26548,1.26524,1.26527,3154
2026-01-22 15:39:00.105580,1.26543,1.26562,1.26527,1.2654,4120
2026-01-22 16:39:00.105580,1.26548,1.26561,1.26543,1.26551,3896
2026-01-22 17:39:00.105580,1.26548,1.26552,1.26527,1.26551,15255
2026-01-22 18:39:00.105580,1.26549,1.26566,1.2654,1.26564,17900
2026-01-22 19:39:00.105580,1.26565,1.2658,1.26563,1.26579,5033
2026-01-22 20:39:00.105580,1.2656,1.26563,1.2653,1.26548,4688
2026-01-22 21:39:00.105580,1.26558,1.26563,1.26544,1.26551,2826
2026-01-22 22:39:00.105580,1.26551,1.26562,1.26534,1.26542,3270
2026-01-22 23:39:00.105580,1.26552,1.26553,1.2654,1.26546,1592
2026-01-23 00:39:00.105580,1.26545,1.26562,1.26545,1.26553,2342
2026-01-23 01:39:00.105580,1.26526,1.26531,1.26518,1.26526,4160
2026-01-23 02:39:00.105580,1.26498,1.26503,1.26493,1.26501,4089
2026-01-23 03:39:00.105580,1.265,1.26507,1.26495,1.26499,3861
2026-01-23 04:39:00.105580,1.26494,1.26498,1.26471,1.26483,1823
2026-01-23 05:39:00.105580,1.26508,1.26521,1.26499,1.2651,1467
2026-01-23 06:39:00.105580,1.26498,1.26508,1.26488,1.26497,1944
2026-01-23 07:39:00.105580,1.26475,1.26477,1.2646,1.26474,4901
2026-01-23 08:39:00.105580,1.26478,1.26494,1.26475,1.26483,3742
2026-01-23 09:39:00.105580,1.26499,1.26512,1.26486,1.26509,2832
2026-01-23 10:39:00.105580,1.265,1.26505,1.2648,1.26496,3774
2026-01-23 11:39:00.105580,1.26481,1.26497,1.26459,1.26462,1374
2026-01-23 12:39:00.105580,1.26474,1.26474,1.26442,1.26468,3300
2026-01-23 13:39:00.105580,1.26464,1.2648,1.26448,1.26456,1900
2026-01-23 14:39:00.105580,1.26446,1.26462,1.26442,1.2645,2775
2026-01-23 15:39:00.105580,1.26438,1.2645,1.26422,1.26435,1198
2026-01-23 16:39:00.105580,1.26421,1.26438,1.26405,1.26412,510
2026-01-23 17:39:00.105580,1.26381,1.26397,1.26376,1.26376,5162
2026-01-23 18:39:00.105580,1.26395,1.26396,1.26391,1.26395,1674
2026-01-23 19:39:00.105580,1.26389,1.264,1.2637,1.26389,4435
2026-01-23 20:39:00.105580,1.26388,1.26393,1.26371,1.26387,3636
2026-01-23 21:39:00.105580,1.26397,1.2641,1.26393,1.26402,6480
2026-01-23 22:39:00.105580,1.26402,1.26407,1.26383,1.26393,4880
2026-01-23 23:39:00.105580,1.26392,1.26409,1.26389,1.264,17315
2026-01-24 00:39:00.105580,1.26395,1.26427,1.26392,1.26396,1433
2026-01-24 01:39:00.105580,1.26393,1.26404,1.26382,1.26399,3261
2026-01-24 02:39:00.105580,1.2639,1.26391,1.26374,1.26382,2419
2026-01-24 03:39:00.105580,1.26379,1.26379,1.2637,1.26373,1847
2026-01-24 04:39:00.105580,1.26385,1.26404,1.26365,1.264,4703
2026-01-24 05:39:00.105580,1.26355,1.26383,1.26348,1.26363,2957
2026-01-24 06:39:00.105580,1.26363,1.26367,1.26363,1.26367,984
2026-01-24 07:39:00.105580,1.2636,1.26381,1.26332,1.26342,2403
2026-01-24 08:39:00.105580,1.26375,1.26385,1.26373,1.26374,5055
2026-01-24 09:39:00.105580,1.26379,1.26387,1.26352,1.26359,7549
2026-01-24 10:39:00.105580,1.26383,1.264,1.26375,1.26376,437
2026-01-24 11:39:00.105580,1.26361,1.26379,1.26338,1.26353,6602
2026-01-24 12:39:00.105580,1.26366,1.26389,1.26359,1.26369,3530
2026-01-24 13:39:00.105580,1.26364,1.26367,1.26345,1.26359,2898
2026-01-24 14:39:00.105580,1.26398,1.26406,1.26381,1.26396,2283
2026-01-24 15:39:00.105580,1.26373,1.26373,1.26364,1.26367,3480
2026-01-24 16:39:00.105580,1.26367,1.26378,1.26356,1.26362,4095
2026-01-24 17:39:00.105580,1.26391,1.26407,1.26384,1.26396,4495
2026-01-24 18:39:00.105580,1.26403,1.26411,1.26397,1.26402,9751
2026-01-24 19:39:00.105580,1.26409,1.26412,1.26399,1.26411,9830
2026-01-24 20:39:00.105580,1.2642,1.2642,1.26413,1.26413,4546
2026-01-24 21:39:00.105580,1.26436,1.26445,1.26417,1.26433,9164
2026-01-24 22:39:00.105580,1.26449,1.2645,1.26444,1.26445,7161
2026-01-24 23:39:00.105580,1.26434,1.2645,1.26433,1.26448,1213
2026-01-25 00:39:00.105580,1.26452,1.2647,1.26433,1.26441,391
2026-01-25 01:39:00.105580,1.26464,1.26476,1.26461,1.26472,5068
2026-01-25 02:39:00.105580,1.26461,1.2647,1.26434,1.26454,3876
2026-01-25 03:39:00.105580,1.26447,1.26447,1.26431,1.26441,6247
2026-01-25 04:39:00.105580,1.26467,1.26471,1.26458,1.26467,8022
2026-01-25 05:39:00.105580,1.26481,1.26482,1.26476,1.2648,5446
2026-01-25 06:39:00.105580,1.26493,1.26502,1.26489,1.26494,1749
2026-01-25 07:39:00.105580,1.2653,1.26541,1.2652,1.26537,945
2026-01-25 08:39:00.105580,1.2652,1.2653,1.26503,1.26521,1078
2026-01-25 09:39:00.105580,1.2654,1.26545,1.26537,1.2654,10025
2026-01-25 10:39:00.105580,1.2654,1.26555,1.2653,1.26545,5741
2026-01-25 11:39:00.105580,1.26531,1.26539,1.26515,1.26538,1934
2026-01-25 12:39:00.105580,1.26508,1.26517,1.26507,1.26513,10486
2026-01-25 13:39:00.105580,1.2648,1.26485,1.26466,1.26472,5941
2026-01-25 14:39:00.105580,1.26507,1.26527,1.26507,1.26512,8963
2026-01-25 15:39:00.105580,1.26474,1.26475,1.26448,1.26461,2676
2026-01-25 16:39:00.105580,1.26484,1.26498,1.26462,1.26466,2813
2026-01-25 17:39:00.105580,1.26461,1.26474,1.26449,1.26464,17962
2026-01-25 18:39:00.105580,1.26433,1.26453,1.26422,1.26446,7133
2026-01-25 19:39:00.105580,1.26424,1.26434,1.26398,1.26414,1713
2026-01-25 20:39:00.105580,1.26448,1.2647,1.26431,1.26464,4202
2026-01-25 21:39:00.105580,1.26423,1.26443,1.26408,1.26428,1867
2026-01-25 22:39:00.105580,1.26409,1.26409,1.26389,1.26402,3609
2026-01-25 23:39:00.105580,1.26409,1.2642,1.26397,1.26403,739
2026-01-26 00:39:00.105580,1.26378,1.2639,1.26378,1.26388,5008
2026-01-26 01:39:00.105580,1.26395,1.26409,1.26391,1.26401,856
2026-01-26 02:39:00.105580,1.26385,1.26391,1.2637,1.26374,3835
2026-01-26 03:39:00.105580,1.26383,1.264,1.26374,1.26392,395
2026-01-26 04:39:00.105580,1.26397,1.26407,1.26383,1.26395,2245
2026-01-26 05:39:00.105580,1.26421,1.2643,1.26418,1.26425,3369
2026-01-26 06:39:00.105580,1.26373,1.2639,1.26368,1.26375,2620
2026-01-26 07:39:00.105580,1.26409,1.26423,1.26393,1.26398,691
2026-01-26 08:39:00.105580,1.26425,1.26431,1.26414,1.2642,5652
2026-01-26 09:39:00.105580,1.26431,1.26443,1.26413,1.26424,7338
2026-01-26 10:39:00.105580,1.26438,1.26448,1.26436,1.26439,2504
2026-01-26 11:39:00.105580,1.26408,1.2642,1.26401,1.26417,3201
2026-01-26 12:39:00.105580,1.26437,1.26458,1.26432,1.26432,5072
2026-01-26 13:39:00.105580,1.26437,1.26454,1.26425,1.26442,2749
2026-01-26 14:39:00.105580,1.26431,1.26448,1.26421,1.26445,606
2026-01-26 15:39:00.105580,1.2644,1.26443,1.2641,1.26431,7231
2026-01-26 16:39:00.105580,1.26405,1.26417,1.26404,1.26407,10228
2026-01-26 17:39:00.105580,1.26427,1.2644,1.26408,1.26412,5468
2026-01-26 18:39:00.105580,1.26432,1.26442,1.26427,1.26432,9368
2026-01-26 19:39:00.105580,1.26422,1.26424,1.26409,1.26412,17282
2026-01-26 20:39:00.105580,1.26412,1.2642,1.26403,1.26413,8420
2026-01-26 21:39:00.105580,1.26415,1.26419,1.26406,1.26409,7958
2026-01-26 22:39:00.105580,1.26408,1.26417,1.26403,1.2641,3896
2026-01-26 23:39:00.105580,1.26412,1.26425,1.26411,1.26421,1001
2026-01-27 00:39:00.105580,1.26399,1.26403,1.26383,1.26394,6008
2026-01-27 01:39:00.105580,1.26403,1.26412,1.26395,1.26397,2138
2026-01-27 02:39:00.105580,1.26398,1.26432,1.26396,1.26409,879
2026-01-27 03:39:00.105580,1.2639,1.26403,1.26376,1.26376,1167
2026-01-27 04:39:00.105580,1.26383,1.26392,1.2638,1.26389,1615
2026-01-27 05:39:00.105580,1.26381,1.26385,1.26371,1.2638,4603
2026-01-27 06:39:00.105580,1.26373,1.26377,1.26364,1.26369,2692
2026-01-27 07:39:00.105580,1.26358,1.26365,1.26345,1.26351,2405
2026-01-27 08:39:00.105580,1.26353,1.26357,1.26348,1.2635,1669
2026-01-27 09:39:00.105580,1.26371,1.2638,1.26362,1.26371,3297
2026-01-27 10:39:00.105580,1.2636,1.26387,1.26357,1.26368,7775
2026-01-27 11:39:00.105580,1.26355,1.26368,1.26338,1.26339,1998
2026-01-27 12:39:00.105580,1.26359,1.2638,1.26349,1.26374,4368
2026-01-27 13:39:00.105580,1.26353,1.26358,1.26343,1.26345,2684
2026-01-27 14:39:00.105580,1.26352,1.26364,1.26352,1.26357,1037
2026-01-27 15:39:00.105580,1.26371,1.26386,1.26343,1.26384,7536
2026-01-27 16:39:00.105580,1.26362,1.26367,1.2634,1.26361,12194
2026-01-27 17:39:00.105580,1.26367,1.26407,1.26364,1.26385,4932
2026-01-27 18:39:00.105580,1.26385,1.26413,1.26381,1.26391,29768
2026-01-27 19:39:00.105580,1.26399,1.26405,1.26396,1.26401,14243
2026-01-27 20:39:00.105580,1.26386,1.26395,1.26371,1.26383,4273
2026-01-27 21:39:00.105580,1.2639,1.26391,1.26382,1.26385,7373
2026-01-27 22:39:00.105580,1.26378,1.26396,1.26358,1.26372,6603
2026-01-27 23:39:00.105580,1.26389,1.26393,1.26379,1.26382,5764
2026-01-28 00:39:00.105580,1.26389,1.26418,1.26368,1.26387,1621
2026-01-28 01:39:00.105580,1.26393,1.26425,1.26379,1.2639,1996
2026-01-28 02:39:00.105580,1.26382,1.26383,1.26364,1.26383,3104
2026-01-28 03:39:00.105580,1.26374,1.26389,1.26352,1.26367,2188
2026-01-28 04:39:00.105580,1.26374,1.26396,1.26349,1.26358,1193
2026-01-28 05:39:00.105580,1.26379,1.2639,1.26366,1.2639,1539
2026-01-28 06:39:00.105580,1.26377,1.26389,1.26369,1.26382,486
2026-01-28 07:39:00.105580,1.26386,1.26391,1.26378,1.26388,2478
2026-01-28 08:39:00.105580,1.26385,1.26402,1.26375,1.264,3450
2026-01-28 09:39:00.105580,1.2638,1.26388,1.26373,1.26374,8700
2026-01-28 10:39:00.105580,1.26408,1.26419,1.26397,1.26411,2227
2026-01-28 11:39:00.105580,1.26391,1.26409,1.26387,1.26395,11274
2026-01-28 12:39:00.105580,1.26374,1.26386,1.26365,1.26377,5307
2026-01-28 13:39:00.105580,1.26402,1.2642,1.26371,1.26392,3366
2026-01-28 14:39:00.105580,1.26407,1.26414,1.2638,1.264,7550
2026-01-28 15:39:00.105580,1.26401,1.26436,1.26387,1.26422,2188
2026-01-28 16:39:00.105580,1.26381,1.26392,1.26373,1.26382,8814
2026-01-28 17:39:00.105580,1.26375,1.26387,1.26362,1.26366,4205
2026-01-28 18:39:00.105580,1.26364,1.26381,1.26357,1.26372,8545
2026-01-28 19:39:00.105580,1.26405,1.26426,1.264,1.26411,5955
2026-01-28 20:39:00.105580,1.26422,1.26429,1.26419,1.26426,1297
2026-01-28 21:39:00.105580,1.26419,1.26427,1.26411,1.26425,313
2026-01-28 22:39:00.105580,1.26426,1.26435,1.2641,1.26425,4872
2026-01-28 23:39:00.105580,1.26401,1.26407,1.26397,1.26402,1418
2026-01-29 00:39:00.105580,1.26406,1.26412,1.26382,1.26406,6763
2026-01-29 01:39:00.105580,1.26389,1.26412,1.2638,1.26397,2424
2026-01-29 02:39:00.105580,1.26396,1.26408,1.26396,1.26405,2515
2026-01-29 03:39:00.105580,1.26406,1.26413,1.26389,1.26393,5191
2026-01-29 04:39:00.105580,1.26418,1.26419,1.26398,1.26414,6706
2026-01-29 05:39:00.105580,1.26425,1.2644,1.26421,1.26433,7225
2026-01-29 06:39:00.105580,1.26418,1.26428,1.26401,1.26412,4622
2026-01-29 07:39:00.105580,1.26422,1.26428,1.26396,1.26414,2900
2026-01-29 08:39:00.105580,1.26434,1.26452,1.26427,1.2644,1436
2026-01-29 09:39:00.105580,1.26449,1.26456,1.26419,1.26434,3649
2026-01-29 10:39:00.105580,1.26425,1.26442,1.26419,1.26421,4242
2026-01-29 11:39:00.105580,1.26445,1.26461,1.26439,1.26458,8585
2026-01-29 12:39:00.105580,1.26425,1.26426,1.26406,1.2642,5186
2026-01-29 13:39:00.105580,1.26439,1.26449,1.2643,1.26439,6951
2026-01-29 14:39:00.105580,1.26431,1.26434,1.26424,1.26433,1836
2026-01-29 15:39:00.105580,1.26429,1.26441,1.26405,1.26412,4039
2026-01-29 16:39:00.105580,1.26427,1.26443,1.2642,1.26435,2731
2026-01-29 17:39:00.105580,1.26429,1.2645,1.26421,1.26433,6765
2026-01-29 18:39:00.105580,1.26408,1.26415,1.26377,1.264,8711
2026-01-29 19:39:00.105580,1.26383,1.26394,1.26364,1.26378,3839
2026-01-29 20:39:00.105580,1.26385,1.26405,1.26349,1.26374,3741
2026-01-29 21:39:00.105580,1.26362,1.2637,1.26359,1.26362,1572
2026-01-29 22:39:00.105580,1.26352,1.26375,1.26328,1.26363,1054
2026-01-29 23:39:00.105580,1.26367,1.26371,1.2636,1.2637,4453
2026-01-30 00:39:00.105580,1.26365,1.2637,1.26356,1.2636,9421
2026-01-30 01:39:00.105580,1.26354,1.26378,1.26345,1.26359,1983
2026-01-30 02:39:00.105580,1.2635,1.26352,1.26342,1.26342,1936
2026-01-30 03:39:00.105580,1.26364,1.26385,1.26349,1.26362,2004
2026-01-30 04:39:00.105580,1.2636,1.26365,1.26341,1.2635,3271
2026-01-30 05:39:00.105580,1.26331,1.26348,1.26329,1.26337,1498
2026-01-30 06:39:00.105580,1.26346,1.26353,1.26341,1.26341,1764
2026-01-30 07:39:00.105580,1.26334,1.26345,1.26327,1.26328,1474
2026-01-30 08:39:00.105580,1.26314,1.26323,1.26287,1.26306,9657
2026-01-30 09:39:00.105580,1.2633,1.26331,1.26309,1.26325,1748
2026-01-30 10:39:00.105580,1.26325,1.26346,1.26308,1.26331,3169
2026-01-30 11:39:00.105580,1.26334,1.26368,1.26333,1.2635,2514
2026-01-30 12:39:00.105580,1.26314,1.26317,1.2631,1.26315,1186
2026-01-30 13:39:00.105580,1.26317,1.26328,1.26308,1.26313,9880
2026-01-30 14:39:00.105580,1.26298,1.26307,1.26289,1.26303,5270
2026-01-30 15:39:00.105580,1.26328,1.2634,1.26327,1.26334,3980
2026-01-30 16:39:00.105580,1.2635,1.26371,1.26344,1.26362,1358
2026-01-30 17:39:00.105580,1.2635,1.26353,1.26348,1.26351,1536
2026-01-30 18:39:00.105580,1.2636,1.26361,1.26341,1.26352,3345
2026-01-30 19:39:00.105580,1.26363,1.26382,1.26357,1.2636,4840
2026-01-30 20:39:00.105580,1.26341,1.26355,1.26335,1.26341,3182
2026-01-30 21:39:00.105580,1.26339,1.26343,1.26319,1.26339,1038
2026-01-30 22:39:00.105580,1.26323,1.26338,1.26317,1.26329,4815
2026-01-30 23:39:00.105580,1.26295,1.26315,1.26293,1.26307,4120
2026-01-31 00:39:00.105580,1.26293,1.26304,1.26291,1.26296,3146
2026-01-31 01:39:00.105580,1.26308,1.26309,1.26296,1.26301,780
2026-01-31 02:39:00.105580,1.26306,1.26309,1.26298,1.26302,756
2026-01-31 03:39:00.105580,1.26306,1.26313,1.26294,1.26299,4242
2026-01-31 04:39:00.105580,1.26313,1.26328,1.26309,1.26323,2287
2026-01-31 05:39:00.105580,1.26318,1.26359,1.26313,1.2633,3202
2026-01-31 06:39:00.105580,1.26304,1.26309,1.26292,1.26309,4673
2026-01-31 07:39:00.105580,1.26319,1.26325,1.26303,1.26321,3749
2026-01-31 08:39:00.105580,1.26325,1.26334,1.26314,1.26327,7590
2026-01-31 09:39:00.105580,1.26303,1.26306,1.26283,1.26292,6942
2026-01-31 10:39:00.105580,1.26294,1.26307,1.26285,1.26291,11682
2026-01-31 11:39:00.105580,1.26317,1.26322,1.26297,1.26313,5863
2026-01-31 12:39:00.105580,1.26338,1.26349,1.26328,1.26335,1582
2026-01-31 13:39:00.105580,1.26344,1.26354,1.26341,1.2635,2707
2026-01-31 14:39:00.105580,1.26344,1.26358,1.26323,1.2634,18796
2026-01-31 15:39:00.105580,1.26301,1.26314,1.26286,1.26309,3848
2026-01-31 16:39:00.105580,1.26295,1.26316,1.2628,1.26311,5607
2026-01-31 17:39:00.105580,1.26326,1.26332,1.26293,1.26306,5159
2026-01-31 18:39:00.105580,1.26292,1.26319,1.26278,1.26301,6321
2026-01-31 19:39:00.105580,1.26298,1.26316,1.26292,1.26302,2064
2026-01-31 20:39:00.105580,1.26297,1.26305,1.26278,1.26299,5181
2026-01-31 21:39:00.105580,1.26304,1.26311,1.26297,1.26302,1188
2026-01-31 22:39:00.105580,1.26317,1.26326,1.26306,1.2632,1213
2026-01-31 23:39:00.105580,1.26334,1.26337,1.26321,1.26324,30397
2026-02-01 00:39:00.105580,1.26276,1.2628,1.26274,1.26279,787
2026-02-01 01:39:00.105580,1.2627,1.26275,1.26269,1.26274,2250
2026-02-01 02:39:00.105580,1.26286,1.26306,1.26278,1.26288,1060
2026-02-01 03:39:00.105580,1.26259,1.26272,1.2624,1.26258,535
2026-02-01 04:39:00.105580,1.26255,1.26258,1.2624,1.26255,3965
2026-02-01 05:39:00.105580,1.26268,1.26271,1.26259,1.26269,2903
2026-02-01 06:39:00.105580,1.26278,1.26286,1.26273,1.26284,1472
2026-02-01 07:39:00.105580,1.26256,1.26258,1.26247,1.26258,1421
2026-02-01 08:39:00.105580,1.26278,1.26282,1.26264,1.26269,8370
2026-02-01 09:39:00.105580,1.2627,1.26277,1.2626,1.2627,5014
2026-02-01 10:39:00.105580,1.26286,1.26299,1.26272,1.26281,2892
2026-02-01 11:39:00.105580,1.26295,1.2631,1.26282,1.26304,4967
2026-02-01 12:39:00.105580,1.26311,1.26316,1.26309,1.26311,9763
2026-02-01 13:39:00.105580,1.26306,1.26317,1.26294,1.26311,45012
2026-02-01 14:39:00.105580,1.26306,1.26319,1.26294,1.26313,9543
2026-02-01 15:39:00.105580,1.26266,1.26268,1.26245,1.26263,1656
2026-02-01 16:39:00.105580,1.26263,1.26277,1.26256,1.26267,9031
2026-02-01 17:39:00.105580,1.26255,1.26259,1.26251,1.26254,10351
2026-02-01 18:39:00.105580,1.26254,1.26266,1.26251,1.26254,2449
2026-02-01 19:39:00.105580,1.26254,1.26255,1.26253,1.26254,14947
2026-02-01 20:39:00.105580,1.26251,1.26272,1.26236,1.26257,598
2026-02-01 21:39:00.105580,1.26255,1.26274,1.26253,1.26271,2841
2026-02-01 22:39:00.105580,1.26259,1.26262,1.26257,1.26262,8494
2026-02-01 23:39:00.105580,1.26256,1.2627,1.26249,1.2626,4533
2026-02-02 00:39:00.105580,1.26244,1.26252,1.26238,1.2624,1747
2026-02-02 01:39:00.105580,1.26253,1.26278,1.26246,1.26251,3691
2026-02-02 02:39:00.105580,1.26246,1.26259,1.26236,1.26246,1643
2026-02-02 03:39:00.105580,1.26236,1.26258,1.26216,1.26227,4217
2026-02-02 04:39:00.105580,1.26241,1.26242,1.26226,1.26235,774
2026-02-02 05:39:00.105580,1.26255,1.26263,1.26244,1.26259,2030
2026-02-02 06:39:00.105580,1.2629,1.26309,1.26284,1.26306,703
2026-02-02 07:39:00.105580,1.26304,1.26309,1.26298,1.26299,2424
2026-02-02 08:39:00.105580,1.26337,1.26338,1.2633,1.26331,1739
2026-02-02 09:39:00.105580,1.26322,1.26344,1.2632,1.26326,18360
2026-02-02 10:39:00.105580,1.26316,1.26328,1.26307,1.26321,18411
2026-02-02 11:39:00.105580,1.26304,1.26322,1.26299,1.26314,12199
2026-02-02 12:39:00.105580,1.2629,1.26316,1.2628,1.26303,3985
2026-02-02 13:39:00.105580,1.26308,1.26308,1.2628,1.26292,1414
2026-02-02 14:39:00.105580,1.26277,1.26284,1.2626,1.26278,2834
2026-02-02 15:39:00.105580,1.26268,1.26285,1.2626,1.26279,5469
2026-02-02 16:39:00.105580,1.26272,1.2628,1.26267,1.26271,3771
2026-02-02 17:39:00.105580,1.26234,1.26249,1.26224,1.26229,8979
2026-02-02 18:39:00.105580,1.2623,1.26232,1.26225,1.26227,7027
2026-02-02 19:39:00.105580,1.2621,1.26215,1.26202,1.26215,9860
2026-02-02 20:39:00.105580,1.26196,1.26211,1.26174,1.26196,6809
2026-02-02 21:39:00.105580,1.26181,1.26186,1.26167,1.26175,3316
2026-02-02 22:39:00.105580,1.26181,1.26199,1.26168,1.26178,8759
2026-02-02 23:39:00.105580,1.26194,1.26202,1.26193,1.26194,9659
2026-02-03 00:39:00.105580,1.26203,1.26218,1.26182,1.26203,7926
2026-02-03 01:39:00.105580,1.26215,1.26224,1.262,1.26219,556
2026-02-03 02:39:00.105580,1.26221,1.26224,1.26211,1.26219,1198
2026-02-03 03:39:00.105580,1.2624,1.26252,1.26219,1.26231,1152
2026-02-03 04:39:00.105580,1.26244,1.2625,1.26232,1.2624,533
2026-02-03 05:39:00.105580,1.26255,1.26256,1.26238,1.26244,1774
2026-02-03 06:39:00.105580,1.26248,1.26267,1.26232,1.26251,12663
2026-02-03 07:39:00.105580,1.26241,1.26258,1.26234,1.2625,1724
2026-02-03 08:39:00.105580,1.26263,1.26276,1.26258,1.26263,6810
2026-02-03 09:39:00.105580,1.2627,1.26278,1.26265,1.26269,4631
2026-02-03 10:39:00.105580,1.26282,1.26283,1.26266,1.26277,4330
2026-02-03 11:39:00.105580,1.26292,1.26318,1.2629,1.26293,1745
2026-02-03 12:39:00.105580,1.26314,1.26324,1.2631,1.26318,6937
2026-02-03 13:39:00.105580,1.26315,1.26322,1.26299,1.2632,2503
2026-02-03 14:39:00.105580,1.26309,1.26322,1.26301,1.2632,3375
2026-02-03 15:39:00.105580,1.26329,1.26337,1.26305,1.26321,13590
2026-02-03 16:39:00.105580,1.26332,1.26341,1.26325,1.26325,6663
2026-02-03 17:39:00.105580,1.26306,1.26309,1.263,1.26302,1671
2026-02-03 18:39:00.105580,1.26315,1.26321,1.263,1.26308,14618
2026-02-03 19:39:00.105580,1.26315,1.26324,1.2631,1.26316,3583
2026-02-03 20:39:00.105580,1.26312,1.26323,1.26302,1.2631,9907
2026-02-03 21:39:00.105580,1.26324,1.26326,1.26323,1.26325,2874
2026-02-03 22:39:00.105580,1.26305,1.2631,1.26298,1.26303,847
2026-02-03 23:39:00.105580,1.26273,1.26288,1.26265,1.26272,5508
2026-02-04 00:39:00.105580,1.26274,1.26276,1.26248,1.2627,4543
2026-02-04 01:39:00.105580,1.26272,1.26289,1.26257,1.26277,783
2026-02-04 02:39:00.105580,1.26264,1.26285,1.26248,1.2627,1819
2026-02-04 03:39:00.105580,1.26272,1.26281,1.26245,1.2627,8920
2026-02-04 04:39:00.105580,1.26269,1.26278,1.26268,1.26268,3093
2026-02-04 05:39:00.105580,1.26239,1.26243,1.26213,1.26222,2628
2026-02-04 06:39:00.105580,1.2624,1.2624,1.2622,1.26228,1011
2026-02-04 07:39:00.105580,1.26233,1.26239,1.2621,1.26222,11378
2026-02-04 08:39:00.105580,1.26236,1.26244,1.26217,1.26226,2810
2026-02-04 09:39:00.105580,1.26232,1.26243,1.2622,1.26225,5258
2026-02-04 10:39:00.105580,1.26184,1.26205,1.26167,1.26194,2378
2026-02-04 11:39:00.105580,1.26193,1.2621,1.26192,1.26202,1142
2026-02-04 12:39:00.105580,1.26163,1.26191,1.26146,1.26172,10364
2026-02-04 13:39:00.105580,1.26147,1.26164,1.26147,1.26161,9247
2026-02-04 14:39:00.105580,1.26153,1.26159,1.26148,1.26155,1276
2026-02-04 15:39:00.105580,1.26145,1.26148,1.26141,1.26147,2006
2026-02-04 16:39:00.105580,1.2613,1.26136,1.26114,1.26124,4130
2026-02-04 17:39:00.105580,1.2614,1.26149,1.26128,1.26137,5500
2026-02-04 18:39:00.105580,1.26133,1.26139,1.2613,1.26136,2112
2026-02-04 19:39:00.105580,1.2612,1.26132,1.26105,1.26113,3864
2026-02-04 20:39:00.105580,1.2615,1.26162,1.26133,1.26141,20712
2026-02-04 21:39:00.105580,1.26144,1.26154,1.26133,1.26149,2639
2026-02-04 22:39:00.105580,1.26136,1.26169,1.26126,1.26146,3215
2026-02-04 23:39:00.105580,1.26137,1.26142,1.26118,1.26142,1765
2026-02-05 00:39:00.105580,1.26134,1.26141,1.26109,1.26127,5120
2026-02-05 01:39:00.105580,1.26134,1.26145,1.26114,1.26137,3736
2026-02-05 02:39:00.105580,1.26127,1.26157,1.26119,1.26134,667
2026-02-05 03:39:00.105580,1.26131,1.26144,1.26106,1.26116,1176
2026-02-05 04:39:00.105580,1.26131,1.26141,1.26129,1.26138,1775
2026-02-05 05:39:00.105580,1.26124,1.26128,1.26122,1.26126,1394
2026-02-05 06:39:00.105580,1.26087,1.26093,1.26067,1.26089,1538
2026-02-05 07:39:00.105580,1.26107,1.26109,1.26095,1.26105,871
2026-02-05 08:39:00.105580,1.26111,1.26138,1.26108,1.26112,10547
2026-02-05 09:39:00.105580,1.26112,1.26114,1.26101,1.26107,2248
2026-02-05 10:39:00.105580,1.26108,1.26126,1.26105,1.26115,5722
2026-02-05 11:39:00.105580,1.26116,1.26118,1.261,1.2611,6787
2026-02-05 12:39:00.105580,1.26147,1.26151,1.26135,1.26138,10892
2026-02-05 13:39:00.105580,1.26143,1.26154,1.26137,1.26144,6933
2026-02-05 14:39:00.105580,1.2616,1.26171,1.26154,1.26158,1120
2026-02-05 15:39:00.105580,1.2614,1.26145,1.26122,1.26138,2202
2026-02-05 16:39:00.105580,1.26137,1.26145,1.26111,1.26128,4537
2026-02-05 17:39:00.105580,1.26134,1.26144,1.26118,1.26138,3183
2026-02-05 18:39:00.105580,1.26115,1.26119,1.26113,1.26114,39784
2026-02-05 19:39:00.105580,1.26121,1.2613,1.26109,1.26121,14616
2026-02-05 20:39:00.105580,1.2613,1.26137,1.26117,1.26124,1947
2026-02-05 21:39:00.105580,1.26136,1.26147,1.26132,1.26141,4444
2026-02-05 22:39:00.105580,1.2615,1.26157,1.26143,1.26154,1425
2026-02-05 23:39:00.105580,1.26155,1.26162,1.26135,1.26137,1829
2026-02-06 00:39:00.105580,1.26147,1.26168,1.26135,1.26136,7803
2026-02-06 01:39:00.105580,1.26162,1.26166,1.26161,1.26161,11928
2026-02-06 02:39:00.105580,1.26167,1.26182,1.26167,1.26172,2722
2026-02-06 03:39:00.105580,1.26153,1.26161,1.26137,1.26146,623
2026-02-06 04:39:00.105580,1.26173,1.26175,1.26173,1.26174,1131
2026-02-06 05:39:00.105580,1.26183,1.26195,1.26174,1.26178,970
2026-02-06 06:39:00.105580,1.26184,1.26194,1.26169,1.2617,1258
2026-02-06 07:39:00.105580,1.26166,1.26172,1.2616,1.26161,3908
2026-02-06 08:39:00.105580,1.26186,1.26187,1.26184,1.26186,2998
2026-02-06 09:39:00.105580,1.26183,1.26197,1.26162,1.26189,7287
2026-02-06 10:39:00.105580,1.26199,1.26208,1.26185,1.26195,2329
2026-02-06 11:39:00.105580,1.262,1.26213,1.26196,1.26205,1915
2026-02-06 12:39:00.105580,1.26192,1.26211,1.26189,1.26198,3816
2026-02-06 13:39:00.105580,1.26183,1.26188,1.26178,1.26184,5060
2026-02-06 14:39:00.105580,1.26178,1.26188,1.26167,1.2617,3253
2026-02-06 15:39:00.105580,1.26194,1.26203,1.26183,1.26186,3729
2026-02-06 16:39:00.105580,1.26189,1.26211,1.26155,1.2618,2874
2026-02-06 17:39:00.105580,1.26174,1.26184,1.26157,1.26183,7021
2026-02-06 18:39:00.105580,1.26176,1.26202,1.26166,1.26176,5454
2026-02-06 19:39:00.105580,1.26216,1.2623,1.26209,1.26218,8354
2026-02-06 20:39:00.105580,1.26187,1.26188,1.26164,1.26177,7303
2026-02-06 21:39:00.105580,1.26189,1.26212,1.2618,1.26191,15419
2026-02-06 22:39:00.105580,1.26176,1.26189,1.26165,1.26172,2386
2026-02-06 23:39:00.105580,1.26165,1.2617,1.26161,1.26169,1548
2026-02-07 00:39:00.105580,1.26174,1.26183,1.2616,1.26166,1736
2026-02-07 01:39:00.105580,1.26175,1.26183,1.2617,1.26182,2336
2026-02-07 02:39:00.105580,1.26179,1.26179,1.2617,1.26171,3832
2026-02-07 03:39:00.105580,1.26199,1.2622,1.2619,1.26192,2769
2026-02-07 04:39:00.105580,1.2623,1.2623,1.2622,1.26229,1445
2026-02-07 05:39:00.105580,1.2622,1.26221,1.26206,1.26218,1847
2026-02-07 06:39:00.105580,1.26249,1.26266,1.26245,1.26248,2448
2026-02-07 07:39:00.105580,1.26257,1.26272,1.26243,1.26264,8556
2026-02-07 08:39:00.105580,1.26257,1.26262,1.2624,1.26257,8450
2026-02-07 09:39:00.105580,1.26267,1.26283,1.26254,1.26268,3416
2026-02-07 10:39:00.105580,1.26292,1.263,1.26292,1.26294,1469
2026-02-07 11:39:00.105580,1.26306,1.2632,1.26294,1.26299,1733
2026-02-07 12:39:00.105580,1.2631,1.26331,1.26296,1.26312,1028
2026-02-07 13:39:00.105580,1.26306,1.26314,1.26285,1.26297,1190
2026-02-07 14:39:00.105580,1.26269,1.26276,1.26259,1.26269,3059
2026-02-07 15:39:00.105580,1.2629,1.26294,1.26287,1.26288,8552
2026-02-07 16:39:00.105580,1.26275,1.26282,1.26256,1.26278,17801
2026-02-07 17:39:00.105580,1.26265,1.26269,1.26241,1.2626,5317
2026-02-07 18:39:00.105580,1.26279,1.26281,1.26248,1.2628,3238
2026-02-07 19:39:00.105580,1.26253,1.26264,1.26246,1.26258,10222
2026-02-07 20:39:00.105580,1.2623,1.26239,1.26209,1.26229,6053
2026-02-07 21:39:00.105580,1.26214,1.26225,1.26198,1.26212,1470
2026-02-07 22:39:00.105580,1.26195,1.26202,1.26191,1.26192,1389
2026-02-07 23:39:00.105580,1.2619,1.26201,1.26187,1.26194,3130
2026-02-08 00:39:00.105580,1.26213,1.26225,1.26204,1.26209,2213
2026-02-08 01:39:00.105580,1.26163,1.26167,1.26151,1.26152,5426
2026-02-08 02:39:00.105580,1.26154,1.26167,1.2615,1.26152,1326
2026-02-08 03:39:00.105580,1.26147,1.26155,1.26119,1.26151,39999
2026-02-08 04:39:00.105580,1.26136,1.26138,1.2612,1.26137,646
2026-02-08 05:39:00.105580,1.26109,1.26113,1.26101,1.26109,2523
2026-02-08 06:39:00.105580,1.2608,1.26106,1.2607,1.26071,1361
2026-02-08 07:39:00.105580,1.26096,1.26104,1.2607,1.26086,3418
2026-02-08 08:39:00.105580,1.26118,1.2612,1.26098,1.26108,3412
2026-02-08 09:39:00.105580,1.26121,1.26153,1.26119,1.26133,6895
2026-02-08 10:39:00.105580,1.26133,1.26146,1.26128,1.26141,2940
2026-02-08 11:39:00.105580,1.2612,1.26134,1.26083,1.26108,5787
2026-02-08 12:39:00.105580,1.26118,1.26131,1.26108,1.26116,7129
2026-02-08 13:39:00.105580,1.26093,1.26098,1.2609,1.26094,2066
2026-02-08 14:39:00.105580,1.26104,1.26112,1.26098,1.26098,1287
2026-02-08 15:39:00.105580,1.26115,1.26117,1.26105,1.26106,5206
2026-02-08 16:39:00.105580,1.26137,1.26163,1.26135,1.26137,3962
2026-02-08 17:39:00.105580,1.26135,1.26146,1.26135,1.26136,9279
2026-02-08 18:39:00.105580,1.26114,1.2612,1.26113,1.26117,19281
2026-02-08 19:39:00.105580,1.26113,1.26125,1.2611,1.26115,988
2026-02-08 20:39:00.105580,1.26128,1.26143,1.26114,1.26129,6048
2026-02-08 21:39:00.105580,1.26079,1.26097,1.26066,1.26086,668
2026-02-08 22:39:00.105580,1.26089,1.26108,1.26079,1.26093,5749
2026-02-08 23:39:00.105580,1.26085,1.26094,1.26075,1.26086,9690
2026-02-09 00:39:00.105580,1.26088,1.26102,1.26077,1.26093,5326
2026-02-09 01:39:00.105580,1.26094,1.261,1.26085,1.26091,3327
2026-02-09 02:39:00.105580,1.26066,1.26087,1.26041,1.2606,3385
2026-02-09 03:39:00.105580,1.26078,1.26085,1.26062,1.26081,2283
2026-02-09 04:39:00.105580,1.26078,1.26085,1.26075,1.26079,310
2026-02-09 05:39:00.105580,1.26089,1.26099,1.26064,1.26082,981
2026-02-09 06:39:00.105580,1.26111,1.26123,1.26105,1.26112,3584
2026-02-09 07:39:00.105580,1.26109,1.26122,1.26096,1.26109,862
2026-02-09 08:39:00.105580,1.26109,1.26112,1.26108,1.26111,7087
2026-02-09 09:39:00.105580,1.26102,1.26116,1.2609,1.26095,3277
2026-02-09 10:39:00.105580,1.26093,1.26106,1.26083,1.26091,6850
2026-02-09 11:39:00.105580,1.26105,1.26111,1.26096,1.26107,1715
2026-02-09 12:39:00.105580,1.26133,1.26134,1.26116,1.26128,5120
2026-02-09 13:39:00.105580,1.26126,1.2613,1.26113,1.26125,624
2026-02-09 14:39:00.105580,1.26156,1.2618,1.2615,1.26153,8227
2026-02-09 15:39:00.105580,1.26157,1.2617,1.2613,1.26147,4704
2026-02-09 16:39:00.105580,1.26159,1.26162,1.26152,1.26156,2462
2026-02-09 17:39:00.105580,1.26162,1.26173,1.2615,1.2617,3063
2026-02-09 18:39:00.105580,1.26149,1.26164,1.26136,1.26143,4849
2026-02-09 19:39:00.105580,1.26178,1.26205,1.26175,1.2619,3863
2026-02-09 20:39:00.105580,1.26195,1.26204,1.26174,1.26192,2398
2026-02-09 21:39:00.105580,1.26207,1.2622,1.26203,1.26213,12683
2026-02-09 22:39:00.105580,1.26218,1.26219,1.26202,1.26207,6428
2026-02-09 23:39:00.105580,1.26232,1.26253,1.2622,1.26235,4395
2026-02-10 00:39:00.105580,1.26218,1.26221,1.26197,1.2621,1820
2026-02-10 01:39:00.105580,1.26207,1.26212,1.26203,1.26208,574
2026-02-10 02:39:00.105580,1.26183,1.26205,1.26182,1.26185,494
2026-02-10 03:39:00.105580,1.26189,1.26189,1.26184,1.26189,4159
2026-02-10 04:39:00.105580,1.262,1.26224,1.26199,1.26207,10426
2026-02-10 05:39:00.105580,1.26192,1.26201,1.26191,1.26192,1535
2026-02-10 06:39:00.105580,1.26209,1.26218,1.26195,1.26201,717
2026-02-10 07:39:00.105580,1.26205,1.2621,1.26187,1.26204,672
2026-02-10 08:39:00.105580,1.26226,1.26226,1.26212,1.26217,2075
2026-02-10 09:39:00.105580,1.26188,1.26196,1.26182,1.26185,9966
2026-02-10 10:39:00.105580,1.26183,1.262,1.26178,1.26182,3023
2026-02-10 11:39:00.105580,1.26169,1.26183,1.26166,1.2617,6307
2026-02-10 12:39:00.105580,1.26169,1.26177,1.2614,1.26173,3895
2026-02-10 13:39:00.105580,1.26136,1.26148,1.26117,1.26124,5382
2026-02-10 14:39:00.105580,1.26161,1.26165,1.26141,1.26158,5254
2026-02-10 15:39:00.105580,1.2615,1.26186,1.26135,1.26139,2031
2026-02-10 16:39:00.105580,1.26147,1.26156,1.26137,1.26147,2909
2026-02-10 17:39:00.105580,1.2614,1.26148,1.26129,1.26135,2041
2026-02-10 18:39:00.105580,1.26136,1.2614,1.26118,1.26129,12301
2026-02-10 19:39:00.105580,1.26146,1.26156,1.26121,1.26139,4561
2026-02-10 20:39:00.105580,1.26145,1.2617,1.26123,1.26148,15508
2026-02-10 21:39:00.105580,1.26168,1.26183,1.26168,1.26173,5610
2026-02-10 22:39:00.105580,1.26164,1.26166,1.26147,1.26156,901
2026-02-10 23:39:00.105580,1.26168,1.26189,1.26158,1.2617,1990
2026-02-11 00:39:00.105580,1.26177,1.26188,1.26176,1.26181,1204
2026-02-11 01:39:00.105580,1.26163,1.26176,1.26148,1.2616,3830
2026-02-11 02:39:00.105580,1.26173,1.26179,1.2616,1.26173,834
2026-02-11 03:39:00.105580,1.26172,1.26174,1.26161,1.26167,1641
2026-02-11 04:39:00.105580,1.2617,1.26171,1.26164,1.26168,3495
2026-02-11 05:39:00.105580,1.26174,1.26177,1.26151,1.26164,728
2026-02-11 06:39:00.105580,1.26183,1.26185,1.26177,1.26184,7449
2026-02-11 07:39:00.105580,1.26188,1.26204,1.26188,1.26189,3015
2026-02-11 08:39:00.105580,1.26182,1.26188,1.26174,1.26178,6295
2026-02-11 09:39:00.105580,1.26188,1.26196,1.26174,1.26192,2345
2026-02-11 10:39:00.105580,1.26182,1.26208,1.26179,1.26188,4088
2026-02-11 11:39:00.105580,1.26195,1.26206,1.26189,1.26202,2535
2026-02-11 12:39:00.105580,1.26207,1.26213,1.2618,1.26204,5071
2026-02-11 13:39:00.105580,1.26231,1.26233,1.26221,1.26224,1182
2026-02-11 14:39:00.105580,1.26243,1.26245,1.26241,1.26241,4054
2026-02-11 15:39:00.105580,1.26245,1.26256,1.26222,1.26236,6965
2026-02-11 16:39:00.105580,1.26234,1.26234,1.26215,1.26233,5223
2026-02-11 17:39:00.105580,1.26198,1.26221,1.26192,1.26202,1527
2026-02-11 18:39:00.105580,1.26185,1.26194,1.26178,1.26182,6143
2026-02-11 19:39:00.105580,1.26192,1.26201,1.26188,1.26201,3434
2026-02-11 20:39:00.105580,1.26193,1.26202,1.26172,1.26185,9436
2026-02-11 21:39:00.105580,1.2618,1.26191,1.26168,1.26181,4739
2026-02-11 22:39:00.105580,1.26182,1.26208,1.26173,1.26196,4625
2026-02-11 23:39:00.105580,1.26143,1.26157,1.26136,1.2614,1408
2026-02-12 00:39:00.105580,1.26129,1.26139,1.26123,1.26128,3664
2026-02-12 01:39:00.105580,1.2611,1.26119,1.26102,1.26117,2831
2026-02-12 02:39:00.105580,1.26114,1.2614,1.26113,1.2612,1792
2026-02-12 03:39:00.105580,1.2611,1.26121,1.26105,1.26117,1419
2026-02-12 04:39:00.105580,1.26122,1.26132,1.26121,1.26122,2399
2026-02-12 05:39:00.105580,1.26139,1.26139,1.26107,1.26127,1380
2026-02-12 06:39:00.105580,1.2613,1.26139,1.2612,1.26131,2813
2026-02-12 07:39:00.105580,1.26111,1.26129,1.26095,1.26122,2631
2026-02-12 08:39:00.105580,1.2611,1.26118,1.26092,1.26101,20070
2026-02-12 09:39:00.105580,1.26092,1.261,1.2608,1.26085,2884
2026-02-12 10:39:00.105580,1.26085,1.26104,1.26081,1.26099,16291
2026-02-12 11:39:00.105580,1.26089,1.26103,1.2608,1.26093,2925
2026-02-12 12:39:00.105580,1.26083,1.26091,1.26063,1.26076,2767
2026-02-12 13:39:00.105580,1.26097,1.26101,1.26079,1.26095,2608
2026-02-12 14:39:00.105580,1.26099,1.26114,1.26098,1.26105,1570
2026-02-12 15:39:00.105580,1.26088,1.26094,1.26074,1.26087,8415
2026-02-12 16:39:00.105580,1.26079,1.26095,1.26077,1.26085,5559
2026-02-12 17:39:00.105580,1.26099,1.26114,1.26073,1.26086,2288
2026-02-12 18:39:00.105580,1.26082,1.26105,1.26075,1.26091,4182
2026-02-12 19:39:00.105580,1.26099,1.26118,1.26085,1.26098,8635
2026-02-12 20:39:00.105580,1.26097,1.26135,1.26086,1.26101,3251
2026-02-12 21:39:00.105580,1.26086,1.26094,1.26081,1.26092,6412
2026-02-12 22:39:00.105580,1.26114,1.26123,1.26105,1.26112,4024
2026-02-12 23:39:00.105580,1.26113,1.26117,1.26102,1.26111,5324
2026-02-13 00:39:00.105580,1.26141,1.26149,1.26125,1.26139,2855
2026-02-13 01:39:00.105580,1.26147,1.26168,1.26131,1.26144,1730
2026-02-13 02:39:00.105580,1.26165,1.26167,1.26159,1.26163,640
2026-02-13 03:39:00.105580,1.26155,1.26168,1.26138,1.26149,3313
2026-02-13 04:39:00.105580,1.26135,1.26148,1.26124,1.26139,2142
2026-02-13 05:39:00.105580,1.26141,1.26152,1.26129,1.26132,4450
2026-02-13 06:39:00.105580,1.26131,1.26148,1.26127,1.26129,1120
2026-02-13 07:39:00.105580,1.26134,1.26145,1.26125,1.26127,3583
2026-02-13 08:39:00.105580,1.26142,1.26145,1.26118,1.26123,1466
2026-02-13 09:39:00.105580,1.26156,1.26168,1.26132,1.26156,5427
2026-02-13 10:39:00.105580,1.2614,1.26148,1.26125,1.26135,2014
2026-02-13 11:39:00.105580,1.26147,1.26155,1.26145,1.26152,1275
2026-02-13 12:39:00.105580,1.26169,1.26184,1.2616,1.26166,9313
2026-02-13 13:39:00.105580,1.26168,1.26179,1.26162,1.26177,15929
2026-02-13 14:39:00.105580,1.26182,1.26194,1.2617,1.26178,6448
2026-02-13 15:39:00.105580,1.26153,1.26154,1.26144,1.26149,5262
2026-02-13 16:39:00.105580,1.26153,1.26161,1.26147,1.26156,5441
2026-02-13 17:39:00.105580,1.26157,1.26159,1.26153,1.26154,1688
2026-02-13 18:39:00.105580,1.26168,1.26169,1.26149,1.26163,3267
2026-02-13 19:39:00.105580,1.26154,1.26183,1.26151,1.26172,2754
2026-02-13 20:39:00.105580,1.26162,1.26171,1.26159,1.26161,3019
2026-02-13 21:39:00.105580,1.26192,1.262,1.26181,1.26199,5840
2026-02-13 22:39:00.105580,1.26199,1.26215,1.26192,1.26192,13709
2026-02-13 23:39:00.105580,1.26206,1.2622,1.26185,1.26193,1783
2026-02-14 00:39:00.105580,1.2621,1.26223,1.26208,1.26214,8424
2026-02-14 01:39:00.105580,1.26199,1.26209,1.26183,1.2619,633
2026-02-14 02:39:00.105580,1.26203,1.26208,1.26202,1.26207,2731
2026-02-14 03:39:00.105580,1.26196,1.26197,1.26191,1.26194,3790
2026-02-14 04:39:00.105580,1.26212,1.26225,1.26189,1.26201,3837
2026-02-14 05:39:00.105580,1.26217,1.26231,1.26212,1.26218,979
2026-02-14 06:39:00.105580,1.26213,1.26228,1.26198,1.26221,7118
2026-02-14 07:39:00.105580,1.26215,1.26225,1.26206,1.26216,459
2026-02-14 08:39:00.105580,1.26201,1.26213,1.26196,1.26213,7560
2026-02-14 09:39:00.105580,1.26223,1.26226,1.26205,1.26221,4356
2026-02-14 10:39:00.105580,1.26239,1.26266,1.26227,1.26245,1323
2026-02-14 11:39:00.105580,1.26224,1.26236,1.26223,1.26232,4129
2026-02-14 12:39:00.105580,1.26243,1.26251,1.26239,1.26241,26158
2026-02-14 13:39:00.105580,1.26229,1.26247,1.26226,1.26238,4828
2026-02-14 14:39:00.105580,1.2622,1.2623,1.26214,1.26219,8798
2026-02-14 15:39:00.105580,1.2623,1.2625,1.26208,1.26224,6932
2026-02-14 16:39:00.105580,1.26252,1.26256,1.2624,1.26243,8089
2026-02-14 17:39:00.105580,1.26251,1.26264,1.2623,1.26263,7427
2026-02-14 18:39:00.105580,1.26285,1.26309,1.26274,1.26283,3729
2026-02-14 19:39:00.105580,1.26277,1.26284,1.26276,1.26278,5972
2026-02-14 20:39:00.105580,1.26249,1.26266,1.26242,1.26243,6001
2026-02-14 21:39:00.105580,1.26254,1.26264,1.2624,1.26258,1377
2026-02-14 22:39:00.105580,1.26253,1.26268,1.26249,1.26261,2321
2026-02-14 23:39:00.105580,1.26282,1.26289,1.26269,1.26278,9141
2026-02-15 00:39:00.105580,1.26262,1.2628,1.26247,1.26267,318
2026-02-15 01:39:00.105580,1.26278,1.26287,1.26267,1.26281,1153
2026-02-15 02:39:00.105580,1.26289,1.26304,1.26278,1.26282,4338
2026-02-15 03:39:00.105580,1.26292,1.26306,1.26269,1.26293,3508
2026-02-15 04:39:00.105580,1.26297,1.26316,1.2628,1.26302,1006
2026-02-15 05:39:00.105580,1.26304,1.26318,1.26301,1.2631,1960
2026-02-15 06:39:00.105580,1.26318,1.26322,1.26299,1.26309,3740
2026-02-15 07:39:00.105580,1.26302,1.2632,1.26298,1.2631,2709
2026-02-15 08:39:00.105580,1.26266,1.26274,1.26256,1.26268,2575
2026-02-15 09:39:00.105580,1.2626,1.26267,1.26253,1.26258,5255
2026-02-15 10:39:00.105580,1.26261,1.26267,1.26249,1.26264,4440
2026-02-15 11:39:00.105580,1.26259,1.26272,1.26248,1.26267,16271
2026-02-15 12:39:00.105580,1.2625,1.26256,1.26249,1.26255,3069
2026-02-15 13:39:00.105580,1.26249,1.26258,1.26235,1.26245,16273
2026-02-15 14:39:00.105580,1.26254,1.26283,1.26246,1.26253,5462
2026-02-15 15:39:00.105580,1.26253,1.26261,1.26239,1.2625,1846
2026-02-15 16:39:00.105580,1.26289,1.26295,1.26276,1.26284,1762
2026-02-15 17:39:00.105580,1.26284,1.26289,1.26274,1.26288,2854
2026-02-15 18:39:00.105580,1.26295,1.26313,1.2627,1.2628,1913
2026-02-15 19:39:00.105580,1.26344,1.26356,1.26335,1.2635,3608
2026-02-15 20:39:00.105580,1.26351,1.26354,1.26342,1.26349,16435
2026-02-15 21:39:00.105580,1.26333,1.2634,1.26322,1.26339,811
2026-02-15 22:39:00.105580,1.26305,1.2631,1.26288,1.26296,3727
2026-02-15 23:39:00.105580,1.26326,1.26337,1.26308,1.26312,20768
2026-02-16 00:39:00.105580,1.26292,1.26317,1.26289,1.26301,2722
2026-02-16 01:39:00.105580,1.26284,1.26294,1.26276,1.26277,3631
2026-02-16 02:39:00.105580,1.26274,1.26277,1.26273,1.26275,2497
2026-02-16 03:39:00.105580,1.26261,1.26281,1.26246,1.26268,2933
2026-02-16 04:39:00.105580,1.26259,1.26286,1.26246,1.26269,1511
2026-02-16 05:39:00.105580,1.26279,1.26284,1.26256,1.26268,2065
2026-02-16 06:39:00.105580,1.26284,1.2629,1.26273,1.26282,7462
2026-02-16 07:39:00.105580,1.26278,1.26282,1.26271,1.26278,4423
2026-02-16 08:39:00.105580,1.26276,1.2629,1.26265,1.26288,4848
2026-02-16 09:39:00.105580,1.26251,1.26259,1.26235,1.26247,2470
2026-02-16 10:39:00.105580,1.26243,1.26259,1.26231,1.26251,1105
2026-02-16 11:39:00.105580,1.26273,1.26281,1.26262,1.26265,11427
2026-02-16 12:39:00.105580,1.26268,1.26286,1.26247,1.26264,3383
2026-02-16 13:39:00.105580,1.2628,1.26294,1.26276,1.26285,9965
2026-02-16 14:39:00.105580,1.26302,1.26315,1.26299,1.26308,7850
2026-02-16 15:39:00.105580,1.26291,1.26308,1.26278,1.26286,5017
2026-02-16 16:39:00.105580,1.26301,1.26302,1.26281,1.26292,4240
2026-02-16 17:39:00.105580,1.2631,1.26318,1.26295,1.26298,12806
2026-02-16 18:39:00.105580,1.26303,1.26314,1.263,1.263,5874
2026-02-16 19:39:00.105580,1.26312,1.26332,1.26299,1.26327,7875
2026-02-16 20:39:00.105580,1.26323,1.26336,1.26308,1.26319,13257
2026-02-16 21:39:00.105580,1.26315,1.26328,1.26313,1.26327,5547
2026-02-16 22:39:00.105580,1.26294,1.26305,1.26291,1.26294,3322
2026-02-16 23:39:00.105580,1.26292,1.26302,1.26255,1.26287,8000
2026-02-17 00:39:00.105580,1.26303,1.26307,1.26282,1.26302,1250
2026-02-17 01:39:00.105580,1.26276,1.26284,1.26267,1.2627,2301
2026-02-17 02:39:00.105580,1.26286,1.26299,1.26263,1.26276,8881
2026-02-17 03:39:00.105580,1.2628,1.263,1.2626,1.26291,2311
2026-02-17 04:39:00.105580,1.26265,1.26268,1.26257,1.26265,2994
2026-02-17 05:39:00.105580,1.26264,1.26267,1.26248,1.26256,1169
2026-02-17 06:39:00.105580,1.26253,1.2626,1.26232,1.26255,721
2026-02-17 07:39:00.105580,1.26248,1.26274,1.2623,1.26256,837
2026-02-17 08:39:00.105580,1.2624,1.26259,1.26227,1.26242,9169
2026-02-17 09:39:00.105580,1.26243,1.26253,1.26235,1.2625,10315
2026-02-17 10:39:00.105580,1.26253,1.26268,1.26248,1.26248,2817
2026-02-17 11:39:00.105580,1.26226,1.26234,1.26219,1.26229,7853
2026-02-17 12:39:00.105580,1.26239,1.26251,1.26235,1.26243,8344
2026-02-17 13:39:00.105580,1.26236,1.26247,1.26219,1.2624,5812
2026-02-17 14:39:00.105580,1.26223,1.26235,1.26207,1.26219,5950
2026-02-17 15:39:00.105580,1.26197,1.2623,1.26188,1.26209,3628
2026-02-17 16:39:00.105580,1.26197,1.26205,1.26185,1.26194,8765
2026-02-17 17:39:00.105580,1.26191,1.26193,1.26176,1.26183,6186
2026-02-17 18:39:00.105580,1.26186,1.26197,1.26163,1.26194,6230
2026-02-17 19:39:00.105580,1.26185,1.2619,1.26174,1.26186,1125
2026-02-17 20:39:00.105580,1.2621,1.2622,1.26196,1.26209,5064
2026-02-17 21:39:00.105580,1.26208,1.26216,1.26201,1.26213,2653
2026-02-17 22:39:00.105580,1.26184,1.26197,1.26178,1.2619,1818
2026-02-17 23:39:00.105580,1.26197,1.26202,1.26167,1.26185,15578
2026-02-18 00:39:00.105580,1.26159,1.26171,1.26134,1.26153,2480
2026-02-18 01:39:00.105580,1.26147,1.26161,1.26141,1.26146,7528
2026-02-18 02:39:00.105580,1.26173,1.26175,1.26159,1.26175,3642
2026-02-18 03:39:00.105580,1.26183,1.26185,1.26174,1.26182,1332
2026-02-18 04:39:00.105580,1.26174,1.2618,1.2616,1.26173,2217
2026-02-18 05:39:00.105580,1.26173,1.26182,1.26166,1.2617,325
2026-02-18 06:39:00.105580,1.26153,1.26164,1.26144,1.26147,336
2026-02-18 07:39:00.105580,1.26143,1.26154,1.26142,1.26144,3109
2026-02-18 08:39:00.105580,1.2614,1.26156,1.26136,1.26136,7706
2026-02-18 09:39:00.105580,1.26166,1.26171,1.26154,1.26156,43765
2026-02-18 10:39:00.105580,1.26154,1.26175,1.26131,1.26155,8021
2026-02-18 11:39:00.105580,1.26151,1.26172,1.26148,1.26169,6311
2026-02-18 12:39:00.105580,1.26157,1.26183,1.2614,1.26151,2737
2026-02-18 13:39:00.105580,1.26135,1.2615,1.26134,1.26143,8860
2026-02-18 14:39:00.105580,1.26125,1.26135,1.26123,1.26132,7340
2026-02-18 15:39:00.105580,1.26124,1.26141,1.26111,1.26127,827
2026-02-18 16:39:00.105580,1.26134,1.26143,1.26125,1.26139,7411
2026-02-18 17:39:00.105580,1.26127,1.26128,1.26115,1.2612,3295
2026-02-18 18:39:00.105580,1.261,1.26133,1.26088,1.26107,5251
2026-02-18 19:39:00.105580,1.26131,1.26158,1.26117,1.2614,14295
2026-02-18 20:39:00.105580,1.26136,1.26154,1.26127,1.26141,4472
2026-02-18 21:39:00.105580,1.26142,1.26161,1.26138,1.26157,4468
2026-02-18 22:39:00.105580,1.26166,1.26174,1.26162,1.26173,3199
2026-02-18 23:39:00.105580,1.26169,1.26178,1.2615,1.26165,10040
2026-02-19 00:39:00.105580,1.26167,1.26203,1.26162,1.26166,2818
2026-02-19 01:39:00.105580,1.26142,1.26151,1.2612,1.26129,1152
2026-02-19 02:39:00.105580,1.2613,1.2614,1.26126,1.26139,5121
2026-02-19 03:39:00.105580,1.26128,1.2615,1.26122,1.26132,2699
2026-02-19 04:39:00.105580,1.26129,1.2615,1.26121,1.26123,1142
2026-02-19 05:39:00.105580,1.26132,1.26142,1.26118,1.26124,2827
2026-02-19 06:39:00.105580,1.26134,1.26135,1.26119,1.26125,1621
2026-02-19 07:39:00.105580,1.26146,1.26157,1.26135,1.2614,1860
2026-02-19 08:39:00.105580,1.26153,1.2617,1.26143,1.26153,8417
2026-02-19 09:39:00.105580,1.26139,1.26146,1.26116,1.26128,1752
2026-02-19 10:39:00.105580,1.26141,1.26152,1.26131,1.26141,17155
2026-02-19 11:39:00.105580,1.26148,1.26163,1.2614,1.26153,3999
2026-02-19 12:39:00.105580,1.26144,1.26148,1.26137,1.26139,18517
2026-02-19 13:39:00.105580,1.26144,1.26149,1.26125,1.26134,10412
2026-02-19 14:39:00.105580,1.26158,1.26174,1.26154,1.26171,4810
2026-02-19 15:39:00.105580,1.26152,1.26163,1.26147,1.26155,6664
2026-02-19 16:39:00.105580,1.26142,1.26166,1.26142,1.26147,6849
2026-02-19 17:39:00.105580,1.2616,1.26164,1.26158,1.26163,3016
2026-02-19 18:39:00.105580,1.2616,1.2617,1.26136,1.26147,4719
2026-02-19 19:39:00.105580,1.26176,1.26192,1.26169,1.2617,4185
2026-02-19 20:39:00.105580,1.26185,1.26213,1.26181,1.2619,3967
2026-02-19 21:39:00.105580,1.26175,1.26197,1.26175,1.2618,14693
2026-02-19 22:39:00.105580,1.26171,1.26174,1.26171,1.26173,2172
2026-02-19 23:39:00.105580,1.26162,1.26172,1.26159,1.26164,406
2026-02-20 00:39:00.105580,1.26159,1.26184,1.26155,1.26162,643
2026-02-20 01:39:00.105580,1.26139,1.26162,1.26134,1.26144,8292
2026-02-20 02:39:00.105580,1.26134,1.26148,1.26129,1.2614,2621
2026-02-20 03:39:00.105580,1.26135,1.26136,1.26132,1.26135,2499
2026-02-20 04:39:00.105580,1.26134,1.26142,1.26115,1.26124,1708
2026-02-20 05:39:00.105580,1.26133,1.26145,1.26113,1.26135,1535
2026-02-20 06:39:00.105580,1.26141,1.26149,1.26119,1.26131,6846
2026-02-20 07:39:00.105580,1.26134,1.26135,1.26114,1.26134,2343
2026-02-20 08:39:00.105580,1.2614,1.26153,1.26138,1.26139,3252
2026-02-20 09:39:00.105580,1.26124,1.26124,1.26117,1.26122,5445
2026-02-20 10:39:00.105580,1.26104,1.26108,1.26097,1.26103,1907
2026-02-20 11:39:00.105580,1.26098,1.26113,1.26083,1.26093,11803
2026-02-20 12:39:00.105580,1.26088,1.26103,1.26085,1.26098,4751
2026-02-20 13:39:00.105580,1.26094,1.26102,1.26093,1.26099,4737
2026-02-20 14:39:00.105580,1.26076,1.26087,1.26075,1.2608,4937
2026-02-20 15:39:00.105580,1.26128,1.26146,1.2611,1.26129,2058
2026-02-20 16:39:00.105580,1.26128,1.26136,1.26125,1.26133,9152
2026-02-20 17:39:00.105580,1.26137,1.26145,1.26131,1.26139,5456
2026-02-20 18:39:00.105580,1.26131,1.26138,1.26121,1.26128,6371
2026-02-20 19:39:00.105580,1.26139,1.26165,1.26129,1.26151,41809
2026-02-20 20:39:00.105580,1.26105,1.2611,1.26096,1.26104,4383
2026-02-20 21:39:00.105580,1.26134,1.26144,1.26127,1.26134,918
2026-02-20 22:39:00.105580,1.26137,1.26137,1.26131,1.26136,730
2026-02-20 23:39:00.105580,1.26148,1.26156,1.2613,1.26135,3756
2026-02-21 00:39:00.105580,1.26141,1.2615,1.26137,1.26141,494
2026-02-21 01:39:00.105580,1.26141,1.26143,1.26118,1.26123,4693
2026-02-21 02:39:00.105580,1.26139,1.26158,1.26134,1.26141,3080
2026-02-21 03:39:00.105580,1.26116,1.26131,1.26112,1.26115,4133
2026-02-21 04:39:00.105580,1.26114,1.26119,1.26106,1.26107,5733
2026-02-21 05:39:00.105580,1.2614,1.26144,1.26121,1.26125,396
2026-02-21 06:39:00.105580,1.26152,1.26168,1.26124,1.26148,1691
2026-02-21 07:39:00.105580,1.26148,1.2615,1.26143,1.26146,1032
2026-02-21 08:39:00.105580,1.26155,1.26168,1.26141,1.26168,1166
2026-02-21 09:39:00.105580,1.26148,1.26155,1.2614,1.26142,1894
2026-02-21 10:39:00.105580,1.26176,1.26183,1.26156,1.26162,5432
2026-02-21 11:39:00.105580,1.26185,1.26196,1.26181,1.26181,1561
2026-02-21 12:39:00.105580,1.26212,1.26225,1.26187,1.26206,7688
2026-02-21 13:39:00.105580,1.26224,1.26243,1.2622,1.26235,3085
2026-02-21 14:39:00.105580,1.26209,1.26232,1.26204,1.26204,3241
2026-02-21 15:39:00.105580,1.26198,1.26198,1.26192,1.26193,2689
2026-02-21 16:39:00.105580,1.26207,1.26226,1.26197,1.26218,4940
2026-02-21 17:39:00.105580,1.26209,1.26222,1.26203,1.26213,4556
2026-02-21 18:39:00.105580,1.26184,1.26184,1.26173,1.26176,34414
2026-02-21 19:39:00.105580,1.26192,1.26212,1.26181,1.26196,5530
2026-02-21 20:39:00.105580,1.26201,1.26219,1.26189,1.26198,9117
2026-02-21 21:39:00.105580,1.26178,1.26181,1.26154,1.26175,4284
2026-02-21 22:39:00.105580,1.2614,1.26167,1.26137,1.26148,8732
2026-02-21 23:39:00.105580,1.2614,1.26158,1.26132,1.26153,9356
2026-02-22 00:39:00.105580,1.26136,1.26152,1.26136,1.26139,2860
2026-02-22 01:39:00.105580,1.26152,1.26153,1.26143,1.26147,1195
2026-02-22 02:39:00.105580,1.26132,1.2614,1.26109,1.2613,404
2026-02-22 03:39:00.105580,1.2614,1.26157,1.2613,1.26154,5282
2026-02-22 04:39:00.105580,1.26148,1.26166,1.26145,1.26159,1999
2026-02-22 05:39:00.105580,1.26128,1.26141,1.26124,1.26125,571
2026-02-22 06:39:00.105580,1.26124,1.26141,1.26117,1.2612,3573
2026-02-22 07:39:00.105580,1.26141,1.26145,1.26133,1.26136,2335
2026-02-22 08:39:00.105580,1.2614,1.26152,1.26116,1.26143,4935
2026-02-22 09:39:00.105580,1.26125,1.26146,1.26121,1.2613,3601
2026-02-22 10:39:00.105580,1.26107,1.26113,1.26099,1.261,2986
2026-02-22 11:39:00.105580,1.26126,1.2615,1.26105,1.26145,14758
2026-02-22 12:39:00.105580,1.26127,1.26128,1.26118,1.26123,3928
2026-02-22 13:39:00.105580,1.26137,1.26141,1.26126,1.2613,5836
2026-02-22 14:39:00.105580,1.26132,1.26134,1.26123,1.26134,3640
2026-02-22 15:39:00.105580,1.26121,1.2615,1.26114,1.26131,6608
2026-02-22 16:39:00.105580,1.26094,1.26097,1.26084,1.26089,11164
2026-02-22 17:39:00.105580,1.2609,1.26096,1.26072,1.26077,13200
2026-02-22 18:39:00.105580,1.26128,1.26153,1.26105,1.26114,16844
2026-02-22 19:39:00.105580,1.2612,1.26129,1.26117,1.2612,12223
2026-02-22 20:39:00.105580,1.261,1.26107,1.26089,1.26089,8513
2026-02-22 21:39:00.105580,1.26092,1.26098,1.26081,1.26092,5105
2026-02-22 22:39:00.105580,1.26103,1.26115,1.26099,1.26108,6347
2026-02-22 23:39:00.105580,1.26128,1.26157,1.26104,1.26138,11782
2026-02-23 00:39:00.105580,1.26132,1.26143,1.26119,1.26122,555
2026-02-23 01:39:00.105580,1.26136,1.26145,1.2613,1.26133,2610
2026-02-23 02:39:00.105580,1.26157,1.26161,1.26152,1.26154,4811
2026-02-23 03:39:00.105580,1.26169,1.26183,1.26151,1.26181,4207
2026-02-23 04:39:00.105580,1.26154,1.26167,1.26139,1.26145,6627
2026-02-23 05:39:00.105580,1.26152,1.26171,1.26146,1.26148,427
2026-02-23 06:39:00.105580,1.26158,1.26164,1.26149,1.2615,4734
2026-02-23 07:39:00.105580,1.26173,1.26191,1.2617,1.26179,2218
2026-02-23 08:39:00.105580,1.26158,1.26161,1.26138,1.26156,1778
2026-02-23 09:39:00.105580,1.26186,1.26218,1.26177,1.26183,1491
2026-02-23 10:39:00.105580,1.26228,1.2624,1.26223,1.26233,9955
2026-02-23 11:39:00.105580,1.26218,1.26227,1.26214,1.26224,10756
2026-02-23 12:39:00.105580,1.26248,1.26261,1.26223,1.2625,4837
2026-02-23 13:39:00.105580,1.2625,1.2625,1.26231,1.26239,17975
2026-02-23 14:39:00.105580,1.26246,1.26251,1.26238,1.26239,2050
2026-02-23 15:39:00.105580,1.2625,1.26258,1.26248,1.26257,7343
2026-02-23 16:39:00.105580,1.26253,1.26262,1.26252,1.26253,2704
2026-02-23 17:39:00.105580,1.26243,1.26254,1.26231,1.26244,1574
2026-02-23 18:39:00.105580,1.26225,1.26233,1.26225,1.26225,6933
2026-02-23 19:39:00.105580,1.26214,1.26221,1.26186,1.26198,5270
2026-02-23 20:39:00.105580,1.26206,1.26211,1.26184,1.26201,6927
2026-02-23 21:39:00.105580,1.26183,1.26191,1.26176,1.26189,4162
2026-02-23 22:39:00.105580,1.26197,1.26211,1.26196,1.26199,18548
2026-02-23 23:39:00.105580,1.26219,1.26238,1.26218,1.26226,4095
2026-02-24 00:39:00.105580,1.26204,1.26211,1.26196,1.26204,703
2026-02-24 01:39:00.105580,1.2621,1.26224,1.26204,1.26219,1292
2026-02-24 02:39:00.105580,1.26214,1.26223,1.26207,1.2622,1486
2026-02-24 03:39:00.105580,1.26217,1.26225,1.26191,1.26204,1682
2026-02-24 04:39:00.105580,1.26191,1.26202,1.26178,1.26196,4771
2026-02-24 05:39:00.105580,1.26222,1.26222,1.26217,1.26218,373
2026-02-24 06:39:00.105580,1.26203,1.26204,1.26192,1.26194,3143
2026-02-24 07:39:00.105580,1.26208,1.26229,1.26202,1.26211,2407
2026-02-24 08:39:00.105580,1.26235,1.2625,1.26233,1.26239,12111
2026-02-24 09:39:00.105580,1.26212,1.26222,1.26201,1.26205,3329
2026-02-24 10:39:00.105580,1.26218,1.2624,1.26214,1.2622,5298
2026-02-24 11:39:00.105580,1.26202,1.26219,1.26195,1.26195,10498
2026-02-24 12:39:00.105580,1.26206,1.2621,1.26189,1.26203,13720
2026-02-24 13:39:00.105580,1.26188,1.26193,1.26172,1.26191,2700
2026-02-24 14:39:00.105580,1.26202,1.26211,1.26197,1.262,20635
2026-02-24 15:39:00.105580,1.2617,1.26183,1.26162,1.26181,2496
2026-02-24 16:39:00.105580,1.26173,1.26199,1.26163,1.26183,7976
2026-02-24 17:39:00.105580,1.26174,1.26176,1.26156,1.26168,2240
2026-02-24 18:39:00.105580,1.26188,1.26196,1.26164,1.26176,951
2026-02-24 19:39:00.105580,1.26177,1.2619,1.26174,1.2619,1652
2026-02-24 20:39:00.105580,1.26178,1.26189,1.26166,1.26187,14249
2026-02-24 21:39:00.105580,1.26188,1.26204,1.26186,1.26198,1827
2026-02-24 22:39:00.105580,1.26208,1.26218,1.26197,1.26214,7260
2026-02-24 23:39:00.105580,1.26185,1.26199,1.26162,1.26172,2218
2026-02-25 00:39:00.105580,1.26193,1.26197,1.26186,1.26195,1550
2026-02-25 01:39:00.105580,1.26185,1.26189,1.26181,1.26189,2429
2026-02-25 02:39:00.105580,1.26184,1.2621,1.26181,1.26203,1222
2026-02-25 03:39:00.105580,1.26181,1.2619,1.2617,1.26177,2076
2026-02-25 04:39:00.105580,1.26167,1.26182,1.26165,1.26174,611
2026-02-25 05:39:00.105580,1.26134,1.26142,1.26134,1.2614,1437
2026-02-25 06:39:00.105580,1.26152,1.26161,1.26149,1.26157,782
2026-02-25 07:39:00.105580,1.26125,1.26139,1.26122,1.26132,249
2026-02-25 08:39:00.105580,1.26137,1.26139,1.2613,1.26136,8175
2026-02-25 09:39:00.105580,1.26123,1.26132,1.26112,1.26128,1973
2026-02-25 10:39:00.105580,1.26099,1.261,1.2609,1.26096,8000
2026-02-25 11:39:00.105580,1.26105,1.26119,1.26092,1.26101,24613
2026-02-25 12:39:00.105580,1.26091,1.26107,1.26079,1.26106,3245
2026-02-25 13:39:00.105580,1.26079,1.26088,1.26066,1.26086,264
2026-02-25 14:39:00.105580,1.2609,1.26093,1.26074,1.26088,4604
2026-02-25 15:39:00.105580,1.26072,1.26084,1.26069,1.2608,10390
2026-02-25 16:39:00.105580,1.26062,1.26062,1.2604,1.26044,15935
