datetime,open,high,low,close,volume
2025-08-29 17:39:00.278005,150.5,152.441,148.938,151.178,12837
2025-08-29 18:39:00.278005,152.044,154.095,150.079,152.942,1672
2025-08-29 19:39:00.278005,151.463,152.052,149.877,150.926,6626
2025-08-29 20:39:00.278005,150.265,150.702,149.242,150.472,4469
2025-08-29 21:39:00.278005,149.111,150.719,148.14,149.31,5590
2025-08-29 22:39:00.278005,145.035,145.68,142.967,144.046,1069
2025-08-29 23:39:00.278005,145.769,146.88,144.736,145.708,5719
2025-08-30 00:39:00.278005,149.15,150.168,145.719,147.513,1441
2025-08-30 01:39:00.278005,146.024,146.713,145.299,146.415,5904
2025-08-30 02:39:00.278005,143.564,145.084,140.913,141.582,1960
2025-08-30 03:39:00.278005,142.974,144.87,141.007,142.52,2106
2025-08-30 04:39:00.278005,142.963,145.396,141.832,143.416,1853
2025-08-30 05:39:00.278005,140.452,141.454,139.259,139.689,3508
2025-08-30 06:39:00.278005,137.846,139.171,136.325,137.551,766
2025-08-30 07:39:00.278005,138.195,140.66,136.584,139.852,517
2025-08-30 08:39:00.278005,135.572,136.916,135.26,136.497,3936
2025-08-30 09:39:00.278005,137.493,138.585,134.613,138.364,4976
2025-08-30 10:39:00.278005,138.08,139.982,138.035,138.993,2795
2025-08-30 11:39:00.278005,139.135,140.047,138.431,139.42,5107
2025-08-30 12:39:00.278005,137.701,141.308,136.651,138.764,19844
2025-08-30 13:39:00.278005,139.363,140.226,137.177,138.822,2182
2025-08-30 14:39:00.278005,137.563,139.698,135.947,137.145,1529
2025-08-30 15:39:00.278005,139.929,142.714,139.398,141.243,4310
2025-08-30 16:39:00.278005,140.541,140.887,138.222,140.164,6494
2025-08-30 17:39:00.278005,143.067,146.035,143.043,144.931,3981
2025-08-30 18:39:00.278005,139.056,139.244,137.61,138.123,8161
2025-08-30 19:39:00.278005,138.611,141.049,137.198,140.478,5657
2025-08-30 20:39:00.278005,138.308,142.698,137.655,139.751,2425
2025-08-30 21:39:00.278005,137.582,137.928,136.549,137.11,5212
2025-08-30 22:39:00.278005,138.963,139.368,138.181,139.359,4108
2025-08-30 23:39:00.278005,139.726,142.575,139.069,141.321,6793
2025-08-31 00:39:00.278005,138.787,139.411,137.549,138.467,1887
2025-08-31 01:39:00.278005,136.856,138.341,135.909,136.493,1097
2025-08-31 02:39:00.278005,136.89,139.116,136.701,138.561,2994
2025-08-31 03:39:00.278005,136.389,137.907,134.628,135.411,7259
2025-08-31 04:39:00.278005,136.218,136.34,135.586,135.634,2577
2025-08-31 05:39:00.278005,136.46,136.596,133.456,135.209,2779
2025-08-31 06:39:00.278005,134.221,136.497,131.385,132.39,1347
2025-08-31 07:39:00.278005,136.999,138.56,135.746,136.149,4192
2025-08-31 08:39:00.278005,136.988,140.281,136.103,136.845,18052
2025-08-31 09:39:00.278005,137.906,139.939,137.26,137.853,5751
2025-08-31 10:39:00.278005,139.655,140.788,138.72,138.751,5915
2025-08-31 11:39:00.278005,142.661,143.955,139.928,140.535,1540
2025-08-31 12:39:00.278005,142.818,143.657,141.324,143.628,6347
2025-08-31 13:39:00.278005,142.93,143.118,142.335,142.929,3211
2025-08-31 14:39:00.278005,141.578,142.328,140.667,140.845,4593
2025-08-31 15:39:00.278005,141.072,142.149,141.053,142.009,2767
2025-08-31 16:39:00.278005,141.465,142.265,140.358,141.836,3376
2025-08-31 17:39:00.278005,141.804,142.777,141.1,141.41,2598
2025-08-31 18:39:00.278005,139.748,142.959,138.785,140.872,1950
2025-08-31 19:39:00.278005,140.296,143.816,138.88,141.918,5026
2025-08-31 20:39:00.278005,139.16,139.388,138.068,138.844,2602
2025-08-31 21:39:00.278005,138.016,138.814,135.216,137.314,1867
2025-08-31 22:39:00.278005,135.884,139.689,134.474,138.5,1865
2025-08-31 23:39:00.278005,137.329,138.571,135.941,137.767,2539
2025-09-01 00:39:00.278005,139.148,141.583,138.86,140.859,2539
2025-09-01 01:39:00.278005,142.606,142.957,141.442,141.64,1476
2025-09-01 02:39:00.278005,141.075,144.205,139.625,143.174,4140
2025-09-01 03:39:00.278005,141.692,142.755,140.736,141.68,1378
2025-09-01 04:39:00.278005,141.732,142.965,138.374,140.196,6124
2025-09-01 05:39:00.278005,146.653,148.151,145.93,147.185,2384
2025-09-01 06:39:00.278005,144.747,146.754,144.616,146.003,3793
2025-09-01 07:39:00.278005,146.008,149.813,144.837,144.872,2337
2025-09-01 08:39:00.278005,144.565,146.77,144.518,145.646,4962
2025-09-01 09:39:00.278005,146.148,146.832,144.219,144.855,6377
2025-09-01 10:39:00.278005,146.461,147.659,144.756,147.511,10413
2025-09-01 11:39:00.278005,146.731,149.07,146.53,147.966,10311
2025-09-01 12:39:00.278005,147.316,150.407,145.704,150.265,2797
2025-09-01 13:39:00.278005,149.009,151.519,148.801,149.547,6061
2025-09-01 14:39:00.278005,149.891,152.822,148.829,151.212,792
2025-09-01 15:39:00.278005,156.369,158.029,156.055,157.162,1120
2025-09-01 16:39:00.278005,157.946,159.38,154.802,157.278,5353
2025-09-01 17:39:00.278005,159.191,162.417,158.298,158.505,15105
2025-09-01 18:39:00.278005,158.361,159.012,156.892,157.011,2594
2025-09-01 19:39:00.278005,155.384,155.652,154.733,155.021,23668
2025-09-01 20:39:00.278005,154.622,155.536,153.959,154.947,8759
2025-09-01 21:39:00.278005,152.827,153.221,152.551,152.756,7520
2025-09-01 22:39:00.278005,151.608,152.872,150.664,152.577,2551
2025-09-01 23:39:00.278005,150.566,151.177,150.343,150.595,8717
2025-09-02 00:39:00.278005,146.889,147.134,145.11,146.968,1629
2025-09-02 01:39:00.278005,148.374,149.393,148.14,148.167,1480
2025-09-02 02:39:00.278005,149.261,149.479,148.086,149.329,1516
2025-09-02 03:39:00.278005,148.67,150.192,148.355,148.737,1228
2025-09-02 04:39:00.278005,151.735,154.176,150.608,152.078,3233
2025-09-02 05:39:00.278005,153.283,155.676,151.961,153.907,3283
2025-09-02 06:39:00.278005,150.389,152.637,148.543,151.308,2366
2025-09-02 07:39:00.278005,149.075,149.802,148.06,149.134,470
2025-09-02 08:39:00.278005,147.398,147.994,144.927,146.938,14783
2025-09-02 09:39:00.278005,145.648,146.371,143.363,144.479,7497
2025-09-02 10:39:00.278005,148.346,149.184,147.036,147.393,28908
2025-09-02 11:39:00.278005,148.58,149.101,147.527,148.927,2465
2025-09-02 12:39:00.278005,150.753,152.438,150.021,150.043,7028
2025-09-02 13:39:00.278005,151.563,155.764,149.992,152.866,4674
2025-09-02 14:39:00.278005,151.678,153.07,150.75,152.052,6611
2025-09-02 15:39:00.278005,152.759,156.043,151.204,154.81,3834
2025-09-02 16:39:00.278005,156.532,157.492,155.416,156.016,1038
2025-09-02 17:39:00.278005,157.669,158.358,156.83,157.045,5962
2025-09-02 18:39:00.278005,157.264,157.594,156.549,157.575,1115
2025-09-02 19:39:00.278005,158.811,160.006,157.743,158.316,11105
2025-09-02 20:39:00.278005,160.395,162.132,160.231,161.202,3534
2025-09-02 21:39:00.278005,161.457,163.31,159.596,160.815,2592
2025-09-02 22:39:00.278005,162.733,163.749,160.596,161.661,3085
2025-09-02 23:39:00.278005,162.911,164.257,160.143,163.829,2562
2025-09-03 00:39:00.278005,163.875,164.151,162.97,163.741,2483
2025-09-03 01:39:00.278005,165.748,165.836,165.241,165.805,1479
2025-09-03 02:39:00.278005,168.0,169.696,166.894,167.581,4043
2025-09-03 03:39:00.278005,167.454,169.155,166.314,168.509,589
2025-09-03 04:39:00.278005,167.575,167.975,165.514,167.751,4382
2025-09-03 05:39:00.278005,170.861,171.319,170.112,170.318,3001
2025-09-03 06:39:00.278005,172.719,173.161,171.562,171.842,2615
2025-09-03 07:39:00.278005,173.717,174.435,171.651,173.093,899
2025-09-03 08:39:00.278005,173.788,173.851,171.998,172.947,2202
2025-09-03 09:39:00.278005,173.511,175.451,172.273,173.602,23126
2025-09-03 10:39:00.278005,174.124,175.436,173.61,174.519,7039
2025-09-03 11:39:00.278005,174.462,175.473,173.262,175.317,875
2025-09-03 12:39:00.278005,173.696,173.897,172.382,172.787,2156
2025-09-03 13:39:00.278005,171.585,172.575,171.245,171.809,10150
2025-09-03 14:39:00.278005,172.004,174.012,170.705,172.786,3218
2025-09-03 15:39:00.278005,171.704,172.512,170.402,171.681,5903
2025-09-03 16:39:00.278005,171.633,173.539,170.199,171.982,562
2025-09-03 17:39:00.278005,170.375,172.24,169.844,171.092,14855
2025-09-03 18:39:00.278005,170.177,170.254,169.706,170.123,68668
2025-09-03 19:39:00.278005,169.564,171.582,168.443,170.721,6018
2025-09-03 20:39:00.278005,169.661,170.671,168.789,168.961,2182
2025-09-03 21:39:00.278005,170.324,171.438,170.138,170.394,1499
2025-09-03 22:39:00.278005,173.597,174.543,173.532,173.621,2180
2025-09-03 23:39:00.278005,173.837,174.869,172.476,174.012,3672
2025-09-04 00:39:00.278005,172.288,174.126,172.217,173.421,3481
2025-09-04 01:39:00.278005,171.313,172.628,168.826,171.702,602
2025-09-04 02:39:00.278005,171.878,174.592,171.385,172.742,1574
2025-09-04 03:39:00.278005,170.714,171.143,169.61,169.857,11289
2025-09-04 04:39:00.278005,168.084,169.854,167.114,167.547,1229
2025-09-04 05:39:00.278005,167.058,168.441,167.014,167.746,2582
2025-09-04 06:39:00.278005,166.77,167.785,165.323,166.256,1744
2025-09-04 07:39:00.278005,165.365,165.709,164.97,165.296,665
2025-09-04 08:39:00.278005,164.367,165.622,164.118,165.474,6311
2025-09-04 09:39:00.278005,164.038,165.184,163.377,164.241,7940
2025-09-04 10:39:00.278005,165.438,167.685,165.24,166.6,1821
2025-09-04 11:39:00.278005,168.026,169.753,167.445,169.461,1114
2025-09-04 12:39:00.278005,171.056,171.53,169.194,171.347,6425
2025-09-04 13:39:00.278005,171.142,174.448,170.014,170.714,3156
2025-09-04 14:39:00.278005,170.588,172.158,169.377,169.835,2503
2025-09-04 15:39:00.278005,173.402,175.707,172.634,174.011,18593
2025-09-04 16:39:00.278005,175.583,176.854,174.513,176.07,21068
2025-09-04 17:39:00.278005,170.972,172.553,169.861,172.013,2641
2025-09-04 18:39:00.278005,174.149,176.052,173.698,174.817,455
2025-09-04 19:39:00.278005,171.31,172.446,169.944,171.655,7331
2025-09-04 20:39:00.278005,172.095,174.394,170.819,173.062,28925
2025-09-04 21:39:00.278005,171.87,173.498,171.661,172.527,1959
2025-09-04 22:39:00.278005,172.597,175.103,172.084,173.252,722
2025-09-04 23:39:00.278005,170.315,171.104,169.089,169.71,3104
2025-09-05 00:39:00.278005,168.31,170.774,167.852,168.456,1209
2025-09-05 01:39:00.278005,166.728,167.465,165.104,166.161,1286
2025-09-05 02:39:00.278005,165.672,166.033,162.54,163.876,2223
2025-09-05 03:39:00.278005,165.71,165.838,164.714,164.892,7950
2025-09-05 04:39:00.278005,165.466,168.154,163.912,165.894,2180
2025-09-05 05:39:00.278005,166.816,170.463,164.358,166.016,3712
2025-09-05 06:39:00.278005,166.29,167.485,165.765,166.739,1187
2025-09-05 07:39:00.278005,169.022,170.329,167.158,169.198,594
2025-09-05 08:39:00.278005,170.22,171.328,169.618,171.28,5110
2025-09-05 09:39:00.278005,172.489,174.8,172.105,173.12,2192
2025-09-05 10:39:00.278005,169.303,171.584,167.647,169.351,9250
2025-09-05 11:39:00.278005,166.608,168.152,165.184,167.292,3103
2025-09-05 12:39:00.278005,169.699,169.784,167.529,168.533,1922
2025-09-05 13:39:00.278005,172.429,175.483,171.642,171.809,5972
2025-09-05 14:39:00.278005,175.08,177.345,173.022,174.028,14129
2025-09-05 15:39:00.278005,174.698,175.721,173.791,174.986,2786
2025-09-05 16:39:00.278005,176.286,178.257,174.558,177.48,7643
2025-09-05 17:39:00.278005,177.327,178.247,173.595,175.788,13607
2025-09-05 18:39:00.278005,176.135,178.873,175.652,176.113,3491
2025-09-05 19:39:00.278005,174.476,176.538,173.068,173.2,4243
2025-09-05 20:39:00.278005,173.984,175.843,172.037,173.64,14998
2025-09-05 21:39:00.278005,175.357,175.384,172.437,174.95,1038
2025-09-05 22:39:00.278005,175.49,176.478,173.335,176.014,8728
2025-09-05 23:39:00.278005,176.44,177.021,175.852,176.241,15426
2025-09-06 00:39:00.278005,174.992,176.189,174.746,175.98,6628
2025-09-06 01:39:00.278005,175.037,177.451,172.342,175.536,3017
2025-09-06 02:39:00.278005,176.204,178.362,173.86,175.761,2142
2025-09-06 03:39:00.278005,173.688,177.2,173.596,175.009,15076
2025-09-06 04:39:00.278005,171.912,172.176,170.821,171.886,1572
2025-09-06 05:39:00.278005,170.748,172.553,170.724,170.821,537
2025-09-06 06:39:00.278005,171.741,172.912,170.678,172.057,3641
2025-09-06 07:39:00.278005,170.065,172.446,168.725,171.331,1221
2025-09-06 08:39:00.278005,170.772,173.882,169.925,171.463,18868
2025-09-06 09:39:00.278005,170.423,171.47,169.587,169.951,7928
2025-09-06 10:39:00.278005,171.07,173.036,170.536,171.854,2583
2025-09-06 11:39:00.278005,170.176,171.317,167.972,168.895,6786
2025-09-06 12:39:00.278005,170.69,173.491,170.257,171.681,1744
2025-09-06 13:39:00.278005,169.965,171.271,168.673,170.506,8477
2025-09-06 14:39:00.278005,165.538,165.926,162.305,165.033,9534
2025-09-06 15:39:00.278005,164.742,165.455,162.865,165.449,11765
2025-09-06 16:39:00.278005,165.384,165.941,161.969,164.811,3056
2025-09-06 17:39:00.278005,161.033,162.362,160.554,161.671,6723
2025-09-06 18:39:00.278005,158.245,158.903,158.181,158.568,17976
2025-09-06 19:39:00.278005,157.429,158.684,155.289,156.3,9381
2025-09-06 20:39:00.278005,157.763,158.837,155.466,158.724,5064
2025-09-06 21:39:00.278005,156.194,157.094,153.815,155.342,2034
2025-09-06 22:39:00.278005,156.314,159.236,154.941,155.801,17610
2025-09-06 23:39:00.278005,156.904,157.675,156.837,157.425,2128
2025-09-07 00:39:00.278005,156.393,156.515,155.359,156.47,8019
2025-09-07 01:39:00.278005,157.09,157.972,155.686,155.81,9547
2025-09-07 02:39:00.278005,158.709,159.445,158.405,159.002,2154
2025-09-07 03:39:00.278005,162.382,163.324,159.205,161.399,997
2025-09-07 04:39:00.278005,158.868,159.318,156.436,158.949,1869
2025-09-07 05:39:00.278005,158.737,159.422,157.958,159.222,1500
2025-09-07 06:39:00.278005,163.567,164.349,162.888,163.102,13219
2025-09-07 07:39:00.278005,164.907,165.298,164.204,164.267,1204
2025-09-07 08:39:00.278005,163.424,167.282,162.771,164.368,8605
2025-09-07 09:39:00.278005,165.82,166.828,165.025,165.567,9233
2025-09-07 10:39:00.278005,163.882,165.048,163.322,164.064,3241
2025-09-07 11:39:00.278005,165.857,168.321,162.655,166.498,4886
2025-09-07 12:39:00.278005,165.516,168.517,163.448,164.023,8123
2025-09-07 13:39:00.278005,162.319,163.306,161.155,162.288,15898
2025-09-07 14:39:00.278005,159.818,163.029,159.75,160.64,5629
2025-09-07 15:39:00.278005,163.131,163.483,161.62,162.901,4782
2025-09-07 16:39:00.278005,162.634,163.177,161.746,161.955,6754
2025-09-07 17:39:00.278005,162.508,163.995,161.578,163.949,27694
2025-09-07 18:39:00.278005,165.745,168.286,165.368,166.869,6447
2025-09-07 19:39:00.278005,163.696,164.309,162.225,162.562,5467
2025-09-07 20:39:00.278005,163.699,166.067,161.69,164.583,11039
2025-09-07 21:39:00.278005,163.388,163.571,162.737,163.328,10063
2025-09-07 22:39:00.278005,163.299,163.563,163.276,163.386,12402
2025-09-07 23:39:00.278005,163.475,163.511,161.359,163.158,3352
2025-09-08 00:39:00.278005,158.611,160.709,158.359,159.589,6842
2025-09-08 01:39:00.278005,154.704,154.89,153.807,154.122,945
2025-09-08 02:39:00.278005,152.141,152.279,151.728,151.785,5811
2025-09-08 03:39:00.278005,155.327,157.705,155.19,156.653,3578
2025-09-08 04:39:00.278005,156.653,158.84,156.295,157.957,3556
2025-09-08 05:39:00.278005,157.572,159.292,157.335,158.152,6705
2025-09-08 06:39:00.278005,157.085,157.244,156.609,156.907,327
2025-09-08 07:39:00.278005,157.92,158.308,157.29,157.938,828
2025-09-08 08:39:00.278005,155.91,156.849,152.728,155.152,13513
2025-09-08 09:39:00.278005,155.334,156.384,153.362,154.177,2806
2025-09-08 10:39:00.278005,156.954,157.822,155.378,156.557,4134
2025-09-08 11:39:00.278005,158.71,159.281,157.942,158.64,11458
2025-09-08 12:39:00.278005,156.064,156.088,153.646,154.959,4292
2025-09-08 13:39:00.278005,158.995,159.052,157.818,158.8,1360
2025-09-08 14:39:00.278005,159.376,159.538,157.045,157.575,2603
2025-09-08 15:39:00.278005,160.071,162.264,158.33,161.208,16391
2025-09-08 16:39:00.278005,160.244,160.358,158.075,158.566,522
2025-09-08 17:39:00.278005,160.133,161.086,156.409,158.891,11047
2025-09-08 18:39:00.278005,158.019,158.323,155.951,158.297,29922
2025-09-08 19:39:00.278005,157.715,160.173,154.632,157.21,15448
2025-09-08 20:39:00.278005,156.903,157.128,154.662,156.862,2937
2025-09-08 21:39:00.278005,155.418,155.673,154.674,155.164,1300
2025-09-08 22:39:00.278005,156.925,158.41,155.949,156.25,4864
2025-09-08 23:39:00.278005,158.343,161.972,156.927,157.569,1490
2025-09-09 00:39:00.278005,155.356,159.694,154.502,155.657,18621
2025-09-09 01:39:00.278005,155.391,156.654,154.963,155.88,8671
2025-09-09 02:39:00.278005,155.694,157.975,155.383,157.268,665
2025-09-09 03:39:00.278005,153.306,155.924,153.257,154.015,1223
2025-09-09 04:39:00.278005,151.616,152.439,151.516,151.926,2407
2025-09-09 05:39:00.278005,156.291,157.515,155.237,156.141,950
2025-09-09 06:39:00.278005,154.783,155.096,153.008,153.914,2349
2025-09-09 07:39:00.278005,154.987,155.308,154.027,154.434,4220
2025-09-09 08:39:00.278005,157.293,157.967,157.009,157.58,12803
2025-09-09 09:39:00.278005,160.817,161.312,160.24,160.327,6292
2025-09-09 10:39:00.278005,162.192,162.327,160.267,161.629,2112
2025-09-09 11:39:00.278005,164.051,165.638,161.469,162.907,7199
2025-09-09 12:39:00.278005,162.633,162.999,160.664,161.424,6240
2025-09-09 13:39:00.278005,163.746,163.981,163.283,163.415,3737
2025-09-09 14:39:00.278005,164.384,167.131,163.208,164.203,32532
2025-09-09 15:39:00.278005,166.23,166.335,164.166,165.803,2339
2025-09-09 16:39:00.278005,166.076,168.354,163.718,167.712,1984
2025-09-09 17:39:00.278005,166.438,166.858,165.454,165.532,11229
2025-09-09 18:39:00.278005,164.439,165.338,164.275,164.827,4156
2025-09-09 19:39:00.278005,165.682,166.773,163.632,164.896,1242
2025-09-09 20:39:00.278005,167.301,169.114,166.352,168.692,9697
2025-09-09 21:39:00.278005,166.469,169.119,165.852,167.746,7111
2025-09-09 22:39:00.278005,166.811,167.453,164.215,165.335,7940
2025-09-09 23:39:00.278005,165.297,166.335,164.308,164.967,1495
2025-09-10 00:39:00.278005,167.561,169.151,166.104,167.056,2305
2025-09-10 01:39:00.278005,165.27,165.656,164.54,164.597,1115
2025-09-10 02:39:00.278005,165.362,165.714,163.498,164.536,1090
2025-09-10 03:39:00.278005,167.498,167.594,165.531,166.69,6964
2025-09-10 04:39:00.278005,166.669,169.311,164.81,166.045,4964
2025-09-10 05:39:00.278005,165.649,166.719,164.113,165.028,2000
2025-09-10 06:39:00.278005,163.145,164.468,161.985,163.644,945
2025-09-10 07:39:00.278005,161.688,161.825,160.641,160.899,975
2025-09-10 08:39:00.278005,164.391,167.403,163.771,164.623,3161
2025-09-10 09:39:00.278005,163.979,165.147,163.157,164.46,2516
2025-09-10 10:39:00.278005,162.045,164.045,161.283,163.621,2791
2025-09-10 11:39:00.278005,162.836,164.523,160.835,162.394,2620
2025-09-10 12:39:00.278005,161.794,161.814,160.978,161.311,1356
2025-09-10 13:39:00.278005,160.894,161.017,159.779,160.55,7745
2025-09-10 14:39:00.278005,163.116,164.004,162.833,163.907,793
2025-09-10 15:39:00.278005,163.83,165.065,162.947,163.468,2479
2025-09-10 16:39:00.278005,164.119,168.314,163.545,166.078,13345
2025-09-10 17:39:00.278005,167.12,168.088,164.628,165.205,4442
2025-09-10 18:39:00.278005,167.565,170.699,166.669,167.144,8289
2025-09-10 19:39:00.278005,170.795,173.142,169.726,172.173,628
2025-09-10 20:39:00.278005,168.613,169.72,167.609,168.36,29808
2025-09-10 21:39:00.278005,171.389,171.569,169.493,171.168,3750
2025-09-10 22:39:00.278005,171.321,172.174,168.729,169.619,8843
2025-09-10 23:39:00.278005,170.415,170.612,168.845,169.538,4246
2025-09-11 00:39:00.278005,171.471,174.41,170.3,170.726,1847
2025-09-11 01:39:00.278005,170.789,171.728,170.246,170.302,726
2025-09-11 02:39:00.278005,172.195,173.582,167.593,170.533,3720
2025-09-11 03:39:00.278005,174.176,174.561,173.872,174.338,5308
2025-09-11 04:39:00.278005,173.823,174.532,172.973,173.401,9852
2025-09-11 05:39:00.278005,172.353,174.522,171.635,172.992,4865
2025-09-11 06:39:00.278005,172.358,172.493,170.08,172.089,906
2025-09-11 07:39:00.278005,172.397,173.11,171.758,172.572,1454
2025-09-11 08:39:00.278005,173.563,176.949,171.77,175.358,11819
2025-09-11 09:39:00.278005,173.972,177.559,172.905,175.608,14750
2025-09-11 10:39:00.278005,173.737,175.711,171.522,172.122,5213
2025-09-11 11:39:00.278005,174.048,175.645,173.3,175.417,5736
2025-09-11 12:39:00.278005,176.003,176.949,175.784,176.406,935
2025-09-11 13:39:00.278005,174.619,176.364,173.599,173.829,3454
2025-09-11 14:39:00.278005,173.47,175.821,173.194,174.432,4992
2025-09-11 15:39:00.278005,173.3,173.424,172.69,172.921,1459
2025-09-11 16:39:00.278005,170.546,172.335,170.343,170.702,16108
2025-09-11 17:39:00.278005,169.461,170.9,169.063,169.219,2757
2025-09-11 18:39:00.278005,169.937,170.631,167.836,170.449,13604
2025-09-11 19:39:00.278005,171.7,172.579,171.085,171.568,5513
2025-09-11 20:39:00.278005,175.42,176.361,173.348,175.109,10164
2025-09-11 21:39:00.278005,173.934,175.862,173.257,174.727,1198
2025-09-11 22:39:00.278005,173.416,177.096,173.129,174.879,2215
2025-09-11 23:39:00.278005,176.098,177.302,175.85,176.625,1096
2025-09-12 00:39:00.278005,176.66,177.601,175.769,176.923,2759
2025-09-12 01:39:00.278005,177.391,178.613,177.077,177.158,1438
2025-09-12 02:39:00.278005,177.68,179.825,177.301,177.525,3619
2025-09-12 03:39:00.278005,180.13,182.291,179.806,180.422,3081
2025-09-12 04:39:00.278005,180.002,183.563,179.824,180.684,905
2025-09-12 05:39:00.278005,178.689,181.711,178.293,179.418,4089
2025-09-12 06:39:00.278005,177.805,180.111,177.65,178.862,1193
2025-09-12 07:39:00.278005,172.849,173.412,171.663,172.779,2725
2025-09-12 08:39:00.278005,174.482,175.164,173.098,174.155,6058
2025-09-12 09:39:00.278005,174.334,174.557,172.45,173.615,1478
2025-09-12 10:39:00.278005,177.21,179.064,174.781,175.41,7265
2025-09-12 11:39:00.278005,177.209,178.116,175.945,176.283,1258
2025-09-12 12:39:00.278005,176.692,178.112,176.206,177.917,3304
2025-09-12 13:39:00.278005,176.117,176.846,174.061,174.383,3828
2025-09-12 14:39:00.278005,174.916,177.716,174.183,176.016,2265
2025-09-12 15:39:00.278005,176.696,176.779,175.928,176.456,3387
2025-09-12 16:39:00.278005,177.946,180.018,174.228,177.192,6017
2025-09-12 17:39:00.278005,179.044,180.857,176.615,178.393,4105
2025-09-12 18:39:00.278005,181.435,182.86,180.492,180.836,2687
2025-09-12 19:39:00.278005,180.15,180.194,179.387,180.161,3989
2025-09-12 20:39:00.278005,178.836,179.831,178.455,178.638,10379
2025-09-12 21:39:00.278005,179.578,180.784,177.872,180.082,1217
2025-09-12 22:39:00.278005,179.474,181.641,178.751,179.067,313
2025-09-12 23:39:00.278005,180.312,180.478,176.922,180.138,8665
2025-09-13 00:39:00.278005,181.439,181.843,180.547,180.825,744
2025-09-13 01:39:00.278005,178.093,179.242,175.838,177.172,1854
2025-09-13 02:39:00.278005,177.115,178.264,175.197,176.666,6732
2025-09-13 03:39:00.278005,174.093,175.718,173.737,175.113,788
2025-09-13 04:39:00.278005,177.311,178.151,174.856,177.099,4860
2025-09-13 05:39:00.278005,177.185,178.655,175.503,176.586,3257
2025-09-13 06:39:00.278005,178.307,179.591,176.024,178.835,2159
2025-09-13 07:39:00.278005,180.911,181.968,179.767,181.17,3056
2025-09-13 08:39:00.278005,181.79,182.947,180.023,181.977,1618
2025-09-13 09:39:00.278005,180.5,182.283,180.084,181.529,14267
2025-09-13 10:39:00.278005,181.376,182.27,179.467,180.411,16316
2025-09-13 11:39:00.278005,176.551,179.189,175.588,178.266,2810
2025-09-13 12:39:00.278005,175.867,177.871,174.818,177.542,4109
2025-09-13 13:39:00.278005,177.907,179.951,177.013,177.677,14279
2025-09-13 14:39:00.278005,177.77,179.032,177.053,177.989,4855
2025-09-13 15:39:00.278005,175.499,176.86,173.484,174.96,2891
2025-09-13 16:39:00.278005,172.692,173.175,171.969,172.811,17127
2025-09-13 17:39:00.278005,174.118,174.439,172.854,173.157,5137
2025-09-13 18:39:00.278005,173.531,174.601,171.502,172.416,3125
2025-09-13 19:39:00.278005,174.294,175.364,172.721,174.903,2709
2025-09-13 20:39:00.278005,173.75,175.109,173.056,174.729,2699
2025-09-13 21:39:00.278005,173.635,174.181,172.152,173.191,739
2025-09-13 22:39:00.278005,174.93,177.104,173.366,175.911,3324
2025-09-13 23:39:00.278005,171.418,171.739,170.218,170.642,2116
2025-09-14 00:39:00.278005,173.137,175.401,172.144,174.86,1133
2025-09-14 01:39:00.278005,172.802,175.73,171.865,173.7,6639
2025-09-14 02:39:00.278005,174.058,174.504,171.438,174.268,2541
2025-09-14 03:39:00.278005,178.129,178.476,176.125,177.52,5699
2025-09-14 04:39:00.278005,179.859,181.734,178.368,180.353,1498
2025-09-14 05:39:00.278005,180.53,180.594,178.645,179.718,2381
2025-09-14 06:39:00.278005,180.92,182.1,180.735,181.893,1935
2025-09-14 07:39:00.278005,183.537,185.049,180.838,184.228,3041
2025-09-14 08:39:00.278005,187.088,188.487,186.302,187.938,1803
2025-09-14 09:39:00.278005,185.318,185.917,185.163,185.743,19214
2025-09-14 10:39:00.278005,185.931,188.112,185.078,185.117,1029
2025-09-14 11:39:00.278005,186.796,187.975,186.193,186.642,1374
2025-09-14 12:39:00.278005,189.07,190.123,188.324,188.928,8301
2025-09-14 13:39:00.278005,190.42,191.287,188.582,189.512,2249
2025-09-14 14:39:00.278005,190.048,191.496,188.684,189.117,5726
2025-09-14 15:39:00.278005,189.997,190.004,187.532,189.409,2051
2025-09-14 16:39:00.278005,192.96,193.519,191.145,191.281,3040
2025-09-14 17:39:00.278005,188.743,190.335,186.029,189.304,3183
2025-09-14 18:39:00.278005,191.782,194.492,190.951,193.775,13713
2025-09-14 19:39:00.278005,196.052,197.046,195.17,196.067,8258
2025-09-14 20:39:00.278005,191.058,191.269,190.058,190.781,5421
2025-09-14 21:39:00.278005,187.386,188.358,186.034,186.381,1401
2025-09-14 22:39:00.278005,190.362,190.563,189.433,189.927,6370
2025-09-14 23:39:00.278005,192.12,193.76,190.567,191.721,4461
2025-09-15 00:39:00.278005,192.259,192.783,190.8,192.391,5553
2025-09-15 01:39:00.278005,191.609,192.808,190.927,192.757,6112
2025-09-15 02:39:00.278005,189.406,189.797,188.85,188.87,4285
2025-09-15 03:39:00.278005,192.362,193.433,190.508,193.149,2540
2025-09-15 04:39:00.278005,190.116,191.947,187.773,189.326,2709
2025-09-15 05:39:00.278005,189.544,190.762,189.284,190.714,5375
2025-09-15 06:39:00.278005,189.69,190.33,188.348,188.362,3281
2025-09-15 07:39:00.278005,190.318,191.323,189.73,189.902,7806
2025-09-15 08:39:00.278005,190.193,191.558,188.546,190.934,1164
2025-09-15 09:39:00.278005,193.19,195.495,192.79,194.322,12867
2025-09-15 10:39:00.278005,193.365,195.199,191.665,191.977,1783
2025-09-15 11:39:00.278005,193.364,194.252,192.61,193.152,2662
2025-09-15 12:39:00.278005,190.378,190.649,187.067,188.734,5265
2025-09-15 13:39:00.278005,188.772,189.372,187.526,187.751,3772
2025-09-15 14:39:00.278005,188.054,189.106,186.632,188.27,4246
2025-09-15 15:39:00.278005,188.601,188.905,185.367,185.737,2035
2025-09-15 16:39:00.278005,185.892,187.604,185.307,186.163,2519
2025-09-15 17:39:00.278005,186.703,188.486,185.891,186.845,14267
2025-09-15 18:39:00.278005,186.719,189.082,184.511,186.773,6108
2025-09-15 19:39:00.278005,190.915,193.644,190.362,191.656,15553
2025-09-15 20:39:00.278005,190.665,192.696,190.043,192.289,973
2025-09-15 21:39:00.278005,194.13,196.644,192.983,195.936,2430
2025-09-15 22:39:00.278005,195.34,199.354,195.186,196.641,6624
2025-09-15 23:39:00.278005,194.765,196.077,192.95,194.802,1812
2025-09-16 00:39:00.278005,193.165,196.081,192.41,194.486,9013
2025-09-16 01:39:00.278005,191.257,193.392,190.263,193.177,469
2025-09-16 02:39:00.278005,191.922,194.393,190.527,193.853,1153
2025-09-16 03:39:00.278005,192.678,194.862,191.214,194.001,1766
2025-09-16 04:39:00.278005,196.429,197.162,195.908,195.972,3447
2025-09-16 05:39:00.278005,196.213,197.03,195.246,195.963,10713
2025-09-16 06:39:00.278005,197.289,199.921,196.65,197.483,2254
2025-09-16 07:39:00.278005,194.124,196.975,192.991,195.711,14443
2025-09-16 08:39:00.278005,192.522,194.053,191.076,192.495,656
2025-09-16 09:39:00.278005,193.728,197.722,189.921,192.517,5308
2025-09-16 10:39:00.278005,196.252,196.808,195.224,195.456,7348
2025-09-16 11:39:00.278005,196.966,198.362,195.884,198.006,8670
2025-09-16 12:39:00.278005,197.133,197.947,194.457,197.823,3150
2025-09-16 13:39:00.278005,198.814,199.328,197.211,198.04,6646
2025-09-16 14:39:00.278005,195.303,195.795,192.263,194.586,3232
2025-09-16 15:39:00.278005,191.289,192.727,189.31,190.601,2568
2025-09-16 16:39:00.278005,191.198,192.847,189.698,191.694,2951
2025-09-16 17:39:00.278005,190.94,192.025,190.195,191.452,14049
2025-09-16 18:39:00.278005,191.344,191.686,190.68,190.871,2278
2025-09-16 19:39:00.278005,193.003,194.522,190.562,193.834,6699
2025-09-16 20:39:00.278005,193.816,195.164,191.375,193.151,4034
2025-09-16 21:39:00.278005,193.714,194.092,192.776,194.025,884
2025-09-16 22:39:00.278005,193.584,195.65,191.913,195.005,5999
2025-09-16 23:39:00.278005,194.491,196.069,193.788,194.481,10632
2025-09-17 00:39:00.278005,192.619,194.572,189.156,193.811,1760
2025-09-17 01:39:00.278005,192.232,192.539,191.335,191.984,4206
2025-09-17 02:39:00.278005,192.041,193.44,189.828,192.892,1588
2025-09-17 03:39:00.278005,188.975,191.416,188.523,190.956,2781
2025-09-17 04:39:00.278005,187.013,190.299,186.719,187.37,2024
2025-09-17 05:39:00.278005,188.833,189.994,186.81,189.936,2943
2025-09-17 06:39:00.278005,188.979,190.474,187.263,188.288,3220
2025-09-17 07:39:00.278005,188.463,190.139,187.686,189.546,3046
2025-09-17 08:39:00.278005,188.615,189.559,185.643,188.702,4887
2025-09-17 09:39:00.278005,190.131,191.56,189.051,189.232,4583
2025-09-17 10:39:00.278005,186.484,187.734,184.419,185.189,6981
2025-09-17 11:39:00.278005,186.085,187.036,185.111,185.386,2565
2025-09-17 12:39:00.278005,186.845,189.875,186.246,187.219,18823
2025-09-17 13:39:00.278005,182.741,183.324,180.301,183.119,690
2025-09-17 14:39:00.278005,180.395,180.887,178.638,179.693,9009
2025-09-17 15:39:00.278005,181.191,182.417,179.95,180.446,11787
2025-09-17 16:39:00.278005,182.812,182.963,181.321,181.923,12489
2025-09-17 17:39:00.278005,181.491,181.544,180.419,181.042,8299
2025-09-17 18:39:00.278005,181.199,182.221,180.685,181.962,4056
2025-09-17 19:39:00.278005,178.712,179.041,178.531,178.734,5448
2025-09-17 20:39:00.278005,177.565,178.385,176.038,176.26,11959
2025-09-17 21:39:00.278005,180.588,182.724,180.147,180.588,2540
2025-09-17 22:39:00.278005,184.16,187.343,184.11,184.799,4495
2025-09-17 23:39:00.278005,184.594,184.685,183.254,184.025,1662
2025-09-18 00:39:00.278005,184.583,185.456,183.392,184.232,1159
2025-09-18 01:39:00.278005,183.316,185.489,181.359,182.539,470
2025-09-18 02:39:00.278005,182.535,182.833,181.479,181.877,633
2025-09-18 03:39:00.278005,180.653,182.664,180.061,181.65,6177
2025-09-18 04:39:00.278005,178.567,179.508,176.653,178.957,5035
2025-09-18 05:39:00.278005,179.876,180.654,178.336,179.152,3123
2025-09-18 06:39:00.278005,177.072,179.182,176.923,177.482,2579
2025-09-18 07:39:00.278005,176.508,176.895,175.143,176.133,2036
2025-09-18 08:39:00.278005,177.418,179.312,176.837,177.612,5250
2025-09-18 09:39:00.278005,179.5,180.325,178.27,178.676,12487
2025-09-18 10:39:00.278005,182.763,185.035,180.674,182.804,8054
2025-09-18 11:39:00.278005,184.97,185.506,184.339,184.479,3912
2025-09-18 12:39:00.278005,182.765,183.828,182.662,182.682,2801
2025-09-18 13:39:00.278005,180.262,180.66,179.663,179.942,9350
2025-09-18 14:39:00.278005,180.851,182.109,178.85,180.74,8861
2025-09-18 15:39:00.278005,179.564,180.425,178.501,180.024,4802
2025-09-18 16:39:00.278005,179.008,180.61,178.566,179.855,10986
2025-09-18 17:39:00.278005,180.509,180.718,179.924,180.588,6127
2025-09-18 18:39:00.278005,180.829,182.778,180.394,181.686,8668
2025-09-18 19:39:00.278005,179.364,180.642,177.993,180.457,15194
2025-09-18 20:39:00.278005,181.913,182.761,179.25,181.457,8474
2025-09-18 21:39:00.278005,185.224,186.145,183.106,183.829,5311
2025-09-18 22:39:00.278005,186.229,186.394,184.596,185.669,1922
2025-09-18 23:39:00.278005,186.937,187.783,186.637,187.166,923
2025-09-19 00:39:00.278005,186.573,188.174,185.598,187.547,5858
2025-09-19 01:39:00.278005,184.659,185.099,181.62,183.949,25736
2025-09-19 02:39:00.278005,188.133,189.409,186.483,188.004,4630
2025-09-19 03:39:00.278005,188.969,190.641,187.727,190.567,1867
2025-09-19 04:39:00.278005,188.61,188.656,185.685,186.694,2027
2025-09-19 05:39:00.278005,189.817,190.465,188.831,189.573,553
2025-09-19 06:39:00.278005,188.07,191.14,186.43,188.147,1948
2025-09-19 07:39:00.278005,187.312,190.34,186.682,188.983,2460
2025-09-19 08:39:00.278005,187.683,188.602,187.59,187.681,3574
2025-09-19 09:39:00.278005,184.094,185.11,182.525,184.191,4326
2025-09-19 10:39:00.278005,182.868,184.444,182.46,184.343,8174
2025-09-19 11:39:00.278005,183.237,185.532,183.096,183.101,7831
2025-09-19 12:39:00.278005,188.199,188.818,187.212,187.55,4273
2025-09-19 13:39:00.278005,189.589,190.373,188.81,189.157,7395
2025-09-19 14:39:00.278005,187.516,187.869,187.36,187.407,4838
2025-09-19 15:39:00.278005,186.404,186.426,182.916,186.231,5737
2025-09-19 16:39:00.278005,186.532,187.625,186.209,187.087,15107
2025-09-19 17:39:00.278005,186.006,187.303,185.345,185.756,2489
2025-09-19 18:39:00.278005,185.743,187.415,185.085,186.058,2064
2025-09-19 19:39:00.278005,187.051,188.811,183.307,186.777,1428
2025-09-19 20:39:00.278005,189.671,191.084,188.397,189.679,10602
2025-09-19 21:39:00.278005,187.522,189.182,186.127,187.249,3532
2025-09-19 22:39:00.278005,191.374,191.955,190.256,191.581,8020
2025-09-19 23:39:00.278005,188.845,191.06,188.656,189.974,2657
2025-09-20 00:39:00.278005,189.438,189.517,188.246,189.41,1147
2025-09-20 01:39:00.278005,186.214,187.734,184.918,185.486,759
2025-09-20 02:39:00.278005,183.885,184.291,181.557,183.468,4372
2025-09-20 03:39:00.278005,187.784,189.778,186.621,188.771,1203
2025-09-20 04:39:00.278005,186.295,187.511,185.865,186.124,3606
2025-09-20 05:39:00.278005,186.909,188.637,185.507,187.025,3113
2025-09-20 06:39:00.278005,186.612,186.727,184.628,185.538,1757
2025-09-20 07:39:00.278005,184.763,186.416,182.719,185.237,3258
2025-09-20 08:39:00.278005,186.57,189.294,185.068,188.07,4629
2025-09-20 09:39:00.278005,185.943,187.334,184.775,184.794,3235
2025-09-20 10:39:00.278005,181.198,183.28,179.029,180.069,5221
2025-09-20 11:39:00.278005,180.591,181.207,180.337,180.586,10275
2025-09-20 12:39:00.278005,177.663,178.151,176.522,178.002,2074
2025-09-20 13:39:00.278005,175.346,175.593,173.633,175.153,3195
2025-09-20 14:39:00.278005,176.107,178.457,173.17,174.322,15904
2025-09-20 15:39:00.278005,177.965,178.691,177.364,177.997,5280
2025-09-20 16:39:00.278005,178.24,179.616,177.288,178.8,3996
2025-09-20 17:39:00.278005,178.29,180.249,177.234,177.877,12755
2025-09-20 18:39:00.278005,178.531,180.296,177.59,179.921,1380
2025-09-20 19:39:00.278005,178.616,181.719,178.197,179.512,4484
2025-09-20 20:39:00.278005,179.297,179.341,179.068,179.237,777
2025-09-20 21:39:00.278005,177.496,180.248,176.596,177.509,1911
2025-09-20 22:39:00.278005,177.479,178.479,174.923,175.623,7727
2025-09-20 23:39:00.278005,179.786,180.379,178.335,179.955,2760
2025-09-21 00:39:00.278005,178.902,180.391,177.321,179.551,6779
2025-09-21 01:39:00.278005,181.685,182.812,178.599,180.463,3375
2025-09-21 02:39:00.278005,181.129,182.992,180.814,182.73,3400
2025-09-21 03:39:00.278005,180.926,183.161,180.407,180.643,1615
2025-09-21 04:39:00.278005,181.386,182.533,180.15,180.922,1576
2025-09-21 05:39:00.278005,183.327,184.136,180.328,182.907,915
2025-09-21 06:39:00.278005,184.782,185.637,184.008,184.909,1991
2025-09-21 07:39:00.278005,186.502,187.057,185.968,186.295,1696
2025-09-21 08:39:00.278005,186.541,187.116,183.789,185.198,2622
2025-09-21 09:39:00.278005,185.073,185.542,182.885,185.101,2908
2025-09-21 10:39:00.278005,184.453,185.495,182.861,185.119,7090
2025-09-21 11:39:00.278005,185.065,187.183,183.815,184.198,2929
2025-09-21 12:39:00.278005,185.039,186.597,183.998,184.196,14937
2025-09-21 13:39:00.278005,185.836,186.561,185.359,185.485,1593
2025-09-21 14:39:00.278005,185.4,187.377,185.373,186.032,3402
2025-09-21 15:39:00.278005,190.467,192.536,189.987,191.236,2283
2025-09-21 16:39:00.278005,190.767,195.234,187.756,190.327,8335
2025-09-21 17:39:00.278005,190.13,191.512,188.86,189.47,9521
2025-09-21 18:39:00.278005,188.242,188.416,184.439,186.615,2165
2025-09-21 19:39:00.278005,187.949,190.725,187.172,188.018,5934
2025-09-21 20:39:00.278005,190.543,191.472,188.946,190.979,3898
2025-09-21 21:39:00.278005,189.484,189.965,186.611,187.799,2380
2025-09-21 22:39:00.278005,188.941,190.413,187.864,188.719,3679
2025-09-21 23:39:00.278005,187.127,188.428,184.444,187.124,3263
2025-09-22 00:39:00.278005,189.498,190.315,188.841,190.182,3025
2025-09-22 01:39:00.278005,188.509,190.581,186.923,188.438,4495
2025-09-22 02:39:00.278005,186.585,188.822,185.77,187.237,2819
2025-09-22 03:39:00.278005,188.852,189.979,188.296,189.374,18106
2025-09-22 04:39:00.278005,189.32,190.47,188.675,189.254,3927
2025-09-22 05:39:00.278005,188.367,189.623,186.316,189.175,1028
2025-09-22 06:39:00.278005,188.526,188.787,187.024,188.106,2408
2025-09-22 07:39:00.278005,187.069,188.988,185.668,188.175,2669
2025-09-22 08:39:00.278005,187.694,188.361,187.594,187.627,3406
2025-09-22 09:39:00.278005,189.775,189.81,189.336,189.71,3800
2025-09-22 10:39:00.278005,190.965,192.017,190.379,190.617,27197
2025-09-22 11:39:00.278005,188.883,189.698,185.601,189.021,6225
2025-09-22 12:39:00.278005,184.258,185.838,183.493,185.11,6863
2025-09-22 13:39:00.278005,184.001,184.453,181.425,183.053,3889
2025-09-22 14:39:00.278005,185.364,185.804,184.33,184.74,6570
2025-09-22 15:39:00.278005,184.787,185.779,184.466,185.034,9337
2025-09-22 16:39:00.278005,182.894,185.222,181.013,183.812,2999
2025-09-22 17:39:00.278005,184.44,186.832,183.303,185.339,6861
2025-09-22 18:39:00.278005,183.942,186.03,182.195,185.52,11929
2025-09-22 19:39:00.278005,183.31,183.543,182.484,182.527,5831
2025-09-22 20:39:00.278005,181.273,182.563,177.665,182.061,1877
2025-09-22 21:39:00.278005,184.488,184.704,182.311,182.607,3739
2025-09-22 22:39:00.278005,184.547,185.376,182.842,183.723,1092
2025-09-22 23:39:00.278005,184.927,184.927,181.464,183.665,11611
2025-09-23 00:39:00.278005,185.22,186.602,184.13,185.705,1452
2025-09-23 01:39:00.278005,186.465,189.1,185.679,185.805,1260
2025-09-23 02:39:00.278005,187.375,190.283,187.166,187.458,298
2025-09-23 03:39:00.278005,189.216,190.793,188.874,190.152,3273
2025-09-23 04:39:00.278005,192.627,192.716,190.809,191.786,175
2025-09-23 05:39:00.278005,189.165,189.193,188.539,188.781,6694
2025-09-23 06:39:00.278005,193.469,194.232,190.148,192.502,6985
2025-09-23 07:39:00.278005,194.444,194.982,194.167,194.232,3471
2025-09-23 08:39:00.278005,193.227,196.78,192.669,193.526,3081
2025-09-23 09:39:00.278005,190.852,191.335,188.524,190.369,4616
2025-09-23 10:39:00.278005,190.033,191.461,189.041,190.707,15036
2025-09-23 11:39:00.278005,189.81,192.351,187.167,188.583,1303
2025-09-23 12:39:00.278005,189.884,190.659,189.614,190.216,11246
2025-09-23 13:39:00.278005,188.344,189.296,185.892,187.749,3105
2025-09-23 14:39:00.278005,184.757,185.688,183.621,185.391,1271
2025-09-23 15:39:00.278005,185.881,186.362,183.374,184.466,2957
2025-09-23 16:39:00.278005,185.267,186.152,184.577,185.078,2775
2025-09-23 17:39:00.278005,185.235,186.18,183.785,184.932,1476
2025-09-23 18:39:00.278005,183.823,184.582,182.636,183.883,1685
2025-09-23 19:39:00.278005,180.58,182.808,178.959,180.114,4440
2025-09-23 20:39:00.278005,177.479,179.136,174.531,176.433,6152
2025-09-23 21:39:00.278005,177.709,179.909,177.268,177.824,7524
2025-09-23 22:39:00.278005,177.102,178.912,175.714,178.09,3829
2025-09-23 23:39:00.278005,175.559,178.338,174.181,176.133,6066
2025-09-24 00:39:00.278005,175.249,177.905,174.272,176.002,2251
2025-09-24 01:39:00.278005,173.984,175.436,173.192,174.656,4098
2025-09-24 02:39:00.278005,171.995,172.017,170.896,171.693,7821
2025-09-24 03:39:00.278005,171.987,173.12,171.004,171.884,2309
2025-09-24 04:39:00.278005,173.731,176.021,171.461,174.379,2671
2025-09-24 05:39:00.278005,174.336,174.857,174.313,174.738,1853
2025-09-24 06:39:00.278005,174.227,175.112,173.284,175.102,1474
2025-09-24 07:39:00.278005,170.823,171.979,169.328,170.992,1070
2025-09-24 08:39:00.278005,171.064,171.451,170.349,170.784,7970
2025-09-24 09:39:00.278005,169.461,171.174,168.183,169.189,5120
2025-09-24 10:39:00.278005,168.236,168.753,167.549,167.568,3949
2025-09-24 11:39:00.278005,170.028,171.855,169.307,171.05,2417
2025-09-24 12:39:00.278005,172.798,174.364,171.984,172.895,4187
2025-09-24 13:39:00.278005,173.257,174.942,171.224,174.818,5333
2025-09-24 14:39:00.278005,174.67,176.562,173.8,174.337,2673
2025-09-24 15:39:00.278005,171.323,172.087,168.879,171.728,9454
2025-09-24 16:39:00.278005,169.08,172.28,168.561,170.022,4397
2025-09-24 17:39:00.278005,168.622,170.384,166.608,169.34,5177
2025-09-24 18:39:00.278005,171.056,171.936,170.254,170.914,1554
2025-09-24 19:39:00.278005,170.601,171.991,169.882,171.269,5993
2025-09-24 20:39:00.278005,172.594,174.984,171.848,173.913,3349
2025-09-24 21:39:00.278005,171.234,171.911,169.248,170.477,7091
2025-09-24 22:39:00.278005,169.5,171.719,169.272,170.638,3020
2025-09-24 23:39:00.278005,169.433,172.171,167.362,170.193,2311
2025-09-25 00:39:00.278005,168.528,170.249,167.703,168.299,2938
2025-09-25 01:39:00.278005,167.795,169.693,164.024,167.555,2581
2025-09-25 02:39:00.278005,168.776,170.221,168.456,168.872,1829
2025-09-25 03:39:00.278005,168.158,169.473,165.556,166.533,9882
2025-09-25 04:39:00.278005,167.928,169.6,167.737,168.244,1947
2025-09-25 05:39:00.278005,165.899,168.881,164.3,166.837,889
2025-09-25 06:39:00.278005,169.055,169.396,168.678,168.997,2845
2025-09-25 07:39:00.278005,170.048,171.987,167.977,170.754,1603
2025-09-25 08:39:00.278005,168.276,168.716,164.788,167.103,3053
2025-09-25 09:39:00.278005,167.221,168.667,166.986,167.812,4496
2025-09-25 10:39:00.278005,164.697,167.501,162.537,163.903,3272
2025-09-25 11:39:00.278005,162.631,163.702,161.994,163.575,2192
2025-09-25 12:39:00.278005,165.313,167.547,164.006,165.878,7261
2025-09-25 13:39:00.278005,166.573,167.005,162.911,165.304,10971
2025-09-25 14:39:00.278005,173.183,173.251,171.414,171.86,2430
2025-09-25 15:39:00.278005,174.346,174.467,171.391,172.359,2388
2025-09-25 16:39:00.278005,175.095,175.259,174.779,174.79,2645
2025-09-25 17:39:00.278005,174.192,176.351,173.62,174.002,546
2025-09-25 18:39:00.278005,175.061,176.191,173.51,174.812,9517
2025-09-25 19:39:00.278005,174.895,179.954,174.709,175.889,537
2025-09-25 20:39:00.278005,172.66,172.669,169.508,172.559,25025
2025-09-25 21:39:00.278005,175.868,177.157,174.067,176.114,708
2025-09-25 22:39:00.278005,178.502,181.327,175.231,177.444,3888
2025-09-25 23:39:00.278005,179.136,180.074,178.431,179.704,3173
2025-09-26 00:39:00.278005,180.386,180.752,179.638,180.619,2010
2025-09-26 01:39:00.278005,179.99,180.361,178.174,180.225,711
2025-09-26 02:39:00.278005,181.19,182.498,180.471,182.121,870
2025-09-26 03:39:00.278005,181.601,182.638,180.06,180.334,1225
2025-09-26 04:39:00.278005,184.104,185.438,181.832,185.218,2883
2025-09-26 05:39:00.278005,184.967,186.265,181.037,182.892,2509
2025-09-26 06:39:00.278005,183.461,186.094,181.025,182.794,1152
2025-09-26 07:39:00.278005,184.566,184.867,183.396,184.457,2135
2025-09-26 08:39:00.278005,183.054,183.936,182.167,182.173,12004
2025-09-26 09:39:00.278005,184.634,185.952,183.837,185.002,3280
2025-09-26 10:39:00.278005,185.348,189.219,184.907,186.114,8490
2025-09-26 11:39:00.278005,183.295,183.433,182.618,182.654,3829
2025-09-26 12:39:00.278005,181.786,184.281,181.064,183.904,954
2025-09-26 13:39:00.278005,181.097,182.872,180.449,181.469,600
2025-09-26 14:39:00.278005,181.039,181.06,180.116,181.005,22341
2025-09-26 15:39:00.278005,183.02,184.072,181.259,182.693,5239
2025-09-26 16:39:00.278005,181.197,182.28,180.24,181.61,7786
2025-09-26 17:39:00.278005,180.694,181.84,180.101,180.731,768
2025-09-26 18:39:00.278005,182.022,182.257,181.79,182.224,8032
2025-09-26 19:39:00.278005,182.58,183.047,182.52,182.911,1744
2025-09-26 20:39:00.278005,175.554,175.616,174.148,175.052,10677
2025-09-26 21:39:00.278005,178.223,178.489,177.514,177.657,5415
2025-09-26 22:39:00.278005,179.857,181.485,177.269,180.632,7748
2025-09-26 23:39:00.278005,180.866,182.772,180.575,182.18,1461
2025-09-27 00:39:00.278005,181.647,182.555,179.308,179.971,1570
2025-09-27 01:39:00.278005,177.892,178.793,177.054,177.067,1126
2025-09-27 02:39:00.278005,176.755,178.06,173.83,177.222,5135
2025-09-27 03:39:00.278005,178.903,179.874,178.542,179.112,2709
2025-09-27 04:39:00.278005,178.241,179.204,176.081,177.799,1716
2025-09-27 05:39:00.278005,176.662,177.493,176.408,177.14,1868
2025-09-27 06:39:00.278005,174.255,175.697,172.285,173.536,2691
2025-09-27 07:39:00.278005,175.75,177.272,175.661,176.106,1007
2025-09-27 08:39:00.278005,177.145,179.741,176.341,178.341,1679
2025-09-27 09:39:00.278005,176.925,178.88,175.09,175.757,5002
2025-09-27 10:39:00.278005,173.071,174.186,171.493,172.506,8436
2025-09-27 11:39:00.278005,174.402,175.194,172.719,173.651,8924
2025-09-27 12:39:00.278005,174.491,176.295,173.942,175.005,5069
2025-09-27 13:39:00.278005,173.977,175.661,170.294,173.246,2398
2025-09-27 14:39:00.278005,173.724,177.219,171.57,173.286,7373
2025-09-27 15:39:00.278005,174.552,176.512,172.654,174.578,6322
2025-09-27 16:39:00.278005,173.633,173.983,170.37,173.902,1758
2025-09-27 17:39:00.278005,173.34,174.184,172.984,173.427,2627
2025-09-27 18:39:00.278005,173.829,176.457,172.676,174.635,11842
2025-09-27 19:39:00.278005,171.984,173.307,171.324,171.503,8079
2025-09-27 20:39:00.278005,173.039,173.503,171.982,173.354,5024
2025-09-27 21:39:00.278005,174.381,175.773,173.284,175.23,5375
2025-09-27 22:39:00.278005,172.897,174.604,172.203,172.64,9973
2025-09-27 23:39:00.278005,175.674,176.067,174.583,176.047,2777
2025-09-28 00:39:00.278005,175.049,176.596,174.607,174.874,1096
2025-09-28 01:39:00.278005,174.718,176.827,173.211,175.222,8210
2025-09-28 02:39:00.278005,175.88,177.078,174.838,175.769,1459
2025-09-28 03:39:00.278005,174.226,174.723,173.152,174.156,3723
2025-09-28 04:39:00.278005,178.745,180.51,177.821,178.499,795
2025-09-28 05:39:00.278005,178.19,179.656,175.728,177.198,327
2025-09-28 06:39:00.278005,176.028,176.937,175.761,176.564,1622
2025-09-28 07:39:00.278005,177.3,178.424,175.486,177.499,640
2025-09-28 08:39:00.278005,178.455,179.627,177.521,178.838,1971
2025-09-28 09:39:00.278005,177.38,179.473,176.635,178.255,9093
2025-09-28 10:39:00.278005,175.241,177.479,173.094,175.271,2926
2025-09-28 11:39:00.278005,175.283,175.598,174.169,174.937,21468
2025-09-28 12:39:00.278005,174.851,175.866,172.51,173.423,4006
2025-09-28 13:39:00.278005,173.282,175.107,171.584,173.959,18129
2025-09-28 14:39:00.278005,172.93,174.325,171.267,171.589,20856
2025-09-28 15:39:00.278005,173.318,173.358,171.294,173.053,3516
2025-09-28 16:39:00.278005,172.54,173.053,169.842,171.526,5678
2025-09-28 17:39:00.278005,173.546,176.114,172.754,175.207,5589
2025-09-28 18:39:00.278005,174.463,175.285,168.226,173.73,12120
2025-09-28 19:39:00.278005,172.401,173.908,170.473,173.142,12930
2025-09-28 20:39:00.278005,171.892,175.763,170.074,173.511,2208
2025-09-28 21:39:00.278005,171.703,172.863,170.442,170.839,1894
2025-09-28 22:39:00.278005,170.102,174.225,170.094,171.885,14246
2025-09-28 23:39:00.278005,170.443,172.277,167.974,171.723,2503
2025-09-29 00:39:00.278005,169.978,170.231,169.313,169.423,2194
2025-09-29 01:39:00.278005,172.898,174.838,172.392,173.348,1467
2025-09-29 02:39:00.278005,169.504,170.853,168.0,169.677,1666
2025-09-29 03:39:00.278005,170.791,171.423,169.583,170.689,1172
2025-09-29 04:39:00.278005,175.51,176.383,173.691,175.032,1407
2025-09-29 05:39:00.278005,173.864,176.688,173.772,174.26,5079
2025-09-29 06:39:00.278005,172.323,175.023,172.303,173.761,3487
2025-09-29 07:39:00.278005,171.849,172.808,169.999,170.742,12529
2025-09-29 08:39:00.278005,169.671,170.688,167.689,168.972,6997
2025-09-29 09:39:00.278005,170.404,171.863,169.58,170.527,1482
2025-09-29 10:39:00.278005,167.759,169.437,166.815,167.065,11562
2025-09-29 11:39:00.278005,166.799,167.988,166.298,166.671,2061
2025-09-29 12:39:00.278005,165.896,166.143,164.781,165.409,1253
2025-09-29 13:39:00.278005,165.401,166.122,164.589,165.386,4972
2025-09-29 14:39:00.278005,166.728,168.427,164.795,166.255,11509
2025-09-29 15:39:00.278005,168.996,170.179,168.47,168.571,3964
2025-09-29 16:39:00.278005,165.513,166.958,164.938,164.989,3883
2025-09-29 17:39:00.278005,166.972,168.381,165.619,167.564,1959
2025-09-29 18:39:00.278005,164.443,165.682,162.943,164.788,3808
2025-09-29 19:39:00.278005,162.464,163.84,160.54,163.383,8323
2025-09-29 20:39:00.278005,162.65,164.076,161.764,162.311,2544
2025-09-29 21:39:00.278005,159.577,161.494,159.553,161.175,1503
2025-09-29 22:39:00.278005,157.697,159.347,156.923,158.711,1986
2025-09-29 23:39:00.278005,159.658,161.495,158.836,160.375,959
2025-09-30 00:39:00.278005,156.689,159.122,156.502,157.189,1459
2025-09-30 01:39:00.278005,157.372,158.903,156.011,158.42,1382
2025-09-30 02:39:00.278005,152.333,155.725,151.021,153.193,2635
2025-09-30 03:39:00.278005,153.075,155.521,152.999,155.439,3921
2025-09-30 04:39:00.278005,154.371,156.505,152.98,154.407,420
2025-09-30 05:39:00.278005,154.994,156.478,154.197,154.635,1197
2025-09-30 06:39:00.278005,155.656,157.459,154.154,156.413,2599
2025-09-30 07:39:00.278005,155.71,157.238,154.77,155.553,3025
2025-09-30 08:39:00.278005,157.013,157.371,156.126,156.704,11588
2025-09-30 09:39:00.278005,157.92,158.725,156.982,157.677,9035
2025-09-30 10:39:00.278005,160.44,161.595,159.872,160.474,5882
2025-09-30 11:39:00.278005,161.409,163.568,160.42,162.973,3439
2025-09-30 12:39:00.278005,160.115,162.073,159.176,160.211,1656
2025-09-30 13:39:00.278005,162.26,163.804,161.594,161.768,1783
2025-09-30 14:39:00.278005,160.501,161.365,158.575,159.797,4535
2025-09-30 15:39:00.278005,163.342,166.484,163.043,165.471,2328
2025-09-30 16:39:00.278005,165.435,165.847,163.996,164.596,20471
2025-09-30 17:39:00.278005,165.915,167.955,164.467,167.177,3133
2025-09-30 18:39:00.278005,167.229,169.001,165.85,168.309,7843
2025-09-30 19:39:00.278005,169.067,169.975,168.951,169.111,6244
2025-09-30 20:39:00.278005,169.497,171.474,169.174,170.385,5561
2025-09-30 21:39:00.278005,170.294,171.981,168.676,170.864,5111
2025-09-30 22:39:00.278005,169.146,170.725,167.649,167.84,864
2025-09-30 23:39:00.278005,170.689,171.155,169.621,170.275,3029
2025-10-01 00:39:00.278005,170.638,171.523,169.487,171.275,1642
2025-10-01 01:39:00.278005,169.841,173.129,167.359,171.058,4994
2025-10-01 02:39:00.278005,169.233,170.583,168.556,169.448,507
2025-10-01 03:39:00.278005,168.54,170.199,166.834,169.043,726
2025-10-01 04:39:00.278005,169.433,170.121,168.471,169.95,3563
2025-10-01 05:39:00.278005,168.239,168.326,167.248,167.877,1763
2025-10-01 06:39:00.278005,169.064,169.544,166.911,168.232,1085
2025-10-01 07:39:00.278005,170.914,172.156,170.618,172.016,535
2025-10-01 08:39:00.278005,172.044,172.221,169.519,170.489,2613
2025-10-01 09:39:00.278005,173.016,175.356,171.9,174.453,4583
2025-10-01 10:39:00.278005,174.967,178.625,174.318,177.098,3453
2025-10-01 11:39:00.278005,175.145,177.311,174.671,175.753,10944
2025-10-01 12:39:00.278005,173.291,175.283,172.327,175.202,2788
2025-10-01 13:39:00.278005,175.301,175.535,174.322,175.317,11721
2025-10-01 14:39:00.278005,174.272,176.156,172.297,174.177,8803
2025-10-01 15:39:00.278005,176.66,177.412,175.218,176.216,9554
2025-10-01 16:39:00.278005,176.908,177.74,174.537,175.865,10369
2025-10-01 17:39:00.278005,179.518,181.171,178.115,179.533,16913
2025-10-01 18:39:00.278005,178.723,180.156,177.299,179.979,2311
2025-10-01 19:39:00.278005,177.027,178.359,175.147,175.232,3429
2025-10-01 20:39:00.278005,177.028,177.634,176.5,176.873,2187
2025-10-01 21:39:00.278005,175.429,176.534,175.051,175.384,8727
2025-10-01 22:39:00.278005,172.236,174.412,170.244,172.003,1875
2025-10-01 23:39:00.278005,171.061,171.126,168.688,170.106,2013
2025-10-02 00:39:00.278005,169.502,171.768,168.551,170.283,1214
2025-10-02 01:39:00.278005,169.582,170.381,168.739,170.195,1574
2025-10-02 02:39:00.278005,168.614,170.537,167.613,168.553,1422
2025-10-02 03:39:00.278005,170.775,170.804,167.469,168.38,8057
2025-10-02 04:39:00.278005,172.14,173.488,171.012,171.636,1230
2025-10-02 05:39:00.278005,174.86,175.487,172.911,174.19,650
2025-10-02 06:39:00.278005,176.699,178.895,176.374,178.183,2080
2025-10-02 07:39:00.278005,177.254,178.885,176.325,177.689,2796
2025-10-02 08:39:00.278005,179.016,179.248,178.382,178.58,4447
2025-10-02 09:39:00.278005,178.88,180.112,177.027,179.513,1509
2025-10-02 10:39:00.278005,179.922,182.169,178.558,179.604,3785
2025-10-02 11:39:00.278005,179.258,179.939,178.578,178.797,13712
2025-10-02 12:39:00.278005,179.158,180.537,175.775,179.55,4761
2025-10-02 13:39:00.278005,178.47,180.205,177.397,177.973,16912
2025-10-02 14:39:00.278005,177.705,179.462,176.709,176.956,12560
2025-10-02 15:39:00.278005,180.088,183.115,178.52,181.724,1448
2025-10-02 16:39:00.278005,179.099,180.087,177.58,178.199,5509
2025-10-02 17:39:00.278005,178.626,178.806,177.756,178.482,9158
2025-10-02 18:39:00.278005,176.934,180.112,176.908,177.875,3536
2025-10-02 19:39:00.278005,175.592,177.526,174.758,176.12,11935
2025-10-02 20:39:00.278005,174.503,175.987,172.565,174.396,5578
2025-10-02 21:39:00.278005,175.267,177.636,175.131,176.25,14870
2025-10-02 22:39:00.278005,176.004,176.174,172.759,175.914,2084
2025-10-02 23:39:00.278005,177.474,180.128,176.453,178.207,4314
2025-10-03 00:39:00.278005,178.597,179.512,175.792,179.498,2543
2025-10-03 01:39:00.278005,182.444,184.263,182.132,183.099,827
2025-10-03 02:39:00.278005,182.886,184.148,180.671,180.675,7491
2025-10-03 03:39:00.278005,185.254,186.427,185.152,185.991,3282
2025-10-03 04:39:00.278005,184.112,185.34,182.753,184.943,1645
2025-10-03 05:39:00.278005,182.575,182.655,181.465,181.718,797
2025-10-03 06:39:00.278005,181.782,182.332,180.133,180.632,1827
2025-10-03 07:39:00.278005,178.307,180.175,176.447,177.997,775
2025-10-03 08:39:00.278005,177.426,178.47,176.228,176.967,4325
2025-10-03 09:39:00.278005,178.823,179.662,177.21,177.845,5580
2025-10-03 10:39:00.278005,180.126,182.435,178.865,181.591,4099
2025-10-03 11:39:00.278005,181.68,184.346,179.894,182.568,3896
2025-10-03 12:39:00.278005,179.865,181.831,178.365,179.233,3899
2025-10-03 13:39:00.278005,181.849,183.103,181.457,181.996,3029
2025-10-03 14:39:00.278005,182.625,183.447,180.653,182.538,39666
2025-10-03 15:39:00.278005,182.123,182.346,178.773,180.95,904
2025-10-03 16:39:00.278005,182.2,182.498,180.65,182.284,7386
2025-10-03 17:39:00.278005,180.551,181.718,178.58,180.422,11280
2025-10-03 18:39:00.278005,181.145,181.192,179.896,180.073,4069
2025-10-03 19:39:00.278005,181.913,183.599,181.679,182.577,4285
2025-10-03 20:39:00.278005,185.295,187.73,185.206,186.584,1457
2025-10-03 21:39:00.278005,183.613,184.766,180.228,183.908,3646
2025-10-03 22:39:00.278005,182.828,183.1,181.355,182.47,2647
2025-10-03 23:39:00.278005,184.288,186.034,183.102,185.485,1563
2025-10-04 00:39:00.278005,182.984,183.638,182.551,183.636,2098
2025-10-04 01:39:00.278005,182.356,186.063,180.611,182.908,2913
2025-10-04 02:39:00.278005,179.437,180.089,177.613,177.679,1075
2025-10-04 03:39:00.278005,183.623,183.956,181.788,183.028,969
2025-10-04 04:39:00.278005,187.565,188.464,184.095,187.071,2337
2025-10-04 05:39:00.278005,188.598,190.652,187.528,189.403,766
2025-10-04 06:39:00.278005,189.288,190.326,189.098,189.307,2630
2025-10-04 07:39:00.278005,189.41,191.3,189.139,190.392,7715
2025-10-04 08:39:00.278005,187.247,188.804,186.255,187.077,2111
2025-10-04 09:39:00.278005,188.637,190.045,188.304,188.945,2481
2025-10-04 10:39:00.278005,188.647,189.023,186.638,186.82,6766
2025-10-04 11:39:00.278005,188.454,189.411,187.381,187.875,15073
2025-10-04 12:39:00.278005,192.136,192.667,191.741,192.146,1300
2025-10-04 13:39:00.278005,196.556,198.505,195.683,197.388,3865
2025-10-04 14:39:00.278005,196.334,197.945,194.343,196.847,9860
2025-10-04 15:39:00.278005,194.682,196.345,194.491,194.737,5490
2025-10-04 16:39:00.278005,192.562,194.835,192.445,193.172,28812
2025-10-04 17:39:00.278005,191.383,191.898,188.888,189.87,1166
2025-10-04 18:39:00.278005,193.218,195.008,192.846,193.044,5517
2025-10-04 19:39:00.278005,193.65,196.465,192.534,194.613,5803
2025-10-04 20:39:00.278005,188.902,190.317,187.265,189.787,2025
2025-10-04 21:39:00.278005,185.937,186.525,183.011,184.826,1897
2025-10-04 22:39:00.278005,184.431,186.844,184.21,184.972,5089
2025-10-04 23:39:00.278005,187.623,187.873,185.497,186.377,285
2025-10-05 00:39:00.278005,187.044,188.627,186.163,188.193,1499
2025-10-05 01:39:00.278005,188.542,189.198,186.958,187.06,2140
2025-10-05 02:39:00.278005,189.525,191.397,187.164,190.461,2359
2025-10-05 03:39:00.278005,191.336,191.567,190.23,190.741,4703
2025-10-05 04:39:00.278005,192.182,192.192,188.942,190.92,1721
2025-10-05 05:39:00.278005,193.672,195.079,192.497,194.473,1091
2025-10-05 06:39:00.278005,194.232,194.257,191.657,193.54,1681
2025-10-05 07:39:00.278005,194.805,197.216,194.31,195.023,3440
2025-10-05 08:39:00.278005,195.145,197.332,194.942,196.147,31125
2025-10-05 09:39:00.278005,195.95,197.321,194.697,195.881,1370
2025-10-05 10:39:00.278005,193.841,194.289,193.436,194.108,2445
2025-10-05 11:39:00.278005,191.923,192.508,190.842,190.962,11538
2025-10-05 12:39:00.278005,191.874,195.153,190.817,193.437,2002
2025-10-05 13:39:00.278005,195.203,195.461,194.074,194.851,7095
2025-10-05 14:39:00.278005,193.676,194.955,192.416,194.296,2168
2025-10-05 15:39:00.278005,195.531,197.188,194.374,196.333,6844
2025-10-05 16:39:00.278005,193.001,194.646,192.975,194.046,6876
2025-10-05 17:39:00.278005,190.94,192.441,189.413,191.058,5037
2025-10-05 18:39:00.278005,192.577,192.66,191.747,192.646,4516
2025-10-05 19:39:00.278005,193.799,194.461,191.559,194.283,5723
2025-10-05 20:39:00.278005,194.251,196.697,193.988,196.264,2612
2025-10-05 21:39:00.278005,190.198,191.416,187.876,188.957,4088
2025-10-05 22:39:00.278005,190.304,190.533,188.276,189.851,2778
2025-10-05 23:39:00.278005,189.659,192.892,189.474,191.448,1936
2025-10-06 00:39:00.278005,190.187,193.745,188.414,190.993,1914
2025-10-06 01:39:00.278005,187.426,189.038,185.765,188.761,800
2025-10-06 02:39:00.278005,185.57,187.773,184.411,187.009,6803
2025-10-06 03:39:00.278005,185.274,187.709,184.106,186.143,615
2025-10-06 04:39:00.278005,186.97,187.497,186.522,187.085,6808
2025-10-06 05:39:00.278005,189.194,190.25,186.355,187.703,4137
2025-10-06 06:39:00.278005,192.5,193.5,191.342,192.092,656
2025-10-06 07:39:00.278005,194.226,195.21,193.259,194.26,3482
2025-10-06 08:39:00.278005,193.559,195.461,192.919,195.011,13705
2025-10-06 09:39:00.278005,196.2,198.029,195.415,195.661,1432
2025-10-06 10:39:00.278005,196.751,200.65,194.091,198.861,4700
2025-10-06 11:39:00.278005,198.387,199.425,197.302,198.86,1690
2025-10-06 12:39:00.278005,202.047,203.019,198.071,199.86,14585
2025-10-06 13:39:00.278005,204.731,208.017,203.144,206.293,9571
2025-10-06 14:39:00.278005,206.705,207.184,204.641,205.354,8134
2025-10-06 15:39:00.278005,205.557,205.678,203.657,204.5,6529
2025-10-06 16:39:00.278005,206.678,207.336,206.23,206.492,27354
2025-10-06 17:39:00.278005,205.408,206.687,204.332,205.049,4783
2025-10-06 18:39:00.278005,208.566,211.308,206.916,207.349,3965
2025-10-06 19:39:00.278005,209.424,211.688,207.36,209.562,6691
2025-10-06 20:39:00.278005,204.291,206.245,202.773,206.087,3271
2025-10-06 21:39:00.278005,201.988,203.801,201.571,202.166,5775
2025-10-06 22:39:00.278005,205.133,206.907,203.305,203.898,9418
2025-10-06 23:39:00.278005,204.726,205.141,204.384,204.785,7239
2025-10-07 00:39:00.278005,204.981,205.826,203.435,204.456,10197
2025-10-07 01:39:00.278005,206.032,207.116,204.668,205.343,2224
2025-10-07 02:39:00.278005,207.572,208.132,206.232,207.853,7585
2025-10-07 03:39:00.278005,208.957,211.395,208.307,209.725,2911
2025-10-07 04:39:00.278005,207.95,209.506,206.525,208.12,2435
2025-10-07 05:39:00.278005,206.605,208.792,204.616,205.299,1282
2025-10-07 06:39:00.278005,205.718,207.925,204.421,206.068,643
2025-10-07 07:39:00.278005,205.24,205.54,203.773,205.05,2272
2025-10-07 08:39:00.278005,206.39,206.971,206.351,206.937,4787
2025-10-07 09:39:00.278005,204.767,206.84,203.66,204.605,5438
2025-10-07 10:39:00.278005,203.554,203.745,202.942,203.339,2240
2025-10-07 11:39:00.278005,203.727,204.104,203.296,203.303,6125
2025-10-07 12:39:00.278005,202.986,204.251,201.113,202.831,35718
2025-10-07 13:39:00.278005,201.541,202.178,199.934,200.569,5967
2025-10-07 14:39:00.278005,200.873,201.865,200.58,201.321,4696
2025-10-07 15:39:00.278005,204.865,205.167,203.3,204.597,4392
2025-10-07 16:39:00.278005,204.615,205.927,203.42,204.601,19052
2025-10-07 17:39:00.278005,203.129,204.241,200.879,201.618,2641
2025-10-07 18:39:00.278005,202.826,204.334,201.807,203.043,7645
2025-10-07 19:39:00.278005,202.183,204.248,202.008,202.932,6826
2025-10-07 20:39:00.278005,202.972,204.052,202.121,202.287,10189
2025-10-07 21:39:00.278005,199.409,201.021,198.607,199.963,1527
2025-10-07 22:39:00.278005,199.227,199.678,196.462,197.842,5038
2025-10-07 23:39:00.278005,202.25,202.762,201.77,202.249,3252
2025-10-08 00:39:00.278005,203.959,204.387,202.775,203.04,708
2025-10-08 01:39:00.278005,202.145,202.65,201.413,201.424,1629
2025-10-08 02:39:00.278005,201.564,203.502,199.75,200.78,2551
2025-10-08 03:39:00.278005,204.538,204.582,203.556,204.118,697
2025-10-08 04:39:00.278005,205.052,206.515,202.881,205.046,1880
2025-10-08 05:39:00.278005,202.372,205.125,200.977,202.408,1273
2025-10-08 06:39:00.278005,201.03,202.205,199.255,200.497,4981
2025-10-08 07:39:00.278005,199.797,200.72,199.481,200.084,1260
2025-10-08 08:39:00.278005,197.429,198.99,196.924,198.687,4193
2025-10-08 09:39:00.278005,196.328,197.761,195.634,196.494,2727
2025-10-08 10:39:00.278005,198.539,200.355,196.381,199.266,926
2025-10-08 11:39:00.278005,199.344,201.017,198.059,198.079,6677
2025-10-08 12:39:00.278005,200.028,200.559,199.937,200.49,10312
2025-10-08 13:39:00.278005,198.294,200.138,197.531,198.419,2727
2025-10-08 14:39:00.278005,197.044,197.938,195.12,196.616,3233
2025-10-08 15:39:00.278005,195.914,196.307,195.108,195.227,5659
2025-10-08 16:39:00.278005,194.259,197.006,194.226,195.884,1738
2025-10-08 17:39:00.278005,193.859,194.733,191.99,193.429,29749
2025-10-08 18:39:00.278005,192.619,192.692,191.8,192.632,7983
2025-10-08 19:39:00.278005,191.608,194.268,188.993,190.612,11792
2025-10-08 20:39:00.278005,190.827,191.079,188.145,189.631,8623
2025-10-08 21:39:00.278005,186.985,187.783,185.567,186.123,1839
2025-10-08 22:39:00.278005,187.813,191.488,187.007,189.128,1060
2025-10-08 23:39:00.278005,191.609,194.079,190.108,190.782,9982
2025-10-09 00:39:00.278005,191.429,193.13,190.179,191.657,5587
2025-10-09 01:39:00.278005,192.034,194.624,191.025,192.124,3602
2025-10-09 02:39:00.278005,191.043,191.814,190.085,190.352,3162
2025-10-09 03:39:00.278005,193.753,193.91,192.16,193.164,374
2025-10-09 04:39:00.278005,192.083,194.788,191.951,192.942,2723
2025-10-09 05:39:00.278005,195.971,196.6,195.638,196.252,3041
2025-10-09 06:39:00.278005,196.081,198.844,195.793,196.713,2196
2025-10-09 07:39:00.278005,197.564,198.1,195.964,196.784,1789
2025-10-09 08:39:00.278005,197.655,198.483,196.83,198.123,9279
2025-10-09 09:39:00.278005,197.975,198.893,196.697,198.748,2740
2025-10-09 10:39:00.278005,199.661,203.182,199.243,200.173,6439
2025-10-09 11:39:00.278005,201.466,202.663,200.157,200.988,845
2025-10-09 12:39:00.278005,200.156,204.06,199.831,201.32,1742
2025-10-09 13:39:00.278005,199.303,200.995,198.295,198.543,2065
2025-10-09 14:39:00.278005,200.453,201.394,199.892,199.946,5134
2025-10-09 15:39:00.278005,198.22,202.205,198.177,199.85,3473
2025-10-09 16:39:00.278005,197.793,199.044,197.068,198.608,7071
2025-10-09 17:39:00.278005,199.173,200.661,197.39,198.371,11161
2025-10-09 18:39:00.278005,197.321,198.921,195.501,198.408,7258
2025-10-09 19:39:00.278005,196.755,196.763,196.538,196.567,3541
2025-10-09 20:39:00.278005,194.976,196.744,194.86,196.38,7320
2025-10-09 21:39:00.278005,192.762,196.716,191.723,195.325,987
2025-10-09 22:39:00.278005,193.407,193.709,192.635,193.207,1935
2025-10-09 23:39:00.278005,193.869,194.608,193.487,193.991,7269
2025-10-10 00:39:00.278005,190.784,192.449,189.449,191.366,2616
2025-10-10 01:39:00.278005,190.953,191.902,190.335,190.816,1372
2025-10-10 02:39:00.278005,192.174,193.23,191.318,192.804,824
2025-10-10 03:39:00.278005,194.997,196.753,193.645,196.228,1468
2025-10-10 04:39:00.278005,191.177,193.79,190.777,193.313,1789
2025-10-10 05:39:00.278005,191.306,192.267,191.003,191.179,4933
2025-10-10 06:39:00.278005,194.702,196.338,194.279,194.972,1342
2025-10-10 07:39:00.278005,194.138,195.818,193.955,194.183,1944
2025-10-10 08:39:00.278005,194.63,197.236,193.925,196.159,21417
2025-10-10 09:39:00.278005,194.185,197.048,193.162,194.607,1251
2025-10-10 10:39:00.278005,193.088,195.583,192.514,193.477,3342
2025-10-10 11:39:00.278005,189.568,189.996,187.636,188.905,2525
2025-10-10 12:39:00.278005,192.184,193.84,191.951,192.653,5793
2025-10-10 13:39:00.278005,195.296,196.907,193.834,194.438,10981
2025-10-10 14:39:00.278005,193.772,194.334,193.513,193.704,4674
2025-10-10 15:39:00.278005,186.715,190.03,185.401,186.924,2273
2025-10-10 16:39:00.278005,189.499,189.857,188.717,189.629,6593
2025-10-10 17:39:00.278005,192.081,193.859,189.399,190.962,1961
2025-10-10 18:39:00.278005,192.462,193.48,192.292,192.749,12461
2025-10-10 19:39:00.278005,192.459,195.215,192.097,194.292,4088
2025-10-10 20:39:00.278005,193.548,195.376,193.493,193.705,2640
2025-10-10 21:39:00.278005,194.614,195.244,192.917,193.221,1778
2025-10-10 22:39:00.278005,192.145,193.546,191.98,193.028,2941
2025-10-10 23:39:00.278005,192.432,192.722,190.715,192.13,1195
2025-10-11 00:39:00.278005,193.992,194.624,193.803,194.412,4191
2025-10-11 01:39:00.278005,193.077,193.71,192.198,193.12,1393
2025-10-11 02:39:00.278005,189.729,190.295,189.566,189.987,1612
2025-10-11 03:39:00.278005,187.816,188.321,187.331,188.221,2057
2025-10-11 04:39:00.278005,186.376,186.414,184.918,184.996,2533
2025-10-11 05:39:00.278005,185.377,186.846,184.099,184.866,1676
2025-10-11 06:39:00.278005,185.097,185.591,185.09,185.245,1456
2025-10-11 07:39:00.278005,185.731,186.313,184.157,184.898,2379
2025-10-11 08:39:00.278005,186.183,187.257,184.703,186.536,31142
2025-10-11 09:39:00.278005,189.991,190.758,187.154,189.538,8411
2025-10-11 10:39:00.278005,188.321,188.403,187.039,188.063,9052
2025-10-11 11:39:00.278005,189.524,190.643,188.243,190.011,1553
2025-10-11 12:39:00.278005,192.094,193.091,191.83,192.943,2314
2025-10-11 13:39:00.278005,189.67,190.852,188.359,188.411,9239
2025-10-11 14:39:00.278005,189.478,189.769,188.27,189.147,8033
2025-10-11 15:39:00.278005,189.694,190.743,188.939,190.381,10858
2025-10-11 16:39:00.278005,189.409,190.04,187.669,189.319,3178
2025-10-11 17:39:00.278005,192.057,192.67,189.794,192.598,13235
2025-10-11 18:39:00.278005,191.695,194.133,188.674,189.322,8179
2025-10-11 19:39:00.278005,193.419,193.601,189.76,192.871,9446
2025-10-11 20:39:00.278005,191.708,191.979,191.682,191.923,7961
2025-10-11 21:39:00.278005,192.854,195.157,190.131,192.83,7790
2025-10-11 22:39:00.278005,190.345,190.769,188.949,189.239,7066
2025-10-11 23:39:00.278005,187.842,188.456,183.821,185.985,2373
2025-10-12 00:39:00.278005,187.391,187.489,186.241,186.985,1144
2025-10-12 01:39:00.278005,190.521,191.613,189.844,191.054,1811
2025-10-12 02:39:00.278005,191.369,191.515,190.262,190.877,365
2025-10-12 03:39:00.278005,192.641,193.36,192.564,192.98,1851
2025-10-12 04:39:00.278005,192.703,193.243,188.297,190.496,2108
2025-10-12 05:39:00.278005,192.545,192.566,191.845,192.281,3534
2025-10-12 06:39:00.278005,192.548,193.07,190.291,192.351,4667
2025-10-12 07:39:00.278005,190.401,193.221,188.341,192.414,1108
2025-10-12 08:39:00.278005,191.989,193.193,191.361,192.293,4797
2025-10-12 09:39:00.278005,190.601,192.256,188.549,191.384,1477
2025-10-12 10:39:00.278005,189.035,191.934,188.925,190.704,3240
2025-10-12 11:39:00.278005,187.095,187.262,186.599,186.659,12205
2025-10-12 12:39:00.278005,180.982,182.92,179.942,182.675,2889
2025-10-12 13:39:00.278005,177.644,178.91,176.038,177.486,23936
2025-10-12 14:39:00.278005,180.34,181.624,179.337,180.601,1741
2025-10-12 15:39:00.278005,181.188,182.175,178.213,180.246,3652
2025-10-12 16:39:00.278005,178.887,180.374,176.41,176.786,1222
2025-10-12 17:39:00.278005,179.159,179.799,178.39,178.886,22618
2025-10-12 18:39:00.278005,177.237,177.294,175.643,176.503,1562
2025-10-12 19:39:00.278005,178.69,180.021,178.341,179.452,7549
2025-10-12 20:39:00.278005,175.737,176.973,175.102,175.148,13585
2025-10-12 21:39:00.278005,176.683,179.043,176.647,178.066,3699
2025-10-12 22:39:00.278005,174.469,175.74,174.439,174.479,1024
2025-10-12 23:39:00.278005,176.935,178.946,175.817,176.828,1424
2025-10-13 00:39:00.278005,178.626,179.652,178.487,178.564,4799
2025-10-13 01:39:00.278005,180.069,183.684,178.604,180.631,2456
2025-10-13 02:39:00.278005,176.456,177.287,175.07,177.038,5930
2025-10-13 03:39:00.278005,171.784,172.948,171.447,172.652,5631
2025-10-13 04:39:00.278005,172.179,174.705,171.879,172.907,1824
2025-10-13 05:39:00.278005,175.054,177.279,173.434,176.012,853
2025-10-13 06:39:00.278005,173.239,174.608,171.837,172.564,617
2025-10-13 07:39:00.278005,174.219,175.349,172.019,174.677,2644
2025-10-13 08:39:00.278005,178.02,178.612,176.066,178.158,5956
2025-10-13 09:39:00.278005,182.234,183.21,181.793,181.883,2045
2025-10-13 10:39:00.278005,180.335,183.442,180.164,181.22,7284
2025-10-13 11:39:00.278005,182.132,183.308,181.321,182.427,2200
2025-10-13 12:39:00.278005,182.781,183.582,182.193,182.762,2605
2025-10-13 13:39:00.278005,185.843,186.98,184.93,186.873,15195
2025-10-13 14:39:00.278005,184.741,187.079,184.505,185.703,8438
2025-10-13 15:39:00.278005,189.677,191.346,189.305,189.86,5489
2025-10-13 16:39:00.278005,192.268,192.927,191.332,192.77,9072
2025-10-13 17:39:00.278005,194.695,196.487,193.281,193.565,6530
2025-10-13 18:39:00.278005,190.408,191.615,188.677,190.889,10373
2025-10-13 19:39:00.278005,192.275,193.317,191.354,192.536,4107
2025-10-13 20:39:00.278005,192.749,194.865,189.806,191.632,7701
2025-10-13 21:39:00.278005,193.43,193.672,192.306,193.237,12164
2025-10-13 22:39:00.278005,194.265,195.638,191.873,193.774,713
2025-10-13 23:39:00.278005,192.485,192.788,189.7,191.617,7256
2025-10-14 00:39:00.278005,191.829,193.272,190.256,192.566,6652
2025-10-14 01:39:00.278005,194.408,194.962,191.534,194.311,3715
2025-10-14 02:39:00.278005,192.361,194.257,191.99,192.581,1392
2025-10-14 03:39:00.278005,193.67,195.015,191.222,193.739,1657
2025-10-14 04:39:00.278005,195.396,197.215,193.496,196.586,6471
2025-10-14 05:39:00.278005,198.07,198.769,197.661,198.014,17588
2025-10-14 06:39:00.278005,198.141,199.908,197.394,199.754,2291
2025-10-14 07:39:00.278005,198.107,199.845,198.009,198.317,6010
2025-10-14 08:39:00.278005,194.513,195.529,191.276,192.966,2855
2025-10-14 09:39:00.278005,193.932,196.238,193.39,195.39,3498
2025-10-14 10:39:00.278005,197.081,197.839,195.958,196.817,8817
2025-10-14 11:39:00.278005,197.838,199.509,197.287,197.782,6267
2025-10-14 12:39:00.278005,201.997,204.292,199.889,201.811,758
2025-10-14 13:39:00.278005,204.765,205.638,202.839,204.137,2039
2025-10-14 14:39:00.278005,205.181,206.568,204.718,205.999,8354
2025-10-14 15:39:00.278005,207.651,208.117,206.291,207.286,1524
2025-10-14 16:39:00.278005,211.698,212.23,208.711,209.855,6582
2025-10-14 17:39:00.278005,212.573,215.788,212.185,213.31,9053
2025-10-14 18:39:00.278005,211.582,212.641,210.283,210.42,62621
2025-10-14 19:39:00.278005,209.188,210.87,206.831,207.315,1471
2025-10-14 20:39:00.278005,209.531,209.872,207.803,209.078,21276
2025-10-14 21:39:00.278005,210.014,212.423,208.625,211.237,4076
2025-10-14 22:39:00.278005,209.889,210.15,208.454,209.326,3070
2025-10-14 23:39:00.278005,211.69,212.954,210.474,211.063,4929
2025-10-15 00:39:00.278005,215.219,216.9,214.738,215.058,1637
2025-10-15 01:39:00.278005,212.079,212.81,211.975,212.647,277
2025-10-15 02:39:00.278005,213.117,215.377,211.617,213.132,716
2025-10-15 03:39:00.278005,212.401,213.076,210.907,211.505,3550
2025-10-15 04:39:00.278005,209.922,212.45,209.82,210.114,2691
2025-10-15 05:39:00.278005,213.837,213.912,213.32,213.554,3846
2025-10-15 06:39:00.278005,212.42,212.72,209.212,211.065,6481
2025-10-15 07:39:00.278005,212.481,213.872,210.447,213.212,9677
2025-10-15 08:39:00.278005,212.539,213.731,212.096,212.428,53253
2025-10-15 09:39:00.278005,209.963,210.541,206.877,208.613,4940
2025-10-15 10:39:00.278005,205.316,205.449,201.885,204.281,7328
2025-10-15 11:39:00.278005,210.229,211.752,210.063,211.281,3923
2025-10-15 12:39:00.278005,211.109,211.312,210.165,211.265,11990
2025-10-15 13:39:00.278005,208.161,208.541,206.353,207.461,1433
2025-10-15 14:39:00.278005,203.947,204.225,201.642,202.252,2508
2025-10-15 15:39:00.278005,201.485,202.419,199.922,200.987,7787
2025-10-15 16:39:00.278005,206.513,206.839,204.385,205.497,1674
2025-10-15 17:39:00.278005,208.869,210.256,208.637,209.617,1605
2025-10-15 18:39:00.278005,206.775,207.704,202.957,206.137,1104
2025-10-15 19:39:00.278005,206.981,207.488,206.051,206.808,10587
2025-10-15 20:39:00.278005,206.691,206.88,205.304,205.946,14233
2025-10-15 21:39:00.278005,203.46,203.892,201.716,202.878,1309
2025-10-15 22:39:00.278005,208.332,210.63,206.995,208.391,4046
2025-10-15 23:39:00.278005,209.424,210.093,207.966,208.572,1875
2025-10-16 00:39:00.278005,210.187,211.16,209.652,210.895,5631
2025-10-16 01:39:00.278005,210.355,212.521,209.235,210.63,1372
2025-10-16 02:39:00.278005,208.772,210.209,208.287,209.885,2607
2025-10-16 03:39:00.278005,206.911,208.427,204.672,207.868,4976
2025-10-16 04:39:00.278005,208.525,210.236,208.304,208.975,2209
2025-10-16 05:39:00.278005,207.364,208.747,207.156,207.963,2297
2025-10-16 06:39:00.278005,208.074,209.749,205.99,208.693,405
2025-10-16 07:39:00.278005,209.957,211.264,208.725,211.208,2791
2025-10-16 08:39:00.278005,210.64,211.618,209.645,210.937,3437
2025-10-16 09:39:00.278005,213.02,215.243,213.014,213.91,8727
2025-10-16 10:39:00.278005,217.038,218.46,216.555,217.894,9162
2025-10-16 11:39:00.278005,214.551,216.703,213.871,213.975,1304
2025-10-16 12:39:00.278005,214.703,214.757,213.504,213.675,21616
2025-10-16 13:39:00.278005,217.592,217.64,215.397,216.699,3014
2025-10-16 14:39:00.278005,217.247,220.091,216.525,218.695,6122
2025-10-16 15:39:00.278005,216.33,216.968,214.883,216.309,16823
2025-10-16 16:39:00.278005,215.961,217.675,212.984,217.617,3899
2025-10-16 17:39:00.278005,219.568,221.672,219.004,219.913,1776
2025-10-16 18:39:00.278005,219.465,221.998,217.429,218.079,4624
2025-10-16 19:39:00.278005,222.997,224.162,221.079,222.04,3621
2025-10-16 20:39:00.278005,223.175,224.74,222.956,223.433,16474
2025-10-16 21:39:00.278005,223.284,223.812,223.02,223.652,2183
2025-10-16 22:39:00.278005,222.966,225.681,222.707,224.683,3268
2025-10-16 23:39:00.278005,220.936,223.159,220.896,221.804,3761
2025-10-17 00:39:00.278005,222.532,225.606,220.579,222.814,1285
2025-10-17 01:39:00.278005,225.134,226.608,223.73,224.651,2090
2025-10-17 02:39:00.278005,224.295,225.838,224.055,224.11,255
2025-10-17 03:39:00.278005,223.218,223.296,222.781,223.078,597
2025-10-17 04:39:00.278005,221.299,222.772,220.3,221.492,3705
2025-10-17 05:39:00.278005,220.722,222.517,219.718,222.454,2426
2025-10-17 06:39:00.278005,221.599,223.17,218.228,222.407,1177
2025-10-17 07:39:00.278005,221.354,223.474,219.527,221.571,438
2025-10-17 08:39:00.278005,223.637,225.461,220.082,223.634,7851
2025-10-17 09:39:00.278005,223.594,224.834,220.551,223.278,8010
2025-10-17 10:39:00.278005,224.085,224.335,222.974,223.355,6908
2025-10-17 11:39:00.278005,222.942,223.697,220.137,222.168,10273
2025-10-17 12:39:00.278005,226.108,226.681,224.067,225.815,5331
2025-10-17 13:39:00.278005,226.944,227.183,226.77,226.847,12117
2025-10-17 14:39:00.278005,229.439,230.375,228.151,229.706,11966
2025-10-17 15:39:00.278005,223.618,225.501,222.019,222.467,5608
2025-10-17 16:39:00.278005,222.148,223.71,220.975,223.014,3969
2025-10-17 17:39:00.278005,226.79,228.016,224.824,225.521,2518
2025-10-17 18:39:00.278005,230.298,233.144,228.659,231.683,5928
2025-10-17 19:39:00.278005,226.951,228.639,225.727,227.172,7271
2025-10-17 20:39:00.278005,228.651,231.213,227.906,229.139,4850
2025-10-17 21:39:00.278005,228.064,229.495,227.834,228.345,4422
2025-10-17 22:39:00.278005,230.171,231.78,228.035,229.891,7318
2025-10-17 23:39:00.278005,230.82,232.087,229.684,231.388,564
2025-10-18 00:39:00.278005,227.856,229.143,227.103,227.172,5290
2025-10-18 01:39:00.278005,223.975,224.844,222.56,223.442,963
2025-10-18 02:39:00.278005,219.626,220.443,217.638,219.534,1803
2025-10-18 03:39:00.278005,219.753,221.403,218.602,219.844,5537
2025-10-18 04:39:00.278005,220.088,221.117,218.578,220.708,2352
2025-10-18 05:39:00.278005,222.372,224.676,221.529,222.885,5628
2025-10-18 06:39:00.278005,222.698,223.099,221.282,221.81,5282
2025-10-18 07:39:00.278005,224.438,224.539,223.468,224.313,847
2025-10-18 08:39:00.278005,224.933,227.396,222.576,226.316,4507
2025-10-18 09:39:00.278005,225.332,227.514,224.409,226.793,4621
2025-10-18 10:39:00.278005,223.617,225.515,220.709,223.486,5231
2025-10-18 11:39:00.278005,226.084,227.636,225.317,227.213,15874
2025-10-18 12:39:00.278005,226.083,226.517,225.077,226.366,22544
2025-10-18 13:39:00.278005,223.921,225.533,222.481,224.374,12184
2025-10-18 14:39:00.278005,226.168,228.446,221.889,225.276,13954
2025-10-18 15:39:00.278005,222.77,223.334,222.554,223.188,20293
2025-10-18 16:39:00.278005,220.436,222.154,218.323,221.044,6183
2025-10-18 17:39:00.278005,219.781,221.649,219.712,219.78,3390
2025-10-18 18:39:00.278005,224.253,225.153,222.419,224.261,11102
2025-10-18 19:39:00.278005,222.433,222.887,221.735,221.813,1848
2025-10-18 20:39:00.278005,219.453,222.077,219.413,219.795,1498
2025-10-18 21:39:00.278005,219.542,221.059,218.481,219.568,4536
2025-10-18 22:39:00.278005,220.749,221.156,220.342,220.602,3000
2025-10-18 23:39:00.278005,220.059,221.764,217.995,219.394,2190
2025-10-19 00:39:00.278005,217.183,217.677,216.787,217.327,815
2025-10-19 01:39:00.278005,217.139,217.862,215.211,215.697,1165
2025-10-19 02:39:00.278005,215.261,217.875,212.688,214.956,1140
2025-10-19 03:39:00.278005,213.816,215.502,212.948,215.447,5315
2025-10-19 04:39:00.278005,213.207,213.683,212.971,213.255,1232
2025-10-19 05:39:00.278005,213.623,213.763,211.506,212.748,2104
2025-10-19 06:39:00.278005,213.255,214.608,211.869,213.56,1508
2025-10-19 07:39:00.278005,212.781,213.816,212.378,213.211,1421
2025-10-19 08:39:00.278005,211.085,211.702,208.103,210.2,3609
2025-10-19 09:39:00.278005,211.386,213.029,208.112,209.19,10751
2025-10-19 10:39:00.278005,212.073,213.346,211.177,212.665,9095
2025-10-19 11:39:00.278005,210.345,212.046,209.951,210.206,4134
2025-10-19 12:39:00.278005,210.238,210.69,208.835,209.178,6383
2025-10-19 13:39:00.278005,214.647,215.784,214.427,214.887,5254
2025-10-19 14:39:00.278005,215.257,215.975,213.27,214.915,871
2025-10-19 15:39:00.278005,212.733,214.249,211.811,213.487,5512
2025-10-19 16:39:00.278005,212.339,213.341,210.014,211.057,4494
2025-10-19 17:39:00.278005,213.815,215.783,210.916,213.124,1064
2025-10-19 18:39:00.278005,213.567,215.09,212.9,214.035,3169
2025-10-19 19:39:00.278005,213.172,214.091,212.446,212.962,2038
2025-10-19 20:39:00.278005,210.966,212.813,210.622,210.868,1976
2025-10-19 21:39:00.278005,213.064,214.077,212.707,213.242,7081
2025-10-19 22:39:00.278005,217.375,221.849,216.35,218.742,2339
2025-10-19 23:39:00.278005,216.981,219.405,215.775,217.377,3308
2025-10-20 00:39:00.278005,218.911,219.448,218.366,218.984,2735
2025-10-20 01:39:00.278005,218.224,218.459,217.407,218.391,347
2025-10-20 02:39:00.278005,219.7,223.738,218.374,221.029,1740
2025-10-20 03:39:00.278005,221.968,226.227,221.933,222.546,3933
2025-10-20 04:39:00.278005,221.587,223.299,221.217,222.442,1274
2025-10-20 05:39:00.278005,223.656,224.924,222.226,223.318,2953
2025-10-20 06:39:00.278005,221.212,221.93,220.949,221.326,3665
2025-10-20 07:39:00.278005,217.45,220.346,216.4,218.206,1734
2025-10-20 08:39:00.278005,222.977,223.8,221.836,222.957,21794
2025-10-20 09:39:00.278005,222.621,222.885,221.577,222.781,1005
2025-10-20 10:39:00.278005,219.187,220.415,218.397,219.212,1676
2025-10-20 11:39:00.278005,220.303,220.378,219.027,220.143,23918
2025-10-20 12:39:00.278005,217.65,219.067,217.123,217.238,9244
2025-10-20 13:39:00.278005,215.602,216.213,214.531,215.617,14700
2025-10-20 14:39:00.278005,217.431,219.202,216.982,217.914,8650
2025-10-20 15:39:00.278005,216.924,217.528,214.518,216.173,15572
2025-10-20 16:39:00.278005,215.179,215.486,213.662,214.192,3072
2025-10-20 17:39:00.278005,215.419,217.066,214.864,215.664,4155
2025-10-20 18:39:00.278005,210.475,211.36,209.968,210.918,16398
2025-10-20 19:39:00.278005,207.253,208.233,203.575,205.466,14334
2025-10-20 20:39:00.278005,209.727,211.223,208.324,209.179,7180
2025-10-20 21:39:00.278005,205.656,207.196,204.566,204.796,1137
2025-10-20 22:39:00.278005,206.074,206.216,203.974,205.161,4193
2025-10-20 23:39:00.278005,205.944,207.408,205.784,207.225,14980
2025-10-21 00:39:00.278005,206.24,207.704,203.903,205.219,4133
2025-10-21 01:39:00.278005,208.342,209.797,207.625,209.453,5008
2025-10-21 02:39:00.278005,209.923,212.255,209.868,210.897,1176
2025-10-21 03:39:00.278005,208.538,209.86,207.279,208.703,1479
2025-10-21 04:39:00.278005,205.077,206.956,203.866,205.348,1115
2025-10-21 05:39:00.278005,204.803,206.89,203.535,205.478,2699
2025-10-21 06:39:00.278005,202.81,203.66,201.413,202.138,3800
2025-10-21 07:39:00.278005,201.676,203.79,200.233,201.44,1478
2025-10-21 08:39:00.278005,201.9,204.184,199.904,203.077,16787
2025-10-21 09:39:00.278005,201.018,201.25,200.053,200.558,2613
2025-10-21 10:39:00.278005,200.931,200.949,197.767,199.347,4350
2025-10-21 11:39:00.278005,201.202,203.648,200.963,203.022,9235
2025-10-21 12:39:00.278005,198.608,199.209,198.163,198.849,3714
2025-10-21 13:39:00.278005,198.818,199.857,195.852,197.992,9723
2025-10-21 14:39:00.278005,198.789,199.972,197.147,197.581,1668
2025-10-21 15:39:00.278005,200.406,202.046,199.868,200.904,7958
2025-10-21 16:39:00.278005,198.48,200.103,194.926,196.514,4486
2025-10-21 17:39:00.278005,194.762,195.621,192.026,193.16,4698
2025-10-21 18:39:00.278005,193.896,194.116,193.492,193.577,15923
2025-10-21 19:39:00.278005,194.351,195.279,192.919,194.716,3931
2025-10-21 20:39:00.278005,192.992,194.475,191.739,191.906,5998
2025-10-21 21:39:00.278005,193.86,194.618,192.275,193.315,6553
2025-10-21 22:39:00.278005,193.366,195.014,192.667,194.04,3311
2025-10-21 23:39:00.278005,190.477,191.964,189.867,190.326,4007
2025-10-22 00:39:00.278005,192.866,193.676,191.884,192.174,1096
2025-10-22 01:39:00.278005,192.181,194.524,192.059,192.868,2320
2025-10-22 02:39:00.278005,193.964,194.506,192.092,192.406,2940
2025-10-22 03:39:00.278005,195.53,196.361,195.219,195.354,2109
2025-10-22 04:39:00.278005,195.134,196.49,194.304,195.35,1413
2025-10-22 05:39:00.278005,196.093,196.501,193.765,195.518,3299
2025-10-22 06:39:00.278005,195.201,195.939,193.77,194.228,1010
2025-10-22 07:39:00.278005,196.341,197.993,194.963,195.717,4478
2025-10-22 08:39:00.278005,195.317,197.298,194.224,196.397,3585
2025-10-22 09:39:00.278005,194.785,194.933,193.596,193.848,5966
2025-10-22 10:39:00.278005,195.33,197.536,194.729,196.532,927
2025-10-22 11:39:00.278005,197.343,199.841,193.643,197.724,7761
2025-10-22 12:39:00.278005,194.847,195.891,193.726,194.71,17557
2025-10-22 13:39:00.278005,197.47,198.593,196.31,198.137,5019
2025-10-22 14:39:00.278005,193.883,195.11,193.527,194.634,42747
2025-10-22 15:39:00.278005,194.178,196.519,192.383,195.106,2539
2025-10-22 16:39:00.278005,193.942,195.236,191.975,194.006,16581
2025-10-22 17:39:00.278005,193.488,195.68,193.024,193.029,42586
2025-10-22 18:39:00.278005,194.884,195.717,193.164,195.009,14911
2025-10-22 19:39:00.278005,190.795,191.408,190.163,191.234,2792
2025-10-22 20:39:00.278005,193.542,195.036,191.354,193.673,5586
2025-10-22 21:39:00.278005,194.22,196.443,194.119,195.306,12059
2025-10-22 22:39:00.278005,197.425,199.782,194.254,196.936,1158
2025-10-22 23:39:00.278005,196.691,198.173,196.124,197.393,11125
2025-10-23 00:39:00.278005,197.81,198.398,196.201,196.863,1048
2025-10-23 01:39:00.278005,198.163,199.681,197.691,199.328,11300
2025-10-23 02:39:00.278005,194.95,196.537,193.285,195.4,1240
2025-10-23 03:39:00.278005,195.94,197.632,195.271,197.015,1678
2025-10-23 04:39:00.278005,199.542,200.552,198.679,199.007,1408
2025-10-23 05:39:00.278005,196.376,197.294,195.972,196.956,2169
2025-10-23 06:39:00.278005,198.039,198.917,197.593,198.438,4109
2025-10-23 07:39:00.278005,198.251,199.056,196.256,198.06,4581
2025-10-23 08:39:00.278005,199.735,200.005,198.45,199.746,3051
2025-10-23 09:39:00.278005,200.33,200.416,198.769,199.148,3623
2025-10-23 10:39:00.278005,199.579,203.902,198.203,200.847,8420
2025-10-23 11:39:00.278005,201.774,206.266,200.196,202.166,1967
2025-10-23 12:39:00.278005,200.911,201.121,199.974,200.474,7457
2025-10-23 13:39:00.278005,201.609,203.379,201.298,202.377,6236
2025-10-23 14:39:00.278005,202.43,203.353,200.391,201.492,8736
2025-10-23 15:39:00.278005,203.36,204.614,202.241,203.982,1765
2025-10-23 16:39:00.278005,203.087,204.335,201.018,204.014,1588
2025-10-23 17:39:00.278005,203.303,205.264,202.836,204.819,6270
2025-10-23 18:39:00.278005,203.283,203.372,201.777,202.683,3062
2025-10-23 19:39:00.278005,203.805,205.332,202.861,204.224,1789
2025-10-23 20:39:00.278005,207.066,208.678,205.593,206.632,2988
2025-10-23 21:39:00.278005,205.011,205.633,202.273,205.178,2617
2025-10-23 22:39:00.278005,205.509,206.957,204.373,205.797,3592
2025-10-23 23:39:00.278005,207.763,210.25,207.501,207.624,2093
2025-10-24 00:39:00.278005,209.853,211.975,208.288,209.298,318
2025-10-24 01:39:00.278005,207.755,208.007,204.998,207.75,482
2025-10-24 02:39:00.278005,208.576,208.743,207.558,207.801,1344
2025-10-24 03:39:00.278005,207.165,208.713,206.657,207.096,325
2025-10-24 04:39:00.278005,203.453,204.191,202.182,203.431,8497
2025-10-24 05:39:00.278005,203.398,205.107,202.725,203.113,963
2025-10-24 06:39:00.278005,206.612,208.753,206.606,208.113,3615
2025-10-24 07:39:00.278005,206.438,206.759,204.808,206.674,1680
2025-10-24 08:39:00.278005,203.815,204.502,202.706,204.351,6077
2025-10-24 09:39:00.278005,202.563,204.184,201.615,201.808,2939
2025-10-24 10:39:00.278005,202.5,203.672,201.744,202.789,10382
2025-10-24 11:39:00.278005,202.768,203.759,202.747,202.896,13475
2025-10-24 12:39:00.278005,201.809,202.79,200.885,202.062,10163
2025-10-24 13:39:00.278005,201.55,204.516,200.098,203.544,5145
2025-10-24 14:39:00.278005,197.767,198.633,196.473,198.52,4099
2025-10-24 15:39:00.278005,197.041,198.056,196.295,197.556,11352
2025-10-24 16:39:00.278005,200.112,200.353,199.093,200.319,2705
2025-10-24 17:39:00.278005,197.211,197.538,195.785,196.39,2821
2025-10-24 18:39:00.278005,195.473,199.716,195.038,197.047,5774
2025-10-24 19:39:00.278005,194.929,196.29,193.163,194.767,1294
2025-10-24 20:39:00.278005,195.235,197.25,193.074,195.644,7631
2025-10-24 21:39:00.278005,195.722,196.018,194.658,195.013,4537
2025-10-24 22:39:00.278005,196.996,199.304,194.737,197.893,10770
2025-10-24 23:39:00.278005,197.787,197.876,194.932,197.034,7993
2025-10-25 00:39:00.278005,198.715,199.715,194.742,198.425,2269
2025-10-25 01:39:00.278005,199.054,199.266,198.207,198.51,1371
2025-10-25 02:39:00.278005,201.079,203.0,200.261,201.458,3827
2025-10-25 03:39:00.278005,201.566,202.676,197.585,200.057,522
2025-10-25 04:39:00.278005,199.361,199.713,197.303,198.932,2185
2025-10-25 05:39:00.278005,199.884,200.596,198.601,199.672,2332
2025-10-25 06:39:00.278005,201.008,201.11,199.817,199.977,1096
2025-10-25 07:39:00.278005,200.6,200.937,199.156,200.742,577
2025-10-25 08:39:00.278005,199.755,200.689,198.621,199.689,8173
2025-10-25 09:39:00.278005,198.976,200.278,197.888,199.413,1314
2025-10-25 10:39:00.278005,202.546,204.114,201.013,201.054,7674
2025-10-25 11:39:00.278005,201.919,203.545,199.198,199.359,1275
2025-10-25 12:39:00.278005,204.463,205.892,203.726,204.55,10772
2025-10-25 13:39:00.278005,207.536,208.045,205.225,206.361,17668
2025-10-25 14:39:00.278005,210.043,214.092,209.469,210.593,2504
2025-10-25 15:39:00.278005,208.658,210.352,208.085,208.535,4939
2025-10-25 16:39:00.278005,205.484,205.616,204.683,205.567,4807
2025-10-25 17:39:00.278005,207.175,207.184,205.86,207.02,21944
2025-10-25 18:39:00.278005,206.497,206.979,204.76,205.774,6232
2025-10-25 19:39:00.278005,206.849,207.144,205.03,206.386,711
2025-10-25 20:39:00.278005,209.934,210.923,209.368,210.357,2619
2025-10-25 21:39:00.278005,209.014,211.165,208.315,210.043,5622
2025-10-25 22:39:00.278005,207.958,208.72,206.392,207.317,1612
2025-10-25 23:39:00.278005,207.556,209.197,206.939,208.799,15984
2025-10-26 00:39:00.278005,208.09,208.174,206.187,207.482,4466
2025-10-26 01:39:00.278005,211.826,212.461,211.257,211.544,6644
2025-10-26 02:39:00.278005,211.189,211.285,210.424,210.949,3669
2025-10-26 03:39:00.278005,213.605,214.972,212.414,213.739,421
2025-10-26 04:39:00.278005,213.373,214.348,211.031,212.658,3611
2025-10-26 05:39:00.278005,213.255,213.888,212.303,213.732,2623
2025-10-26 06:39:00.278005,213.82,215.494,212.17,215.373,4199
2025-10-26 07:39:00.278005,209.098,212.203,207.957,209.731,1884
2025-10-26 08:39:00.278005,208.107,209.929,207.718,207.725,4593
2025-10-26 09:39:00.278005,209.833,211.643,208.114,208.712,8980
2025-10-26 10:39:00.278005,211.246,212.824,211.14,211.41,4281
2025-10-26 11:39:00.278005,210.415,212.332,207.347,209.626,11053
2025-10-26 12:39:00.278005,210.315,210.506,208.994,209.117,3591
2025-10-26 13:39:00.278005,207.487,207.955,206.13,207.135,6169
2025-10-26 14:39:00.278005,206.942,207.135,205.687,206.839,6478
2025-10-26 15:39:00.278005,205.834,205.94,205.409,205.896,3074
2025-10-26 16:39:00.278005,204.976,207.004,204.47,205.682,8748
2025-10-26 17:39:00.278005,205.65,207.583,204.598,204.675,1381
2025-10-26 18:39:00.278005,208.257,209.187,206.888,207.14,15005
2025-10-26 19:39:00.278005,207.398,207.514,205.871,206.362,2103
2025-10-26 20:39:00.278005,206.568,208.083,204.59,207.455,5206
2025-10-26 21:39:00.278005,205.412,206.469,203.593,205.744,3724
2025-10-26 22:39:00.278005,205.869,208.247,203.941,207.771,1632
2025-10-26 23:39:00.278005,202.395,203.529,202.385,202.581,2349
2025-10-27 00:39:00.278005,204.107,207.056,203.738,204.732,1380
2025-10-27 01:39:00.278005,205.019,208.115,204.69,204.856,1296
2025-10-27 02:39:00.278005,203.219,205.462,201.787,202.234,3522
2025-10-27 03:39:00.278005,202.014,202.032,200.234,201.673,2320
2025-10-27 04:39:00.278005,200.433,201.505,198.355,200.847,1068
2025-10-27 05:39:00.278005,199.372,200.658,199.277,199.616,1794
2025-10-27 06:39:00.278005,199.355,201.023,197.917,198.126,3207
2025-10-27 07:39:00.278005,198.405,199.756,198.162,198.984,6068
2025-10-27 08:39:00.278005,194.212,196.827,192.336,193.251,1740
2025-10-27 09:39:00.278005,196.169,198.996,193.82,196.282,3994
2025-10-27 10:39:00.278005,199.503,199.954,199.033,199.912,2517
2025-10-27 11:39:00.278005,199.42,199.602,197.516,198.904,4314
2025-10-27 12:39:00.278005,198.157,198.734,197.429,197.822,1042
2025-10-27 13:39:00.278005,195.856,198.704,194.324,195.659,12504
2025-10-27 14:39:00.278005,198.626,199.414,197.003,198.673,5000
2025-10-27 15:39:00.278005,200.189,201.918,200.09,201.44,10034
2025-10-27 16:39:00.278005,200.137,202.362,200.015,200.43,17990
2025-10-27 17:39:00.278005,204.33,207.699,203.821,204.298,4578
2025-10-27 18:39:00.278005,206.276,208.34,203.505,204.703,2986
2025-10-27 19:39:00.278005,204.171,204.215,202.599,203.39,5812
2025-10-27 20:39:00.278005,202.6,204.075,201.798,202.426,7646
2025-10-27 21:39:00.278005,200.848,200.985,198.467,200.884,5349
2025-10-27 22:39:00.278005,202.184,203.121,201.914,202.917,2111
2025-10-27 23:39:00.278005,202.98,203.784,202.706,203.649,3389
2025-10-28 00:39:00.278005,200.906,204.516,200.071,200.89,1215
2025-10-28 01:39:00.278005,199.869,201.197,199.511,200.466,874
2025-10-28 02:39:00.278005,195.969,197.011,195.581,196.391,3696
2025-10-28 03:39:00.278005,194.155,195.023,192.348,192.556,816
2025-10-28 04:39:00.278005,197.595,197.974,195.238,196.091,5819
2025-10-28 05:39:00.278005,199.26,200.161,198.007,198.789,5531
2025-10-28 06:39:00.278005,198.333,200.543,197.945,198.032,927
2025-10-28 07:39:00.278005,199.287,199.657,198.248,198.665,2336
2025-10-28 08:39:00.278005,196.662,197.718,196.175,197.266,4524
2025-10-28 09:39:00.278005,194.078,195.114,193.981,194.883,3314
2025-10-28 10:39:00.278005,192.327,193.29,191.103,192.188,8317
2025-10-28 11:39:00.278005,189.915,190.307,187.736,188.984,3372
2025-10-28 12:39:00.278005,187.554,188.993,186.262,188.267,1248
2025-10-28 13:39:00.278005,188.853,191.38,187.935,189.983,2009
2025-10-28 14:39:00.278005,188.856,192.701,186.783,189.989,1877
2025-10-28 15:39:00.278005,189.525,190.82,188.57,190.19,2825
2025-10-28 16:39:00.278005,187.32,189.174,185.824,189.029,4382
2025-10-28 17:39:00.278005,186.593,188.548,184.746,185.558,7956
2025-10-28 18:39:00.278005,188.75,189.506,185.998,188.345,8658
2025-10-28 19:39:00.278005,190.617,192.86,188.718,191.734,10203
2025-10-28 20:39:00.278005,193.683,195.182,191.156,192.267,2219
2025-10-28 21:39:00.278005,191.521,193.011,190.652,191.735,3956
2025-10-28 22:39:00.278005,192.292,194.31,190.149,190.203,1059
2025-10-28 23:39:00.278005,193.108,194.327,191.495,192.233,9040
2025-10-29 00:39:00.278005,194.892,195.257,193.781,194.305,3639
2025-10-29 01:39:00.278005,196.748,198.599,196.608,197.718,1280
2025-10-29 02:39:00.278005,196.567,197.425,194.489,196.521,5068
2025-10-29 03:39:00.278005,195.353,195.731,192.844,194.373,2712
2025-10-29 04:39:00.278005,194.721,196.463,193.438,195.013,4430
2025-10-29 05:39:00.278005,196.275,196.884,194.584,195.769,900
2025-10-29 06:39:00.278005,197.48,197.764,197.476,197.711,1378
2025-10-29 07:39:00.278005,195.605,196.93,194.513,195.106,1222
2025-10-29 08:39:00.278005,194.28,195.389,192.979,195.113,3696
2025-10-29 09:39:00.278005,194.265,195.505,193.458,193.911,3584
2025-10-29 10:39:00.278005,190.31,192.149,188.267,191.524,12242
2025-10-29 11:39:00.278005,190.523,191.739,187.885,189.76,15240
2025-10-29 12:39:00.278005,185.264,187.303,184.892,186.114,2288
2025-10-29 13:39:00.278005,183.367,185.413,181.414,183.064,3564
2025-10-29 14:39:00.278005,181.81,184.434,180.48,182.921,3009
2025-10-29 15:39:00.278005,180.886,182.885,178.42,179.781,5297
2025-10-29 16:39:00.278005,181.131,181.7,180.891,181.16,2846
2025-10-29 17:39:00.278005,182.762,185.172,179.124,182.408,18730
2025-10-29 18:39:00.278005,184.367,185.193,183.386,184.778,2986
2025-10-29 19:39:00.278005,182.303,184.947,179.608,181.828,9747
2025-10-29 20:39:00.278005,183.266,184.363,182.146,182.44,958
2025-10-29 21:39:00.278005,183.944,185.226,182.951,184.191,2439
2025-10-29 22:39:00.278005,183.645,183.687,183.115,183.216,664
2025-10-29 23:39:00.278005,185.297,187.813,184.127,186.605,2291
2025-10-30 00:39:00.278005,183.172,184.965,182.748,183.079,3282
2025-10-30 01:39:00.278005,184.443,184.963,184.062,184.679,444
2025-10-30 02:39:00.278005,183.636,185.064,178.577,183.421,796
2025-10-30 03:39:00.278005,181.071,182.136,178.554,181.435,706
2025-10-30 04:39:00.278005,178.894,181.161,178.503,179.432,2030
2025-10-30 05:39:00.278005,176.832,179.076,176.017,177.753,2118
2025-10-30 06:39:00.278005,172.775,174.188,171.199,173.01,3991
2025-10-30 07:39:00.278005,171.36,172.706,170.459,170.87,1764
2025-10-30 08:39:00.278005,174.108,175.12,172.051,173.6,2919
2025-10-30 09:39:00.278005,175.198,176.051,172.443,174.223,1573
2025-10-30 10:39:00.278005,176.439,176.95,173.883,175.525,948
2025-10-30 11:39:00.278005,174.636,175.426,172.097,173.659,3405
2025-10-30 12:39:00.278005,175.689,177.424,175.268,177.363,2097
2025-10-30 13:39:00.278005,174.457,176.983,174.177,176.318,12824
2025-10-30 14:39:00.278005,177.452,177.511,176.95,177.296,3588
2025-10-30 15:39:00.278005,174.333,175.331,173.542,174.651,2422
2025-10-30 16:39:00.278005,177.126,178.848,174.648,176.602,6805
2025-10-30 17:39:00.278005,180.003,181.88,177.076,180.81,4410
2025-10-30 18:39:00.278005,182.028,182.205,180.567,181.08,8615
2025-10-30 19:39:00.278005,182.883,185.212,181.678,182.866,5390
2025-10-30 20:39:00.278005,185.763,187.568,183.875,185.84,5612
2025-10-30 21:39:00.278005,186.833,188.883,185.078,185.625,2016
2025-10-30 22:39:00.278005,183.759,184.624,182.987,183.004,1675
2025-10-30 23:39:00.278005,184.314,184.843,184.108,184.375,6018
2025-10-31 00:39:00.278005,184.174,186.478,183.144,184.895,2525
2025-10-31 01:39:00.278005,182.79,183.267,181.339,182.418,2094
2025-10-31 02:39:00.278005,183.624,185.115,183.578,184.224,1213
2025-10-31 03:39:00.278005,182.513,183.369,181.605,182.693,1211
2025-10-31 04:39:00.278005,180.627,181.179,180.1,181.06,2572
2025-10-31 05:39:00.278005,177.832,179.217,176.279,177.476,1796
2025-10-31 06:39:00.278005,174.147,174.573,170.874,172.938,3790
2025-10-31 07:39:00.278005,174.94,176.563,174.904,175.599,1032
2025-10-31 08:39:00.278005,176.328,178.208,173.875,175.64,4932
2025-10-31 09:39:00.278005,178.459,180.14,177.162,178.015,5369
2025-10-31 10:39:00.278005,178.041,180.232,177.022,179.204,6781
2025-10-31 11:39:00.278005,178.688,179.909,177.764,178.654,5636
2025-10-31 12:39:00.278005,177.671,177.831,175.781,176.446,9834
2025-10-31 13:39:00.278005,181.785,183.403,178.499,180.583,6207
2025-10-31 14:39:00.278005,178.861,179.264,177.91,177.968,5551
2025-10-31 15:39:00.278005,177.674,178.039,177.563,177.693,5527
2025-10-31 16:39:00.278005,178.599,179.014,177.495,178.203,24874
2025-10-31 17:39:00.278005,177.29,179.231,175.661,178.549,10163
2025-10-31 18:39:00.278005,176.825,178.831,176.503,176.981,4104
2025-10-31 19:39:00.278005,180.428,182.254,178.848,179.453,6956
2025-10-31 20:39:00.278005,181.121,182.038,178.69,180.117,2658
2025-10-31 21:39:00.278005,180.945,181.325,180.323,181.092,1502
2025-10-31 22:39:00.278005,183.587,183.872,183.304,183.664,3175
2025-10-31 23:39:00.278005,181.64,184.629,178.492,181.936,1787
2025-11-01 00:39:00.278005,179.725,180.456,177.502,177.73,4876
2025-11-01 01:39:00.278005,180.836,181.153,179.448,181.081,5758
2025-11-01 02:39:00.278005,179.131,180.134,177.808,177.938,2257
2025-11-01 03:39:00.278005,178.071,178.604,176.652,177.876,8279
2025-11-01 04:39:00.278005,180.597,182.142,180.416,181.095,1964
2025-11-01 05:39:00.278005,180.036,180.955,177.516,180.478,1442
2025-11-01 06:39:00.278005,178.708,181.933,177.989,179.039,2343
2025-11-01 07:39:00.278005,181.607,181.707,179.835,180.794,4821
2025-11-01 08:39:00.278005,181.882,183.158,180.849,182.009,5162
2025-11-01 09:39:00.278005,183.119,185.349,182.666,183.939,8301
2025-11-01 10:39:00.278005,184.675,186.222,184.26,184.311,11943
2025-11-01 11:39:00.278005,182.85,184.345,181.273,183.818,3166
2025-11-01 12:39:00.278005,183.669,184.218,183.137,183.266,2447
2025-11-01 13:39:00.278005,183.894,185.017,183.359,184.844,1124
2025-11-01 14:39:00.278005,184.576,186.343,181.9,182.491,7090
2025-11-01 15:39:00.278005,186.251,188.209,184.027,184.237,13275
2025-11-01 16:39:00.278005,184.008,184.627,183.141,183.246,10320
2025-11-01 17:39:00.278005,184.874,185.455,183.318,184.673,3187
2025-11-01 18:39:00.278005,184.933,187.461,184.07,185.142,25629
2025-11-01 19:39:00.278005,183.8,183.913,181.648,182.73,5502
2025-11-01 20:39:00.278005,185.982,186.604,185.456,186.124,5006
2025-11-01 21:39:00.278005,185.672,187.159,185.59,185.707,10454
2025-11-01 22:39:00.278005,183.656,185.176,183.109,183.295,1682
2025-11-01 23:39:00.278005,186.335,186.506,184.311,185.184,1808
2025-11-02 00:39:00.278005,188.612,190.628,186.472,188.744,3568
2025-11-02 01:39:00.278005,187.414,188.615,183.542,185.754,1414
2025-11-02 02:39:00.278005,185.976,186.482,183.037,186.344,4978
2025-11-02 03:39:00.278005,183.075,184.546,178.948,182.274,4882
2025-11-02 04:39:00.278005,185.024,185.623,184.688,185.531,637
2025-11-02 05:39:00.278005,188.216,188.439,187.105,188.351,1356
2025-11-02 06:39:00.278005,184.937,186.395,182.392,186.241,518
2025-11-02 07:39:00.278005,184.37,186.271,182.435,183.921,1075
2025-11-02 08:39:00.278005,184.397,184.996,183.563,184.669,752
2025-11-02 09:39:00.278005,188.731,190.353,187.359,190.002,5571
2025-11-02 10:39:00.278005,189.137,189.71,188.955,189.313,1774
2025-11-02 11:39:00.278005,188.504,190.383,187.76,189.158,7513
2025-11-02 12:39:00.278005,189.816,192.8,188.518,190.851,3450
2025-11-02 13:39:00.278005,192.799,194.526,189.789,191.474,2612
2025-11-02 14:39:00.278005,193.925,195.125,192.08,194.717,2961
2025-11-02 15:39:00.278005,191.745,194.413,189.536,193.447,3085
2025-11-02 16:39:00.278005,193.038,194.577,192.001,193.386,11015
2025-11-02 17:39:00.278005,193.464,196.118,192.574,195.525,3681
2025-11-02 18:39:00.278005,196.235,197.168,196.093,196.701,6169
2025-11-02 19:39:00.278005,197.427,197.504,196.662,197.124,3960
2025-11-02 20:39:00.278005,194.545,195.686,194.118,195.471,1672
2025-11-02 21:39:00.278005,194.915,195.931,194.426,195.279,15804
2025-11-02 22:39:00.278005,194.461,195.425,191.616,192.492,4597
2025-11-02 23:39:00.278005,196.7,197.528,195.633,196.851,1667
2025-11-03 00:39:00.278005,194.883,195.365,193.539,195.14,3703
2025-11-03 01:39:00.278005,195.861,197.702,194.713,195.376,1101
2025-11-03 02:39:00.278005,198.331,199.404,196.632,199.216,1224
2025-11-03 03:39:00.278005,198.167,202.408,197.729,198.919,4157
2025-11-03 04:39:00.278005,198.795,201.139,198.075,199.392,2666
2025-11-03 05:39:00.278005,198.634,199.72,197.557,198.41,958
2025-11-03 06:39:00.278005,199.956,201.931,198.452,201.791,1383
2025-11-03 07:39:00.278005,200.821,203.785,199.495,200.582,1901
2025-11-03 08:39:00.278005,200.578,201.192,199.474,200.116,1797
2025-11-03 09:39:00.278005,199.445,199.813,198.55,199.277,2905
2025-11-03 10:39:00.278005,196.705,198.117,195.311,197.724,3089
2025-11-03 11:39:00.278005,197.604,199.293,195.606,197.651,8951
2025-11-03 12:39:00.278005,195.918,197.63,193.345,197.148,15271
2025-11-03 13:39:00.278005,197.158,198.119,196.223,196.415,13467
2025-11-03 14:39:00.278005,197.068,199.087,196.685,197.974,3440
2025-11-03 15:39:00.278005,196.459,196.917,195.367,196.757,8686
2025-11-03 16:39:00.278005,194.872,198.484,194.715,195.381,4918
2025-11-03 17:39:00.278005,194.365,195.437,192.737,194.51,7772
2025-11-03 18:39:00.278005,193.438,194.144,192.307,193.131,16655
2025-11-03 19:39:00.278005,195.297,196.523,195.035,196.158,10611
2025-11-03 20:39:00.278005,193.27,193.9,191.988,193.607,16798
2025-11-03 21:39:00.278005,193.774,195.064,191.737,192.696,896
2025-11-03 22:39:00.278005,191.809,192.546,191.728,191.755,1944
2025-11-03 23:39:00.278005,192.945,194.087,192.524,193.914,7505
2025-11-04 00:39:00.278005,193.79,196.321,193.134,193.684,10318
2025-11-04 01:39:00.278005,194.764,195.4,193.136,193.926,5110
2025-11-04 02:39:00.278005,193.275,193.633,192.064,192.864,4416
2025-11-04 03:39:00.278005,193.677,195.746,191.889,193.113,711
2025-11-04 04:39:00.278005,198.604,200.149,198.595,199.422,1612
2025-11-04 05:39:00.278005,197.366,197.46,194.682,196.236,4655
2025-11-04 06:39:00.278005,196.752,198.318,195.45,196.951,1608
2025-11-04 07:39:00.278005,197.161,197.662,196.858,197.501,798
2025-11-04 08:39:00.278005,197.946,198.951,195.857,196.156,9200
2025-11-04 09:39:00.278005,199.319,200.194,198.934,198.942,8855
2025-11-04 10:39:00.278005,196.51,197.495,195.074,196.311,3929
2025-11-04 11:39:00.278005,193.337,194.844,193.022,193.277,18075
2025-11-04 12:39:00.278005,195.997,196.157,194.618,194.838,7343
2025-11-04 13:39:00.278005,192.328,194.398,191.612,191.628,1873
2025-11-04 14:39:00.278005,192.814,193.198,189.38,192.8,10357
2025-11-04 15:39:00.278005,191.173,191.353,190.004,191.216,9942
2025-11-04 16:39:00.278005,190.812,191.602,188.273,188.307,1879
2025-11-04 17:39:00.278005,190.707,194.224,190.023,191.464,12940
2025-11-04 18:39:00.278005,190.762,193.334,188.479,192.313,9075
2025-11-04 19:39:00.278005,188.983,190.671,188.674,188.77,9602
2025-11-04 20:39:00.278005,189.874,190.841,189.471,189.746,5282
2025-11-04 21:39:00.278005,189.947,190.122,186.635,188.287,5050
2025-11-04 22:39:00.278005,192.044,193.288,190.198,190.701,1930
2025-11-04 23:39:00.278005,192.082,193.4,191.74,192.336,1659
2025-11-05 00:39:00.278005,193.883,194.382,192.005,193.405,758
2025-11-05 01:39:00.278005,192.95,193.197,192.743,193.164,2711
2025-11-05 02:39:00.278005,188.708,189.505,188.588,188.757,418
2025-11-05 03:39:00.278005,188.909,191.279,187.406,187.406,4462
2025-11-05 04:39:00.278005,190.512,190.583,189.658,190.215,15003
2025-11-05 05:39:00.278005,190.156,191.031,188.127,190.374,10120
2025-11-05 06:39:00.278005,188.768,189.682,187.576,188.627,1440
2025-11-05 07:39:00.278005,185.34,186.661,184.123,185.918,5297
2025-11-05 08:39:00.278005,185.549,186.186,184.908,185.413,7448
2025-11-05 09:39:00.278005,188.012,188.732,186.275,186.673,2299
2025-11-05 10:39:00.278005,186.762,188.59,185.109,187.131,3408
2025-11-05 11:39:00.278005,187.539,188.338,186.775,187.79,2214
2025-11-05 12:39:00.278005,189.402,192.107,188.232,190.968,11710
2025-11-05 13:39:00.278005,190.291,192.013,190.121,190.751,1193
2025-11-05 14:39:00.278005,188.663,189.228,188.613,189.02,11715
2025-11-05 15:39:00.278005,189.937,190.247,189.517,189.544,1026
2025-11-05 16:39:00.278005,188.652,191.707,187.704,188.423,10635
2025-11-05 17:39:00.278005,188.555,189.671,188.505,188.94,2270
2025-11-05 18:39:00.278005,189.912,193.513,187.642,189.91,5596
2025-11-05 19:39:00.278005,187.698,189.04,186.713,187.836,7169
2025-11-05 20:39:00.278005,188.992,190.103,186.611,188.54,7001
2025-11-05 21:39:00.278005,186.455,188.607,185.536,186.542,1193
2025-11-05 22:39:00.278005,185.323,186.502,183.698,184.963,2052
2025-11-05 23:39:00.278005,185.588,186.447,183.764,185.236,1793
2025-11-06 00:39:00.278005,187.832,188.671,185.96,186.444,3267
2025-11-06 01:39:00.278005,190.476,191.944,189.589,189.655,2196
2025-11-06 02:39:00.278005,191.701,192.057,189.472,191.574,2934
2025-11-06 03:39:00.278005,190.468,193.722,188.375,192.163,883
2025-11-06 04:39:00.278005,187.516,188.557,185.472,188.027,6905
2025-11-06 05:39:00.278005,182.814,184.11,182.052,182.561,1103
2025-11-06 06:39:00.278005,181.733,182.005,179.009,181.136,1224
2025-11-06 07:39:00.278005,184.327,186.797,183.84,185.754,3796
2025-11-06 08:39:00.278005,185.535,187.127,184.839,185.547,1180
2025-11-06 09:39:00.278005,183.955,185.173,183.599,184.209,4946
2025-11-06 10:39:00.278005,182.255,183.948,179.823,181.728,1307
2025-11-06 11:39:00.278005,183.179,186.814,182.36,183.754,2423
2025-11-06 12:39:00.278005,184.829,187.111,184.09,184.587,1614
2025-11-06 13:39:00.278005,181.727,183.465,181.609,182.701,4484
2025-11-06 14:39:00.278005,181.558,181.813,181.033,181.768,5883
2025-11-06 15:39:00.278005,179.404,180.745,178.88,179.804,11600
2025-11-06 16:39:00.278005,178.082,179.835,177.871,178.689,2537
2025-11-06 17:39:00.278005,180.093,180.486,178.238,179.397,49837
2025-11-06 18:39:00.278005,182.755,185.038,181.812,183.599,33209
2025-11-06 19:39:00.278005,179.176,179.235,177.812,178.992,18767
2025-11-06 20:39:00.278005,181.6,182.982,180.379,182.03,6860
2025-11-06 21:39:00.278005,177.742,178.803,177.07,177.78,2412
2025-11-06 22:39:00.278005,178.2,178.396,177.055,177.732,2686
2025-11-06 23:39:00.278005,180.923,182.04,180.148,180.937,2216
2025-11-07 00:39:00.278005,181.175,181.608,180.154,180.451,2229
2025-11-07 01:39:00.278005,182.4,183.867,180.796,182.763,2622
2025-11-07 02:39:00.278005,181.161,181.492,179.007,180.241,8109
2025-11-07 03:39:00.278005,186.354,188.863,185.299,188.064,2550
2025-11-07 04:39:00.278005,185.559,187.837,185.468,185.874,1031
2025-11-07 05:39:00.278005,184.937,185.252,182.545,185.179,4344
2025-11-07 06:39:00.278005,186.627,187.199,184.567,186.871,2037
2025-11-07 07:39:00.278005,186.321,186.658,185.824,186.606,2148
2025-11-07 08:39:00.278005,186.265,188.167,184.148,184.577,15678
2025-11-07 09:39:00.278005,185.316,186.501,183.543,185.616,8375
2025-11-07 10:39:00.278005,185.547,186.337,184.58,185.059,6555
2025-11-07 11:39:00.278005,184.106,184.606,183.959,184.134,2689
2025-11-07 12:39:00.278005,188.091,191.022,187.04,187.263,15077
2025-11-07 13:39:00.278005,187.199,188.107,186.297,187.827,9930
2025-11-07 14:39:00.278005,184.734,186.67,183.426,184.632,2454
2025-11-07 15:39:00.278005,185.745,187.566,183.865,185.016,4856
2025-11-07 16:39:00.278005,190.021,194.76,188.088,189.408,1394
2025-11-07 17:39:00.278005,190.698,191.243,188.096,191.205,11912
2025-11-07 18:39:00.278005,190.288,191.151,188.008,189.854,1647
2025-11-07 19:39:00.278005,192.277,192.602,191.855,192.441,7119
2025-11-07 20:39:00.278005,194.572,195.297,194.401,194.735,7494
2025-11-07 21:39:00.278005,195.194,196.084,195.189,195.274,1683
2025-11-07 22:39:00.278005,192.732,193.145,191.914,192.061,3066
2025-11-07 23:39:00.278005,192.687,194.088,192.445,193.475,3276
2025-11-08 00:39:00.278005,192.023,192.114,190.267,191.499,2422
2025-11-08 01:39:00.278005,189.339,190.401,186.92,189.534,1242
2025-11-08 02:39:00.278005,189.322,190.379,187.746,187.887,1637
2025-11-08 03:39:00.278005,189.838,192.138,188.933,189.369,3239
2025-11-08 04:39:00.278005,191.042,191.514,189.323,191.182,1707
2025-11-08 05:39:00.278005,191.183,192.25,189.32,189.93,2274
2025-11-08 06:39:00.278005,191.799,192.659,191.773,192.204,1878
2025-11-08 07:39:00.278005,192.011,193.472,189.767,191.502,13794
2025-11-08 08:39:00.278005,193.893,196.833,193.618,194.648,3907
2025-11-08 09:39:00.278005,194.956,196.509,194.916,195.293,4058
2025-11-08 10:39:00.278005,190.949,192.027,189.186,190.315,1150
2025-11-08 11:39:00.278005,194.491,195.882,194.222,194.902,4662
2025-11-08 12:39:00.278005,196.195,198.062,195.456,197.196,3008
2025-11-08 13:39:00.278005,196.243,198.834,194.528,197.246,10001
2025-11-08 14:39:00.278005,196.671,199.284,196.197,197.375,4315
2025-11-08 15:39:00.278005,196.977,198.821,194.218,197.962,9628
2025-11-08 16:39:00.278005,194.728,196.303,194.014,194.86,1701
2025-11-08 17:39:00.278005,199.463,200.601,199.273,199.278,12151
2025-11-08 18:39:00.278005,199.123,199.909,199.016,199.414,7828
2025-11-08 19:39:00.278005,197.989,198.294,197.044,198.109,3794
2025-11-08 20:39:00.278005,195.288,198.74,193.477,197.231,807
2025-11-08 21:39:00.278005,195.07,196.234,194.431,195.136,6750
2025-11-08 22:39:00.278005,194.48,194.731,193.551,194.531,1947
2025-11-08 23:39:00.278005,194.56,195.384,194.275,194.314,13725
2025-11-09 00:39:00.278005,195.134,196.503,195.073,195.731,4201
2025-11-09 01:39:00.278005,195.127,195.474,193.723,194.849,4792
2025-11-09 02:39:00.278005,193.915,196.601,190.975,194.165,3842
2025-11-09 03:39:00.278005,194.698,195.919,193.586,194.757,2468
2025-11-09 04:39:00.278005,196.131,198.72,195.118,196.594,996
2025-11-09 05:39:00.278005,195.703,196.712,194.818,195.5,1019
2025-11-09 06:39:00.278005,199.273,201.4,198.244,199.924,1902
2025-11-09 07:39:00.278005,198.309,199.403,197.481,197.833,8567
2025-11-09 08:39:00.278005,198.443,198.593,196.743,198.23,4157
2025-11-09 09:39:00.278005,196.089,198.039,193.198,197.374,11470
2025-11-09 10:39:00.278005,195.82,197.774,193.472,196.605,2630
2025-11-09 11:39:00.278005,197.488,198.521,194.841,196.981,4429
2025-11-09 12:39:00.278005,196.036,196.715,195.305,196.005,310
2025-11-09 13:39:00.278005,193.613,195.349,192.565,193.057,3548
2025-11-09 14:39:00.278005,194.506,197.074,194.125,194.519,10911
2025-11-09 15:39:00.278005,190.82,192.916,189.179,192.032,12246
2025-11-09 16:39:00.278005,191.142,191.909,188.654,191.765,11506
2025-11-09 17:39:00.278005,191.722,192.147,191.129,191.213,18370
2025-11-09 18:39:00.278005,190.958,190.977,188.91,190.85,3169
2025-11-09 19:39:00.278005,193.932,194.876,192.7,194.632,5370
2025-11-09 20:39:00.278005,194.82,197.078,193.007,195.415,4238
2025-11-09 21:39:00.278005,193.986,194.378,191.685,193.137,2505
2025-11-09 22:39:00.278005,192.39,193.284,189.386,192.096,1657
2025-11-09 23:39:00.278005,191.382,192.841,189.389,190.758,3573
2025-11-10 00:39:00.278005,195.41,196.692,194.567,195.3,2299
2025-11-10 01:39:00.278005,194.438,196.715,193.658,193.961,3189
2025-11-10 02:39:00.278005,194.542,196.058,192.878,193.188,2737
2025-11-10 03:39:00.278005,195.19,195.895,192.081,194.338,6280
2025-11-10 04:39:00.278005,195.62,196.286,194.459,194.502,5854
2025-11-10 05:39:00.278005,193.428,193.504,190.66,192.747,442
2025-11-10 06:39:00.278005,192.913,195.619,192.633,193.426,4686
2025-11-10 07:39:00.278005,190.756,192.215,188.804,191.398,3136
2025-11-10 08:39:00.278005,191.804,193.772,190.817,192.958,2938
2025-11-10 09:39:00.278005,192.688,194.69,191.165,193.18,1348
2025-11-10 10:39:00.278005,193.204,195.435,192.893,195.217,2570
2025-11-10 11:39:00.278005,195.688,197.289,195.32,196.11,18000
2025-11-10 12:39:00.278005,195.391,195.714,194.825,195.11,6486
2025-11-10 13:39:00.278005,196.635,198.41,196.251,196.831,3314
2025-11-10 14:39:00.278005,195.308,195.348,193.627,194.808,1802
2025-11-10 15:39:00.278005,196.137,198.284,193.204,193.887,4072
2025-11-10 16:39:00.278005,195.029,198.563,193.559,194.455,9513
2025-11-10 17:39:00.278005,192.37,193.969,192.175,193.18,15227
2025-11-10 18:39:00.278005,188.721,190.055,187.966,188.439,2651
2025-11-10 19:39:00.278005,186.809,188.117,185.134,185.944,2961
2025-11-10 20:39:00.278005,189.424,190.301,188.133,188.536,11589
2025-11-10 21:39:00.278005,188.119,189.485,188.025,188.56,3294
2025-11-10 22:39:00.278005,191.018,192.376,189.391,190.228,15203
2025-11-10 23:39:00.278005,192.717,194.232,191.786,192.362,6069
2025-11-11 00:39:00.278005,189.023,190.97,188.546,189.799,6280
2025-11-11 01:39:00.278005,189.142,191.573,187.151,189.468,2757
2025-11-11 02:39:00.278005,191.57,192.964,190.858,191.813,633
2025-11-11 03:39:00.278005,192.479,194.935,190.001,191.916,1733
2025-11-11 04:39:00.278005,190.933,193.784,190.382,192.797,1305
2025-11-11 05:39:00.278005,191.953,192.595,190.965,191.053,714
2025-11-11 06:39:00.278005,195.153,196.331,191.611,193.848,12258
2025-11-11 07:39:00.278005,196.854,197.213,196.441,197.03,988
2025-11-11 08:39:00.278005,196.277,199.763,195.18,197.46,4184
2025-11-11 09:39:00.278005,197.419,197.936,195.575,197.032,1565
2025-11-11 10:39:00.278005,197.051,198.347,196.876,197.452,9135
2025-11-11 11:39:00.278005,194.874,196.496,193.003,195.001,3382
2025-11-11 12:39:00.278005,193.142,196.426,191.746,193.081,2332
2025-11-11 13:39:00.278005,192.55,194.234,191.545,193.366,8599
2025-11-11 14:39:00.278005,192.068,194.613,190.232,190.676,1404
2025-11-11 15:39:00.278005,189.577,190.282,187.288,188.365,8404
2025-11-11 16:39:00.278005,189.906,192.385,187.29,190.86,7693
2025-11-11 17:39:00.278005,190.246,191.165,189.102,189.791,1344
2025-11-11 18:39:00.278005,189.152,189.931,187.046,187.646,5985
2025-11-11 19:39:00.278005,191.23,192.144,189.637,190.473,5744
2025-11-11 20:39:00.278005,190.22,190.743,188.178,189.207,15514
2025-11-11 21:39:00.278005,191.544,191.851,191.064,191.263,3714
2025-11-11 22:39:00.278005,188.284,191.841,186.319,187.785,12528
2025-11-11 23:39:00.278005,191.287,192.598,190.592,190.76,2565
2025-11-12 00:39:00.278005,187.67,188.593,186.696,188.526,726
2025-11-12 01:39:00.278005,188.222,189.703,186.918,188.966,961
2025-11-12 02:39:00.278005,187.288,191.012,186.416,188.869,452
2025-11-12 03:39:00.278005,185.74,187.658,184.038,185.06,1347
2025-11-12 04:39:00.278005,185.586,185.71,184.508,185.14,5679
2025-11-12 05:39:00.278005,183.934,185.914,183.348,183.541,1447
2025-11-12 06:39:00.278005,186.09,186.456,184.71,184.971,2666
2025-11-12 07:39:00.278005,188.527,189.125,186.139,187.758,1076
2025-11-12 08:39:00.278005,186.623,188.763,185.45,186.414,10585
2025-11-12 09:39:00.278005,187.717,193.364,187.666,188.936,13929
2025-11-12 10:39:00.278005,188.775,190.87,186.595,189.646,3197
2025-11-12 11:39:00.278005,187.562,187.955,186.909,187.134,5769
2025-11-12 12:39:00.278005,189.053,190.985,188.678,190.397,5140
2025-11-12 13:39:00.278005,186.332,188.684,185.423,186.136,7749
2025-11-12 14:39:00.278005,184.973,187.628,183.548,186.209,4580
2025-11-12 15:39:00.278005,185.166,185.712,181.247,183.38,13369
2025-11-12 16:39:00.278005,185.541,187.573,183.511,184.88,3199
2025-11-12 17:39:00.278005,186.047,186.285,184.997,185.125,7077
2025-11-12 18:39:00.278005,187.0,187.917,186.006,186.332,4086
2025-11-12 19:39:00.278005,186.938,187.165,185.322,186.326,5622
2025-11-12 20:39:00.278005,186.469,186.864,184.299,186.543,4826
2025-11-12 21:39:00.278005,185.36,186.506,185.067,186.224,2709
2025-11-12 22:39:00.278005,183.89,184.233,182.66,183.839,923
2025-11-12 23:39:00.278005,179.967,181.633,179.05,180.529,3374
2025-11-13 00:39:00.278005,179.972,181.509,179.004,180.632,1049
2025-11-13 01:39:00.278005,179.733,180.211,178.768,178.79,1719
2025-11-13 02:39:00.278005,181.494,183.609,179.543,179.879,2395
2025-11-13 03:39:00.278005,178.28,182.232,177.652,179.351,1530
2025-11-13 04:39:00.278005,178.414,178.627,176.346,178.125,3576
2025-11-13 05:39:00.278005,177.307,178.189,175.587,178.131,395
2025-11-13 06:39:00.278005,177.808,178.25,176.454,176.493,1763
2025-11-13 07:39:00.278005,176.783,179.255,175.455,176.466,4383
2025-11-13 08:39:00.278005,177.913,177.99,176.467,177.915,14407
2025-11-13 09:39:00.278005,180.518,181.5,179.865,180.312,4498
2025-11-13 10:39:00.278005,179.812,180.833,179.436,179.988,2810
2025-11-13 11:39:00.278005,178.213,179.106,176.619,178.989,2506
2025-11-13 12:39:00.278005,177.247,177.854,174.448,174.495,4010
2025-11-13 13:39:00.278005,176.907,179.317,176.255,178.61,1200
2025-11-13 14:39:00.278005,178.3,178.898,177.02,177.986,2357
2025-11-13 15:39:00.278005,178.214,179.782,175.585,176.659,3988
2025-11-13 16:39:00.278005,177.728,177.735,175.858,177.293,5383
2025-11-13 17:39:00.278005,178.155,179.66,177.394,178.619,7122
2025-11-13 18:39:00.278005,177.889,181.274,177.173,179.517,6056
2025-11-13 19:39:00.278005,177.806,179.988,174.988,179.012,2309
2025-11-13 20:39:00.278005,180.479,182.966,179.376,180.77,3065
2025-11-13 21:39:00.278005,180.47,180.823,179.894,180.249,5768
2025-11-13 22:39:00.278005,180.63,181.103,178.744,180.402,6764
2025-11-13 23:39:00.278005,179.952,181.287,179.112,179.374,1613
2025-11-14 00:39:00.278005,179.298,179.615,178.444,178.845,13261
2025-11-14 01:39:00.278005,176.964,177.723,174.513,176.899,1048
2025-11-14 02:39:00.278005,173.187,174.36,171.741,172.252,4777
2025-11-14 03:39:00.278005,174.118,174.693,173.343,174.415,5085
2025-11-14 04:39:00.278005,173.226,175.174,172.072,175.008,2746
2025-11-14 05:39:00.278005,168.712,170.793,168.112,169.362,2863
2025-11-14 06:39:00.278005,168.905,170.953,166.407,169.948,1400
2025-11-14 07:39:00.278005,169.308,172.123,167.862,170.177,2363
2025-11-14 08:39:00.278005,170.164,170.895,168.554,170.064,3447
2025-11-14 09:39:00.278005,167.481,169.975,165.666,168.509,1903
2025-11-14 10:39:00.278005,168.775,169.964,167.368,169.506,3004
2025-11-14 11:39:00.278005,167.669,168.146,166.294,168.138,14101
2025-11-14 12:39:00.278005,167.31,168.854,164.689,166.293,2177
2025-11-14 13:39:00.278005,165.992,167.631,165.322,166.942,4431
2025-11-14 14:39:00.278005,165.671,169.224,165.353,166.879,532
2025-11-14 15:39:00.278005,164.909,166.314,164.633,165.165,7995
2025-11-14 16:39:00.278005,168.47,170.295,167.381,168.778,4150
2025-11-14 17:39:00.278005,167.992,169.85,167.432,168.908,6841
2025-11-14 18:39:00.278005,172.359,173.775,170.203,173.724,9002
2025-11-14 19:39:00.278005,175.107,177.822,174.139,176.946,2257
2025-11-14 20:39:00.278005,174.692,177.154,173.47,173.872,3157
2025-11-14 21:39:00.278005,171.616,172.006,169.554,171.48,1324
2025-11-14 22:39:00.278005,171.517,172.683,170.034,172.533,10573
2025-11-14 23:39:00.278005,171.423,171.883,171.341,171.496,2763
2025-11-15 00:39:00.278005,171.443,173.35,169.715,170.017,822
2025-11-15 01:39:00.278005,172.735,175.595,170.009,170.956,1271
2025-11-15 02:39:00.278005,172.684,173.284,171.659,172.293,3230
2025-11-15 03:39:00.278005,171.958,172.143,170.026,172.04,1083
2025-11-15 04:39:00.278005,170.675,172.031,169.193,171.193,13635
2025-11-15 05:39:00.278005,170.661,173.06,169.776,171.226,1360
2025-11-15 06:39:00.278005,173.82,176.466,173.177,173.992,908
2025-11-15 07:39:00.278005,172.408,172.675,170.199,171.432,7962
2025-11-15 08:39:00.278005,174.579,175.959,174.212,174.765,1795
2025-11-15 09:39:00.278005,174.027,175.143,172.474,172.901,6777
2025-11-15 10:39:00.278005,176.203,178.551,176.203,176.722,1967
2025-11-15 11:39:00.278005,175.567,176.501,174.127,175.912,9700
2025-11-15 12:39:00.278005,175.14,178.178,174.94,177.152,3471
2025-11-15 13:39:00.278005,176.933,177.868,176.443,176.754,1798
2025-11-15 14:39:00.278005,174.533,174.803,172.882,172.908,2831
2025-11-15 15:39:00.278005,174.553,174.909,172.233,173.45,4001
2025-11-15 16:39:00.278005,176.357,178.675,174.674,177.875,1935
2025-11-15 17:39:00.278005,171.993,173.813,169.533,172.123,8214
2025-11-15 18:39:00.278005,172.579,173.409,172.256,172.855,5092
2025-11-15 19:39:00.278005,169.798,170.432,167.348,169.228,3593
2025-11-15 20:39:00.278005,172.478,173.873,170.535,171.6,6309
2025-11-15 21:39:00.278005,173.866,174.406,171.235,172.026,707
2025-11-15 22:39:00.278005,172.685,172.783,171.666,171.842,4517
2025-11-15 23:39:00.278005,173.109,174.663,172.592,172.987,1357
2025-11-16 00:39:00.278005,176.378,177.282,175.427,175.463,3464
2025-11-16 01:39:00.278005,176.707,179.716,175.306,177.234,922
2025-11-16 02:39:00.278005,171.95,172.466,170.02,171.248,5443
2025-11-16 03:39:00.278005,168.837,169.146,167.719,168.586,2240
2025-11-16 04:39:00.278005,171.328,172.494,170.347,171.503,330
2025-11-16 05:39:00.278005,171.434,173.135,170.765,171.303,5191
2025-11-16 06:39:00.278005,169.912,170.127,168.251,169.648,866
2025-11-16 07:39:00.278005,169.798,171.505,169.765,170.422,781
2025-11-16 08:39:00.278005,169.659,171.242,167.518,169.697,3470
2025-11-16 09:39:00.278005,166.905,167.938,165.138,165.477,9508
2025-11-16 10:39:00.278005,168.119,169.447,168.048,168.361,12735
2025-11-16 11:39:00.278005,170.479,171.751,168.399,170.351,2410
2025-11-16 12:39:00.278005,169.121,170.128,167.391,168.768,15498
2025-11-16 13:39:00.278005,169.13,171.995,165.859,167.98,5006
2025-11-16 14:39:00.278005,169.898,169.966,168.005,168.48,1613
2025-11-16 15:39:00.278005,169.115,170.377,168.236,169.365,3799
2025-11-16 16:39:00.278005,167.84,170.394,166.688,167.346,7634
2025-11-16 17:39:00.278005,166.671,167.23,166.144,166.796,10860
2025-11-16 18:39:00.278005,166.798,167.304,166.726,167.027,4803
2025-11-16 19:39:00.278005,164.201,164.276,163.12,163.417,7402
2025-11-16 20:39:00.278005,163.152,163.594,163.082,163.307,3445
2025-11-16 21:39:00.278005,164.666,165.207,164.444,164.935,6638
2025-11-16 22:39:00.278005,164.775,165.509,164.124,164.165,15017
2025-11-16 23:39:00.278005,159.925,160.779,159.72,159.739,981
2025-11-17 00:39:00.278005,158.115,159.197,157.135,157.667,353
2025-11-17 01:39:00.278005,155.553,156.896,155.364,155.526,7217
2025-11-17 02:39:00.278005,156.505,159.055,155.815,157.167,1860
2025-11-17 03:39:00.278005,155.877,156.718,153.84,154.979,733
2025-11-17 04:39:00.278005,154.87,158.616,153.186,156.045,5654
2025-11-17 05:39:00.278005,153.405,155.205,151.461,153.835,1345
2025-11-17 06:39:00.278005,148.25,148.792,146.968,148.788,5228
2025-11-17 07:39:00.278005,148.138,149.865,148.003,149.587,624
2025-11-17 08:39:00.278005,150.304,150.932,149.512,149.948,2978
2025-11-17 09:39:00.278005,149.738,150.287,149.16,149.502,6273
2025-11-17 10:39:00.278005,148.497,148.588,146.375,146.805,2832
2025-11-17 11:39:00.278005,146.64,147.194,145.639,146.228,4492
2025-11-17 12:39:00.278005,143.524,146.216,142.721,143.634,3545
2025-11-17 13:39:00.278005,143.884,147.011,142.818,145.547,3801
2025-11-17 14:39:00.278005,143.824,146.576,142.805,144.179,7176
2025-11-17 15:39:00.278005,141.535,143.218,140.161,140.719,2177
2025-11-17 16:39:00.278005,142.479,144.98,141.967,143.004,14707
2025-11-17 17:39:00.278005,143.84,146.415,142.687,145.282,1586
2025-11-17 18:39:00.278005,142.395,142.848,140.868,142.761,13705
2025-11-17 19:39:00.278005,141.9,142.757,141.275,142.39,5637
2025-11-17 20:39:00.278005,142.245,144.018,140.272,142.192,4790
2025-11-17 21:39:00.278005,141.976,142.281,139.996,142.181,2277
2025-11-17 22:39:00.278005,142.529,144.827,139.931,143.905,7613
2025-11-17 23:39:00.278005,141.894,142.929,140.767,142.24,2411
2025-11-18 00:39:00.278005,139.787,141.782,138.483,141.026,693
2025-11-18 01:39:00.278005,143.421,145.757,142.376,142.39,1356
2025-11-18 02:39:00.278005,143.26,145.963,142.129,144.432,1322
2025-11-18 03:39:00.278005,143.446,143.829,142.346,143.2,1389
2025-11-18 04:39:00.278005,144.041,144.517,142.46,144.188,3815
2025-11-18 05:39:00.278005,143.856,144.119,141.419,142.56,3287
2025-11-18 06:39:00.278005,144.994,145.913,144.665,145.788,2205
2025-11-18 07:39:00.278005,144.489,145.455,142.991,144.669,404
2025-11-18 08:39:00.278005,146.973,148.673,146.528,148.063,12303
2025-11-18 09:39:00.278005,146.259,148.392,144.707,145.179,5653
2025-11-18 10:39:00.278005,148.775,149.216,146.794,147.285,2344
2025-11-18 11:39:00.278005,146.801,149.801,145.788,146.514,2545
2025-11-18 12:39:00.278005,144.718,145.391,143.933,145.197,581
2025-11-18 13:39:00.278005,144.081,144.765,142.98,143.36,8794
2025-11-18 14:39:00.278005,141.533,142.431,139.195,139.981,2481
2025-11-18 15:39:00.278005,137.639,139.919,136.367,138.491,22842
2025-11-18 16:39:00.278005,138.02,140.087,137.846,139.109,4022
2025-11-18 17:39:00.278005,137.772,140.875,137.54,139.517,10830
2025-11-18 18:39:00.278005,138.223,138.53,136.01,137.163,1389
2025-11-18 19:39:00.278005,141.466,143.258,140.905,142.141,4635
2025-11-18 20:39:00.278005,142.3,143.727,140.02,141.211,4450
2025-11-18 21:39:00.278005,137.395,139.623,135.369,138.32,1711
2025-11-18 22:39:00.278005,144.106,147.217,142.791,143.487,2448
2025-11-18 23:39:00.278005,142.822,144.476,142.616,142.724,2112
2025-11-19 00:39:00.278005,144.179,145.972,143.815,144.671,3621
2025-11-19 01:39:00.278005,140.226,140.327,139.962,140.101,1142
2025-11-19 02:39:00.278005,139.524,141.217,136.568,139.035,7458
2025-11-19 03:39:00.278005,142.432,144.177,139.83,141.294,2323
2025-11-19 04:39:00.278005,141.167,141.891,137.022,138.751,4579
2025-11-19 05:39:00.278005,139.643,140.175,138.508,139.205,4409
2025-11-19 06:39:00.278005,138.282,138.57,137.128,137.824,719
2025-11-19 07:39:00.278005,136.418,136.781,134.679,136.229,3498
2025-11-19 08:39:00.278005,132.987,134.257,132.043,133.403,914
2025-11-19 09:39:00.278005,133.685,134.903,132.59,134.087,1635
2025-11-19 10:39:00.278005,135.263,137.201,134.405,135.026,1869
2025-11-19 11:39:00.278005,139.272,140.045,136.667,139.833,7595
2025-11-19 12:39:00.278005,133.979,139.005,132.46,135.809,457
2025-11-19 13:39:00.278005,135.626,136.843,135.431,135.561,13616
2025-11-19 14:39:00.278005,136.704,139.51,135.278,137.418,3239
2025-11-19 15:39:00.278005,139.257,140.382,138.974,139.314,4698
2025-11-19 16:39:00.278005,139.126,140.775,138.647,139.053,2545
2025-11-19 17:39:00.278005,141.737,142.542,139.264,140.989,4568
2025-11-19 18:39:00.278005,141.326,142.828,141.235,142.468,5213
2025-11-19 19:39:00.278005,138.905,139.958,137.779,138.019,6666
2025-11-19 20:39:00.278005,142.224,143.153,140.561,143.039,19378
2025-11-19 21:39:00.278005,139.985,142.175,138.768,140.67,1188
2025-11-19 22:39:00.278005,141.613,143.707,141.256,142.059,5524
2025-11-19 23:39:00.278005,142.035,143.564,141.237,143.251,3852
2025-11-20 00:39:00.278005,137.764,137.977,136.831,136.841,2040
2025-11-20 01:39:00.278005,138.195,139.296,137.301,138.271,1147
2025-11-20 02:39:00.278005,135.846,136.266,133.353,134.452,3945
2025-11-20 03:39:00.278005,130.262,131.258,129.121,130.036,3478
2025-11-20 04:39:00.278005,133.403,135.734,133.371,133.59,1699
2025-11-20 05:39:00.278005,139.259,141.177,138.103,138.915,1917
2025-11-20 06:39:00.278005,139.285,141.987,138.805,139.724,321
2025-11-20 07:39:00.278005,141.572,142.191,140.672,141.986,2867
2025-11-20 08:39:00.278005,137.188,139.028,136.818,137.864,14572
2025-11-20 09:39:00.278005,137.284,137.366,133.438,136.663,1366
2025-11-20 10:39:00.278005,138.716,140.36,137.042,138.851,4746
2025-11-20 11:39:00.278005,140.315,141.486,138.495,139.992,6307
2025-11-20 12:39:00.278005,138.287,138.561,137.64,137.724,3655
2025-11-20 13:39:00.278005,134.621,135.086,134.458,135.032,3362
2025-11-20 14:39:00.278005,136.971,137.311,135.756,137.038,3380
2025-11-20 15:39:00.278005,135.375,135.424,133.74,134.468,8284
2025-11-20 16:39:00.278005,137.271,138.984,137.268,137.85,8942
2025-11-20 17:39:00.278005,135.463,136.357,133.969,135.312,10627
2025-11-20 18:39:00.278005,136.2,137.232,135.258,136.976,500
2025-11-20 19:39:00.278005,140.838,142.173,140.664,141.98,4152
2025-11-20 20:39:00.278005,145.571,148.075,143.76,146.772,7367
2025-11-20 21:39:00.278005,145.698,146.638,144.09,146.234,6275
2025-11-20 22:39:00.278005,147.192,149.133,146.954,147.46,2131
2025-11-20 23:39:00.278005,148.568,152.112,148.557,149.762,1632
2025-11-21 00:39:00.278005,151.581,152.59,150.844,152.278,1695
2025-11-21 01:39:00.278005,148.498,150.703,147.907,149.843,1411
2025-11-21 02:39:00.278005,146.015,146.521,144.865,145.773,4350
2025-11-21 03:39:00.278005,148.168,148.781,147.996,148.648,4279
2025-11-21 04:39:00.278005,150.971,155.076,150.636,151.77,1743
2025-11-21 05:39:00.278005,152.056,152.713,151.172,152.631,880
2025-11-21 06:39:00.278005,153.162,154.492,151.351,153.386,15587
2025-11-21 07:39:00.278005,153.606,154.632,152.588,154.631,1813
2025-11-21 08:39:00.278005,154.146,154.76,152.302,154.218,3055
2025-11-21 09:39:00.278005,153.559,155.631,153.051,154.043,6044
2025-11-21 10:39:00.278005,155.733,157.253,155.191,156.327,14384
2025-11-21 11:39:00.278005,154.468,155.723,151.719,155.467,33335
2025-11-21 12:39:00.278005,155.589,155.973,154.93,155.572,6042
2025-11-21 13:39:00.278005,155.733,157.234,154.595,156.066,3482
2025-11-21 14:39:00.278005,157.556,159.578,157.344,159.302,2105
2025-11-21 15:39:00.278005,160.251,161.953,159.176,160.686,3635
2025-11-21 16:39:00.278005,160.495,162.86,159.179,160.806,2865
2025-11-21 17:39:00.278005,164.048,164.413,160.877,161.858,2244
2025-11-21 18:39:00.278005,167.31,167.634,167.175,167.303,3470
2025-11-21 19:39:00.278005,169.324,170.616,168.244,170.434,11178
2025-11-21 20:39:00.278005,169.459,171.037,167.154,168.371,16311
2025-11-21 21:39:00.278005,170.808,171.418,170.569,170.672,2786
2025-11-21 22:39:00.278005,169.97,170.651,168.959,169.409,1169
2025-11-21 23:39:00.278005,169.275,169.922,168.896,169.858,1226
2025-11-22 00:39:00.278005,171.306,173.685,169.537,170.308,3400
2025-11-22 01:39:00.278005,167.773,171.323,165.571,167.913,3606
2025-11-22 02:39:00.278005,171.5,171.535,169.427,170.84,8993
2025-11-22 03:39:00.278005,169.501,170.144,167.824,168.72,2225
2025-11-22 04:39:00.278005,172.949,176.327,172.459,174.128,2824
2025-11-22 05:39:00.278005,173.195,174.471,170.218,173.265,6207
2025-11-22 06:39:00.278005,172.514,174.62,171.024,172.676,2227
2025-11-22 07:39:00.278005,172.383,174.522,171.22,172.664,7960
2025-11-22 08:39:00.278005,171.992,173.866,171.792,171.799,5857
2025-11-22 09:39:00.278005,173.525,174.178,173.163,173.495,13477
2025-11-22 10:39:00.278005,173.985,175.508,171.103,171.995,1887
2025-11-22 11:39:00.278005,174.433,177.278,173.706,175.732,2684
2025-11-22 12:39:00.278005,172.427,175.527,169.795,173.576,2585
2025-11-22 13:39:00.278005,170.48,171.008,168.936,170.255,20859
2025-11-22 14:39:00.278005,172.687,174.859,171.183,173.366,5167
2025-11-22 15:39:00.278005,170.708,171.489,169.282,171.157,10570
2025-11-22 16:39:00.278005,172.405,173.683,170.126,172.51,8717
2025-11-22 17:39:00.278005,171.636,174.991,171.426,173.744,13045
2025-11-22 18:39:00.278005,170.07,170.659,167.92,168.977,11796
2025-11-22 19:39:00.278005,168.544,169.88,167.51,169.684,3765
2025-11-22 20:39:00.278005,166.901,168.102,166.234,166.359,8498
2025-11-22 21:39:00.278005,165.738,166.17,165.668,166.16,2792
2025-11-22 22:39:00.278005,163.928,164.125,162.095,162.813,1014
2025-11-22 23:39:00.278005,162.615,163.686,162.335,162.934,5872
2025-11-23 00:39:00.278005,161.562,161.676,158.52,160.745,7110
2025-11-23 01:39:00.278005,162.91,163.542,160.096,161.741,1729
2025-11-23 02:39:00.278005,163.01,163.887,161.132,161.98,1257
2025-11-23 03:39:00.278005,163.476,164.011,162.77,163.024,458
2025-11-23 04:39:00.278005,161.847,164.039,160.59,161.691,1308
2025-11-23 05:39:00.278005,162.756,163.509,160.26,161.738,5364
2025-11-23 06:39:00.278005,162.914,163.528,160.078,161.84,3137
2025-11-23 07:39:00.278005,164.708,165.699,164.438,165.12,5610
2025-11-23 08:39:00.278005,168.069,169.885,167.509,168.351,11765
2025-11-23 09:39:00.278005,167.71,168.136,167.029,167.989,11572
2025-11-23 10:39:00.278005,165.903,168.885,164.13,167.333,3355
2025-11-23 11:39:00.278005,163.357,163.549,162.879,162.927,14048
2025-11-23 12:39:00.278005,163.042,164.707,161.284,164.045,1158
2025-11-23 13:39:00.278005,164.691,165.98,164.593,164.898,20689
2025-11-23 14:39:00.278005,161.315,162.8,159.568,160.384,2549
2025-11-23 15:39:00.278005,159.715,160.686,157.813,160.168,9124
2025-11-23 16:39:00.278005,159.65,160.967,156.143,158.137,6332
2025-11-23 17:39:00.278005,157.363,159.878,156.24,157.523,17002
2025-11-23 18:39:00.278005,151.704,153.153,151.547,151.952,8618
2025-11-23 19:39:00.278005,150.758,151.944,150.157,151.363,2543
2025-11-23 20:39:00.278005,149.706,151.077,148.778,148.808,2091
2025-11-23 21:39:00.278005,153.353,154.462,151.723,152.988,1991
2025-11-23 22:39:00.278005,152.547,152.912,151.934,152.609,5594
2025-11-23 23:39:00.278005,151.286,153.195,151.186,151.794,1977
2025-11-24 00:39:00.278005,150.363,150.74,149.312,149.776,1323
2025-11-24 01:39:00.278005,147.061,147.901,146.43,146.675,674
2025-11-24 02:39:00.278005,146.564,147.656,145.85,146.825,9710
2025-11-24 03:39:00.278005,146.509,148.443,146.163,146.524,2193
2025-11-24 04:39:00.278005,147.495,148.197,146.251,147.881,868
2025-11-24 05:39:00.278005,148.213,148.898,146.256,147.651,1161
2025-11-24 06:39:00.278005,148.748,151.341,147.82,149.316,5931
2025-11-24 07:39:00.278005,144.352,146.213,143.937,145.19,2335
2025-11-24 08:39:00.278005,143.294,143.563,142.848,142.932,7913
2025-11-24 09:39:00.278005,143.885,144.448,143.817,144.249,6324
2025-11-24 10:39:00.278005,145.946,148.387,144.622,146.52,10843
2025-11-24 11:39:00.278005,146.743,147.264,146.366,146.69,3620
2025-11-24 12:39:00.278005,144.097,145.938,144.066,144.577,5444
2025-11-24 13:39:00.278005,143.529,144.144,142.895,143.87,2827
2025-11-24 14:39:00.278005,142.805,145.824,141.624,141.995,3857
2025-11-24 15:39:00.278005,139.965,142.51,139.296,140.548,2011
2025-11-24 16:39:00.278005,143.022,144.98,140.678,141.954,5248
2025-11-24 17:39:00.278005,143.693,145.473,142.493,142.853,2534
2025-11-24 18:39:00.278005,143.86,146.326,142.743,143.265,11304
2025-11-24 19:39:00.278005,144.915,145.749,144.375,145.625,6548
2025-11-24 20:39:00.278005,144.74,145.584,144.58,144.885,3049
2025-11-24 21:39:00.278005,144.926,145.338,143.219,144.779,454
2025-11-24 22:39:00.278005,142.42,144.637,141.232,141.612,5545
2025-11-24 23:39:00.278005,142.802,144.041,139.31,140.974,2535
2025-11-25 00:39:00.278005,141.639,144.288,139.556,143.723,1702
2025-11-25 01:39:00.278005,143.022,146.744,142.888,144.196,1355
2025-11-25 02:39:00.278005,142.542,142.922,141.308,141.408,10594
2025-11-25 03:39:00.278005,143.494,143.567,140.15,142.38,1483
2025-11-25 04:39:00.278005,141.472,142.37,140.748,141.74,2867
2025-11-25 05:39:00.278005,140.185,140.741,138.898,140.685,474
2025-11-25 06:39:00.278005,142.244,142.409,140.232,141.773,1925
2025-11-25 07:39:00.278005,144.377,144.851,143.876,144.208,3990
2025-11-25 08:39:00.278005,144.242,148.637,144.123,145.945,5854
2025-11-25 09:39:00.278005,146.714,148.257,145.88,148.073,1803
2025-11-25 10:39:00.278005,149.025,150.445,147.875,148.757,4036
2025-11-25 11:39:00.278005,147.934,150.399,145.028,146.58,5197
2025-11-25 12:39:00.278005,150.514,151.437,148.813,150.95,2952
2025-11-25 13:39:00.278005,153.078,155.032,151.584,153.708,733
2025-11-25 14:39:00.278005,152.08,153.333,151.381,151.565,891
2025-11-25 15:39:00.278005,152.289,154.955,149.77,150.529,4925
2025-11-25 16:39:00.278005,151.409,151.901,150.183,151.722,3235
2025-11-25 17:39:00.278005,151.567,152.007,150.28,151.727,14903
2025-11-25 18:39:00.278005,151.827,153.077,151.302,151.443,19824
2025-11-25 19:39:00.278005,151.621,152.954,149.612,150.725,5969
2025-11-25 20:39:00.278005,151.672,154.956,148.834,152.998,6552
2025-11-25 21:39:00.278005,153.712,154.689,149.574,150.948,2886
2025-11-25 22:39:00.278005,158.376,158.539,157.412,158.449,4210
2025-11-25 23:39:00.278005,159.633,160.776,159.294,159.433,1496
2025-11-26 00:39:00.278005,163.766,166.057,160.832,162.445,1446
2025-11-26 01:39:00.278005,160.67,163.153,159.978,160.961,1263
2025-11-26 02:39:00.278005,159.596,159.633,157.163,159.483,7302
2025-11-26 03:39:00.278005,163.214,165.529,162.995,163.748,2650
2025-11-26 04:39:00.278005,161.588,163.174,159.849,161.329,3192
2025-11-26 05:39:00.278005,161.21,161.229,159.359,161.225,954
2025-11-26 06:39:00.278005,160.855,161.795,160.588,161.145,1919
2025-11-26 07:39:00.278005,160.963,162.153,158.395,160.376,1855
2025-11-26 08:39:00.278005,165.068,167.62,165.039,165.6,5599
2025-11-26 09:39:00.278005,164.773,166.521,163.448,163.922,4123
2025-11-26 10:39:00.278005,164.696,166.872,163.318,164.557,2081
2025-11-26 11:39:00.278005,166.271,167.006,164.273,166.068,1884
2025-11-26 12:39:00.278005,162.611,164.309,161.657,162.227,7649
2025-11-26 13:39:00.278005,164.401,164.867,163.291,163.497,2251
2025-11-26 14:39:00.278005,166.243,166.871,163.139,164.803,4688
2025-11-26 15:39:00.278005,164.413,165.816,163.474,165.596,12426
2025-11-26 16:39:00.278005,165.497,166.862,164.184,165.68,12317
2025-11-26 17:39:00.278005,166.142,167.417,165.15,167.061,5171
2025-11-26 18:39:00.278005,167.048,167.862,166.309,167.574,12059
2025-11-26 19:39:00.278005,167.683,169.102,167.079,167.125,4121
2025-11-26 20:39:00.278005,165.141,167.137,163.887,165.817,15846
2025-11-26 21:39:00.278005,164.642,164.717,163.698,164.642,1931
2025-11-26 22:39:00.278005,167.344,169.118,166.905,166.993,1035
2025-11-26 23:39:00.278005,168.326,169.561,168.294,168.545,9656
2025-11-27 00:39:00.278005,170.986,172.944,170.308,171.655,2500
2025-11-27 01:39:00.278005,165.862,166.275,162.264,164.428,4731
2025-11-27 02:39:00.278005,166.106,167.507,165.276,166.887,2391
2025-11-27 03:39:00.278005,165.52,166.787,164.663,165.079,3648
2025-11-27 04:39:00.278005,161.833,163.654,160.892,161.871,3534
2025-11-27 05:39:00.278005,163.459,163.809,160.767,162.075,1802
2025-11-27 06:39:00.278005,162.027,162.491,160.127,161.431,3051
2025-11-27 07:39:00.278005,162.605,165.438,162.534,163.471,4521
2025-11-27 08:39:00.278005,160.686,163.884,160.254,161.982,10227
2025-11-27 09:39:00.278005,158.945,160.063,156.874,158.779,2093
2025-11-27 10:39:00.278005,157.682,157.754,155.128,156.229,1630
2025-11-27 11:39:00.278005,155.515,156.775,155.512,155.737,1232
2025-11-27 12:39:00.278005,153.55,153.949,153.358,153.882,2887
2025-11-27 13:39:00.278005,152.751,153.452,149.813,152.825,4891
2025-11-27 14:39:00.278005,152.807,154.546,152.685,154.107,5035
2025-11-27 15:39:00.278005,149.065,149.441,145.566,148.014,2242
2025-11-27 16:39:00.278005,150.878,152.44,149.12,150.973,4440
2025-11-27 17:39:00.278005,151.401,152.744,149.767,151.535,7417
2025-11-27 18:39:00.278005,149.829,150.04,148.552,149.116,7601
2025-11-27 19:39:00.278005,154.112,155.68,153.684,154.585,6155
2025-11-27 20:39:00.278005,154.765,158.233,152.682,156.36,4255
2025-11-27 21:39:00.278005,153.179,154.07,152.315,153.67,4392
2025-11-27 22:39:00.278005,151.35,152.828,150.684,152.246,53587
2025-11-27 23:39:00.278005,153.39,155.568,152.956,154.421,1807
2025-11-28 00:39:00.278005,155.388,156.717,153.93,155.148,887
2025-11-28 01:39:00.278005,153.031,153.887,152.084,153.495,871
2025-11-28 02:39:00.278005,155.269,156.944,153.593,156.505,741
2025-11-28 03:39:00.278005,157.729,158.63,156.687,157.418,5159
2025-11-28 04:39:00.278005,156.299,156.574,153.265,155.017,6060
2025-11-28 05:39:00.278005,155.026,158.22,154.278,155.335,4805
2025-11-28 06:39:00.278005,149.788,150.786,148.712,149.826,2412
2025-11-28 07:39:00.278005,149.649,151.822,148.206,149.467,1617
2025-11-28 08:39:00.278005,151.679,152.324,151.59,152.304,2030
2025-11-28 09:39:00.278005,151.604,153.245,151.413,151.624,1338
2025-11-28 10:39:00.278005,152.552,153.275,151.2,151.475,4212
2025-11-28 11:39:00.278005,154.572,155.19,153.675,154.045,3851
2025-11-28 12:39:00.278005,153.027,154.16,152.023,152.295,7271
2025-11-28 13:39:00.278005,151.363,153.493,148.766,150.336,970
2025-11-28 14:39:00.278005,148.618,149.205,146.307,147.929,4024
2025-11-28 15:39:00.278005,148.069,148.663,147.407,148.436,2567
2025-11-28 16:39:00.278005,148.715,149.922,145.586,146.785,39763
2025-11-28 17:39:00.278005,150.602,151.525,146.285,148.704,21872
2025-11-28 18:39:00.278005,150.156,151.745,149.197,150.576,3447
2025-11-28 19:39:00.278005,152.048,152.559,149.905,152.306,22919
2025-11-28 20:39:00.278005,151.531,152.831,150.581,151.017,1733
2025-11-28 21:39:00.278005,154.172,157.042,153.133,153.573,6633
2025-11-28 22:39:00.278005,156.66,157.324,156.444,156.478,2409
2025-11-28 23:39:00.278005,158.734,159.967,156.58,157.45,2198
2025-11-29 00:39:00.278005,162.019,162.33,161.635,162.042,5221
2025-11-29 01:39:00.278005,163.751,164.452,161.878,162.806,4591
2025-11-29 02:39:00.278005,164.109,164.422,160.785,162.894,1927
2025-11-29 03:39:00.278005,164.496,165.871,163.236,164.912,9048
2025-11-29 04:39:00.278005,167.063,168.131,165.021,167.493,3940
2025-11-29 05:39:00.278005,166.628,169.06,166.246,167.064,946
2025-11-29 06:39:00.278005,166.255,166.875,164.293,165.668,5857
2025-11-29 07:39:00.278005,165.19,166.573,164.707,166.332,488
2025-11-29 08:39:00.278005,164.237,166.867,163.454,164.836,4072
2025-11-29 09:39:00.278005,167.365,169.857,167.119,167.738,5228
2025-11-29 10:39:00.278005,169.06,170.965,167.282,169.214,2342
2025-11-29 11:39:00.278005,165.887,167.17,165.236,166.758,2886
2025-11-29 12:39:00.278005,164.398,166.49,164.094,164.28,2383
2025-11-29 13:39:00.278005,166.075,168.254,165.457,166.097,1738
2025-11-29 14:39:00.278005,167.462,167.62,166.185,167.031,10006
2025-11-29 15:39:00.278005,171.531,172.7,170.235,170.632,7731
2025-11-29 16:39:00.278005,167.106,167.853,165.294,166.023,11397
2025-11-29 17:39:00.278005,167.004,168.569,165.359,167.459,4201
2025-11-29 18:39:00.278005,167.624,169.076,164.344,166.603,3717
2025-11-29 19:39:00.278005,168.409,169.377,168.058,168.078,3624
2025-11-29 20:39:00.278005,167.594,168.871,166.234,167.494,2861
2025-11-29 21:39:00.278005,166.782,167.787,165.096,165.802,750
2025-11-29 22:39:00.278005,165.99,167.636,165.53,166.725,3462
2025-11-29 23:39:00.278005,169.198,170.25,169.137,169.703,2122
2025-11-30 00:39:00.278005,167.379,167.879,165.16,167.734,3335
2025-11-30 01:39:00.278005,165.494,166.081,164.64,164.7,5900
2025-11-30 02:39:00.278005,165.984,167.685,164.837,167.198,892
2025-11-30 03:39:00.278005,166.612,169.66,165.949,166.829,583
2025-11-30 04:39:00.278005,164.151,164.917,162.516,163.526,1529
2025-11-30 05:39:00.278005,164.729,165.885,163.388,165.047,3173
2025-11-30 06:39:00.278005,166.452,167.752,164.577,164.771,2347
2025-11-30 07:39:00.278005,164.29,165.084,164.228,165.031,2523
2025-11-30 08:39:00.278005,165.169,165.276,163.567,164.95,4181
2025-11-30 09:39:00.278005,163.6,163.641,161.979,163.574,1842
2025-11-30 10:39:00.278005,165.661,168.634,164.857,167.188,8113
2025-11-30 11:39:00.278005,163.647,166.258,162.304,164.533,5584
2025-11-30 12:39:00.278005,162.935,166.483,162.63,164.952,645
2025-11-30 13:39:00.278005,162.804,163.32,162.334,162.874,2263
2025-11-30 14:39:00.278005,161.768,163.063,159.467,161.905,15045
2025-11-30 15:39:00.278005,160.369,161.045,159.557,160.934,4397
2025-11-30 16:39:00.278005,159.889,162.367,159.639,161.299,11236
2025-11-30 17:39:00.278005,157.838,158.794,156.633,158.307,8114
2025-11-30 18:39:00.278005,155.658,156.594,155.345,156.396,3460
2025-11-30 19:39:00.278005,155.365,157.338,153.671,154.791,2527
2025-11-30 20:39:00.278005,154.822,156.742,154.192,154.386,6510
2025-11-30 21:39:00.278005,154.884,157.07,154.176,155.119,2494
2025-11-30 22:39:00.278005,157.303,158.7,155.56,157.212,4357
2025-11-30 23:39:00.278005,157.956,159.235,157.744,159.017,7653
2025-12-01 00:39:00.278005,160.55,161.874,159.325,160.97,1766
2025-12-01 01:39:00.278005,162.553,163.65,162.159,162.268,2848
2025-12-01 02:39:00.278005,163.294,164.825,162.821,163.863,6141
2025-12-01 03:39:00.278005,166.289,166.842,164.447,165.466,4724
2025-12-01 04:39:00.278005,163.654,164.96,160.939,164.525,5057
2025-12-01 05:39:00.278005,161.327,162.735,160.118,161.935,940
2025-12-01 06:39:00.278005,162.824,163.462,162.332,162.991,3026
2025-12-01 07:39:00.278005,163.596,165.173,163.529,164.655,1082
2025-12-01 08:39:00.278005,158.974,159.931,157.405,157.437,4644
2025-12-01 09:39:00.278005,155.101,155.329,152.904,154.252,4474
2025-12-01 10:39:00.278005,152.632,152.912,151.113,152.657,7371
2025-12-01 11:39:00.278005,152.179,153.334,149.81,151.099,3886
2025-12-01 12:39:00.278005,151.519,151.521,150.103,151.216,9995
2025-12-01 13:39:00.278005,145.828,146.759,145.241,146.546,2812
2025-12-01 14:39:00.278005,150.571,152.291,149.125,150.304,8897
2025-12-01 15:39:00.278005,150.145,152.413,149.777,150.405,3348
2025-12-01 16:39:00.278005,145.705,146.097,144.543,145.354,6664
2025-12-01 17:39:00.278005,146.287,146.939,144.75,146.312,24466
2025-12-01 18:39:00.278005,146.227,147.916,145.29,147.23,23692
2025-12-01 19:39:00.278005,143.868,145.241,143.386,144.522,8855
2025-12-01 20:39:00.278005,145.683,146.033,143.475,144.828,1247
2025-12-01 21:39:00.278005,145.367,145.584,143.857,144.291,1006
2025-12-01 22:39:00.278005,145.496,146.913,145.302,145.387,6318
2025-12-01 23:39:00.278005,144.679,145.674,143.127,144.17,4005
2025-12-02 00:39:00.278005,142.504,143.488,139.561,141.484,995
2025-12-02 01:39:00.278005,141.625,143.016,141.621,142.429,2641
2025-12-02 02:39:00.278005,141.245,143.043,139.332,139.438,1168
2025-12-02 03:39:00.278005,144.522,147.353,143.828,145.379,693
2025-12-02 04:39:00.278005,142.647,143.955,140.007,142.345,714
2025-12-02 05:39:00.278005,146.013,148.135,143.942,145.908,2876
2025-12-02 06:39:00.278005,144.192,146.121,144.01,144.309,2487
2025-12-02 07:39:00.278005,141.604,142.41,140.999,141.718,1757
2025-12-02 08:39:00.278005,139.998,141.036,139.858,140.695,1458
2025-12-02 09:39:00.278005,140.399,142.5,139.186,141.688,5146
2025-12-02 10:39:00.278005,140.413,141.951,138.987,139.3,13013
2025-12-02 11:39:00.278005,144.536,145.401,142.213,144.379,2996
2025-12-02 12:39:00.278005,146.22,146.68,144.545,145.125,2756
2025-12-02 13:39:00.278005,146.2,147.996,145.112,146.943,12749
2025-12-02 14:39:00.278005,147.128,148.423,144.516,148.0,7123
2025-12-02 15:39:00.278005,147.359,148.562,146.568,147.252,14086
2025-12-02 16:39:00.278005,149.219,149.795,147.973,148.241,4031
2025-12-02 17:39:00.278005,148.669,151.23,148.306,149.224,4417
2025-12-02 18:39:00.278005,152.611,154.274,152.454,153.146,4202
2025-12-02 19:39:00.278005,153.528,154.484,150.22,151.62,9278
2025-12-02 20:39:00.278005,158.56,158.908,158.339,158.35,2674
2025-12-02 21:39:00.278005,157.019,159.951,155.031,158.356,5149
2025-12-02 22:39:00.278005,157.048,159.032,156.186,157.022,1484
2025-12-02 23:39:00.278005,156.438,157.081,154.985,155.921,2632
2025-12-03 00:39:00.278005,154.77,155.361,151.528,153.392,989
2025-12-03 01:39:00.278005,155.317,157.815,154.857,156.364,2601
2025-12-03 02:39:00.278005,157.531,158.481,156.629,157.075,621
2025-12-03 03:39:00.278005,154.836,155.113,153.689,155.053,7319
2025-12-03 04:39:00.278005,152.173,153.545,151.574,152.695,2084
2025-12-03 05:39:00.278005,150.448,151.175,148.479,150.987,1772
2025-12-03 06:39:00.278005,149.881,150.66,147.893,149.447,4371
2025-12-03 07:39:00.278005,149.794,150.578,147.878,148.675,3055
2025-12-03 08:39:00.278005,150.155,151.124,148.681,150.935,2182
2025-12-03 09:39:00.278005,153.759,156.087,151.746,153.132,4883
2025-12-03 10:39:00.278005,155.743,157.532,153.904,154.766,5463
2025-12-03 11:39:00.278005,156.799,159.279,154.412,156.089,3123
2025-12-03 12:39:00.278005,155.105,156.303,154.932,155.877,895
2025-12-03 13:39:00.278005,151.616,152.983,151.469,152.708,11063
2025-12-03 14:39:00.278005,152.61,155.101,152.306,153.683,2003
2025-12-03 15:39:00.278005,153.262,155.79,150.869,154.113,4572
2025-12-03 16:39:00.278005,151.262,152.776,148.78,150.35,6003
2025-12-03 17:39:00.278005,154.355,155.874,153.912,154.35,1796
2025-12-03 18:39:00.278005,156.78,157.354,156.315,157.286,1914
2025-12-03 19:39:00.278005,162.726,163.236,162.077,162.468,6132
2025-12-03 20:39:00.278005,163.331,164.608,161.045,164.012,11856
2025-12-03 21:39:00.278005,161.59,162.95,160.732,160.785,3796
2025-12-03 22:39:00.278005,161.62,162.282,160.683,161.164,9257
2025-12-03 23:39:00.278005,158.844,160.034,157.665,158.842,2438
2025-12-04 00:39:00.278005,159.453,160.252,159.3,159.658,1064
2025-12-04 01:39:00.278005,160.577,161.479,158.804,160.212,1437
2025-12-04 02:39:00.278005,159.506,161.095,159.269,160.02,1501
2025-12-04 03:39:00.278005,161.89,162.536,159.132,160.753,16243
2025-12-04 04:39:00.278005,157.324,157.719,156.194,157.657,464
2025-12-04 05:39:00.278005,159.59,162.631,158.029,159.743,5097
2025-12-04 06:39:00.278005,156.319,156.972,153.341,156.53,3840
2025-12-04 07:39:00.278005,154.656,155.519,153.761,154.158,1568
2025-12-04 08:39:00.278005,154.88,154.897,153.577,154.263,4845
2025-12-04 09:39:00.278005,155.125,155.388,152.498,153.845,2676
2025-12-04 10:39:00.278005,156.41,158.505,155.4,156.534,7048
2025-12-04 11:39:00.278005,157.737,159.921,155.041,156.521,3010
2025-12-04 12:39:00.278005,157.58,157.829,155.125,156.903,901
2025-12-04 13:39:00.278005,157.442,157.606,156.931,157.047,2734
2025-12-04 14:39:00.278005,160.855,163.789,159.457,161.951,6599
2025-12-04 15:39:00.278005,163.231,164.706,162.081,162.232,1924
2025-12-04 16:39:00.278005,159.945,160.805,158.772,159.831,998
2025-12-04 17:39:00.278005,158.232,159.884,158.025,158.352,3562
2025-12-04 18:39:00.278005,154.632,154.816,154.216,154.454,2997
2025-12-04 19:39:00.278005,154.466,157.806,154.188,155.535,10475
2025-12-04 20:39:00.278005,156.952,158.56,155.958,157.362,2397
2025-12-04 21:39:00.278005,156.153,157.578,155.84,156.669,3682
2025-12-04 22:39:00.278005,156.128,158.55,155.132,158.166,926
2025-12-04 23:39:00.278005,151.685,151.831,148.731,151.447,1683
2025-12-05 00:39:00.278005,153.415,154.325,152.225,153.671,599
2025-12-05 01:39:00.278005,156.682,158.387,155.507,157.264,596
2025-12-05 02:39:00.278005,157.391,158.483,155.663,157.661,1498
2025-12-05 03:39:00.278005,159.081,160.213,157.672,158.303,829
2025-12-05 04:39:00.278005,158.986,159.454,158.274,158.363,4667
2025-12-05 05:39:00.278005,159.093,159.75,158.772,159.687,505
2025-12-05 06:39:00.278005,157.741,159.402,155.831,158.853,2441
2025-12-05 07:39:00.278005,158.629,161.116,156.869,160.371,1276
2025-12-05 08:39:00.278005,156.106,157.18,155.498,155.961,1498
2025-12-05 09:39:00.278005,154.986,155.283,153.752,154.991,21113
2025-12-05 10:39:00.278005,158.239,159.297,156.236,158.293,4691
2025-12-05 11:39:00.278005,156.273,157.235,155.873,156.049,1720
2025-12-05 12:39:00.278005,158.025,159.997,157.713,159.462,5100
2025-12-05 13:39:00.278005,154.623,156.787,154.429,155.031,3119
2025-12-05 14:39:00.278005,154.641,155.987,153.898,155.078,16911
2025-12-05 15:39:00.278005,152.222,157.331,150.801,153.281,4215
2025-12-05 16:39:00.278005,154.432,155.67,152.656,153.823,3114
2025-12-05 17:39:00.278005,150.922,152.587,148.674,149.953,6950
2025-12-05 18:39:00.278005,154.724,155.45,154.643,154.767,1886
2025-12-05 19:39:00.278005,155.871,157.531,155.076,156.296,2111
2025-12-05 20:39:00.278005,156.314,156.758,154.894,155.723,6176
2025-12-05 21:39:00.278005,155.902,158.236,153.645,155.919,1298
2025-12-05 22:39:00.278005,158.379,160.554,156.564,157.449,5167
2025-12-05 23:39:00.278005,160.814,161.223,158.188,160.305,1576
2025-12-06 00:39:00.278005,162.445,163.234,159.99,162.048,1449
2025-12-06 01:39:00.278005,162.071,163.553,159.471,163.006,5806
2025-12-06 02:39:00.278005,160.367,162.067,158.224,160.999,6997
2025-12-06 03:39:00.278005,155.876,156.502,154.347,155.211,4450
2025-12-06 04:39:00.278005,155.971,156.563,155.723,155.817,1933
2025-12-06 05:39:00.278005,159.354,161.581,156.741,158.54,2901
2025-12-06 06:39:00.278005,160.767,162.509,159.061,161.091,1869
2025-12-06 07:39:00.278005,160.605,163.23,160.525,161.062,889
2025-12-06 08:39:00.278005,160.092,161.695,159.304,159.761,10477
2025-12-06 09:39:00.278005,159.44,161.432,158.081,159.336,1079
2025-12-06 10:39:00.278005,155.38,155.599,153.741,154.05,6268
2025-12-06 11:39:00.278005,156.071,158.234,155.934,156.014,10231
2025-12-06 12:39:00.278005,158.703,160.968,158.494,159.38,24443
2025-12-06 13:39:00.278005,157.807,158.636,157.164,157.373,3073
2025-12-06 14:39:00.278005,155.971,156.565,153.529,155.288,4008
2025-12-06 15:39:00.278005,154.161,156.018,150.306,153.018,3739
2025-12-06 16:39:00.278005,156.946,158.267,156.551,157.319,17244
2025-12-06 17:39:00.278005,158.333,158.896,156.044,157.772,27067
2025-12-06 18:39:00.278005,158.159,158.898,157.793,158.39,3567
2025-12-06 19:39:00.278005,158.347,161.354,157.831,157.952,4797
2025-12-06 20:39:00.278005,157.046,158.109,156.099,157.466,5332
2025-12-06 21:39:00.278005,159.659,159.836,155.985,158.273,7307
2025-12-06 22:39:00.278005,159.72,161.447,158.908,160.309,3259
2025-12-06 23:39:00.278005,160.849,163.334,159.592,159.981,1579
2025-12-07 00:39:00.278005,164.04,164.999,163.18,164.982,8791
2025-12-07 01:39:00.278005,165.732,170.72,165.135,166.228,689
2025-12-07 02:39:00.278005,164.812,164.99,163.689,164.124,2571
2025-12-07 03:39:00.278005,162.865,164.574,162.158,163.792,2451
2025-12-07 04:39:00.278005,163.508,165.003,163.151,164.615,454
2025-12-07 05:39:00.278005,160.381,161.384,156.776,161.289,1508
2025-12-07 06:39:00.278005,164.699,165.447,163.345,164.775,2779
2025-12-07 07:39:00.278005,164.755,165.158,163.314,164.785,1012
2025-12-07 08:39:00.278005,164.372,166.396,163.503,164.608,3526
2025-12-07 09:39:00.278005,165.089,167.689,164.467,167.107,8497
2025-12-07 10:39:00.278005,164.18,166.103,162.005,163.691,1850
2025-12-07 11:39:00.278005,163.399,166.109,160.778,165.508,1495
2025-12-07 12:39:00.278005,163.462,164.958,162.433,164.344,9700
2025-12-07 13:39:00.278005,167.801,169.41,167.31,167.373,5344
2025-12-07 14:39:00.278005,168.078,168.419,167.267,167.672,2159
2025-12-07 15:39:00.278005,169.889,170.557,169.029,170.228,8394
2025-12-07 16:39:00.278005,170.688,171.249,169.931,170.02,16110
2025-12-07 17:39:00.278005,168.038,168.853,167.672,168.204,5039
2025-12-07 18:39:00.278005,169.369,169.729,168.963,169.327,15674
2025-12-07 19:39:00.278005,169.597,171.695,165.906,169.276,4129
2025-12-07 20:39:00.278005,167.473,170.329,166.312,168.603,4579
2025-12-07 21:39:00.278005,166.793,168.606,164.348,167.04,1508
2025-12-07 22:39:00.278005,166.786,166.907,166.435,166.567,1762
2025-12-07 23:39:00.278005,169.516,171.883,169.12,170.715,2165
2025-12-08 00:39:00.278005,171.507,172.993,169.577,172.422,2280
2025-12-08 01:39:00.278005,177.887,179.084,177.799,178.944,5561
2025-12-08 02:39:00.278005,177.72,181.524,176.642,179.607,3343
2025-12-08 03:39:00.278005,178.877,179.24,177.319,178.441,2818
2025-12-08 04:39:00.278005,179.28,182.068,179.233,179.659,2908
2025-12-08 05:39:00.278005,181.625,182.065,179.904,181.553,1121
2025-12-08 06:39:00.278005,179.889,180.78,179.472,180.779,1347
2025-12-08 07:39:00.278005,179.018,181.863,177.978,179.035,8863
2025-12-08 08:39:00.278005,180.253,181.408,178.795,179.336,14538
2025-12-08 09:39:00.278005,180.22,181.731,179.962,180.219,1961
2025-12-08 10:39:00.278005,180.834,181.207,179.116,180.258,2399
2025-12-08 11:39:00.278005,182.7,183.028,180.95,182.764,6139
2025-12-08 12:39:00.278005,182.472,183.357,181.184,182.143,2892
2025-12-08 13:39:00.278005,187.203,188.76,185.576,187.731,2359
2025-12-08 14:39:00.278005,187.953,188.487,186.704,188.257,9193
2025-12-08 15:39:00.278005,186.432,188.521,182.362,185.903,2220
2025-12-08 16:39:00.278005,186.762,189.491,185.879,187.946,3976
2025-12-08 17:39:00.278005,187.206,188.845,185.64,186.806,11762
2025-12-08 18:39:00.278005,190.282,191.051,188.642,190.716,5815
2025-12-08 19:39:00.278005,190.056,191.092,187.757,188.075,1829
2025-12-08 20:39:00.278005,188.391,191.989,187.74,189.782,8365
2025-12-08 21:39:00.278005,188.234,188.28,185.156,187.167,305
2025-12-08 22:39:00.278005,190.505,191.262,188.794,189.586,3146
2025-12-08 23:39:00.278005,190.391,191.718,189.74,190.471,1416
2025-12-09 00:39:00.278005,188.74,189.469,187.594,187.686,1319
2025-12-09 01:39:00.278005,187.614,188.468,186.721,187.336,717
2025-12-09 02:39:00.278005,185.769,186.58,185.365,186.253,3442
2025-12-09 03:39:00.278005,184.415,184.843,181.476,184.807,746
2025-12-09 04:39:00.278005,185.446,186.635,184.767,184.942,3826
2025-12-09 05:39:00.278005,189.275,191.11,188.037,189.421,6107
2025-12-09 06:39:00.278005,187.979,190.473,187.204,188.986,2016
2025-12-09 07:39:00.278005,182.736,185.057,180.972,182.214,3676
2025-12-09 08:39:00.278005,180.203,181.162,179.199,180.903,9524
2025-12-09 09:39:00.278005,175.287,176.308,174.745,175.42,6601
2025-12-09 10:39:00.278005,174.046,175.689,172.372,174.625,2973
2025-12-09 11:39:00.278005,175.765,176.683,173.871,174.132,6311
2025-12-09 12:39:00.278005,172.248,173.97,169.511,170.979,8309
2025-12-09 13:39:00.278005,173.974,174.308,173.642,174.076,2683
2025-12-09 14:39:00.278005,174.567,175.697,173.008,175.681,3288
2025-12-09 15:39:00.278005,170.126,171.34,169.383,170.237,2908
2025-12-09 16:39:00.278005,168.662,169.755,166.98,168.682,8039
2025-12-09 17:39:00.278005,166.537,166.936,163.678,166.138,4585
2025-12-09 18:39:00.278005,164.674,166.207,163.224,165.324,1225
2025-12-09 19:39:00.278005,167.884,169.922,165.839,168.59,12194
2025-12-09 20:39:00.278005,166.703,167.652,163.4,165.826,1422
2025-12-09 21:39:00.278005,168.674,169.239,167.298,167.593,1458
2025-12-09 22:39:00.278005,165.988,167.843,164.668,164.991,4760
2025-12-09 23:39:00.278005,167.533,167.889,166.269,167.415,1343
2025-12-10 00:39:00.278005,169.979,171.062,168.081,170.207,9913
2025-12-10 01:39:00.278005,168.834,170.294,165.553,168.894,7223
2025-12-10 02:39:00.278005,169.3,169.596,168.134,168.676,1845
2025-12-10 03:39:00.278005,164.926,167.046,164.453,165.095,874
2025-12-10 04:39:00.278005,165.922,168.129,163.559,167.481,4163
2025-12-10 05:39:00.278005,166.75,167.543,164.402,165.611,2099
2025-12-10 06:39:00.278005,166.039,168.027,164.975,165.974,12179
2025-12-10 07:39:00.278005,166.685,167.106,164.458,166.89,1519
2025-12-10 08:39:00.278005,167.564,168.781,166.993,167.485,2460
2025-12-10 09:39:00.278005,167.692,168.843,164.591,165.754,5076
2025-12-10 10:39:00.278005,167.752,170.404,165.927,167.227,13711
2025-12-10 11:39:00.278005,168.044,169.224,167.127,168.233,758
2025-12-10 12:39:00.278005,166.622,166.944,165.22,166.612,6458
2025-12-10 13:39:00.278005,166.193,170.954,165.536,167.669,1650
2025-12-10 14:39:00.278005,165.359,165.821,164.615,165.421,7762
2025-12-10 15:39:00.278005,167.823,172.501,166.914,169.23,1041
2025-12-10 16:39:00.278005,167.302,169.762,166.302,167.783,19396
2025-12-10 17:39:00.278005,163.615,164.364,163.279,163.421,4118
2025-12-10 18:39:00.278005,163.547,165.309,162.259,164.117,8072
2025-12-10 19:39:00.278005,163.5,164.687,161.088,163.711,6350
2025-12-10 20:39:00.278005,159.841,160.148,159.733,159.886,7580
2025-12-10 21:39:00.278005,157.499,158.887,156.423,157.005,3362
2025-12-10 22:39:00.278005,157.56,158.562,156.706,156.96,1628
2025-12-10 23:39:00.278005,155.706,156.479,154.979,155.657,4401
2025-12-11 00:39:00.278005,154.199,155.539,152.678,154.279,3763
2025-12-11 01:39:00.278005,155.345,156.645,154.171,154.84,9959
2025-12-11 02:39:00.278005,155.518,158.373,155.37,155.76,1696
2025-12-11 03:39:00.278005,158.478,158.592,157.464,158.415,832
2025-12-11 04:39:00.278005,160.904,162.631,157.899,161.335,1474
2025-12-11 05:39:00.278005,161.782,162.73,160.095,161.479,4005
2025-12-11 06:39:00.278005,159.716,160.825,157.791,158.962,2835
2025-12-11 07:39:00.278005,161.197,162.934,158.889,161.849,1036
2025-12-11 08:39:00.278005,159.995,163.181,159.467,160.587,27615
2025-12-11 09:39:00.278005,157.862,160.288,157.599,158.576,8925
2025-12-11 10:39:00.278005,157.189,157.981,153.662,155.103,6152
2025-12-11 11:39:00.278005,158.398,158.611,158.061,158.345,1745
2025-12-11 12:39:00.278005,155.922,156.434,155.191,155.331,2864
2025-12-11 13:39:00.278005,159.473,160.406,158.27,158.725,2904
2025-12-11 14:39:00.278005,163.803,164.795,163.725,164.238,9754
2025-12-11 15:39:00.278005,164.421,165.861,163.723,163.901,1502
2025-12-11 16:39:00.278005,163.672,164.017,160.406,163.433,8203
2025-12-11 17:39:00.278005,164.614,166.066,164.192,164.457,9665
2025-12-11 18:39:00.278005,164.055,165.24,164.054,165.079,1523
2025-12-11 19:39:00.278005,164.031,165.276,162.795,165.097,9696
2025-12-11 20:39:00.278005,162.951,163.479,159.96,161.076,3780
2025-12-11 21:39:00.278005,162.524,163.035,159.436,161.906,5283
2025-12-11 22:39:00.278005,164.271,164.605,163.835,164.165,3014
2025-12-11 23:39:00.278005,159.256,159.882,157.583,159.818,4724
2025-12-12 00:39:00.278005,157.541,158.222,156.219,157.97,2138
2025-12-12 01:39:00.278005,162.499,165.185,161.784,163.455,1147
2025-12-12 02:39:00.278005,160.15,161.672,158.197,160.037,1525
2025-12-12 03:39:00.278005,159.655,160.718,158.288,159.36,2820
2025-12-12 04:39:00.278005,161.767,162.511,160.961,161.155,1023
2025-12-12 05:39:00.278005,162.767,163.303,161.0,162.154,1413
2025-12-12 06:39:00.278005,164.916,167.328,163.369,165.384,2773
2025-12-12 07:39:00.278005,160.641,161.473,159.119,161.356,12117
2025-12-12 08:39:00.278005,160.809,161.391,159.608,161.104,8770
2025-12-12 09:39:00.278005,158.561,158.565,155.91,156.395,6141
2025-12-12 10:39:00.278005,157.065,157.169,155.837,156.898,8047
2025-12-12 11:39:00.278005,156.975,159.44,155.258,158.398,4543
2025-12-12 12:39:00.278005,159.011,160.45,157.476,158.986,2907
2025-12-12 13:39:00.278005,157.141,158.831,154.986,155.294,3086
2025-12-12 14:39:00.278005,157.774,159.286,156.127,156.637,1843
2025-12-12 15:39:00.278005,155.387,157.987,154.96,155.477,2072
2025-12-12 16:39:00.278005,158.08,159.915,155.967,158.409,16492
2025-12-12 17:39:00.278005,157.651,158.754,156.987,157.51,4235
2025-12-12 18:39:00.278005,159.626,161.233,158.352,159.956,12046
2025-12-12 19:39:00.278005,156.076,157.232,154.741,156.608,5888
2025-12-12 20:39:00.278005,158.396,159.654,156.103,157.484,8316
2025-12-12 21:39:00.278005,158.437,159.126,158.242,158.368,7072
2025-12-12 22:39:00.278005,157.007,157.513,155.058,155.981,2890
2025-12-12 23:39:00.278005,156.93,159.103,155.045,156.341,11050
2025-12-13 00:39:00.278005,159.27,159.743,158.923,159.482,2002
2025-12-13 01:39:00.278005,161.924,162.572,161.431,161.555,817
2025-12-13 02:39:00.278005,159.886,163.126,159.378,160.104,675
2025-12-13 03:39:00.278005,160.197,161.665,160.111,160.115,3314
2025-12-13 04:39:00.278005,158.704,161.891,157.506,159.997,2317
2025-12-13 05:39:00.278005,157.467,158.401,156.789,157.079,3704
2025-12-13 06:39:00.278005,159.411,160.189,157.398,158.558,6847
2025-12-13 07:39:00.278005,158.431,161.856,158.157,158.401,2141
2025-12-13 08:39:00.278005,158.98,159.393,158.193,158.779,8747
2025-12-13 09:39:00.278005,157.786,159.306,154.878,156.783,2153
2025-12-13 10:39:00.278005,158.193,158.698,155.948,157.407,3015
2025-12-13 11:39:00.278005,157.305,159.16,154.872,158.254,5126
2025-12-13 12:39:00.278005,157.668,157.731,156.957,157.142,4008
2025-12-13 13:39:00.278005,158.596,159.741,158.229,158.576,1448
2025-12-13 14:39:00.278005,156.676,156.822,153.283,156.059,8272
2025-12-13 15:39:00.278005,158.638,159.461,155.284,156.872,3234
2025-12-13 16:39:00.278005,154.834,157.982,154.691,155.281,1098
2025-12-13 17:39:00.278005,152.885,153.99,152.799,153.705,8383
2025-12-13 18:39:00.278005,157.105,157.113,154.687,155.191,14260
2025-12-13 19:39:00.278005,156.293,158.918,154.742,156.919,7687
2025-12-13 20:39:00.278005,151.554,151.623,148.951,150.223,2031
2025-12-13 21:39:00.278005,151.568,154.612,150.596,152.753,1402
2025-12-13 22:39:00.278005,147.5,149.287,146.071,148.684,4256
2025-12-13 23:39:00.278005,145.025,146.414,144.691,145.593,3654
2025-12-14 00:39:00.278005,144.885,146.943,142.92,144.326,4962
2025-12-14 01:39:00.278005,144.133,145.454,142.603,144.816,3463
2025-12-14 02:39:00.278005,145.952,147.603,144.96,146.05,3240
2025-12-14 03:39:00.278005,146.298,146.407,144.163,144.849,2553
2025-12-14 04:39:00.278005,148.378,148.717,147.456,148.02,1476
2025-12-14 05:39:00.278005,147.28,149.252,146.257,147.385,3526
2025-12-14 06:39:00.278005,148.89,150.421,146.634,147.832,1683
2025-12-14 07:39:00.278005,148.224,152.331,147.058,150.804,3790
2025-12-14 08:39:00.278005,147.736,148.748,146.422,147.793,9910
2025-12-14 09:39:00.278005,145.389,145.514,143.743,144.875,2457
2025-12-14 10:39:00.278005,144.839,145.316,141.549,144.729,4532
2025-12-14 11:39:00.278005,147.264,148.987,143.006,146.622,3354
2025-12-14 12:39:00.278005,146.666,146.809,144.932,145.184,21645
2025-12-14 13:39:00.278005,145.204,147.701,144.483,146.638,7690
2025-12-14 14:39:00.278005,146.781,147.306,144.867,147.009,10455
2025-12-14 15:39:00.278005,143.132,143.348,142.394,143.224,2369
2025-12-14 16:39:00.278005,145.382,147.805,144.412,145.655,2308
2025-12-14 17:39:00.278005,147.898,150.137,145.073,146.127,3011
2025-12-14 18:39:00.278005,151.813,155.068,149.93,152.789,2497
2025-12-14 19:39:00.278005,149.757,150.906,146.984,148.998,2261
2025-12-14 20:39:00.278005,149.202,151.29,148.788,150.418,1940
2025-12-14 21:39:00.278005,150.649,150.785,150.156,150.544,4056
2025-12-14 22:39:00.278005,150.009,151.095,148.604,149.143,8722
2025-12-14 23:39:00.278005,153.162,153.781,152.211,153.142,5792
2025-12-15 00:39:00.278005,156.57,157.524,154.901,155.749,9761
2025-12-15 01:39:00.278005,153.049,154.056,152.599,153.486,725
2025-12-15 02:39:00.278005,156.277,158.533,155.388,157.944,508
2025-12-15 03:39:00.278005,156.268,157.377,154.643,156.939,972
2025-12-15 04:39:00.278005,161.413,162.988,160.25,160.325,1531
2025-12-15 05:39:00.278005,162.538,164.885,162.379,162.826,346
2025-12-15 06:39:00.278005,161.341,162.808,161.028,161.133,7092
2025-12-15 07:39:00.278005,159.834,162.482,159.699,160.224,2646
2025-12-15 08:39:00.278005,161.227,164.392,160.111,162.156,6360
2025-12-15 09:39:00.278005,161.847,162.635,160.049,162.428,4622
2025-12-15 10:39:00.278005,161.933,163.726,160.303,162.247,9994
2025-12-15 11:39:00.278005,166.355,168.034,164.797,165.175,2398
2025-12-15 12:39:00.278005,168.966,169.957,166.632,169.894,2260
2025-12-15 13:39:00.278005,170.14,170.484,167.68,168.65,2129
2025-12-15 14:39:00.278005,175.537,175.819,172.595,174.393,5714
2025-12-15 15:39:00.278005,178.078,178.686,176.085,177.785,12632
2025-12-15 16:39:00.278005,177.379,178.317,176.042,177.221,2125
2025-12-15 17:39:00.278005,178.622,181.132,176.938,179.38,25822
2025-12-15 18:39:00.278005,178.069,181.574,177.614,179.025,5823
2025-12-15 19:39:00.278005,180.231,180.699,179.314,180.684,2619
2025-12-15 20:39:00.278005,180.573,182.068,179.228,180.757,7351
2025-12-15 21:39:00.278005,179.267,180.419,178.663,179.185,1872
2025-12-15 22:39:00.278005,179.42,180.783,178.612,179.785,1817
2025-12-15 23:39:00.278005,178.529,180.707,176.657,178.348,8403
2025-12-16 00:39:00.278005,176.126,178.687,172.272,176.761,6558
2025-12-16 01:39:00.278005,172.971,175.38,171.513,173.767,2783
2025-12-16 02:39:00.278005,171.561,172.317,167.477,170.101,5245
2025-12-16 03:39:00.278005,170.609,170.764,169.412,170.332,456
2025-12-16 04:39:00.278005,173.199,175.903,172.767,174.261,3543
2025-12-16 05:39:00.278005,172.835,173.19,171.566,172.499,3253
2025-12-16 06:39:00.278005,172.991,174.782,172.957,174.145,1134
2025-12-16 07:39:00.278005,171.487,172.483,169.23,171.076,5054
2025-12-16 08:39:00.278005,172.401,173.407,170.809,172.159,7669
2025-12-16 09:39:00.278005,172.819,174.771,171.254,172.806,2815
2025-12-16 10:39:00.278005,172.676,173.6,172.59,172.597,5773
2025-12-16 11:39:00.278005,170.79,173.057,169.188,171.207,5858
2025-12-16 12:39:00.278005,171.735,172.263,170.648,171.178,2030
2025-12-16 13:39:00.278005,170.47,171.099,169.666,169.695,3750
2025-12-16 14:39:00.278005,170.017,171.482,169.366,170.583,2261
2025-12-16 15:39:00.278005,169.323,169.365,166.489,168.238,4841
2025-12-16 16:39:00.278005,171.628,173.109,170.969,172.674,26530
2025-12-16 17:39:00.278005,171.696,173.934,171.525,172.995,6979
2025-12-16 18:39:00.278005,174.854,177.259,174.747,175.029,6487
2025-12-16 19:39:00.278005,175.643,177.698,174.492,176.236,8252
2025-12-16 20:39:00.278005,173.66,174.26,171.312,172.319,6555
2025-12-16 21:39:00.278005,174.503,177.533,173.057,175.214,7408
2025-12-16 22:39:00.278005,171.847,172.997,171.513,171.563,16343
2025-12-16 23:39:00.278005,169.947,170.846,169.431,170.059,3862
2025-12-17 00:39:00.278005,167.779,169.308,164.737,168.758,1908
2025-12-17 01:39:00.278005,171.245,171.987,171.054,171.159,2510
2025-12-17 02:39:00.278005,177.279,177.603,176.53,177.521,1030
2025-12-17 03:39:00.278005,177.904,179.306,175.914,177.581,1962
2025-12-17 04:39:00.278005,175.161,175.261,171.781,174.351,4640
2025-12-17 05:39:00.278005,175.002,176.658,173.109,175.475,829
2025-12-17 06:39:00.278005,177.122,177.772,176.063,176.785,2371
2025-12-17 07:39:00.278005,176.537,177.81,174.851,177.187,1974
2025-12-17 08:39:00.278005,174.227,176.293,172.856,174.824,5967
2025-12-17 09:39:00.278005,173.12,175.965,172.489,173.825,2494
2025-12-17 10:39:00.278005,170.384,170.931,167.499,170.885,6470
2025-12-17 11:39:00.278005,168.139,169.66,167.217,168.239,1340
2025-12-17 12:39:00.278005,170.215,170.828,170.1,170.361,4546
2025-12-17 13:39:00.278005,169.676,169.847,168.329,168.757,10547
2025-12-17 14:39:00.278005,170.242,170.91,168.124,170.568,3605
2025-12-17 15:39:00.278005,171.166,171.851,169.161,171.646,4793
2025-12-17 16:39:00.278005,170.652,170.924,170.411,170.752,14008
2025-12-17 17:39:00.278005,171.399,172.161,169.308,172.127,10787
2025-12-17 18:39:00.278005,169.126,170.822,168.239,168.749,7468
2025-12-17 19:39:00.278005,170.206,172.39,168.861,170.719,3776
2025-12-17 20:39:00.278005,170.757,172.402,168.972,169.744,7194
2025-12-17 21:39:00.278005,173.392,175.221,172.398,174.056,717
2025-12-17 22:39:00.278005,172.988,174.072,170.944,173.172,4137
2025-12-17 23:39:00.278005,177.552,178.34,175.568,177.404,997
2025-12-18 00:39:00.278005,173.529,174.388,171.766,172.994,2821
2025-12-18 01:39:00.278005,174.343,175.349,171.965,174.785,515
2025-12-18 02:39:00.278005,176.4,176.719,175.724,176.45,1194
2025-12-18 03:39:00.278005,176.366,176.643,175.878,176.36,738
2025-12-18 04:39:00.278005,175.779,176.134,173.893,174.387,1782
2025-12-18 05:39:00.278005,180.068,180.71,179.713,179.974,1054
2025-12-18 06:39:00.278005,180.188,182.482,179.732,181.499,1169
2025-12-18 07:39:00.278005,183.219,183.249,182.456,182.582,1444
2025-12-18 08:39:00.278005,182.097,182.982,181.36,181.853,23146
2025-12-18 09:39:00.278005,181.334,181.818,180.526,180.581,7634
2025-12-18 10:39:00.278005,184.137,184.989,184.088,184.736,3158
2025-12-18 11:39:00.278005,183.16,183.279,180.924,182.502,2780
2025-12-18 12:39:00.278005,181.43,182.503,180.333,182.382,14489
2025-12-18 13:39:00.278005,178.467,178.722,177.944,178.315,2334
2025-12-18 14:39:00.278005,178.285,179.321,177.209,177.465,19589
2025-12-18 15:39:00.278005,176.631,178.365,175.598,177.467,3503
2025-12-18 16:39:00.278005,177.169,178.814,175.876,178.216,2838
2025-12-18 17:39:00.278005,177.073,178.106,175.729,176.433,10648
2025-12-18 18:39:00.278005,175.655,178.835,174.102,177.2,3661
2025-12-18 19:39:00.278005,173.818,176.149,173.174,174.117,1078
2025-12-18 20:39:00.278005,173.698,174.284,173.463,173.968,2980
2025-12-18 21:39:00.278005,175.22,176.173,174.962,175.693,5102
2025-12-18 22:39:00.278005,175.4,176.05,175.163,175.318,3545
2025-12-18 23:39:00.278005,177.759,178.743,176.243,178.254,3717
2025-12-19 00:39:00.278005,177.451,178.841,177.06,178.474,2017
2025-12-19 01:39:00.278005,180.239,181.103,179.681,180.874,5052
2025-12-19 02:39:00.278005,184.621,185.714,182.806,184.165,3283
2025-12-19 03:39:00.278005,183.357,183.39,182.034,182.282,1403
2025-12-19 04:39:00.278005,176.218,177.286,175.654,176.341,1819
2025-12-19 05:39:00.278005,176.294,177.724,175.77,176.086,777
2025-12-19 06:39:00.278005,175.309,175.754,173.021,173.955,3562
2025-12-19 07:39:00.278005,177.095,177.757,174.315,175.95,2954
2025-12-19 08:39:00.278005,173.558,174.532,172.223,174.116,2462
2025-12-19 09:39:00.278005,178.733,181.009,178.437,178.935,15047
2025-12-19 10:39:00.278005,175.494,177.323,174.593,175.339,2699
2025-12-19 11:39:00.278005,177.192,181.08,176.294,179.033,3398
2025-12-19 12:39:00.278005,174.326,176.752,173.003,175.359,9394
2025-12-19 13:39:00.278005,171.857,173.257,171.177,171.727,1625
2025-12-19 14:39:00.278005,170.74,171.686,170.001,171.581,19190
2025-12-19 15:39:00.278005,170.14,170.316,167.589,169.518,7634
2025-12-19 16:39:00.278005,170.295,171.468,169.044,169.693,2972
2025-12-19 17:39:00.278005,172.013,172.313,171.669,172.217,2738
2025-12-19 18:39:00.278005,174.054,176.58,173.814,173.993,13740
2025-12-19 19:39:00.278005,173.347,173.941,171.371,172.122,10196
2025-12-19 20:39:00.278005,172.158,172.792,172.079,172.295,15528
2025-12-19 21:39:00.278005,172.399,173.565,172.278,172.698,2219
2025-12-19 22:39:00.278005,172.987,173.643,172.155,173.127,3496
2025-12-19 23:39:00.278005,175.045,176.4,174.535,175.093,611
2025-12-20 00:39:00.278005,172.348,174.347,171.525,172.035,546
2025-12-20 01:39:00.278005,171.839,172.284,169.091,170.988,884
2025-12-20 02:39:00.278005,170.009,170.732,168.185,170.019,3887
2025-12-20 03:39:00.278005,169.126,171.129,167.64,170.066,2782
2025-12-20 04:39:00.278005,170.966,172.871,170.254,171.696,1097
2025-12-20 05:39:00.278005,171.208,171.958,170.814,171.873,748
2025-12-20 06:39:00.278005,170.229,170.926,169.872,170.171,836
2025-12-20 07:39:00.278005,166.006,166.699,164.471,166.16,721
2025-12-20 08:39:00.278005,168.179,168.432,167.018,167.166,5548
2025-12-20 09:39:00.278005,164.41,165.607,163.11,164.675,3139
2025-12-20 10:39:00.278005,162.537,163.126,162.075,162.924,3766
2025-12-20 11:39:00.278005,163.181,163.529,162.181,163.52,2322
2025-12-20 12:39:00.278005,165.311,166.507,162.475,163.789,3951
2025-12-20 13:39:00.278005,165.254,166.628,165.174,165.334,1972
2025-12-20 14:39:00.278005,166.88,167.375,165.58,166.127,6953
2025-12-20 15:39:00.278005,167.384,169.834,167.376,167.883,3820
2025-12-20 16:39:00.278005,167.867,167.887,166.241,166.549,8078
2025-12-20 17:39:00.278005,167.587,168.332,166.449,167.657,907
2025-12-20 18:39:00.278005,164.304,166.47,163.127,164.248,8165
2025-12-20 19:39:00.278005,162.851,164.601,158.828,161.755,1808
2025-12-20 20:39:00.278005,165.035,166.667,164.39,166.455,8444
2025-12-20 21:39:00.278005,168.2,170.758,167.573,169.35,5869
2025-12-20 22:39:00.278005,169.025,170.627,168.392,169.273,12664
2025-12-20 23:39:00.278005,166.234,166.66,165.838,166.387,2659
2025-12-21 00:39:00.278005,166.537,167.558,165.569,167.267,4442
2025-12-21 01:39:00.278005,165.071,166.056,163.83,165.44,1343
2025-12-21 02:39:00.278005,166.458,168.933,164.074,167.184,1324
2025-12-21 03:39:00.278005,171.471,172.572,170.46,171.491,3051
2025-12-21 04:39:00.278005,170.042,173.899,169.832,171.402,3022
2025-12-21 05:39:00.278005,172.212,173.275,170.048,172.883,2135
2025-12-21 06:39:00.278005,171.376,173.299,171.305,172.505,790
2025-12-21 07:39:00.278005,174.005,174.928,173.565,174.78,1623
2025-12-21 08:39:00.278005,168.274,169.267,167.052,168.778,2113
2025-12-21 09:39:00.278005,168.475,169.286,166.162,168.451,5697
2025-12-21 10:39:00.278005,169.33,172.178,166.856,170.196,7259
2025-12-21 11:39:00.278005,170.803,171.005,169.4,170.76,2317
2025-12-21 12:39:00.278005,170.65,173.508,169.411,172.293,2549
2025-12-21 13:39:00.278005,172.114,172.133,169.745,171.083,2743
2025-12-21 14:39:00.278005,175.407,175.766,174.157,174.226,9973
2025-12-21 15:39:00.278005,177.128,177.447,176.553,176.737,4801
2025-12-21 16:39:00.278005,176.506,177.187,173.894,176.168,3413
2025-12-21 17:39:00.278005,174.26,175.92,173.681,174.875,15174
2025-12-21 18:39:00.278005,175.136,176.779,173.08,175.111,14219
2025-12-21 19:39:00.278005,173.631,175.123,170.534,173.31,3909
2025-12-21 20:39:00.278005,175.772,176.978,174.478,176.121,3457
2025-12-21 21:39:00.278005,173.475,176.256,172.686,174.544,7852
2025-12-21 22:39:00.278005,174.425,175.07,173.628,174.85,3054
2025-12-21 23:39:00.278005,173.522,174.578,171.732,173.059,5581
2025-12-22 00:39:00.278005,173.047,173.434,172.809,172.995,2969
2025-12-22 01:39:00.278005,169.776,170.368,168.555,169.557,673
2025-12-22 02:39:00.278005,171.788,172.237,168.853,170.823,690
2025-12-22 03:39:00.278005,169.829,171.001,169.274,170.726,12843
2025-12-22 04:39:00.278005,170.229,171.428,168.675,168.811,3910
2025-12-22 05:39:00.278005,172.789,175.183,172.671,172.882,2729
2025-12-22 06:39:00.278005,172.782,175.171,170.514,170.896,3572
2025-12-22 07:39:00.278005,174.006,174.855,171.665,173.003,2555
2025-12-22 08:39:00.278005,170.536,171.634,170.262,170.528,2968
2025-12-22 09:39:00.278005,173.154,174.69,172.46,173.646,2285
2025-12-22 10:39:00.278005,172.489,173.246,171.399,172.264,7524
2025-12-22 11:39:00.278005,175.608,176.416,174.18,176.084,4758
2025-12-22 12:39:00.278005,171.662,174.814,171.366,172.61,7490
2025-12-22 13:39:00.278005,169.825,171.094,169.036,169.276,1503
2025-12-22 14:39:00.278005,167.289,168.016,165.852,166.483,7894
2025-12-22 15:39:00.278005,166.577,169.109,165.933,166.835,10903
2025-12-22 16:39:00.278005,170.989,171.718,169.558,171.335,9162
2025-12-22 17:39:00.278005,173.007,173.441,172.346,173.188,3135
2025-12-22 18:39:00.278005,174.376,176.128,171.471,173.762,2552
2025-12-22 19:39:00.278005,176.292,177.696,175.061,175.717,9218
2025-12-22 20:39:00.278005,174.987,176.054,174.581,175.758,6565
2025-12-22 21:39:00.278005,179.669,180.057,177.41,178.931,2281
2025-12-22 22:39:00.278005,181.493,181.878,181.143,181.624,5123
2025-12-22 23:39:00.278005,182.245,183.882,180.89,181.66,1408
2025-12-23 00:39:00.278005,185.166,186.833,184.278,186.627,5049
2025-12-23 01:39:00.278005,185.374,187.977,184.728,185.8,2608
2025-12-23 02:39:00.278005,182.452,182.557,180.401,180.595,809
2025-12-23 03:39:00.278005,181.814,182.056,180.35,182.047,4354
2025-12-23 04:39:00.278005,182.278,183.355,182.034,182.999,3730
2025-12-23 05:39:00.278005,183.879,186.252,183.108,183.707,1088
2025-12-23 06:39:00.278005,182.112,183.904,181.612,181.777,2089
2025-12-23 07:39:00.278005,179.386,180.446,178.257,179.825,1988
2025-12-23 08:39:00.278005,179.472,179.837,179.116,179.503,35433
2025-12-23 09:39:00.278005,178.86,180.065,176.395,177.849,6632
2025-12-23 10:39:00.278005,178.342,180.388,175.089,177.783,2588
2025-12-23 11:39:00.278005,179.843,181.305,177.881,180.851,1334
2025-12-23 12:39:00.278005,177.645,178.298,176.175,176.688,3743
2025-12-23 13:39:00.278005,177.202,178.947,174.92,176.78,3209
2025-12-23 14:39:00.278005,182.699,185.351,180.935,181.229,7557
2025-12-23 15:39:00.278005,183.37,183.511,182.381,183.424,7551
2025-12-23 16:39:00.278005,184.553,188.721,184.458,185.997,2468
2025-12-23 17:39:00.278005,183.26,184.648,181.511,181.977,7418
2025-12-23 18:39:00.278005,187.868,189.135,185.708,189.124,4434
2025-12-23 19:39:00.278005,185.885,187.368,183.979,184.692,6267
2025-12-23 20:39:00.278005,187.188,188.133,186.217,187.694,3854
2025-12-23 21:39:00.278005,186.238,187.622,185.983,187.198,3532
2025-12-23 22:39:00.278005,187.315,189.276,186.998,187.299,2977
2025-12-23 23:39:00.278005,187.703,188.74,186.628,187.498,2394
2025-12-24 00:39:00.278005,188.101,189.21,186.881,187.107,6139
2025-12-24 01:39:00.278005,187.585,188.315,185.207,187.37,7003
2025-12-24 02:39:00.278005,189.302,190.77,188.121,189.792,1829
2025-12-24 03:39:00.278005,189.873,191.775,189.652,189.945,3338
2025-12-24 04:39:00.278005,190.042,191.581,189.884,190.791,2030
2025-12-24 05:39:00.278005,190.74,192.363,189.305,191.409,3242
2025-12-24 06:39:00.278005,191.473,192.535,190.759,191.986,3896
2025-12-24 07:39:00.278005,190.717,190.743,188.529,190.224,5540
2025-12-24 08:39:00.278005,192.449,193.072,192.297,192.708,8951
2025-12-24 09:39:00.278005,192.295,192.981,190.77,192.264,5170
2025-12-24 10:39:00.278005,193.33,193.919,191.64,192.833,1996
2025-12-24 11:39:00.278005,189.212,189.516,188.484,189.04,7413
2025-12-24 12:39:00.278005,187.939,189.773,186.197,187.465,1825
2025-12-24 13:39:00.278005,189.673,190.068,189.473,189.906,16755
2025-12-24 14:39:00.278005,188.528,193.148,187.319,191.141,3946
2025-12-24 15:39:00.278005,188.617,190.694,186.884,189.518,5616
2025-12-24 16:39:00.278005,189.044,190.184,188.133,188.278,4450
2025-12-24 17:39:00.278005,187.414,188.651,185.034,187.004,2062
2025-12-24 18:39:00.278005,188.81,189.803,187.007,189.345,6038
2025-12-24 19:39:00.278005,187.774,189.713,186.097,187.058,2357
2025-12-24 20:39:00.278005,186.552,188.181,185.51,185.996,3032
2025-12-24 21:39:00.278005,186.751,187.804,186.431,187.074,2469
2025-12-24 22:39:00.278005,186.637,187.666,185.413,186.412,5233
2025-12-24 23:39:00.278005,188.931,189.03,187.019,187.417,4814
2025-12-25 00:39:00.278005,189.159,189.174,187.511,187.933,454
2025-12-25 01:39:00.278005,192.732,192.845,191.176,191.808,2414
2025-12-25 02:39:00.278005,189.718,191.526,187.766,190.2,2232
2025-12-25 03:39:00.278005,188.617,189.68,186.414,187.559,2427
2025-12-25 04:39:00.278005,190.254,191.111,189.002,189.765,2472
2025-12-25 05:39:00.278005,192.719,195.113,189.362,191.675,784
2025-12-25 06:39:00.278005,193.375,195.685,193.193,193.829,1290
2025-12-25 07:39:00.278005,192.648,194.418,190.959,191.422,6661
2025-12-25 08:39:00.278005,190.546,191.229,189.349,190.206,2583
2025-12-25 09:39:00.278005,193.008,193.295,192.505,193.244,4416
2025-12-25 10:39:00.278005,193.712,195.972,192.37,195.229,2144
2025-12-25 11:39:00.278005,191.085,192.813,189.243,192.028,6886
2025-12-25 12:39:00.278005,190.403,192.303,189.802,189.962,6882
2025-12-25 13:39:00.278005,187.995,188.259,187.588,188.125,32168
2025-12-25 14:39:00.278005,188.732,189.804,187.695,187.714,2257
2025-12-25 15:39:00.278005,187.227,188.939,186.454,187.186,4306
2025-12-25 16:39:00.278005,186.922,187.544,184.404,185.588,1679
2025-12-25 17:39:00.278005,188.333,191.006,184.973,187.403,7605
2025-12-25 18:39:00.278005,184.768,185.199,183.38,184.122,8363
2025-12-25 19:39:00.278005,183.798,185.467,182.448,183.213,8347
2025-12-25 20:39:00.278005,180.768,181.311,179.975,180.523,2768
2025-12-25 21:39:00.278005,178.969,179.61,178.589,178.973,4479
2025-12-25 22:39:00.278005,178.919,180.863,177.844,178.265,2710
2025-12-25 23:39:00.278005,179.823,180.061,178.034,178.688,5486
2025-12-26 00:39:00.278005,177.959,179.942,177.619,179.303,1460
2025-12-26 01:39:00.278005,180.184,181.376,178.446,179.614,881
2025-12-26 02:39:00.278005,179.168,180.589,177.799,179.79,3215
2025-12-26 03:39:00.278005,177.034,180.019,175.934,176.131,2564
2025-12-26 04:39:00.278005,178.897,182.42,178.333,178.798,2347
2025-12-26 05:39:00.278005,176.173,177.085,175.031,176.543,2785
2025-12-26 06:39:00.278005,178.412,179.45,176.49,178.683,1397
2025-12-26 07:39:00.278005,181.42,182.21,181.062,181.663,1732
2025-12-26 08:39:00.278005,180.799,182.37,180.562,181.169,2677
2025-12-26 09:39:00.278005,180.721,180.924,177.51,179.398,1392
2025-12-26 10:39:00.278005,180.803,181.886,177.977,180.906,3014
2025-12-26 11:39:00.278005,180.178,181.612,178.233,179.635,2233
2025-12-26 12:39:00.278005,181.118,183.39,179.713,180.799,11294
2025-12-26 13:39:00.278005,181.381,184.081,180.635,182.108,1173
2025-12-26 14:39:00.278005,181.158,181.46,180.777,181.208,6858
2025-12-26 15:39:00.278005,182.371,184.783,181.707,182.364,4834
2025-12-26 16:39:00.278005,178.009,179.937,175.34,177.233,14368
2025-12-26 17:39:00.278005,178.861,180.3,175.768,179.469,9892
2025-12-26 18:39:00.278005,177.592,178.368,176.21,177.908,10574
2025-12-26 19:39:00.278005,179.532,179.726,179.469,179.683,9244
2025-12-26 20:39:00.278005,179.5,180.023,177.631,178.762,15631
2025-12-26 21:39:00.278005,180.137,181.44,180.038,180.594,1505
2025-12-26 22:39:00.278005,177.576,180.864,176.721,178.87,10356
2025-12-26 23:39:00.278005,178.382,179.451,176.877,178.513,2967
2025-12-27 00:39:00.278005,177.117,178.326,176.323,177.178,1140
2025-12-27 01:39:00.278005,174.358,174.574,169.9,172.477,944
2025-12-27 02:39:00.278005,174.134,174.832,172.373,173.382,4786
2025-12-27 03:39:00.278005,175.93,177.145,175.124,176.367,283
2025-12-27 04:39:00.278005,175.183,177.4,174.558,175.192,391
2025-12-27 05:39:00.278005,175.896,176.569,174.367,175.741,4503
2025-12-27 06:39:00.278005,173.293,174.196,172.435,173.728,1565
2025-12-27 07:39:00.278005,171.749,171.892,171.733,171.879,1218
2025-12-27 08:39:00.278005,172.122,172.536,170.571,171.053,2480
2025-12-27 09:39:00.278005,170.31,172.483,170.099,171.042,11367
2025-12-27 10:39:00.278005,171.603,173.88,170.877,172.385,8374
2025-12-27 11:39:00.278005,172.973,173.312,171.835,172.059,2820
2025-12-27 12:39:00.278005,174.931,175.537,173.412,174.619,8871
2025-12-27 13:39:00.278005,176.681,176.928,176.323,176.524,4671
2025-12-27 14:39:00.278005,174.164,174.619,172.421,174.244,8217
2025-12-27 15:39:00.278005,176.166,176.731,176.02,176.182,6245
2025-12-27 16:39:00.278005,178.464,181.441,177.653,179.754,13215
2025-12-27 17:39:00.278005,177.238,177.46,174.651,175.959,7571
2025-12-27 18:39:00.278005,179.499,179.659,178.685,179.19,9546
2025-12-27 19:39:00.278005,175.637,176.118,175.44,175.834,8482
2025-12-27 20:39:00.278005,176.115,178.205,174.372,175.89,1348
2025-12-27 21:39:00.278005,177.285,179.841,174.902,175.73,4633
2025-12-27 22:39:00.278005,178.893,181.23,177.977,179.932,3119
2025-12-27 23:39:00.278005,182.42,183.332,181.491,182.563,23618
2025-12-28 00:39:00.278005,187.093,188.893,185.753,188.239,1944
2025-12-28 01:39:00.278005,190.578,192.044,189.141,190.734,2622
2025-12-28 02:39:00.278005,188.478,189.014,187.031,187.163,9824
2025-12-28 03:39:00.278005,190.027,191.712,186.604,188.697,721
2025-12-28 04:39:00.278005,189.809,190.117,186.924,188.367,709
2025-12-28 05:39:00.278005,191.651,192.381,191.602,191.826,1832
2025-12-28 06:39:00.278005,192.43,194.182,191.44,194.003,2339
2025-12-28 07:39:00.278005,192.565,193.241,190.815,191.621,1940
2025-12-28 08:39:00.278005,194.458,197.106,192.48,194.72,9256
2025-12-28 09:39:00.278005,197.377,198.134,196.601,196.806,3284
2025-12-28 10:39:00.278005,198.482,198.904,198.238,198.841,2550
2025-12-28 11:39:00.278005,198.119,199.644,197.421,198.286,9299
2025-12-28 12:39:00.278005,202.97,203.873,202.768,202.926,4353
2025-12-28 13:39:00.278005,200.282,202.074,199.992,200.583,6557
2025-12-28 14:39:00.278005,196.874,198.805,195.77,196.557,4758
2025-12-28 15:39:00.278005,198.275,199.477,197.424,198.169,1074
2025-12-28 16:39:00.278005,201.213,202.737,199.257,201.275,4924
2025-12-28 17:39:00.278005,200.141,200.817,199.816,200.178,8110
2025-12-28 18:39:00.278005,202.464,203.707,201.503,202.391,10259
2025-12-28 19:39:00.278005,202.674,205.041,201.903,202.498,6539
2025-12-28 20:39:00.278005,201.923,202.042,201.128,201.268,2857
2025-12-28 21:39:00.278005,202.458,202.662,202.138,202.207,727
2025-12-28 22:39:00.278005,208.33,208.794,208.188,208.214,6824
2025-12-28 23:39:00.278005,207.769,210.368,206.252,209.534,2261
2025-12-29 00:39:00.278005,208.2,209.307,206.987,208.713,1930
2025-12-29 01:39:00.278005,206.791,208.944,206.406,206.478,925
2025-12-29 02:39:00.278005,209.544,212.651,205.249,210.813,3861
2025-12-29 03:39:00.278005,212.528,213.82,210.927,213.311,1990
2025-12-29 04:39:00.278005,216.379,217.039,214.405,216.14,903
2025-12-29 05:39:00.278005,215.723,217.462,215.255,215.995,5631
2025-12-29 06:39:00.278005,217.44,218.452,216.989,217.925,3408
2025-12-29 07:39:00.278005,216.536,218.136,215.032,216.205,5285
2025-12-29 08:39:00.278005,215.398,216.289,213.484,215.615,4789
2025-12-29 09:39:00.278005,218.114,219.943,216.928,216.953,2427
2025-12-29 10:39:00.278005,215.635,216.128,214.889,215.932,1143
2025-12-29 11:39:00.278005,214.622,215.625,212.382,213.888,3436
2025-12-29 12:39:00.278005,214.597,214.798,213.315,213.61,2308
2025-12-29 13:39:00.278005,217.558,219.597,216.191,217.924,4084
2025-12-29 14:39:00.278005,220.246,221.903,218.264,220.837,3308
2025-12-29 15:39:00.278005,222.451,223.72,220.8,222.341,5368
2025-12-29 16:39:00.278005,220.764,222.278,218.299,220.096,7917
2025-12-29 17:39:00.278005,218.16,219.169,216.633,217.295,3124
2025-12-29 18:39:00.278005,219.388,220.386,216.751,218.945,3274
2025-12-29 19:39:00.278005,217.774,218.066,217.502,217.818,3281
2025-12-29 20:39:00.278005,217.783,218.267,216.549,217.61,12826
2025-12-29 21:39:00.278005,213.704,215.469,213.618,214.724,272
2025-12-29 22:39:00.278005,216.238,217.084,215.935,216.603,653
2025-12-29 23:39:00.278005,213.608,215.812,213.462,214.032,6147
2025-12-30 00:39:00.278005,214.326,215.82,213.004,213.922,3373
2025-12-30 01:39:00.278005,214.13,215.397,211.931,213.008,3035
2025-12-30 02:39:00.278005,214.323,216.045,213.504,213.984,5072
2025-12-30 03:39:00.278005,215.655,217.676,214.273,215.767,5686
2025-12-30 04:39:00.278005,214.975,216.911,212.806,215.395,1265
2025-12-30 05:39:00.278005,215.365,215.557,210.76,213.773,581
2025-12-30 06:39:00.278005,215.734,217.346,214.653,215.574,1852
2025-12-30 07:39:00.278005,213.062,214.483,212.607,212.936,2535
2025-12-30 08:39:00.278005,213.923,215.635,213.69,214.873,2092
2025-12-30 09:39:00.278005,212.597,213.754,211.824,212.791,1753
2025-12-30 10:39:00.278005,213.838,214.796,212.595,213.964,3930
2025-12-30 11:39:00.278005,211.258,211.528,209.387,209.951,5435
2025-12-30 12:39:00.278005,209.781,210.5,208.127,209.341,3260
2025-12-30 13:39:00.278005,209.114,210.307,207.271,208.378,4930
2025-12-30 14:39:00.278005,208.358,209.567,207.019,208.405,7802
2025-12-30 15:39:00.278005,209.423,211.015,208.109,209.726,2273
2025-12-30 16:39:00.278005,206.083,206.82,205.016,206.73,11968
2025-12-30 17:39:00.278005,204.57,204.609,203.93,203.946,4128
2025-12-30 18:39:00.278005,201.227,202.683,200.703,200.767,5422
2025-12-30 19:39:00.278005,201.419,202.249,199.494,200.729,7721
2025-12-30 20:39:00.278005,202.305,203.226,201.914,202.72,6224
2025-12-30 21:39:00.278005,200.372,200.388,200.262,200.338,3307
2025-12-30 22:39:00.278005,202.425,203.833,202.238,202.477,3684
2025-12-30 23:39:00.278005,201.741,202.997,200.979,201.825,1485
2025-12-31 00:39:00.278005,201.12,201.503,200.971,200.977,2081
2025-12-31 01:39:00.278005,199.757,200.501,198.245,200.283,2530
2025-12-31 02:39:00.278005,201.765,202.339,200.309,201.051,573
2025-12-31 03:39:00.278005,202.554,202.567,200.228,201.397,5936
2025-12-31 04:39:00.278005,202.314,203.617,202.038,202.127,612
2025-12-31 05:39:00.278005,203.229,203.989,202.094,203.222,2044
2025-12-31 06:39:00.278005,200.941,202.784,199.816,199.841,301
2025-12-31 07:39:00.278005,201.488,201.772,199.743,201.042,4621
2025-12-31 08:39:00.278005,201.135,203.409,200.769,202.16,9909
2025-12-31 09:39:00.278005,201.363,203.077,201.186,201.362,2260
2025-12-31 10:39:00.278005,202.727,204.425,202.342,203.68,5009
2025-12-31 11:39:00.278005,204.063,204.99,201.03,202.938,4667
2025-12-31 12:39:00.278005,203.486,204.571,201.871,204.286,903
2025-12-31 13:39:00.278005,204.257,206.278,202.92,204.095,12910
2025-12-31 14:39:00.278005,200.442,201.102,199.173,200.436,1859
2025-12-31 15:39:00.278005,201.189,202.514,201.107,201.883,6714
2025-12-31 16:39:00.278005,198.644,199.948,197.473,198.766,2287
2025-12-31 17:39:00.278005,197.901,200.188,197.738,198.137,8701
2025-12-31 18:39:00.278005,197.013,197.524,195.871,195.883,6469
2025-12-31 19:39:00.278005,194.884,196.324,194.578,194.644,1430
2025-12-31 20:39:00.278005,192.786,193.328,192.421,192.586,3430
2025-12-31 21:39:00.278005,192.358,192.808,189.918,191.061,8177
2025-12-31 22:39:00.278005,191.939,196.116,190.469,194.038,2150
2025-12-31 23:39:00.278005,191.528,191.633,191.423,191.508,20456
2026-01-01 00:39:00.278005,192.153,193.029,189.202,191.222,1274
2026-01-01 01:39:00.278005,189.553,191.163,188.955,189.892,2432
2026-01-01 02:39:00.278005,188.884,190.789,188.274,189.692,3202
2026-01-01 03:39:00.278005,188.048,189.789,185.896,186.268,2358
2026-01-01 04:39:00.278005,188.956,190.537,187.064,187.553,3980
2026-01-01 05:39:00.278005,188.416,189.385,186.187,186.63,1745
2026-01-01 06:39:00.278005,187.611,188.16,186.736,187.829,3440
2026-01-01 07:39:00.278005,190.415,190.968,188.231,188.42,1583
2026-01-01 08:39:00.278005,189.104,190.035,185.998,187.532,4236
2026-01-01 09:39:00.278005,187.243,187.399,185.807,187.375,4284
2026-01-01 10:39:00.278005,188.346,188.783,187.593,188.714,13633
2026-01-01 11:39:00.278005,190.737,191.816,188.948,190.855,13242
2026-01-01 12:39:00.278005,190.272,191.545,189.635,189.94,10929
2026-01-01 13:39:00.278005,189.055,189.883,188.522,189.544,5484
2026-01-01 14:39:00.278005,192.123,192.572,191.814,192.377,18324
2026-01-01 15:39:00.278005,188.453,189.568,188.112,188.863,10409
2026-01-01 16:39:00.278005,190.551,192.372,188.187,189.918,1345
2026-01-01 17:39:00.278005,192.061,193.512,189.241,190.943,5171
2026-01-01 18:39:00.278005,192.965,194.739,192.477,192.653,1336
2026-01-01 19:39:00.278005,190.399,192.936,189.266,190.081,4536
2026-01-01 20:39:00.278005,190.945,192.186,189.961,191.545,20975
2026-01-01 21:39:00.278005,188.146,188.581,186.787,187.163,1409
2026-01-01 22:39:00.278005,187.57,188.506,186.754,188.129,4763
2026-01-01 23:39:00.278005,185.772,187.874,184.746,185.563,8770
2026-01-02 00:39:00.278005,186.123,189.31,185.909,187.134,1110
2026-01-02 01:39:00.278005,188.108,190.306,187.109,189.895,1792
2026-01-02 02:39:00.278005,187.073,187.719,185.484,186.228,1657
2026-01-02 03:39:00.278005,185.486,187.085,185.467,186.318,2392
2026-01-02 04:39:00.278005,186.441,186.981,186.438,186.452,3090
2026-01-02 05:39:00.278005,187.217,187.733,186.08,187.108,1287
2026-01-02 06:39:00.278005,188.708,189.402,186.495,188.076,3729
2026-01-02 07:39:00.278005,189.194,189.731,187.787,188.267,1208
2026-01-02 08:39:00.278005,188.559,189.753,185.605,187.281,4289
2026-01-02 09:39:00.278005,188.364,189.318,187.14,187.55,4015
2026-01-02 10:39:00.278005,189.077,189.449,188.974,188.99,4319
2026-01-02 11:39:00.278005,188.356,190.291,186.536,187.91,7944
2026-01-02 12:39:00.278005,187.902,188.718,185.911,187.639,1129
2026-01-02 13:39:00.278005,190.077,191.169,188.788,189.473,6160
2026-01-02 14:39:00.278005,190.741,191.526,189.79,190.222,1668
2026-01-02 15:39:00.278005,189.978,192.232,187.548,189.747,6599
2026-01-02 16:39:00.278005,192.702,193.075,192.195,192.584,5197
2026-01-02 17:39:00.278005,191.643,192.278,191.255,192.022,2062
2026-01-02 18:39:00.278005,195.662,196.645,195.228,195.267,6822
2026-01-02 19:39:00.278005,193.143,194.445,192.606,192.9,2368
2026-01-02 20:39:00.278005,192.827,194.309,191.377,191.893,2964
2026-01-02 21:39:00.278005,193.421,195.814,192.964,194.812,4196
2026-01-02 22:39:00.278005,198.04,198.891,197.254,197.837,2299
2026-01-02 23:39:00.278005,196.52,197.84,195.4,196.585,1919
2026-01-03 00:39:00.278005,193.627,195.431,193.074,194.045,2349
2026-01-03 01:39:00.278005,193.925,194.617,191.364,194.251,1014
2026-01-03 02:39:00.278005,194.106,196.209,193.486,194.942,3307
2026-01-03 03:39:00.278005,196.499,197.154,196.325,196.546,2583
2026-01-03 04:39:00.278005,194.041,196.652,193.358,195.58,2620
2026-01-03 05:39:00.278005,194.983,195.106,193.448,194.763,218
2026-01-03 06:39:00.278005,199.302,201.443,197.318,198.788,14285
2026-01-03 07:39:00.278005,198.454,200.138,198.355,198.969,3828
2026-01-03 08:39:00.278005,201.882,203.158,199.355,200.362,2923
2026-01-03 09:39:00.278005,204.755,205.578,204.651,205.19,1502
2026-01-03 10:39:00.278005,206.25,207.516,205.596,206.336,12802
2026-01-03 11:39:00.278005,206.282,206.29,203.644,205.531,2592
2026-01-03 12:39:00.278005,207.405,210.739,207.195,208.312,2933
2026-01-03 13:39:00.278005,211.688,213.291,209.455,211.023,14255
2026-01-03 14:39:00.278005,208.386,209.661,208.297,208.357,2206
2026-01-03 15:39:00.278005,210.413,213.388,209.159,211.38,1946
2026-01-03 16:39:00.278005,210.291,211.5,208.898,210.325,6434
2026-01-03 17:39:00.278005,209.423,210.284,207.934,208.915,9949
2026-01-03 18:39:00.278005,208.842,209.993,208.628,208.706,1138
2026-01-03 19:39:00.278005,209.484,209.899,206.826,209.003,685
2026-01-03 20:39:00.278005,211.168,212.799,209.061,209.155,3504
2026-01-03 21:39:00.278005,210.22,211.53,209.89,211.033,3043
2026-01-03 22:39:00.278005,212.512,212.873,211.156,212.106,2571
2026-01-03 23:39:00.278005,212.204,212.625,208.984,211.808,3738
2026-01-04 00:39:00.278005,213.76,214.534,212.609,212.72,2269
2026-01-04 01:39:00.278005,211.944,213.685,211.491,212.547,2584
2026-01-04 02:39:00.278005,210.032,211.173,209.142,209.873,3663
2026-01-04 03:39:00.278005,208.143,209.556,207.495,208.241,1988
2026-01-04 04:39:00.278005,210.05,212.588,209.357,210.642,1511
2026-01-04 05:39:00.278005,209.202,210.801,208.863,209.13,1627
2026-01-04 06:39:00.278005,208.758,208.903,207.201,207.866,3101
2026-01-04 07:39:00.278005,208.545,208.655,206.79,207.783,1291
2026-01-04 08:39:00.278005,208.283,208.827,207.771,208.539,3604
2026-01-04 09:39:00.278005,204.964,206.687,202.869,203.713,7529
2026-01-04 10:39:00.278005,203.084,203.816,201.301,201.712,953
2026-01-04 11:39:00.278005,205.633,208.185,203.099,206.399,1936
2026-01-04 12:39:00.278005,209.069,210.795,208.757,209.169,2840
2026-01-04 13:39:00.278005,208.365,209.757,206.736,206.76,2494
2026-01-04 14:39:00.278005,210.473,210.905,210.266,210.717,3758
2026-01-04 15:39:00.278005,212.356,213.916,210.366,213.751,7021
2026-01-04 16:39:00.278005,215.067,215.508,213.87,215.369,5873
2026-01-04 17:39:00.278005,217.674,218.86,216.353,216.872,2596
2026-01-04 18:39:00.278005,215.454,216.753,215.027,215.4,3011
2026-01-04 19:39:00.278005,214.902,216.788,213.651,216.115,874
2026-01-04 20:39:00.278005,211.42,212.739,209.331,211.705,1663
2026-01-04 21:39:00.278005,209.959,213.017,207.48,210.996,4371
2026-01-04 22:39:00.278005,209.72,210.653,209.118,210.252,5086
2026-01-04 23:39:00.278005,209.306,209.573,207.779,208.777,12127
2026-01-05 00:39:00.278005,210.404,211.031,209.77,210.867,929
2026-01-05 01:39:00.278005,207.4,208.543,205.986,208.354,1603
2026-01-05 02:39:00.278005,207.254,207.771,206.602,206.696,795
2026-01-05 03:39:00.278005,205.329,207.662,204.189,206.892,4092
2026-01-05 04:39:00.278005,208.26,209.492,206.806,207.176,1043
2026-01-05 05:39:00.278005,212.164,213.895,211.071,213.649,3147
2026-01-05 06:39:00.278005,212.547,212.824,211.027,212.775,1078
2026-01-05 07:39:00.278005,209.959,213.025,208.998,211.444,678
2026-01-05 08:39:00.278005,204.984,205.098,204.114,204.712,3866
2026-01-05 09:39:00.278005,202.889,204.103,201.084,201.696,4578
2026-01-05 10:39:00.278005,202.15,203.777,200.057,201.556,3348
2026-01-05 11:39:00.278005,200.875,201.631,200.381,200.44,4100
2026-01-05 12:39:00.278005,198.012,199.075,196.158,196.426,4904
2026-01-05 13:39:00.278005,192.788,193.901,190.301,192.144,1082
2026-01-05 14:39:00.278005,191.479,193.298,189.785,190.572,3446
2026-01-05 15:39:00.278005,191.668,193.289,191.382,192.74,5355
2026-01-05 16:39:00.278005,192.081,193.103,189.383,192.481,4591
2026-01-05 17:39:00.278005,193.066,194.586,192.862,192.925,23815
2026-01-05 18:39:00.278005,191.257,192.772,191.22,192.104,1901
2026-01-05 19:39:00.278005,192.176,192.36,190.735,191.343,2326
2026-01-05 20:39:00.278005,190.116,190.638,188.189,190.537,1020
2026-01-05 21:39:00.278005,187.326,189.277,184.539,186.835,7355
2026-01-05 22:39:00.278005,188.567,188.893,188.251,188.483,1199
2026-01-05 23:39:00.278005,190.903,191.417,189.972,191.256,1833
2026-01-06 00:39:00.278005,191.382,191.881,190.031,190.326,1476
2026-01-06 01:39:00.278005,188.88,189.024,188.597,188.928,4437
2026-01-06 02:39:00.278005,188.473,190.157,187.432,188.983,1389
2026-01-06 03:39:00.278005,185.784,187.171,184.95,186.346,3403
2026-01-06 04:39:00.278005,184.576,185.167,183.732,183.764,689
2026-01-06 05:39:00.278005,180.568,183.25,179.946,180.195,13143
2026-01-06 06:39:00.278005,178.51,179.432,174.153,177.268,2086
2026-01-06 07:39:00.278005,179.98,181.552,178.997,180.522,4791
2026-01-06 08:39:00.278005,178.443,178.645,177.451,177.984,1801
2026-01-06 09:39:00.278005,177.911,179.32,176.574,179.261,10313
2026-01-06 10:39:00.278005,177.941,179.435,176.489,177.108,1944
2026-01-06 11:39:00.278005,178.075,179.718,176.101,178.461,8574
2026-01-06 12:39:00.278005,178.098,179.652,176.093,178.037,2455
2026-01-06 13:39:00.278005,179.826,182.573,178.294,179.609,1140
2026-01-06 14:39:00.278005,180.522,181.636,178.55,179.28,3937
2026-01-06 15:39:00.278005,180.841,181.692,180.59,181.497,6861
2026-01-06 16:39:00.278005,182.392,182.597,181.725,182.022,10746
2026-01-06 17:39:00.278005,183.071,186.783,181.554,182.39,11270
2026-01-06 18:39:00.278005,182.935,183.437,182.242,183.107,8005
2026-01-06 19:39:00.278005,179.356,180.16,176.295,180.09,1535
2026-01-06 20:39:00.278005,181.493,183.076,180.412,181.633,1514
2026-01-06 21:39:00.278005,181.322,182.1,179.847,180.174,1851
2026-01-06 22:39:00.278005,179.54,179.762,178.739,179.036,9798
2026-01-06 23:39:00.278005,182.106,183.095,179.529,182.696,4417
2026-01-07 00:39:00.278005,182.038,182.354,180.547,181.205,1203
2026-01-07 01:39:00.278005,179.851,179.958,178.503,178.946,6813
2026-01-07 02:39:00.278005,178.129,179.553,177.605,178.766,5750
2026-01-07 03:39:00.278005,179.872,181.128,178.659,178.673,2146
2026-01-07 04:39:00.278005,179.354,179.736,178.909,179.31,2837
2026-01-07 05:39:00.278005,180.691,182.257,177.694,181.666,10015
2026-01-07 06:39:00.278005,179.585,181.493,177.117,180.728,1654
2026-01-07 07:39:00.278005,178.765,179.411,176.816,178.049,2300
2026-01-07 08:39:00.278005,179.99,180.495,179.975,180.248,4974
2026-01-07 09:39:00.278005,178.992,181.248,177.859,180.486,5208
2026-01-07 10:39:00.278005,178.862,181.091,174.913,177.472,2921
2026-01-07 11:39:00.278005,177.944,178.246,176.737,177.413,7684
2026-01-07 12:39:00.278005,181.674,185.044,180.677,183.2,9705
2026-01-07 13:39:00.278005,181.084,181.253,179.41,180.754,1154
2026-01-07 14:39:00.278005,181.615,182.79,180.448,181.588,3571
2026-01-07 15:39:00.278005,181.598,183.544,179.773,181.863,2504
2026-01-07 16:39:00.278005,177.677,178.217,176.321,177.833,10737
2026-01-07 17:39:00.278005,175.854,176.31,175.447,175.937,1655
2026-01-07 18:39:00.278005,178.958,179.263,178.26,178.823,2561
2026-01-07 19:39:00.278005,178.669,178.958,175.16,177.578,2786
2026-01-07 20:39:00.278005,174.875,177.832,174.819,175.885,3114
2026-01-07 21:39:00.278005,174.988,175.669,173.932,175.429,1759
2026-01-07 22:39:00.278005,173.237,174.775,172.841,173.628,2820
2026-01-07 23:39:00.278005,174.73,175.517,174.362,175.305,1629
2026-01-08 00:39:00.278005,173.443,176.723,172.538,172.779,6219
2026-01-08 01:39:00.278005,172.01,173.685,171.558,173.459,2264
2026-01-08 02:39:00.278005,173.95,175.857,172.503,172.563,1485
2026-01-08 03:39:00.278005,173.83,175.747,171.432,175.457,1425
2026-01-08 04:39:00.278005,174.705,176.972,174.013,176.35,1385
2026-01-08 05:39:00.278005,171.312,173.889,171.134,171.809,1590
2026-01-08 06:39:00.278005,172.01,174.0,170.746,171.797,6643
2026-01-08 07:39:00.278005,170.992,171.31,170.471,171.262,4912
2026-01-08 08:39:00.278005,171.526,173.208,170.864,171.313,652
2026-01-08 09:39:00.278005,173.805,176.128,172.749,174.565,9197
2026-01-08 10:39:00.278005,170.692,171.644,169.342,170.976,3007
2026-01-08 11:39:00.278005,173.353,175.464,171.19,174.035,1846
2026-01-08 12:39:00.278005,172.355,173.888,171.121,172.706,5959
2026-01-08 13:39:00.278005,172.225,173.699,171.8,172.292,4016
2026-01-08 14:39:00.278005,170.464,171.705,169.576,170.646,10919
2026-01-08 15:39:00.278005,171.823,173.276,170.604,171.35,1296
2026-01-08 16:39:00.278005,171.295,172.393,170.775,171.751,4789
2026-01-08 17:39:00.278005,169.304,170.958,168.371,168.495,2646
2026-01-08 18:39:00.278005,169.018,170.324,167.851,169.411,3973
2026-01-08 19:39:00.278005,170.675,171.796,169.112,170.103,4898
2026-01-08 20:39:00.278005,172.861,174.988,170.738,173.938,6043
2026-01-08 21:39:00.278005,169.888,172.137,165.937,171.484,3887
2026-01-08 22:39:00.278005,169.385,172.236,168.859,169.588,3411
2026-01-08 23:39:00.278005,173.783,173.951,173.349,173.433,2581
2026-01-09 00:39:00.278005,171.669,173.922,171.461,173.467,1510
2026-01-09 01:39:00.278005,172.611,173.502,172.267,173.285,446
2026-01-09 02:39:00.278005,174.284,174.873,174.209,174.493,810
2026-01-09 03:39:00.278005,172.936,175.221,171.178,174.169,5223
2026-01-09 04:39:00.278005,171.161,173.074,168.896,171.671,993
2026-01-09 05:39:00.278005,170.459,171.328,169.299,170.228,3298
2026-01-09 06:39:00.278005,172.067,172.813,168.608,171.723,2022
2026-01-09 07:39:00.278005,171.765,172.642,171.326,171.626,2444
2026-01-09 08:39:00.278005,170.445,170.914,168.264,170.431,2777
2026-01-09 09:39:00.278005,170.566,171.399,170.204,170.603,2837
2026-01-09 10:39:00.278005,169.593,171.386,169.021,169.141,6306
2026-01-09 11:39:00.278005,171.266,173.443,170.713,172.866,1506
2026-01-09 12:39:00.278005,170.502,172.094,167.143,169.451,5629
2026-01-09 13:39:00.278005,173.604,174.784,172.051,173.103,2746
2026-01-09 14:39:00.278005,171.395,172.564,169.616,172.527,28391
2026-01-09 15:39:00.278005,170.541,171.267,167.95,169.56,6232
2026-01-09 16:39:00.278005,169.49,171.003,167.897,169.085,2598
2026-01-09 17:39:00.278005,167.468,167.709,167.286,167.474,5200
2026-01-09 18:39:00.278005,164.792,165.152,162.315,163.888,4710
2026-01-09 19:39:00.278005,161.459,161.561,159.928,161.302,2622
2026-01-09 20:39:00.278005,164.232,165.997,164.197,165.48,14162
2026-01-09 21:39:00.278005,165.667,166.309,164.122,164.651,1410
2026-01-09 22:39:00.278005,167.978,168.723,167.759,168.374,5944
2026-01-09 23:39:00.278005,170.849,171.181,170.195,170.357,1823
2026-01-10 00:39:00.278005,168.456,169.144,166.646,168.888,493
2026-01-10 01:39:00.278005,167.682,169.86,167.339,168.361,2180
2026-01-10 02:39:00.278005,168.118,170.522,167.58,167.801,3819
2026-01-10 03:39:00.278005,171.702,172.231,171.678,171.947,6701
2026-01-10 04:39:00.278005,167.887,171.222,167.615,168.823,1034
2026-01-10 05:39:00.278005,169.48,170.939,168.158,169.101,1305
2026-01-10 06:39:00.278005,168.323,171.351,164.994,165.695,1315
2026-01-10 07:39:00.278005,165.487,168.41,164.091,166.925,1304
2026-01-10 08:39:00.278005,166.326,168.422,164.053,165.187,9334
2026-01-10 09:39:00.278005,168.373,169.425,166.858,168.689,4889
2026-01-10 10:39:00.278005,168.775,170.482,167.471,167.976,11293
2026-01-10 11:39:00.278005,174.007,174.267,172.279,173.677,4497
2026-01-10 12:39:00.278005,173.148,174.774,172.478,173.802,2726
2026-01-10 13:39:00.278005,169.358,170.335,167.801,168.798,3896
2026-01-10 14:39:00.278005,167.785,169.219,166.976,167.419,8121
2026-01-10 15:39:00.278005,168.646,169.934,166.547,168.529,4922
2026-01-10 16:39:00.278005,168.113,169.822,165.916,167.501,3981
2026-01-10 17:39:00.278005,168.015,170.389,166.236,169.671,4832
2026-01-10 18:39:00.278005,170.354,170.936,167.764,169.338,2705
2026-01-10 19:39:00.278005,173.483,175.822,170.862,172.721,6352
2026-01-10 20:39:00.278005,174.666,174.938,173.049,174.075,633
2026-01-10 21:39:00.278005,174.912,177.688,174.188,177.455,634
2026-01-10 22:39:00.278005,174.156,176.189,171.025,172.871,5445
2026-01-10 23:39:00.278005,176.607,178.463,175.095,175.648,5033
2026-01-11 00:39:00.278005,174.834,177.07,173.362,175.218,1387
2026-01-11 01:39:00.278005,175.48,177.73,175.265,176.034,1811
2026-01-11 02:39:00.278005,176.576,178.087,175.334,177.258,6638
2026-01-11 03:39:00.278005,179.609,180.951,177.932,178.608,2379
2026-01-11 04:39:00.278005,178.808,179.246,177.979,179.003,2854
2026-01-11 05:39:00.278005,177.233,178.478,175.679,177.907,2589
2026-01-11 06:39:00.278005,173.496,174.859,172.655,173.011,2416
2026-01-11 07:39:00.278005,174.055,175.568,172.449,174.27,2730
2026-01-11 08:39:00.278005,179.098,179.659,178.155,179.542,6601
2026-01-11 09:39:00.278005,177.507,180.151,176.789,177.46,14314
2026-01-11 10:39:00.278005,179.652,180.652,176.722,178.487,972
2026-01-11 11:39:00.278005,180.459,181.457,180.149,180.578,6051
2026-01-11 12:39:00.278005,181.434,182.895,178.524,181.551,2988
2026-01-11 13:39:00.278005,183.271,184.439,180.474,183.644,2134
2026-01-11 14:39:00.278005,181.115,182.456,179.124,179.87,2963
2026-01-11 15:39:00.278005,180.399,180.514,178.603,179.483,9890
2026-01-11 16:39:00.278005,180.837,181.8,179.792,181.097,5399
2026-01-11 17:39:00.278005,179.571,181.387,179.484,179.59,6939
2026-01-11 18:39:00.278005,179.709,181.78,176.909,180.856,8377
2026-01-11 19:39:00.278005,179.115,180.153,176.062,177.808,14506
2026-01-11 20:39:00.278005,178.28,178.48,176.849,178.296,15443
2026-01-11 21:39:00.278005,180.116,181.154,177.605,179.266,3098
2026-01-11 22:39:00.278005,182.397,185.5,182.068,183.229,2590
2026-01-11 23:39:00.278005,181.518,182.431,180.519,181.46,4246
2026-01-12 00:39:00.278005,180.088,180.491,178.116,179.947,1937
2026-01-12 01:39:00.278005,180.357,182.618,180.337,181.243,473
2026-01-12 02:39:00.278005,180.094,181.086,178.591,178.971,8964
2026-01-12 03:39:00.278005,182.105,183.129,180.782,182.477,1533
2026-01-12 04:39:00.278005,180.148,181.457,178.702,179.518,4166
2026-01-12 05:39:00.278005,181.873,183.234,181.466,182.216,451
2026-01-12 06:39:00.278005,181.592,184.326,180.216,182.73,2288
2026-01-12 07:39:00.278005,180.076,180.341,178.712,180.252,5166
2026-01-12 08:39:00.278005,180.258,182.081,178.677,178.808,1626
2026-01-12 09:39:00.278005,180.299,182.798,178.386,181.351,10234
2026-01-12 10:39:00.278005,174.045,177.426,173.945,175.107,1988
2026-01-12 11:39:00.278005,173.673,174.369,172.713,173.584,5044
2026-01-12 12:39:00.278005,174.219,175.143,173.649,173.951,6937
2026-01-12 13:39:00.278005,174.693,177.486,174.321,175.516,3993
2026-01-12 14:39:00.278005,173.095,173.242,171.896,172.078,6771
2026-01-12 15:39:00.278005,173.326,174.475,170.854,173.393,8679
2026-01-12 16:39:00.278005,171.235,172.945,170.934,171.71,15015
2026-01-12 17:39:00.278005,171.635,171.687,170.855,171.684,18936
2026-01-12 18:39:00.278005,170.845,172.874,170.21,172.146,9363
2026-01-12 19:39:00.278005,171.32,173.764,171.029,172.168,15401
2026-01-12 20:39:00.278005,172.499,173.594,170.801,172.794,9754
2026-01-12 21:39:00.278005,171.132,172.398,169.291,171.92,5200
2026-01-12 22:39:00.278005,171.302,172.764,168.122,171.411,1170
2026-01-12 23:39:00.278005,170.971,174.27,169.755,170.279,3472
2026-01-13 00:39:00.278005,171.472,172.957,168.164,171.373,1225
2026-01-13 01:39:00.278005,171.736,172.167,170.752,171.652,5548
2026-01-13 02:39:00.278005,170.15,172.487,167.054,171.544,1317
2026-01-13 03:39:00.278005,170.701,172.507,169.833,169.984,694
2026-01-13 04:39:00.278005,170.392,170.706,169.326,170.12,926
2026-01-13 05:39:00.278005,169.355,170.663,168.396,169.176,440
2026-01-13 06:39:00.278005,167.649,168.366,167.538,167.727,5003
2026-01-13 07:39:00.278005,167.028,167.89,165.444,165.849,3690
2026-01-13 08:39:00.278005,168.921,171.742,167.93,169.108,1464
2026-01-13 09:39:00.278005,166.514,169.811,165.675,168.053,2043
2026-01-13 10:39:00.278005,165.397,165.857,162.512,163.617,1682
2026-01-13 11:39:00.278005,164.878,166.311,163.315,165.373,3726
2026-01-13 12:39:00.278005,163.22,165.376,162.899,164.577,6233
2026-01-13 13:39:00.278005,162.89,164.258,160.932,162.3,4925
2026-01-13 14:39:00.278005,161.763,163.189,160.102,161.962,3308
2026-01-13 15:39:00.278005,161.007,162.313,159.798,160.932,5183
2026-01-13 16:39:00.278005,162.121,164.304,160.797,163.145,2851
2026-01-13 17:39:00.278005,160.134,161.217,157.678,161.2,9623
2026-01-13 18:39:00.278005,160.673,161.931,160.217,161.37,4722
2026-01-13 19:39:00.278005,160.139,163.045,156.884,158.483,2775
2026-01-13 20:39:00.278005,159.62,162.9,157.694,161.216,3189
2026-01-13 21:39:00.278005,159.567,160.903,157.635,158.184,446
2026-01-13 22:39:00.278005,157.495,157.742,155.495,157.086,1296
2026-01-13 23:39:00.278005,156.997,157.435,155.713,156.808,3766
2026-01-14 00:39:00.278005,158.101,158.276,157.299,158.218,718
2026-01-14 01:39:00.278005,157.385,159.618,156.149,158.844,1951
2026-01-14 02:39:00.278005,159.875,160.478,157.479,159.734,855
2026-01-14 03:39:00.278005,159.42,159.978,157.652,158.733,2723
2026-01-14 04:39:00.278005,158.552,160.334,155.512,158.622,759
2026-01-14 05:39:00.278005,160.279,160.584,160.261,160.405,876
2026-01-14 06:39:00.278005,158.173,158.468,156.222,157.384,2370
2026-01-14 07:39:00.278005,155.942,156.116,154.559,155.731,2366
2026-01-14 08:39:00.278005,157.79,157.988,155.386,157.032,5509
2026-01-14 09:39:00.278005,159.569,160.85,157.845,159.846,17687
2026-01-14 10:39:00.278005,160.761,161.842,158.935,159.853,2172
2026-01-14 11:39:00.278005,159.782,161.262,157.46,160.65,5219
2026-01-14 12:39:00.278005,158.013,158.645,155.777,157.92,3466
2026-01-14 13:39:00.278005,159.705,160.027,157.719,159.468,3693
2026-01-14 14:39:00.278005,158.401,159.727,156.116,158.897,7868
2026-01-14 15:39:00.278005,159.198,159.425,156.08,158.986,14769
2026-01-14 16:39:00.278005,160.164,162.198,159.703,160.316,7068
2026-01-14 17:39:00.278005,160.332,161.764,160.318,161.384,3208
2026-01-14 18:39:00.278005,158.457,159.934,157.359,158.971,5082
2026-01-14 19:39:00.278005,161.437,163.406,158.014,160.383,3732
2026-01-14 20:39:00.278005,161.057,161.471,159.272,159.864,13732
2026-01-14 21:39:00.278005,159.799,160.468,158.981,159.121,1735
2026-01-14 22:39:00.278005,161.448,162.734,161.341,161.655,3222
2026-01-14 23:39:00.278005,159.658,161.064,157.624,158.907,2146
2026-01-15 00:39:00.278005,160.333,162.07,158.833,160.226,3383
2026-01-15 01:39:00.278005,161.086,163.271,160.527,160.605,5719
2026-01-15 02:39:00.278005,162.346,163.88,161.403,161.691,2574
2026-01-15 03:39:00.278005,163.218,164.15,162.521,162.779,394
2026-01-15 04:39:00.278005,163.303,164.863,162.859,163.779,7228
2026-01-15 05:39:00.278005,164.506,166.738,163.796,166.031,1341
2026-01-15 06:39:00.278005,167.163,167.908,164.798,166.917,2251
2026-01-15 07:39:00.278005,165.559,166.631,164.222,165.807,1472
2026-01-15 08:39:00.278005,164.73,165.377,162.286,164.181,9235
2026-01-15 09:39:00.278005,165.13,166.346,163.201,164.784,7462
2026-01-15 10:39:00.278005,164.422,165.959,161.961,163.723,10805
2026-01-15 11:39:00.278005,162.867,163.604,162.589,162.751,10614
2026-01-15 12:39:00.278005,164.215,165.423,163.431,164.885,5164
2026-01-15 13:39:00.278005,167.01,167.542,167.01,167.27,8169
2026-01-15 14:39:00.278005,168.133,169.526,167.483,168.444,5449
2026-01-15 15:39:00.278005,167.398,168.052,166.401,167.924,4257
2026-01-15 16:39:00.278005,170.045,171.229,169.57,170.668,8685
2026-01-15 17:39:00.278005,168.273,170.983,167.291,167.988,5473
2026-01-15 18:39:00.278005,170.276,171.572,169.142,170.981,10981
2026-01-15 19:39:00.278005,169.209,170.829,167.706,170.287,3293
2026-01-15 20:39:00.278005,166.817,168.866,163.878,166.575,7069
2026-01-15 21:39:00.278005,170.604,171.042,169.59,170.612,17169
2026-01-15 22:39:00.278005,173.597,176.532,172.217,175.133,5801
2026-01-15 23:39:00.278005,176.661,177.566,176.595,176.621,4179
2026-01-16 00:39:00.278005,173.175,173.363,170.91,171.925,4695
2026-01-16 01:39:00.278005,174.932,175.336,173.599,174.46,7491
2026-01-16 02:39:00.278005,171.195,171.78,168.162,169.732,1388
2026-01-16 03:39:00.278005,170.582,171.073,170.3,170.759,2356
2026-01-16 04:39:00.278005,170.766,170.968,170.175,170.214,2439
2026-01-16 05:39:00.278005,170.941,171.837,170.769,170.884,2451
2026-01-16 06:39:00.278005,171.689,172.982,171.17,171.36,5482
2026-01-16 07:39:00.278005,172.374,173.76,171.373,172.756,1595
2026-01-16 08:39:00.278005,171.098,172.166,170.664,171.713,2953
2026-01-16 09:39:00.278005,171.875,173.799,170.821,171.451,6012
2026-01-16 10:39:00.278005,172.695,173.4,171.758,173.062,9683
2026-01-16 11:39:00.278005,173.107,174.929,172.453,173.961,9004
2026-01-16 12:39:00.278005,170.432,170.796,169.372,170.028,1335
2026-01-16 13:39:00.278005,171.181,172.398,168.038,170.245,10651
2026-01-16 14:39:00.278005,170.372,170.793,167.664,168.662,3535
2026-01-16 15:39:00.278005,171.16,171.446,170.583,170.585,9979
2026-01-16 16:39:00.278005,169.917,171.046,166.966,167.656,5586
2026-01-16 17:39:00.278005,167.925,168.894,167.759,168.572,4213
2026-01-16 18:39:00.278005,168.447,172.333,167.838,170.447,5713
2026-01-16 19:39:00.278005,168.789,170.268,168.274,169.252,2941
2026-01-16 20:39:00.278005,170.416,172.253,167.941,171.951,6232
2026-01-16 21:39:00.278005,167.808,169.509,167.227,167.597,3316
2026-01-16 22:39:00.278005,167.491,168.302,165.852,166.458,2083
2026-01-16 23:39:00.278005,168.241,168.78,165.932,167.819,2518
2026-01-17 00:39:00.278005,171.681,174.055,171.468,172.524,1259
2026-01-17 01:39:00.278005,170.051,172.085,167.676,169.704,3850
2026-01-17 02:39:00.278005,171.329,171.977,169.552,170.918,3814
2026-01-17 03:39:00.278005,174.196,174.586,173.897,174.031,1820
2026-01-17 04:39:00.278005,172.684,173.287,169.862,170.963,625
2026-01-17 05:39:00.278005,172.894,173.418,171.065,171.956,2040
2026-01-17 06:39:00.278005,171.337,171.814,170.338,170.397,3506
2026-01-17 07:39:00.278005,170.303,171.695,167.983,171.374,1801
2026-01-17 08:39:00.278005,169.694,172.781,169.523,170.407,1490
2026-01-17 09:39:00.278005,164.402,165.231,164.064,164.48,21882
2026-01-17 10:39:00.278005,164.969,165.339,162.839,163.918,3495
2026-01-17 11:39:00.278005,164.425,165.457,164.149,165.066,2658
2026-01-17 12:39:00.278005,162.102,164.472,160.994,162.373,20636
2026-01-17 13:39:00.278005,159.385,162.1,159.006,160.417,11411
2026-01-17 14:39:00.278005,158.15,158.971,156.342,157.283,5665
2026-01-17 15:39:00.278005,160.352,163.427,159.689,160.224,1747
2026-01-17 16:39:00.278005,156.804,157.464,156.032,157.229,44449
2026-01-17 17:39:00.278005,155.106,157.297,152.4,155.999,10193
2026-01-17 18:39:00.278005,155.244,156.335,153.395,154.581,1033
2026-01-17 19:39:00.278005,154.012,156.68,153.824,153.946,10625
2026-01-17 20:39:00.278005,151.142,152.535,148.728,151.382,4783
2026-01-17 21:39:00.278005,150.954,153.631,149.788,153.37,1828
2026-01-17 22:39:00.278005,154.119,156.792,152.311,155.512,3113
2026-01-17 23:39:00.278005,153.098,153.663,149.932,152.018,2277
2026-01-18 00:39:00.278005,154.449,157.534,154.057,154.613,2333
2026-01-18 01:39:00.278005,154.031,155.68,153.871,153.976,2265
2026-01-18 02:39:00.278005,156.94,158.398,155.515,156.106,2197
2026-01-18 03:39:00.278005,157.37,158.661,156.621,156.976,3211
2026-01-18 04:39:00.278005,156.116,156.912,155.385,156.22,1791
2026-01-18 05:39:00.278005,153.631,154.905,152.174,152.609,1896
2026-01-18 06:39:00.278005,151.804,152.719,147.972,150.452,624
2026-01-18 07:39:00.278005,151.764,151.785,151.154,151.548,629
2026-01-18 08:39:00.278005,152.311,154.533,152.191,152.461,2653
2026-01-18 09:39:00.278005,152.935,153.961,151.901,152.191,6531
2026-01-18 10:39:00.278005,153.891,155.888,152.407,154.327,9327
2026-01-18 11:39:00.278005,156.104,156.582,154.691,156.118,7264
2026-01-18 12:39:00.278005,156.111,156.747,152.949,155.318,9793
2026-01-18 13:39:00.278005,156.885,158.965,155.947,158.082,1790
2026-01-18 14:39:00.278005,153.175,155.315,152.228,152.975,10878
2026-01-18 15:39:00.278005,147.804,149.998,146.247,148.678,6806
2026-01-18 16:39:00.278005,150.463,151.801,148.295,150.328,7201
2026-01-18 17:39:00.278005,151.29,153.93,150.202,151.485,1240
2026-01-18 18:39:00.278005,149.966,150.641,149.101,149.341,6144
2026-01-18 19:39:00.278005,148.418,149.795,147.501,147.524,5512
2026-01-18 20:39:00.278005,146.708,148.735,146.427,147.517,7529
2026-01-18 21:39:00.278005,147.002,147.804,145.947,146.533,2749
2026-01-18 22:39:00.278005,143.97,144.613,142.887,143.856,3134
2026-01-18 23:39:00.278005,142.678,144.451,140.48,143.642,968
2026-01-19 00:39:00.278005,145.89,147.21,145.688,146.907,5191
2026-01-19 01:39:00.278005,147.116,147.162,146.043,147.111,2805
2026-01-19 02:39:00.278005,146.045,147.26,144.912,146.55,17057
2026-01-19 03:39:00.278005,144.547,145.387,143.599,144.467,2003
2026-01-19 04:39:00.278005,145.828,146.421,143.846,144.894,7364
2026-01-19 05:39:00.278005,145.778,146.544,145.644,146.204,4298
2026-01-19 06:39:00.278005,146.78,149.548,145.384,146.94,3082
2026-01-19 07:39:00.278005,147.429,147.61,146.035,146.623,1080
2026-01-19 08:39:00.278005,147.203,149.513,146.42,148.316,2851
2026-01-19 09:39:00.278005,146.605,148.234,144.394,147.245,10677
2026-01-19 10:39:00.278005,145.286,146.599,143.976,144.904,17656
2026-01-19 11:39:00.278005,145.972,146.124,144.858,145.407,1667
2026-01-19 12:39:00.278005,146.549,148.148,144.736,145.91,4847
2026-01-19 13:39:00.278005,146.92,149.926,145.864,149.055,15252
2026-01-19 14:39:00.278005,146.789,148.172,145.42,147.699,18060
2026-01-19 15:39:00.278005,145.752,146.281,144.285,145.69,4392
2026-01-19 16:39:00.278005,144.482,144.532,142.519,143.479,483
2026-01-19 17:39:00.278005,144.117,144.765,141.938,143.358,8501
2026-01-19 18:39:00.278005,145.929,146.517,143.745,145.26,11105
2026-01-19 19:39:00.278005,144.354,147.231,141.735,143.256,2705
2026-01-19 20:39:00.278005,144.796,147.001,143.825,146.307,12384
2026-01-19 21:39:00.278005,145.535,145.784,143.96,145.632,3258
2026-01-19 22:39:00.278005,145.722,146.442,142.499,145.096,8566
2026-01-19 23:39:00.278005,147.161,149.786,145.736,148.314,2786
2026-01-20 00:39:00.278005,149.311,150.822,147.071,149.219,1415
2026-01-20 01:39:00.278005,153.216,153.821,151.569,153.509,516
2026-01-20 02:39:00.278005,155.096,155.658,154.986,155.101,4893
2026-01-20 03:39:00.278005,152.788,153.914,152.241,152.982,1620
2026-01-20 04:39:00.278005,153.643,153.968,152.678,152.781,4339
2026-01-20 05:39:00.278005,152.719,153.085,152.308,152.59,1000
2026-01-20 06:39:00.278005,153.095,155.74,151.604,154.339,3969
2026-01-20 07:39:00.278005,156.001,157.212,153.559,154.414,2782
2026-01-20 08:39:00.278005,155.194,156.667,152.959,153.535,2552
2026-01-20 09:39:00.278005,153.294,155.009,149.854,152.571,9462
2026-01-20 10:39:00.278005,154.998,157.166,152.141,154.059,3504
2026-01-20 11:39:00.278005,154.555,156.967,153.434,154.603,3085
2026-01-20 12:39:00.278005,154.29,155.521,152.822,153.477,5318
2026-01-20 13:39:00.278005,159.246,159.946,157.468,158.068,1656
2026-01-20 14:39:00.278005,158.546,160.115,157.637,159.433,3302
2026-01-20 15:39:00.278005,157.22,157.452,157.038,157.374,5124
2026-01-20 16:39:00.278005,155.58,157.982,154.128,156.661,11802
2026-01-20 17:39:00.278005,156.491,157.702,155.866,157.516,7966
2026-01-20 18:39:00.278005,155.077,155.547,153.424,154.346,3608
2026-01-20 19:39:00.278005,154.087,156.529,152.681,154.926,26150
2026-01-20 20:39:00.278005,155.668,155.886,155.196,155.59,5112
2026-01-20 21:39:00.278005,155.413,157.982,155.161,155.879,990
2026-01-20 22:39:00.278005,153.636,154.537,152.564,152.808,5208
2026-01-20 23:39:00.278005,153.384,154.744,152.9,153.194,623
2026-01-21 00:39:00.278005,156.8,159.659,155.015,156.994,1029
2026-01-21 01:39:00.278005,159.05,159.72,156.903,158.183,677
2026-01-21 02:39:00.278005,160.403,162.562,157.661,161.729,1563
2026-01-21 03:39:00.278005,163.263,164.35,161.422,162.295,1457
2026-01-21 04:39:00.278005,163.119,163.668,160.715,162.128,3206
2026-01-21 05:39:00.278005,163.12,164.49,160.951,161.009,1716
2026-01-21 06:39:00.278005,163.301,164.509,161.292,163.02,10399
2026-01-21 07:39:00.278005,163.608,164.42,163.6,163.631,2165
2026-01-21 08:39:00.278005,161.857,163.234,159.943,161.804,6090
2026-01-21 09:39:00.278005,161.524,162.839,160.621,161.686,2341
2026-01-21 10:39:00.278005,162.942,164.857,162.093,163.917,27036
2026-01-21 11:39:00.278005,163.548,166.154,162.853,165.306,10623
2026-01-21 12:39:00.278005,162.098,162.799,160.768,161.596,2253
2026-01-21 13:39:00.278005,161.334,162.036,160.282,161.844,4564
2026-01-21 14:39:00.278005,160.656,161.88,160.55,161.779,5817
2026-01-21 15:39:00.278005,160.559,161.36,160.129,160.954,1931
2026-01-21 16:39:00.278005,158.188,159.013,156.923,157.501,6099
2026-01-21 17:39:00.278005,157.179,158.028,156.598,157.063,4254
2026-01-21 18:39:00.278005,157.038,158.045,154.345,156.147,6004
2026-01-21 19:39:00.278005,157.313,157.922,156.415,156.572,12369
2026-01-21 20:39:00.278005,156.792,157.659,155.237,157.591,1072
2026-01-21 21:39:00.278005,155.643,158.109,155.517,157.258,1461
2026-01-21 22:39:00.278005,154.168,154.916,153.014,153.791,5088
2026-01-21 23:39:00.278005,158.018,159.161,157.152,157.392,5518
2026-01-22 00:39:00.278005,156.179,158.002,156.138,156.181,2085
2026-01-22 01:39:00.278005,154.898,156.973,153.24,155.475,853
2026-01-22 02:39:00.278005,153.701,157.582,153.11,153.431,1892
2026-01-22 03:39:00.278005,155.151,156.883,154.942,155.683,5296
2026-01-22 04:39:00.278005,154.387,155.328,151.931,153.36,2105
2026-01-22 05:39:00.278005,152.538,154.163,150.456,151.452,2090
2026-01-22 06:39:00.278005,155.616,156.422,155.143,156.018,1470
2026-01-22 07:39:00.278005,155.217,159.406,154.735,156.27,3063
2026-01-22 08:39:00.278005,156.167,156.68,155.364,156.51,6558
2026-01-22 09:39:00.278005,157.689,159.307,157.036,157.284,3286
2026-01-22 10:39:00.278005,156.017,158.262,155.704,158.119,5145
2026-01-22 11:39:00.278005,154.94,155.491,153.79,154.828,7206
2026-01-22 12:39:00.278005,152.599,154.194,148.843,151.087,1636
2026-01-22 13:39:00.278005,152.797,154.31,148.973,151.111,1066
2026-01-22 14:39:00.278005,154.057,155.849,152.898,153.234,3154
2026-01-22 15:39:00.278005,155.225,157.505,153.338,154.811,4120
2026-01-22 16:39:00.278005,155.954,157.45,155.356,156.245,3896
2026-01-22 17:39:00.278005,155.943,156.398,153.423,156.265,15255
2026-01-22 18:39:00.278005,156.18,158.178,155.076,157.96,17900
2026-01-22 19:39:00.278005,158.143,159.976,157.874,159.769,5033
2026-01-22 20:39:00.278005,157.434,157.792,153.886,155.993,4688
2026-01-22 21:39:00.278005,157.319,157.929,155.604,156.424,2826
2026-01-22 22:39:00.278005,156.435,157.708,154.437,155.343,3270
2026-01-22 23:39:00.278005,156.472,156.619,155.059,155.805,1592
2026-01-23 00:39:00.278005,155.71,157.674,155.684,156.712,2342
2026-01-23 01:39:00.278005,153.586,154.184,152.596,153.579,4160
2026-01-23 02:39:00.278005,150.307,150.934,149.707,150.611,4089
2026-01-23 03:39:00.278005,150.668,151.527,150.066,150.539,3861
2026-01-23 04:39:00.278005,150.169,150.606,147.468,148.784,1823
2026-01-23 05:39:00.278005,151.809,153.379,150.712,152.043,1467
2026-01-23 06:39:00.278005,150.592,151.704,149.325,150.48,1944
2026-01-23 07:39:00.278005,147.866,148.195,146.14,147.82,4901
2026-01-23 08:39:00.278005,148.391,150.313,148.053,148.988,3742
2026-01-23 09:39:00.278005,150.885,152.399,149.345,152.105,2832
2026-01-23 10:39:00.278005,150.952,151.543,148.603,150.53,3774
2026-01-23 11:39:00.278005,148.507,150.429,145.936,146.302,1374
2026-01-23 12:39:00.278005,147.655,147.67,143.901,146.911,3300
2026-01-23 13:39:00.278005,146.659,148.501,144.671,145.657,1900
2026-01-23 14:39:00.278005,144.461,146.336,144.014,144.865,2775
2026-01-23 15:39:00.278005,143.55,144.912,141.61,143.194,1198
2026-01-23 16:39:00.278005,141.53,143.536,139.538,140.387,510
2026-01-23 17:39:00.278005,136.738,138.692,136.16,136.233,5162
2026-01-23 18:39:00.278005,138.551,138.65,138.093,138.6,1674
2026-01-23 19:39:00.278005,137.806,139.058,135.513,137.741,4435
2026-01-23 20:39:00.278005,137.669,138.284,135.722,137.557,3636
2026-01-23 21:39:00.278005,138.695,140.302,138.29,139.291,6480
2026-01-23 22:39:00.278005,139.282,139.928,136.999,138.172,4880
2026-01-23 23:39:00.278005,138.049,139.982,137.63,138.94,17315
2026-01-24 00:39:00.278005,138.421,142.294,138.074,138.539,1433
2026-01-24 01:39:00.278005,138.22,139.459,136.87,138.904,3261
2026-01-24 02:39:00.278005,137.816,137.989,136.003,136.956,2419
2026-01-24 03:39:00.278005,136.384,136.475,135.377,135.712,1847
2026-01-24 04:39:00.278005,137.176,139.383,134.799,138.94,4703
2026-01-24 05:39:00.278005,133.502,136.8,132.64,134.369,2957
2026-01-24 06:39:00.278005,134.406,134.863,134.384,134.857,984
2026-01-24 07:39:00.278005,133.871,136.39,130.617,131.807,2403
2026-01-24 08:39:00.278005,135.823,136.925,135.545,135.686,5055
2026-01-24 09:39:00.278005,136.086,137.11,132.905,133.82,7549
2026-01-24 10:39:00.278005,136.772,138.712,135.798,135.954,437
2026-01-24 11:39:00.278005,134.23,136.392,131.466,133.241,6602
2026-01-24 12:39:00.278005,134.836,137.496,133.926,135.1,3530
2026-01-24 13:39:00.278005,134.439,134.869,132.224,133.82,2898
2026-01-24 14:39:00.278005,138.5,139.409,136.463,138.207,2283
2026-01-24 15:39:00.278005,135.502,135.571,134.444,134.868,3480
2026-01-24 16:39:00.278005,134.799,136.115,133.479,134.227,4095
2026-01-24 17:39:00.278005,137.774,139.672,136.957,138.306,4495
2026-01-24 18:39:00.278005,139.221,140.148,138.582,139.111,9751
2026-01-24 19:39:00.278005,139.775,140.228,138.606,140.097,9830
2026-01-24 20:39:00.278005,141.266,141.292,140.403,140.469,4546
2026-01-24 21:39:00.278005,143.153,144.164,140.832,142.819,9164
2026-01-24 22:39:00.278005,144.672,144.829,144.084,144.249,7161
2026-01-24 23:39:00.278005,143.006,144.866,142.813,144.669,1213
2026-01-25 00:39:00.278005,145.15,147.33,142.93,143.908,391
2026-01-25 01:39:00.278005,146.642,148.09,146.333,147.57,5068
2026-01-25 02:39:00.278005,146.317,147.325,143.02,145.396,3876
2026-01-25 03:39:00.278005,144.746,144.765,142.817,144.049,6247
2026-01-25 04:39:00.278005,147.165,147.637,146.029,147.139,8022
2026-01-25 05:39:00.278005,148.864,148.963,148.221,148.721,5446
2026-01-25 06:39:00.278005,150.226,151.333,149.791,150.398,1749
2026-01-25 07:39:00.278005,154.575,155.799,153.394,155.375,945
2026-01-25 08:39:00.278005,153.461,154.704,151.446,153.589,1078
2026-01-25 09:39:00.278005,155.936,156.56,155.573,155.958,10025
2026-01-25 10:39:00.278005,155.987,157.762,154.74,156.551,5741
2026-01-25 11:39:00.278005,154.902,155.93,152.963,155.754,1934
2026-01-25 12:39:00.278005,152.041,153.064,151.896,152.635,10486
2026-01-25 13:39:00.278005,148.761,149.27,147.084,147.727,5941
2026-01-25 14:39:00.278005,151.806,154.29,151.799,152.471,8963
2026-01-25 15:39:00.278005,147.959,148.039,144.87,146.364,2676
2026-01-25 16:39:00.278005,149.134,150.845,146.542,146.979,2813
2026-01-25 17:39:00.278005,146.439,148.003,145.042,146.722,17962
2026-01-25 18:39:00.278005,143.223,145.506,141.911,144.779,7133
2026-01-25 19:39:00.278005,142.171,143.312,139.049,140.955,1713
2026-01-25 20:39:00.278005,145.212,147.876,143.269,147.174,4202
2026-01-25 21:39:00.278005,142.264,144.666,140.556,142.952,1867
2026-01-25 22:39:00.278005,140.583,140.683,138.247,139.845,3609
2026-01-25 23:39:00.278005,140.459,141.789,139.052,139.753,739
2026-01-26 00:39:00.278005,136.885,138.315,136.849,138.09,5008
2026-01-26 01:39:00.278005,138.899,140.585,138.346,139.648,856
2026-01-26 02:39:00.278005,137.743,138.454,136.001,136.483,3835
2026-01-26 03:39:00.278005,137.536,139.59,136.475,138.638,395
2026-01-26 04:39:00.278005,139.293,140.478,137.593,139.029,2245
2026-01-26 05:39:00.278005,142.207,143.198,141.754,142.654,3369
2026-01-26 06:39:00.278005,136.406,138.359,135.783,136.561,2620
2026-01-26 07:39:00.278005,140.537,142.233,138.634,139.29,691
2026-01-26 08:39:00.278005,142.407,143.101,141.011,141.705,5652
2026-01-26 09:39:00.278005,142.897,144.283,140.772,142.057,7338
2026-01-26 10:39:00.278005,143.8,144.99,143.461,143.838,2504
2026-01-26 11:39:00.278005,140.301,141.715,139.461,141.325,3201
2026-01-26 12:39:00.278005,143.693,146.178,143.054,143.059,5072
2026-01-26 13:39:00.278005,143.534,145.648,142.187,144.155,2749
2026-01-26 14:39:00.278005,142.961,144.919,141.686,144.535,606
2026-01-26 15:39:00.278005,143.95,144.31,140.443,142.939,7231
2026-01-26 16:39:00.278005,139.776,141.263,139.756,140.045,10228
2026-01-26 17:39:00.278005,142.412,143.977,140.191,140.603,5468
2026-01-26 18:39:00.278005,143.036,144.129,142.399,142.986,9368
2026-01-26 19:39:00.278005,141.747,141.925,140.174,140.551,17282
2026-01-26 20:39:00.278005,140.522,141.494,139.474,140.672,8420
2026-01-26 21:39:00.278005,140.971,141.399,139.857,140.264,7958
2026-01-26 22:39:00.278005,140.163,141.23,139.556,140.337,3896
2026-01-26 23:39:00.278005,140.535,142.1,140.394,141.656,1001
2026-01-27 00:39:00.278005,138.933,139.344,136.971,138.275,6008
2026-01-27 01:39:00.278005,139.532,140.499,138.581,138.811,2138
2026-01-27 02:39:00.278005,138.951,143.007,138.709,140.229,879
2026-01-27 03:39:00.278005,138.042,139.51,136.333,136.354,1167
2026-01-27 04:39:00.278005,137.122,138.157,136.723,137.894,1615
2026-01-27 05:39:00.278005,136.769,137.284,135.639,136.685,4603
2026-01-27 06:39:00.278005,135.905,136.376,134.84,135.368,2692
2026-01-27 07:39:00.278005,134.119,135.047,132.69,133.351,2405
2026-01-27 08:39:00.278005,133.527,134.027,132.908,133.156,1669
2026-01-27 09:39:00.278005,135.597,136.693,134.486,135.563,3297
2026-01-27 10:39:00.278005,134.314,137.571,133.925,135.229,7775
2026-01-27 11:39:00.278005,133.755,135.301,131.696,131.808,1998
2026-01-27 12:39:00.278005,134.286,136.775,133.1,136.041,4368
2026-01-27 13:39:00.278005,133.434,134.072,132.259,132.571,2684
2026-01-27 14:39:00.278005,133.448,134.9,133.442,134.025,1037
2026-01-27 15:39:00.278005,135.74,137.477,132.411,137.215,7536
2026-01-27 16:39:00.278005,134.725,135.275,132.063,134.544,12194
2026-01-27 17:39:00.278005,135.171,139.946,134.818,137.379,4932
2026-01-27 18:39:00.278005,137.305,140.645,136.834,138.058,29768
2026-01-27 19:39:00.278005,138.985,139.686,138.581,139.131,14243
2026-01-27 20:39:00.278005,137.495,138.501,135.62,137.132,4273
2026-01-27 21:39:00.278005,137.952,138.06,137.016,137.405,7373
2026-01-27 22:39:00.278005,136.471,138.598,134.047,135.715,6603
2026-01-27 23:39:00.278005,137.674,138.163,136.478,136.84,5764
2026-01-28 00:39:00.278005,137.649,141.046,135.118,137.45,1621
2026-01-28 01:39:00.278005,138.129,141.978,136.415,137.74,1996
2026-01-28 02:39:00.278005,136.925,136.948,134.789,136.945,3104
2026-01-28 03:39:00.278005,136.013,137.777,133.389,135.178,2188
2026-01-28 04:39:00.278005,135.887,138.534,132.949,133.981,1193
2026-01-28 05:39:00.278005,136.595,137.905,135.006,137.855,1539
2026-01-28 06:39:00.278005,136.475,137.887,135.499,136.996,486
2026-01-28 07:39:00.278005,137.551,138.162,136.596,137.84,2478
2026-01-28 08:39:00.278005,137.51,139.469,136.291,139.252,3450
2026-01-28 09:39:00.278005,136.999,137.881,136.108,136.218,8700
2026-01-28 10:39:00.278005,140.413,141.691,139.093,140.717,2227
2026-01-28 11:39:00.278005,138.347,140.46,137.874,138.885,11274
2026-01-28 12:39:00.278005,136.365,137.754,135.336,136.707,5307
2026-01-28 13:39:00.278005,139.787,141.89,136.101,138.576,3366
2026-01-28 14:39:00.278005,140.279,141.108,137.113,139.477,7550
2026-01-28 15:39:00.278005,139.527,143.767,137.928,142.074,2188
2026-01-28 16:39:00.278005,137.102,138.468,136.178,137.206,8814
2026-01-28 17:39:00.278005,136.36,137.753,134.805,135.294,4205
2026-01-28 18:39:00.278005,134.96,136.935,134.075,135.829,8545
2026-01-28 19:39:00.278005,139.905,142.35,139.328,140.594,5955
2026-01-28 20:39:00.278005,141.759,142.582,141.421,142.253,1297
2026-01-28 21:39:00.278005,141.46,142.488,140.505,142.228,313
2026-01-28 22:39:00.278005,142.275,143.327,140.389,142.234,4872
2026-01-28 23:39:00.278005,139.552,140.285,139.064,139.754,1418
2026-01-29 00:39:00.278005,140.194,140.905,137.324,140.109,6763
2026-01-29 01:39:00.278005,138.122,140.868,137.06,139.037,2424
2026-01-29 02:39:00.278005,138.905,140.354,138.897,139.958,2515
2026-01-29 03:39:00.278005,139.873,140.816,137.861,138.32,5191
2026-01-29 04:39:00.278005,141.356,141.406,138.915,140.882,6706
2026-01-29 05:39:00.278005,142.105,143.865,141.605,143.063,7225
2026-01-29 06:39:00.278005,141.252,142.374,139.255,140.56,4622
2026-01-29 07:39:00.278005,141.68,142.333,138.578,140.653,2900
2026-01-29 08:39:00.278005,143.08,145.182,142.273,143.757,1436
2026-01-29 09:39:00.278005,144.808,145.701,141.342,143.105,3649
2026-01-29 10:39:00.278005,141.99,144.093,141.281,141.52,4242
2026-01-29 11:39:00.278005,144.438,146.33,143.635,145.895,8585
2026-01-29 12:39:00.278005,142.03,142.208,139.797,141.418,5186
2026-01-29 13:39:00.278005,143.554,144.802,142.501,143.613,6951
2026-01-29 14:39:00.278005,142.618,143.048,141.869,142.958,1836
2026-01-29 15:39:00.278005,142.475,143.903,139.626,140.455,4039
2026-01-29 16:39:00.278005,142.233,144.056,141.366,143.158,2731
2026-01-29 17:39:00.278005,142.398,144.831,141.456,142.886,6765
2026-01-29 18:39:00.278005,139.964,140.775,136.211,138.928,8711
2026-01-29 19:39:00.278005,136.864,138.215,134.681,136.273,3839
2026-01-29 20:39:00.278005,137.131,139.518,132.841,135.772,3741
2026-01-29 21:39:00.278005,134.268,135.313,134.007,134.36,1572
2026-01-29 22:39:00.278005,133.112,135.803,130.222,134.428,1054
2026-01-29 23:39:00.278005,135.064,135.542,134.14,135.397,4453
2026-01-30 00:39:00.278005,134.873,135.474,133.852,134.325,9421
2026-01-30 01:39:00.278005,133.495,136.414,132.462,134.089,1983
2026-01-30 02:39:00.278005,133.111,133.358,132.159,132.234,1936
2026-01-30 03:39:00.278005,134.783,137.305,133.054,134.603,2004
2026-01-30 04:39:00.278005,134.44,135.032,132.172,133.223,3271
2026-01-30 05:39:00.278005,130.785,132.796,130.587,131.543,1498
2026-01-30 06:39:00.278005,132.585,133.472,132.025,132.046,1764
2026-01-30 07:39:00.278005,131.192,132.597,130.348,130.482,1474
2026-01-30 08:39:00.278005,128.786,129.807,125.627,127.804,9657
2026-01-30 09:39:00.278005,130.88,130.942,128.368,130.261,1748
2026-01-30 10:39:00.278005,130.293,132.745,128.223,130.966,3169
2026-01-30 11:39:00.278005,131.169,135.21,131.038,133.086,2514
2026-01-30 12:39:00.278005,128.95,129.339,128.457,129.118,1186
2026-01-30 13:39:00.278005,129.366,130.73,128.245,128.923,9880
2026-01-30 14:39:00.278005,127.195,128.253,126.147,127.832,5270
2026-01-30 15:39:00.278005,130.699,132.101,130.552,131.38,3980
2026-01-30 16:39:00.278005,133.328,135.804,132.579,134.758,1358
2026-01-30 17:39:00.278005,133.283,133.622,133.082,133.432,1536
2026-01-30 18:39:00.278005,134.383,134.467,132.078,133.448,3345
2026-01-30 19:39:00.278005,134.757,136.945,134.048,134.413,4840
2026-01-30 20:39:00.278005,132.109,133.763,131.308,132.01,3182
2026-01-30 21:39:00.278005,131.758,132.304,129.345,131.732,1038
2026-01-30 22:39:00.278005,129.968,131.78,129.184,130.712,4815
2026-01-30 23:39:00.278005,126.61,128.964,126.314,128.024,4120
2026-01-31 00:39:00.278005,126.314,127.719,126.11,126.774,3146
2026-01-31 01:39:00.278005,128.171,128.372,126.801,127.387,780
2026-01-31 02:39:00.278005,128.01,128.341,127.036,127.572,756
2026-01-31 03:39:00.278005,127.925,128.815,126.494,127.118,4242
2026-01-31 04:39:00.278005,128.71,130.547,128.2,129.886,2287
2026-01-31 05:39:00.278005,129.285,134.109,128.715,130.712,3202
2026-01-31 06:39:00.278005,127.552,128.205,126.122,128.176,4673
2026-01-31 07:39:00.278005,129.354,130.049,127.485,129.658,3749
2026-01-31 08:39:00.278005,130.094,131.183,128.705,130.277,7590
2026-01-31 09:39:00.278005,127.475,127.843,125.061,126.098,6942
2026-01-31 10:39:00.278005,126.443,127.978,125.386,126.107,11682
2026-01-31 11:39:00.278005,129.299,129.922,126.863,128.806,5863
2026-01-31 12:39:00.278005,131.701,132.98,130.453,131.359,1582
2026-01-31 13:39:00.278005,132.424,133.622,132.035,133.123,2707
2026-01-31 14:39:00.278005,132.307,134.031,129.858,131.901,18796
2026-01-31 15:39:00.278005,127.369,128.88,125.609,128.307,3848
2026-01-31 16:39:00.278005,126.594,128.985,124.734,128.45,5607
2026-01-31 17:39:00.278005,130.151,130.938,126.291,127.847,5159
2026-01-31 18:39:00.278005,126.264,129.374,124.561,127.324,6321
2026-01-31 19:39:00.278005,126.738,128.815,125.952,127.148,2064
2026-01-31 20:39:00.278005,126.537,127.459,124.234,126.721,5181
2026-01-31 21:39:00.278005,127.315,128.119,126.413,127.026,1188
2026-01-31 22:39:00.278005,128.831,129.877,127.499,129.189,1213
2026-01-31 23:39:00.278005,130.895,131.238,129.249,129.601,30397
2026-02-01 00:39:00.278005,123.884,124.35,123.672,124.279,787
2026-02-01 01:39:00.278005,123.146,123.728,123.049,123.631,2250
2026-02-01 02:39:00.278005,125.183,127.51,124.154,125.373,1060
2026-02-01 03:39:00.278005,121.887,123.467,119.582,121.768,535
2026-02-01 04:39:00.278005,121.426,121.788,119.574,121.452,3965
2026-02-01 05:39:00.278005,123.036,123.374,121.908,123.136,2903
2026-02-01 06:39:00.278005,124.059,124.936,123.427,124.78,1472
2026-02-01 07:39:00.278005,121.376,121.625,120.264,121.565,1421
2026-02-01 08:39:00.278005,123.987,124.429,122.353,122.939,8370
2026-02-01 09:39:00.278005,123.0,123.811,121.754,123.007,5014
2026-02-01 10:39:00.278005,124.779,126.279,123.119,124.178,2892
2026-02-01 11:39:00.278005,125.777,127.55,124.215,126.848,4967
2026-02-01 12:39:00.278005,127.611,128.241,127.413,127.636,9763
2026-02-01 13:39:00.278005,127.069,128.363,125.614,127.645,45012
2026-02-01 14:39:00.278005,126.995,128.534,125.564,127.899,9543
2026-02-01 15:39:00.278005,122.252,122.491,119.755,121.821,1656
2026-02-01 16:39:00.278005,121.78,123.394,120.939,122.157,9031
2026-02-01 17:39:00.278005,120.714,121.214,120.303,120.658,10351
2026-02-01 18:39:00.278005,120.602,122.093,120.338,120.606,2449
2026-02-01 19:39:00.278005,120.73,120.86,120.62,120.721,14947
2026-02-01 20:39:00.278005,120.431,122.882,118.546,121.124,598
2026-02-01 21:39:00.278005,120.884,123.087,120.651,122.734,2841
2026-02-01 22:39:00.278005,121.332,121.664,121.168,121.664,8494
2026-02-01 23:39:00.278005,120.948,122.613,120.038,121.435,4533
2026-02-02 00:39:00.278005,119.455,120.428,118.792,118.986,1747
2026-02-02 01:39:00.278005,120.632,123.616,119.771,120.418,3691
2026-02-02 02:39:00.278005,119.73,121.31,118.526,119.711,1643
2026-02-02 03:39:00.278005,118.573,121.284,116.228,117.523,4217
2026-02-02 04:39:00.278005,119.27,119.437,117.499,118.608,774
2026-02-02 05:39:00.278005,121.019,121.966,119.612,121.468,2030
2026-02-02 06:39:00.278005,125.045,127.284,124.348,126.955,703
2026-02-02 07:39:00.278005,126.715,127.353,126.083,126.187,2424
2026-02-02 08:39:00.278005,130.631,130.781,129.783,129.929,1739
2026-02-02 09:39:00.278005,128.783,131.425,128.556,129.335,18360
2026-02-02 10:39:00.278005,128.171,129.585,127.068,128.756,18411
2026-02-02 11:39:00.278005,126.72,128.941,126.137,127.904,12199
2026-02-02 12:39:00.278005,125.193,128.292,123.96,126.738,3985
2026-02-02 13:39:00.278005,127.254,127.278,123.93,125.387,1414
2026-02-02 14:39:00.278005,123.38,124.204,121.365,123.49,2834
2026-02-02 15:39:00.278005,122.371,124.412,121.423,123.678,5469
2026-02-02 16:39:00.278005,122.903,123.875,122.387,122.784,3771
2026-02-02 17:39:00.278005,118.506,120.316,117.24,117.913,8979
2026-02-02 18:39:00.278005,118.059,118.287,117.416,117.722,7027
2026-02-02 19:39:00.278005,115.734,116.324,114.76,116.286,9860
2026-02-02 20:39:00.278005,114.102,115.901,111.478,114.131,6809
2026-02-02 21:39:00.278005,112.375,112.905,110.709,111.662,3316
2026-02-02 22:39:00.278005,112.306,114.459,110.813,111.981,8759
2026-02-02 23:39:00.278005,113.818,114.85,113.706,113.839,9659
2026-02-03 00:39:00.278005,114.8,116.518,112.282,114.738,7926
2026-02-03 01:39:00.278005,116.217,117.297,114.386,116.629,556
2026-02-03 02:39:00.278005,116.98,117.27,115.76,116.672,1198
2026-02-03 03:39:00.278005,119.16,120.648,116.714,118.127,1152
2026-02-03 04:39:00.278005,119.685,120.465,118.351,119.21,533
2026-02-03 05:39:00.278005,120.781,120.85,118.809,119.42,1774
2026-02-03 06:39:00.278005,119.931,122.283,118.032,120.301,12663
2026-02-03 07:39:00.278005,119.178,121.183,118.367,120.238,1724
2026-02-03 08:39:00.278005,121.618,123.233,121.121,121.616,6810
2026-02-03 09:39:00.278005,122.564,123.538,122.048,122.42,4631
2026-02-03 10:39:00.278005,123.928,124.068,121.963,123.289,4330
2026-02-03 11:39:00.278005,125.165,128.196,124.882,125.241,1745
2026-02-03 12:39:00.278005,127.703,128.915,127.179,128.132,6937
2026-02-03 13:39:00.278005,127.928,128.719,126.043,128.437,2503
2026-02-03 14:39:00.278005,127.172,128.715,126.136,128.438,3375
2026-02-03 15:39:00.278005,129.62,130.584,126.705,128.674,13590
2026-02-03 16:39:00.278005,130.116,131.144,129.281,129.311,6663
2026-02-03 17:39:00.278005,127.068,127.502,126.395,126.561,1671
2026-02-03 18:39:00.278005,128.126,128.791,126.37,127.298,14618
2026-02-03 19:39:00.278005,128.127,129.09,127.524,128.133,3583
2026-02-03 20:39:00.278005,127.816,129.138,126.568,127.568,9907
2026-02-03 21:39:00.278005,129.122,129.469,129.119,129.282,2874
2026-02-03 22:39:00.278005,126.882,127.517,126.158,126.702,847
2026-02-03 23:39:00.278005,123.072,124.923,122.178,122.959,5508
2026-02-04 00:39:00.278005,123.321,123.464,120.201,122.796,4543
2026-02-04 01:39:00.278005,123.026,125.049,121.199,123.636,783
2026-02-04 02:39:00.278005,122.067,124.649,120.231,122.831,1819
2026-02-04 03:39:00.278005,123.066,124.117,119.812,122.754,8920
2026-02-04 04:39:00.278005,122.599,123.724,122.428,122.502,3093
2026-02-04 05:39:00.278005,119.027,119.5,115.989,117.03,2628
2026-02-04 06:39:00.278005,119.15,119.226,116.736,117.742,1011
2026-02-04 07:39:00.278005,118.328,119.088,115.652,117.019,11378
2026-02-04 08:39:00.278005,118.7,119.643,116.409,117.432,2810
2026-02-04 09:39:00.278005,118.195,119.53,116.758,117.406,5258
2026-02-04 10:39:00.278005,112.506,115.035,110.521,113.676,2378
2026-02-04 11:39:00.278005,113.549,115.566,113.479,114.667,1142
2026-02-04 12:39:00.278005,110.022,113.364,108.003,111.014,10364
2026-02-04 13:39:00.278005,108.216,110.224,108.158,109.867,9247
2026-02-04 14:39:00.278005,108.856,109.563,108.259,109.105,1276
2026-02-04 15:39:00.278005,107.934,108.247,107.396,108.134,2006
2026-02-04 16:39:00.278005,106.074,106.834,104.216,105.3,4130
2026-02-04 17:39:00.278005,107.325,108.374,105.802,106.953,5500
2026-02-04 18:39:00.278005,106.559,107.316,106.18,106.875,2112
2026-02-04 19:39:00.278005,105.094,106.48,103.345,104.237,3864
2026-02-04 20:39:00.278005,108.584,110.078,106.663,107.608,20712
2026-02-04 21:39:00.278005,107.984,109.198,106.654,108.55,2639
2026-02-04 22:39:00.278005,107.049,110.932,105.785,108.214,3215
2026-02-04 23:39:00.278005,106.872,107.492,104.616,107.473,1765
2026-02-05 00:39:00.278005,106.517,107.349,103.495,105.699,5120
2026-02-05 01:39:00.278005,106.391,107.768,104.066,106.77,3736
2026-02-05 02:39:00.278005,105.645,109.205,104.704,106.453,667
2026-02-05 03:39:00.278005,105.939,107.569,103.007,104.245,1176
2026-02-05 04:39:00.278005,106.058,107.284,105.836,106.909,1775
2026-02-05 05:39:00.278005,105.232,105.809,105.092,105.531,1394
2026-02-05 06:39:00.278005,100.849,101.537,98.517,101.152,1538
2026-02-05 07:39:00.278005,103.275,103.568,101.931,103.116,871
2026-02-05 08:39:00.278005,103.807,106.978,103.473,103.896,10547
2026-02-05 09:39:00.278005,103.786,104.003,102.511,103.161,2248
2026-02-05 10:39:00.278005,103.407,105.527,103.047,104.243,5722
2026-02-05 11:39:00.278005,104.302,104.493,102.42,103.569,6787
2026-02-05 12:39:00.278005,107.89,108.308,106.449,106.759,10892
2026-02-05 13:39:00.278005,107.349,108.644,106.668,107.47,6933
2026-02-05 14:39:00.278005,109.302,110.557,108.579,109.017,1120
2026-02-05 15:39:00.278005,106.94,107.497,104.781,106.755,2202
2026-02-05 16:39:00.278005,106.515,107.482,103.401,105.457,4537
2026-02-05 17:39:00.278005,106.13,107.208,104.22,106.587,3183
2026-02-05 18:39:00.278005,104.06,104.479,103.778,103.871,39784
2026-02-05 19:39:00.278005,104.755,105.832,103.337,104.782,14616
2026-02-05 20:39:00.278005,105.877,106.693,104.303,105.138,1947
2026-02-05 21:39:00.278005,106.665,107.961,106.142,107.186,4444
2026-02-05 22:39:00.278005,108.454,109.253,107.61,108.923,1425
2026-02-05 23:39:00.278005,108.885,109.754,106.571,106.774,1829
2026-02-06 00:39:00.278005,107.793,110.296,106.464,106.528,7803
2026-02-06 01:39:00.278005,109.603,110.047,109.454,109.484,11928
2026-02-06 02:39:00.278005,110.088,111.882,110.054,110.735,2722
2026-02-06 03:39:00.278005,108.358,109.291,106.445,107.45,623
2026-02-06 04:39:00.278005,110.774,110.94,110.772,110.839,1131
2026-02-06 05:39:00.278005,111.886,113.273,110.806,111.348,970
2026-02-06 06:39:00.278005,112.195,113.319,110.324,110.517,1258
2026-02-06 07:39:00.278005,109.966,110.69,109.266,109.356,3908
2026-02-06 08:39:00.278005,112.263,112.339,111.987,112.263,2998
2026-02-06 09:39:00.278005,111.857,113.539,109.344,112.626,7287
2026-02-06 10:39:00.278005,113.837,114.948,112.237,113.408,2329
2026-02-06 11:39:00.278005,113.95,115.58,113.521,114.646,1915
2026-02-06 12:39:00.278005,113.048,115.235,112.713,113.719,3816
2026-02-06 13:39:00.278005,111.847,112.421,111.332,111.935,5060
2026-02-06 14:39:00.278005,111.19,112.428,109.887,110.328,3253
2026-02-06 15:39:00.278005,113.061,114.196,111.785,112.196,3729
2026-02-06 16:39:00.278005,112.629,115.175,108.505,111.487,2874
2026-02-06 17:39:00.278005,110.744,111.911,108.773,111.798,7021
2026-02-06 18:39:00.278005,110.848,114.005,109.769,110.934,5454
2026-02-06 19:39:00.278005,115.83,117.494,114.935,116.001,8354
2026-02-06 20:39:00.278005,112.348,112.512,109.637,111.158,7303
2026-02-06 21:39:00.278005,112.613,115.384,111.603,112.902,15419
2026-02-06 22:39:00.278005,111.21,112.763,109.944,110.694,2386
2026-02-06 23:39:00.278005,109.968,110.536,109.5,110.412,1548
2026-02-07 00:39:00.278005,110.889,111.977,109.257,109.911,1736
2026-02-07 01:39:00.278005,111.024,112.023,110.428,111.916,2336
2026-02-07 02:39:00.278005,111.479,111.5,110.359,110.52,3832
2026-02-07 03:39:00.278005,113.888,116.395,112.752,112.969,2769
2026-02-07 04:39:00.278005,117.613,117.647,116.379,117.459,1445
2026-02-07 05:39:00.278005,116.521,116.618,114.782,116.281,1847
2026-02-07 06:39:00.278005,119.735,121.746,119.314,119.68,2448
2026-02-07 07:39:00.278005,120.545,122.364,118.854,121.335,8556
2026-02-07 08:39:00.278005,120.503,121.166,118.479,120.478,8450
2026-02-07 09:39:00.278005,121.758,123.582,120.135,121.829,3416
2026-02-07 10:39:00.278005,124.684,125.607,124.649,124.898,1469
2026-02-07 11:39:00.278005,126.333,128.002,124.92,125.526,1733
2026-02-07 12:39:00.278005,126.851,129.267,125.096,127.016,1028
2026-02-07 13:39:00.278005,126.217,127.171,123.681,125.117,1190
2026-02-07 14:39:00.278005,121.652,122.519,120.471,121.643,3059
2026-02-07 15:39:00.278005,124.053,124.49,123.686,123.819,8552
2026-02-07 16:39:00.278005,122.261,123.093,119.979,122.631,17801
2026-02-07 17:39:00.278005,121.028,121.467,118.082,120.437,5317
2026-02-07 18:39:00.278005,122.726,122.995,119.022,122.812,3238
2026-02-07 19:39:00.278005,119.569,120.918,118.735,120.275,10222
2026-02-07 20:39:00.278005,116.938,118.014,114.387,116.797,6053
2026-02-07 21:39:00.278005,115.227,116.519,113.269,114.985,1470
2026-02-07 22:39:00.278005,112.99,113.82,112.438,112.601,1389
2026-02-07 23:39:00.278005,112.461,113.751,112.05,112.926,3130
2026-02-08 00:39:00.278005,115.219,116.564,114.112,114.723,2213
2026-02-08 01:39:00.278005,109.114,109.635,107.737,107.845,5426
2026-02-08 02:39:00.278005,107.987,109.518,107.46,107.718,1326
2026-02-08 03:39:00.278005,107.017,107.907,103.686,107.492,39999
2026-02-08 04:39:00.278005,105.724,105.956,103.83,105.847,646
2026-02-08 05:39:00.278005,102.552,102.965,101.61,102.473,2523
2026-02-08 06:39:00.278005,99.002,102.079,97.858,97.981,1361
2026-02-08 07:39:00.278005,100.823,101.841,97.801,99.737,3418
2026-02-08 08:39:00.278005,103.476,103.641,101.115,102.263,3412
2026-02-08 09:39:00.278005,103.666,107.476,103.374,105.119,6895
2026-02-08 10:39:00.278005,105.039,106.62,104.501,105.951,2940
2026-02-08 11:39:00.278005,103.44,105.148,99.061,101.988,5787
2026-02-08 12:39:00.278005,103.046,104.599,101.914,102.835,7129
2026-02-08 13:39:00.278005,100.153,100.785,99.74,100.22,2066
2026-02-08 14:39:00.278005,101.508,102.472,100.797,100.801,1287
2026-02-08 15:39:00.278005,102.898,103.065,101.668,101.825,5206
2026-02-08 16:39:00.278005,105.275,108.371,105.081,105.236,3962
2026-02-08 17:39:00.278005,105.101,106.441,105.04,105.188,9279
2026-02-08 18:39:00.278005,102.462,103.16,102.326,102.803,19281
2026-02-08 19:39:00.278005,102.31,103.731,101.917,102.519,988
2026-02-08 20:39:00.278005,104.156,105.886,102.507,104.274,6048
2026-02-08 21:39:00.278005,98.262,100.451,96.689,99.11,668
2026-02-08 22:39:00.278005,99.593,101.877,98.366,100.027,5749
2026-02-08 23:39:00.278005,99.17,100.198,98.028,99.306,9690
2026-02-09 00:39:00.278005,99.461,101.145,98.133,100.053,5326
2026-02-09 01:39:00.278005,100.074,100.825,99.033,99.802,3327
2026-02-09 02:39:00.278005,96.716,99.242,93.758,95.987,3385
2026-02-09 03:39:00.278005,98.19,98.965,96.285,98.56,2283
2026-02-09 04:39:00.278005,98.307,99.101,97.927,98.393,310
2026-02-09 05:39:00.278005,99.756,100.889,96.685,98.812,981
2026-02-09 06:39:00.278005,102.235,103.742,101.596,102.392,3584
2026-02-09 07:39:00.278005,102.204,103.667,100.599,102.175,862
2026-02-09 08:39:00.278005,102.16,102.518,102.091,102.4,7087
2026-02-09 09:39:00.278005,101.487,103.17,100.072,100.687,3277
2026-02-09 10:39:00.278005,100.402,101.962,99.211,100.158,6850
2026-02-09 11:39:00.278005,101.767,102.491,100.717,101.958,1715
2026-02-09 12:39:00.278005,104.98,105.033,102.963,104.382,5120
2026-02-09 13:39:00.278005,104.045,104.533,102.451,103.878,624
2026-02-09 14:39:00.278005,107.638,110.529,107.015,107.308,8227
2026-02-09 15:39:00.278005,107.796,109.299,104.547,106.634,4704
2026-02-09 16:39:00.278005,108.031,108.374,107.286,107.738,2462
2026-02-09 17:39:00.278005,108.552,109.86,107.096,109.525,3063
2026-02-09 18:39:00.278005,106.963,108.691,105.339,106.213,4849
2026-02-09 19:39:00.278005,110.384,113.637,110.101,111.853,3863
2026-02-09 20:39:00.278005,112.329,113.499,109.886,112.017,2398
2026-02-09 21:39:00.278005,113.75,115.345,113.375,114.497,12683
2026-02-09 22:39:00.278005,115.261,115.359,113.319,113.92,6428
2026-02-09 23:39:00.278005,117.018,119.444,115.494,117.322,4395
2026-02-10 00:39:00.278005,115.303,115.733,112.815,114.413,1820
2026-02-10 01:39:00.278005,114.1,114.64,113.547,114.229,574
2026-02-10 02:39:00.278005,111.277,113.932,111.239,111.567,494
2026-02-10 03:39:00.278005,112.004,112.055,111.508,112.047,4159
2026-02-10 04:39:00.278005,113.308,116.187,113.236,114.209,10426
2026-02-10 05:39:00.278005,112.292,113.416,112.194,112.395,1535
2026-02-10 06:39:00.278005,114.391,115.459,112.661,113.379,717
2026-02-10 07:39:00.278005,114.027,114.724,111.979,113.947,672
2026-02-10 08:39:00.278005,116.541,116.613,114.889,115.452,2075
2026-02-10 09:39:00.278005,112.129,113.048,111.354,111.792,9966
2026-02-10 10:39:00.278005,111.483,113.452,110.859,111.287,3023
2026-02-10 11:39:00.278005,109.796,111.409,109.42,109.876,6307
2026-02-10 12:39:00.278005,109.58,110.61,106.22,110.106,3895
2026-02-10 13:39:00.278005,105.681,107.172,103.491,104.238,5382
2026-02-10 14:39:00.278005,108.673,109.156,106.284,108.273,5254
2026-02-10 15:39:00.278005,107.33,111.574,105.593,106.066,2031
2026-02-10 16:39:00.278005,107.102,108.096,105.934,107.016,2909
2026-02-10 17:39:00.278005,106.217,107.171,104.932,105.637,2041
2026-02-10 18:39:00.278005,105.816,106.282,103.601,104.894,12301
2026-02-10 19:39:00.278005,106.971,108.187,103.926,106.109,4561
2026-02-10 20:39:00.278005,106.817,109.791,104.245,107.236,15508
2026-02-10 21:39:00.278005,109.665,111.408,109.581,110.222,5610
2026-02-10 22:39:00.278005,109.199,109.421,107.115,108.234,901
2026-02-10 23:39:00.278005,109.663,112.105,108.503,109.949,1990
2026-02-11 00:39:00.278005,110.716,112.018,110.561,111.157,1204
2026-02-11 01:39:00.278005,109.206,110.742,107.336,108.749,3830
2026-02-11 02:39:00.278005,110.139,110.846,108.642,110.138,834
2026-02-11 03:39:00.278005,110.127,110.311,108.75,109.492,1641
2026-02-11 04:39:00.278005,109.982,110.085,109.195,109.781,3495
2026-02-11 05:39:00.278005,110.497,110.844,107.796,109.304,728
2026-02-11 06:39:00.278005,111.548,111.821,110.851,111.612,7449
2026-02-11 07:39:00.278005,112.139,114.028,112.132,112.171,3015
2026-02-11 08:39:00.278005,111.43,112.126,110.43,110.934,6295
2026-02-11 09:39:00.278005,111.96,112.938,110.318,112.475,2345
2026-02-11 10:39:00.278005,111.301,114.438,110.941,112.032,4088
2026-02-11 11:39:00.278005,112.946,114.189,112.131,113.677,2535
2026-02-11 12:39:00.278005,114.352,115.065,111.073,113.902,5071
2026-02-11 13:39:00.278005,117.184,117.419,116.001,116.425,1182
2026-02-11 14:39:00.278005,118.597,118.788,118.294,118.402,4054
2026-02-11 15:39:00.278005,118.735,120.048,115.992,117.685,6965
2026-02-11 16:39:00.278005,117.429,117.493,115.234,117.33,5223
2026-02-11 17:39:00.278005,113.063,115.872,112.406,113.609,1527
2026-02-11 18:39:00.278005,111.73,112.838,110.901,111.369,6143
2026-02-11 19:39:00.278005,112.468,113.645,112.052,113.579,3434
2026-02-11 20:39:00.278005,112.575,113.601,110.098,111.626,9436
2026-02-11 21:39:00.278005,111.076,112.386,109.673,111.189,4739
2026-02-11 22:39:00.278005,111.281,114.441,110.221,113.022,4625
2026-02-11 23:39:00.278005,106.629,108.305,105.84,106.335,1408
2026-02-12 00:39:00.278005,105.092,106.258,104.415,104.99,3664
2026-02-12 01:39:00.278005,102.845,103.968,101.923,103.696,2831
2026-02-12 02:39:00.278005,103.52,106.566,103.377,104.142,1792
2026-02-12 03:39:00.278005,103.084,104.378,102.489,103.904,1419
2026-02-12 04:39:00.278005,104.542,105.703,104.462,104.543,2399
2026-02-12 05:39:00.278005,106.501,106.585,102.707,105.179,1380
2026-02-12 06:39:00.278005,105.363,106.36,104.135,105.417,2813
2026-02-12 07:39:00.278005,103.159,105.209,101.258,104.422,2631
2026-02-12 08:39:00.278005,103.082,104.088,100.922,102.057,20070
2026-02-12 09:39:00.278005,100.975,101.881,99.574,100.114,2884
2026-02-12 10:39:00.278005,100.299,102.614,99.823,101.962,16291
2026-02-12 11:39:00.278005,100.801,102.509,99.688,101.297,2925
2026-02-12 12:39:00.278005,100.098,101.082,97.698,99.203,2767
2026-02-12 13:39:00.278005,101.86,102.254,99.645,101.547,2608
2026-02-12 14:39:00.278005,101.997,103.738,101.883,102.663,1570
2026-02-12 15:39:00.278005,100.617,101.31,98.992,100.493,8415
2026-02-12 16:39:00.278005,99.523,101.442,99.257,100.251,5559
2026-02-12 17:39:00.278005,101.895,103.612,98.753,100.334,2288
2026-02-12 18:39:00.278005,99.753,102.489,98.944,100.835,4182
2026-02-12 19:39:00.278005,101.968,104.249,100.28,101.821,8635
2026-02-12 20:39:00.278005,101.796,106.395,100.473,102.272,3251
2026-02-12 21:39:00.278005,100.44,101.388,99.871,101.141,6412
2026-02-12 22:39:00.278005,103.932,105.028,102.81,103.702,4024
2026-02-12 23:39:00.278005,103.823,104.265,102.429,103.553,5324
2026-02-13 00:39:00.278005,107.077,108.023,105.188,106.767,2855
2026-02-13 01:39:00.278005,107.761,110.235,105.845,107.324,1730
2026-02-13 02:39:00.278005,109.842,110.142,109.195,109.666,640
2026-02-13 03:39:00.278005,108.665,110.119,106.639,107.912,3313
2026-02-13 04:39:00.278005,106.255,107.788,104.878,106.676,2142
2026-02-13 05:39:00.278005,106.896,108.251,105.48,105.932,4450
2026-02-13 06:39:00.278005,105.827,107.853,105.4,105.66,1120
2026-02-13 07:39:00.278005,106.213,107.464,105.12,105.278,3583
2026-02-13 08:39:00.278005,107.18,107.481,104.265,104.894,1466
2026-02-13 09:39:00.278005,108.793,110.135,105.954,108.739,5427
2026-02-13 10:39:00.278005,106.98,107.925,105.186,106.37,2014
2026-02-13 11:39:00.278005,107.846,108.743,107.621,108.382,1275
2026-02-13 12:39:00.278005,110.341,112.133,109.311,110.034,9313
2026-02-13 13:39:00.278005,110.316,111.638,109.615,111.375,15929
2026-02-13 14:39:00.278005,111.838,113.234,110.48,111.336,6448
2026-02-13 15:39:00.278005,108.3,108.423,107.29,107.833,5262
2026-02-13 16:39:00.278005,108.371,109.387,107.724,108.766,5441
2026-02-13 17:39:00.278005,108.846,109.148,108.32,108.44,1688
2026-02-13 18:39:00.278005,110.209,110.288,108.001,109.661,3267
2026-02-13 19:39:00.278005,108.708,112.146,108.236,110.759,2754
2026-02-13 20:39:00.278005,109.552,110.553,109.153,109.452,3019
2026-02-13 21:39:00.278005,113.091,114.099,111.859,113.999,5840
2026-02-13 22:39:00.278005,113.966,115.888,113.138,113.141,13709
2026-02-13 23:39:00.278005,114.864,116.499,112.367,113.292,1783
2026-02-14 00:39:00.278005,115.205,116.761,115.031,115.732,8424
2026-02-14 01:39:00.278005,113.988,115.246,112.126,112.961,633
2026-02-14 02:39:00.278005,114.521,115.091,114.409,115.002,2731
2026-02-14 03:39:00.278005,113.644,113.731,113.046,113.343,3790
2026-02-14 04:39:00.278005,115.463,117.05,112.73,114.15,3837
2026-02-14 05:39:00.278005,115.997,117.639,115.348,116.065,979
2026-02-14 06:39:00.278005,115.476,117.269,113.639,116.395,7118
2026-02-14 07:39:00.278005,115.658,116.88,114.612,115.814,459
2026-02-14 08:39:00.278005,113.929,115.378,113.326,115.37,7560
2026-02-14 09:39:00.278005,116.609,116.887,114.362,116.321,4356
2026-02-14 10:39:00.278005,118.374,121.631,116.993,119.184,1323
2026-02-14 11:39:00.278005,116.686,118.034,116.568,117.554,4129
2026-02-14 12:39:00.278005,118.915,119.924,118.445,118.698,26158
2026-02-14 13:39:00.278005,117.182,119.373,116.853,118.302,4828
2026-02-14 14:39:00.278005,116.067,117.299,115.397,115.944,8798
2026-02-14 15:39:00.278005,117.342,119.745,114.754,116.624,6932
2026-02-14 16:39:00.278005,119.968,120.461,118.562,118.908,8089
2026-02-14 17:39:00.278005,119.887,121.472,117.371,121.255,7427
2026-02-14 18:39:00.278005,123.873,126.821,122.603,123.623,3729
2026-02-14 19:39:00.278005,123.102,123.955,122.917,123.174,5972
2026-02-14 20:39:00.278005,119.759,121.83,118.925,119.056,6001
2026-02-14 21:39:00.278005,120.486,121.648,118.839,120.94,1377
2026-02-14 22:39:00.278005,120.376,122.103,119.833,121.284,2321
2026-02-14 23:39:00.278005,123.78,124.632,122.177,123.247,9141
2026-02-15 00:39:00.278005,121.412,123.53,119.631,121.997,318
2026-02-15 01:39:00.278005,123.324,124.34,121.952,123.62,1153
2026-02-15 02:39:00.278005,124.555,126.318,123.277,123.649,4338
2026-02-15 03:39:00.278005,124.892,126.59,122.246,125.112,3508
2026-02-15 04:39:00.278005,125.494,127.741,123.478,126.162,1006
2026-02-15 05:39:00.278005,126.415,128.119,126.077,127.123,1960
2026-02-15 06:39:00.278005,128.064,128.508,125.842,126.966,3740
2026-02-15 07:39:00.278005,126.052,128.25,125.553,127.009,2709
2026-02-15 08:39:00.278005,121.813,122.802,120.548,122.031,2575
2026-02-15 09:39:00.278005,120.985,121.791,120.196,120.704,5255
2026-02-15 10:39:00.278005,121.147,121.845,119.677,121.413,4440
2026-02-15 11:39:00.278005,120.882,122.384,119.493,121.749,16271
2026-02-15 12:39:00.278005,119.785,120.409,119.665,120.281,3069
2026-02-15 13:39:00.278005,119.662,120.771,118.045,119.229,16273
2026-02-15 14:39:00.278005,120.346,123.863,119.364,120.215,5462
2026-02-15 15:39:00.278005,120.263,121.238,118.653,119.96,1846
2026-02-15 16:39:00.278005,124.638,125.359,123.141,124.057,1762
2026-02-15 17:39:00.278005,123.954,124.613,122.827,124.455,2854
2026-02-15 18:39:00.278005,125.255,127.366,122.258,123.506,1913
2026-02-15 19:39:00.278005,131.03,132.422,129.905,131.717,3608
2026-02-15 20:39:00.278005,131.912,132.266,130.792,131.599,16435
2026-02-15 21:39:00.278005,129.627,130.535,128.368,130.4,811
2026-02-15 22:39:00.278005,126.246,126.829,124.286,125.189,3727
2026-02-15 23:39:00.278005,128.666,129.971,126.534,127.046,20768
2026-02-16 00:39:00.278005,124.656,127.642,124.238,125.703,2722
2026-02-16 01:39:00.278005,123.622,124.791,122.643,122.733,3631
2026-02-16 02:39:00.278005,122.421,122.791,122.313,122.448,2497
2026-02-16 03:39:00.278005,120.899,123.315,119.064,121.759,2933
2026-02-16 04:39:00.278005,120.601,123.92,119.096,121.84,1511
2026-02-16 05:39:00.278005,122.982,123.659,120.33,121.71,2065
2026-02-16 06:39:00.278005,123.627,124.297,122.328,123.305,7462
2026-02-16 07:39:00.278005,122.644,123.144,121.923,122.65,4423
2026-02-16 08:39:00.278005,122.398,124.028,121.063,123.77,4848
2026-02-16 09:39:00.278005,119.437,120.391,117.563,118.911,2470
2026-02-16 10:39:00.278005,118.552,120.38,117.027,119.512,1105
2026-02-16 11:39:00.278005,122.011,122.966,120.682,121.054,11427
2026-02-16 12:39:00.278005,121.333,123.398,118.797,120.862,3383
2026-02-16 13:39:00.278005,122.744,124.461,122.332,123.42,9965
2026-02-16 14:39:00.278005,125.402,126.939,125.015,126.101,7850
2026-02-16 15:39:00.278005,124.125,126.207,122.573,123.6,5017
2026-02-16 16:39:00.278005,125.244,125.371,122.858,124.169,4240
2026-02-16 17:39:00.278005,126.22,127.203,124.418,124.855,12806
2026-02-16 18:39:00.278005,125.457,126.85,125.109,125.158,5874
2026-02-16 19:39:00.278005,126.376,128.79,124.868,128.194,7875
2026-02-16 20:39:00.278005,127.749,129.365,125.987,127.257,13257
2026-02-16 21:39:00.278005,126.916,128.52,126.739,128.408,5547
2026-02-16 22:39:00.278005,124.411,125.825,124.052,124.474,3322
2026-02-16 23:39:00.278005,124.293,125.455,119.81,123.692,8000
2026-02-17 00:39:00.278005,125.537,126.029,123.013,125.411,1250
2026-02-17 01:39:00.278005,122.549,123.526,121.477,121.886,2301
2026-02-17 02:39:00.278005,123.69,125.285,120.922,122.519,8881
2026-02-17 03:39:00.278005,123.038,125.369,120.609,124.322,2311
2026-02-17 04:39:00.278005,121.132,121.562,120.221,121.172,2994
2026-02-17 05:39:00.278005,121.095,121.456,119.085,120.134,1169
2026-02-17 06:39:00.278005,119.794,120.731,117.341,120.052,721
2026-02-17 07:39:00.278005,119.455,122.503,117.252,120.449,837
2026-02-17 08:39:00.278005,118.507,120.673,116.849,118.671,9169
2026-02-17 09:39:00.278005,118.857,120.035,117.946,119.741,10315
2026-02-17 10:39:00.278005,119.979,121.698,119.374,119.391,2817
2026-02-17 11:39:00.278005,116.696,117.703,115.858,117.03,7853
2026-02-17 12:39:00.278005,118.171,119.623,117.67,118.734,8344
2026-02-17 13:39:00.278005,117.867,119.101,115.805,118.314,5812
2026-02-17 14:39:00.278005,116.367,117.732,114.459,115.845,5950
2026-02-17 15:39:00.278005,113.241,117.171,112.122,114.677,3628
2026-02-17 16:39:00.278005,113.183,114.123,111.774,112.879,8765
2026-02-17 17:39:00.278005,112.55,112.753,110.7,111.567,6186
2026-02-17 18:39:00.278005,112.001,113.31,109.231,112.954,6230
2026-02-17 19:39:00.278005,111.883,112.421,110.523,112.038,1125
2026-02-17 20:39:00.278005,114.707,115.84,113.017,114.501,5064
2026-02-17 21:39:00.278005,114.452,115.425,113.607,115.055,2653
2026-02-17 22:39:00.278005,111.621,113.26,110.942,112.421,1818
2026-02-17 23:39:00.278005,113.168,113.696,109.559,111.692,15578
2026-02-18 00:39:00.278005,108.626,109.989,105.657,107.891,2480
2026-02-18 01:39:00.278005,107.108,108.733,106.402,107.022,7528
2026-02-18 02:39:00.278005,110.266,110.603,108.653,110.568,3642
2026-02-18 03:39:00.278005,111.507,111.773,110.436,111.38,1332
2026-02-18 04:39:00.278005,110.49,111.175,108.78,110.313,2217
2026-02-18 05:39:00.278005,110.242,111.349,109.434,109.906,325
2026-02-18 06:39:00.278005,107.929,109.28,106.933,107.277,336
2026-02-18 07:39:00.278005,106.818,108.1,106.674,106.982,3109
2026-02-18 08:39:00.278005,106.437,108.347,105.994,105.996,7706
2026-02-18 09:39:00.278005,109.416,109.988,107.973,108.277,43765
2026-02-18 10:39:00.278005,107.942,110.476,105.296,108.134,8021
2026-02-18 11:39:00.278005,107.619,110.101,107.2,109.756,6311
2026-02-18 12:39:00.278005,108.246,111.373,106.285,107.56,2737
2026-02-18 13:39:00.278005,105.705,107.543,105.555,106.608,8860
2026-02-18 14:39:00.278005,104.338,105.545,104.113,105.259,7340
2026-02-18 15:39:00.278005,104.22,106.206,102.657,104.619,827
2026-02-18 16:39:00.278005,105.313,106.459,104.305,105.972,7411
2026-02-18 17:39:00.278005,104.504,104.652,103.083,103.642,3295
2026-02-18 18:39:00.278005,101.348,105.221,99.977,102.136,5251
2026-02-18 19:39:00.278005,105.18,108.368,103.469,106.263,14295
2026-02-18 20:39:00.278005,105.722,107.844,104.722,106.384,4472
2026-02-18 21:39:00.278005,106.523,108.689,105.989,108.271,4468
2026-02-18 22:39:00.278005,109.288,110.241,108.805,110.125,3199
2026-02-18 23:39:00.278005,109.659,110.669,107.368,109.091,10040
2026-02-19 00:39:00.278005,109.345,113.557,108.666,109.153,2818
2026-02-19 01:39:00.278005,106.318,107.341,103.636,104.712,1152
2026-02-19 02:39:00.278005,104.861,106.087,104.336,105.904,5121
2026-02-19 03:39:00.278005,104.716,107.282,103.958,105.142,2699
2026-02-19 04:39:00.278005,104.791,107.285,103.849,103.988,1142
2026-02-19 05:39:00.278005,105.094,106.234,103.332,104.128,2827
2026-02-19 06:39:00.278005,105.372,105.459,103.6,104.382,1621
2026-02-19 07:39:00.278005,106.763,108.023,105.475,106.078,1860
2026-02-19 08:39:00.278005,107.7,109.681,106.524,107.618,8417
2026-02-19 09:39:00.278005,106.105,106.912,103.287,104.748,1752
2026-02-19 10:39:00.278005,106.186,107.568,105.001,106.259,17155
2026-02-19 11:39:00.278005,107.158,108.985,106.195,107.777,3999
2026-02-19 12:39:00.278005,106.671,107.165,105.84,106.076,18517
2026-02-19 13:39:00.278005,106.662,107.342,104.39,105.512,10412
2026-02-19 14:39:00.278005,108.188,110.163,107.708,109.783,4810
2026-02-19 15:39:00.278005,107.468,108.794,106.945,107.844,6664
2026-02-19 16:39:00.278005,106.331,109.183,106.329,106.998,6849
2026-02-19 17:39:00.278005,108.531,109.099,108.333,108.889,3016
2026-02-19 18:39:00.278005,108.615,109.824,105.695,107.089,4719
2026-02-19 19:39:00.278005,110.425,112.375,109.683,109.781,4185
2026-02-19 20:39:00.278005,111.626,114.919,111.127,112.269,3967
2026-02-19 21:39:00.278005,110.569,113.1,110.512,111.168,14693
2026-02-19 22:39:00.278005,110.137,110.405,110.111,110.272,2172
2026-02-19 23:39:00.278005,109.061,110.284,108.653,109.331,406
2026-02-20 00:39:00.278005,108.679,111.701,108.217,109.08,643
2026-02-20 01:39:00.278005,106.297,109.023,105.647,106.88,8292
2026-02-20 02:39:00.278005,105.719,107.27,105.082,106.402,2621
2026-02-20 03:39:00.278005,105.796,105.874,105.458,105.77,2499
2026-02-20 04:39:00.278005,105.733,106.73,103.539,104.618,1708
2026-02-20 05:39:00.278005,105.684,107.108,103.267,105.968,1535
2026-02-20 06:39:00.278005,106.692,107.567,104.043,105.461,6846
2026-02-20 07:39:00.278005,105.989,106.062,103.55,105.984,2343
2026-02-20 08:39:00.278005,106.629,108.225,106.453,106.56,3252
2026-02-20 09:39:00.278005,104.639,104.67,103.873,104.452,5445
2026-02-20 10:39:00.278005,102.254,102.835,101.53,102.18,1907
2026-02-20 11:39:00.278005,101.554,103.327,99.77,100.944,11803
2026-02-20 12:39:00.278005,100.305,101.981,99.941,101.408,4751
2026-02-20 13:39:00.278005,100.899,101.821,100.784,101.466,4737
2026-02-20 14:39:00.278005,98.732,99.995,98.617,99.19,4937
2026-02-20 15:39:00.278005,104.891,107.108,102.765,105.085,2058
2026-02-20 16:39:00.278005,105.024,105.935,104.701,105.603,9152
2026-02-20 17:39:00.278005,106.052,106.923,105.279,106.236,5456
2026-02-20 18:39:00.278005,105.343,106.191,104.158,104.958,6371
2026-02-20 19:39:00.278005,106.199,109.307,104.968,107.676,41809
2026-02-20 20:39:00.278005,102.161,102.732,100.978,102.035,4383
2026-02-20 21:39:00.278005,105.491,106.713,104.745,105.501,918
2026-02-20 22:39:00.278005,105.736,105.755,105.117,105.653,730
2026-02-20 23:39:00.278005,106.946,107.863,104.766,105.428,3756
2026-02-21 00:39:00.278005,106.098,107.185,105.664,106.083,494
2026-02-21 01:39:00.278005,106.105,106.403,103.372,104.043,4693
2026-02-21 02:39:00.278005,105.943,108.108,105.27,106.079,3080
2026-02-21 03:39:00.278005,103.188,104.886,102.72,102.971,4133
2026-02-21 04:39:00.278005,102.969,103.479,101.939,102.042,5733
2026-02-21 05:39:00.278005,106.064,106.473,103.724,104.174,396
2026-02-21 06:39:00.278005,107.348,109.241,104.085,106.949,1691
2026-02-21 07:39:00.278005,107.01,107.311,106.444,106.755,1032
2026-02-21 08:39:00.278005,107.721,109.302,106.14,109.262,1166
2026-02-21 09:39:00.278005,106.834,107.677,105.838,106.116,1894
2026-02-21 10:39:00.278005,110.007,110.908,107.625,108.426,5432
2026-02-21 11:39:00.278005,110.982,112.35,110.49,110.555,1561
2026-02-21 12:39:00.278005,114.045,115.595,111.124,113.399,7688
2026-02-21 13:39:00.278005,115.463,117.751,114.974,116.748,3085
2026-02-21 14:39:00.278005,113.63,116.392,113.028,113.074,3241
2026-02-21 15:39:00.278005,112.412,112.437,111.735,111.812,2689
2026-02-21 16:39:00.278005,113.457,115.743,112.356,114.845,4940
2026-02-21 17:39:00.278005,113.802,115.342,112.983,114.241,4556
2026-02-21 18:39:00.278005,110.742,110.77,109.504,109.863,34414
2026-02-21 19:39:00.278005,111.765,114.08,110.375,112.139,5530
2026-02-21 20:39:00.278005,112.775,114.914,111.323,112.394,9117
2026-02-21 21:39:00.278005,109.926,110.387,107.171,109.666,4284
2026-02-21 22:39:00.278005,105.393,108.519,104.937,106.337,8732
2026-02-21 23:39:00.278005,105.318,107.382,104.36,106.763,9356
2026-02-22 00:39:00.278005,104.795,106.72,104.751,105.141,2860
2026-02-22 01:39:00.278005,106.701,106.903,105.633,106.166,1195
2026-02-22 02:39:00.278005,104.364,105.299,101.65,104.172,404
2026-02-22 03:39:00.278005,105.326,107.346,104.141,107.027,5282
2026-02-22 04:39:00.278005,106.318,108.558,106.041,107.664,1999
2026-02-22 05:39:00.278005,104.008,105.629,103.606,103.701,571
2026-02-22 06:39:00.278005,103.521,105.461,102.696,102.977,3573
2026-02-22 07:39:00.278005,105.499,105.994,104.598,104.936,2335
2026-02-22 08:39:00.278005,105.354,106.79,102.583,105.798,4935
2026-02-22 09:39:00.278005,103.417,106.001,102.951,104.05,3601
2026-02-22 10:39:00.278005,101.37,102.029,100.363,100.495,2986
2026-02-22 11:39:00.278005,103.56,106.427,101.101,105.798,14758
2026-02-22 12:39:00.278005,103.757,103.803,102.673,103.207,3928
2026-02-22 13:39:00.278005,105.007,105.55,103.726,104.167,5836
2026-02-22 14:39:00.278005,104.241,104.532,103.183,104.459,3640
2026-02-22 15:39:00.278005,103.059,106.527,102.252,104.256,6608
2026-02-22 16:39:00.278005,99.691,100.127,98.539,99.11,11164
2026-02-22 17:39:00.278005,99.14,99.912,97.073,97.635,13200
2026-02-22 18:39:00.278005,103.64,106.645,100.969,102.058,16844
2026-02-22 19:39:00.278005,102.787,103.793,102.401,102.727,12223
2026-02-22 20:39:00.278005,100.176,101.038,98.825,98.84,8513
2026-02-22 21:39:00.278005,99.403,100.115,98.035,99.412,5105
2026-02-22 22:39:00.278005,100.747,102.135,100.222,101.321,6347
2026-02-22 23:39:00.278005,103.612,107.127,100.734,104.822,11782
2026-02-23 00:39:00.278005,104.072,105.407,102.565,102.918,555
2026-02-23 01:39:00.278005,104.539,105.704,103.924,104.211,2610
2026-02-23 02:39:00.278005,107.077,107.561,106.464,106.781,4811
2026-02-23 03:39:00.278005,108.514,110.161,106.271,109.893,4207
2026-02-23 04:39:00.278005,106.669,108.219,104.9,105.61,6627
2026-02-23 05:39:00.278005,106.593,108.919,105.881,106.162,427
2026-02-23 06:39:00.278005,107.446,108.167,106.354,106.538,4734
2026-02-23 07:39:00.278005,109.329,111.375,108.872,109.926,2218
2026-02-23 08:39:00.278005,107.638,107.969,105.295,107.412,1778
2026-02-23 09:39:00.278005,110.958,114.759,109.824,110.611,1491
2026-02-23 10:39:00.278005,116.012,117.338,115.344,116.603,9955
2026-02-23 11:39:00.278005,114.894,115.913,114.376,115.533,10756
2026-02-23 12:39:00.278005,118.303,119.786,115.367,118.503,4837
2026-02-23 13:39:00.278005,118.57,118.601,116.336,117.213,17975
2026-02-23 14:39:00.278005,118.184,118.83,117.26,117.377,2050
2026-02-23 15:39:00.278005,118.705,119.633,118.555,119.547,7343
2026-02-23 16:39:00.278005,119.133,120.137,118.994,119.071,2704
2026-02-23 17:39:00.278005,117.895,119.213,116.451,117.988,1574
2026-02-23 18:39:00.278005,115.699,116.685,115.66,115.741,6933
2026-02-23 19:39:00.278005,114.273,115.121,110.992,112.429,5270
2026-02-23 20:39:00.278005,113.269,113.947,110.62,112.701,6927
2026-02-23 21:39:00.278005,110.514,111.478,109.752,111.292,4162
2026-02-23 22:39:00.278005,112.358,113.938,112.166,112.577,18548
2026-02-23 23:39:00.278005,114.995,117.221,114.778,115.821,4095
2026-02-24 00:39:00.278005,113.211,114.093,112.232,113.249,703
2026-02-24 01:39:00.278005,113.933,115.645,113.2,115.035,1292
2026-02-24 02:39:00.278005,114.518,115.542,113.703,115.214,1486
2026-02-24 03:39:00.278005,114.655,115.69,111.588,113.111,1682
2026-02-24 04:39:00.278005,111.733,112.985,110.189,112.305,4771
2026-02-24 05:39:00.278005,115.242,115.265,114.747,114.787,373
2026-02-24 06:39:00.278005,113.031,113.236,111.771,111.984,3143
2026-02-24 07:39:00.278005,113.575,116.15,112.938,113.974,2407
2026-02-24 08:39:00.278005,116.89,118.737,116.714,117.426,12111
2026-02-24 09:39:00.278005,114.146,115.309,112.855,113.381,3329
2026-02-24 10:39:00.278005,114.823,117.497,114.339,115.048,5298
2026-02-24 11:39:00.278005,112.908,114.997,112.071,112.161,10498
2026-02-24 12:39:00.278005,113.373,113.866,111.342,113.095,13720
2026-02-24 13:39:00.278005,111.351,111.928,109.484,111.719,2700
2026-02-24 14:39:00.278005,112.937,113.984,112.39,112.695,20635
2026-02-24 15:39:00.278005,109.095,110.7,108.137,110.4,2496
2026-02-24 16:39:00.278005,109.432,112.611,108.31,110.691,7976
2026-02-24 17:39:00.278005,109.535,109.792,107.491,108.885,2240
2026-02-24 18:39:00.278005,111.294,112.237,108.444,109.925,951
2026-02-24 19:39:00.278005,110.085,111.681,109.729,111.666,1652
2026-02-24 20:39:00.278005,110.098,111.48,108.698,111.234,14249
2026-02-24 21:39:00.278005,111.396,113.341,111.14,112.544,1827
2026-02-24 22:39:00.278005,113.774,114.953,112.46,114.543,7260
2026-02-24 23:39:00.278005,111.129,112.789,108.475,109.644,2218
2026-02-25 00:39:00.278005,112.15,112.602,111.393,112.451,1550
2026-02-25 01:39:00.278005,111.257,111.752,110.726,111.669,2429
2026-02-25 02:39:00.278005,110.906,114.077,110.599,113.234,1222
2026-02-25 03:39:00.278005,110.594,111.597,109.23,110.11,2076
2026-02-25 04:39:00.278005,108.927,110.785,108.728,109.81,611
2026-02-25 05:39:00.278005,105.129,106.051,105.101,105.843,1437
2026-02-25 06:39:00.278005,107.213,108.282,106.922,107.854,782
2026-02-25 07:39:00.278005,104.073,105.735,103.76,104.992,249
2026-02-25 08:39:00.278005,105.549,105.845,104.756,105.516,8175
2026-02-25 09:39:00.278005,103.812,104.963,102.536,104.426,1973
2026-02-25 10:39:00.278005,101.001,101.093,99.846,100.611,8000
2026-02-25 11:39:00.278005,101.707,103.302,100.113,101.258,24613
2026-02-25 12:39:00.278005,99.929,101.791,98.52,101.674,3245
2026-02-25 13:39:00.278005,98.462,99.549,96.882,99.333,264
2026-02-25 14:39:00.278005,99.747,100.09,97.881,99.516,4604
2026-02-25 15:39:00.278005,97.495,98.915,97.081,98.358,10390
2026-02-25 16:39:00.278005,96.388,96.404,93.776,94.268,15935
