date,open,high,low,close,volume,instrument_id
2010-06-07,1061.25,1070.75,1047.0,1049.25,2317993,6640
2010-06-08,1051.5,1063.25,1041.25,1060.5,3307153,6640
2010-06-09,1058.75,1077.75,1051.25,1053.0,2691352,6640
2010-06-10,1055.25,1087.75,1052.5,1085.5,1798787,6640
2010-06-11,1084.75,1092.25,1074.5,1089.5,716356,6640
2010-06-13,1090.5,1095.5,1089.75,1095.25,5518,6640
2010-06-14,1094.75,1106.0,1088.75,1090.5,399393,6640
2010-06-15,1090.0,1115.75,1088.5,1112.25,333698,6640
2010-06-16,1111.25,1119.0,1104.25,1112.5,213469,6640
2010-06-17,1111.0,1122.5,1105.5,1115.5,177800,6640
2010-06-18,1115.5,1119.0,1113.0,1118.75,21665,6640
2010-06-20,1116.0,1127.5,1115.5,1124.25,33521,26714
2010-06-21,1124.5,1129.5,1103.25,1110.75,2138861,26714
2010-06-22,1111.25,1117.0,1089.5,1091.75,2289262,26714
2010-06-23,1092.0,1097.75,1080.25,1084.75,2229777,26714
2010-06-24,1086.5,1091.0,1066.5,1072.75,2557333,26714
2010-06-25,1073.0,1079.5,1062.75,1074.75,2425605,26714
2010-06-27,1074.25,1077.5,1074.25,1075.5,10972,26714
2010-06-28,1075.25,1079.75,1066.5,1070.75,1687469,26714
2010-06-29,1071.75,1074.75,1030.25,1033.75,3110174,26714
2010-06-30,1035.5,1044.5,1022.75,1024.0,2622460,26714
2010-07-01,1026.25,1029.75,1006.0,1022.5,3329192,26714
2010-07-02,1024.25,1032.5,1010.75,1014.25,2123284,26714
2010-07-04,1015.0,1016.5,1013.0,1015.0,6686,26714
2010-07-05,1015.0,1018.5,1007.25,1008.25,120986,26714
2010-07-06,1008.0,1038.5,1002.75,1025.0,2312215,26714
2010-07-07,1024.25,1059.75,1016.25,1058.5,2562899,26714
2010-07-08,1058.0,1068.5,1054.0,1067.0,2092503,26714
2010-07-09,1065.25,1075.0,1063.25,1071.75,1409497,26714
2010-07-11,1071.5,1072.25,1070.0,1070.5,6670,26714
2010-07-12,1070.5,1081.0,1065.5,1079.0,1393232,26714
2010-07-13,1079.5,1099.0,1073.0,1097.75,2043551,26714
2010-07-14,1098.0,1098.5,1083.5,1092.0,1886073,26714
2010-07-15,1091.5,1099.25,1076.25,1093.75,2429681,26714
2010-07-16,1093.75,1094.75,1059.0,1063.25,2475063,26714
2010-07-18,1061.75,1063.0,1060.0,1061.5,10787,26714
2010-07-19,1061.75,1071.0,1057.0,1059.75,1744433,26714
2010-07-20,1061.25,1085.0,1050.75,1080.75,2294129,26714
2010-07-21,1081.0,1087.75,1061.0,1062.75,2395670,26714
2010-07-22,1064.75,1094.5,1061.25,1087.75,2186370,26714
2010-07-23,1091.25,1101.5,1084.0,1101.0,2068815,26714
2010-07-25,1101.25,1102.75,1098.5,1099.75,11607,26714
2010-07-26,1099.75,1111.75,1097.0,1109.5,1534399,26714
2010-07-27,1108.25,1118.75,1106.0,1110.25,1822232,26714
2010-07-28,1110.75,1115.75,1099.25,1101.5,1643578,26714
2010-07-29,1103.0,1113.0,1088.75,1096.5,2247372,26714
2010-07-30,1096.0,1103.5,1083.5,1100.25,2118636,26714
2010-08-01,1104.5,1104.75,1101.75,1103.75,8466,26714
2010-08-02,1103.75,1124.25,1103.5,1122.0,1611787,26714
2010-08-03,1121.75,1122.75,1113.25,1118.75,1487616,26714
2010-08-04,1118.25,1126.0,1112.25,1124.0,1591686,26714
2010-08-05,1124.75,1127.75,1115.5,1124.25,1324512,26714
2010-08-06,1123.5,1127.0,1103.75,1119.75,2169736,26714
2010-08-08,1120.0,1121.5,1116.5,1116.75,12336,26714
2010-08-09,1116.75,1126.75,1116.5,1125.0,990901,26714
2010-08-10,1124.75,1125.0,1108.25,1119.25,2035209,26714
2010-08-11,1117.25,1117.5,1073.25,1075.75,2684927,26714
2010-08-12,1078.75,1087.5,1070.5,1079.75,2127623,26714
2010-08-13,1081.5,1089.0,1072.5,1075.75,1467956,26714
2010-08-15,1077.5,1077.5,1073.5,1074.5,7617,26714
2010-08-16,1074.5,1081.5,1066.25,1077.5,1612274,26714
2010-08-17,1075.75,1098.5,1074.5,1089.0,1780215,26714
2010-08-18,1089.75,1098.5,1083.75,1087.75,1808673,26714
2010-08-19,1086.0,1095.0,1068.5,1072.0,2421618,26714
2010-08-20,1073.0,1076.0,1061.75,1071.0,1789300,26714
2010-08-22,1070.0,1074.25,1069.0,1072.0,10343,26714
2010-08-23,1072.0,1080.25,1061.0,1065.25,1560708,26714
2010-08-24,1062.25,1065.25,1044.0,1048.5,2456268,26714
2010-08-25,1052.0,1057.75,1037.0,1055.0,2457615,26714
2010-08-26,1056.5,1061.75,1041.75,1042.5,1992397,26714
2010-08-27,1044.0,1064.5,1037.25,1064.0,2517644,26714
2010-08-29,1064.5,1068.75,1063.75,1067.25,14758,26714
2010-08-30,1067.0,1072.75,1044.5,1045.25,1480853,26714
2010-08-31,1046.75,1054.25,1037.5,1052.25,2508674,26714
2010-09-01,1052.0,1082.5,1050.75,1080.25,2347901,26714
2010-09-02,1081.25,1090.5,1076.5,1089.0,1588880,26714
2010-09-03,1088.0,1104.5,1086.25,1103.25,1966205,26714
2010-09-05,1103.75,1105.75,1101.75,1104.0,6239,26714
2010-09-06,1104.0,1107.0,1102.0,1102.0,109359,26714
2010-09-07,1102.5,1107.25,1089.75,1091.5,1518392,26714
2010-09-08,1091.0,1103.0,1086.25,1101.25,1710146,26714
2010-09-09,1101.0,1112.0,1096.75,1102.0,1116271,26714
2010-09-10,1101.75,1110.5,1100.75,1109.5,388617,26714
2010-09-12,1112.5,1118.0,1112.0,1116.5,7637,26714
2010-09-13,1116.5,1124.5,1115.75,1123.75,364550,26714
2010-09-14,1122.0,1127.5,1115.0,1119.25,273912,26714
2010-09-15,1118.5,1126.75,1114.0,1125.75,201573,26714
2010-09-16,1125.0,1130.0,1118.0,1127.75,146462,26714
2010-09-17,1129.75,1137.75,1128.5,1133.0,31242,26714
2010-09-19,1118.5,1120.25,1117.0,1117.75,11764,3076
2010-09-20,1117.75,1140.25,1117.75,1136.0,1787743,3076
2010-09-21,1136.5,1144.0,1130.25,1133.5,2082424,3076
2010-09-22,1134.25,1140.25,1126.5,1131.75,1944093,3076
2010-09-23,1131.5,1134.5,1117.25,1120.5,2185295,3076
2010-09-24,1118.75,1144.5,1118.5,1143.0,1829301,3076
2010-09-26,1144.0,1149.75,1143.25,1148.5,25687,3076
2010-09-27,1148.5,1148.75,1137.0,1138.75,1330177,3076
2010-09-28,1137.75,1146.0,1127.25,1142.5,2298420,3076
2010-09-29,1142.5,1146.75,1135.5,1140.0,1855018,3076
2010-09-30,1139.75,1153.5,1131.25,1136.0,2829151,3076
2010-10-01,1137.75,1146.5,1134.5,1142.25,2048170,3076
2010-10-03,1143.25,1143.75,1138.75,1139.75,10989,3076
2010-10-04,1139.75,1144.0,1127.0,1134.75,1852311,3076
2010-10-05,1135.0,1158.75,1132.75,1155.0,2204165,3076
2010-10-06,1155.75,1160.0,1151.0,1154.75,1713505,3076
2010-10-07,1154.75,1163.75,1147.25,1156.5,1985073,3076
2010-10-08,1157.25,1164.0,1145.5,1160.5,1953527,3076
2010-10-10,1161.5,1165.0,1161.5,1164.5,9804,3076
2010-10-11,1164.5,1165.0,1157.75,1162.0,1004203,3076
2010-10-12,1162.5,1169.0,1151.75,1166.5,1917875,3076
2010-10-13,1166.0,1181.0,1164.25,1174.25,2149689,3076
2010-10-14,1174.5,1180.75,1162.5,1174.75,2417544,3076
2010-10-15,1171.75,1180.0,1163.0,1175.0,2601212,3076
2010-10-17,1174.25,1174.75,1172.0,1172.5,11675,3076
2010-10-18,1172.5,1182.25,1164.75,1172.5,1526581,3076
2010-10-19,1173.75,1178.0,1155.5,1163.0,3000060,3076
2010-10-20,1161.0,1180.0,1160.5,1175.5,2282617,3076
2010-10-21,1177.0,1186.25,1167.25,1175.5,2403888,3076
2010-10-22,1176.0,1181.5,1173.25,1181.25,1192149,3076
2010-10-24,1180.75,1183.25,1180.5,1182.75,10132,3076
2010-10-25,1183.0,1193.0,1181.25,1183.0,1755467,3076
2010-10-26,1182.5,1184.25,1174.0,1183.5,1740354,3076
2010-10-27,1184.0,1186.25,1167.75,1178.25,2248636,3076
2010-10-28,1179.5,1187.5,1173.5,1179.5,2005325,3076
2010-10-29,1179.25,1182.5,1172.0,1180.5,1740593,3076
2010-10-31,1180.5,1187.5,1180.25,1186.25,25513,3076
2010-11-01,1186.25,1192.75,1173.75,1181.75,2011783,3076
2010-11-02,1182.5,1196.5,1181.5,1192.5,1580478,3076
2010-11-03,1195.75,1198.0,1179.5,1197.0,2366362,3076
2010-11-04,1197.0,1218.75,1195.25,1217.5,2289345,3076
2010-11-05,1217.75,1224.5,1212.5,1222.25,2082270,3076
2010-11-07,1220.5,1221.75,1219.5,1221.5,10293,3076
2010-11-08,1221.25,1222.25,1214.75,1216.75,1511594,3076
2010-11-09,1216.75,1224.75,1206.25,1209.75,2322127,3076
2010-11-10,1211.25,1217.0,1201.75,1206.25,2516927,3076
2010-11-11,1209.25,1213.25,1202.0,1211.25,1734133,3076
2010-11-12,1208.5,1211.25,1191.5,1194.75,2746643,3076
2010-11-14,1195.5,1197.75,1195.0,1197.25,12159,3076
2010-11-15,1197.0,1205.75,1192.5,1193.25,2076040,3076
2010-11-16,1194.0,1194.5,1171.0,1176.5,3171428,3076
2010-11-17,1177.75,1182.0,1173.25,1177.5,2006148,3076
2010-11-18,1179.25,1199.75,1179.25,1198.25,2068351,3076
2010-11-19,1199.25,1200.0,1187.5,1198.0,1701533,3076
2010-11-21,1202.75,1204.75,1201.5,1204.25,25423,3076
2010-11-22,1204.5,1206.0,1182.5,1197.25,2191244,3076
2010-11-23,1195.25,1196.0,1174.75,1176.75,2464908,3076
2010-11-24,1181.0,1197.5,1175.5,1196.0,1773476,3076
2010-11-25,1196.0,1200.5,1192.75,1200.0,129856,3076
2010-11-26,1198.0,1199.0,1182.5,1183.25,826073,3076
2010-11-28,1188.5,1192.5,1187.0,1187.5,33953,3076
2010-11-29,1187.5,1193.75,1172.25,1186.75,2465994,3076
2010-11-30,1186.0,1188.25,1173.0,1178.25,3084548,3076
2010-12-01,1177.0,1207.75,1176.5,1204.5,2322985,3076
2010-12-02,1206.25,1223.5,1202.0,1223.25,2019575,3076
2010-12-03,1222.0,1227.25,1213.0,1223.75,1852286,3076
2010-12-05,1223.25,1226.5,1223.25,1226.0,8035,3076
2010-12-06,1226.0,1226.75,1216.25,1220.0,1292167,3076
2010-12-07,1222.25,1235.0,1219.0,1220.0,2341460,3076
2010-12-08,1222.0,1233.0,1217.25,1229.75,1883239,3076
2010-12-09,1232.5,1238.0,1226.5,1232.5,921163,3076
2010-12-10,1235.5,1241.5,1232.25,1241.0,461911,3076
2010-12-12,1242.0,1242.75,1238.0,1238.75,4127,3076
2010-12-13,1239.0,1247.0,1236.75,1241.25,270330,3076
2010-12-14,1240.0,1247.25,1237.75,1242.0,170894,3076
2010-12-15,1240.75,1244.25,1234.0,1238.0,195826,3076
2010-12-16,1235.5,1244.5,1232.5,1243.25,122581,3076
2010-12-17,1243.5,1245.0,1240.75,1242.0,17531,3076
2010-12-19,1240.0,1240.5,1239.25,1240.25,5479,70248
2010-12-20,1240.25,1245.75,1234.0,1241.75,1146768,70248
2010-12-21,1241.25,1251.25,1241.0,1250.0,943483,70248
2010-12-22,1249.25,1255.0,1249.0,1254.25,657657,70248
2010-12-23,1254.25,1255.75,1249.25,1252.75,586693,70248
2010-12-26,1249.5,1250.0,1245.5,1247.25,14676,70248
2010-12-27,1247.25,1254.25,1245.5,1253.5,570941,70248
2010-12-28,1253.75,1256.5,1251.5,1253.5,554444,70248
2010-12-29,1253.75,1258.5,1253.5,1256.5,588504,70248
2010-12-30,1256.25,1257.5,1251.5,1254.75,710059,70248
2010-12-31,1254.25,1257.75,1249.5,1257.5,663587,70248
2011-01-02,1256.0,1257.75,1255.25,1256.75,7479,70248
2011-01-03,1256.75,1272.5,1255.75,1265.0,1594717,70248
2011-01-04,1265.75,1270.0,1258.25,1265.25,1762605,70248
2011-01-05,1265.0,1273.75,1255.75,1271.25,1787676,70248
2011-01-06,1272.0,1277.0,1266.25,1268.75,1597547,70248
2011-01-07,1269.5,1274.0,1257.75,1267.25,2158390,70248
2011-01-09,1266.25,1266.75,1264.5,1264.75,7500,70248
2011-01-10,1265.0,1268.0,1258.0,1265.75,1876663,70248
2011-01-11,1266.5,1273.75,1264.0,1269.75,1620256,70248
2011-01-12,1270.25,1284.25,1269.25,1282.75,1603816,70248
2011-01-13,1282.75,1284.5,1276.25,1284.0,1684623,70248
2011-01-14,1283.0,1290.0,1274.25,1290.0,1603031,70248
2011-01-16,1289.5,1291.5,1288.5,1288.75,11482,70248
2011-01-17,1288.75,1289.0,1282.75,1285.0,163553,70248
2011-01-18,1285.0,1296.25,1284.25,1293.75,1531166,70248
2011-01-19,1293.25,1296.25,1275.0,1278.25,2301147,70248
2011-01-20,1278.0,1281.5,1267.5,1277.5,2524933,70248
2011-01-21,1276.0,1288.0,1273.25,1280.25,1994795,70248
2011-01-23,1279.5,1280.25,1277.75,1279.25,6951,70248
2011-01-24,1279.25,1289.75,1278.0,1288.0,1636317,70248
2011-01-25,1287.5,1291.75,1277.0,1287.5,2360920,70248
2011-01-26,1286.25,1296.75,1286.0,1292.75,1613308,70248
2011-01-27,1293.0,1298.25,1289.25,1294.25,1547412,70248
2011-01-28,1294.25,1299.5,1270.5,1270.5,3222707,70248
2011-01-30,1269.5,1271.25,1262.25,1265.75,46534,70248
2011-01-31,1265.5,1283.75,1265.25,1282.0,2278958,70248
2011-02-01,1283.0,1306.0,1282.75,1302.0,2099778,70248
2011-02-02,1302.25,1305.5,1298.0,1300.0,1374074,70248
2011-02-03,1300.5,1305.75,1291.5,1303.5,1830248,70248
2011-02-04,1303.75,1308.5,1298.0,1307.5,1572581,70248
2011-02-06,1307.25,1307.5,1306.0,1306.25,5088,70248
2011-02-07,1306.25,1320.0,1306.0,1314.75,1508520,70248
2011-02-08,1316.0,1322.25,1313.0,1321.75,1444215,70248
2011-02-09,1321.75,1322.0,1311.75,1317.5,1838088,70248
2011-02-10,1317.5,1320.5,1308.5,1314.25,2068912,70248
2011-02-11,1315.0,1328.75,1310.0,1327.5,1843367,70248
2011-02-13,1326.0,1328.75,1326.0,1328.0,9106,70248
2011-02-14,1328.0,1331.25,1324.5,1325.75,1176964,70248
2011-02-15,1326.25,1329.25,1322.25,1326.5,1441354,70248
2011-02-16,1327.25,1336.0,1326.5,1332.25,1798922,70248
2011-02-17,1332.5,1340.0,1328.5,1336.5,1674138,70248
2011-02-18,1337.25,1343.0,1335.0,1343.0,1499566,70248
2011-02-20,1342.25,1342.5,1340.75,1341.0,10268,70248
2011-02-21,1341.0,1342.5,1326.75,1326.75,270921,70248
2011-02-22,1326.75,1334.5,1310.25,1312.75,2995731,70248
2011-02-23,1315.5,1320.5,1297.5,1306.75,3064967,70248
2011-02-24,1308.25,1310.75,1292.5,1302.75,2878595,70248
2011-02-25,1306.0,1320.0,1304.25,1318.75,1792184,70248
2011-02-27,1318.25,1318.5,1314.25,1315.0,21663,70248
2011-02-28,1315.0,1329.0,1313.0,1326.25,1910130,70248
2011-03-01,1328.25,1336.5,1296.75,1297.5,3079414,70248
2011-03-02,1301.0,1313.75,1296.25,1305.25,2628866,70248
2011-03-03,1306.0,1333.0,1305.75,1329.75,2347468,70248
2011-03-04,1331.75,1334.5,1311.25,1320.0,2907089,70248
2011-03-06,1320.25,1323.5,1319.25,1321.25,26252,70248
2011-03-07,1321.25,1327.25,1302.75,1309.5,2660621,70248
2011-03-08,1312.0,1325.75,1306.0,1320.0,2097217,70248
2011-03-09,1321.0,1325.0,1311.5,1315.75,1977099,70248
2011-03-10,1315.0,1316.0,1292.25,1293.25,2018923,70248
2011-03-11,1297.5,1308.75,1283.0,1306.5,728525,70248
2011-03-13,1302.25,1305.75,1293.25,1296.75,26650,70248
2011-03-14,1296.75,1303.75,1286.0,1291.0,373941,70248
2011-03-15,1291.0,1293.75,1256.0,1279.5,546308,70248
2011-03-16,1280.5,1288.25,1246.5,1253.5,371754,70248
2011-03-17,1256.25,1279.25,1252.25,1273.5,188193,70248
2011-03-18,1272.25,1293.25,1272.25,1291.0,37758,70248
2011-03-20,1276.25,1281.0,1274.75,1280.75,33610,75884
2011-03-21,1281.0,1296.25,1277.5,1292.75,1470458,75884
2011-03-22,1292.75,1296.5,1287.25,1287.5,1437523,75884
2011-03-23,1287.5,1296.0,1279.0,1289.75,1947243,75884
2011-03-24,1292.25,1314.0,1289.25,1308.0,1841709,75884
2011-03-25,1307.75,1314.5,1305.25,1310.75,1607733,75884
2011-03-27,1309.25,1312.5,1307.25,1311.0,22275,75884
2011-03-28,1311.25,1315.25,1301.75,1302.5,1275537,75884
2011-03-29,1302.0,1318.5,1300.25,1317.25,1564826,75884
2011-03-30,1315.75,1327.75,1315.0,1323.25,1376409,75884
2011-03-31,1323.25,1325.75,1320.5,1321.25,1533068,75884
2011-04-01,1323.0,1333.75,1321.0,1327.5,1631241,75884
2011-04-03,1327.0,1329.5,1326.75,1328.25,9549,75884
2011-04-04,1328.25,1332.75,1324.5,1330.25,1278131,75884
2011-04-05,1329.25,1334.25,1323.0,1326.75,1552546,75884
2011-04-06,1327.5,1336.5,1326.75,1329.25,1663073,75884
2011-04-07,1329.0,1335.25,1322.25,1329.0,2169832,75884
2011-04-08,1328.75,1335.75,1318.75,1324.25,1845112,75884
2011-04-10,1325.75,1329.75,1325.75,1328.5,24030,75884
2011-04-11,1328.75,1330.25,1316.25,1317.5,1524722,75884
2011-04-12,1317.25,1317.5,1305.25,1309.75,2071860,75884
2011-04-13,1311.75,1318.75,1305.0,1307.5,1899400,75884
2011-04-14,1307.25,1313.25,1298.25,1313.0,2018731,75884
2011-04-15,1312.75,1319.25,1305.75,1319.0,1612221,75884
2011-04-17,1318.25,1318.75,1315.75,1316.5,12954,75884
2011-04-18,1316.5,1317.75,1290.25,1298.25,2263280,75884
2011-04-19,1298.5,1314.0,1294.0,1313.25,1545395,75884
2011-04-20,1313.25,1335.5,1311.5,1334.25,1882523,75884
2011-04-21,1334.25,1337.75,1328.75,1330.75,1215640,75884
2011-04-24,1330.5,1333.0,1329.75,1333.0,9611,75884
2011-04-25,1333.25,1335.25,1327.25,1332.75,598415,75884
2011-04-26,1333.0,1346.25,1328.0,1342.0,1389736,75884
2011-04-27,1343.0,1354.25,1340.25,1351.5,1377301,75884
2011-04-28,1351.0,1358.5,1346.75,1355.75,1706246,75884
2011-04-29,1355.5,1363.75,1352.75,1363.5,1257844,75884
2011-05-01,1363.25,1365.5,1361.0,1362.75,20806,75884
2011-05-02,1362.5,1373.5,1354.75,1356.75,1696943,75884
2011-05-03,1356.5,1357.25,1345.75,1350.0,1678852,75884
2011-05-04,1351.75,1355.0,1337.5,1345.0,2371727,75884
2011-05-05,1345.25,1348.75,1325.25,1333.75,2920908,75884
2011-05-06,1334.0,1351.75,1331.75,1335.0,2647524,75884
2011-05-08,1337.25,1342.5,1337.0,1341.5,22198,75884
2011-05-09,1341.5,1346.25,1334.5,1343.0,1654969,75884
2011-05-10,1343.5,1356.5,1339.0,1354.75,1569133,75884
2011-05-11,1355.25,1358.25,1333.0,1335.25,2203438,75884
2011-05-12,1336.0,1348.75,1328.75,1347.5,2243092,75884
2011-05-13,1347.25,1352.5,1330.5,1334.0,2220846,75884
2011-05-15,1332.0,1332.0,1326.75,1327.75,25398,75884
2011-05-16,1327.75,1341.25,1320.5,1321.5,2181174,75884
2011-05-17,1322.25,1332.0,1316.0,1326.75,2265622,75884
2011-05-18,1327.25,1340.5,1324.5,1340.0,1602486,75884
2011-05-19,1339.5,1345.5,1334.5,1341.75,1822481,75884
2011-05-20,1341.75,1344.0,1327.0,1328.5,2236315,75884
2011-05-22,1326.0,1327.0,1321.25,1326.0,28174,75884
2011-05-23,1326.25,1326.25,1310.75,1314.0,2042867,75884
2011-05-24,1314.0,1322.5,1311.25,1312.0,1855806,75884
2011-05-25,1312.25,1324.5,1302.25,1316.75,2094271,75884
2011-05-26,1316.25,1327.75,1312.5,1326.75,2275528,75884
2011-05-27,1327.0,1333.75,1324.5,1330.0,1375200,75884
2011-05-29,1329.75,1331.0,1328.75,1329.5,2878,75884
2011-05-30,1329.75,1333.0,1328.25,1333.0,48714,75884
2011-05-31,1332.75,1347.75,1332.5,1344.0,1881186,75884
2011-06-01,1345.75,1347.5,1309.5,1312.25,2673848,75884
2011-06-02,1312.0,1317.75,1304.25,1312.25,2388216,75884
2011-06-03,1311.25,1312.75,1294.5,1295.75,2640561,75884
2011-06-05,1298.75,1299.0,1294.75,1298.5,18720,75884
2011-06-06,1298.75,1299.0,1283.25,1284.5,2113720,75884
2011-06-07,1285.0,1295.5,1282.5,1286.75,1996974,75884
2011-06-08,1286.75,1287.75,1275.25,1279.75,2473340,75884
2011-06-09,1280.0,1294.0,1278.0,1287.25,1273810,75884
2011-06-10,1287.25,1288.75,1267.0,1269.75,1008845,75884
2011-06-12,1270.0,1271.25,1268.25,1269.0,6307,75884
2011-06-13,1268.75,1277.25,1265.0,1273.0,347925,75884
2011-06-14,1273.5,1292.5,1270.5,1288.25,284307,75884
2011-06-15,1288.0,1288.0,1261.25,1265.5,317331,75884
2011-06-16,1266.0,1274.5,1258.0,1270.0,165445,75884
2011-06-17,1273.0,1282.5,1264.25,1280.75,31953,75884
2011-06-19,1265.0,1265.0,1260.25,1262.5,20338,49278
2011-06-20,1262.25,1276.0,1256.25,1273.0,1668834,49278
2011-06-21,1275.25,1292.75,1271.75,1288.5,2096678,49278
2011-06-22,1288.75,1293.75,1274.5,1278.5,1872468,49278
2011-06-23,1275.75,1284.0,1257.0,1278.75,3310123,49278
2011-06-24,1281.0,1286.0,1261.25,1263.75,2456373,49278
2011-06-26,1265.0,1267.0,1257.0,1260.5,30672,49278
2011-06-27,1260.5,1280.0,1257.5,1277.75,1977201,49278
2011-06-28,1279.0,1295.0,1271.5,1295.0,1920551,49278
2011-06-29,1293.75,1305.5,1291.5,1304.0,2478145,49278
2011-06-30,1304.25,1317.5,1302.25,1315.25,1874192,49278
2011-07-01,1313.75,1336.5,1312.5,1335.25,1931411,49278
2011-07-03,1334.5,1334.75,1333.25,1334.0,8234,49278
2011-07-04,1333.75,1335.5,1328.25,1335.25,128211,49278
2011-07-05,1335.0,1337.75,1329.25,1335.25,1602502,49278
2011-07-06,1335.25,1340.75,1326.5,1338.25,1820273,49278
2011-07-07,1338.75,1352.75,1337.25,1351.75,1675024,49278
2011-07-08,1351.0,1354.5,1329.25,1341.75,2238192,49278
2011-07-10,1339.25,1339.5,1332.25,1334.75,36274,49278
2011-07-11,1335.0,1336.5,1311.75,1316.25,2414136,49278
2011-07-12,1317.25,1323.25,1295.25,1310.0,2880095,49278
2011-07-13,1310.25,1327.75,1302.25,1303.75,2375224,49278
2011-07-14,1308.0,1323.25,1300.5,1307.5,2836859,49278
2011-07-15,1304.0,1315.5,1302.5,1314.5,2257635,49278
2011-07-17,1314.5,1314.75,1311.0,1311.5,16083,49278
2011-07-18,1311.75,1311.75,1291.25,1301.25,2172542,49278
2011-07-19,1302.5,1324.75,1301.75,1323.0,2109258,49278
2011-07-20,1324.0,1329.75,1315.75,1316.5,1658107,49278
2011-07-21,1324.0,1344.5,1315.0,1344.25,2281039,49278
2011-07-22,1344.25,1347.75,1332.75,1340.75,1443434,49278
2011-07-24,1330.0,1331.0,1322.0,1330.5,53113,49278
2011-07-25,1330.5,1340.25,1325.25,1332.75,1600771,49278
2011-07-26,1332.0,1339.75,1325.0,1326.0,1694021,49278
2011-07-27,1326.25,1328.5,1298.0,1299.25,2543590,49278
2011-07-28,1298.75,1313.0,1292.25,1294.25,2345289,49278
2011-07-29,1295.75,1300.75,1278.5,1292.5,2852188,49278
2011-07-31,1306.0,1308.75,1301.75,1304.75,60145,49278
2011-08-01,1305.0,1309.75,1270.25,1278.25,2994887,49278
2011-08-02,1282.0,1282.75,1244.25,1245.5,3299688,49278
2011-08-03,1246.0,1259.25,1230.25,1255.0,3795345,49278
2011-08-04,1259.0,1264.25,1193.25,1196.5,5046687,49278
2011-08-05,1195.5,1219.0,1163.25,1197.5,6102464,49278
2011-08-07,1167.25,1177.5,1161.5,1171.25,188243,49278
2011-08-08,1171.25,1189.0,1100.0,1110.5,6055478,49278
2011-08-09,1104.75,1178.75,1077.0,1178.75,6248578,49278
2011-08-10,1175.75,1177.5,1113.75,1122.75,4894863,49278
2011-08-11,1123.5,1184.0,1103.0,1166.5,4438331,49278
2011-08-12,1166.25,1186.75,1146.75,1177.0,2677058,49278
2011-08-14,1179.75,1185.0,1176.25,1183.75,17361,49278
2011-08-15,1183.75,1201.75,1178.5,1197.5,1988584,49278
2011-08-16,1195.75,1201.5,1177.5,1190.5,2555806,49278
2011-08-17,1187.75,1206.75,1181.5,1186.5,2090369,49278
2011-08-18,1188.25,1188.25,1128.25,1144.0,3818496,49278
2011-08-19,1137.0,1153.25,1117.5,1123.75,3506045,49278
2011-08-21,1122.0,1122.75,1111.25,1118.5,36599,49278
2011-08-22,1118.5,1146.5,1115.5,1123.25,2679236,49278
2011-08-23,1121.75,1161.75,1118.5,1160.0,3333040,49278
2011-08-24,1155.75,1176.75,1142.5,1171.5,2591963,49278
2011-08-25,1168.5,1188.5,1153.0,1156.25,3176466,49278
2011-08-26,1161.25,1179.75,1132.75,1175.25,3030664,49278
2011-08-28,1175.5,1179.75,1172.25,1177.25,16511,49278
2011-08-29,1177.5,1208.75,1175.5,1207.5,1825441,49278
2011-08-30,1207.5,1218.75,1193.5,1202.5,2550528,49278
2011-08-31,1203.0,1229.75,1202.5,1217.75,3143887,49278
2011-09-01,1217.0,1228.5,1199.0,1201.75,2642985,49278
2011-09-02,1200.0,1203.25,1168.5,1169.75,2379283,49278
2011-09-04,1165.0,1166.5,1160.25,1166.0,22114,49278
2011-09-05,1166.25,1166.75,1136.25,1139.0,364685,49278
2011-09-06,1139.0,1168.25,1136.0,1167.0,3124250,49278
2011-09-07,1166.75,1202.25,1166.0,1200.25,2375822,49278
2011-09-08,1201.75,1203.75,1178.25,1185.0,1640385,49278
2011-09-09,1183.0,1194.0,1146.75,1158.25,1038360,49278
2011-09-11,1143.5,1149.5,1141.0,1148.0,14291,49278
2011-09-12,1148.0,1171.75,1129.5,1167.25,556433,49278
2011-09-13,1165.5,1176.75,1145.0,1170.75,375487,49278
2011-09-14,1167.25,1202.5,1154.25,1184.5,331808,49278
2011-09-15,1189.25,1215.0,1182.25,1213.5,215843,49278
2011-09-16,1210.5,1216.0,1201.5,1214.5,48619,49278
2011-09-18,1199.25,1199.5,1194.5,1196.25,30989,45580
2011-09-19,1196.25,1203.75,1181.5,1197.0,2459074,45580
2011-09-20,1190.0,1214.5,1185.25,1197.75,2576542,45580
2011-09-21,1198.0,1203.75,1154.5,1157.5,3264109,45580
2011-09-22,1157.0,1159.0,1106.75,1128.5,4729750,45580
2011-09-23,1130.0,1138.5,1102.0,1130.75,3313868,45580
2011-09-25,1122.0,1144.5,1122.0,1142.75,69070,45580
2011-09-26,1143.0,1159.0,1115.0,1157.75,3036031,45580
2011-09-27,1155.75,1190.0,1155.0,1169.75,3248287,45580
2011-09-28,1168.0,1181.75,1143.5,1146.75,2796674,45580
2011-09-29,1145.0,1170.75,1133.5,1158.5,2967441,45580
2011-09-30,1157.0,1157.5,1121.5,1122.25,2959393,45580
2011-10-02,1123.0,1127.0,1119.5,1126.0,31126,45580
2011-10-03,1125.75,1133.5,1084.0,1085.0,3501568,45580
2011-10-04,1087.25,1119.75,1068.0,1115.25,4201362,45580
2011-10-05,1115.75,1141.25,1106.5,1135.75,2972067,45580
2011-10-06,1132.0,1160.5,1129.0,1158.0,2898300,45580
2011-10-07,1157.75,1173.75,1144.75,1155.75,2848233,45580
2011-10-09,1157.75,1163.75,1156.5,1163.0,21280,45580
2011-10-10,1163.0,1192.25,1162.75,1189.25,1775246,45580
2011-10-11,1189.25,1194.75,1180.75,1187.25,1952657,45580
2011-10-12,1185.25,1216.0,1180.75,1199.0,2554125,45580
2011-10-13,1198.5,1204.25,1185.25,1199.25,2315543,45580
2011-10-14,1196.5,1221.5,1193.0,1220.0,2171695,45580
2011-10-16,1218.25,1223.0,1218.25,1221.5,18976,45580
2011-10-17,1221.75,1230.75,1187.25,1189.75,2398832,45580
2011-10-18,1191.75,1229.75,1185.5,1216.5,3000826,45580
2011-10-19,1216.5,1227.25,1201.5,1208.25,2385639,45580
2011-10-20,1209.5,1216.25,1192.5,1209.0,2889100,45580
2011-10-21,1210.25,1235.75,1209.5,1234.75,2096641,45580
2011-10-23,1229.75,1234.25,1226.75,1233.75,25287,45580
2011-10-24,1233.5,1252.5,1229.25,1247.75,1996552,45580
2011-10-25,1246.0,1254.5,1222.25,1225.75,2622106,45580
2011-10-26,1224.25,1244.5,1216.5,1243.25,2705028,45580
2011-10-27,1240.25,1289.25,1237.75,1282.75,3269942,45580
2011-10-28,1283.5,1284.25,1272.75,1282.25,1889035,45580
2011-10-30,1280.0,1280.75,1273.75,1274.0,12856,45580
2011-10-31,1274.0,1278.25,1241.5,1242.0,2267848,45580
2011-11-01,1243.25,1248.0,1208.5,1225.75,3653359,45580
2011-11-02,1219.0,1238.75,1218.5,1236.75,2242432,45580
2011-11-03,1226.75,1259.75,1213.5,1256.5,2797923,45580
2011-11-04,1255.75,1258.75,1234.5,1250.75,2227331,45580
2011-11-06,1253.25,1259.5,1251.5,1253.75,19609,45580
2011-11-07,1253.75,1264.0,1232.0,1262.5,1985351,45580
2011-11-08,1258.25,1275.25,1248.5,1273.5,2224233,45580
2011-11-09,1272.75,1274.0,1222.5,1226.5,3249063,45580
2011-11-10,1223.0,1245.0,1218.25,1238.75,2566802,45580
2011-11-11,1237.75,1264.75,1233.75,1261.75,1587641,45580
2011-11-13,1264.25,1270.75,1264.25,1269.0,19589,45580
2011-11-14,1269.0,1270.5,1243.5,1251.0,1849330,45580
2011-11-15,1252.0,1262.25,1234.0,1254.0,2246145,45580
2011-11-16,1252.75,1258.75,1227.5,1229.5,2721704,45580
2011-11-17,1229.5,1241.75,1206.5,1215.25,3078674,45580
2011-11-18,1210.75,1229.75,1208.75,1213.5,2144763,45580
2011-11-20,1208.0,1209.0,1201.0,1207.0,29104,45580
2011-11-21,1207.0,1208.5,1180.5,1187.75,2390819,45580
2011-11-22,1189.75,1199.0,1179.25,1183.0,2285305,45580
2011-11-23,1184.0,1184.25,1158.5,1160.0,2319764,45580
2011-11-24,1161.0,1173.75,1153.0,1159.25,284571,45580
2011-11-25,1157.5,1171.25,1147.5,1153.5,1219301,45580
2011-11-27,1172.0,1176.25,1169.25,1171.25,40928,45580
2011-11-28,1171.25,1196.25,1170.5,1192.0,2335184,45580
2011-11-29,1190.0,1206.0,1186.25,1191.0,2428269,45580
2011-11-30,1190.0,1246.75,1183.0,1245.25,3244802,45580
2011-12-01,1243.25,1251.0,1235.75,1243.5,2088876,45580
2011-12-02,1244.0,1262.75,1242.0,1244.0,2123415,45580
2011-12-04,1248.0,1254.75,1248.0,1252.0,17880,45580
2011-12-05,1252.25,1266.25,1248.75,1254.25,2305460,45580
2011-12-06,1252.5,1265.75,1245.25,1255.75,2124457,45580
2011-12-07,1257.25,1268.0,1244.0,1266.0,2507346,45580
2011-12-08,1263.25,1272.0,1230.75,1231.75,2004036,45580
2011-12-09,1236.0,1260.5,1228.5,1259.75,737871,45580
2011-12-11,1256.0,1258.0,1255.25,1256.75,2453,45580
2011-12-12,1256.75,1260.5,1226.0,1234.5,381485,45580
2011-12-13,1236.25,1249.75,1218.5,1226.25,354723,45580
2011-12-14,1226.25,1232.5,1209.0,1212.0,208034,45580
2011-12-15,1212.75,1227.0,1204.5,1218.75,115276,45580
2011-12-16,1220.5,1229.25,1220.0,1224.0,25937,45580
2011-12-18,1212.0,1214.0,1210.5,1211.25,10114,31747
2011-12-19,1211.5,1219.75,1195.5,1200.0,1683951,31747
2011-12-20,1203.25,1237.75,1202.75,1235.75,1831348,31747
2011-12-21,1235.75,1249.0,1223.0,1236.5,1981100,31747
2011-12-22,1236.0,1253.5,1232.25,1251.5,1329102,31747
2011-12-23,1253.25,1260.75,1249.75,1259.5,680993,31747
2011-12-27,1260.5,1264.0,1256.0,1259.5,512938,31747
2011-12-28,1258.5,1264.5,1243.0,1245.25,1015329,31747
2011-12-29,1247.25,1258.5,1244.25,1256.5,869838,31747
2011-12-30,1256.75,1260.5,1250.75,1253.0,685582,31747
2012-01-03,1274.75,1280.0,1270.25,1273.5,1574315,31747
2012-01-04,1272.5,1274.75,1262.75,1273.0,1414549,31747
2012-01-05,1272.25,1278.0,1259.75,1271.75,1824116,31747
2012-01-06,1273.5,1282.25,1266.75,1274.0,1672803,31747
2012-01-08,1274.75,1274.75,1267.5,1269.5,12602,31747
2012-01-09,1269.5,1277.75,1267.25,1275.5,1437108,31747
2012-01-10,1277.25,1292.0,1277.0,1285.0,1536792,31747
2012-01-11,1284.5,1289.5,1279.25,1288.25,1786889,31747
2012-01-12,1287.5,1297.5,1280.75,1291.75,1755781,31747
2012-01-13,1292.0,1295.0,1272.75,1289.5,2104031,31747
2012-01-15,1285.25,1287.75,1284.75,1286.25,12837,31747
2012-01-16,1286.5,1292.25,1281.25,1291.0,169437,31747
2012-01-17,1291.0,1302.5,1286.0,1290.5,1665442,31747
2012-01-18,1291.25,1304.25,1286.5,1303.25,2003083,31747
2012-01-19,1303.0,1311.5,1299.25,1309.75,1838784,31747
2012-01-20,1309.5,1311.75,1304.75,1311.25,1394978,31747
2012-01-22,1307.5,1308.0,1305.5,1306.0,13139,31747
2012-01-23,1306.0,1318.25,1305.0,1310.0,1594989,31747
2012-01-24,1311.0,1316.5,1301.5,1315.25,1480074,31747
2012-01-25,1314.25,1324.75,1303.0,1320.75,1944056,31747
2012-01-26,1318.5,1329.75,1309.25,1316.25,1989522,31747
2012-01-27,1314.75,1319.25,1307.0,1312.75,1718382,31747
2012-01-29,1314.0,1314.5,1311.0,1311.75,7983,31747
2012-01-30,1311.5,1311.75,1296.0,1309.25,1708552,31747
2012-01-31,1310.0,1317.5,1302.25,1307.25,1884815,31747
2012-02-01,1306.25,1327.0,1303.75,1321.25,1901792,31747
2012-02-02,1320.75,1326.0,1317.0,1322.25,1347871,31747
2012-02-03,1322.75,1342.0,1320.0,1339.5,1692697,31747
2012-02-05,1336.5,1337.25,1334.75,1336.75,9357,31747
2012-02-06,1337.0,1341.0,1330.25,1340.0,1192764,31747
2012-02-07,1340.0,1345.75,1331.75,1343.75,1496265,31747
2012-02-08,1342.75,1348.25,1338.25,1344.25,1549111,31747
2012-02-09,1344.0,1352.75,1340.75,1347.25,1735301,31747
2012-02-10,1346.75,1347.0,1333.75,1340.25,1700767,31747
2012-02-12,1347.25,1347.75,1344.5,1346.25,25508,31747
2012-02-13,1346.25,1352.25,1342.75,1349.25,1228896,31747
2012-02-14,1346.25,1352.0,1337.75,1347.5,1730115,31747
2012-02-15,1347.5,1358.0,1338.0,1339.75,2278808,31747
2012-02-16,1339.0,1357.25,1334.25,1355.5,1952807,31747
2012-02-17,1354.75,1361.25,1353.0,1360.25,1231013,31747
2012-02-19,1366.75,1369.5,1366.5,1368.25,23913,31747
2012-02-20,1368.5,1368.75,1361.75,1362.5,179355,31747
2012-02-21,1362.5,1367.75,1355.75,1360.75,1385622,31747
2012-02-22,1359.75,1364.0,1353.0,1355.25,1434505,31747
2012-02-23,1355.5,1365.75,1350.25,1364.0,1596880,31747
2012-02-24,1365.0,1368.5,1361.5,1362.75,1143652,31747
2012-02-26,1363.25,1365.0,1363.25,1363.75,7921,31747
2012-02-27,1364.0,1370.75,1353.0,1366.75,1669388,31747
2012-02-28,1367.25,1373.75,1364.5,1371.0,1527954,31747
2012-02-29,1371.5,1377.25,1356.75,1359.25,2291237,31747
2012-03-01,1362.0,1377.0,1358.75,1375.75,1950159,31747
2012-03-02,1376.5,1377.0,1365.0,1368.5,1418686,31747
2012-03-04,1367.25,1369.5,1367.0,1367.75,6500,31747
2012-03-05,1367.75,1369.5,1358.0,1362.75,1499823,31747
2012-03-06,1364.75,1365.75,1338.5,1342.25,2370688,31747
2012-03-07,1344.75,1354.25,1343.75,1351.75,1722781,31747
2012-03-08,1351.75,1368.5,1350.5,1366.25,1311474,31747
2012-03-09,1365.75,1374.5,1363.25,1372.0,577935,31747
2012-03-11,1372.75,1372.75,1370.0,1372.0,2161,31747
2012-03-12,1372.0,1373.75,1366.0,1373.25,293375,31747
2012-03-13,1373.25,1398.75,1373.0,1396.5,326290,31747
2012-03-14,1395.75,1399.75,1390.0,1390.5,170342,31747
2012-03-15,1392.5,1403.0,1392.5,1401.0,127986,31747
2012-03-16,1401.0,1406.25,1400.0,1405.75,20193,31747
2012-03-18,1397.25,1399.5,1397.0,1399.25,10913,27069
2012-03-19,1399.5,1408.0,1393.5,1404.75,1518581,27069
2012-03-20,1403.75,1404.75,1391.75,1400.5,1588758,27069
2012-03-21,1399.75,1405.75,1394.25,1396.75,1526620,27069
2012-03-22,1398.75,1400.75,1382.5,1389.75,1683521,27069
2012-03-23,1390.0,1395.25,1380.5,1394.25,1541253,27069
2012-03-25,1393.75,1398.0,1393.5,1397.75,12735,27069
2012-03-26,1397.75,1416.25,1392.5,1415.5,1465547,27069
2012-03-27,1415.5,1419.75,1404.75,1405.25,1239964,27069
2012-03-28,1407.25,1412.25,1392.0,1400.5,1746042,27069
2012-03-29,1401.25,1404.0,1386.25,1397.75,1830829,27069
2012-03-30,1397.75,1406.25,1395.75,1404.0,1598975,27069
2012-04-01,1407.25,1410.25,1406.75,1408.5,24105,27069
2012-04-02,1408.5,1417.75,1399.0,1411.0,1704538,27069
2012-04-03,1412.0,1414.25,1399.5,1407.75,1670136,27069
2012-04-04,1407.0,1407.25,1388.5,1391.5,1834161,27069
2012-04-05,1393.0,1397.75,1384.0,1391.25,1526684,27069
2012-04-06,1391.5,1394.75,1372.0,1375.0,188472,27069
2012-04-08,1375.0,1376.0,1372.0,1374.25,16227,27069
2012-04-09,1374.5,1382.75,1371.75,1375.25,1083892,27069
2012-04-10,1376.0,1380.75,1352.5,1360.0,2520652,27069
2012-04-11,1360.0,1370.5,1359.25,1365.25,1728139,27069
2012-04-12,1365.25,1386.25,1363.25,1383.75,1855540,27069
2012-04-13,1385.5,1388.5,1363.75,1365.0,1907438,27069
2012-04-15,1366.0,1366.25,1362.25,1364.25,16551,27069
2012-04-16,1364.25,1375.25,1360.5,1364.25,1956832,27069
2012-04-17,1364.75,1388.75,1359.25,1383.0,1852092,27069
2012-04-18,1384.75,1386.75,1377.75,1379.75,1842835,27069
2012-04-19,1379.5,1390.0,1365.5,1373.0,2631506,27069
2012-04-20,1375.0,1383.25,1371.25,1375.0,1792731,27069
2012-04-22,1372.25,1374.25,1371.25,1372.75,12732,27069
2012-04-23,1372.5,1374.75,1354.0,1364.5,1849704,27069
2012-04-24,1363.5,1377.25,1361.0,1374.5,1477487,27069
2012-04-25,1375.75,1388.0,1373.0,1387.75,1782372,27069
2012-04-26,1387.25,1399.0,1381.0,1391.25,1712029,27069
2012-04-27,1390.5,1403.0,1386.5,1399.0,1545109,27069
2012-04-29,1400.25,1402.5,1399.5,1400.25,9238,27069
2012-04-30,1400.0,1402.5,1389.75,1395.75,1321940,27069
2012-05-01,1395.25,1411.75,1391.25,1400.75,1310405,27069
2012-05-02,1401.75,1404.75,1389.25,1397.25,1672436,27069
2012-05-03,1397.5,1402.75,1384.5,1386.25,1759748,27069
2012-05-04,1386.5,1389.0,1361.5,1362.5,2061319,27069
2012-05-06,1354.0,1354.75,1342.5,1349.0,66661,27069
2012-05-07,1349.0,1370.25,1345.75,1366.0,1552455,27069
2012-05-08,1367.5,1367.5,1343.75,1360.0,2309561,27069
2012-05-09,1357.5,1360.75,1339.25,1347.5,2534363,27069
2012-05-10,1349.5,1363.75,1344.0,1346.5,1903878,27069
2012-05-11,1347.75,1363.25,1345.25,1350.0,1741314,27069
2012-05-13,1346.0,1347.0,1342.0,1346.0,26252,27069
2012-05-14,1346.0,1351.0,1332.25,1334.25,1914093,27069
2012-05-15,1337.25,1347.0,1325.5,1330.5,2387736,27069
2012-05-16,1331.25,1339.75,1320.75,1322.0,2281574,27069
2012-05-17,1325.75,1330.75,1299.75,1304.25,2897279,27069
2012-05-18,1304.5,1310.5,1289.75,1290.5,2728087,27069
2012-05-20,1291.75,1295.0,1287.25,1294.5,34151,27069
2012-05-21,1294.5,1316.0,1293.75,1314.5,2026020,27069
2012-05-22,1315.25,1326.5,1307.5,1313.75,2446619,27069
2012-05-23,1311.25,1319.0,1294.0,1315.75,2551951,27069
2012-05-24,1309.5,1324.5,1306.0,1322.75,2152825,27069
2012-05-25,1321.5,1329.75,1312.0,1314.75,1493613,27069
2012-05-27,1322.0,1324.0,1320.25,1323.75,13312,27069
2012-05-28,1323.75,1328.5,1319.25,1320.0,146884,27069
2012-05-29,1320.0,1334.25,1317.5,1331.75,2096880,27069
2012-05-30,1329.75,1331.0,1306.5,1307.75,2303496,27069
2012-05-31,1308.75,1319.0,1297.25,1306.25,2726270,27069
2012-06-01,1307.25,1307.5,1273.5,1273.75,3220248,27069
2012-06-03,1275.0,1277.5,1262.0,1263.75,65866,27069
2012-06-04,1264.0,1281.5,1263.5,1272.5,2227354,27069
2012-06-05,1275.25,1290.5,1267.5,1285.0,1969060,27069
2012-06-06,1287.75,1318.25,1286.5,1316.25,2651811,27069
2012-06-07,1317.25,1329.5,1312.0,1316.25,2157442,27069
2012-06-08,1316.5,1329.5,1305.5,1329.25,788226,27069
2012-06-10,1342.0,1349.0,1341.75,1344.25,24051,27069
2012-06-11,1344.0,1346.75,1303.75,1307.5,489839,27069
2012-06-12,1307.75,1327.25,1305.75,1325.25,257823,27069
2012-06-13,1324.5,1327.75,1310.25,1315.0,181528,27069
2012-06-14,1316.0,1334.5,1312.25,1333.0,196458,27069
2012-06-15,1332.0,1339.75,1331.25,1335.75,21884,27069
2012-06-17,1345.25,1347.5,1339.75,1344.0,49537,3366
2012-06-18,1343.75,1347.0,1327.25,1341.0,2035058,3366
2012-06-19,1341.5,1357.0,1336.5,1349.0,1768560,3366
2012-06-20,1350.0,1355.5,1338.75,1351.75,2361728,3366
2012-06-21,1349.5,1353.25,1317.5,1321.5,2716737,3366
2012-06-22,1320.75,1331.75,1318.25,1325.5,1832149,3366
2012-06-24,1325.5,1326.5,1322.75,1323.0,13876,3366
2012-06-25,1323.25,1323.5,1302.5,1306.75,1841205,3366
2012-06-26,1308.5,1318.0,1303.25,1315.25,1805303,3366
2012-06-27,1314.0,1328.5,1312.0,1324.75,1613949,3366
2012-06-28,1324.25,1327.75,1306.75,1321.0,2310158,3366
2012-06-29,1317.75,1359.5,1316.25,1358.25,2454026,3366
2012-07-01,1358.75,1360.0,1357.75,1358.25,16816,3366
2012-07-02,1358.0,1362.25,1349.5,1358.5,1688313,3366
2012-07-03,1357.5,1369.5,1355.25,1368.5,1031590,3366
2012-07-04,1368.0,1370.0,1363.75,1368.0,111642,3366
2012-07-05,1365.0,1375.0,1357.0,1362.25,1773633,3366
2012-07-06,1362.75,1364.0,1342.25,1352.5,1942045,3366
2012-07-08,1349.25,1349.75,1347.75,1348.0,16361,3366
2012-07-09,1348.0,1350.25,1341.0,1346.75,1469366,3366
2012-07-10,1347.5,1356.5,1330.5,1335.25,2013420,3366
2012-07-11,1335.5,1342.5,1327.75,1339.25,1908359,3366
2012-07-12,1338.5,1338.5,1319.75,1330.25,1905752,3366
2012-07-13,1329.5,1353.25,1329.0,1352.0,1741049,3366
2012-07-15,1351.25,1351.75,1349.5,1350.5,8153,3366
2012-07-16,1350.25,1352.5,1343.0,1346.75,1546814,3366
2012-07-17,1347.0,1360.5,1339.25,1357.75,1973148,3366
2012-07-18,1357.75,1372.0,1352.5,1371.5,1805463,3366
2012-07-19,1369.75,1376.0,1366.0,1371.5,1728434,3366
2012-07-20,1370.75,1371.0,1357.0,1358.75,1790763,3366
2012-07-22,1355.5,1356.75,1352.25,1353.0,17041,3366
2012-07-23,1352.75,1354.25,1332.0,1338.5,2093270,3366
2012-07-24,1341.0,1346.5,1321.25,1324.0,2127533,3366
2012-07-25,1323.75,1340.0,1321.25,1335.25,1798700,3366
2012-07-26,1333.75,1358.75,1327.75,1356.25,2279883,3366
2012-07-27,1354.75,1385.0,1352.75,1382.5,2478648,3366
2012-07-29,1379.25,1381.5,1378.75,1378.75,12555,3366
2012-07-30,1378.75,1387.5,1375.75,1380.25,1481387,3366
2012-07-31,1379.5,1386.5,1371.0,1372.75,1775616,3366
2012-08-01,1372.5,1381.5,1367.75,1370.0,1789100,3366
2012-08-02,1372.25,1383.0,1349.25,1361.75,2824552,3366
2012-08-03,1361.0,1390.5,1360.0,1389.5,1929062,3366
2012-08-05,1390.25,1393.25,1388.0,1390.5,12007,3366
2012-08-06,1390.25,1395.75,1387.25,1388.5,1162638,3366
2012-08-07,1389.0,1403.25,1387.5,1395.75,1461673,3366
2012-08-08,1395.75,1400.25,1390.5,1397.25,1220499,3366
2012-08-09,1397.0,1403.75,1393.75,1399.25,1182221,3366
2012-08-10,1398.75,1402.75,1392.0,1402.25,1230273,3366
2012-08-12,1400.5,1402.25,1400.0,1400.25,5800,3366
2012-08-13,1400.25,1404.0,1394.25,1402.75,1202885,3366
2012-08-14,1401.25,1409.5,1397.25,1400.5,1431701,3366
2012-08-15,1400.25,1405.75,1397.0,1404.0,1098602,3366
2012-08-16,1403.75,1415.5,1401.75,1414.0,1484785,3366
2012-08-17,1413.75,1416.75,1410.75,1415.5,1123424,3366
2012-08-19,1415.0,1417.5,1414.75,1415.25,12108,3366
2012-08-20,1415.0,1418.0,1409.5,1415.25,1105391,3366
2012-08-21,1415.25,1424.75,1408.0,1410.75,1735372,3366
2012-08-22,1410.75,1414.25,1404.25,1413.0,1661847,3366
2012-08-23,1413.0,1418.0,1398.0,1401.25,1593895,3366
2012-08-24,1401.25,1412.0,1395.25,1410.5,1554137,3366
2012-08-26,1410.0,1413.25,1409.75,1410.75,11342,3366
2012-08-27,1410.75,1416.0,1407.0,1409.0,924410,3366
2012-08-28,1409.0,1412.0,1403.25,1409.0,1213825,3366
2012-08-29,1409.0,1412.5,1404.75,1406.75,958501,3366
2012-08-30,1406.75,1407.0,1395.25,1396.25,1209467,3366
2012-08-31,1396.25,1412.25,1396.0,1404.75,2032012,3366
2012-09-02,1406.25,1406.25,1400.5,1400.5,11531,3366
2012-09-03,1400.75,1409.5,1396.75,1406.25,154773,3366
2012-09-04,1406.25,1409.25,1394.5,1403.5,1513633,3366
2012-09-05,1403.5,1408.25,1397.25,1404.25,1412275,3366
2012-09-06,1404.5,1433.0,1403.25,1431.75,2010781,3366
2012-09-07,1431.75,1438.75,1430.5,1438.25,1430906,3366
2012-09-09,1436.75,1437.25,1435.5,1436.25,7703,3366
2012-09-10,1436.0,1438.0,1424.25,1426.0,1052459,3366
2012-09-11,1426.0,1437.5,1421.5,1429.75,1249818,3366
2012-09-12,1429.75,1440.25,1429.0,1438.25,1488908,3366
2012-09-13,1438.25,1464.25,1435.0,1459.25,2036413,3366
2012-09-14,1459.25,1474.75,1459.0,1466.25,749152,3366
2012-09-16,1465.75,1465.75,1462.0,1462.25,2835,3366
2012-09-17,1462.75,1465.75,1457.5,1461.25,243752,3366
2012-09-18,1461.25,1463.25,1455.75,1461.0,163486,3366
2012-09-19,1460.75,1465.5,1457.75,1459.25,123610,3366
2012-09-20,1459.25,1463.0,1450.0,1462.25,116161,3366
2012-09-21,1462.25,1469.25,1462.25,1468.25,23999,3366
2012-09-23,1450.25,1453.75,1450.25,1453.0,6270,10113
2012-09-24,1452.75,1454.5,1444.75,1452.5,1264454,10113
2012-09-25,1452.25,1457.0,1435.0,1437.75,1815214,10113
2012-09-26,1437.75,1439.75,1424.0,1429.5,1777937,10113
2012-09-27,1429.75,1444.5,1429.25,1442.5,1748351,10113
2012-09-28,1442.5,1443.5,1429.0,1434.25,2076027,10113
2012-09-30,1432.75,1433.75,1428.75,1430.25,16195,10113
2012-10-01,1430.25,1451.5,1427.75,1437.0,1899227,10113
2012-10-02,1437.0,1446.0,1432.25,1439.75,1604486,10113
2012-10-03,1439.5,1449.5,1435.5,1447.5,1549069,10113
2012-10-04,1447.25,1457.75,1445.0,1455.75,1553221,10113
2012-10-05,1456.75,1466.0,1451.25,1455.5,1669591,10113
2012-10-07,1457.25,1457.25,1452.25,1454.25,14329,10113
2012-10-08,1454.25,1455.0,1447.5,1449.75,955251,10113
2012-10-09,1451.5,1454.5,1431.25,1432.5,1968919,10113
2012-10-10,1432.5,1437.75,1421.25,1422.5,1693238,10113
2012-10-11,1422.75,1439.25,1422.75,1430.75,1553513,10113
2012-10-12,1431.0,1434.5,1420.0,1421.75,1601959,10113
2012-10-14,1423.5,1424.0,1420.0,1420.25,14775,10113
2012-10-15,1420.25,1438.0,1416.5,1438.0,1526497,10113
2012-10-16,1437.5,1452.25,1434.5,1451.0,1629517,10113
2012-10-17,1450.75,1458.25,1446.25,1456.5,1523129,10113
2012-10-18,1456.25,1459.75,1447.75,1452.5,1807741,10113
2012-10-19,1452.5,1453.5,1423.5,1423.75,2381375,10113
2012-10-21,1424.5,1426.0,1420.75,1422.5,20206,10113
2012-10-22,1422.75,1433.25,1416.75,1432.75,1779942,10113
2012-10-23,1432.75,1432.75,1402.0,1409.0,2295487,10113
2012-10-24,1409.0,1415.0,1401.75,1405.25,1760124,10113
2012-10-25,1405.0,1416.75,1397.0,1406.75,1903265,10113
2012-10-26,1406.5,1412.5,1394.5,1407.5,1972551,10113
2012-10-28,1406.25,1407.0,1401.25,1403.0,12886,10113
2012-10-29,1403.0,1406.25,1396.5,1399.75,183297,10113
2012-10-30,1399.5,1412.5,1393.0,1410.75,176665,10113
2012-10-31,1411.0,1418.25,1400.5,1402.25,1778744,10113
2012-11-01,1402.25,1425.5,1398.5,1423.75,1704427,10113
2012-11-02,1423.5,1431.5,1405.0,1405.5,2070386,10113
2012-11-04,1402.75,1405.75,1402.5,1403.5,15430,10113
2012-11-05,1403.5,1415.5,1403.0,1410.5,1377252,10113
2012-11-06,1410.75,1429.25,1410.0,1423.5,1486733,10113
2012-11-07,1423.5,1431.75,1384.0,1392.5,3200497,10113
2012-11-08,1393.25,1397.5,1372.5,1376.75,2599930,10113
2012-11-09,1376.5,1388.0,1363.5,1376.0,2531150,10113
2012-11-11,1375.25,1377.75,1372.75,1374.5,11831,10113
2012-11-12,1374.25,1381.75,1372.5,1375.25,1129722,10113
2012-11-13,1375.25,1386.25,1365.75,1374.5,1961661,10113
2012-11-14,1373.0,1381.75,1349.5,1353.25,2443920,10113
2012-11-15,1354.5,1359.0,1345.25,1350.75,2391836,10113
2012-11-16,1350.25,1360.5,1340.25,1360.5,2566814,10113
2012-11-18,1360.75,1364.5,1360.25,1364.25,19403,10113
2012-11-19,1364.5,1385.75,1361.75,1380.75,1726591,10113
2012-11-20,1380.75,1387.5,1374.0,1386.0,1522284,10113
2012-11-21,1385.5,1389.75,1377.0,1389.25,1057659,10113
2012-11-22,1391.75,1392.25,1391.25,1391.75,1010,10113
2012-11-23,1391.5,1407.5,1387.25,1404.75,794855,10113
2012-11-25,1403.25,1403.5,1400.75,1402.0,14476,10113
2012-11-26,1401.75,1405.0,1395.0,1405.0,1212105,10113
2012-11-27,1404.75,1407.75,1395.0,1395.5,1631578,10113
2012-11-28,1395.25,1408.75,1383.0,1405.0,2108856,10113
2012-11-29,1405.0,1418.5,1405.0,1412.25,1875856,10113
2012-11-30,1412.0,1419.5,1410.0,1415.75,1667057,10113
2012-12-02,1413.25,1414.5,1412.75,1413.25,8204,10113
2012-12-03,1413.25,1424.0,1404.5,1405.75,1618081,10113
2012-12-04,1406.0,1411.75,1401.5,1403.0,1587844,10113
2012-12-05,1403.0,1414.75,1396.75,1408.25,2024385,10113
2012-12-06,1408.5,1413.75,1404.0,1413.5,1366311,10113
2012-12-07,1413.5,1422.25,1408.5,1417.25,1711727,10113
2012-12-09,1416.0,1418.25,1416.0,1417.0,7891,10113
2012-12-10,1416.75,1421.0,1410.75,1416.0,1084684,10113
2012-12-11,1416.25,1434.25,1415.0,1432.0,1658837,10113
2012-12-12,1431.0,1438.75,1425.75,1426.0,1669344,10113
2012-12-13,1428.25,1431.5,1415.75,1422.25,1429428,10113
2012-12-14,1422.25,1425.5,1411.5,1416.5,421761,10113
2012-12-16,1421.25,1423.0,1419.5,1422.25,4912,10113
2012-12-17,1422.0,1434.25,1415.0,1433.25,272019,10113
2012-12-18,1433.25,1448.25,1430.5,1445.75,261936,10113
2012-12-19,1445.25,1450.5,1432.0,1433.25,139814,10113
2012-12-20,1433.5,1446.5,1431.75,1446.0,116962,10113
2012-12-21,1445.25,1445.25,1393.0,1424.75,39412,10113
2012-12-23,1424.25,1424.5,1421.5,1421.75,7932,23970
2012-12-24,1421.75,1423.75,1417.5,1419.0,309777,23970
2012-12-26,1424.0,1425.5,1410.75,1413.0,579841,23970
2012-12-27,1413.5,1418.5,1396.0,1414.75,1472909,23970
2012-12-28,1414.5,1414.75,1382.25,1386.75,1053517,23970
2012-12-30,1388.25,1392.25,1383.5,1389.75,32652,23970
2012-12-31,1389.75,1425.75,1384.5,1423.75,1444516,23970
2013-01-02,1443.0,1458.0,1438.25,1456.5,1945162,23970
2013-01-03,1454.25,1460.5,1450.0,1454.25,1595463,23970
2013-01-04,1453.0,1463.0,1451.25,1459.75,1504582,23970
2013-01-06,1460.25,1460.75,1458.25,1459.0,7157,23970
2013-01-07,1459.0,1459.25,1450.75,1455.75,1184330,23970
2013-01-08,1455.5,1457.0,1446.0,1451.5,1366784,23970
2013-01-09,1452.5,1459.5,1451.75,1455.25,1184057,23970
2013-01-10,1455.25,1471.5,1454.75,1469.75,1546457,23970
2013-01-11,1469.75,1469.75,1462.25,1467.5,1107346,23970
2013-01-13,1466.75,1467.25,1465.5,1467.0,5169,23970
2013-01-14,1467.25,1471.25,1460.25,1464.5,1166233,23970
2013-01-15,1464.5,1468.25,1456.5,1467.25,1324687,23970
2013-01-16,1467.25,1469.0,1460.0,1463.75,1231303,23970
2013-01-17,1463.75,1480.5,1460.5,1474.5,1737170,23970
2013-01-18,1474.5,1481.0,1470.5,1479.75,1440109,23970
2013-01-21,1483.0,1483.5,1482.25,1482.75,3434,23970
2013-01-22,1482.5,1491.5,1475.0,1491.0,1353906,23970
2013-01-23,1489.5,1491.0,1482.75,1484.5,1196263,23970
2013-01-24,1484.75,1497.75,1483.25,1488.25,1811149,23970
2013-01-25,1488.5,1499.25,1486.75,1495.5,1565596,23970
2013-01-27,1495.75,1496.0,1494.5,1495.25,4164,23970
2013-01-28,1495.25,1500.0,1491.25,1495.0,1201603,23970
2013-01-29,1495.0,1505.75,1491.0,1505.5,1491482,23970
2013-01-30,1504.25,1506.0,1493.5,1493.75,1800819,23970
2013-01-31,1494.75,1500.0,1491.25,1497.75,1638103,23970
2013-02-01,1497.5,1510.5,1495.75,1507.5,1761392,23970
2013-02-03,1508.0,1508.0,1506.25,1506.75,4045,23970
2013-02-04,1506.75,1508.5,1490.25,1492.5,1732862,23970
2013-02-05,1493.75,1511.0,1493.75,1506.5,1741119,23970
2013-02-06,1506.5,1510.25,1499.0,1506.5,1735040,23970
2013-02-07,1506.25,1511.0,1494.5,1505.0,1949432,23970
2013-02-08,1504.5,1515.0,1503.75,1513.75,1422215,23970
2013-02-10,1513.5,1514.75,1512.5,1514.25,5820,23970
2013-02-11,1514.25,1517.0,1509.75,1512.75,1225474,23970
2013-02-12,1512.75,1519.0,1508.5,1517.75,1256514,23970
2013-02-13,1518.0,1522.0,1513.0,1515.75,1267521,23970
2013-02-14,1516.0,1520.75,1510.0,1518.75,1369017,23970
2013-02-15,1518.25,1521.75,1511.25,1517.0,1669093,23970
2013-02-18,1518.0,1518.0,1516.5,1516.75,2864,23970
2013-02-19,1517.0,1529.0,1515.25,1529.0,1382876,23970
2013-02-20,1528.75,1530.0,1506.5,1508.5,2016278,23970
2013-02-21,1508.5,1509.75,1495.0,1502.0,2489645,23970
2013-02-22,1502.5,1515.0,1502.0,1514.0,1742787,23970
2013-02-24,1515.5,1516.25,1514.5,1516.25,12921,23970
2013-02-25,1516.25,1524.5,1481.75,1484.75,3074849,23970
2013-02-26,1487.75,1497.75,1482.75,1493.5,2900748,23970
2013-02-27,1492.75,1519.25,1490.0,1516.5,2439424,23970
2013-02-28,1516.25,1524.5,1507.25,1508.75,2192767,23970
2013-03-01,1508.75,1519.0,1499.5,1516.75,2475540,23970
2013-03-03,1514.75,1515.5,1513.75,1514.5,6969,23970
2013-03-04,1514.5,1527.5,1507.0,1527.5,1888932,23970
2013-03-05,1526.75,1542.75,1524.5,1539.25,2097089,23970
2013-03-06,1539.0,1544.75,1537.0,1539.75,1578753,23970
2013-03-07,1539.5,1545.5,1537.5,1544.0,1068727,23970
2013-03-08,1541.75,1553.5,1540.25,1550.25,658944,23970
2013-03-10,1547.25,1549.0,1546.5,1548.25,5030,23970
2013-03-11,1548.0,1557.25,1545.5,1556.0,228989,23970
2013-03-12,1556.0,1556.5,1547.5,1553.0,207745,23970
2013-03-13,1552.75,1557.0,1548.0,1555.75,163027,23970
2013-03-14,1555.75,1563.5,1555.0,1562.25,140556,23970
2013-03-15,1562.25,1565.0,1559.75,1561.25,27486,23970
2013-03-17,1544.0,1544.0,1536.0,1536.5,92175,11561
2013-03-18,1536.5,1552.5,1529.5,1547.5,2103024,11561
2013-03-19,1547.75,1551.25,1531.75,1538.75,2556477,11561
2013-03-20,1538.75,1555.75,1536.5,1549.5,1788740,11561
2013-03-21,1549.5,1550.75,1536.5,1538.75,1902953,11561
2013-03-22,1539.0,1554.0,1535.0,1553.75,1569285,11561
2013-03-24,1550.0,1558.25,1548.5,1556.25,34363,11561
2013-03-25,1556.25,1560.5,1539.0,1548.5,2230109,11561
2013-03-26,1548.25,1559.0,1547.75,1557.75,1583397,11561
2013-03-27,1557.75,1560.5,1545.75,1555.5,1568215,11561
2013-03-28,1555.5,1564.5,1549.75,1563.75,1618864,11561
2013-03-31,1563.0,1564.0,1561.75,1563.0,6823,11561
2013-04-01,1563.25,1565.0,1552.5,1556.75,1135395,11561
2013-04-02,1556.5,1568.0,1554.25,1565.25,1607273,11561
2013-04-03,1565.5,1567.75,1544.0,1549.0,2270617,11561
2013-04-04,1549.0,1557.5,1546.75,1553.75,1982399,11561
2013-04-05,1553.75,1554.5,1533.25,1547.0,2261035,11561
2013-04-07,1545.5,1548.75,1545.25,1548.0,12556,11561
2013-04-08,1548.0,1562.75,1543.0,1560.0,1433312,11561
2013-04-09,1560.0,1569.0,1555.5,1563.5,1628134,11561
2013-04-10,1562.0,1584.5,1561.0,1582.0,2030668,11561
2013-04-11,1582.0,1593.0,1580.75,1588.0,1716935,11561
2013-04-12,1587.75,1588.25,1575.0,1582.0,1796208,11561
2013-04-14,1582.25,1583.0,1578.75,1580.5,12918,11561
2013-04-15,1580.5,1583.0,1538.75,1548.0,2868906,11561
2013-04-16,1547.75,1570.75,1546.0,1566.25,2227769,11561
2013-04-17,1566.25,1568.0,1538.0,1548.0,2956253,11561
2013-04-18,1547.75,1553.5,1530.75,1538.75,2314303,11561
2013-04-19,1538.75,1550.75,1536.25,1548.5,1842701,11561
2013-04-21,1548.5,1552.0,1548.25,1550.75,13054,11561
2013-04-22,1550.75,1561.0,1542.75,1555.5,1587734,11561
2013-04-23,1555.25,1577.0,1548.75,1572.0,2110309,11561
2013-04-24,1571.75,1579.0,1570.75,1573.0,1406824,11561
2013-04-25,1572.75,1588.25,1570.75,1579.75,1589658,11561
2013-04-26,1579.5,1582.5,1572.5,1576.75,1325855,11561
2013-04-28,1576.25,1577.0,1574.75,1575.5,6202,11561
2013-04-29,1575.5,1592.25,1573.75,1587.5,1230014,11561
2013-04-30,1587.5,1594.25,1581.25,1593.0,1553735,11561
2013-05-01,1592.75,1595.5,1576.0,1579.25,1466897,11561
2013-05-02,1579.25,1594.25,1579.0,1592.0,1640432,11561
2013-05-03,1591.75,1614.25,1589.5,1609.0,1924853,11561
2013-05-05,1608.25,1610.75,1608.0,1609.25,7816,11561
2013-05-06,1609.25,1615.25,1607.25,1610.75,960784,11561
2013-05-07,1611.0,1621.75,1609.25,1619.0,1503298,11561
2013-05-08,1618.75,1629.5,1617.0,1628.0,1569589,11561
2013-05-09,1628.0,1632.25,1620.0,1626.75,1795598,11561
2013-05-10,1626.5,1631.0,1620.25,1629.25,1620317,11561
2013-05-12,1625.5,1626.25,1621.5,1622.75,30969,11561
2013-05-13,1622.75,1633.25,1622.0,1632.5,1297548,11561
2013-05-14,1632.5,1648.75,1626.5,1646.75,2006106,11561
2013-05-15,1646.75,1659.75,1642.75,1654.75,2103723,11561
2013-05-16,1655.0,1658.75,1646.0,1649.75,1912813,11561
2013-05-17,1650.0,1665.75,1649.25,1664.75,1900619,11561
2013-05-19,1662.5,1664.0,1661.25,1662.75,10324,11561
2013-05-20,1662.75,1670.75,1659.75,1664.0,1726188,11561
2013-05-21,1664.0,1673.25,1660.0,1666.25,1687514,11561
2013-05-22,1666.25,1685.75,1646.5,1657.25,2949498,11561
2013-05-23,1657.25,1658.5,1632.75,1653.25,2658459,11561
2013-05-24,1653.25,1655.25,1634.5,1650.0,1921024,11561
2013-05-27,1652.25,1653.0,1651.25,1652.5,4541,11561
2013-05-28,1652.5,1672.75,1652.0,1655.0,1962611,11561
2013-05-29,1655.25,1656.75,1638.0,1646.25,2097553,11561
2013-05-30,1646.25,1660.75,1641.0,1653.25,1770731,11561
2013-05-31,1653.0,1658.0,1626.25,1627.5,2539056,11561
2013-06-02,1629.5,1632.75,1626.5,1630.75,35915,11561
2013-06-03,1631.0,1639.0,1620.75,1634.5,2478824,11561
2013-06-04,1634.25,1645.75,1621.5,1630.0,2099651,11561
2013-06-05,1629.75,1632.25,1605.5,1610.0,2625367,11561
2013-06-06,1610.0,1624.25,1596.5,1622.0,2754370,11561
2013-06-07,1622.0,1644.0,1618.0,1639.0,2321533,11561
2013-06-09,1636.5,1638.5,1634.5,1638.0,14485,11561
2013-06-10,1638.0,1648.5,1637.5,1641.75,1687703,11561
2013-06-11,1641.5,1642.25,1621.5,1628.25,2439633,11561
2013-06-12,1628.25,1638.25,1609.5,1610.5,2275322,11561
2013-06-13,1610.75,1640.0,1597.5,1638.25,2007316,11561
2013-06-14,1638.0,1640.75,1623.25,1623.5,562455,11561
2013-06-16,1624.5,1628.5,1624.0,1628.25,4004,11561
2013-06-17,1628.0,1646.75,1627.25,1640.25,332847,11561
2013-06-18,1640.25,1654.5,1638.0,1651.5,199252,11561
2013-06-19,1651.5,1655.0,1626.25,1627.0,218881,11561
2013-06-20,1627.25,1628.25,1583.75,1591.5,240350,11561
2013-06-21,1591.75,1604.25,1591.0,1600.75,46419,11561
2013-06-23,1583.75,1586.25,1578.25,1584.5,19745,17704
2013-06-24,1584.75,1585.0,1553.25,1570.0,2832475,17704
2013-06-25,1570.0,1587.75,1558.25,1577.0,2012667,17704
2013-06-26,1577.25,1601.25,1573.0,1594.75,1711472,17704
2013-06-27,1595.0,1614.25,1594.75,1605.75,1586502,17704
2013-06-28,1605.75,1614.5,1594.25,1596.25,2135654,17704
2013-06-30,1600.25,1601.5,1597.0,1599.0,15881,17704
2013-07-01,1598.75,1620.5,1593.25,1608.0,1539293,17704
2013-07-02,1607.75,1618.5,1600.25,1607.5,1665486,17704
2013-07-03,1607.5,1613.0,1594.0,1610.0,1022397,17704
2013-07-04,1623.75,1624.0,1621.75,1622.25,3980,17704
2013-07-05,1622.25,1630.75,1608.25,1629.25,1533638,17704
2013-07-07,1628.5,1631.0,1628.0,1630.25,15711,17704
2013-07-08,1630.5,1639.5,1626.0,1637.5,1305701,17704
2013-07-09,1637.5,1649.0,1635.75,1646.75,1266703,17704
2013-07-10,1646.75,1663.75,1641.25,1662.0,1500138,17704
2013-07-11,1661.75,1671.75,1660.5,1667.75,1409050,17704
2013-07-12,1667.75,1674.25,1666.25,1670.0,1134150,17704
2013-07-14,1670.0,1672.0,1669.75,1672.0,6802,17704
2013-07-15,1672.0,1679.5,1670.75,1677.0,907540,17704
2013-07-16,1677.0,1679.5,1666.5,1672.0,1170031,17704
2013-07-17,1672.0,1680.5,1665.75,1674.0,1409598,17704
2013-07-18,1674.0,1688.5,1671.75,1680.0,1339071,17704
2013-07-19,1680.0,1690.5,1675.25,1689.75,1136576,17704
2013-07-21,1690.0,1692.5,1690.0,1691.5,12796,17704
2013-07-22,1691.25,1694.25,1685.5,1691.75,889148,17704
2013-07-23,1691.75,1695.5,1686.0,1689.25,976158,17704
2013-07-24,1689.25,1695.25,1677.25,1682.75,1506468,17704
2013-07-25,1682.75,1686.75,1671.75,1685.75,1419367,17704
2013-07-26,1685.75,1689.0,1670.5,1687.0,1382856,17704
2013-07-28,1686.5,1688.0,1686.0,1686.75,5991,17704
2013-07-29,1686.5,1687.5,1676.5,1683.0,1096148,17704
2013-07-30,1683.0,1688.5,1677.25,1684.25,1318421,17704
2013-07-31,1684.25,1694.0,1680.25,1685.5,1982423,17704
2013-08-01,1685.5,1703.75,1685.0,1701.5,1515764,17704
2013-08-02,1701.5,1705.0,1695.75,1703.25,1203543,17704
2013-08-04,1702.75,1703.75,1701.25,1702.5,5593,17704
2013-08-05,1702.5,1705.0,1698.75,1700.0,857480,17704
2013-08-06,1700.25,1703.5,1688.75,1692.0,1268808,17704
2013-08-07,1692.0,1692.25,1680.5,1689.5,1379198,17704
2013-08-08,1689.75,1697.0,1684.5,1692.5,1509652,17704
2013-08-09,1692.5,1696.25,1682.5,1685.0,1655359,17704
2013-08-11,1685.0,1685.5,1682.5,1683.5,11352,17704
2013-08-12,1683.25,1688.5,1675.25,1687.25,1241834,17704
2013-08-13,1687.0,1694.5,1679.25,1690.75,1600784,17704
2013-08-14,1690.75,1693.25,1677.0,1678.0,1509942,17704
2013-08-15,1677.75,1682.0,1654.25,1657.75,2391159,17704
2013-08-16,1657.75,1662.0,1649.5,1650.25,1719875,17704
2013-08-18,1651.0,1653.0,1649.5,1652.25,11622,17704
2013-08-19,1652.5,1657.0,1642.25,1644.75,1462093,17704
2013-08-20,1644.75,1656.75,1641.0,1650.75,1570517,17704
2013-08-21,1650.75,1654.75,1632.0,1632.75,2124621,17704
2013-08-22,1632.75,1657.75,1631.5,1656.5,1540920,17704
2013-08-23,1656.5,1662.75,1650.5,1661.25,1299189,17704
2013-08-25,1660.75,1662.5,1660.5,1660.5,4410,17704
2013-08-26,1660.5,1667.5,1650.75,1652.5,1218927,17704
2013-08-27,1652.75,1654.75,1626.25,1627.25,2238924,17704
2013-08-28,1627.5,1639.25,1624.75,1630.25,1644697,17704
2013-08-29,1630.5,1644.75,1627.75,1638.5,1740870,17704
2013-08-30,1638.75,1645.0,1625.5,1632.25,1906821,17704
2013-09-02,1647.5,1648.5,1645.25,1645.5,7607,17704
2013-09-03,1645.25,1650.0,1630.75,1637.5,2106511,17704
2013-09-04,1637.5,1655.25,1635.0,1654.75,1600784,17704
2013-09-05,1654.75,1658.25,1650.5,1653.75,1234758,17704
2013-09-06,1654.0,1664.0,1638.75,1654.0,2528056,17704
2013-09-08,1652.0,1658.0,1652.0,1656.5,12872,17704
2013-09-09,1656.5,1672.25,1654.75,1672.0,1416481,17704
2013-09-10,1671.75,1683.25,1669.0,1681.5,1750194,17704
2013-09-11,1681.5,1690.5,1677.75,1688.75,1583811,17704
2013-09-12,1688.5,1690.0,1681.25,1685.5,1023173,17704
2013-09-13,1685.75,1690.5,1680.5,1689.5,350187,17704
2013-09-15,1698.5,1710.5,1698.5,1706.5,31766,17704
2013-09-16,1706.25,1709.25,1694.75,1695.5,322501,17704
2013-09-17,1695.5,1706.75,1694.75,1705.75,165925,17704
2013-09-18,1705.5,1729.75,1700.0,1726.25,269073,17704
2013-09-19,1726.25,1733.25,1720.5,1722.75,151749,17704
2013-09-20,1723.0,1727.25,1721.25,1726.75,22206,17704
2013-09-22,1706.5,1706.75,1701.5,1702.0,16899,28112
2013-09-23,1701.75,1707.5,1689.5,1692.5,1660663,28112
2013-09-24,1692.75,1701.0,1687.5,1691.25,1504989,28112
2013-09-25,1691.25,1695.0,1684.5,1687.25,1633513,28112
2013-09-26,1687.0,1697.5,1685.75,1694.25,1467841,28112
2013-09-27,1694.5,1694.5,1680.0,1685.25,1423641,28112
2013-09-29,1675.0,1676.25,1672.0,1674.75,36930,28112
2013-09-30,1674.75,1681.0,1666.75,1677.5,2122403,28112
2013-10-01,1677.25,1692.25,1675.25,1689.25,1760389,28112
2013-10-02,1689.25,1689.75,1673.25,1676.75,1667062,28112
2013-10-03,1676.75,1684.75,1663.25,1670.0,2240258,28112
2013-10-04,1669.75,1686.0,1667.5,1682.0,1495915,28112
2013-10-06,1676.75,1678.25,1673.25,1676.5,21573,28112
2013-10-07,1676.75,1679.5,1664.75,1667.5,1587760,28112
2013-10-08,1667.5,1671.5,1646.0,1654.5,2376094,28112
2013-10-09,1654.5,1658.25,1640.0,1652.0,2456766,28112
2013-10-10,1651.75,1687.75,1651.5,1682.0,2342224,28112
2013-10-11,1682.0,1700.25,1681.25,1700.0,1484053,28112
2013-10-13,1684.0,1688.0,1680.75,1688.0,65770,28112
2013-10-14,1688.0,1709.75,1683.75,1709.0,1451317,28112
2013-10-15,1708.75,1709.0,1689.5,1703.75,1897159,28112
2013-10-16,1703.75,1717.0,1696.75,1714.25,1778054,28112
2013-10-17,1714.25,1733.5,1706.25,1731.5,1668099,28112
2013-10-18,1731.5,1740.25,1728.75,1737.0,1500452,28112
2013-10-20,1738.0,1739.0,1736.25,1739.0,9016,28112
2013-10-21,1738.75,1742.5,1734.75,1738.25,1100747,28112
2013-10-22,1738.25,1754.5,1736.0,1748.25,1840186,28112
2013-10-23,1748.5,1749.0,1734.5,1742.5,1517487,28112
2013-10-24,1742.5,1751.75,1740.0,1748.75,1243483,28112
2013-10-25,1748.75,1755.75,1742.75,1753.75,1246392,28112
2013-10-27,1753.75,1759.25,1752.75,1758.25,14129,28112
2013-10-28,1758.25,1762.25,1751.5,1756.75,1148919,28112
2013-10-29,1756.75,1768.75,1754.5,1766.75,1183542,28112
2013-10-30,1767.0,1773.25,1751.75,1754.5,1785875,28112
2013-10-31,1754.5,1764.0,1750.25,1754.25,1850314,28112
2013-11-01,1754.0,1761.25,1747.0,1754.75,1589947,28112
2013-11-03,1754.0,1755.5,1753.25,1754.75,5259,28112
2013-11-04,1754.75,1764.0,1754.5,1763.0,999313,28112
2013-11-05,1763.25,1764.0,1750.5,1757.0,1466218,28112
2013-11-06,1756.75,1770.0,1756.75,1764.0,1322391,28112
2013-11-07,1762.5,1774.5,1742.25,1745.75,2461802,28112
2013-11-08,1745.75,1768.0,1736.5,1766.75,2057499,28112
2013-11-10,1767.0,1767.25,1763.25,1765.5,9512,28112
2013-11-11,1765.75,1770.25,1762.75,1767.75,941568,28112
2013-11-12,1767.75,1769.75,1758.5,1764.75,1393714,28112
2013-11-13,1764.75,1783.25,1754.25,1782.5,1686549,28112
2013-11-14,1782.5,1789.0,1777.25,1787.0,1561732,28112
2013-11-15,1787.0,1796.0,1786.75,1794.25,1217307,28112
2013-11-17,1793.5,1794.75,1793.0,1793.0,7066,28112
2013-11-18,1793.0,1799.75,1784.75,1788.75,1551632,28112
2013-11-19,1788.75,1793.75,1782.0,1785.0,1596207,28112
2013-11-20,1788.25,1794.25,1774.5,1780.25,2055817,28112
2013-11-21,1780.0,1795.5,1775.75,1795.25,1385358,28112
2013-11-22,1795.0,1803.25,1792.0,1801.25,1216108,28112
2013-11-24,1802.0,1809.0,1801.0,1806.5,25626,28112
2013-11-25,1806.75,1809.25,1798.5,1801.5,1083164,28112
2013-11-26,1802.25,1807.0,1798.75,1801.75,1074685,28112
2013-11-27,1801.5,1807.5,1801.25,1804.25,822273,28112
2013-11-28,1808.5,1808.5,1807.25,1807.5,1725,28112
2013-11-29,1807.75,1812.5,1802.75,1804.25,696898,28112
2013-12-01,1806.25,1807.75,1805.5,1805.75,11353,28112
2013-12-02,1805.5,1809.0,1797.0,1799.75,1311472,28112
2013-12-03,1800.75,1801.75,1786.25,1792.0,1686628,28112
2013-12-04,1792.0,1799.5,1777.75,1792.25,2082325,28112
2013-12-05,1792.0,1794.25,1782.0,1783.75,1542240,28112
2013-12-06,1784.75,1806.0,1784.5,1805.75,1705140,28112
2013-12-08,1806.5,1809.25,1806.5,1807.5,10816,28112
2013-12-09,1807.25,1811.5,1804.75,1809.25,998393,28112
2013-12-10,1809.25,1811.5,1801.0,1805.0,1077814,28112
2013-12-11,1805.0,1808.0,1779.25,1781.5,1681119,28112
2013-12-12,1781.5,1784.0,1771.75,1774.25,1395274,28112
2013-12-13,1774.5,1783.0,1771.75,1773.25,435509,28112
2013-12-15,1774.75,1776.5,1774.0,1775.75,2062,28112
2013-12-16,1776.0,1792.5,1760.25,1785.0,291076,28112
2013-12-17,1784.75,1789.0,1776.5,1778.0,182302,28112
2013-12-18,1780.25,1813.0,1767.25,1810.25,287071,28112
2013-12-19,1810.75,1811.25,1801.25,1808.75,147817,28112
2013-12-20,1809.25,1813.0,1809.0,1810.25,19811,28112
2013-12-22,1817.0,1820.0,1816.75,1819.0,6167,382206
2013-12-23,1819.25,1824.5,1818.25,1823.25,729618,382206
2013-12-24,1822.75,1829.5,1820.5,1829.25,311784,382206
2013-12-26,1830.0,1837.75,1829.75,1835.25,439857,382206
2013-12-27,1835.25,1840.0,1833.25,1836.75,620319,382206
2013-12-29,1836.0,1836.75,1835.0,1836.25,2840,382206
2013-12-30,1836.5,1838.5,1833.5,1835.25,562375,382206
2013-12-31,1835.25,1846.5,1834.25,1846.25,647630,382206
2014-01-02,1837.75,1840.75,1821.75,1826.5,1221896,382206
2014-01-03,1827.75,1833.0,1820.5,1823.25,957217,382206
2014-01-05,1824.0,1828.0,1823.75,1827.0,9365,382206
2014-01-06,1827.25,1832.5,1817.25,1820.0,1357773,382206
2014-01-07,1820.75,1834.75,1820.0,1830.5,1146453,382206
2014-01-08,1830.25,1834.75,1825.5,1830.5,1331638,382206
2014-01-09,1830.75,1839.0,1824.25,1833.0,1320572,382206
2014-01-10,1832.75,1842.5,1826.25,1838.5,1451984,382206
2014-01-12,1838.5,1838.75,1837.0,1838.25,6012,382206
2014-01-13,1838.25,1838.25,1809.5,1815.0,1710330,382206
2014-01-14,1815.75,1834.25,1812.75,1833.0,1589270,382206
2014-01-15,1833.0,1845.75,1831.5,1842.25,1254349,382206
2014-01-16,1842.5,1843.75,1834.5,1836.25,950744,382206
2014-01-17,1836.0,1842.75,1829.25,1833.75,1152476,382206
2014-01-20,1834.0,1834.25,1833.5,1833.75,1974,382206
2014-01-21,1833.75,1844.0,1826.25,1837.5,1245797,382206
2014-01-22,1836.25,1844.0,1834.75,1838.75,946516,382206
2014-01-23,1843.25,1843.25,1813.75,1823.75,1802883,382206
2014-01-24,1823.75,1828.0,1780.0,1780.25,2554963,382206
2014-01-26,1781.75,1783.0,1776.25,1780.75,31783,382206
2014-01-27,1780.5,1792.0,1767.0,1772.25,2736814,382206
2014-01-28,1775.5,1801.25,1774.5,1794.5,1741390,382206
2014-01-29,1795.5,1799.75,1764.0,1770.25,2707209,382206
2014-01-30,1775.25,1793.75,1767.75,1783.5,1811708,382206
2014-01-31,1783.75,1788.25,1761.25,1777.0,2372598,382206
2014-02-02,1777.5,1783.75,1777.5,1782.75,10921,382206
2014-02-03,1782.75,1783.5,1732.25,1736.5,3021577,382206
2014-02-04,1739.5,1753.5,1734.0,1745.75,2317901,382206
2014-02-05,1745.75,1750.75,1732.0,1745.75,2070837,382206
2014-02-06,1745.5,1769.75,1744.0,1768.5,1721599,382206
2014-02-07,1768.25,1794.0,1758.25,1793.5,2329497,382206
2014-02-09,1793.0,1794.5,1791.5,1791.75,8835,382206
2014-02-10,1791.75,1796.0,1786.25,1795.5,1132398,382206
2014-02-11,1794.75,1819.5,1794.75,1813.0,1758410,382206
2014-02-12,1813.0,1823.25,1811.25,1815.25,1364211,382206
2014-02-13,1815.25,1827.0,1802.25,1823.5,1645961,382206
2014-02-14,1823.75,1838.75,1816.0,1834.0,1353923,382206
2014-02-17,1836.25,1838.75,1836.25,1836.75,5837,382206
2014-02-18,1836.75,1840.0,1831.5,1837.5,1087678,382206
2014-02-19,1834.5,1844.5,1823.25,1827.25,1764546,382206
2014-02-20,1827.25,1840.25,1817.25,1836.25,1595168,382206
2014-02-21,1836.25,1844.0,1832.75,1833.5,1304735,382206
2014-02-23,1835.25,1836.0,1834.5,1835.0,6261,382206
2014-02-24,1834.75,1856.75,1829.25,1844.5,1604036,382206
2014-02-25,1845.25,1851.0,1837.25,1847.0,1559488,382206
2014-02-26,1847.25,1853.25,1838.0,1844.25,1463306,382206
2014-02-27,1843.25,1855.75,1832.75,1854.75,1600602,382206
2014-02-28,1853.0,1866.5,1845.25,1860.75,2092320,382206
2014-03-02,1846.0,1847.0,1840.0,1842.25,57776,382206
2014-03-03,1842.25,1849.5,1832.25,1843.75,2306651,382206
2014-03-04,1844.5,1874.75,1844.0,1871.5,1746569,382206
2014-03-05,1869.5,1875.5,1867.75,1872.5,1233767,382206
2014-03-06,1872.5,1881.0,1871.5,1877.5,1244703,382206
2014-03-07,1877.75,1887.5,1869.25,1876.75,1722283,382206
2014-03-09,1875.5,1876.25,1873.75,1874.0,12750,382206
2014-03-10,1874.25,1878.75,1865.75,1876.25,1117569,382206
2014-03-11,1876.25,1882.25,1862.25,1863.75,1507798,382206
2014-03-12,1863.75,1870.0,1853.75,1869.75,1501370,382206
2014-03-13,1869.5,1875.0,1841.5,1848.0,1851364,382206
2014-03-14,1848.0,1853.0,1839.0,1839.5,709386,382206
2014-03-16,1839.5,1841.25,1830.5,1837.5,11090,382206
2014-03-17,1837.5,1862.75,1836.5,1858.25,286491,382206
2014-03-18,1858.25,1874.0,1852.5,1871.75,217277,382206
2014-03-19,1871.75,1874.5,1849.5,1860.75,226093,382206
2014-03-20,1860.75,1874.25,1852.5,1872.25,130321,382206
2014-03-21,1872.25,1882.0,1871.5,1881.75,25264,382206
2014-03-23,1855.5,1859.25,1855.0,1857.75,8800,8347
2014-03-24,1857.75,1866.0,1841.25,1851.25,1832131,8347
2014-03-25,1851.25,1864.5,1848.0,1862.25,1655925,8347
2014-03-26,1862.25,1868.75,1841.5,1845.25,1899842,8347
2014-03-27,1845.25,1848.5,1834.0,1843.0,2025311,8347
2014-03-28,1843.0,1859.5,1841.5,1850.0,1487461,8347
2014-03-30,1855.0,1858.0,1855.0,1857.75,18065,8347
2014-03-31,1857.5,1868.0,1855.0,1863.75,1558354,8347
2014-04-01,1863.75,1878.75,1862.25,1877.75,1212341,8347
2014-04-02,1877.75,1886.25,1876.25,1881.5,1179036,8347
2014-04-03,1881.75,1887.5,1875.5,1884.5,1230441,8347
2014-04-04,1884.5,1892.5,1855.75,1861.5,2490993,8347
2014-04-06,1861.0,1861.75,1857.5,1858.25,14674,8347
2014-04-07,1858.25,1860.25,1834.5,1841.0,2168671,8347
2014-04-08,1841.25,1849.0,1830.75,1845.75,1849729,8347
2014-04-09,1846.0,1867.5,1843.75,1865.75,1410553,8347
2014-04-10,1866.75,1867.5,1823.75,1828.0,2381731,8347
2014-04-11,1828.0,1832.0,1807.25,1811.5,2512725,8347
2014-04-13,1806.0,1808.25,1803.25,1807.5,28051,8347
2014-04-14,1807.25,1828.0,1806.25,1825.0,1858901,8347
2014-04-15,1824.75,1844.0,1809.25,1841.0,2608356,8347
2014-04-16,1841.0,1857.0,1840.5,1849.5,1645036,8347
2014-04-17,1849.5,1863.75,1847.25,1857.5,1239406,8347
2014-04-20,1859.25,1862.75,1858.25,1861.75,9034,8347
2014-04-21,1862.0,1865.75,1856.5,1865.0,527323,8347
2014-04-22,1864.75,1878.75,1860.75,1873.5,1108237,8347
2014-04-23,1873.5,1880.75,1867.5,1878.75,999606,8347
2014-04-24,1878.75,1882.5,1863.75,1872.5,1570793,8347
2014-04-25,1872.5,1873.75,1853.0,1860.25,1501490,8347
2014-04-27,1861.75,1863.0,1860.0,1860.5,11459,8347
2014-04-28,1860.75,1871.75,1844.0,1867.25,2061267,8347
2014-04-29,1867.0,1875.25,1865.25,1869.75,1213365,8347
2014-04-30,1869.75,1880.25,1866.25,1879.25,1500239,8347
2014-05-01,1879.25,1882.75,1871.5,1878.75,929247,8347
2014-05-02,1878.75,1886.0,1872.0,1872.5,1711322,8347
2014-05-04,1875.5,1876.0,1873.0,1874.75,9857,8347
2014-05-05,1875.0,1880.0,1860.5,1877.25,1169046,8347
2014-05-06,1877.25,1881.5,1861.75,1863.5,1382317,8347
2014-05-07,1863.5,1875.75,1854.5,1874.5,1994219,8347
2014-05-08,1873.0,1884.75,1865.0,1869.25,1754571,8347
2014-05-09,1869.5,1875.0,1862.5,1874.75,1467013,8347
2014-05-11,1874.0,1877.75,1874.0,1876.5,9293,8347
2014-05-12,1876.25,1894.25,1875.5,1894.0,1177775,8347
2014-05-13,1894.0,1898.5,1892.0,1894.0,1072581,8347
2014-05-14,1894.0,1897.25,1882.25,1884.75,1181594,8347
2014-05-15,1884.75,1888.5,1859.0,1867.75,2248460,8347
2014-05-16,1867.5,1875.75,1861.25,1875.25,1509861,8347
2014-05-18,1876.25,1877.5,1876.0,1876.0,7633,8347
2014-05-19,1876.0,1883.0,1865.75,1880.5,1032433,8347
2014-05-20,1880.25,1884.5,1864.75,1867.25,1558394,8347
2014-05-21,1867.25,1886.5,1866.5,1884.5,1338523,8347
2014-05-22,1884.5,1894.0,1882.75,1890.5,1014858,8347
2014-05-23,1890.5,1899.25,1889.5,1896.5,748873,8347
2014-05-25,1898.0,1899.75,1897.25,1897.75,6784,8347
2014-05-26,1897.75,1904.75,1897.0,1902.25,69872,8347
2014-05-27,1902.5,1910.0,1902.0,1909.25,845309,8347
2014-05-28,1909.0,1914.0,1904.5,1908.5,1054052,8347
2014-05-29,1908.5,1918.0,1907.25,1916.75,967903,8347
2014-05-30,1916.5,1922.25,1914.25,1919.0,1161866,8347
2014-06-01,1921.25,1922.25,1920.0,1920.75,8131,8347
2014-06-02,1920.5,1924.25,1913.75,1920.75,1040234,8347
2014-06-03,1920.75,1923.5,1916.0,1922.25,933129,8347
2014-06-04,1922.25,1927.0,1916.0,1925.75,898889,8347
2014-06-05,1925.5,1940.75,1921.0,1939.25,1657745,8347
2014-06-06,1939.0,1949.75,1938.25,1949.75,1178338,8347
2014-06-08,1949.25,1949.75,1948.25,1948.5,7078,8347
2014-06-09,1948.5,1954.75,1945.75,1949.25,956945,8347
2014-06-10,1949.5,1951.75,1943.0,1949.25,901851,8347
2014-06-11,1949.25,1949.5,1938.5,1944.25,1063753,8347
2014-06-15,1934.25,1935.5,1929.0,1930.0,5879,8347
2014-06-16,1930.25,1940.75,1926.5,1937.0,229596,8347
2014-06-17,1937.25,1943.5,1931.25,1941.5,227117,8347
2014-06-18,1941.5,1958.0,1938.0,1956.75,186194,8347
2014-06-19,1956.5,1960.25,1952.25,1957.75,127881,8347
2014-06-20,1957.75,1970.0,1956.75,1968.0,24920,8347
2014-06-22,1952.75,1954.25,1952.5,1954.0,3085,111473
2014-06-23,1954.0,1959.75,1950.0,1951.75,1013075,111473
2014-06-24,1951.5,1960.0,1939.75,1942.25,1525249,111473
2014-06-25,1942.5,1953.25,1937.25,1949.5,1529742,111473
2014-06-26,1949.5,1952.5,1936.25,1948.75,1483099,111473
2014-06-27,1948.5,1954.0,1942.75,1952.25,1172110,111473
2014-06-29,1951.75,1953.75,1951.0,1953.25,4712,111473
2014-06-30,1953.5,1956.75,1948.0,1954.75,1159100,111473
2014-07-01,1954.75,1971.75,1953.5,1966.5,1449566,111473
2014-07-02,1966.5,1970.0,1964.5,1967.0,915605,111473
2014-07-03,1967.25,1978.25,1966.0,1977.0,837421,111473
2014-07-04,1976.75,1977.0,1974.5,1975.5,49094,111473
2014-07-06,1975.75,1977.0,1975.5,1977.0,3441,111473
2014-07-07,1976.75,1977.5,1967.25,1970.0,1096294,111473
2014-07-08,1970.0,1970.5,1952.75,1960.25,1774708,111473
2014-07-09,1960.25,1968.25,1958.25,1967.0,1390191,111473
2014-07-10,1967.0,1967.75,1945.25,1957.75,1972215,111473
2014-07-11,1957.5,1963.5,1953.0,1962.75,1354978,111473
2014-07-13,1962.75,1965.25,1962.5,1964.0,7378,111473
2014-07-14,1964.0,1974.0,1963.75,1970.75,998175,111473
2014-07-15,1971.0,1976.25,1958.75,1968.0,1905317,111473
2014-07-16,1968.25,1978.0,1967.0,1971.75,1315235,111473
2014-07-17,1971.75,1976.0,1942.5,1948.75,2477058,111473
2014-07-18,1949.0,1974.25,1947.75,1971.25,1748214,111473
2014-07-20,1970.25,1971.5,1970.0,1971.5,6490,111473
2014-07-21,1971.25,1971.5,1959.0,1965.75,1409234,111473
2014-07-22,1966.0,1980.5,1965.75,1973.75,1275006,111473
2014-07-23,1974.0,1983.5,1973.5,1981.0,1148653,111473
2014-07-24,1981.25,1985.75,1976.75,1978.75,1164490,111473
2014-07-25,1978.75,1980.75,1968.0,1970.75,1418523,111473
2014-07-27,1970.75,1972.5,1966.5,1968.0,11389,111473
2014-07-28,1968.25,1976.0,1960.75,1973.0,1349029,111473
2014-07-29,1973.0,1979.5,1962.0,1964.5,1500947,111473
2014-07-30,1964.75,1974.25,1956.5,1964.0,1758237,111473
2014-07-31,1963.75,1964.5,1923.5,1928.5,2774810,111473
2014-08-01,1928.5,1932.25,1910.25,1917.0,2859468,111473
2014-08-03,1919.5,1922.75,1919.25,1921.0,14385,111473
2014-08-04,1920.75,1937.5,1914.75,1931.25,1600789,111473
2014-08-05,1931.5,1933.25,1907.5,1915.5,2126957,111473
2014-08-06,1915.25,1923.5,1903.0,1916.0,1703181,111473
2014-08-07,1916.25,1925.75,1899.75,1906.0,1949375,111473
2014-08-08,1906.0,1928.25,1890.25,1923.25,1891999,111473
2014-08-10,1923.5,1929.5,1923.25,1927.5,16378,111473
2014-08-11,1927.5,1941.0,1924.25,1934.0,1161366,111473
2014-08-12,1934.0,1938.75,1923.5,1932.0,1232475,111473
2014-08-13,1931.75,1946.5,1930.75,1944.25,1119526,111473
2014-08-14,1944.5,1955.0,1942.0,1952.5,965975,111473
2014-08-15,1952.25,1961.0,1937.25,1953.75,1796702,111473
2014-08-17,1955.75,1961.25,1955.75,1959.25,18815,111473
2014-08-18,1959.0,1969.75,1956.75,1968.75,870019,111473
2014-08-19,1968.75,1979.75,1968.75,1976.75,861385,111473
2014-08-20,1976.75,1986.0,1973.0,1984.5,1056617,111473
2014-08-21,1984.5,1992.0,1980.75,1990.25,834295,111473
2014-08-22,1990.25,1991.5,1981.5,1987.75,1112291,111473
2014-08-25,1990.0,1999.75,1988.75,1995.25,852078,111473
2014-08-26,1995.25,2002.75,1992.25,1998.75,870045,111473
2014-08-27,1998.5,2000.5,1993.5,1996.75,757505,111473
2014-08-28,1996.75,1999.5,1987.5,1998.25,1081321,111473
2014-08-29,1998.0,2003.75,1992.25,1998.75,1037209,111473
2014-08-31,1999.0,2000.5,1998.5,2000.0,4056,111473
2014-09-01,2000.0,2001.5,1997.25,2000.75,81754,111473
2014-09-02,2000.75,2006.25,1992.75,2000.5,1146386,111473
2014-09-03,2000.5,2011.0,1996.25,1998.5,1277314,111473
2014-09-04,1998.25,2010.0,1990.75,1998.75,1485905,111473
2014-09-05,1998.75,2007.75,1988.25,2007.5,1659038,111473
2014-09-07,2006.5,2006.75,2004.25,2006.0,9576,111473
2014-09-08,2006.0,2006.25,1994.0,2000.0,1164960,111473
2014-09-09,2000.0,2003.0,1983.25,1987.75,1730181,111473
2014-09-10,1987.75,1996.25,1981.5,1994.25,1357522,111473
2014-09-11,1994.25,1999.5,1985.0,1997.0,1212263,111473
2014-09-12,1997.25,1998.5,1979.5,1984.0,542035,111473
2014-09-14,1981.75,1983.5,1972.0,1977.5,9574,111473
2014-09-15,1977.5,1987.25,1977.0,1985.0,279356,111473
2014-09-16,1985.0,2002.5,1978.5,2000.0,262831,111473
2014-09-17,2000.0,2010.75,1991.25,2002.0,246304,111473
2014-09-18,2002.0,2017.25,2001.0,2015.25,134323,111473
2014-09-19,2015.25,2022.5,2014.75,2019.25,32456,111473
2014-09-21,2002.0,2003.0,2000.25,2002.75,8092,28095
2014-09-22,2002.75,2003.0,1982.5,1983.5,1568938,28095
2014-09-26,1963.5,1979.25,1956.5,1974.25,1522267,28095
2014-09-28,1974.75,1975.25,1971.5,1971.75,9831,28095
2014-09-29,1972.0,1977.0,1955.5,1969.5,1774275,28095
2014-09-30,1969.25,1978.25,1960.0,1961.25,1992837,28095
2014-10-01,1961.25,1967.0,1933.75,1941.25,2436519,28095
2014-10-02,1941.25,1945.75,1918.25,1939.5,2711751,28095
2014-10-03,1939.5,1964.5,1939.25,1959.75,1540656,28095
2014-10-05,1961.0,1964.5,1960.0,1963.25,9977,28095
2014-10-06,1963.25,1971.0,1950.5,1954.5,1723537,28095
2014-10-07,1954.5,1956.25,1924.25,1928.5,2159864,28095
2014-10-08,1928.5,1964.0,1918.0,1959.75,2512069,28095
2014-10-09,1959.75,1968.5,1914.25,1917.5,3104781,28095
2014-10-10,1917.5,1931.25,1893.25,1894.25,3041624,28095
2014-10-12,1892.0,1892.25,1880.5,1886.0,91601,28095
2014-10-13,1885.75,1906.0,1863.75,1871.5,2879685,28095
2014-10-14,1871.25,1892.75,1864.75,1877.5,3095195,28095
2014-10-15,1881.75,1882.5,1813.0,1847.0,4660134,28095
2014-10-16,1847.0,1869.75,1815.25,1856.5,3347712,28095
2014-10-17,1856.5,1891.75,1851.0,1880.25,2552875,28095
2014-10-19,1884.0,1893.5,1884.0,1890.0,32562,28095
2014-10-20,1890.0,1904.5,1872.25,1903.75,1628999,28095
2014-10-21,1898.25,1939.75,1885.75,1936.25,2235565,28095
2014-10-22,1936.25,1943.75,1920.25,1926.0,2006172,28095
2014-10-23,1926.0,1956.25,1922.25,1946.75,2012143,28095
2014-10-24,1946.75,1961.25,1931.75,1960.5,1591750,28095
2014-10-26,1960.25,1963.0,1959.75,1962.25,11781,28095
2014-10-27,1962.5,1965.75,1944.5,1957.75,1435596,28095
2014-10-28,1958.0,1980.75,1956.75,1975.5,1574199,28095
2014-10-29,1975.5,1985.75,1962.0,1970.5,1880647,28095
2014-10-30,1970.25,1994.25,1959.25,1989.75,1978046,28095
2014-10-31,1989.5,2016.75,1987.25,2009.25,1911290,28095
2014-11-02,2011.25,2012.5,2009.0,2011.25,8085,28095
2014-11-03,2011.25,2019.25,2007.0,2011.25,1351084,28095
2014-11-04,2009.25,2013.75,1995.25,2006.0,1518556,28095
2014-11-05,2004.5,2020.5,2004.25,2018.75,1566323,28095
2014-11-06,2017.5,2029.25,2010.75,2028.5,1434374,28095
2014-11-07,2028.75,2033.5,2020.5,2025.75,1273153,28095
2014-11-09,2025.75,2027.25,2023.75,2027.0,4762,28095
2014-11-10,2026.75,2035.0,2021.0,2034.25,956789,28095
2014-11-11,2032.25,2039.0,2031.0,2036.5,773083,28095
2014-11-12,2035.5,2037.25,2026.75,2034.5,1069449,28095
2014-11-13,2034.25,2043.75,2026.75,2035.0,1539127,28095
2014-11-14,2035.0,2039.75,2032.0,2039.25,1033392,28095
2014-11-16,2038.5,2038.5,2034.75,2035.5,6929,28095
2014-11-17,2035.25,2040.5,2025.25,2039.0,1046459,28095
2014-11-18,2038.75,2054.0,2035.75,2047.5,1129314,28095
2014-11-19,2047.5,2050.5,2037.75,2047.5,1172409,28095
2014-11-20,2047.75,2052.75,2035.25,2050.75,1117326,28095
2014-11-21,2050.75,2072.25,2049.75,2061.75,1607284,28095
2014-11-23,2062.25,2064.25,2061.5,2062.0,7510,28095
2014-11-24,2062.0,2069.0,2060.75,2067.5,774034,28095
2014-11-25,2068.5,2073.0,2062.75,2068.25,970925,28095
2014-11-26,2068.5,2075.25,2065.25,2072.75,735849,28095
2014-11-27,2072.5,2074.75,2068.25,2071.0,82414,28095
2014-11-28,2071.0,2073.25,2063.5,2066.75,694560,28095
2014-11-30,2063.25,2064.0,2055.25,2058.25,33012,28095
2014-12-01,2058.5,2062.5,2048.25,2050.75,1435129,28095
2014-12-02,2051.25,2068.0,2051.0,2066.5,1140098,28095
2014-12-03,2066.75,2076.0,2063.25,2072.75,899365,28095
2014-12-04,2072.75,2077.25,2061.25,2071.75,1354510,28095
2014-12-05,2072.0,2079.0,2068.5,2076.5,1123962,28095
2014-12-07,2075.75,2077.5,2075.0,2076.0,5619,28095
2014-12-08,2076.0,2077.5,2053.75,2060.5,1369472,28095
2014-12-09,2061.5,2062.25,2033.25,2058.25,1793000,28095
2014-12-10,2058.25,2060.0,2023.25,2026.0,2161031,28095
2014-12-11,2026.0,2056.5,2023.75,2029.0,1775020,28095
2014-12-12,2029.5,2032.25,1996.5,1999.5,944221,28095
2014-12-14,1998.75,2000.5,1994.5,1997.25,9856,28095
2014-12-15,1997.25,2019.25,1981.5,1993.25,606558,28095
2014-12-16,1993.25,2018.0,1968.25,1975.25,578210,28095
2014-12-17,1975.25,2017.0,1972.75,2013.0,364672,28095
2014-12-18,2013.0,2068.0,2010.75,2066.75,255654,28095
2014-12-19,2064.25,2079.75,2061.25,2065.0,36537,28095
2014-12-21,2065.0,2068.5,2064.0,2067.5,4461,50393
2014-12-22,2067.25,2076.0,2065.0,2072.5,852891,50393
2014-12-23,2073.25,2084.5,2071.5,2079.0,770395,50393
2014-12-24,2078.75,2083.5,2077.0,2078.0,232617,50393
2014-12-25,2078.75,2082.25,2078.5,2082.0,1707,50393
2014-12-26,2082.0,2088.75,2081.25,2085.5,303517,50393
2014-12-28,2086.0,2086.25,2083.5,2084.75,3698,50393
2014-12-29,2085.0,2088.75,2076.0,2087.25,632866,50393
2014-12-30,2087.5,2088.5,2073.0,2076.0,714680,50393
2015-01-01,2055.0,2059.25,2055.0,2059.0,8768,50393
2015-01-02,2059.0,2067.25,2038.75,2046.25,1347655,50393
2015-01-04,2045.75,2046.25,2039.0,2040.5,16891,50393
2015-01-05,2040.25,2048.25,2009.5,2018.0,2022311,50393
2015-01-06,2020.25,2023.5,1984.25,1996.75,2344424,50393
2015-01-07,1997.0,2023.75,1996.75,2020.25,1745145,50393
2015-01-08,2021.25,2058.5,2020.25,2054.0,1550098,50393
2015-01-09,2054.0,2062.0,2031.25,2033.5,1902984,50393
2015-01-11,2034.5,2038.75,2032.5,2033.25,13083,50393
2015-01-12,2033.25,2048.25,2015.25,2024.5,1606516,50393
2015-01-13,2024.5,2051.75,2001.0,2016.5,2490296,50393
2015-01-14,2016.75,2019.5,1981.25,2009.75,2504419,50393
2015-01-15,2009.75,2027.25,1978.25,1979.5,2264201,50393
2015-01-16,1979.25,2014.25,1970.25,2014.0,1994145,50393
2015-01-18,2013.5,2014.0,2008.25,2010.75,7163,50393
2015-01-19,2010.5,2023.75,2003.0,2010.0,173308,50393
2015-01-20,2009.75,2026.5,1997.5,2017.0,1628768,50393
2015-01-21,2017.0,2032.75,2005.25,2026.75,1636788,50393
2015-01-22,2026.75,2059.25,2019.25,2056.0,1834483,50393
2015-01-23,2055.75,2062.5,2042.25,2043.25,1345578,50393
2015-01-25,2035.0,2036.0,2025.5,2026.75,28664,50393
2015-01-26,2026.5,2055.0,2026.25,2054.5,1232797,50393
2015-01-27,2053.5,2054.75,2013.25,2035.0,1949878,50393
2015-01-28,2035.25,2046.5,1991.25,1996.5,2090146,50393
2015-01-29,1996.25,2020.5,1982.0,2017.75,2115570,50393
2015-01-30,2017.75,2018.0,1986.25,1989.75,2342311,50393
2015-02-01,1990.5,1993.5,1984.0,1987.25,28367,50393
2015-02-02,1987.25,2018.5,1973.75,2015.25,2010231,50393
2015-02-03,2014.75,2044.0,2007.0,2041.0,1705109,50393
2015-02-04,2039.0,2049.25,2021.75,2024.0,1699840,50393
2015-02-05,2022.25,2058.75,2020.75,2054.75,1333319,50393
2015-02-06,2054.75,2068.0,2044.5,2056.0,1712677,50393
2015-02-08,2050.0,2050.5,2041.75,2044.5,20774,50393
2015-02-09,2044.5,2051.75,2036.5,2043.75,1267613,50393
2015-02-10,2044.75,2066.5,2040.5,2062.5,1374422,50393
2015-02-11,2062.75,2079.5,2053.25,2073.25,1308600,50393
2015-02-12,2066.25,2085.5,2058.5,2082.5,1407890,50393
2015-02-13,2082.75,2095.0,2081.5,2094.75,1209579,50393
2015-02-15,2091.25,2093.75,2089.5,2089.5,9640,50393
2015-02-16,2089.5,2093.75,2081.5,2084.25,107673,50393
2015-02-17,2084.0,2098.75,2080.75,2096.5,1118356,50393
2015-02-18,2096.75,2098.5,2088.5,2094.75,1083358,50393
2015-02-19,2094.75,2099.5,2087.25,2094.75,1131173,50393
2015-02-20,2095.0,2108.75,2082.25,2107.25,1619651,50393
2015-02-22,2107.25,2108.0,2106.0,2107.0,4464,50393
2015-02-23,2107.25,2108.25,2099.75,2105.75,839547,50393
2015-02-24,2106.0,2115.75,2102.75,2113.75,1073884,50393
2015-02-25,2113.5,2117.75,2107.25,2109.75,970317,50393
2015-02-26,2110.0,2114.75,2101.5,2107.75,1155752,50393
2015-02-27,2108.0,2111.0,2100.75,2104.5,1193804,50393
2015-03-01,2104.0,2107.75,2103.75,2107.0,9075,50393
2015-03-02,2107.0,2115.5,2100.5,2114.25,1053069,50393
2015-03-03,2114.0,2114.25,2095.5,2103.5,1347274,50393
2015-03-04,2103.75,2104.25,2085.25,2095.5,1464076,50393
2015-03-05,2095.5,2103.5,2093.25,2099.5,1085569,50393
2015-03-06,2100.0,2103.5,2065.5,2072.25,1878273,50393
2015-03-08,2073.5,2074.25,2068.5,2069.5,12337,50393
2015-03-09,2069.75,2082.5,2066.0,2078.0,1121403,50393
2015-03-10,2076.5,2077.5,2041.25,2046.5,1818889,50393
2015-03-11,2046.5,2052.25,2038.25,2039.75,1467130,50393
2015-03-12,2040.0,2066.5,2038.25,2066.25,1146576,50393
2015-03-13,2066.25,2068.75,2040.0,2050.75,694806,50393
2015-03-15,2050.75,2051.5,2046.5,2046.75,3467,50393
2015-03-16,2046.75,2081.75,2044.5,2075.0,332291,50393
2015-03-17,2075.0,2078.75,2064.25,2075.0,237884,50393
2015-03-18,2075.0,2107.75,2060.5,2103.0,302379,50393
2015-03-19,2103.0,2107.25,2085.0,2089.0,144825,50393
2015-03-20,2088.75,2105.5,2088.5,2101.25,26136,50393
2015-03-22,2097.75,2106.0,2097.5,2102.5,11889,85974
2015-03-23,2102.5,2107.0,2093.25,2096.0,951767,85974
2015-03-24,2095.75,2101.0,2083.0,2085.75,1188318,85974
2015-03-25,2085.5,2089.25,2052.25,2055.75,1781112,85974
2015-03-26,2055.75,2058.75,2033.25,2049.75,1836346,85974
2015-03-27,2050.0,2057.75,2041.0,2052.25,1151631,85974
2015-03-29,2052.75,2055.75,2050.0,2051.5,5618,85974
2015-03-30,2051.5,2081.75,2047.25,2076.0,1219120,85974
2015-03-31,2075.75,2076.75,2056.25,2057.75,1600311,85974
2015-04-01,2059.0,2060.75,2033.5,2055.0,1806046,85974
2015-04-02,2052.5,2064.75,2044.0,2058.75,1038034,85974
2015-04-03,2058.75,2063.75,2038.0,2039.75,94250,85974
2015-04-05,2039.5,2045.75,2038.75,2043.75,14730,85974
2015-04-06,2043.75,2080.0,2042.75,2071.25,929650,85974
2015-04-07,2071.25,2082.75,2066.0,2068.0,1031494,85974
2015-04-08,2068.0,2080.25,2064.5,2076.5,1212935,85974
2015-04-09,2076.25,2087.0,2066.75,2085.25,1209741,85974
2015-04-10,2085.5,2096.25,2083.0,2095.75,875453,85974
2015-04-12,2095.25,2097.75,2094.75,2096.0,5691,85974
2015-04-13,2096.0,2101.25,2085.25,2086.75,1068252,85974
2015-04-14,2086.5,2092.75,2075.75,2089.75,1254697,85974
2015-04-15,2090.0,2105.5,2087.25,2101.0,1044339,85974
2015-04-16,2100.5,2104.75,2089.0,2101.0,1109832,85974
2015-04-17,2101.0,2101.0,2064.5,2076.25,1815206,85974
2015-04-19,2081.0,2081.75,2078.5,2081.5,20022,85974
2015-04-20,2081.5,2097.5,2079.25,2092.25,1102767,85974
2015-04-21,2092.25,2105.25,2087.25,2093.25,1041303,85974
2015-04-22,2093.0,2103.75,2080.25,2100.25,1186235,85974
2015-04-23,2100.0,2114.5,2087.5,2106.75,1361565,85974
2015-04-24,2106.75,2114.75,2103.0,2111.75,945860,85974
2015-04-26,2113.25,2113.25,2111.25,2112.25,4820,85974
2015-04-27,2112.25,2119.75,2100.25,2104.75,1197451,85974
2015-04-28,2104.75,2112.5,2088.25,2110.25,1473528,85974
2015-04-29,2110.25,2112.5,2090.5,2097.0,1736625,85974
2015-04-30,2097.0,2102.0,2070.25,2081.25,2026110,85974
2015-05-01,2081.25,2102.5,2081.0,2102.25,1011552,85974
2015-05-03,2101.75,2102.75,2099.5,2100.0,5681,85974
2015-05-04,2100.0,2115.0,2098.0,2109.25,997733,85974
2015-05-05,2109.0,2111.75,2081.5,2086.75,1589887,85974
2015-05-06,2087.0,2093.75,2061.25,2073.0,1756246,85974
2015-05-07,2072.75,2088.25,2057.0,2085.25,1429447,85974
2015-05-08,2085.0,2113.5,2084.25,2107.75,1370907,85974
2015-05-10,2110.0,2110.5,2108.5,2109.75,5832,85974
2015-05-11,2109.75,2113.5,2095.75,2096.75,1146967,85974
2015-05-12,2096.75,2101.0,2079.25,2098.25,1466603,85974
2015-05-13,2098.25,2106.5,2091.5,2096.25,1336506,85974
2015-05-14,2096.25,2118.25,2092.0,2117.0,1098306,85974
2015-05-15,2117.0,2122.75,2113.25,2120.0,1015966,85974
2015-05-17,2119.25,2120.75,2117.25,2117.75,5037,85974
2015-05-18,2117.75,2128.75,2112.25,2126.75,908240,85974
2015-05-19,2126.75,2134.0,2121.25,2124.25,993010,85974
2015-05-20,2124.25,2132.25,2115.0,2117.5,1017922,85974
2015-05-21,2117.25,2132.0,2116.5,2127.75,779729,85974
2015-05-22,2127.5,2131.0,2122.75,2124.5,761128,85974
2015-05-24,2124.5,2126.25,2123.5,2124.75,2176,85974
2015-05-25,2125.0,2127.0,2118.5,2122.5,36553,85974
2015-05-26,2122.5,2124.5,2096.0,2103.75,1552442,85974
2015-05-27,2103.75,2124.25,2101.25,2120.5,1283700,85974
2015-05-28,2120.5,2122.75,2110.5,2121.5,1060483,85974
2015-05-29,2121.75,2122.75,2102.25,2106.0,1680989,85974
2015-05-31,2107.0,2110.25,2105.5,2107.0,9269,85974
2015-06-01,2107.25,2117.75,2100.25,2111.0,1324021,85974
2015-06-02,2111.0,2116.0,2094.0,2108.0,1433642,85974
2015-06-03,2108.0,2120.75,2106.75,2115.5,1290894,85974
2015-06-04,2115.75,2115.75,2091.25,2098.75,1707169,85974
2015-06-05,2098.75,2102.75,2083.5,2091.5,1448855,85974
2015-06-07,2092.0,2093.0,2090.0,2091.5,5600,85974
2015-06-08,2091.75,2093.25,2076.25,2080.5,1247252,85974
2015-06-09,2080.25,2084.75,2068.75,2081.75,1349538,85974
2015-06-10,2081.75,2108.0,2080.0,2104.0,1480363,85974
2015-06-11,2104.0,2114.75,2103.25,2107.5,1020246,85974
2015-06-12,2107.25,2109.0,2090.25,2093.25,517330,85974
2015-06-14,2087.0,2087.0,2080.25,2085.25,9650,85974
2015-06-15,2085.0,2089.75,2071.25,2082.0,361643,85974
2015-06-16,2082.0,2099.0,2070.5,2098.0,216090,85974
2015-06-17,2098.25,2107.0,2087.0,2097.5,227808,85974
2015-06-18,2097.75,2127.5,2090.5,2121.5,189753,85974
2015-06-19,2121.5,2126.5,2118.25,2118.5,13301,85974
2015-06-21,2105.75,2108.75,2103.5,2107.0,14876,58738
2015-06-22,2106.75,2122.0,2106.0,2116.5,1086284,58738
2015-06-23,2116.25,2120.5,2111.25,2117.5,833642,58738
2015-06-24,2117.5,2117.75,2099.0,2102.0,1151700,58738
2015-06-25,2102.25,2112.75,2092.0,2094.5,1211632,58738
2015-06-26,2094.5,2100.75,2086.25,2095.5,1313823,58738
2015-06-28,2064.0,2068.0,2054.0,2061.0,93760,58738
2015-06-29,2061.25,2083.25,2047.25,2054.5,2202330,58738
2015-06-30,2054.5,2069.0,2046.75,2055.0,2346039,58738
2015-07-01,2071.5,2077.5,2054.5,2070.0,1493971,58738
2015-07-02,2070.0,2079.0,2062.25,2068.25,1244887,58738
2015-07-03,2068.25,2071.75,2063.25,2067.0,112413,58738
2015-07-05,2037.25,2043.25,2034.25,2041.75,64527,58738
2015-07-06,2041.75,2072.75,2040.25,2068.75,1805743,58738
2015-07-07,2069.0,2078.0,2035.0,2069.5,2526910,58738
2015-07-08,2069.75,2070.0,2036.25,2044.5,2387121,58738
2015-07-09,2044.25,2068.0,2038.25,2057.25,2028814,58738
2015-07-10,2057.0,2074.75,2053.25,2070.5,1512449,58738
2015-07-12,2054.75,2064.5,2052.0,2060.0,38449,58738
2015-07-13,2060.0,2094.75,2058.25,2093.75,1300708,58738
2015-07-14,2093.5,2105.5,2090.5,2099.75,953834,58738
2015-07-15,2099.75,2108.75,2095.0,2106.75,1151603,58738
2015-07-16,2106.75,2118.5,2105.5,2117.25,1085202,58738
2015-07-17,2117.25,2120.0,2112.75,2119.75,882715,58738
2015-07-19,2118.0,2119.0,2117.75,2118.25,2983,58738
2015-07-20,2118.5,2126.25,2116.5,2121.25,938515,58738
2015-07-21,2121.0,2125.0,2106.75,2107.25,1209564,58738
2015-07-22,2107.25,2112.0,2102.25,2110.5,1215717,58738
2015-07-23,2110.25,2113.75,2091.5,2099.5,1437768,58738
2015-07-24,2100.0,2104.0,2069.75,2078.75,1663282,58738
2015-07-26,2078.25,2078.5,2075.75,2077.0,10063,58738
2015-07-27,2077.0,2080.75,2056.5,2065.75,1774829,58738
2015-07-28,2066.0,2089.0,2061.5,2088.25,1718562,58738
2015-07-29,2088.5,2104.25,2084.5,2098.5,1392547,58738
2015-07-30,2098.5,2104.25,2087.75,2102.0,1281010,58738
2015-07-31,2102.25,2109.25,2095.25,2099.25,1597192,58738
2015-08-02,2098.75,2101.0,2098.5,2100.25,6001,58738
2015-08-03,2100.0,2102.5,2080.0,2088.0,1510787,58738
2015-08-04,2087.5,2096.25,2081.5,2083.5,1323723,58738
2015-08-05,2083.75,2107.0,2083.25,2093.0,1375634,58738
2015-08-06,2093.0,2099.25,2070.0,2079.0,1608741,58738
2015-08-07,2079.0,2082.75,2062.0,2072.5,1586566,58738
2015-08-09,2072.0,2075.0,2071.75,2073.75,9126,58738
2015-08-10,2074.0,2101.75,2073.5,2100.75,1189236,58738
2015-08-11,2100.5,2100.75,2070.75,2083.5,1775989,58738
2015-08-12,2083.25,2085.25,2046.5,2082.0,2352638,58738
2015-08-13,2082.25,2093.0,2073.25,2078.75,1482948,58738
2015-08-14,2078.75,2090.5,2073.75,2089.75,1062570,58738
2015-08-16,2089.5,2091.5,2088.5,2089.75,5700,58738
2015-08-17,2089.75,2100.5,2074.75,2099.0,1287658,58738
2015-08-18,2099.0,2103.75,2090.25,2093.5,1128530,58738
2015-08-19,2093.25,2098.0,2066.5,2074.5,2288787,58738
2015-08-20,2074.75,2077.75,2024.5,2027.75,2584095,58738
2015-08-21,2028.0,2029.0,1967.25,1968.25,4139339,58738
2015-08-23,1964.5,1964.75,1950.5,1958.5,92568,58738
2015-08-24,1958.75,1962.5,1831.0,1889.5,5176101,58738
2015-08-25,1889.75,1948.5,1850.5,1850.75,3663293,58738
2015-08-26,1850.75,1943.0,1850.75,1942.0,3457849,58738
2015-08-27,1942.0,1990.25,1934.5,1988.75,2919584,58738
2015-08-28,1988.75,1992.75,1967.25,1986.25,1948913,58738
2015-08-30,1986.25,1987.75,1959.25,1967.75,52848,58738
2015-08-31,1967.75,1983.75,1953.5,1955.0,1832094,58738
2015-09-01,1955.0,1956.75,1898.75,1919.0,2808388,58738
2015-09-02,1919.25,1957.5,1916.25,1952.5,2160824,58738
2015-09-03,1952.25,1973.5,1942.0,1948.75,2018941,58738
2015-09-04,1948.5,1948.75,1907.75,1918.0,2102286,58738
2015-09-06,1916.75,1929.0,1915.75,1925.5,11606,58738
2015-09-07,1925.75,1944.5,1918.75,1938.75,187206,58738
2015-09-08,1939.0,1968.75,1930.75,1967.75,1587235,58738
2015-09-09,1967.5,1992.0,1933.0,1937.0,1975279,58738
2015-09-10,1937.0,1967.25,1928.5,1948.25,1720726,58738
2015-09-11,1948.25,1962.5,1937.25,1962.0,480660,58738
2015-09-13,1963.75,1974.25,1960.5,1974.0,9687,58738
2015-09-14,1973.75,1974.0,1946.5,1954.25,279306,58738
2015-09-15,1955.75,1983.0,1945.0,1979.5,262078,58738
2015-09-16,1979.5,1999.0,1972.75,1995.5,194577,58738
2015-09-17,1995.25,2021.5,1982.5,1987.25,258306,58738
2015-09-18,1987.25,1993.75,1954.75,1960.0,35485,58738
2015-09-20,1949.25,1952.25,1946.25,1948.25,9866,13950
2015-09-21,1948.25,1969.0,1938.5,1963.5,1508013,13950
2015-09-22,1963.5,1963.75,1917.75,1927.25,1983604,13950
2015-09-23,1927.25,1941.75,1910.5,1929.5,1418488,13950
2015-09-24,1929.5,1936.25,1897.25,1924.5,2241413,13950
2015-09-25,1924.75,1951.0,1910.25,1915.25,2042787,13950
2015-09-27,1915.5,1916.5,1905.25,1910.5,22719,13950
2015-09-28,1910.5,1929.75,1868.75,1877.75,2313559,13950
2015-09-29,1877.5,1889.75,1861.0,1875.75,2358010,13950
2015-09-30,1875.75,1910.5,1871.25,1903.75,2210576,13950
2015-10-01,1903.75,1929.5,1890.25,1916.0,2045426,13950
2015-10-02,1916.0,1943.75,1883.0,1943.0,2453558,13950
2015-10-04,1941.0,1942.5,1937.25,1942.0,17536,13950
2015-10-05,1942.0,1980.0,1937.5,1972.75,1662373,13950
2015-10-06,1972.75,1982.25,1960.5,1964.5,1600300,13950
2015-10-07,1964.75,1991.25,1962.25,1986.75,1928671,13950
2015-10-08,1986.75,2008.75,1971.0,2004.75,1794426,13950
2015-10-09,2004.5,2014.0,1998.75,2006.5,1367456,13950
2015-10-11,2005.25,2005.5,2002.0,2002.5,6374,13950
2015-10-12,2002.5,2014.0,2001.75,2010.5,785012,13950
2015-10-13,2010.5,2014.75,1990.5,1992.75,1509505,13950
2015-10-14,1992.75,2001.75,1982.5,1987.75,1752165,13950
2015-10-15,1987.75,2023.0,1987.0,2022.0,1729742,13950
2015-10-16,2021.75,2026.5,2012.25,2026.25,1337667,13950
2015-10-18,2024.5,2025.75,2023.0,2023.5,7560,13950
2015-10-19,2023.25,2028.0,2014.25,2025.5,1296564,13950
2015-10-20,2025.5,2031.5,2015.75,2018.75,1262283,13950
2015-10-21,2018.75,2034.25,2007.5,2010.25,1774619,13950
2015-10-22,2010.25,2061.75,2010.0,2059.0,2113100,13950
2015-10-23,2059.25,2074.5,2053.25,2065.0,2023603,13950
2015-10-25,2066.0,2066.0,2063.25,2063.75,5267,13950
2015-10-26,2063.75,2068.0,2057.5,2063.0,1180612,13950
2015-10-27,2063.0,2064.75,2051.25,2060.75,1244665,13950
2015-10-28,2060.5,2085.25,2055.5,2081.0,1889015,13950
2015-10-29,2081.0,2086.5,2073.25,2084.75,1396734,13950
2015-10-30,2084.75,2094.75,2069.75,2074.0,1740160,13950
2015-11-01,2073.0,2074.0,2065.75,2068.5,12341,13950
2015-11-02,2068.5,2100.0,2064.25,2093.25,1273669,13950
2015-11-03,2094.5,2110.25,2089.0,2102.5,1333610,13950
2015-11-04,2101.75,2109.75,2090.5,2096.25,1542450,13950
2015-11-05,2093.5,2104.75,2084.0,2092.0,1534812,13950
2015-11-06,2092.25,2099.0,2077.5,2093.5,1837699,13950
2015-11-08,2092.0,2094.0,2090.75,2092.75,14524,13950
2015-11-09,2093.0,2097.75,2062.0,2072.25,1842650,13950
2015-11-10,2072.75,2079.0,2064.5,2075.5,1281734,13950
2015-11-11,2075.75,2087.25,2067.75,2068.5,1172011,13950
2015-11-12,2069.25,2077.5,2038.25,2040.5,1794134,13950
2015-11-13,2042.75,2046.0,2011.5,2013.0,2115967,13950
2015-11-15,2006.5,2007.75,1998.5,2005.25,35387,13950
2015-11-16,2005.0,2051.0,2005.0,2048.75,1677372,13950
2015-11-17,2047.0,2063.5,2041.5,2049.75,1607616,13950
2015-11-18,2047.75,2082.5,2043.0,2081.5,1530637,13950
2015-11-19,2081.25,2089.25,2075.25,2079.25,1279955,13950
2015-11-20,2077.0,2094.5,2076.0,2088.75,1260764,13950
2015-11-22,2089.75,2092.5,2088.75,2091.0,7089,13950
2015-11-23,2091.0,2093.0,2078.25,2085.0,960359,13950
2015-11-24,2085.25,2091.5,2065.5,2086.0,1507489,13950
2015-11-25,2086.0,2092.5,2082.25,2089.5,741684,13950
2015-11-26,2089.75,2098.25,2088.25,2095.5,110349,13950
2015-11-27,2095.75,2096.0,2081.5,2090.5,536298,13950
2015-11-29,2089.5,2090.25,2085.5,2086.75,7840,13950
2015-11-30,2086.75,2095.0,2078.5,2087.25,1372930,13950
2015-12-01,2087.25,2101.5,2083.5,2098.0,1450164,13950
2015-12-02,2098.0,2105.0,2075.0,2082.0,1687423,13950
2015-12-03,2082.0,2095.25,2040.0,2053.0,2608271,13950
2015-12-04,2053.0,2093.0,2046.75,2088.5,2218531,13950
2015-12-06,2092.25,2092.75,2086.5,2088.75,7983,13950
2015-12-07,2088.5,2095.5,2064.5,2078.75,1654749,13950
2015-12-08,2078.75,2079.25,2050.25,2063.0,1886709,13950
2015-12-09,2063.0,2079.75,2034.25,2047.5,2390202,13950
2015-12-10,2047.5,2067.0,2043.75,2050.75,1442183,13950
2015-12-11,2050.75,2056.25,2005.0,2007.0,1012307,13950
2015-12-13,2008.0,2014.25,2008.0,2012.25,8906,13950
2015-12-14,2012.5,2028.25,1992.25,2026.25,637679,13950
2015-12-15,2026.25,2054.0,2019.0,2045.25,376328,13950
2015-12-16,2045.5,2077.0,2040.0,2071.5,269422,13950
2015-12-17,2071.5,2082.25,2032.0,2033.5,202875,13950
2015-12-18,2034.0,2040.25,2022.0,2032.5,27820,13950
2015-12-20,1997.25,2001.0,1996.0,1998.25,12968,49705
2015-12-21,1998.25,2019.5,1995.25,2017.75,1260396,49705
2015-12-22,2017.75,2036.5,2007.25,2034.0,1142900,49705
2015-12-23,2034.0,2057.75,2030.75,2053.25,1000708,49705
2015-12-24,2053.25,2059.75,2049.0,2050.75,320037,49705
2015-12-27,2051.25,2054.5,2050.5,2052.0,4385,49705
2015-12-28,2052.0,2053.25,2035.25,2048.75,691904,49705
2015-12-29,2049.0,2074.5,2047.5,2071.25,828137,49705
2015-12-30,2071.5,2075.0,2053.5,2056.75,717806,49705
2015-12-31,2056.75,2057.75,2030.25,2035.75,1022750,49705
2016-01-03,2037.75,2043.5,2037.5,2040.25,10915,49705
2016-01-04,2040.5,2043.0,1980.25,2012.5,2208553,49705
2016-01-05,2012.25,2017.0,1992.25,2010.5,1680047,49705
2016-01-06,2010.75,2013.25,1970.5,1989.25,2215021,49705
2016-01-07,1989.25,1991.0,1928.5,1936.0,2962323,49705
2016-01-08,1936.0,1964.75,1910.0,1913.25,2666590,49705
2016-01-10,1909.25,1912.25,1893.5,1897.0,55198,49705
2016-01-11,1897.25,1929.0,1892.5,1919.0,2438670,49705
2016-01-12,1918.75,1940.25,1899.0,1927.0,2419158,49705
2016-01-13,1927.25,1946.5,1878.0,1882.5,2889603,49705
2016-01-14,1882.75,1927.5,1871.0,1917.75,3028937,49705
2016-01-15,1918.0,1921.0,1849.25,1876.5,3420102,49705
2016-01-17,1869.75,1873.0,1859.75,1869.25,31257,49705
2016-01-18,1869.0,1890.0,1865.5,1874.25,417712,49705
2016-01-19,1874.0,1907.5,1856.25,1876.25,2340266,49705
2016-01-20,1876.0,1876.25,1804.25,1861.0,3927413,49705
2016-01-21,1861.0,1883.25,1836.25,1864.25,2708320,49705
2016-01-22,1864.5,1902.25,1855.75,1899.25,2089549,49705
2016-01-24,1899.5,1904.25,1898.75,1900.0,15072,49705
2016-01-25,1900.0,1902.75,1865.5,1867.25,1627211,49705
2016-01-26,1867.25,1899.75,1851.25,1886.75,1784447,49705
2016-01-27,1886.75,1910.0,1864.5,1872.5,2103090,49705
2016-01-28,1872.75,1902.5,1865.75,1881.25,2231292,49705
2016-01-29,1881.25,1933.0,1876.5,1931.25,2381812,49705
2016-01-31,1929.75,1932.5,1927.5,1928.5,15854,49705
2016-02-01,1928.5,1940.0,1912.5,1924.0,1733007,49705
2016-02-02,1924.0,1927.5,1889.0,1894.0,2094318,49705
2016-02-03,1894.0,1912.25,1865.0,1908.5,2833459,49705
2016-02-04,1908.75,1922.25,1890.25,1903.75,2244393,49705
2016-02-05,1903.5,1914.5,1865.75,1873.75,2291773,49705
2016-02-07,1876.25,1877.75,1874.0,1875.5,12280,49705
2016-02-08,1875.75,1884.5,1821.75,1845.75,2666661,49705
2016-02-09,1846.0,1863.75,1825.75,1853.0,2770969,49705
2016-02-10,1853.0,1877.75,1838.5,1839.0,2348155,49705
2016-02-11,1838.75,1842.75,1802.5,1829.75,3177539,49705
2016-02-12,1830.0,1860.75,1822.5,1860.0,1988706,49705
2016-02-14,1865.25,1871.0,1865.0,1869.5,16969,49705
2016-02-15,1869.5,1890.0,1867.75,1883.0,340191,49705
2016-02-16,1882.75,1892.75,1870.25,1889.0,1644149,49705
2016-02-17,1889.25,1928.0,1881.5,1927.25,1834284,49705
2016-02-18,1927.25,1933.5,1911.25,1916.75,1607788,49705
2016-02-19,1917.0,1922.75,1898.5,1914.25,1581829,49705
2016-02-21,1911.0,1911.0,1908.25,1910.0,9981,49705
2016-02-22,1910.0,1943.75,1909.75,1933.25,1405855,49705
2016-02-23,1933.5,1938.0,1913.25,1914.25,1593216,49705
2016-02-24,1914.5,1936.5,1886.75,1935.75,2315414,49705
2016-02-25,1936.0,1951.5,1920.25,1950.75,1812390,49705
2016-02-26,1950.5,1968.75,1941.25,1941.25,1859236,49705
2016-02-28,1943.0,1943.5,1938.0,1939.75,15476,49705
2016-02-29,1939.75,1956.25,1926.5,1931.5,1809116,49705
2016-03-01,1931.75,1978.5,1920.75,1975.75,2017716,49705
2016-03-02,1975.75,1984.75,1966.25,1979.5,1791029,49705
2016-03-03,1979.5,1992.5,1974.75,1990.0,1513561,49705
2016-03-04,1990.0,2007.5,1984.0,1994.75,2179747,49705
2016-03-06,1994.5,1994.75,1991.5,1992.25,7728,49705
2016-03-07,1992.25,2004.5,1984.5,2000.0,1564252,49705
2016-03-08,2000.0,2000.0,1976.0,1981.5,1821001,49705
2016-03-09,1981.5,1994.0,1978.0,1988.75,1490417,49705
2016-03-10,1988.75,2010.25,1967.25,1989.0,2292487,49705
2016-03-11,1989.0,2022.25,1988.5,2021.0,694650,49705
2016-03-13,2019.25,2021.0,2016.75,2018.75,5789,49705
2016-03-14,2019.0,2024.5,2012.0,2019.0,312085,49705
2016-03-15,2018.75,2019.5,2004.5,2018.25,214171,49705
2016-03-16,2018.5,2032.25,2006.5,2029.5,208184,49705
2016-03-17,2029.5,2046.75,2015.75,2042.75,197653,49705
2016-03-18,2043.0,2048.75,2037.0,2048.0,19076,49705
2016-03-20,2036.5,2037.5,2035.0,2036.5,8572,6505
2016-03-21,2036.5,2044.5,2031.0,2042.0,1271810,6505
2016-03-22,2042.0,2047.5,2028.75,2042.0,1488175,6505
2016-03-23,2042.0,2045.25,2025.25,2028.0,1552284,6505
2016-03-24,2028.25,2030.25,2012.25,2030.25,1511684,6505
2016-03-27,2030.25,2033.25,2030.0,2033.0,8400,6505
2016-03-28,2033.0,2039.75,2022.0,2027.5,894904,6505
2016-03-29,2027.5,2052.25,2019.25,2050.5,1555158,6505
2016-03-30,2050.5,2064.5,2047.5,2054.25,1609115,6505
2016-03-31,2054.5,2059.75,2047.25,2052.75,1716576,6505
2016-04-01,2052.75,2067.0,2035.25,2064.75,2035262,6505
2016-04-03,2064.0,2064.25,2061.25,2061.5,10876,6505
2016-04-04,2061.5,2071.5,2052.75,2053.25,1380472,6505
2016-04-05,2053.5,2054.5,2034.25,2042.75,1801931,6505
2016-04-06,2042.75,2060.5,2035.0,2058.5,1889110,6505
2016-04-07,2058.75,2062.0,2026.0,2030.25,2046665,6505
2016-04-08,2030.5,2054.25,2030.25,2041.75,1747323,6505
2016-04-10,2041.0,2043.25,2038.5,2042.0,10848,6505
2016-04-11,2041.75,2056.5,2029.25,2032.25,1676420,6505
2016-04-12,2032.0,2058.5,2031.5,2056.25,1813152,6505
2016-04-13,2056.0,2077.0,2055.0,2076.0,1631605,6505
2016-04-14,2076.0,2081.75,2068.5,2076.25,1355770,6505
2016-04-15,2076.5,2080.0,2069.5,2074.75,1191767,6505
2016-04-17,2064.25,2066.5,2062.0,2063.25,29630,6505
2016-04-18,2063.0,2088.75,2058.5,2087.75,1366982,6505
2016-04-19,2087.75,2098.5,2085.0,2091.25,1553200,6505
2016-04-20,2091.0,2105.25,2085.75,2097.75,1456812,6505
2016-04-21,2097.75,2104.0,2077.75,2080.75,1638277,6505
2016-04-22,2080.75,2089.0,2075.0,2086.0,1473862,6505
2016-04-24,2091.5,2091.5,2087.25,2087.75,8328,6505
2016-04-25,2087.75,2088.0,2071.0,2083.25,1267455,6505
2016-04-26,2083.25,2091.25,2079.5,2083.75,1219502,6505
2016-04-27,2083.75,2094.0,2076.25,2092.5,1414741,6505
2016-04-28,2092.5,2094.25,2065.25,2074.0,1926763,6505
2016-04-29,2074.0,2076.0,2045.75,2060.25,2381948,6505
2016-05-01,2060.75,2061.25,2055.75,2057.25,16087,6505
2016-05-02,2057.5,2077.5,2055.5,2074.0,1285593,6505
2016-05-03,2074.25,2076.0,2048.0,2059.5,1819075,6505
2016-05-04,2059.5,2060.25,2039.0,2048.25,1550062,6505
2016-05-05,2048.25,2060.0,2038.0,2043.75,1438561,6505
2016-05-06,2043.75,2054.5,2030.5,2054.25,1788851,6505
2016-05-08,2053.0,2057.5,2052.25,2057.5,15217,6505
2016-05-09,2057.5,2059.75,2048.0,2051.25,1362251,6505
2016-05-10,2051.25,2079.75,2050.75,2077.0,1387570,6505
2016-05-11,2077.0,2078.75,2057.5,2059.75,1456034,6505
2016-05-12,2060.0,2072.75,2048.5,2060.25,1787481,6505
2016-05-13,2060.25,2063.5,2038.5,2042.5,1860168,6505
2016-05-15,2041.25,2041.5,2035.0,2040.5,23062,6505
2016-05-16,2040.25,2068.5,2040.25,2061.5,1395809,6505
2016-05-17,2061.5,2069.5,2036.75,2044.25,1974753,6505
2016-05-18,2044.25,2057.75,2030.75,2043.5,2076856,6505
2016-05-19,2043.25,2044.0,2022.0,2038.25,2049848,6505
2016-05-20,2038.25,2055.5,2038.0,2050.0,1559672,6505
2016-05-22,2053.25,2053.5,2050.0,2050.25,8006,6505
2016-05-23,2050.5,2056.0,2043.5,2045.5,1170180,6505
2016-05-24,2045.5,2079.5,2041.25,2078.25,1598371,6505
2016-05-25,2078.25,2092.5,2076.0,2086.25,1425451,6505
2016-05-26,2086.0,2091.75,2082.5,2091.5,959516,6505
2016-05-27,2091.25,2098.75,2088.0,2098.5,1017184,6505
2016-05-29,2100.0,2103.25,2098.75,2101.25,13239,6505
2016-05-30,2101.25,2103.75,2099.5,2101.25,77527,6505
2016-05-31,2101.25,2102.75,2086.0,2095.25,1519518,6505
2016-06-01,2095.0,2099.25,2083.25,2097.5,1283789,6505
2016-06-02,2097.75,2105.0,2086.75,2104.75,1268546,6505
2016-06-03,2104.5,2106.0,2082.75,2097.25,1709845,6505
2016-06-05,2097.5,2099.25,2094.0,2095.25,15080,6505
2016-06-06,2095.0,2112.25,2094.25,2107.0,1205913,6505
2016-06-07,2106.75,2118.0,2106.75,2109.5,1067200,6505
2016-06-08,2109.5,2119.75,2106.5,2116.75,1128897,6505
2016-06-09,2116.75,2118.5,2106.25,2113.25,1125326,6505
2016-06-10,2113.0,2113.75,2088.5,2095.75,741776,6505
2016-06-12,2089.25,2093.75,2089.25,2091.5,8436,6505
2016-06-13,2091.5,2098.25,2073.0,2075.25,468038,6505
2016-06-14,2075.25,2081.75,2063.25,2071.25,415058,6505
2016-06-15,2071.25,2086.25,2068.75,2072.5,231550,6505
2016-06-16,2072.75,2081.5,2050.0,2081.5,220921,6505
2016-06-17,2081.5,2083.0,2073.75,2078.5,24798,6505
2016-06-19,2071.0,2079.0,2070.25,2076.5,33910,2615
2016-06-20,2076.25,2092.5,2071.25,2077.75,1569919,2615
2016-06-21,2077.75,2086.0,2074.0,2078.0,1387081,2615
2016-06-22,2078.0,2091.25,2075.25,2086.0,1417326,2615
2016-06-23,2086.25,2119.5,2084.5,2097.25,1442080,2615
2016-06-24,2097.25,2099.5,1999.0,2018.25,3976062,2615
2016-06-26,2013.75,2015.0,2001.5,2007.25,85018,2615
2016-06-27,2007.25,2022.5,1981.5,1990.0,2904246,2615
2016-06-28,1990.0,2029.75,1987.75,2026.75,2263604,2615
2016-06-29,2026.75,2074.75,2022.75,2068.0,2061063,2615
2016-06-30,2068.25,2091.25,2056.5,2085.75,2278206,2615
2016-07-01,2085.75,2100.75,2081.5,2096.25,1631597,2615
2016-07-03,2099.75,2099.75,2094.0,2094.0,6506,2615
2016-07-04,2094.25,2104.75,2094.0,2096.75,145721,2615
2016-07-05,2097.0,2097.0,2072.5,2080.0,1716250,2615
2016-07-06,2079.75,2094.5,2065.75,2091.75,2047398,2615
2016-07-07,2091.75,2102.0,2081.75,2091.75,1652496,2615
2016-07-08,2091.75,2125.5,2087.5,2120.75,1928151,2615
2016-07-10,2120.25,2122.25,2120.0,2122.0,11727,2615
2016-07-11,2121.75,2136.75,2121.75,2129.75,1452623,2615
2016-07-12,2129.75,2149.25,2128.5,2145.25,1690467,2615
2016-07-13,2145.0,2152.25,2139.5,2143.75,1608521,2615
2016-07-14,2143.75,2168.0,2142.75,2153.75,1779196,2615
2016-07-15,2153.75,2164.75,2143.25,2146.0,1475325,2615
2016-07-17,2154.5,2160.75,2153.5,2156.0,29640,2615
2016-07-18,2156.0,2163.25,2152.75,2160.25,1165474,2615
2016-07-19,2160.5,2160.5,2151.25,2158.0,1147806,2615
2016-07-20,2158.0,2169.75,2155.25,2167.0,1124505,2615
2016-07-21,2167.0,2170.25,2153.5,2158.5,1294401,2615
2016-07-22,2158.75,2169.25,2156.0,2167.5,1115424,2615
2016-07-24,2167.75,2168.0,2166.5,2167.25,5859,2615
2016-07-25,2167.5,2172.5,2155.75,2162.0,1248050,2615
2016-07-26,2162.0,2168.0,2153.75,2166.5,1605258,2615
2016-07-27,2166.75,2169.25,2152.0,2161.75,1620819,2615
2016-07-28,2161.5,2168.5,2153.5,2166.0,1618524,2615
2016-07-29,2165.75,2171.75,2157.5,2171.0,1681496,2615
2016-07-31,2174.0,2174.5,2170.75,2171.0,12958,2615
2016-08-01,2171.25,2177.75,2159.75,2165.5,1641862,2615
2016-08-02,2165.5,2171.0,2141.5,2152.0,1954726,2615
2016-08-03,2152.0,2158.25,2145.25,2158.0,1358016,2615
2016-08-04,2158.0,2164.25,2154.0,2161.0,1232121,2615
2016-08-05,2161.0,2178.5,2160.25,2177.5,1358744,2615
2016-08-07,2176.0,2178.75,2176.0,2177.25,7687,2615
2016-08-08,2177.25,2183.0,2173.25,2175.0,934207,2615
2016-08-09,2175.0,2183.5,2173.75,2175.75,1191555,2615
2016-08-10,2175.75,2181.5,2167.75,2171.0,1360835,2615
2016-08-11,2171.25,2185.25,2170.75,2182.25,1317190,2615
2016-08-12,2182.5,2184.0,2175.5,2181.25,1257831,2615
2016-08-14,2180.75,2182.25,2180.5,2182.25,4333,2615
2016-08-15,2182.0,2190.75,2181.0,2185.0,1080344,2615
2016-08-16,2185.0,2186.0,2175.25,2178.25,1386848,2615
2016-08-17,2178.25,2182.0,2165.5,2180.0,1686305,2615
2016-08-18,2180.0,2184.5,2176.25,2183.75,1187699,2615
2016-08-19,2183.75,2184.25,2172.5,2182.5,1419299,2615
2016-08-21,2181.75,2182.5,2181.0,2181.5,7171,2615
2016-08-22,2181.5,2184.5,2173.5,2180.0,1535087,2615
2016-08-23,2179.75,2191.5,2179.25,2186.0,1116548,2615
2016-08-24,2185.75,2187.75,2168.75,2174.5,1496616,2615
2016-08-25,2174.5,2177.25,2167.5,2174.5,1489688,2615
2016-08-26,2174.5,2186.75,2157.5,2167.25,2501151,2615
2016-08-28,2167.75,2168.0,2164.5,2167.75,12664,2615
2016-08-29,2167.75,2182.25,2164.75,2180.0,1212548,2615
2016-08-30,2180.25,2181.5,2168.5,2174.5,1353488,2615
2016-08-31,2174.75,2176.0,2159.5,2169.25,1818942,2615
2016-09-01,2169.25,2177.25,2154.75,2167.25,1920516,2615
2016-09-02,2167.25,2183.75,2164.25,2179.25,1668839,2615
2016-09-04,2179.25,2181.75,2178.25,2180.75,5805,2615
2016-09-05,2180.75,2182.25,2175.0,2178.0,127135,2615
2016-09-06,2178.25,2186.25,2173.0,2184.75,1394437,2615
2016-09-07,2184.5,2186.75,2177.5,2184.0,1316619,2615
2016-09-08,2184.25,2189.25,2175.75,2178.0,1516836,2615
2016-09-09,2177.75,2178.25,2119.75,2121.25,1351570,2615
2016-09-11,2121.75,2123.5,2115.5,2119.75,15781,2615
2016-09-12,2120.0,2162.75,2107.0,2156.0,786758,2615
2016-09-13,2156.0,2156.75,2119.0,2129.25,495192,2615
2016-09-14,2129.25,2141.25,2118.75,2124.75,268955,2615
2016-09-15,2124.25,2151.5,2114.75,2141.25,169998,2615
2016-09-16,2141.0,2143.75,2135.5,2141.75,21953,2615
2016-09-18,2132.25,2141.0,2131.5,2138.0,14856,2928
2016-09-19,2138.25,2146.75,2127.75,2131.75,1512000,2928
2016-09-20,2131.5,2143.5,2129.0,2131.25,1383292,2928
2016-09-21,2131.25,2157.5,2126.25,2154.5,1820430,2928
2016-09-22,2154.25,2172.75,2152.75,2167.25,1518357,2928
2016-09-23,2167.5,2169.5,2156.0,2157.5,1429555,2928
2016-09-25,2156.25,2159.5,2155.5,2158.5,7974,2928
2016-09-26,2158.5,2159.5,2136.75,2138.75,1588535,2928
2016-09-27,2138.75,2154.0,2132.75,2151.25,1648689,2928
2016-09-28,2151.5,2165.25,2144.0,2164.0,1722674,2928
2016-09-29,2164.0,2167.0,2137.25,2145.0,2307673,2928
2016-09-30,2145.0,2168.25,2135.75,2156.75,1954875,2928
2016-10-02,2158.75,2162.0,2158.0,2161.75,12490,2928
2016-10-03,2161.75,2164.0,2146.75,2155.0,1389303,2928
2016-10-04,2154.75,2159.75,2136.0,2142.5,2135567,2928
2016-10-05,2142.5,2158.0,2141.0,2153.25,1361605,2928
2016-10-06,2153.0,2157.25,2143.25,2152.0,1212474,2928
2016-10-07,2152.25,2161.5,2138.0,2146.5,1937802,2928
2016-10-09,2152.0,2153.75,2150.25,2151.25,17609,2928
2016-10-10,2151.25,2163.5,2148.5,2160.0,936493,2928
2016-10-11,2160.0,2160.5,2121.75,2135.0,2237905,2928
2016-10-12,2135.0,2140.75,2126.25,2129.5,1462910,2928
2016-10-13,2129.5,2132.25,2107.75,2125.0,2168870,2928
2016-10-14,2125.25,2143.25,2122.25,2126.25,1825432,2928
2016-10-16,2126.25,2128.75,2118.5,2122.75,18392,2928
2016-10-17,2122.75,2130.0,2116.75,2124.25,1234181,2928
2016-10-18,2124.25,2139.75,2124.0,2132.25,1128043,2928
2016-10-19,2132.5,2142.5,2126.5,2139.0,930060,2928
2016-10-20,2139.25,2144.5,2126.75,2137.25,1599694,2928
2016-10-21,2137.25,2137.75,2123.25,2136.0,1396955,2928
2016-10-23,2137.0,2139.75,2135.5,2137.5,12897,2928
2016-10-24,2137.5,2149.0,2134.75,2144.5,994803,2928
2016-10-25,2144.75,2149.75,2132.5,2134.25,1193572,2928
2016-10-26,2134.25,2140.0,2124.75,2133.75,1533000,2928
2016-10-27,2134.0,2143.75,2122.5,2128.0,1794801,2928
2016-10-28,2128.0,2135.25,2112.5,2123.75,2367466,2928
2016-10-30,2120.0,2122.0,2114.75,2120.25,19949,2928
2016-10-31,2120.25,2130.5,2118.75,2122.75,1342185,2928
2016-11-01,2123.0,2129.5,2091.0,2101.5,2252416,2928
2016-11-02,2101.5,2106.5,2087.25,2092.0,2008075,2928
2016-11-03,2092.25,2098.75,2079.75,2085.0,1780155,2928
2016-11-04,2085.0,2094.25,2078.75,2081.5,2043073,2928
2016-11-06,2106.0,2111.0,2103.5,2105.75,56672,2928
2016-11-07,2105.75,2130.75,2102.75,2127.75,1703857,2928
2016-11-08,2128.0,2144.25,2119.0,2142.25,1762729,2928
2016-11-09,2142.25,2166.75,2028.5,2157.0,5230774,2928
2016-11-10,2157.0,2180.5,2147.75,2165.75,3110087,2928
2016-11-11,2165.5,2170.5,2148.5,2160.5,1866637,2928
2016-11-13,2164.5,2168.5,2163.25,2167.75,14827,2928
2016-11-14,2167.75,2174.5,2152.25,2161.0,1770316,2928
2016-11-15,2160.75,2180.0,2159.25,2179.0,1420120,2928
2016-11-16,2179.25,2185.0,2168.75,2172.75,1314567,2928
2016-11-17,2172.75,2185.5,2171.75,2183.0,1341302,2928
2016-11-18,2183.0,2187.5,2176.5,2180.25,1255160,2928
2016-11-20,2179.5,2181.5,2179.25,2180.75,5399,2928
2016-11-21,2181.0,2196.5,2178.5,2193.75,1194019,2928
2016-11-22,2194.0,2203.0,2191.75,2200.0,1242310,2928
2016-11-23,2199.75,2203.5,2192.0,2199.25,1083948,2928
2016-11-24,2199.25,2207.0,2197.5,2205.25,101829,2928
2016-11-25,2205.5,2211.75,2202.5,2211.5,439221,2928
2016-11-27,2208.0,2208.5,2206.25,2207.25,11581,2928
2016-11-28,2207.25,2209.5,2198.25,2199.5,1347894,2928
2016-11-29,2199.5,2209.5,2196.25,2203.25,1352851,2928
2016-11-30,2203.25,2213.75,2196.75,2199.5,1928461,2928
2016-12-01,2199.25,2203.0,2186.0,2189.75,2137749,2928
2016-12-02,2189.75,2197.25,2184.25,2191.0,1641590,2928
2016-12-04,2184.0,2185.5,2179.0,2183.25,29376,2928
2016-12-05,2183.5,2208.75,2182.0,2204.75,1601604,2928
2016-12-06,2204.75,2212.0,2200.25,2210.75,1408635,2928
2016-12-07,2210.75,2241.25,2206.75,2236.75,2111231,2928
2016-12-08,2236.75,2251.5,2232.5,2247.0,1689664,2928
2016-12-09,2246.75,2261.25,2245.0,2261.0,482683,2928
2016-12-11,2260.75,2270.25,2260.0,2265.25,14449,2928
2016-12-12,2265.25,2266.0,2252.25,2254.25,344343,2928
2016-12-13,2254.5,2278.25,2254.25,2272.5,293636,2928
2016-12-14,2272.75,2277.0,2248.0,2257.5,296418,2928
2016-12-15,2257.5,2272.75,2252.25,2265.25,201083,2928
2016-12-16,2265.0,2269.5,2261.75,2267.5,20509,2928
2016-12-18,2256.0,2259.5,2255.75,2258.75,6917,35903
2016-12-19,2258.5,2263.75,2254.0,2261.0,917994,35903
2016-12-20,2261.0,2269.5,2260.0,2266.75,804146,35903
2016-12-21,2266.75,2268.0,2258.0,2259.25,649144,35903
2016-12-22,2259.0,2261.0,2251.5,2258.25,830640,35903
2016-12-23,2258.25,2261.0,2254.25,2258.75,388845,35903
2016-12-26,2258.75,2260.0,2258.0,2259.0,2536,35903
2016-12-27,2259.25,2269.5,2257.75,2261.75,489832,35903
2016-12-28,2261.75,2267.5,2243.5,2246.75,975410,35903
2016-12-29,2246.75,2250.0,2239.5,2246.0,882647,35903
2016-12-30,2246.0,2252.75,2228.0,2233.5,1248789,35903
2017-01-02,2240.75,2245.0,2240.75,2243.0,15014,35903
2017-01-03,2243.0,2259.5,2239.5,2252.0,1776481,35903
2017-01-04,2252.25,2267.25,2251.25,2263.5,1383797,35903
2017-01-05,2263.75,2265.25,2254.0,2263.5,1306614,35903
2017-01-06,2263.5,2277.0,2258.25,2270.75,1536497,35903
2017-01-08,2271.25,2273.0,2270.5,2273.0,5188,35903
2017-01-09,2273.0,2275.25,2261.75,2262.25,1022446,35903
2017-01-10,2262.25,2274.0,2259.5,2264.25,1296319,35903
2017-01-11,2264.25,2271.75,2255.0,2269.75,1727893,35903
2017-01-12,2269.75,2270.25,2248.5,2265.25,1746178,35903
2017-01-13,2265.0,2273.5,2262.75,2270.75,1178020,35903
2017-01-15,2270.25,2270.5,2268.0,2268.5,5835,35903
2017-01-16,2268.5,2269.5,2265.0,2266.5,95484,35903
2017-01-17,2266.5,2267.5,2257.25,2262.75,1434470,35903
2017-01-18,2262.75,2268.5,2258.25,2266.75,1104440,35903
2017-01-19,2266.75,2269.5,2253.0,2263.0,1380666,35903
2017-01-20,2263.0,2272.75,2259.75,2266.5,1703088,35903
2017-01-22,2266.0,2266.5,2259.5,2260.0,16679,35903
2017-01-23,2259.75,2267.5,2251.75,2261.5,1411776,35903
2017-01-24,2261.75,2280.5,2259.5,2276.5,1258020,35903
2017-01-25,2276.75,2295.25,2274.75,2293.0,1369731,35903
2017-01-26,2293.0,2299.5,2289.5,2293.0,1158440,35903
2017-01-27,2292.75,2296.75,2287.0,2289.75,926892,35903
2017-01-29,2282.0,2284.5,2281.5,2282.5,17855,35903
2017-01-30,2282.5,2285.75,2263.25,2276.0,1818822,35903
2017-01-31,2276.0,2278.25,2262.25,2276.25,1614371,35903
2017-02-01,2276.0,2285.0,2268.25,2272.5,1549800,35903
2017-02-02,2272.25,2279.75,2264.5,2274.25,1405649,35903
2017-02-03,2274.25,2294.0,2270.5,2291.75,1398756,35903
2017-02-05,2293.0,2293.25,2289.5,2289.75,7301,35903
2017-02-06,2289.75,2294.25,2283.5,2287.0,1152325,35903
2017-02-07,2287.0,2295.0,2284.0,2285.75,1195644,35903
2017-02-08,2285.75,2292.0,2281.0,2290.5,1270300,35903
2017-02-09,2290.5,2307.75,2287.75,2303.75,1342900,35903
2017-02-10,2303.75,2315.75,2303.0,2313.25,1157434,35903
2017-02-12,2314.25,2315.5,2313.25,2315.25,6633,35903
2017-02-13,2315.25,2329.0,2313.5,2327.0,1182900,35903
2017-02-14,2326.75,2337.75,2319.75,2335.0,1373927,35903
2017-02-15,2335.0,2351.5,2331.25,2349.5,1494008,35903
2017-02-16,2349.5,2349.75,2336.75,2343.75,1719535,35903
2017-02-17,2343.75,2348.75,2336.5,2348.5,1368527,35903
2017-02-19,2346.5,2348.0,2346.25,2347.5,4731,35903
2017-02-20,2347.25,2356.75,2346.0,2353.25,124940,35903
2017-02-21,2353.5,2365.0,2349.0,2360.0,1488604,35903
2017-02-22,2359.75,2363.75,2355.25,2361.25,1280626,35903
2017-02-23,2361.25,2367.5,2353.0,2360.25,1546768,35903
2017-02-24,2360.0,2365.75,2349.5,2364.5,1523255,35903
2017-02-26,2362.75,2368.5,2362.5,2367.25,11473,35903
2017-02-27,2367.25,2370.75,2361.0,2365.75,1131108,35903
2017-02-28,2366.0,2368.75,2357.5,2364.75,1553455,35903
2017-03-01,2365.0,2401.0,2364.5,2393.25,2089578,35903
2017-03-02,2393.25,2394.25,2378.0,2379.5,1717667,35903
2017-03-03,2379.75,2383.25,2373.75,2380.5,1306556,35903
2017-03-05,2380.25,2380.75,2370.75,2371.25,26711,35903
2017-03-06,2371.0,2378.25,2367.0,2372.25,1297229,35903
2017-03-07,2372.25,2375.5,2363.25,2363.75,1225358,35903
2017-03-08,2363.75,2373.0,2359.5,2364.5,1371430,35903
2017-03-09,2364.5,2370.5,2354.0,2369.75,1239655,35903
2017-03-10,2369.5,2379.75,2362.25,2371.25,563933,35903
2017-03-12,2370.75,2372.5,2368.0,2368.5,4412,35903
2017-03-13,2368.75,2375.25,2368.5,2373.75,213897,35903
2017-03-14,2373.75,2374.25,2358.0,2367.5,234681,35903
2017-03-15,2367.5,2390.5,2366.5,2385.5,190889,35903
2017-03-16,2385.25,2392.0,2376.75,2382.0,150212,35903
2017-03-17,2382.25,2385.75,2379.0,2384.5,14249,35903
2017-03-19,2373.75,2374.75,2371.75,2373.0,9664,9006
2017-03-20,2373.0,2376.0,2365.5,2369.25,1067299,9006
2017-03-21,2369.25,2378.75,2336.5,2338.5,2575838,9006
2017-03-22,2338.25,2348.75,2332.25,2348.0,1861115,9006
2017-03-23,2348.0,2356.0,2338.25,2343.25,1616838,9006
2017-03-24,2343.25,2352.75,2331.75,2342.75,1574615,9006
2017-03-26,2337.0,2337.5,2327.5,2331.25,46795,9006
2017-03-27,2331.0,2342.5,2317.75,2341.0,1564554,9006
2017-03-28,2341.0,2360.5,2333.5,2353.75,1605295,9006
2017-03-29,2353.75,2359.75,2348.75,2358.0,1141454,9006
2017-03-30,2357.75,2366.75,2353.25,2363.5,1161028,9006
2017-03-31,2363.25,2366.75,2356.75,2357.5,1529481,9006
2017-04-02,2357.5,2361.0,2357.0,2359.25,8820,9006
2017-04-03,2359.25,2363.25,2340.0,2354.5,1693443,9006
2017-04-04,2354.25,2359.75,2344.75,2358.5,1202284,9006
2017-04-05,2358.5,2375.0,2343.75,2344.25,1933798,9006
2017-04-06,2344.25,2361.25,2338.0,2354.25,1566061,9006
2017-04-07,2354.25,2360.75,2336.75,2353.0,1451551,9006
2017-04-09,2351.75,2353.75,2350.75,2353.0,10505,9006
2017-04-10,2353.0,2363.25,2347.5,2353.0,1340767,9006
2017-04-11,2352.75,2354.25,2333.25,2349.5,1847924,9006
2017-04-12,2349.5,2356.5,2337.5,2339.75,1519479,9006
2017-04-13,2339.75,2345.0,2324.0,2327.5,1561029,9006
2017-04-16,2324.0,2326.75,2322.75,2325.0,17887,9006
2017-04-17,2325.0,2346.0,2322.75,2344.25,960351,9006
2017-04-18,2344.25,2347.0,2330.25,2338.75,1423035,9006
2017-04-19,2338.5,2349.25,2331.25,2334.75,1242326,9006
2017-04-20,2334.75,2358.25,2333.5,2352.75,1439856,9006
2017-04-21,2352.75,2356.0,2340.5,2345.25,1249004,9006
2017-04-23,2365.75,2372.75,2365.5,2367.5,77595,9006
2017-04-24,2367.25,2376.75,2365.25,2368.75,1461140,9006
2017-04-25,2368.5,2389.25,2368.5,2383.0,1310222,9006
2017-04-26,2383.25,2394.75,2381.25,2383.5,1481082,9006
2017-04-27,2383.5,2388.75,2378.75,2385.25,1092707,9006
2017-04-28,2385.25,2388.75,2378.25,2380.75,1136061,9006
2017-04-30,2381.5,2381.5,2377.0,2378.75,10200,9006
2017-05-01,2378.75,2390.75,2378.5,2386.25,892294,9006
2017-05-02,2386.25,2388.75,2381.75,2384.75,948093,9006
2017-05-03,2384.5,2386.5,2375.5,2385.5,1070161,9006
2017-05-04,2385.25,2390.75,2376.0,2385.5,1207978,9006
2017-05-05,2385.75,2399.25,2379.0,2399.0,1109705,9006
2017-05-07,2402.5,2403.75,2396.0,2397.0,27215,9006
2017-05-08,2396.75,2397.75,2389.75,2394.5,924889,9006
2017-05-09,2394.75,2400.0,2388.0,2388.25,1111141,9006
2017-05-10,2388.0,2397.0,2387.5,2395.0,969594,9006
2017-05-11,2395.0,2395.25,2379.0,2390.75,1349280,9006
2017-05-12,2390.75,2391.5,2384.25,2389.0,1060473,9006
2017-05-14,2388.75,2390.5,2388.0,2389.0,10177,9006
2017-05-15,2389.0,2402.25,2388.25,2399.0,1024261,9006
2017-05-16,2398.75,2404.5,2385.25,2386.0,1102935,9006
2017-05-17,2386.0,2388.75,2354.75,2360.75,2755854,9006
2017-05-18,2360.75,2375.0,2344.5,2365.0,2430454,9006
2017-05-19,2365.0,2388.0,2361.0,2382.0,1641072,9006
2017-05-21,2381.75,2384.0,2381.0,2382.75,14044,9006
2017-05-22,2382.75,2394.75,2378.25,2387.25,1119017,9006
2017-05-23,2387.25,2399.5,2387.25,2396.75,994869,9006
2017-05-24,2396.75,2404.25,2394.75,2403.25,972404,9006
2017-05-25,2403.25,2417.75,2402.75,2413.0,1308165,9006
2017-05-26,2413.0,2415.75,2408.0,2414.75,846629,9006
2017-05-28,2414.0,2417.0,2413.75,2415.75,6154,9006
2017-05-29,2415.5,2417.0,2413.75,2414.25,60728,9006
2017-05-30,2414.25,2414.75,2407.75,2411.25,960917,9006
2017-05-31,2411.25,2416.75,2402.75,2412.25,1711093,9006
2017-06-01,2412.25,2431.5,2410.5,2430.0,1404567,9006
2017-06-02,2430.0,2439.75,2427.0,2437.25,1679619,9006
2017-06-04,2435.25,2437.0,2433.5,2434.5,9101,9006
2017-06-05,2434.25,2439.0,2433.0,2435.0,837097,9006
2017-06-06,2435.0,2435.75,2426.25,2430.75,1268944,9006
2017-06-07,2430.5,2435.0,2424.0,2431.75,1240956,9006
2017-06-08,2432.0,2439.0,2425.5,2427.75,1037104,9006
2017-06-09,2427.75,2445.75,2414.75,2430.75,922987,9006
2017-06-11,2430.0,2431.0,2426.5,2427.75,5268,9006
2017-06-12,2427.75,2430.25,2419.0,2429.25,415162,9006
2017-06-13,2429.25,2441.5,2429.25,2440.0,243169,9006
2017-06-14,2439.75,2445.5,2427.75,2432.0,240100,9006
2017-06-15,2432.0,2435.25,2418.25,2433.75,215402,9006
2017-06-16,2434.0,2439.0,2432.75,2433.75,18401,9006
2017-06-18,2433.5,2434.75,2432.75,2433.5,10295,24842
2017-06-19,2433.5,2451.5,2433.25,2448.75,1209931,24842
2017-06-20,2449.0,2451.0,2434.0,2436.25,1320446,24842
2017-06-21,2436.5,2440.0,2428.0,2430.25,1368173,24842
2017-06-22,2430.25,2439.0,2428.0,2433.0,1039728,24842
2017-06-23,2433.25,2438.75,2428.25,2432.0,1182340,24842
2017-06-25,2432.0,2432.75,2430.0,2432.5,8322,24842
2017-06-26,2432.5,2447.5,2431.75,2436.25,1254570,24842
2017-06-27,2436.5,2437.25,2416.5,2417.75,1630129,24842
2017-06-28,2417.75,2444.5,2413.75,2443.0,1543402,24842
2017-06-29,2443.25,2445.0,2402.25,2420.0,2326065,24842
2017-06-30,2420.0,2429.75,2415.0,2421.5,1601240,24842
2017-07-02,2422.0,2427.25,2421.5,2424.5,9383,24842
2017-07-03,2424.5,2436.5,2421.5,2427.25,747592,24842
2017-07-04,2427.5,2431.25,2421.25,2424.0,139393,24842
2017-07-05,2424.0,2432.25,2419.25,2429.75,1134117,24842
2017-07-06,2429.5,2430.0,2405.25,2409.5,1592711,24842
2017-07-07,2409.5,2425.0,2407.5,2423.25,1238527,24842
2017-07-09,2423.0,2426.0,2422.75,2425.5,8390,24842
2017-07-10,2425.25,2430.0,2419.25,2424.5,846756,24842
2017-07-11,2424.25,2427.75,2410.25,2425.0,1127578,24842
2017-07-12,2424.75,2443.75,2422.5,2441.75,1130087,24842
2017-07-13,2441.5,2447.0,2439.0,2445.75,932038,24842
2017-07-14,2445.75,2461.25,2442.0,2457.5,1070821,24842
2017-07-16,2457.0,2459.0,2456.75,2457.5,5797,24842
2017-07-17,2457.75,2460.5,2454.0,2458.5,844201,24842
2017-07-18,2458.5,2461.0,2448.0,2458.5,1075970,24842
2017-07-19,2458.5,2472.0,2458.25,2470.75,939951,24842
2017-07-20,2470.5,2476.25,2465.5,2471.5,1093627,24842
2017-07-21,2471.75,2475.25,2462.75,2470.0,1073492,24842
2017-07-23,2469.75,2470.5,2468.25,2468.5,5517,24842
2017-07-24,2468.5,2470.5,2463.5,2467.5,845220,24842
2017-07-25,2467.75,2478.75,2466.75,2475.25,1065913,24842
2017-07-26,2475.25,2479.75,2471.5,2476.75,950630,24842
2017-07-27,2476.75,2480.5,2457.0,2468.5,1639441,24842
2017-07-28,2468.5,2471.5,2461.5,2470.75,1128099,24842
2017-07-30,2470.5,2471.25,2467.75,2468.0,9305,24842
2017-07-31,2468.25,2475.0,2465.25,2467.75,1181823,24842
2017-08-01,2467.75,2477.25,2467.5,2475.25,1037630,24842
2017-08-02,2475.0,2476.0,2463.25,2472.25,1285553,24842
2017-08-03,2472.25,2474.5,2466.0,2469.0,1077757,24842
2017-08-04,2468.75,2477.75,2467.75,2471.5,1046737,24842
2017-08-06,2472.25,2473.75,2472.0,2473.25,5102,24842
2017-08-07,2473.25,2478.25,2473.0,2476.75,586202,24842
2017-08-08,2476.75,2488.5,2466.25,2467.25,1372065,24842
2017-08-09,2467.25,2474.5,2459.0,2471.5,1530315,24842
2017-08-10,2471.5,2472.5,2432.75,2436.5,2302236,24842
2017-08-11,2436.5,2446.5,2430.25,2440.75,1622911,24842
2017-08-13,2441.5,2447.25,2441.5,2446.75,15809,24842
2017-08-14,2446.75,2468.5,2446.5,2467.5,1455572,24842
2017-08-15,2467.75,2473.25,2460.0,2462.5,1041018,24842
2017-08-16,2462.5,2474.0,2461.75,2464.0,1128917,24842
2017-08-17,2463.75,2468.5,2423.75,2426.75,2216296,24842
2017-08-18,2426.75,2439.5,2419.5,2425.0,2154426,24842
2017-08-20,2428.75,2431.5,2427.25,2429.0,17528,24842
2017-08-21,2429.0,2429.75,2415.75,2429.25,1310395,24842
2017-08-22,2429.5,2454.75,2429.25,2453.0,1349130,24842
2017-08-23,2453.0,2453.25,2435.25,2436.25,1236412,24842
2017-08-24,2436.25,2449.0,2434.5,2442.0,1368557,24842
2017-08-25,2442.0,2453.5,2437.5,2442.25,1164561,24842
2017-08-27,2442.0,2443.25,2437.5,2442.0,12476,24842
2017-08-28,2441.75,2449.25,2423.0,2431.0,974029,24842
2017-08-29,2431.0,2449.5,2421.0,2449.0,1530427,24842
2017-08-30,2449.0,2459.75,2442.75,2457.5,1266199,24842
2017-08-31,2457.5,2474.25,2456.75,2472.5,1672579,24842
2017-09-01,2472.5,2479.75,2470.5,2473.75,1001015,24842
2017-09-03,2461.25,2466.5,2460.25,2464.75,37614,24842
2017-09-04,2465.0,2470.75,2462.0,2469.75,180929,24842
2017-09-05,2469.75,2471.25,2445.5,2458.25,1849249,24842
2017-09-06,2458.0,2469.0,2456.5,2461.5,1393677,24842
2017-09-07,2461.25,2468.75,2459.5,2463.5,1051591,24842
2017-09-08,2463.25,2466.5,2456.75,2462.5,549247,24842
2017-09-10,2468.0,2473.0,2468.0,2470.0,13160,24842
2017-09-11,2470.0,2489.0,2469.75,2488.5,386628,24842
2017-09-12,2488.5,2497.25,2486.75,2496.25,286290,24842
2017-09-13,2496.25,2497.5,2490.75,2494.5,155479,24842
2017-09-14,2494.5,2498.25,2489.5,2490.0,171109,24842
2017-09-15,2490.25,2496.5,2490.0,2496.0,18028,24842
2017-09-17,2499.0,2501.0,2498.5,2500.75,10771,23936
2017-09-18,2500.75,2506.0,2497.75,2502.75,1071424,23936
2017-09-19,2502.75,2506.0,2501.0,2503.0,954660,23936
2017-09-20,2503.0,2507.25,2494.0,2505.25,1212962,23936
2017-09-21,2505.25,2505.75,2496.5,2499.5,1110322,23936
2017-09-22,2499.5,2501.0,2492.0,2499.75,1000315,23936
2017-09-24,2499.0,2504.5,2497.5,2503.25,16072,23936
2017-09-25,2503.25,2504.0,2485.0,2496.75,1521574,23936
2017-09-26,2496.5,2501.25,2492.25,2495.5,1131342,23936
2017-09-27,2495.75,2509.25,2493.0,2503.0,1564248,23936
2017-09-28,2503.0,2508.25,2499.0,2505.75,1097183,23936
2017-09-29,2505.75,2517.75,2504.75,2517.75,1312736,23936
2017-10-01,2518.0,2523.5,2517.0,2520.25,25809,23936
2017-10-02,2520.25,2528.0,2517.5,2526.0,1091730,23936
2017-10-03,2526.0,2533.5,2525.5,2531.25,835835,23936
2017-10-04,2531.5,2538.0,2529.0,2535.5,940719,23936
2017-10-05,2535.5,2550.75,2534.5,2548.75,1085157,23936
2017-10-06,2548.75,2549.75,2541.5,2544.75,1128440,23936
2017-10-08,2543.25,2546.75,2543.25,2546.25,8075,23936
2017-10-09,2546.5,2550.5,2539.25,2543.75,713928,23936
2017-10-10,2544.0,2553.25,2542.75,2548.75,1142009,23936
2017-10-11,2548.5,2553.5,2544.25,2551.75,803994,23936
2017-10-12,2551.75,2553.25,2546.25,2547.5,922780,23936
2017-10-13,2547.75,2555.5,2547.0,2552.5,896650,23936
2017-10-15,2552.25,2555.25,2552.25,2554.25,7850,23936
2017-10-16,2554.25,2557.75,2550.75,2555.75,777796,23936
2017-10-17,2555.5,2558.5,2552.25,2558.0,724063,23936
2017-10-18,2558.25,2562.25,2556.75,2560.0,734386,23936
2017-10-19,2560.0,2561.5,2542.5,2560.5,1345546,23936
2017-10-20,2560.5,2574.5,2559.5,2573.5,1224222,23936
2017-10-22,2572.75,2577.25,2572.5,2576.0,14897,23936
2017-10-23,2576.0,2577.0,2561.5,2564.25,1204818,23936
2017-10-24,2564.25,2570.25,2562.5,2564.75,1029290,23936
2017-10-25,2564.5,2566.25,2541.5,2558.0,2083658,23936
2017-10-26,2557.75,2565.0,2555.5,2561.5,1352079,23936
2017-10-27,2561.5,2580.75,2557.5,2577.25,1532524,23936
2017-10-29,2575.5,2578.25,2574.25,2574.5,13696,23936
2017-10-30,2574.5,2577.5,2565.5,2567.25,1179903,23936
2017-10-31,2567.25,2575.5,2566.75,2572.75,1023465,23936
2017-11-01,2573.0,2585.5,2571.5,2573.5,1265683,23936
2017-11-02,2573.5,2578.75,2562.25,2578.5,1256235,23936
2017-11-03,2578.5,2585.5,2573.5,2581.25,965202,23936
2017-11-05,2580.0,2584.5,2580.0,2583.25,9483,23936
2017-11-06,2583.0,2590.0,2575.5,2588.25,821733,23936
2017-11-07,2588.0,2593.5,2579.75,2580.75,1160411,23936
2017-11-08,2580.75,2592.5,2580.0,2591.0,1022906,23936
2017-11-09,2591.0,2594.5,2563.25,2581.75,2200857,23936
2017-11-10,2581.75,2585.75,2571.5,2579.0,1168008,23936
2017-11-12,2580.25,2584.0,2579.75,2583.75,7502,23936
2017-11-13,2583.75,2585.5,2570.25,2579.5,1039546,23936
2017-11-14,2579.5,2582.25,2564.25,2575.0,1568770,23936
2017-11-15,2575.0,2575.25,2555.5,2563.75,1900683,23936
2017-11-16,2563.75,2589.5,2563.25,2585.25,1496836,23936
2017-11-17,2585.25,2585.75,2574.75,2575.75,1157137,23936
2017-11-19,2576.0,2578.75,2573.5,2576.25,12553,23936
2017-11-20,2576.25,2584.0,2567.75,2580.75,974030,23936
2017-11-21,2580.75,2600.5,2579.25,2596.5,1112876,23936
2017-11-22,2596.25,2600.0,2592.75,2594.25,737893,23936
2017-11-23,2594.25,2598.0,2589.5,2595.25,122817,23936
2017-11-24,2595.25,2603.0,2595.0,2601.5,409517,23936
2017-11-26,2601.0,2603.5,2600.75,2602.25,9800,23936
2017-11-27,2602.25,2605.5,2596.5,2599.75,908016,23936
2017-11-28,2599.75,2627.0,2597.5,2624.75,1512232,23936
2017-11-29,2624.75,2634.25,2619.75,2624.0,1615602,23936
2017-11-30,2624.25,2658.5,2621.75,2641.75,2268723,23936
2017-12-01,2642.0,2650.75,2605.0,2642.75,2428748,23936
2017-12-03,2654.5,2663.25,2654.0,2659.0,37328,23936
2017-12-04,2658.75,2665.25,2633.75,2638.0,1659243,23936
2017-12-05,2638.0,2648.75,2626.75,2629.75,1221178,23936
2017-12-06,2629.5,2634.5,2620.0,2632.0,1036539,23936
2017-12-07,2631.75,2641.25,2626.25,2641.25,860015,23936
2017-12-08,2641.0,2652.5,2637.75,2651.75,467503,23936
2017-12-10,2652.0,2654.75,2651.25,2653.25,5471,23936
2017-12-11,2653.25,2664.75,2649.25,2662.5,307106,23936
2017-12-12,2662.25,2670.25,2660.5,2662.0,279982,23936
2017-12-13,2662.25,2672.5,2656.75,2666.75,248153,23936
2017-12-14,2666.75,2670.75,2649.25,2651.75,188730,23936
2017-12-15,2652.0,2667.25,2650.75,2666.75,14515,23936
2017-12-17,2683.0,2686.75,2682.5,2686.0,12956,21168
2017-12-18,2686.25,2698.0,2684.5,2695.25,997726,21168
2017-12-19,2695.5,2698.0,2682.5,2687.75,965950,21168
2017-12-20,2687.75,2695.5,2679.0,2683.0,931679,21168
2017-12-21,2683.0,2696.0,2680.75,2689.25,810480,21168
2017-12-22,2689.25,2691.5,2682.25,2687.0,581607,21168
2017-12-25,2686.75,2689.5,2686.5,2688.25,4279,21168
2017-12-26,2688.5,2688.75,2683.5,2688.0,358287,21168
2017-12-27,2688.25,2691.0,2681.5,2685.75,626012,21168
2017-12-28,2685.75,2689.0,2683.0,2686.5,519256,21168
2017-12-29,2686.5,2698.25,2667.75,2668.25,1043271,21168
2018-01-01,2675.25,2681.0,2674.5,2680.75,16395,21168
2018-01-02,2680.75,2696.0,2675.25,2693.75,955725,21168
2018-01-03,2693.75,2714.25,2693.5,2710.5,1079323,21168
2018-01-04,2710.5,2729.0,2708.5,2725.5,1138037,21168
2018-01-05,2725.75,2743.25,2723.75,2742.5,1080981,21168
2018-01-07,2741.75,2747.75,2741.75,2745.75,17529,21168
2018-01-08,2745.75,2748.5,2736.5,2748.0,854620,21168
2018-01-09,2748.0,2760.0,2742.75,2751.5,1116791,21168
2018-01-10,2751.5,2752.0,2736.5,2750.75,1252541,21168
2018-01-11,2750.75,2770.5,2747.75,2768.75,999416,21168
2018-01-12,2768.5,2790.0,2766.75,2789.25,1282902,21168
2018-01-14,2789.75,2795.75,2789.75,2795.5,12591,21168
2018-01-15,2795.5,2797.5,2790.75,2793.75,147660,21168
2018-01-16,2793.75,2808.5,2769.25,2781.0,1775749,21168
2018-01-17,2781.25,2809.5,2780.5,2806.25,1437055,21168
2018-01-18,2806.0,2808.0,2793.75,2799.0,1216616,21168
2018-01-19,2798.75,2815.0,2791.75,2812.75,1274812,21168
2018-01-21,2804.0,2809.25,2802.0,2807.5,16052,21168
2018-01-22,2807.5,2838.25,2805.75,2835.0,1083119,21168
2018-01-23,2835.0,2844.75,2828.75,2838.75,1195637,21168
2018-01-24,2838.5,2855.25,2825.5,2837.25,1759097,21168
2018-01-25,2837.25,2853.75,2830.75,2843.25,1349144,21168
2018-01-26,2843.5,2876.0,2842.25,2874.75,1195654,21168
2018-01-28,2874.25,2877.25,2873.5,2876.75,14375,21168
2018-01-29,2877.0,2878.5,2851.5,2857.0,1336995,21168
2018-01-30,2856.75,2858.0,2818.5,2824.0,2036498,21168
2018-01-31,2824.25,2839.75,2813.0,2832.25,1751488,21168
2018-02-01,2832.25,2837.25,2809.5,2827.5,1593676,21168
2018-02-02,2827.5,2828.5,2755.25,2757.25,2409641,21168
2018-02-04,2757.0,2757.0,2733.0,2740.75,70291,21168
2018-02-05,2741.0,2763.0,2595.75,2620.25,3906963,21168
2018-02-06,2620.0,2699.75,2529.0,2687.5,4641868,21168
2018-02-07,2687.75,2726.75,2645.25,2647.25,2419367,21168
2018-02-08,2647.25,2686.5,2577.0,2588.25,3047822,21168
2018-02-09,2588.75,2637.75,2530.25,2621.5,3760700,21168
2018-02-11,2628.25,2634.5,2623.0,2634.25,26948,21168
2018-02-12,2634.25,2671.5,2620.0,2652.0,2085039,21168
2018-02-13,2652.0,2667.5,2634.25,2664.75,1418486,21168
2018-02-14,2664.75,2701.75,2627.0,2695.5,2015377,21168
2018-02-15,2695.25,2737.5,2688.5,2736.75,1603261,21168
2018-02-16,2736.5,2754.75,2722.25,2736.25,1657778,21168
2018-02-18,2734.5,2741.0,2734.0,2740.25,6706,21168
2018-02-19,2740.25,2747.75,2719.5,2731.0,182700,21168
2018-02-20,2731.25,2737.75,2705.75,2719.0,1221780,21168
2018-02-21,2719.0,2747.75,2690.0,2691.25,1570971,21168
2018-02-22,2691.25,2731.0,2682.0,2713.0,1559692,21168
2018-02-23,2712.75,2750.25,2710.0,2746.0,1188105,21168
2018-02-25,2751.5,2754.75,2749.25,2752.25,11666,21168
2018-02-26,2752.0,2786.0,2742.5,2783.75,1190045,21168
2018-02-27,2783.75,2789.75,2742.0,2752.75,1673024,21168
2018-02-28,2752.75,2762.0,2712.0,2719.25,1752394,21168
2018-03-01,2719.25,2731.0,2658.5,2681.0,2728067,21168
2018-03-02,2681.0,2696.0,2647.0,2690.5,2089515,21168
2018-03-04,2683.25,2685.0,2674.25,2681.25,24329,21168
2018-03-05,2681.25,2727.75,2663.75,2718.25,1690026,21168
2018-03-06,2718.5,2734.5,2690.0,2693.0,1393032,21168
2018-03-07,2693.0,2730.25,2681.25,2722.25,1589169,21168
2018-03-08,2722.25,2742.75,2720.0,2738.5,1093167,21168
2018-03-09,2738.5,2787.0,2730.0,2783.5,848243,21168
2018-03-11,2784.0,2793.5,2783.5,2791.0,9616,21168
2018-03-12,2791.25,2800.5,2779.0,2782.75,437687,21168
2018-03-13,2782.75,2802.5,2758.25,2764.0,448337,21168
2018-03-14,2764.0,2779.5,2744.25,2752.25,330251,21168
2018-03-15,2752.0,2763.5,2741.0,2754.5,149892,21168
2018-03-16,2754.75,2757.0,2747.0,2752.75,20183,21168
2018-03-18,2756.25,2756.5,2751.0,2753.5,13237,23252
2018-03-19,2753.75,2756.0,2697.25,2718.25,1945623,23252
2018-03-20,2718.25,2729.0,2712.75,2722.25,1077661,23252
2018-03-21,2722.25,2744.0,2712.5,2718.5,1386135,23252
2018-03-22,2718.5,2726.25,2626.5,2629.0,2517126,23252
2018-03-23,2628.75,2658.75,2586.0,2596.5,2717774,23252
2018-03-25,2595.0,2606.0,2591.0,2604.75,44812,23252
2018-03-26,2604.25,2663.25,2601.75,2662.25,2167844,23252
2018-03-27,2662.5,2679.75,2596.0,2615.75,2366379,23252
2018-03-28,2615.75,2633.75,2593.0,2611.5,2719509,23252
2018-03-29,2611.25,2659.5,2601.0,2637.5,1939100,23252
2018-04-01,2635.0,2641.5,2631.25,2636.0,21627,23252
2018-04-02,2636.0,2641.25,2552.0,2583.5,2320296,23252
2018-04-03,2583.75,2618.75,2573.5,2609.0,2126980,23252
2018-04-04,2609.0,2653.0,2559.5,2652.0,2176270,23252
2018-04-05,2652.0,2672.25,2619.75,2631.0,1658170,23252
2018-04-06,2631.25,2656.75,2584.5,2605.0,2411121,23252
2018-04-08,2607.5,2617.0,2607.5,2614.5,23871,23252
2018-04-09,2614.5,2653.75,2610.0,2615.75,1702795,23252
2018-04-10,2615.75,2666.25,2612.75,2648.75,1935390,23252
2018-04-11,2648.75,2661.25,2626.0,2647.25,1573797,23252
2018-04-12,2647.25,2675.0,2639.75,2656.75,1264689,23252
2018-04-13,2656.5,2680.5,2644.75,2659.25,1620824,23252
2018-04-15,2673.25,2677.5,2671.75,2673.75,25649,23252
2018-04-16,2673.75,2687.0,2660.75,2681.25,1167059,23252
2018-04-17,2681.5,2713.75,2681.0,2707.0,1212760,23252
2018-04-18,2707.25,2718.5,2703.75,2712.75,1021423,23252
2018-04-19,2712.75,2713.25,2681.5,2693.0,1509197,23252
2018-04-20,2693.25,2698.25,2659.75,2671.25,1558248,23252
2018-04-22,2683.0,2684.75,2673.0,2677.5,19341,23252
2018-04-23,2677.25,2683.0,2657.25,2675.0,1184387,23252
2018-04-24,2675.0,2688.5,2616.0,2638.0,2296136,23252
2018-04-25,2638.0,2654.75,2611.25,2650.5,1851955,23252
2018-04-26,2650.5,2677.5,2639.5,2672.0,1236551,23252
2018-04-27,2672.0,2676.25,2657.75,2671.5,1108949,23252
2018-04-29,2670.5,2679.25,2670.0,2673.0,12137,23252
2018-04-30,2673.25,2682.25,2641.25,2648.25,1276565,23252
2018-05-01,2648.5,2658.0,2623.25,2656.0,1283658,23252
2018-05-02,2656.0,2658.5,2624.25,2628.25,1369814,23252
2018-05-03,2628.5,2636.25,2591.25,2626.5,2069770,23252
2018-05-04,2626.75,2669.5,2612.25,2664.0,1613532,23252
2018-05-06,2662.75,2672.75,2661.25,2669.5,14856,23252
2018-05-07,2669.25,2681.5,2662.5,2667.25,1094754,23252
2018-05-08,2667.25,2674.25,2652.25,2668.0,1238857,23252
2018-05-09,2667.75,2700.0,2666.5,2695.75,1215851,23252
2018-05-10,2695.75,2725.0,2694.25,2720.25,1144401,23252
2018-05-11,2720.5,2732.5,2716.5,2728.0,1015957,23252
2018-05-13,2727.25,2736.5,2727.25,2736.25,13807,23252
2018-05-14,2736.0,2741.25,2724.25,2730.0,904543,23252
2018-05-15,2730.0,2731.25,2700.5,2706.75,1484585,23252
2018-05-16,2706.75,2728.0,2704.5,2724.5,1019909,23252
2018-05-17,2724.5,2732.0,2711.0,2722.5,1044479,23252
2018-05-18,2722.5,2727.0,2708.75,2712.25,959730,23252
2018-05-20,2728.75,2736.25,2728.25,2730.0,26312,23252
2018-05-21,2730.0,2739.25,2724.25,2731.5,880719,23252
2018-05-22,2731.25,2741.75,2721.5,2724.5,850568,23252
2018-05-23,2724.5,2733.0,2704.5,2728.25,1247423,23252
2018-05-24,2728.25,2733.25,2705.75,2729.75,1201830,23252
2018-05-25,2729.75,2737.75,2713.75,2720.75,952851,23252
2018-05-27,2729.0,2731.0,2726.0,2729.5,11380,23252
2018-05-28,2729.5,2731.75,2718.25,2722.25,97011,23252
2018-05-29,2722.25,2723.0,2675.0,2688.0,1814915,23252
2018-05-30,2688.0,2729.25,2685.75,2720.25,1366450,23252
2018-05-31,2720.25,2728.25,2699.75,2708.5,1585619,23252
2018-06-01,2708.75,2737.0,2707.0,2734.75,1139507,23252
2018-06-03,2731.0,2734.0,2729.0,2734.0,10574,23252
2018-06-04,2734.0,2749.25,2733.25,2745.75,797348,23252
2018-06-05,2745.5,2753.25,2739.0,2751.25,931513,23252
2018-06-06,2751.25,2774.75,2748.0,2771.25,1123117,23252
2018-06-07,2771.25,2779.75,2760.0,2772.0,1242712,23252
2018-06-08,2772.25,2779.75,2752.0,2779.25,703504,23252
2018-06-10,2771.0,2774.25,2770.5,2773.5,7485,23252
2018-06-11,2773.75,2790.5,2773.5,2785.5,350460,23252
2018-06-12,2785.25,2790.0,2778.5,2788.5,242758,23252
2018-06-13,2788.25,2791.75,2773.25,2775.75,190843,23252
2018-06-14,2776.0,2789.25,2767.5,2782.25,152295,23252
2018-06-15,2782.25,2784.0,2766.25,2776.5,23182,23252
2018-06-17,2780.0,2786.75,2779.0,2783.25,11944,57287
2018-06-18,2783.25,2783.5,2761.25,2765.0,983559,57287
2018-06-19,2765.25,2769.0,2735.75,2767.5,1561458,57287
2018-06-20,2767.75,2778.25,2757.25,2774.0,1033566,57287
2018-06-21,2774.0,2785.25,2747.0,2752.5,1454661,57287
2018-06-22,2752.5,2768.5,2752.0,2756.5,1066023,57287
2018-06-24,2757.0,2758.0,2752.25,2757.75,11970,57287
2018-06-25,2757.75,2758.0,2700.5,2720.5,2145996,57287
2018-06-26,2720.5,2735.25,2714.75,2729.0,1366623,57287
2018-06-27,2729.0,2748.0,2701.0,2709.0,2072531,57287
2018-06-28,2709.25,2726.25,2693.25,2721.5,1650576,57287
2018-06-29,2721.5,2745.5,2716.75,2720.75,1549291,57287
2018-07-01,2721.0,2725.25,2712.5,2722.75,19152,57287
2018-07-02,2722.75,2728.5,2698.5,2727.25,1169033,57287
2018-07-03,2727.25,2741.5,2710.75,2713.0,828725,57287
2018-07-04,2713.0,2724.0,2712.0,2720.0,95556,57287
2018-07-05,2720.0,2739.75,2712.5,2733.0,1046314,57287
2018-07-06,2733.25,2766.25,2731.25,2762.5,1218524,57287
2018-07-08,2762.0,2767.0,2761.75,2765.75,7249,57287
2018-07-09,2766.0,2792.0,2765.25,2791.0,942809,57287
2018-07-10,2791.0,2797.75,2772.5,2775.25,958277,57287
2018-07-11,2775.0,2787.75,2765.75,2777.75,1272341,57287
2018-07-12,2777.75,2803.25,2776.0,2801.75,1099400,57287
2018-07-13,2801.75,2807.25,2793.25,2804.25,891817,57287
2018-07-15,2804.75,2809.0,2804.75,2807.0,7034,57287
2018-07-16,2807.25,2809.0,2794.25,2797.75,776987,57287
2018-07-17,2797.5,2816.0,2789.75,2814.75,1019288,57287
2018-07-18,2814.75,2818.25,2806.75,2816.0,830078,57287
2018-07-19,2816.0,2818.0,2800.25,2806.5,1059748,57287
2018-07-20,2806.5,2810.5,2793.0,2803.5,970731,57287
2018-07-22,2805.25,2806.0,2802.0,2802.0,6439,57287
2018-07-23,2802.0,2816.75,2792.5,2816.25,805701,57287
2018-07-24,2816.25,2831.25,2811.0,2819.0,1313708,57287
2018-07-25,2819.0,2849.5,2814.0,2837.0,1290579,57287
2018-07-26,2837.25,2846.5,2833.25,2842.25,984503,57287
2018-07-27,2842.25,2847.0,2808.75,2817.25,1447412,57287
2018-07-29,2816.0,2817.75,2812.75,2815.25,9076,57287
2018-07-30,2815.25,2821.75,2798.25,2806.0,1147269,57287
2018-07-31,2806.25,2827.75,2802.75,2818.25,1332193,57287
2018-08-01,2818.5,2825.75,2805.5,2814.0,1045285,57287
2018-08-02,2813.75,2831.25,2791.0,2829.0,1204669,57287
2018-08-03,2829.0,2841.5,2824.75,2841.25,865025,57287
2018-08-05,2841.5,2843.0,2839.75,2840.0,6922,57287
2018-08-06,2840.0,2853.5,2835.0,2849.75,768960,57287
2018-08-07,2849.75,2863.75,2849.0,2859.0,759700,57287
2018-08-08,2858.75,2862.5,2852.5,2855.0,719006,57287
2018-08-09,2854.75,2862.75,2849.5,2851.75,688653,57287
2018-08-10,2852.0,2852.25,2826.0,2839.25,1349110,57287
2018-08-12,2835.75,2835.75,2828.25,2831.5,20770,57287
2018-08-13,2831.75,2843.75,2820.0,2827.0,1246749,57287
2018-08-14,2827.0,2843.5,2826.5,2841.75,1005957,57287
2018-08-15,2841.75,2843.0,2803.0,2820.75,1805489,57287
2018-08-16,2820.75,2851.75,2817.5,2842.25,1243407,57287
2018-08-17,2842.5,2857.0,2835.0,2853.25,1154116,57287
2018-08-19,2851.75,2855.25,2851.5,2853.0,9079,57287
2018-08-20,2853.0,2860.75,2850.25,2856.0,780533,57287
2018-08-21,2856.0,2874.0,2846.75,2847.25,1062939,57287
2018-08-22,2847.25,2868.25,2846.25,2862.5,935950,57287
2018-08-23,2862.25,2869.75,2854.75,2857.5,1030660,57287
2018-08-24,2857.25,2877.5,2856.25,2876.5,980716,57287
2018-08-26,2877.75,2882.5,2876.75,2882.0,11343,57287
2018-08-27,2882.0,2901.0,2881.25,2901.0,920020,57287
2018-08-28,2900.75,2906.25,2894.25,2901.5,882842,57287
2018-08-29,2901.5,2917.5,2897.5,2914.5,1064693,57287
2018-08-30,2914.5,2915.25,2895.5,2897.5,1292779,57287
2018-08-31,2897.75,2907.5,2891.75,2907.0,1229600,57287
2018-09-02,2906.5,2907.25,2904.75,2906.5,8271,57287
2018-09-03,2906.5,2912.5,2902.5,2906.75,118906,57287
2018-09-04,2906.5,2912.0,2885.5,2897.5,1446910,57287
2018-09-05,2897.5,2900.5,2877.5,2885.75,1560009,57287
2018-09-06,2886.0,2893.0,2868.0,2877.25,1576867,57287
2018-09-07,2877.25,2885.0,2865.0,2872.75,1622810,57287
2018-09-09,2873.75,2876.75,2873.25,2875.25,8337,57287
2018-09-10,2875.25,2888.25,2875.25,2880.75,1193733,57287
2018-09-11,2881.0,2893.0,2867.25,2890.75,1175720,57287
2018-09-12,2891.0,2895.25,2879.5,2887.5,1417020,57287
2018-09-13,2887.25,2907.0,2884.75,2905.0,1164092,57287
2018-09-14,2905.25,2912.25,2896.75,2906.0,609156,57287
2018-09-16,2903.5,2904.0,2899.0,2900.25,6854,57287
2018-09-17,2900.5,2906.25,2878.5,2879.5,375584,57287
2018-09-18,2879.75,2912.5,2879.25,2907.0,279783,57287
2018-09-19,2907.0,2913.75,2900.75,2912.5,167840,57287
2018-09-20,2912.25,2936.0,2908.25,2935.25,165973,57287
2018-09-21,2935.5,2944.0,2932.25,2943.0,18392,57287
2018-09-23,2929.5,2930.0,2924.75,2928.0,18454,16114
2018-09-24,2928.0,2930.25,2917.75,2925.25,1093106,16114
2018-09-25,2925.25,2934.25,2918.25,2923.5,1009826,16114
2018-09-26,2923.25,2936.0,2907.5,2913.75,1272094,16114
2018-09-27,2913.75,2932.0,2907.5,2921.5,1164420,16114
2018-09-28,2921.5,2925.5,2908.0,2921.75,1353280,16114
2018-09-30,2922.5,2929.75,2922.5,2928.25,21174,16114
2018-10-01,2928.25,2942.0,2922.5,2929.25,1194314,16114
2018-10-02,2929.0,2936.0,2917.5,2928.25,1104092,16114
2018-10-03,2928.5,2944.75,2923.5,2925.0,1224562,16114
2018-10-04,2925.0,2925.5,2887.75,2910.0,2115977,16114
2018-10-05,2910.25,2915.5,2873.25,2895.0,2231796,16114
2018-10-07,2897.5,2898.25,2888.25,2891.25,24683,16114
2018-10-08,2891.5,2897.75,2866.0,2891.25,1700821,16114
2018-10-09,2891.0,2900.0,2874.5,2889.0,1724502,16114
2018-10-10,2889.25,2891.25,2771.5,2777.0,3411873,16114
2018-10-11,2777.0,2798.75,2712.25,2757.5,3895485,16114
2018-10-12,2757.5,2785.0,2732.25,2772.25,2668865,16114
2018-10-14,2770.0,2771.25,2756.5,2767.75,29610,16114
2018-10-15,2767.75,2778.75,2745.25,2755.25,1705315,16114
2018-10-16,2755.25,2819.0,2753.0,2816.5,1695189,16114
2018-10-17,2816.5,2824.25,2783.25,2807.5,1888567,16114
2018-10-18,2807.25,2812.75,2756.5,2772.25,2156404,16114
2018-10-19,2772.25,2800.5,2762.25,2767.5,1935403,16114
2018-10-21,2758.0,2762.5,2753.0,2758.25,31319,16114
2018-10-22,2758.25,2782.0,2749.75,2752.0,1598516,16114
2018-10-23,2752.25,2754.75,2692.25,2746.5,2770458,16114
2018-10-24,2746.25,2750.0,2652.25,2663.75,2798488,16114
2018-10-25,2664.0,2723.75,2663.5,2676.75,2467588,16114
2018-10-26,2676.5,2692.75,2627.25,2662.25,3358510,16114
2018-10-28,2667.0,2682.25,2666.0,2674.0,29777,16114
2018-10-29,2674.0,2707.0,2603.0,2642.0,2698183,16114
2018-10-30,2641.75,2691.75,2633.25,2687.25,2430371,16114
2018-10-31,2687.25,2737.25,2682.0,2713.0,2353856,16114
2018-11-01,2713.25,2741.25,2707.25,2733.0,1771391,16114
2018-11-02,2732.75,2766.25,2699.5,2722.5,2273926,16114
2018-11-04,2722.5,2723.0,2714.5,2715.5,10590,16114
2018-11-05,2715.75,2743.75,2712.75,2740.5,1264750,16114
2018-11-06,2740.5,2761.0,2729.75,2753.0,1241520,16114
2018-11-07,2753.0,2817.75,2744.75,2814.25,1832839,16114
2018-11-08,2814.25,2818.0,2795.0,2806.0,1283899,16114
2018-11-09,2806.0,2811.25,2764.5,2778.75,1650406,16114
2018-11-11,2778.75,2779.5,2773.75,2778.5,10364,16114
2018-11-12,2778.25,2795.25,2722.25,2729.0,1872417,16114
2018-11-13,2729.0,2755.75,2714.5,2735.75,2075150,16114
2018-11-14,2735.75,2748.25,2686.25,2697.25,2231085,16114
2018-11-15,2697.25,2736.75,2671.25,2726.25,2325024,16114
2018-11-16,2726.5,2748.75,2708.75,2742.25,1792158,16114
2018-11-18,2733.0,2735.0,2728.75,2733.5,13193,16114
2018-11-19,2733.5,2748.0,2681.5,2692.0,1933654,16114
2018-11-20,2691.75,2694.25,2631.75,2636.5,2492173,16114
2018-11-21,2636.75,2671.25,2636.25,2651.5,1376342,16114
2018-11-22,2651.25,2656.25,2627.0,2641.0,176389,16114
2018-11-23,2641.0,2647.5,2626.0,2628.5,645399,16114
2018-11-25,2633.5,2639.5,2631.5,2638.0,13868,16114
2018-11-26,2638.0,2676.25,2635.75,2661.75,1325204,16114
2018-11-27,2661.75,2688.75,2655.25,2685.75,1442435,16114
2018-11-28,2685.5,2745.0,2681.0,2739.5,1785951,16114
2018-11-29,2739.5,2754.5,2723.25,2740.5,1456192,16114
2018-11-30,2740.25,2764.75,2729.0,2764.0,1395300,16114
2018-12-02,2793.5,2809.75,2793.0,2803.25,52930,16114
2018-12-03,2803.25,2814.0,2773.5,2786.0,1782278,16114
2018-12-04,2786.25,2787.5,2696.0,2709.25,2597684,16114
2018-12-05,2709.25,2720.75,2649.75,2684.0,231080,16114
2018-12-06,2684.25,2699.25,2621.25,2695.75,3144652,16114
2018-12-07,2695.75,2709.75,2623.25,2636.75,2481305,16114
2018-12-09,2625.0,2629.75,2610.25,2614.75,38930,16114
2018-12-10,2614.75,2648.5,2583.0,2637.5,2460642,16114
2018-12-11,2637.5,2678.0,2621.25,2638.75,2203194,16114
2018-12-12,2638.75,2686.5,2634.25,2658.25,1739481,16114
2018-12-13,2658.25,2671.0,2637.25,2646.25,1625893,16114
2018-12-14,2646.25,2648.75,2594.0,2597.0,935253,16114
2018-12-16,2594.0,2605.5,2592.5,2605.0,6344,16114
2018-12-17,2605.0,2613.75,2530.5,2559.5,770943,16114
2018-12-18,2559.5,2574.75,2528.0,2540.75,500568,16114
2018-12-19,2541.0,2593.25,2488.0,2509.25,408953,16114
2018-12-20,2509.5,2517.5,2441.0,2480.75,288661,16114
2018-12-21,2480.5,2491.25,2466.75,2467.75,23244,16114
2018-12-23,2407.75,2422.25,2401.0,2417.25,38279,18720
2018-12-24,2417.0,2434.5,2340.5,2342.25,1198592,18720
2018-12-25,2348.5,2351.0,2316.75,2345.5,41790,18720
2018-12-26,2345.75,2477.75,2325.0,2462.25,1898374,18720
2018-12-27,2462.5,2498.75,2397.0,2483.0,2194592,18720
2018-12-28,2482.75,2523.0,2472.75,2488.0,1922207,18720
2018-12-30,2495.5,2507.75,2495.5,2500.75,13145,18720
2018-12-31,2500.5,2513.0,2482.75,2508.75,1333419,18720
2019-01-01,2508.0,2521.0,2506.25,2517.0,14934,18720
2019-01-02,2517.25,2521.25,2452.25,2474.75,1933580,18720
2019-01-03,2475.0,2493.5,2443.25,2449.5,2172622,18720
2019-01-04,2449.25,2539.25,2438.5,2529.5,2255998,18720
2019-01-06,2537.25,2538.75,2532.5,2538.25,15496,18720
2019-01-07,2538.25,2567.5,2523.25,2550.75,1569867,18720
2019-01-08,2551.0,2581.25,2547.5,2577.25,1622768,18720
2019-01-09,2577.25,2596.75,2569.0,2577.75,1531449,18720
2019-01-10,2577.75,2599.5,2560.5,2590.75,1468623,18720
2019-01-11,2591.0,2597.75,2577.0,2595.5,1141598,18720
2019-01-13,2588.5,2592.0,2583.0,2583.25,16150,18720
2019-01-14,2583.5,2589.75,2567.25,2583.0,1147827,18720
2019-01-15,2583.25,2613.75,2580.25,2611.0,1488958,18720
2019-01-16,2611.0,2626.25,2602.5,2611.75,1270580,18720
2019-01-17,2611.5,2645.5,2596.5,2633.75,1477654,18720
2019-01-18,2633.75,2677.75,2632.75,2677.0,1671803,18720
2019-01-20,2669.25,2673.5,2667.25,2668.25,6612,18720
2019-01-21,2668.25,2669.25,2655.75,2663.25,160584,18720
2019-01-22,2663.25,2666.25,2616.5,2630.75,1686358,18720
2019-01-23,2630.75,2653.75,2612.5,2633.25,1545016,18720
2019-01-24,2633.25,2647.5,2626.0,2638.25,1241349,18720
2019-01-25,2638.25,2672.5,2636.0,2665.5,1320577,18720
2019-01-27,2660.0,2663.5,2657.75,2658.75,8627,18720
2019-01-28,2658.75,2661.0,2622.25,2635.5,1365646,18720
2019-01-29,2635.5,2651.0,2628.5,2644.75,1217026,18720
2019-01-30,2644.75,2689.75,2636.25,2687.5,1506029,18720
2019-01-31,2687.75,2713.0,2675.75,2704.5,1826472,18720
2019-02-01,2704.25,2716.0,2695.5,2704.5,1393032,18720
2019-02-03,2699.25,2704.25,2698.0,2703.0,6730,18720
2019-02-04,2702.75,2725.0,2697.0,2719.5,991192,18720
2019-02-05,2719.75,2737.75,2716.25,2731.5,1193526,18720
2019-02-06,2731.5,2736.5,2722.25,2728.5,1142900,18720
2019-02-07,2728.75,2729.25,2685.5,2697.5,1877424,18720
2019-02-08,2697.5,2709.0,2680.75,2708.0,1503202,18720
2019-02-10,2710.75,2712.75,2706.25,2706.25,13608,18720
2019-02-11,2706.5,2721.5,2700.5,2708.75,1077273,18720
2019-02-12,2708.75,2748.0,2708.25,2747.0,1261951,18720
2019-02-13,2747.0,2762.0,2746.0,2750.5,1176272,18720
2019-02-14,2750.5,2763.0,2730.25,2743.0,1646650,18720
2019-02-15,2743.0,2778.5,2729.0,2777.75,1439314,18720
2019-02-17,2777.0,2782.5,2776.25,2778.75,14265,18720
2019-02-18,2778.5,2780.5,2773.25,2775.75,126571,18720
2019-02-19,2776.0,2787.5,2766.0,2778.5,1017612,18720
2019-02-20,2778.75,2790.75,2773.25,2786.0,1234683,18720
2019-02-21,2785.75,2798.0,2764.25,2774.5,1381306,18720
2019-02-22,2774.5,2795.5,2770.5,2795.25,1128990,18720
2019-02-24,2799.5,2803.5,2797.75,2800.75,21193,18720
2019-02-25,2800.75,2814.0,2791.5,2794.5,1191002,18720
2019-02-26,2794.5,2803.5,2783.25,2788.75,1151516,18720
2019-02-27,2789.0,2797.25,2775.0,2794.75,1107109,18720
2019-02-28,2794.75,2794.75,2781.75,2785.25,1281811,18720
2019-03-01,2785.25,2808.25,2785.0,2807.0,1204827,18720
2019-03-03,2814.0,2819.75,2811.75,2817.5,22815,18720
2019-03-04,2817.5,2818.5,2767.5,2790.75,1695178,18720
2019-03-05,2791.0,2799.0,2783.25,2786.5,1151491,18720
2019-03-06,2786.5,2792.75,2766.25,2768.0,1358066,18720
2019-03-07,2768.0,2776.25,2738.5,2751.25,1555183,18720
2019-03-08,2751.0,2751.5,2722.0,2748.75,860155,18720
2019-03-10,2745.5,2748.25,2742.5,2743.75,10517,18720
2019-03-11,2743.75,2794.0,2736.75,2791.5,409599,18720
2019-03-12,2791.75,2798.25,2780.5,2790.5,280027,18720
2019-03-13,2790.75,2821.25,2783.0,2814.75,238112,18720
2019-03-14,2814.75,2820.0,2803.75,2809.5,149796,18720
2019-03-15,2809.5,2821.5,2809.5,2813.25,21258,18720
2019-03-17,2827.0,2828.75,2825.25,2826.75,9718,736
2019-03-18,2826.75,2843.5,2824.0,2841.75,999141,736
2019-03-19,2841.5,2858.75,2829.0,2834.75,1458740,736
2019-03-20,2834.75,2849.25,2817.25,2829.0,1644519,736
2019-03-21,2828.75,2866.0,2813.75,2862.0,1622574,736
2019-03-22,2861.75,2864.75,2805.25,2807.5,2179496,736
2019-03-24,2813.0,2818.5,2809.0,2811.0,26784,736
2019-03-25,2811.0,2815.25,2789.5,2810.0,1743018,736
2019-03-26,2810.0,2835.0,2808.5,2822.75,1433007,736
2019-03-27,2822.5,2831.75,2791.75,2806.25,1688322,736
2019-03-28,2806.5,2829.0,2795.0,2827.0,1173676,736
2019-03-29,2827.0,2840.75,2822.0,2839.5,1414184,736
2019-03-31,2844.5,2853.75,2844.5,2852.5,25963,736
2019-04-01,2852.5,2873.5,2852.25,2871.75,1201799,736
2019-04-02,2871.75,2873.75,2862.25,2867.0,844656,736
2019-04-03,2867.0,2889.25,2865.25,2878.5,1208716,736
2019-04-04,2878.5,2885.75,2871.0,2881.25,1028626,736
2019-04-05,2881.0,2898.0,2880.5,2897.75,1164758,736
2019-04-07,2896.25,2899.5,2896.0,2898.0,10101,736
2019-04-08,2897.75,2899.75,2884.25,2897.75,954139,736
2019-04-09,2897.75,2900.0,2877.25,2881.75,1163520,736
2019-04-10,2881.75,2898.75,2878.0,2897.5,949901,736
2019-04-11,2897.25,2900.0,2885.25,2894.75,952223,736
2019-04-12,2894.75,2914.75,2891.5,2911.75,1148797,736
2019-04-14,2912.0,2913.75,2910.0,2911.25,11376,736
2019-04-15,2911.25,2914.5,2900.5,2910.0,914272,736
2019-04-16,2910.0,2921.25,2904.5,2910.25,1096188,736
2019-04-17,2910.25,2923.5,2898.5,2903.5,1338743,736
2019-04-18,2903.5,2911.75,2889.5,2910.5,1282622,736
2019-04-21,2908.75,2915.75,2907.5,2911.75,11921,736
2019-04-22,2911.75,2915.0,2899.0,2912.75,679952,736
2019-04-23,2913.0,2939.75,2908.0,2939.0,1153576,736
2019-04-24,2938.75,2939.75,2927.75,2932.0,1063255,736
2019-04-25,2932.25,2935.75,2914.25,2923.0,1354335,736
2019-04-26,2923.25,2942.75,2917.25,2939.0,1190434,736
2019-04-28,2939.25,2942.25,2939.25,2940.5,9102,736
2019-04-29,2940.5,2951.5,2937.75,2941.0,904895,736
2019-04-30,2941.25,2956.5,2926.0,2955.0,1437595,736
2019-05-01,2955.0,2961.25,2915.5,2921.0,1458576,736
2019-05-02,2920.75,2932.75,2901.0,2919.25,1779489,736
2019-05-03,2919.25,2949.5,2916.5,2949.25,1229868,736
2019-05-05,2917.75,2917.75,2892.75,2895.25,137577,736
2019-05-06,2895.25,2938.25,2883.5,2918.0,1865666,736
2019-05-07,2918.25,2930.5,2862.5,2884.75,2702695,736
2019-05-08,2884.75,2899.5,2868.75,2881.5,2002628,736
2019-05-09,2881.25,2883.75,2836.25,2873.75,2663269,736
2019-05-10,2873.75,2893.0,2826.0,2887.25,2748968,736
2019-05-12,2858.5,2869.25,2856.25,2857.0,44810,736
2019-05-13,2857.25,2861.25,2799.75,2803.75,2671686,736
2019-05-14,2803.75,2853.75,2803.25,2842.0,1750665,736
2019-05-15,2842.0,2860.0,2815.0,2852.25,1679582,736
2019-05-16,2852.0,2894.0,2840.5,2881.5,1642043,736
2019-05-17,2881.75,2887.5,2852.5,2861.25,1870525,736
2019-05-19,2861.5,2873.0,2861.25,2870.75,18460,736
2019-05-20,2870.75,2876.5,2832.5,2849.75,1613326,736
2019-05-21,2850.0,2870.75,2846.25,2867.25,1251525,736
2019-05-22,2867.25,2869.5,2848.25,2854.25,1218325,736
2019-05-23,2854.25,2855.5,2805.75,2823.25,1957131,736
2019-05-24,2823.5,2842.0,2820.75,2831.0,1141869,736
2019-05-26,2831.0,2835.0,2829.25,2830.75,8489,736
2019-05-27,2830.5,2839.25,2826.0,2833.25,150054,736
2019-05-28,2833.5,2841.25,2800.5,2804.75,1452974,736
2019-05-29,2804.75,2805.5,2766.25,2782.0,2021394,736
2019-05-30,2781.75,2799.0,2764.75,2766.0,1295825,736
2019-05-31,2766.25,2776.0,2750.0,2752.5,2061181,736
2019-06-02,2741.0,2744.5,2732.25,2736.0,47261,736
2019-06-03,2736.0,2763.75,2728.75,2751.25,2219488,736
2019-06-04,2751.0,2813.5,2744.0,2812.0,1789962,736
2019-06-05,2812.0,2829.5,2801.0,2822.5,1701301,736
2019-06-06,2822.5,2853.0,2821.75,2844.5,1509624,736
2019-06-07,2844.75,2886.25,2842.0,2877.5,1588923,736
2019-06-09,2893.25,2898.0,2887.0,2887.5,43049,736
2019-06-10,2887.25,2905.75,2880.5,2886.75,1311687,736
2019-06-11,2886.75,2911.5,2879.25,2885.5,1328014,736
2019-06-12,2885.5,2891.0,2875.25,2885.5,1104229,736
2019-06-13,2885.5,2896.5,2867.25,2891.25,1126381,736
2019-06-14,2891.25,2898.75,2880.5,2891.75,635276,736
2019-06-16,2890.75,2897.75,2890.75,2895.5,5632,736
2019-06-17,2895.5,2900.75,2887.75,2892.0,294949,736
2019-06-18,2891.75,2931.75,2884.5,2924.25,383781,736
2019-06-19,2924.0,2938.5,2909.0,2936.75,256037,736
2019-06-20,2936.75,2960.0,2931.5,2953.5,203185,736
2019-06-21,2953.5,2956.0,2944.0,2951.5,24349,736
2019-06-23,2948.0,2956.5,2947.25,2955.5,17080,37699
2019-06-24,2955.25,2961.75,2948.75,2952.25,868705,37699
2019-06-25,2952.5,2958.25,2917.5,2920.75,1394528,37699
2019-06-26,2920.75,2939.0,2914.5,2918.75,1195777,37699
2019-06-27,2918.75,2937.5,2917.75,2935.75,1013648,37699
2019-06-28,2936.0,2955.25,2930.0,2953.75,1211033,37699
2019-06-30,2970.0,2977.5,2968.5,2971.5,47679,37699
2019-07-01,2971.25,2981.75,2955.5,2964.0,1366572,37699
2019-07-02,2963.75,2980.0,2958.5,2978.0,1077628,37699
2019-07-03,2978.0,3006.0,2973.75,2999.75,754857,37699
2019-07-04,2999.75,3003.75,2997.25,3002.75,93967,37699
2019-07-05,3002.75,3004.0,2971.25,2991.75,1175709,37699
2019-07-07,2990.75,2994.75,2988.5,2988.75,10780,37699
2019-07-08,2989.0,2989.5,2973.25,2975.75,972160,37699
2019-07-09,2975.75,2986.25,2963.5,2982.0,931437,37699
2019-07-10,2982.0,3007.5,2971.25,2997.5,1381564,37699
2019-07-11,2997.5,3006.75,2992.5,3005.5,1143516,37699
2019-07-12,3005.5,3018.0,3004.75,3014.25,924360,37699
2019-07-14,3015.25,3016.75,3012.75,3013.25,7053,37699
2019-07-15,3013.25,3023.5,3010.75,3019.5,792669,37699
2019-07-16,3019.5,3021.75,3004.0,3006.75,916515,37699
2019-07-17,3006.5,3013.0,2980.5,2982.0,1011059,37699
2019-07-18,2982.25,3009.5,2974.5,3000.5,1327725,37699
2019-07-19,3000.5,3009.75,2969.5,2971.0,1380280,37699
2019-07-21,2974.5,2980.5,2972.5,2979.25,17585,37699
2019-07-22,2979.25,2993.5,2974.5,2989.5,1040673,37699
2019-07-23,2989.25,3008.5,2987.5,3005.5,1033156,37699
2019-07-24,3005.5,3022.0,2996.0,3021.0,1018414,37699
2019-07-25,3021.0,3027.75,2998.0,3008.75,1313406,37699
2019-07-26,3009.0,3029.5,3007.75,3023.0,909481,37699
2019-07-28,3022.0,3026.0,3022.0,3023.5,7750,37699
2019-07-29,3023.75,3027.25,3015.5,3024.5,798214,37699
2019-07-30,3024.5,3027.5,3001.5,3016.0,1155281,37699
2019-07-31,3016.0,3020.75,2958.0,2973.25,1907075,37699
2019-08-01,2973.25,3014.25,2942.0,2945.75,2674119,37699
2019-08-02,2945.75,2961.0,2913.5,2934.5,2343689,37699
2019-08-04,2929.25,2931.75,2925.25,2927.25,18052,37699
2019-08-05,2927.0,2933.5,2775.75,2781.75,3044905,37699
2019-08-06,2782.0,2883.75,2779.5,2869.0,2442708,37699
2019-08-07,2869.0,2891.5,2823.25,2874.5,2582585,37699
2019-08-08,2874.5,2940.75,2870.5,2934.0,1776140,37699
2019-08-09,2934.25,2935.75,2899.0,2923.75,1898630,37699
2019-08-11,2918.75,2926.5,2913.0,2914.0,17017,37699
2019-08-12,2914.25,2931.0,2872.5,2887.0,1659381,37699
2019-08-13,2886.75,2944.25,2866.75,2932.5,2129562,37699
2019-08-14,2932.75,2936.5,2833.75,2846.5,2702889,37699
2019-08-15,2846.25,2871.75,2817.75,2854.25,2441934,37699
2019-08-16,2854.0,2894.75,2849.5,2891.5,1533497,37699
2019-08-18,2893.0,2907.75,2892.5,2906.0,25837,37699
2019-08-19,2905.75,2932.25,2900.5,2918.75,1230548,37699
2019-08-20,2918.75,2932.25,2893.0,2899.0,1419172,37699
2019-08-21,2899.0,2939.0,2899.0,2935.0,1135977,37699
2019-08-22,2935.0,2939.75,2904.25,2922.25,1418570,37699
2019-08-23,2922.25,2936.75,2834.0,2851.5,2720852,37699
2019-08-25,2831.0,2831.25,2810.25,2824.25,84380,37699
2019-08-26,2824.5,2888.5,2821.5,2876.25,1737541,37699
2019-08-27,2876.25,2899.5,2860.0,2874.25,1494462,37699
2019-08-28,2874.0,2890.5,2851.75,2884.75,1443435,37699
2019-08-29,2884.5,2930.75,2875.25,2923.5,1436657,37699
2019-08-30,2923.75,2946.5,2913.25,2923.75,1567394,37699
2019-09-01,2901.0,2910.0,2893.75,2909.0,29787,37699
2019-09-02,2909.0,2926.5,2889.0,2903.0,274257,37699
2019-09-03,2903.0,2915.5,2891.0,2902.75,1639178,37699
2019-09-04,2903.0,2939.5,2902.5,2938.25,1182251,37699
2019-09-05,2938.25,2986.5,2937.75,2977.0,1588208,37699
2019-09-06,2977.0,2988.25,2972.25,2983.0,1095688,37699
2019-09-08,2980.25,2985.5,2980.0,2981.75,9856,37699
2019-09-09,2981.75,2991.5,2969.5,2982.25,1137193,37699
2019-09-10,2982.5,2985.0,2957.25,2977.25,1415644,37699
2019-09-11,2977.5,3020.0,2972.0,3018.25,1324581,37699
2019-09-12,3018.25,3021.75,3001.0,3014.75,1415584,37699
2019-09-13,3014.75,3023.75,3003.5,3007.0,644988,37699
2019-09-15,2993.5,2997.5,2985.25,2989.75,28051,37699
2019-09-16,2989.5,3004.75,2981.25,3001.25,394307,37699
2019-09-17,3001.5,3006.5,2991.5,3004.25,264781,37699
2019-09-18,3004.5,3011.0,2978.5,3004.0,253224,37699
2019-09-19,3004.0,3022.25,2988.75,3008.25,186686,37699
2019-09-20,3008.5,3015.5,3004.25,3013.75,13057,37699
2019-09-22,2995.75,3008.25,2995.75,3003.0,25788,16145
2019-09-23,3003.0,3012.25,2982.0,3007.75,1015394,16145
2019-09-24,3007.5,3010.0,2958.5,2975.75,1879260,16145
2019-09-25,2975.75,2991.75,2953.75,2985.25,1453715,16145
2019-09-26,2985.25,2995.0,2964.25,2978.5,1308149,16145
2019-09-27,2978.25,2993.0,2946.25,2968.5,1602443,16145
2019-09-29,2976.0,2980.25,2965.5,2971.0,20291,16145
2019-09-30,2970.75,2986.75,2964.5,2983.25,1086202,16145
2019-10-01,2983.25,2994.5,2937.0,2946.0,1562986,16145
2019-10-02,2945.75,2949.0,2874.0,2886.0,2050161,16145
2019-10-03,2886.0,2912.5,2855.0,2907.0,1955844,16145
2019-10-04,2906.75,2953.25,2896.75,2950.75,1421774,16145
2019-10-06,2929.75,2942.75,2928.0,2939.5,25683,16145
2019-10-07,2939.5,2959.5,2933.75,2937.0,1211777,16145
2019-10-08,2937.0,2950.0,2888.25,2892.0,1824633,16145
2019-10-09,2892.0,2934.25,2881.75,2899.5,1339910,16145
2019-10-10,2899.5,2957.5,2886.5,2947.0,1461822,16145
2019-10-11,2946.75,2994.0,2941.75,2970.25,1633049,16145
2019-10-13,2968.0,2981.75,2967.5,2981.75,19521,16145
2019-10-14,2981.75,2982.5,2953.75,2972.75,791454,16145
2019-10-15,2972.75,3003.25,2967.5,2994.75,1133352,16145
2019-10-16,2994.75,2997.5,2984.75,2987.75,1092168,16145
2019-10-17,2988.0,3008.0,2985.25,2996.5,1059626,16145
2019-10-18,2996.75,3001.25,2975.0,2989.25,1254998,16145
2019-10-20,2984.75,2991.75,2983.75,2991.5,14511,16145
2019-10-21,2991.5,3007.5,2989.5,3005.25,838391,16145
2019-10-22,3005.5,3014.25,2988.25,2990.75,1105321,16145
2019-10-23,2990.75,3010.0,2982.0,3006.75,1026008,16145
2019-10-24,3006.75,3015.25,2998.75,3001.75,1034660,16145
2019-10-25,3001.75,3026.5,3000.0,3019.75,1050357,16145
2019-10-27,3023.0,3026.0,3022.75,3024.25,10541,16145
2019-10-28,3024.5,3042.75,3022.75,3038.75,994305,16145
2019-10-29,3038.75,3046.25,3029.5,3035.75,1001094,16145
2019-10-30,3036.0,3055.0,3023.25,3048.5,1147569,16145
2019-10-31,3048.75,3051.25,3020.25,3034.25,1686300,16145
2019-11-01,3034.5,3065.0,3034.25,3063.0,1211702,16145
2019-11-03,3064.75,3069.0,3064.75,3067.5,11233,16145
2019-11-04,3067.5,3085.75,3066.5,3083.0,1126243,16145
2019-11-05,3082.75,3085.0,3069.75,3072.25,1081746,16145
2019-11-06,3072.0,3078.0,3063.0,3074.0,1043881,16145
2019-11-07,3074.0,3097.0,3070.25,3086.75,1317022,16145
2019-11-08,3087.0,3092.5,3072.5,3092.0,1019069,16145
2019-11-10,3090.5,3092.25,3088.75,3088.75,7614,16145
2019-11-11,3088.75,3089.25,3074.5,3085.0,810826,16145
2019-11-12,3085.25,3102.0,3081.25,3088.5,1065658,16145
2019-11-13,3088.75,3097.0,3075.75,3094.5,1210340,16145
2019-11-14,3094.5,3099.75,3081.75,3099.0,1043972,16145
2019-11-15,3099.0,3119.5,3097.0,3119.0,1169807,16145
2019-11-17,3119.0,3119.25,3113.75,3114.25,11259,16145
2019-11-18,3114.75,3127.75,3111.0,3119.25,970686,16145
2019-11-19,3119.5,3132.5,3110.25,3111.5,1136900,16145
2019-11-20,3111.75,3118.5,3090.75,3101.75,1619248,16145
2019-11-21,3102.0,3114.5,3091.25,3101.25,1350888,16145
2019-11-22,3101.5,3114.5,3097.75,3112.0,925850,16145
2019-11-24,3119.0,3121.0,3116.5,3119.0,11434,16145
2019-11-25,3119.25,3133.5,3116.75,3132.5,855018,16145
2019-11-26,3132.5,3145.0,3128.0,3143.0,1021756,16145
2019-11-27,3143.25,3155.0,3141.75,3144.5,895346,16145
2019-11-28,3144.5,3151.75,3141.0,3151.25,122347,16145
2019-11-29,3151.0,3151.5,3139.5,3143.75,706186,16145
2019-12-01,3146.25,3148.0,3144.25,3147.5,14925,16145
2019-12-02,3147.75,3158.0,3108.0,3112.25,1856419,16145
2019-12-03,3112.25,3121.75,3069.5,3094.5,2064663,16145
2019-12-04,3094.75,3119.5,3081.75,3109.5,1425340,16145
2019-12-05,3109.25,3124.75,3103.25,3118.5,1254920,16145
2019-12-06,3118.75,3151.0,3118.5,3146.5,1206907,16145
2019-12-08,3146.5,3148.5,3146.0,3146.25,7352,16145
2019-12-09,3146.0,3149.5,3131.25,3135.0,1046461,16145
2019-12-10,3135.0,3143.0,3116.25,3134.0,1335395,16145
2019-12-11,3134.25,3146.25,3129.5,3146.0,1039536,16145
2019-12-12,3146.0,3182.75,3137.25,3180.75,1920618,16145
2019-12-13,3180.75,3185.0,3156.75,3172.0,1104662,16145
2019-12-15,3176.5,3177.25,3173.75,3175.5,5298,16145
2019-12-16,3175.25,3198.75,3175.25,3190.75,399295,16145
2019-12-17,3190.75,3199.25,3187.75,3190.75,318873,16145
2019-12-18,3191.0,3199.0,3188.5,3194.5,226876,16145
2019-12-19,3194.5,3209.0,3190.25,3208.5,179495,16145
2019-12-20,3208.5,3220.25,3204.25,3219.25,17999,16145
2019-12-22,3227.0,3229.0,3224.75,3228.25,8982,10571
2019-12-23,3228.25,3234.25,3224.25,3228.5,597387,10571
2019-12-24,3228.5,3231.25,3222.5,3226.5,277530,10571
2019-12-25,3227.5,3228.25,3227.0,3227.5,3755,10571
2019-12-26,3227.25,3244.75,3227.25,3243.25,445134,10571
2019-12-27,3243.5,3254.0,3235.5,3236.5,930726,10571
2019-12-29,3238.25,3241.5,3238.0,3240.75,7771,10571
2019-12-30,3241.0,3244.25,3217.25,3224.75,1085495,10571
2019-12-31,3224.75,3236.25,3213.0,3236.0,1099272,10571
2020-01-01,3237.0,3240.75,3234.25,3237.5,16226,10571
2020-01-02,3237.75,3263.5,3235.5,3261.25,1351802,10571
2020-01-03,3261.0,3262.75,3206.75,3235.5,1675013,10571
2020-01-05,3220.25,3224.0,3216.25,3223.75,36078,10571
2020-01-06,3223.75,3249.5,3208.75,3242.5,1432794,10571
2020-01-07,3242.5,3254.5,3195.75,3203.25,1350952,10571
2020-01-08,3203.5,3267.75,3181.0,3262.0,2104341,10571
2020-01-09,3262.0,3279.25,3257.75,3278.0,1220609,10571
2020-01-10,3278.25,3287.0,3260.75,3263.5,1445958,10571
2020-01-12,3265.75,3271.5,3265.5,3267.25,11790,10571
2020-01-13,3267.25,3294.25,3266.75,3294.0,960348,10571
2020-01-14,3294.0,3296.75,3275.25,3279.0,1644237,10571
2020-01-15,3279.0,3300.0,3277.75,3297.0,1414403,10571
2020-01-16,3297.0,3323.25,3294.5,3319.75,1300887,10571
2020-01-17,3319.75,3330.25,3316.75,3323.75,1193941,10571
2020-01-19,3325.0,3328.0,3323.25,3328.0,8611,10571
2020-01-20,3328.0,3328.5,3318.5,3323.0,111778,10571
2020-01-21,3323.0,3329.75,3307.25,3320.5,1375262,10571
2020-01-22,3320.5,3337.5,3313.75,3314.5,1472541,10571
2020-01-23,3314.5,3332.0,3301.25,3330.5,1657475,10571
2020-01-24,3330.5,3337.0,3280.5,3291.0,2415036,10571
2020-01-26,3269.75,3269.75,3252.25,3258.75,93971,10571
2020-01-27,3258.75,3269.0,3233.0,3247.0,2433393,10571
2020-01-28,3247.25,3285.0,3241.75,3275.25,1844898,10571
2020-01-29,3275.5,3292.75,3265.25,3273.25,1614877,10571
2020-01-30,3273.25,3295.25,3239.75,3289.25,2372365,10571
2020-01-31,3289.5,3297.5,3212.75,3227.0,3034565,10571
2020-02-02,3222.75,3236.25,3222.0,3232.0,53208,10571
2020-02-03,3232.0,3267.25,3229.75,3241.5,1833803,10571
2020-02-04,3241.75,3305.25,3240.75,3294.0,1652688,10571
2020-02-05,3294.0,3339.5,3288.25,3334.5,1988170,10571
2020-02-06,3334.25,3357.75,3332.5,3349.0,1427257,10571
2020-02-07,3349.25,3350.0,3320.75,3323.0,1627194,10571
2020-02-09,3322.25,3329.25,3303.5,3311.25,54264,10571
2020-02-10,3311.5,3353.5,3311.25,3351.5,1301298,10571
2020-02-11,3351.5,3374.5,3349.25,3360.75,1450996,10571
2020-02-12,3361.0,3382.5,3355.5,3367.5,1222042,10571
2020-02-13,3367.75,3384.75,3348.5,3374.25,1708754,10571
2020-02-14,3374.25,3388.5,3365.25,3380.5,1258406,10571
2020-02-16,3382.25,3389.5,3382.0,3387.75,13750,10571
2020-02-17,3387.75,3392.5,3372.0,3376.0,159265,10571
2020-02-18,3376.0,3378.75,3355.25,3378.0,1524439,10571
2020-02-19,3378.0,3393.75,3372.25,3391.5,1113399,10571
2020-02-20,3391.75,3397.5,3339.25,3356.0,2065839,10571
2020-02-21,3356.0,3365.75,3328.0,3338.25,2194692,10571
2020-02-23,3309.0,3312.0,3289.5,3298.25,92492,10571
2020-02-24,3298.5,3303.75,3213.75,3239.75,3445565,10571
2020-02-25,3240.0,3259.5,3117.25,3151.5,4209593,10571
2020-02-26,3151.75,3182.0,3091.0,3103.25,3822626,10571
2020-02-27,3103.25,3107.5,2935.25,2967.25,4603187,10571
2020-02-28,2967.0,2996.0,2853.25,2988.0,5385879,10571
2020-03-01,2900.0,2928.0,2889.25,2919.25,101216,10571
2020-03-02,2919.0,3093.25,2903.75,3084.5,3440334,10571
2020-03-03,3084.5,3137.0,2973.0,2990.75,3591253,10571
2020-03-04,2990.75,3129.5,2989.25,3106.75,2435045,10571
2020-03-05,3107.25,3108.75,2996.5,3026.5,2602596,10571
2020-03-06,3026.5,3037.0,2898.0,2963.75,2952283,10571
2020-03-08,2916.0,2916.0,2819.0,2822.5,184296,10571
2020-03-09,2822.5,2839.0,2695.25,2795.75,2402874,10571
2020-03-10,2796.25,2884.75,2728.5,2827.0,3180044,10571
2020-03-11,2827.0,2839.25,2702.75,2732.75,2761219,10571
2020-03-12,2732.75,2742.5,2419.0,2440.25,3651328,10571
2020-03-13,2440.75,2707.75,2393.5,2664.75,2165668,10571
2020-03-15,2673.75,2675.0,2567.5,2567.5,41110,10571
2020-03-16,2567.5,2567.5,2360.25,2443.75,1098093,10571
2020-03-17,2443.25,2554.5,2365.0,2425.25,796801,10571
2020-03-18,2425.25,2474.0,2274.75,2457.0,470738,10571
2020-03-19,2457.5,2470.5,2288.0,2370.25,280297,10571
2020-03-20,2370.25,2512.75,2353.0,2445.0,34882,10571
2020-03-22,2220.25,2229.0,2174.0,2190.75,71293,21336
2020-03-23,2190.75,2386.0,2174.0,2252.75,2981953,21336
2020-03-24,2252.25,2470.0,2241.25,2421.75,2513684,21336
2020-03-25,2421.75,2560.75,2386.0,2468.5,2885723,21336
2020-03-26,2468.5,2634.5,2402.25,2629.25,2338140,21336
2020-03-27,2629.25,2632.75,2505.25,2520.0,2102741,21336
2020-03-29,2459.0,2498.25,2445.0,2486.75,87996,21336
2020-03-30,2487.0,2624.5,2481.5,2616.75,1702324,21336
2020-03-31,2616.75,2635.75,2536.5,2539.0,2146209,21336
2020-04-01,2538.75,2547.25,2434.25,2471.0,1969191,21336
2020-04-02,2471.25,2525.0,2424.75,2504.75,2068903,21336
2020-04-03,2504.5,2529.5,2449.0,2480.25,1677392,21336
2020-04-05,2485.0,2524.0,2484.75,2518.75,56768,21336
2020-04-06,2518.75,2668.5,2517.5,2663.75,1906913,21336
2020-04-07,2663.75,2750.0,2623.5,2650.75,2434609,21336
2020-04-08,2650.25,2752.5,2620.75,2747.25,1851818,21336
2020-04-09,2747.5,2809.5,2701.0,2787.0,2266674,21336
2020-04-12,2811.0,2819.5,2717.25,2744.0,73602,21336
2020-04-13,2744.0,2779.25,2711.0,2768.0,1484154,21336
2020-04-14,2768.0,2846.0,2752.5,2832.0,1639336,21336
2020-04-15,2832.0,2834.75,2750.5,2753.75,1778199,21336
2020-04-16,2753.75,2885.0,2746.0,2869.5,1807492,21336
2020-04-17,2869.75,2884.0,2821.0,2869.0,1701290,21336
2020-04-19,2861.5,2861.75,2842.0,2848.25,40107,21336
2020-04-20,2848.5,2875.5,2804.25,2817.25,1506986,21336
2020-04-21,2817.5,2833.25,2717.25,2741.5,1919062,21336
2020-04-22,2741.5,2808.0,2717.25,2779.0,1346292,21336
2020-04-23,2779.25,2836.75,2764.25,2770.0,1678164,21336
2020-04-24,2770.25,2835.0,2755.25,2828.0,1225742,21336
2020-04-26,2829.0,2847.0,2812.75,2819.25,33288,21336
2020-04-27,2819.25,2881.25,2814.25,2867.5,1162774,21336
2020-04-28,2867.5,2913.5,2851.0,2871.5,1597648,21336
2020-04-29,2871.75,2959.75,2871.0,2946.0,1680269,21336
2020-04-30,2945.75,2965.0,2853.0,2874.25,1961867,21336
2020-05-01,2874.5,2879.75,2811.75,2817.0,1541907,21336
2020-05-03,2789.0,2797.0,2773.0,2777.25,64744,21336
2020-05-04,2777.25,2835.75,2771.0,2831.25,1414529,21336
2020-05-05,2831.0,2889.75,2831.0,2866.5,1451170,21336
2020-05-06,2866.5,2886.25,2823.0,2833.5,1443558,21336
2020-05-07,2833.25,2895.0,2833.25,2892.5,1453218,21336
2020-05-08,2892.75,2933.0,2892.5,2930.5,1256140,21336
2020-05-10,2920.75,2939.0,2916.0,2938.0,44178,21336
2020-05-11,2938.0,2947.0,2889.75,2916.0,1464682,21336
2020-05-12,2916.25,2939.25,2827.25,2829.25,1811531,21336
2020-05-13,2829.25,2876.75,2786.0,2816.75,2494865,21336
2020-05-14,2816.75,2854.75,2760.25,2853.75,2446187,21336
2020-05-15,2853.75,2863.5,2809.5,2854.75,1819467,21336
2020-05-17,2859.75,2873.75,2850.0,2868.25,37572,21336
2020-05-18,2868.25,2964.75,2865.25,2951.25,1699080,21336
2020-05-19,2951.25,2976.25,2908.5,2923.25,1539310,21336
2020-05-20,2923.0,2975.75,2922.75,2964.25,1482053,21336
2020-05-21,2964.0,2973.0,2933.0,2949.25,1582122,21336
2020-05-22,2949.5,2957.5,2903.75,2956.25,1321160,21336
2020-05-24,2948.5,2969.5,2947.5,2967.0,18957,21336
2020-05-25,2967.0,2990.0,2954.25,2982.25,177277,21336
2020-05-26,2982.5,3019.75,2980.75,2990.0,1565459,21336
2020-05-27,2990.25,3042.75,2965.5,3042.5,2067848,21336
2020-05-28,3042.25,3065.5,3019.5,3025.25,1846715,21336
2020-05-29,3025.25,3058.25,2992.0,3057.25,2173872,21336
2020-05-31,3029.75,3034.75,3008.0,3025.5,58901,21336
2020-06-01,3025.25,3059.0,3020.5,3038.25,1224335,21336
2020-06-02,3038.25,3087.5,3035.0,3086.0,1395646,21336
2020-06-03,3086.25,3129.5,3080.75,3123.0,1564259,21336
2020-06-04,3123.0,3126.75,3087.5,3108.75,1775776,21336
2020-06-05,3108.5,3210.5,3106.5,3185.25,2323306,21336
2020-06-07,3192.5,3211.5,3187.5,3208.25,40578,21336
2020-06-08,3208.5,3231.25,3183.25,3223.0,1481867,21336
2020-06-09,3223.0,3231.0,3190.0,3216.0,1622470,21336
2020-06-10,3216.25,3227.25,3162.0,3164.75,1925922,21336
2020-06-11,3164.75,3180.75,2996.25,3028.25,3165470,21336
2020-06-12,3028.5,3087.75,2982.0,3035.75,2101639,21336
2020-06-14,2992.75,3008.75,2980.75,2996.25,39666,21336
2020-06-15,2996.25,3098.5,2935.0,3097.75,975462,21336
2020-06-16,3097.5,3167.75,3072.75,3135.5,641914,21336
2020-06-17,3135.25,3157.75,3100.25,3102.0,245988,21336
2020-06-18,3102.0,3130.5,3075.25,3126.0,159042,21336
2020-06-19,3125.0,3196.0,3106.75,3196.0,16026,21336
2020-06-21,3040.25,3055.75,3027.25,3053.75,54731,12181
2020-06-22,3054.0,3125.25,3049.0,3122.25,1330069,12181
2020-06-23,3122.25,3145.75,3060.0,3111.5,1507885,12181
2020-06-24,3111.25,3128.5,3019.75,3037.25,2351843,12181
2020-06-25,3037.25,3080.0,3005.0,3073.0,1922347,12181
2020-06-26,3073.0,3082.0,2992.5,3003.0,2127981,12181
2020-06-28,2986.25,3004.75,2983.5,3000.25,55370,12181
2020-06-29,3000.25,3059.25,2988.5,3054.25,1523904,12181
2020-06-30,3054.0,3101.25,3030.25,3085.0,1619473,12181
2020-07-01,3081.75,3117.75,3062.75,3102.5,1493306,12181
2020-07-02,3102.0,3156.5,3095.5,3127.25,1503583,12181
2020-07-03,3127.25,3138.75,3105.75,3115.5,186946,12181
2020-07-05,3121.25,3136.75,3121.25,3135.0,23638,12181
2020-07-06,3135.25,3179.25,3134.25,3177.0,1221167,12181
2020-07-07,3176.75,3184.0,3132.5,3140.25,1310616,12181
2020-07-08,3140.25,3169.5,3125.5,3167.25,1490047,12181
2020-07-09,3167.25,3170.75,3105.25,3151.0,1859624,12181
2020-07-10,3151.25,3181.25,3111.5,3179.5,1370444,12181
2020-07-12,3183.5,3199.0,3183.5,3186.5,38111,12181
2020-07-13,3186.5,3226.25,3140.5,3155.25,2030356,12181
2020-07-14,3155.0,3214.75,3119.0,3209.75,2240484,12181
2020-07-15,3210.0,3233.25,3192.0,3218.0,1854594,12181
2020-07-16,3218.0,3218.25,3188.5,3203.5,1439285,12181
2020-07-17,3203.5,3225.25,3195.0,3213.75,1217865,12181
2020-07-19,3214.5,3222.25,3212.25,3221.25,18761,12181
2020-07-20,3221.25,3250.5,3190.25,3243.25,1363181,12181
2020-07-21,3243.5,3273.25,3239.25,3256.5,1435060,12181
2020-07-22,3256.75,3271.75,3227.25,3261.0,1317625,12181
2020-07-23,3261.0,3284.5,3214.25,3233.75,1683386,12181
2020-07-24,3233.5,3239.0,3191.5,3203.5,1711815,12181
2020-07-26,3210.75,3213.5,3192.0,3199.5,42817,12181
2020-07-27,3199.25,3238.0,3198.0,3236.0,1237108,12181
2020-07-28,3236.25,3246.75,3208.0,3217.5,1356763,12181
2020-07-29,3217.75,3257.0,3204.25,3251.0,1179785,12181
2020-07-30,3251.25,3273.75,3195.0,3267.5,1994721,12181
2020-07-31,3267.25,3270.25,3212.5,3269.5,2193862,12181
2020-08-02,3272.0,3273.75,3255.75,3264.25,26863,12181
2020-08-03,3264.25,3295.5,3254.75,3287.75,1207361,12181
2020-08-04,3287.75,3300.75,3271.0,3299.0,1127923,12181
2020-08-05,3298.75,3323.25,3292.0,3318.75,1081343,12181
2020-08-06,3318.75,3345.5,3300.5,3340.75,1332093,12181
2020-08-07,3340.75,3347.75,3322.25,3347.25,1567984,12181
2020-08-09,3347.0,3347.0,3335.0,3341.75,23084,12181
2020-08-10,3342.0,3357.25,3329.0,3352.25,1169972,12181
2020-08-11,3352.0,3379.0,3319.5,3334.25,1708702,12181
2020-08-12,3334.0,3382.5,3326.25,3370.75,1360353,12181
2020-08-13,3370.75,3382.0,3357.5,3376.0,1178322,12181
2020-08-14,3376.0,3380.5,3350.0,3363.75,1037923,12181
2020-08-16,3366.0,3371.0,3365.5,3370.5,10392,12181
2020-08-17,3370.25,3387.0,3364.75,3386.0,736183,12181
2020-08-18,3385.75,3390.75,3365.25,3389.0,988526,12181
2020-08-19,3389.0,3395.75,3361.0,3362.25,1341519,12181
2020-08-20,3362.5,3389.75,3344.75,3389.5,1172650,12181
2020-08-21,3389.5,3396.25,3356.75,3391.5,1167489,12181
2020-08-23,3398.75,3401.5,3395.0,3397.5,24673,12181
2020-08-24,3397.5,3434.0,3393.5,3433.25,1233948,12181
2020-08-25,3433.25,3448.75,3421.75,3445.0,1114851,12181
2020-08-26,3445.0,3483.5,3436.75,3477.25,1249412,12181
2020-08-27,3477.25,3498.25,3464.75,3492.0,1611619,12181
2020-08-28,3491.75,3509.5,3480.75,3506.75,1182536,12181
2020-08-30,3508.5,3519.0,3508.5,3518.75,15251,12181
2020-08-31,3518.75,3524.5,3484.25,3496.5,1383282,12181
2020-09-01,3496.5,3535.5,3491.75,3535.5,1233054,12181
2020-09-02,3535.5,3587.0,3532.0,3583.5,1779795,12181
2020-09-03,3583.75,3584.25,3424.5,3431.75,2843743,12181
2020-09-04,3431.75,3484.25,3347.75,3415.0,2865929,12181
2020-09-06,3420.5,3422.75,3380.25,3404.75,34401,12181
2020-09-07,3404.75,3443.5,3392.25,3439.5,242654,12181
2020-09-08,3439.5,3447.0,3295.5,3322.75,2412045,12181
2020-09-09,3322.25,3424.0,3320.75,3409.5,1875845,12181
2020-09-10,3409.5,3424.25,3327.25,3346.75,2022571,12181
2020-09-11,3347.0,3375.0,3308.75,3337.25,1098465,12181
2020-09-13,3350.0,3362.0,3345.5,3361.5,9199,12181
2020-09-14,3361.5,3402.75,3356.25,3385.5,426056,12181
2020-09-15,3385.5,3419.0,3376.0,3401.75,253594,12181
2020-09-16,3401.75,3429.75,3384.0,3390.75,236027,12181
2020-09-17,3390.75,3392.0,3320.5,3359.25,209138,12181
2020-09-18,3358.75,3374.25,3341.75,3367.75,17859,12181
2020-09-20,3314.5,3320.5,3296.0,3314.5,41106,19100
2020-09-21,3314.25,3326.25,3217.75,3282.25,2426165,19100
2020-09-22,3282.5,3309.5,3256.5,3302.5,1546467,19100
2020-09-23,3302.75,3319.75,3210.0,3216.5,1951799,19100
2020-09-24,3216.75,3268.25,3198.0,3253.5,2225964,19100
2020-09-25,3253.25,3296.25,3206.5,3285.5,1627852,19100
2020-09-27,3291.0,3298.5,3287.5,3295.25,20034,19100
2020-09-28,3295.5,3356.25,3292.0,3355.25,1463482,19100
2020-09-29,3355.5,3363.0,3316.5,3336.25,1308840,19100
2020-09-30,3336.0,3384.0,3291.25,3361.5,2115555,19100
2020-10-01,3361.75,3388.0,3350.0,3367.25,1478704,19100
2020-10-02,3367.0,3372.5,3300.25,3345.5,1958035,19100
2020-10-04,3360.0,3363.75,3349.5,3362.0,31235,19100
2020-10-05,3361.75,3400.0,3346.5,3389.5,1047375,19100
2020-10-06,3389.5,3421.75,3330.5,3346.0,1687187,19100
2020-10-07,3346.0,3416.75,3342.5,3414.0,1334288,19100
2020-10-08,3414.0,3456.0,3407.75,3453.75,1083131,19100
2020-10-09,3453.75,3480.0,3445.25,3476.5,1120273,19100
2020-10-11,3467.5,3474.0,3465.0,3470.25,21829,19100
2020-10-12,3470.25,3541.0,3464.25,3531.75,1342147,19100
2020-10-13,3531.75,3532.5,3491.5,3508.75,1591666,19100
2020-10-14,3508.75,3524.0,3472.0,3484.0,1529364,19100
2020-10-15,3484.0,3487.25,3431.5,3483.75,1608522,19100
2020-10-16,3483.75,3508.5,3461.25,3464.75,1324396,19100
2020-10-18,3471.0,3479.75,3470.0,3477.5,17878,19100
2020-10-19,3477.5,3496.5,3410.75,3439.75,1612423,19100
2020-10-20,3439.75,3469.75,3418.75,3444.5,1699032,19100
2020-10-21,3444.75,3458.0,3402.5,3413.5,1674750,19100
2020-10-22,3413.75,3457.0,3403.25,3451.75,1440298,19100
2020-10-23,3452.0,3462.5,3431.5,3452.75,1166255,19100
2020-10-25,3445.75,3446.25,3425.0,3439.25,32669,19100
2020-10-26,3439.25,3442.0,3356.0,3392.5,1905291,19100
2020-10-27,3392.5,3410.0,3358.0,3366.0,1546088,19100
2020-10-28,3366.25,3370.0,3260.75,3282.0,2555326,19100
2020-10-29,3282.0,3333.75,3250.25,3276.0,1933612,19100
2020-10-30,3276.25,3296.25,3225.0,3278.25,2391975,19100
2020-11-01,3260.0,3271.5,3243.25,3252.5,28749,19100
2020-11-02,3252.25,3323.5,3246.0,3309.0,1791454,19100
2020-11-03,3309.0,3395.0,3304.0,3383.75,1668299,19100
2020-11-04,3383.75,3480.0,3319.0,3434.5,2725929,19100
2020-11-05,3434.0,3522.5,3429.75,3499.5,1645205,19100
2020-11-06,3499.25,3519.0,3456.75,3510.0,1532657,19100
2020-11-08,3522.5,3546.5,3515.75,3537.25,31729,19100
2020-11-09,3537.25,3668.0,3533.75,3548.25,2518473,19100
2020-11-10,3548.75,3559.0,3506.5,3537.5,2120273,19100
2020-11-11,3537.25,3576.75,3531.0,3568.75,1290276,19100
2020-11-12,3568.5,3572.0,3513.0,3534.5,1657928,19100
2020-11-13,3534.75,3590.0,3518.0,3582.0,1275384,19100
2020-11-15,3587.0,3610.75,3586.5,3608.0,22261,19100
2020-11-16,3608.0,3637.0,3596.75,3624.25,1245847,19100
2020-11-17,3624.5,3624.5,3584.25,3609.75,1239512,19100
2020-11-18,3609.75,3623.25,3556.5,3563.25,1271247,19100
2020-11-19,3563.25,3582.75,3542.25,3548.5,1259294,19100
2020-11-20,3548.25,3582.5,3542.75,3551.5,1099371,19100
2020-11-22,3546.5,3557.75,3545.5,3557.5,16665,19100
2020-11-23,3557.25,3597.5,3548.75,3591.75,1161724,19100
2020-11-24,3591.75,3643.75,3588.75,3642.0,1224474,19100
2020-11-25,3642.25,3655.0,3615.25,3632.0,981436,19100
2020-11-26,3632.25,3638.75,3613.25,3620.25,114590,19100
2020-11-27,3620.25,3642.75,3612.75,3637.0,494062,19100
2020-11-29,3643.75,3652.0,3639.75,3641.75,14093,19100
2020-11-30,3642.0,3642.25,3592.25,3639.25,1619210,19100
2020-12-01,3639.5,3677.5,3637.75,3658.5,1298626,19100
2020-12-02,3658.75,3673.5,3642.25,3667.0,1012413,19100
2020-12-03,3667.0,3682.0,3655.25,3670.0,1060070,19100
2020-12-04,3670.0,3700.0,3667.5,3690.25,921116,19100
2020-12-06,3694.75,3705.0,3693.0,3699.25,15176,19100
2020-12-07,3699.0,3700.0,3672.25,3682.5,1000800,19100
2020-12-08,3682.5,3714.75,3664.25,3706.5,1057669,19100
2020-12-09,3706.5,3714.0,3659.5,3674.75,1670957,19100
2020-12-10,3674.75,3681.25,3644.0,3672.25,1275966,19100
2020-12-11,3672.0,3674.75,3628.25,3660.0,825586,19100
2020-12-13,3677.75,3685.5,3675.75,3678.75,10419,19100
2020-12-14,3679.0,3698.0,3642.75,3653.75,545268,19100
2020-12-15,3653.75,3697.75,3642.75,3693.5,310880,19100
2020-12-16,3693.5,3711.5,3687.0,3703.0,206536,19100
2020-12-17,3703.25,3724.75,3699.5,3721.5,132720,19100
2020-12-18,3722.0,3733.25,3707.75,3728.0,13273,19100
2020-12-20,3718.25,3724.0,3701.25,3707.0,28709,5482
2020-12-21,3706.75,3711.5,3596.0,3683.5,1771189,5482
2020-12-22,3683.5,3695.0,3663.75,3683.25,1090962,5482
2020-12-23,3683.0,3701.75,3651.0,3684.25,994892,5482
2020-12-24,3684.25,3696.0,3678.5,3692.75,348129,5482
2020-12-27,3682.0,3708.0,3676.0,3702.5,20157,5482
2020-12-28,3702.75,3735.0,3697.25,3735.0,718174,5482
2020-12-29,3734.75,3747.75,3714.5,3721.75,970707,5482
2020-12-30,3721.75,3738.25,3716.5,3726.5,736629,5482
2020-12-31,3726.5,3753.0,3715.0,3748.75,913041,5482
2021-01-03,3748.75,3755.5,3742.5,3749.0,19741,5482
2021-01-04,3749.25,3773.25,3652.5,3693.25,1962088,5482
2021-01-05,3693.25,3730.0,3673.25,3714.0,1353702,5482
2021-01-06,3714.0,3774.75,3685.5,3749.75,2073684,5482
2021-01-07,3749.75,3804.0,3742.0,3799.5,1247761,5482
2021-01-08,3799.5,3824.5,3775.0,3822.0,1537631,5482
2021-01-10,3815.5,3820.75,3807.75,3809.75,13879,5482
2021-01-11,3809.5,3813.75,3776.5,3797.25,1248409,5482
2021-01-12,3797.25,3806.75,3768.0,3796.5,1194335,5482
2021-01-13,3796.5,3813.5,3776.5,3806.5,1012304,5482
2021-01-14,3806.5,3817.75,3786.25,3795.0,1132990,5482
2021-01-15,3795.0,3796.25,3741.5,3746.25,1692253,5482
2021-01-17,3750.0,3760.0,3746.5,3749.75,13921,5482
2021-01-18,3749.5,3773.5,3740.5,3773.0,146083,5482
2021-01-19,3773.0,3803.75,3772.25,3803.5,1110604,5482
2021-01-20,3803.25,3852.5,3788.5,3848.0,1197786,5482
2021-01-21,3848.25,3859.75,3836.5,3844.0,1024942,5482
2021-01-22,3844.0,3848.5,3813.25,3830.0,1130899,5482
2021-01-24,3835.5,3844.25,3834.0,3841.5,10291,5482
2021-01-25,3841.25,3853.25,3788.5,3845.5,1718885,5482
2021-01-26,3845.25,3862.25,3821.5,3847.0,1161197,5482
2021-01-27,3847.25,3849.0,3703.5,3708.5,2533670,5482
2021-01-28,3708.75,3823.5,3706.5,3766.75,2064092,5482
2021-01-29,3767.0,3777.25,3685.5,3696.5,2591329,5482
2021-01-31,3692.25,3693.75,3656.5,3677.25,48314,5482
2021-02-01,3676.75,3777.0,3676.25,3769.75,1596949,5482
2021-02-02,3769.75,3835.75,3760.0,3828.75,1380612,5482
2021-02-03,3828.75,3843.5,3807.75,3832.75,1238345,5482
2021-02-04,3832.75,3869.75,3811.25,3865.75,1107169,5482
2021-02-05,3866.0,3888.25,3860.0,3884.75,1068770,5482
2021-02-07,3889.0,3895.5,3885.5,3890.5,16076,5482
2021-02-08,3890.75,3913.25,3885.75,3910.0,928623,5482
2021-02-09,3910.0,3912.5,3895.0,3909.0,859331,5482
2021-02-10,3909.25,3928.5,3878.25,3906.25,1530490,5482
2021-02-11,3906.25,3920.5,3884.5,3911.0,1266710,5482
2021-02-12,3911.0,3936.25,3890.25,3935.75,983086,5482
2021-02-14,3936.5,3940.0,3934.75,3936.5,9698,5482
2021-02-15,3936.5,3952.0,3935.75,3947.0,125605,5482
2021-02-16,3947.25,3959.25,3918.75,3921.25,1295479,5482
2021-02-17,3921.25,3932.25,3896.5,3930.5,1350966,5482
2021-02-18,3930.75,3936.0,3880.5,3905.75,1499651,5482
2021-02-19,3905.75,3931.0,3890.25,3899.25,1361969,5482
2021-02-21,3905.5,3911.5,3894.0,3904.0,21457,5482
2021-02-22,3904.0,3914.5,3861.25,3878.5,1462854,5482
2021-02-23,3878.25,3896.0,3804.75,3873.5,2236156,5482
2021-02-24,3873.5,3934.5,3851.75,3933.0,1877338,5482
2021-02-25,3933.25,3934.0,3810.25,3820.5,2826000,5482
2021-02-26,3820.75,3858.5,3785.0,3807.75,2859675,5482
2021-02-28,3817.25,3837.0,3812.5,3836.25,30871,5482
2021-03-01,3836.25,3912.0,3833.0,3903.75,1607090,5482
2021-03-02,3903.75,3906.0,3865.5,3876.75,1601014,5482
2021-03-03,3876.75,3898.0,3795.25,3796.25,2157227,5482
2021-03-04,3796.25,3842.25,3720.5,3758.25,3119311,5482
2021-03-05,3758.25,3850.0,3728.5,3840.5,2828730,5482
2021-03-07,3854.75,3866.25,3850.75,3854.25,30482,5482
2021-03-08,3854.25,3878.75,3796.25,3838.25,2123134,5482
2021-03-09,3838.5,3901.25,3826.25,3876.25,1622220,5482
2021-03-10,3876.0,3916.25,3856.25,3900.0,1727558,5482
2021-03-11,3900.0,3958.5,3893.0,3941.0,1220567,5482
2021-03-12,3941.25,3947.5,3910.25,3941.75,729138,5482
2021-03-14,3945.75,3953.5,3941.25,3950.75,9459,5482
2021-03-15,3950.75,3969.75,3922.25,3961.25,332792,5482
2021-03-16,3961.5,3980.5,3952.75,3964.5,233335,5482
2021-03-17,3964.75,3983.75,3935.25,3982.75,233413,5482
2021-03-18,3983.0,3988.75,3911.0,3920.5,180118,5482
2021-03-19,3920.5,3934.25,3908.0,3916.5,14271,5482
2021-03-21,3893.5,3898.75,3886.5,3896.25,23006,3853
2021-03-22,3896.5,3944.5,3885.0,3936.5,1270882,3853
2021-03-23,3936.5,3938.75,3890.5,3898.75,1848216,3853
2021-03-24,3899.0,3931.5,3877.5,3886.25,2024613,3853
2021-03-25,3886.25,3912.0,3843.25,3907.25,2250987,3853
2021-03-26,3907.25,3968.0,3901.75,3962.25,1911696,3853
2021-03-28,3962.25,3964.0,3951.0,3951.0,23161,3853
2021-03-29,3951.25,3971.25,3928.75,3966.0,1950526,3853
2021-03-30,3966.25,3966.25,3933.75,3951.0,1568846,3853
2021-03-31,3951.0,3983.75,3941.5,3970.75,1565508,3853
2021-04-01,3971.0,4017.0,3964.5,4016.0,1166703,3853
2021-04-02,4016.25,4038.0,4014.5,4027.25,57395,3853
2021-04-04,4030.0,4033.75,4022.5,4032.5,19794,3853
2021-04-05,4032.5,4074.5,4021.0,4071.5,1196114,3853
2021-04-06,4071.25,4076.0,4052.25,4071.0,1231075,3853
2021-04-07,4071.0,4083.0,4056.5,4080.0,1077548,3853
2021-04-08,4080.0,4099.75,4073.0,4099.5,960681,3853
2021-04-09,4099.5,4121.5,4081.0,4114.0,1023747,3853
2021-04-11,4114.25,4118.0,4110.5,4110.5,13676,3853
2021-04-12,4110.5,4124.5,4104.5,4121.5,1038575,3853
2021-04-13,4121.75,4139.75,4101.25,4130.75,1040579,3853
2021-04-14,4130.75,4144.0,4113.0,4123.0,1495346,3853
2021-04-15,4123.25,4166.5,4119.5,4162.75,1237551,3853
2021-04-16,4162.75,4183.5,4154.25,4172.25,1234625,3853
2021-04-18,4165.0,4168.75,4163.0,4164.5,13461,3853
2021-04-19,4164.5,4174.75,4141.75,4162.0,1581119,3853
2021-04-20,4161.75,4167.25,4110.5,4122.5,1664895,3853
2021-04-21,4122.5,4167.25,4113.0,4154.75,1476257,3853
2021-04-22,4154.75,4171.75,4115.25,4129.75,1926592,3853
2021-04-23,4130.0,4186.75,4127.5,4166.0,1445819,3853
2021-04-25,4170.75,4172.75,4166.0,4166.75,11824,3853
2021-04-26,4166.75,4186.0,4163.75,4183.25,986674,3853
2021-04-27,4183.25,4192.5,4166.75,4180.25,961506,3853
2021-04-28,4180.25,4193.75,4172.75,4188.5,1251134,3853
2021-04-29,4188.5,4211.0,4168.0,4197.0,1724560,3853
2021-04-30,4197.0,4198.5,4167.25,4180.5,1835920,3853
2021-05-02,4181.5,4188.5,4181.5,4188.0,12990,3853
2021-05-03,4188.0,4202.5,4178.75,4180.0,1200114,3853
2021-05-04,4179.75,4184.5,4120.5,4159.5,1963594,3853
2021-05-05,4159.5,4180.0,4153.0,4160.75,1386109,3853
2021-05-06,4160.5,4198.25,4140.5,4194.5,1716083,3853
2021-05-07,4194.25,4232.25,4191.75,4226.75,1594626,3853
2021-05-09,4226.75,4233.0,4224.25,4231.75,11874,3853
2021-05-10,4231.5,4238.25,4172.0,4183.25,1635474,3853
2021-05-11,4183.0,4185.0,4103.75,4146.25,2476998,3853
2021-05-12,4146.5,4150.5,4051.0,4064.75,2575871,3853
2021-05-13,4064.75,4126.75,4029.25,4113.5,2327795,3853
2021-05-14,4113.75,4178.25,4111.5,4173.25,1444869,3853
2021-05-16,4169.0,4178.75,4168.5,4170.5,16155,3853
2021-05-17,4170.5,4171.25,4136.5,4164.75,1435334,3853
2021-05-18,4165.0,4179.5,4109.25,4109.25,1260362,3853
2021-05-19,4109.75,4121.75,4055.5,4100.5,2255084,3853
2021-05-20,4100.75,4169.25,4084.5,4161.25,1434958,3853
2021-05-21,4161.25,4185.0,4147.0,4157.75,1404981,3853
2021-05-23,4151.5,4155.5,4142.5,4149.5,22252,3853
2021-05-24,4149.5,4206.25,4149.5,4201.0,1002260,3853
2021-05-25,4201.25,4212.75,4179.25,4193.75,1191580,3853
2021-05-26,4194.0,4204.25,4180.5,4193.0,1029488,3853
2021-05-27,4193.0,4216.25,4177.75,4214.5,1160688,3853
2021-05-28,4214.5,4217.5,4201.0,4203.25,1020265,3853
2021-05-30,4206.5,4210.25,4204.5,4207.5,8958,3853
2021-05-31,4207.5,4210.0,4190.0,4201.0,105991,3853
2021-06-01,4201.0,4230.0,4190.75,4195.75,1226908,3853
2021-06-02,4196.0,4215.0,4191.5,4208.5,1017424,3853
2021-06-03,4208.5,4213.25,4165.25,4186.5,1360009,3853
2021-06-04,4186.5,4232.0,4177.0,4227.75,992118,3853
2021-06-06,4232.25,4232.5,4226.75,4229.0,10253,3853
2021-06-07,4229.0,4232.5,4214.0,4225.75,876610,3853
2021-06-08,4225.75,4236.75,4205.75,4226.0,1205378,3853
2021-06-09,4225.75,4235.0,4217.0,4221.75,942225,3853
2021-06-10,4221.5,4249.0,4207.0,4238.0,1215199,3853
2021-06-11,4238.0,4247.75,4230.75,4245.0,378829,3853
2021-06-13,4248.0,4251.5,4246.75,4249.75,4942,3853
2021-06-14,4249.75,4257.5,4233.5,4253.25,241615,3853
2021-06-15,4253.25,4267.5,4238.0,4247.0,206932,3853
2021-06-16,4247.0,4251.25,4200.75,4206.25,261759,3853
2021-06-17,4206.5,4232.5,4193.0,4226.0,189422,3853
2021-06-18,4225.5,4231.0,4183.75,4185.5,15178,3853
2021-06-20,4142.5,4152.5,4142.0,4149.75,23535,1030
2021-06-21,4149.75,4221.5,4126.75,4217.5,1369571,1030
2021-06-22,4217.5,4245.5,4205.75,4237.75,1025901,1030
2021-06-23,4237.75,4248.25,4230.5,4237.25,909025,1030
2021-06-24,4237.25,4263.75,4236.75,4259.5,850927,1030
2021-06-25,4259.75,4276.75,4253.5,4274.5,855927,1030
2021-06-27,4275.0,4278.5,4275.0,4277.0,9983,1030
2021-06-28,4277.25,4282.0,4264.25,4277.25,798427,1030
2021-06-29,4277.25,4291.0,4271.75,4287.75,721961,1030
2021-06-30,4288.0,4295.75,4269.25,4294.5,1036390,1030
2021-07-01,4294.5,4312.0,4286.0,4309.5,961689,1030
2021-07-02,4309.5,4347.0,4309.0,4338.75,929016,1030
2021-07-04,4341.0,4342.75,4338.5,4339.25,5268,1030
2021-07-05,4339.25,4347.5,4333.0,4346.25,93928,1030
2021-07-06,4346.5,4348.0,4305.25,4327.75,1240128,1030
2021-07-07,4327.75,4353.25,4320.25,4350.5,1177819,1030
2021-07-08,4350.5,4352.0,4279.25,4308.5,1965439,1030
2021-07-09,4308.5,4364.0,4293.25,4362.0,1251967,1030
2021-07-11,4362.0,4365.25,4359.75,4363.25,10469,1030
2021-07-12,4363.0,4379.25,4341.75,4377.25,1020085,1030
2021-07-13,4377.25,4383.75,4354.5,4355.75,1227183,1030
2021-07-14,4355.75,4384.5,4350.0,4367.75,1275031,1030
2021-07-15,4367.75,4370.25,4332.5,4343.5,1569275,1030
2021-07-16,4343.5,4368.0,4314.25,4318.5,1578675,1030
2021-07-18,4320.0,4320.75,4303.5,4308.0,28452,1030
2021-07-19,4308.0,4309.25,4224.0,4262.0,2528986,1030
2021-07-20,4262.0,4329.0,4252.75,4324.5,1808243,1030
2021-07-21,4324.5,4357.0,4310.0,4354.5,1135812,1030
2021-07-22,4354.5,4371.75,4341.5,4369.25,960193,1030
2021-07-23,4369.5,4408.25,4367.25,4399.25,1104028,1030
2021-07-25,4400.5,4405.25,4400.0,4402.5,10396,1030
2021-07-26,4402.75,4416.75,4375.5,4411.5,901653,1030
2021-07-27,4411.5,4413.0,4364.75,4392.25,1551527,1030
2021-07-28,4392.25,4407.75,4377.5,4394.5,1193385,1030
2021-07-29,4394.5,4422.5,4380.5,4387.0,991966,1030
2021-07-30,4387.0,4405.0,4370.75,4395.25,1313348,1030
2021-08-01,4396.5,4409.0,4395.25,4407.0,21227,1030
2021-08-02,4407.0,4419.75,4377.25,4386.25,1150877,1030
2021-08-03,4386.25,4417.0,4365.25,4408.25,1275428,1030
2021-08-04,4408.25,4415.0,4391.25,4397.5,1021114,1030
2021-08-05,4397.5,4422.75,4393.75,4417.0,747742,1030
2021-08-06,4417.0,4433.25,4416.0,4430.25,906360,1030
2021-08-08,4428.0,4429.5,4412.75,4415.0,22933,1030
2021-08-09,4415.0,4432.0,4412.25,4425.25,740897,1030
2021-08-10,4425.25,4438.25,4416.5,4427.75,925676,1030
2021-08-11,4427.75,4443.25,4420.75,4439.25,971600,1030
2021-08-12,4439.25,4456.25,4430.25,4452.5,835605,1030
2021-08-13,4452.5,4463.25,4451.0,4459.75,749443,1030
2021-08-15,4456.25,4459.0,4455.0,4457.5,11507,1030
2021-08-16,4457.5,4476.5,4432.5,4471.0,1171554,1030
2021-08-17,4471.0,4471.25,4411.75,4433.75,1755917,1030
2021-08-18,4433.75,4449.75,4381.5,4391.5,1515568,1030
2021-08-19,4391.25,4414.75,4347.75,4394.5,1889602,1030
2021-08-20,4394.5,4440.5,4371.75,4437.5,1265965,1030
2021-08-22,4435.0,4442.5,4433.5,4440.0,12896,1030
2021-08-23,4440.25,4485.75,4439.25,4483.5,946309,1030
2021-08-24,4483.5,4492.0,4476.75,4481.5,758005,1030
2021-08-25,4481.5,4498.0,4476.25,4492.5,756175,1030
2021-08-26,4492.5,4493.0,4464.25,4466.0,1285825,1030
2021-08-27,4466.0,4510.0,4462.25,4507.5,1145498,1030
2021-08-29,4508.75,4513.25,4505.75,4510.75,12437,1030
2021-08-30,4510.75,4534.5,4500.75,4527.5,933554,1030
2021-08-31,4527.5,4542.25,4512.5,4528.5,1324747,1030
2021-09-01,4528.5,4540.0,4519.25,4523.25,1018239,1030
2021-09-02,4523.25,4544.0,4516.0,4534.75,982900,1030
2021-09-03,4534.75,4549.5,4519.25,4533.75,1104787,1030
2021-09-05,4533.0,4535.25,4527.75,4528.25,7323,1030
2021-09-06,4528.0,4548.0,4523.75,4539.0,117491,1030
2021-09-07,4539.25,4541.0,4510.75,4514.5,1092871,1030
2021-09-08,4514.5,4524.75,4492.0,4507.5,1455447,1030
2021-09-09,4507.75,4529.5,4485.5,4491.25,1406438,1030
2021-09-10,4491.25,4518.25,4456.5,4461.0,892290,1030
2021-09-12,4461.0,4475.75,4459.75,4474.5,12608,1030
2021-09-13,4474.75,4492.75,4444.75,4475.75,554308,1030
2021-09-14,4476.0,4489.5,4435.0,4451.0,270621,1030
2021-09-15,4451.0,4487.5,4437.5,4485.0,221904,1030
2021-09-16,4485.0,4487.5,4443.0,4467.75,140343,1030
2021-09-17,4467.5,4482.5,4459.0,4465.75,10085,1030
2021-09-19,4411.75,4416.25,4404.25,4415.75,25670,8858
2021-09-20,4415.75,4418.0,4293.75,4355.75,2614936,8858
2021-09-21,4356.0,4395.75,4329.25,4331.5,1902634,8858
2021-09-22,4331.5,4406.5,4321.25,4392.0,1703553,8858
2021-09-23,4392.0,4455.0,4390.5,4441.0,1409678,8858
2021-09-24,4441.0,4453.0,4410.75,4446.0,1120599,8858
2021-09-26,4446.0,4454.0,4445.0,4452.0,16599,8858
2021-09-27,4452.25,4472.0,4425.0,4429.75,1250758,8858
2021-09-28,4430.0,4442.0,4334.75,4355.5,2247175,8858
2021-09-29,4355.5,4378.75,4344.25,4362.5,1768579,8858
2021-09-30,4362.25,4389.0,4294.25,4305.5,2248944,8858
2021-10-01,4305.25,4365.75,4260.0,4350.75,2172223,8858
2021-10-03,4349.0,4362.0,4347.5,4358.25,25193,8858
2021-10-04,4358.25,4358.75,4267.5,4293.5,2059366,8858
2021-10-05,4293.5,4359.75,4269.0,4328.25,1596278,8858
2021-10-06,4328.25,4371.5,4273.75,4365.5,2152518,8858
2021-10-07,4365.5,4421.5,4362.75,4400.25,1366744,8858
2021-10-08,4400.25,4407.75,4376.25,4380.5,1355719,8858
2021-10-10,4381.0,4388.0,4352.25,4358.25,35972,8858
2021-10-11,4358.25,4407.5,4341.75,4348.0,1189567,8858
2021-10-12,4348.0,4365.0,4317.25,4327.75,1251538,8858
2021-10-13,4328.0,4364.75,4318.75,4362.5,1328530,8858
2021-10-14,4362.25,4438.25,4361.75,4436.5,1218325,8858
2021-10-15,4436.5,4467.5,4426.25,4465.25,1123212,8858
2021-10-17,4465.5,4469.5,4452.25,4452.5,21197,8858
2021-10-18,4452.5,4479.75,4436.25,4477.5,1026541,8858
2021-10-19,4477.5,4517.5,4472.25,4515.75,982870,8858
2021-10-20,4515.75,4532.25,4504.0,4520.75,962747,8858
2021-10-21,4520.75,4543.25,4510.25,4529.75,917022,8858
2021-10-22,4530.0,4551.5,4515.25,4529.25,1252332,8858
2021-10-24,4528.75,4532.5,4522.5,4525.75,15731,8858
2021-10-25,4525.75,4567.5,4525.75,4566.5,978678,8858
2021-10-26,4566.75,4590.0,4560.75,4569.5,1220355,8858
2021-10-27,4569.5,4576.75,4543.75,4553.75,1210156,8858
2021-10-28,4553.75,4589.75,4545.25,4574.75,1153522,8858
2021-10-29,4574.75,4603.5,4559.25,4602.5,1315035,8858
2021-10-31,4608.0,4613.25,4602.75,4610.25,27165,8858
2021-11-01,4610.25,4619.5,4586.5,4603.25,1005449,8858
2021-11-02,4603.5,4627.0,4593.25,4619.25,942769,8858
2021-11-03,4619.25,4660.5,4613.0,4659.5,1045245,8858
2021-11-04,4659.25,4677.5,4650.75,4677.0,1120976,8858
2021-11-05,4677.0,4711.75,4667.5,4685.75,1380402,8858
2021-11-07,4678.5,4689.75,4678.0,4684.5,13759,8858
2021-11-08,4684.5,4707.0,4676.25,4688.5,942883,8858
2021-11-09,4688.5,4700.5,4663.25,4672.0,1254800,8858
2021-11-10,4671.75,4680.25,4625.25,4641.75,1585712,8858
2021-11-11,4641.75,4661.5,4640.5,4651.0,913489,8858
2021-11-12,4651.0,4685.5,4643.75,4681.0,1095756,8858
2021-11-14,4684.75,4689.5,4682.25,4685.0,9521,8858
2021-11-15,4685.0,4697.5,4667.0,4679.5,997161,8858
2021-11-16,4679.75,4709.75,4670.75,4699.25,994506,8858
2021-11-17,4699.0,4701.0,4679.25,4688.5,1022621,8858
2021-11-18,4688.5,4707.75,4668.0,4705.0,1128985,8858
2021-11-19,4705.0,4723.5,4684.25,4697.75,1270254,8858
2021-11-21,4701.0,4704.5,4697.0,4697.25,8699,8858
2021-11-22,4697.25,4740.5,4674.25,4685.25,1617391,8858
2021-11-23,4685.25,4695.5,4649.0,4682.25,1831246,8858
2021-11-24,4682.5,4703.5,4656.25,4701.75,1353770,8858
2021-11-25,4701.75,4717.0,4686.0,4687.75,118524,8858
2021-11-26,4688.0,4688.0,4577.25,4579.0,1844437,8858
2021-11-28,4589.0,4631.25,4588.75,4625.25,64616,8858
2021-11-29,4625.25,4669.75,4620.0,4662.75,1888202,8858
2021-11-30,4663.0,4667.5,4557.0,4584.5,2719536,8858
2021-12-01,4584.5,4650.75,4497.75,4526.75,2587015,8858
2021-12-02,4526.75,4593.75,4505.5,4561.75,2505197,8858
2021-12-03,4561.75,4606.5,4492.0,4533.25,2622278,8858
2021-12-05,4542.25,4559.25,4535.0,4557.0,28618,8858
2021-12-06,4557.0,4611.75,4531.5,4593.75,1895326,8858
2021-12-07,4593.75,4697.25,4587.25,4689.5,1676071,8858
2021-12-08,4689.75,4712.0,4671.75,4696.75,1262396,8858
2021-12-09,4696.5,4706.0,4662.25,4672.75,1204123,8858
2021-12-10,4672.75,4712.75,4664.25,4712.25,857287,8858
2021-12-12,4711.25,4721.0,4711.0,4719.75,6436,8858
2021-12-13,4719.75,4731.0,4664.75,4674.5,587810,8858
2021-12-14,4674.5,4686.0,4606.0,4636.5,427340,8858
2021-12-15,4636.5,4721.0,4611.25,4716.5,352371,8858
2021-12-16,4716.0,4752.5,4651.25,4668.0,252376,8858
2021-12-17,4668.5,4677.75,4629.5,4633.0,15119,8858
2021-12-19,4612.0,4621.5,4582.5,4584.25,38413,5782
2021-12-20,4584.5,4592.5,4520.25,4578.75,2001797,5782
2021-12-21,4578.75,4643.0,4565.75,4637.75,1452773,5782
2021-12-22,4638.0,4693.25,4622.25,4691.0,1069533,5782
2021-12-23,4691.0,4731.25,4684.25,4716.75,916456,5782
2021-12-26,4717.0,4725.0,4716.75,4722.75,10268,5782
2021-12-27,4723.0,4784.25,4713.25,4778.5,849742,5782
2021-12-28,4778.5,4798.0,4770.5,4786.25,919806,5782
2021-12-29,4786.0,4796.0,4770.0,4780.5,825233,5782
2021-12-30,4780.5,4799.75,4767.25,4773.25,707343,5782
2021-12-31,4773.25,4778.5,4750.5,4761.5,859860,5782
2022-01-02,4771.0,4777.5,4770.75,4775.0,13421,5782
2022-01-03,4775.0,4791.25,4747.5,4782.75,1267352,5782
2022-01-04,4783.0,4808.25,4764.5,4778.25,1349471,5782
2022-01-05,4778.25,4788.25,4681.75,4698.25,1790299,5782
2022-01-06,4698.0,4715.75,4662.0,4699.25,1794399,5782
2022-01-07,4699.25,4705.75,4653.75,4667.5,1546169,5782
2022-01-09,4671.25,4673.75,4650.0,4657.5,25942,5782
2022-01-10,4657.75,4681.75,4572.75,4665.0,2137094,5782
2022-01-11,4665.0,4707.5,4627.25,4704.0,1684147,5782
2022-01-12,4704.0,4739.5,4695.0,4717.5,1529763,5782
2022-01-13,4717.75,4736.25,4642.5,4655.75,1775139,5782
2022-01-14,4655.5,4667.0,4606.0,4664.0,1944636,5782
2022-01-16,4666.0,4671.75,4653.0,4656.5,17481,5782
2022-01-17,4656.5,4666.25,4638.75,4657.0,154240,5782
2022-01-18,4657.0,4661.75,4560.0,4568.25,2031927,5782
2022-01-19,4568.5,4603.0,4514.5,4516.0,1928756,5782
2022-01-20,4515.75,4594.25,4437.75,4462.5,2001061,5782
2022-01-21,4462.25,4487.0,4381.25,4381.5,2871788,5782
2022-01-23,4389.0,4415.0,4386.0,4414.75,51323,5782
2022-01-24,4414.5,4427.5,4212.75,4401.75,3677796,5782
2022-01-25,4402.0,4404.5,4276.5,4357.5,2434556,5782
2022-01-26,4357.5,4446.25,4294.25,4366.0,2336075,5782
2022-01-27,4366.0,4422.0,4263.25,4335.5,2227771,5782
2022-01-28,4335.5,4426.0,4266.25,4419.75,2158655,5782
2022-01-30,4423.5,4427.75,4402.75,4412.5,22901,5782
2022-01-31,4412.5,4507.75,4395.5,4493.0,1702765,5782
2022-02-01,4493.25,4554.75,4474.0,4551.25,1528753,5782
2022-02-02,4551.0,4586.0,4530.0,4531.0,1572635,5782
2022-02-03,4531.0,4544.0,4462.0,4518.75,1740715,5782
2022-02-04,4518.75,4532.5,4438.5,4485.5,1866248,5782
2022-02-06,4497.0,4499.5,4488.0,4498.25,13676,5782
2022-02-07,4498.5,4514.5,4462.75,4486.5,1414634,5782
2022-02-08,4486.5,4527.75,4456.25,4525.25,1421875,5782
2022-02-09,4525.25,4585.0,4517.75,4579.25,1320516,5782
2022-02-10,4579.25,4583.25,4476.0,4484.75,2331269,5782
2022-02-11,4484.5,4520.5,4393.25,4418.0,2391098,5782
2022-02-13,4411.75,4420.5,4401.0,4417.0,27137,5782
2022-02-14,4417.25,4428.0,4354.0,4403.5,2030656,5782
2022-02-15,4403.25,4468.0,4381.75,4452.75,1484061,5782
2022-02-16,4452.75,4484.5,4422.75,4461.75,1381858,5782
2022-02-17,4461.5,4468.0,4367.25,4378.5,1571915,5782
2022-02-18,4378.5,4411.5,4321.0,4344.25,1727952,5782
2022-02-20,4324.25,4333.75,4315.25,4322.75,21045,5782
2022-02-21,4322.25,4391.25,4250.0,4272.0,457698,5782
2022-02-22,4272.25,4358.75,4260.0,4324.25,2050390,5782
2022-02-23,4324.5,4345.5,4208.75,4218.25,1846760,5782
2022-02-24,4218.0,4290.0,4101.75,4260.75,2836021,5782
2022-02-25,4261.25,4384.25,4227.5,4380.5,1857468,5782
2022-02-27,4299.5,4305.5,4251.5,4284.75,76887,5782
2022-02-28,4284.75,4385.5,4258.5,4377.5,2025257,5782
2022-03-01,4377.5,4399.0,4275.0,4317.25,1795288,5782
2022-03-02,4317.25,4399.25,4278.25,4375.0,1642181,5782
2022-03-03,4375.25,4418.75,4341.0,4371.75,1504125,5782
2022-03-04,4371.75,4374.5,4281.25,4320.25,1754805,5782
2022-03-06,4308.75,4310.0,4263.0,4269.5,38942,5782
2022-03-07,4269.25,4325.25,4181.0,4186.25,1790326,5782
2022-03-08,4186.5,4275.0,4138.75,4169.25,2257130,5782
2022-03-09,4169.25,4298.25,4164.5,4276.25,1549055,5782
2022-03-10,4276.5,4282.0,4207.0,4264.5,1452829,5782
2022-03-11,4264.25,4335.5,4198.0,4205.75,895754,5782
2022-03-13,4216.0,4235.75,4211.75,4232.5,16106,5782
2022-03-14,4232.25,4254.5,4160.75,4182.25,536372,5782
2022-03-15,4182.0,4271.5,4138.0,4256.75,391704,5782
2022-03-16,4256.5,4376.0,4246.25,4365.5,380407,5782
2022-03-17,4365.0,4415.25,4329.0,4388.0,213300,5782
2022-03-18,4388.5,4402.75,4373.75,4400.5,11658,5782
2022-03-20,4460.0,4463.25,4451.25,4452.25,17744,3403
2022-03-21,4452.25,4473.0,4415.0,4445.5,1314262,3403
2022-03-22,4445.25,4514.75,4433.0,4509.75,1173943,3403
2022-03-23,4509.75,4514.0,4444.75,4452.5,1251258,3403
2022-03-24,4452.5,4517.5,4445.75,4510.0,1184636,3403
2022-03-25,4510.0,4539.0,4493.25,4536.0,1182347,3403
2022-03-27,4535.25,4540.0,4526.5,4526.5,15056,3403
2022-03-28,4526.5,4572.25,4509.75,4567.75,1135391,3403
2022-03-29,4568.0,4631.0,4565.25,4621.5,1316005,3403
2022-03-30,4621.5,4627.5,4574.75,4598.75,1145407,3403
2022-03-31,4599.0,4614.25,4526.25,4542.5,1527331,3403
2022-04-01,4542.5,4555.5,4501.25,4538.5,1364297,3403
2022-04-03,4538.25,4541.5,4529.0,4530.75,9953,3403
2022-04-04,4531.0,4580.0,4527.75,4573.25,983373,3403
2022-04-05,4573.25,4588.75,4507.75,4523.0,1272957,3403
2022-04-06,4523.25,4528.75,4444.5,4461.75,1733266,3403
2022-04-07,4461.5,4517.25,4444.5,4501.5,1410918,3403
2022-04-08,4501.75,4519.75,4468.75,4483.5,1286041,3403
2022-04-10,4488.75,4491.25,4476.0,4476.0,11920,3403
2022-04-11,4476.0,4482.75,4403.5,4406.25,1382335,3403
2022-04-12,4406.25,4466.75,4375.5,4406.25,1711036,3403
2022-04-13,4406.0,4449.5,4384.0,4438.75,1205684,3403
2022-04-14,4439.0,4455.75,4385.0,4389.0,1317441,3403
2022-04-17,4390.0,4390.0,4356.5,4357.5,31453,3403
2022-04-18,4357.75,4411.0,4355.5,4410.75,1102334,3403
2022-04-19,4410.75,4467.0,4371.75,4443.25,1429273,3403
2022-04-20,4443.25,4484.25,4432.75,4471.0,1385254,3403
2022-04-21,4470.75,4509.0,4376.5,4377.75,1655675,3403
2022-04-22,4378.0,4393.25,4247.5,4251.25,1940225,3403
2022-04-24,4259.0,4267.25,4249.5,4258.5,31599,3403
2022-04-25,4258.25,4296.5,4195.25,4290.75,2203216,3403
2022-04-26,4290.5,4303.5,4136.75,4173.25,1981449,3403
2022-04-27,4173.75,4236.25,4157.0,4212.75,1957242,3403
2022-04-28,4212.75,4303.5,4182.5,4245.5,1755758,3403
2022-04-29,4245.75,4279.75,4118.75,4137.0,2002682,3403
2022-05-01,4144.0,4147.5,4116.75,4132.0,43198,3403
2022-05-02,4131.75,4165.75,4056.0,4148.5,2225916,3403
2022-05-03,4148.25,4195.75,4129.0,4176.25,1631526,3403
2022-05-04,4176.0,4303.0,4142.75,4287.5,1724786,3403
2022-05-05,4287.75,4300.75,4099.25,4147.75,2320602,3403
2022-05-06,4147.75,4153.25,4062.0,4110.75,2206803,3403
2022-05-08,4087.25,4099.0,4075.0,4080.0,29380,3403
2022-05-09,4079.75,4093.5,3970.0,3999.25,2048732,3403
2022-05-10,3999.25,4065.5,3953.0,3991.75,2191576,3403
2022-05-11,3991.75,4050.5,3923.75,3942.75,2111885,3403
2022-05-12,3942.75,3961.75,3855.0,3942.0,2327439,3403
2022-05-13,3942.0,4036.0,3937.75,4014.0,1767065,3403
2022-05-15,4025.0,4042.0,4018.75,4035.5,28290,3403
2022-05-16,4035.5,4043.5,3979.5,4008.75,1626628,3403
2022-05-17,4008.5,4095.0,4003.5,4085.5,1666334,3403
2022-05-18,4085.5,4089.0,3898.0,3898.5,2112703,3403
2022-05-19,3898.25,3943.5,3856.0,3908.0,2258663,3403
2022-05-20,3908.5,3949.5,3807.5,3902.0,2298369,3403
2022-05-22,3910.5,3937.75,3910.25,3935.75,28975,3403
2022-05-23,3935.5,3982.25,3906.5,3947.75,1693202,3403
2022-05-24,3947.5,3963.75,3872.0,3958.75,1953606,3403
2022-05-25,3958.5,3997.75,3913.5,3969.75,1687483,3403
2022-05-26,3969.5,4073.5,3960.5,4056.75,1421599,3403
2022-05-27,4056.75,4168.25,4041.25,4168.0,1468732,3403
2022-05-29,4164.5,4173.25,4157.5,4167.5,13120,3403
2022-05-30,4167.5,4202.25,4161.25,4177.75,196654,3403
2022-05-31,4177.75,4179.5,4102.75,4148.25,1945225,3403
2022-06-01,4148.25,4165.0,4071.5,4087.5,1844196,3403
2022-06-02,4087.5,4189.0,4072.25,4181.75,1471618,3403
2022-06-03,4181.75,4184.25,4096.75,4109.5,1457749,3403
2022-06-05,4110.5,4117.0,4104.5,4108.75,14353,3403
2022-06-06,4108.5,4168.25,4104.5,4121.25,1412373,3403
2022-06-07,4121.25,4164.0,4076.0,4147.0,1609990,3403
2022-06-08,4146.75,4160.0,4105.25,4118.25,1581909,3403
2022-06-09,4118.5,4144.25,4014.75,4021.75,1728338,3403
2022-06-10,4022.0,4029.5,3895.25,3905.5,1431258,3403
2022-06-12,3870.75,3876.5,3859.0,3862.0,23218,3403
2022-06-13,3861.75,3863.0,3732.5,3760.5,1111185,3403
2022-06-14,3760.5,3805.0,3705.25,3756.5,531770,3403
2022-06-15,3756.75,3839.0,3720.25,3816.5,421403,3403
2022-06-16,3816.5,3828.75,3639.0,3674.0,323261,3403
2022-06-17,3673.5,3710.75,3665.75,3667.5,17437,3403
2022-06-19,3684.0,3707.5,3684.0,3705.25,17353,97042
2022-06-20,3705.25,3725.0,3661.5,3717.0,225174,97042
2022-06-21,3716.75,3783.75,3712.75,3764.5,1277838,97042
2022-06-22,3764.75,3805.5,3693.25,3744.5,1615040,97042
2022-06-23,3744.25,3805.75,3735.0,3784.75,1564144,97042
2022-06-24,3784.75,3919.75,3781.25,3914.75,1464569,97042
2022-06-26,3915.0,3922.5,3899.25,3900.0,23366,97042
2022-06-27,3899.75,3948.0,3892.5,3909.75,1431153,97042
2022-06-28,3909.5,3950.0,3821.75,3829.5,1732463,97042
2022-06-29,3829.25,3840.0,3801.25,3817.25,1679510,97042
2022-06-30,3817.0,3822.75,3741.25,3790.25,2291679,97042
2022-07-01,3790.0,3833.5,3744.5,3825.5,1657477,97042
2022-07-03,3828.5,3828.5,3809.5,3811.75,12012,97042
2022-07-04,3811.5,3857.75,3793.0,3847.0,157148,97042
2022-07-05,3846.75,3850.75,3744.0,3825.5,1806568,97042
2022-07-06,3825.5,3875.0,3808.75,3852.0,1632001,97042
2022-07-07,3852.0,3914.25,3832.5,3897.25,1272843,97042
2022-07-08,3897.0,3922.0,3868.0,3905.5,1421597,97042
2022-07-10,3900.0,3900.75,3888.75,3896.75,15172,97042
2022-07-11,3896.75,3897.25,3850.0,3863.5,1441060,97042
2022-07-12,3863.5,3876.5,3804.75,3822.0,1611471,97042
2022-07-13,3822.25,3873.0,3752.0,3778.75,2102396,97042
2022-07-14,3778.75,3811.5,3723.75,3810.5,1832905,97042
2022-07-15,3810.5,3868.25,3780.25,3866.75,1424143,97042
2022-07-17,3878.5,3881.5,3868.5,3874.5,12875,97042
2022-07-18,3874.5,3909.5,3820.25,3844.0,1383905,97042
2022-07-19,3844.25,3948.0,3834.25,3943.75,1540217,97042
2022-07-20,3943.5,3977.25,3922.25,3956.5,1689795,97042
2022-07-21,3956.5,4004.75,3930.25,3984.25,1771763,97042
2022-07-22,3984.25,4016.25,3941.5,3963.25,1676447,97042
2022-07-24,3967.75,3968.25,3954.5,3956.75,14411,97042
2022-07-25,3957.0,3988.75,3946.0,3956.0,1455443,97042
2022-07-26,3956.25,3964.5,3913.25,3954.0,1560324,97042
2022-07-27,3953.75,4042.75,3947.25,4019.25,1652470,97042
2022-07-28,4019.25,4111.0,3994.5,4095.75,1962572,97042
2022-07-29,4095.75,4144.0,4081.0,4132.5,1804015,97042
2022-07-31,4137.5,4138.0,4113.75,4117.0,21841,97042
2022-08-01,4117.0,4147.25,4097.0,4113.75,1705465,97042
2022-08-02,4113.75,4143.0,4080.5,4093.5,1848941,97042
2022-08-03,4093.25,4170.0,4084.5,4150.25,1624880,97042
2022-08-04,4150.0,4173.25,4136.0,4153.75,1193491,97042
2022-08-05,4153.75,4166.25,4103.75,4141.75,1658668,97042
2022-08-07,4149.75,4150.75,4130.75,4133.25,13739,97042
2022-08-08,4133.25,4188.0,4129.25,4152.75,1486853,97042
2022-08-09,4152.5,4154.5,4113.0,4129.0,1231695,97042
2022-08-10,4129.0,4214.25,4113.75,4212.5,1549588,97042
2022-08-11,4212.5,4260.5,4202.75,4214.75,1548034,97042
2022-08-12,4215.0,4282.75,4208.25,4280.75,1214589,97042
2022-08-14,4277.0,4278.5,4268.5,4269.0,12576,97042
2022-08-15,4269.0,4304.75,4249.0,4294.75,1270363,97042
2022-08-16,4294.75,4327.5,4278.75,4307.5,1322093,97042
2022-08-17,4307.25,4315.0,4255.0,4269.5,1584653,97042
2022-08-18,4269.5,4295.5,4258.0,4286.25,1309071,97042
2022-08-19,4286.25,4288.0,4220.75,4228.5,1619452,97042
2022-08-21,4221.0,4221.5,4207.0,4209.5,19094,97042
2022-08-22,4209.5,4221.25,4131.5,4152.25,1659272,97042
2022-08-23,4152.5,4161.75,4118.0,4128.75,1540309,97042
2022-08-24,4128.75,4158.5,4110.75,4145.5,1292049,97042
2022-08-25,4145.75,4202.75,4143.0,4196.25,1575937,97042
2022-08-26,4196.25,4217.25,4042.75,4042.75,2121645,97042
2022-08-28,4024.0,4031.75,4010.25,4013.25,42557,97042
2022-08-29,4013.25,4064.0,4006.75,4041.5,1870318,97042
2022-08-30,4041.25,4072.75,3964.5,3987.75,2493962,97042
2022-08-31,3987.5,4018.25,3929.25,3935.75,2290614,97042
2022-09-01,3936.0,3974.25,3903.5,3969.5,2125907,97042
2022-09-02,3969.25,4019.25,3906.0,3933.25,2419147,97042
2022-09-04,3929.0,3933.75,3915.25,3932.75,23835,97042
2022-09-05,3932.75,3946.25,3918.5,3939.25,204602,97042
2022-09-06,3939.0,3963.25,3886.75,3906.0,2055521,97042
2022-09-07,3905.75,3988.75,3883.5,3977.25,1845427,97042
2022-09-08,3977.25,4011.75,3942.75,4009.5,2122577,97042
2022-09-09,4009.25,4077.25,4008.5,4066.25,1145456,97042
2022-09-11,4077.25,4087.5,4076.5,4077.0,9839,97042
2022-09-12,4077.0,4121.5,4062.25,4115.25,637439,97042
2022-09-13,4115.25,4158.0,3919.75,3939.5,604926,97042
2022-09-14,3939.5,3962.75,3911.25,3953.0,341187,97042
2022-09-15,3953.0,3959.5,3871.0,3877.5,226129,97042
2022-09-16,3877.5,3882.25,3846.0,3865.75,20058,97042
2022-09-18,3889.5,3897.75,3884.0,3893.5,18874,206323
2022-09-19,3893.75,3931.25,3846.25,3931.25,2039946,206323
2022-09-20,3931.0,3936.25,3843.25,3875.5,2284212,206323
2022-09-21,3875.5,3925.25,3780.0,3781.5,2381626,206323
2022-09-22,3781.25,3833.0,3763.5,3779.25,2517507,206323
2022-09-23,3779.25,3783.25,3660.25,3711.5,2793956,206323
2022-09-25,3705.25,3714.5,3688.25,3701.5,37806,206323
2022-09-26,3701.25,3730.5,3657.5,3679.25,2809390,206323
2022-09-27,3679.5,3733.0,3635.25,3662.75,2900976,206323
2022-09-28,3662.75,3751.25,3613.0,3727.75,2684728,206323
2022-09-29,3728.0,3736.0,3622.0,3668.25,2805723,206323
2022-09-30,3668.5,3693.75,3595.25,3604.25,2802870,206323
2022-10-02,3593.25,3613.5,3581.0,3585.0,61820,206323
2022-10-03,3585.0,3711.75,3571.75,3702.5,2220990,206323
2022-10-04,3702.5,3808.75,3700.25,3796.25,2298521,206323
2022-10-05,3796.0,3820.0,3734.0,3811.25,2029016,206323
2022-10-06,3811.5,3819.5,3742.5,3746.0,2100274,206323
2022-10-07,3745.75,3770.5,3632.5,3650.75,2133957,206323
2022-10-09,3638.75,3642.25,3618.0,3633.5,46623,206323
2022-10-10,3633.75,3667.5,3600.0,3632.0,1953247,206323
2022-10-11,3632.0,3653.25,3579.0,3605.0,2347742,206323
2022-10-12,3605.0,3635.25,3585.5,3598.25,1896304,206323
2022-10-13,3598.0,3697.75,3502.0,3679.75,3197809,206323
2022-10-14,3679.75,3733.75,3591.25,3596.5,2636267,206323
2022-10-16,3591.0,3616.5,3590.5,3615.0,25008,206323
2022-10-17,3614.75,3722.5,3606.0,3720.0,1887860,206323
2022-10-18,3719.75,3777.25,3697.25,3763.5,2702462,206323
2022-10-19,3763.25,3774.25,3676.75,3696.75,2284235,206323
2022-10-20,3696.75,3748.0,3656.5,3662.0,2347400,206323
2022-10-21,3662.25,3773.25,3641.5,3772.0,2559771,206323
2022-10-23,3771.0,3813.25,3770.75,3786.5,64181,206323
2022-10-24,3786.5,3822.0,3736.5,3809.75,1999580,206323
2022-10-25,3809.75,3874.25,3790.0,3832.75,1814288,206323
2022-10-26,3832.75,3897.5,3824.25,3860.75,2012032,206323
2022-10-27,3860.5,3870.75,3757.5,3795.25,2153132,206323
2022-10-28,3795.25,3924.25,3776.75,3923.0,1960237,206323
2022-10-30,3911.5,3914.75,3901.75,3905.75,23280,206323
2022-10-31,3905.75,3910.75,3872.25,3888.5,1878413,206323
2022-11-01,3888.5,3928.0,3852.5,3865.25,1824712,206323
2022-11-02,3865.5,3907.0,3756.0,3759.25,2142728,206323
2022-11-03,3759.25,3782.5,3704.25,3721.0,1814766,206323
2022-11-04,3721.0,3805.5,3711.0,3772.75,2411299,206323
2022-11-06,3750.0,3756.5,3738.25,3751.75,16779,206323
2022-11-07,3751.5,3821.75,3750.5,3816.25,1431813,206323
2022-11-08,3816.5,3867.0,3792.75,3842.25,1815111,206323
2022-11-09,3842.25,3848.75,3750.0,3757.5,1825684,206323
2022-11-10,3757.5,3974.5,3751.5,3972.0,2301484,206323
2022-11-11,3972.0,4009.75,3951.0,3999.5,1832868,206323
2022-11-13,3984.0,3993.75,3979.5,3991.5,21841,206323
2022-11-14,3991.5,4017.5,3964.0,3974.0,1501517,206323
2022-11-15,3974.0,4050.75,3960.0,3996.0,2160859,206323
2022-11-16,3995.75,4015.75,3962.0,3977.0,1435649,206323
2022-11-17,3977.0,3990.25,3912.5,3953.5,1513925,206323
2022-11-18,3953.75,3994.0,3942.5,3971.5,1461789,206323
2022-11-20,3972.5,3982.0,3967.75,3969.25,9505,206323
2022-11-21,3969.25,3970.75,3937.5,3959.25,1133306,206323
2022-11-22,3959.5,4012.5,3945.25,4011.25,1110463,206323
2022-11-23,4011.0,4041.0,4002.0,4040.75,1228615,206323
2022-11-24,4041.0,4049.25,4037.25,4044.0,106477,206323
2022-11-25,4044.0,4045.75,4024.75,4034.25,452313,206323
2022-11-27,4020.25,4024.0,4016.0,4016.0,14240,206323
2022-11-28,4016.0,4018.5,3960.25,3971.5,1414905,206323
2022-11-29,3971.25,3990.25,3941.25,3958.5,1444592,206323
2022-11-30,3958.5,4096.0,3942.75,4091.0,2361875,206323
2022-12-01,4090.75,4110.0,4054.5,4078.0,1748026,206323
2022-12-02,4077.75,4085.5,4006.75,4066.75,1764304,206323
2022-12-04,4074.0,4075.75,4065.5,4071.0,11360,206323
2022-12-05,4071.0,4073.5,3987.25,4008.0,1417923,206323
2022-12-06,4008.25,4014.75,3921.5,3947.75,1772089,206323
2022-12-07,3947.75,3961.5,3914.0,3937.75,1655727,206323
2022-12-08,3937.75,3977.25,3916.0,3963.0,1481772,206323
2022-12-09,3962.75,3990.0,3930.0,3931.5,1095877,206323
2022-12-11,3933.0,3937.5,3924.75,3927.0,7356,206323
2022-12-12,3927.0,3992.75,3924.5,3990.25,513472,206323
2022-12-13,3990.5,4145.0,3985.0,4022.0,616347,206323
2022-12-14,4022.0,4073.0,3965.25,4005.0,338042,206323
2022-12-15,4004.75,4010.25,3878.5,3895.0,287506,206323
2022-12-16,3896.5,3904.25,3842.0,3868.75,17454,206323
2022-12-18,3874.0,3886.75,3872.75,3880.5,16109,206299
2022-12-19,3880.5,3899.0,3827.25,3851.0,1320759,206299
2022-12-20,3850.75,3866.5,3803.5,3862.5,1490619,206299
2022-12-21,3862.25,3918.75,3856.75,3911.5,1460404,206299
2022-12-22,3911.75,3919.75,3788.5,3848.5,1753605,206299
2022-12-23,3848.5,3872.5,3821.25,3868.25,1324915,206299
2022-12-26,3878.0,3895.25,3877.0,3893.75,12548,206299
2022-12-27,3893.75,3900.5,3837.25,3855.0,967168,206299
2022-12-28,3855.5,3875.0,3804.5,3812.0,1204864,206299
2022-12-29,3812.25,3882.75,3806.25,3866.0,1088994,206299
2022-12-30,3866.25,3870.0,3821.5,3868.0,1289905,206299
2023-01-02,3895.0,3900.0,3868.75,3871.5,25020,206299
2023-01-03,3871.25,3906.75,3814.5,3845.0,1695965,206299
2023-01-04,3845.0,3896.25,3836.5,3872.5,1861525,206299
2023-01-05,3872.75,3885.5,3822.5,3835.0,1633379,206299
2023-01-06,3835.0,3928.75,3819.0,3913.75,1931250,206299
2023-01-08,3918.5,3925.0,3918.0,3923.0,12124,206299
2023-01-09,3922.75,3973.25,3908.25,3911.0,1642507,206299
2023-01-10,3911.25,3943.75,3891.5,3942.5,1476688,206299
2023-01-11,3942.5,3992.5,3934.5,3988.25,1335725,206299
2023-01-12,3988.25,4021.5,3954.0,4004.5,2041447,206299
2023-01-13,4004.5,4024.25,3961.75,4019.0,1405796,206299
2023-01-15,4020.0,4022.25,4011.5,4013.5,7841,206299
2023-01-16,4013.5,4028.25,3996.75,4013.0,145696,206299
2023-01-17,4013.0,4035.25,3996.75,4000.5,1231678,206299
2023-01-18,4000.5,4033.5,3943.25,3946.5,1832848,206299
2023-01-19,3946.75,3947.0,3901.75,3918.0,1835293,206299
2023-01-20,3918.0,3990.5,3911.75,3988.0,1520544,206299
2023-01-22,3987.0,3990.0,3981.25,3983.25,9105,206299
2023-01-23,3983.25,4056.75,3980.25,4032.5,1526391,206299
2023-01-24,4032.5,4047.5,4005.25,4017.75,1459180,206299
2023-01-25,4017.75,4039.5,3963.25,4037.5,1681396,206299
2023-01-26,4037.75,4077.0,4027.25,4062.75,1559430,206299
2023-01-27,4062.5,4109.25,4057.25,4084.0,1518157,206299
2023-01-29,4077.0,4086.0,4074.0,4077.75,14062,206299
2023-01-30,4078.0,4082.5,4029.5,4043.5,1721943,206299
2023-01-31,4043.5,4091.25,4007.5,4081.0,1706495,206299
2023-02-01,4081.0,4163.25,4048.5,4150.25,1945546,206299
2023-02-02,4150.0,4208.5,4136.75,4165.0,2217577,206299
2023-02-03,4165.25,4194.0,4132.5,4146.0,2242770,206299
2023-02-05,4134.25,4143.0,4130.25,4140.25,20765,206299
2023-02-06,4140.25,4141.25,4104.0,4129.75,1498983,206299
2023-02-07,4129.75,4188.25,4098.25,4168.0,2127339,206299
2023-02-08,4168.0,4179.25,4121.25,4133.5,1729698,206299
2023-02-09,4133.75,4170.25,4078.25,4094.0,1779811,206299
2023-02-10,4094.25,4104.25,4060.75,4099.5,1687622,206299
2023-02-12,4105.0,4107.0,4087.5,4089.0,12394,206299
2023-02-13,4089.0,4150.75,4078.75,4148.25,1309914,206299
2023-02-14,4148.25,4186.5,4103.75,4139.0,2319347,206299
2023-02-15,4139.0,4161.75,4113.0,4159.0,1565911,206299
2023-02-16,4159.0,4168.5,4085.25,4087.75,2001115,206299
2023-02-17,4088.0,4093.5,4055.75,4085.75,1923370,206299
2023-02-19,4083.0,4085.75,4076.0,4079.0,8408,206299
2023-02-20,4079.25,4089.25,4073.25,4077.0,113411,206299
2023-02-21,4077.25,4077.25,4002.0,4010.25,1708646,206299
2023-02-22,4010.25,4025.0,3983.75,4010.0,1876546,206299
2023-02-23,4009.75,4034.25,3974.25,4012.25,1890450,206299
2023-02-24,4012.0,4023.25,3947.5,3974.5,1969957,206299
2023-02-26,3976.5,3980.75,3973.0,3979.5,9616,206299
2023-02-27,3979.25,4024.75,3974.75,3991.75,1580920,206299
2023-02-28,3991.5,4003.75,3961.75,3963.5,1776314,206299
2023-03-01,3963.75,3991.0,3943.0,3960.0,1966364,206299
2023-03-02,3960.0,3995.25,3925.0,3979.0,1779720,206299
2023-03-03,3979.0,4053.0,3974.0,4052.5,1551609,206299
2023-03-05,4049.25,4049.5,4041.75,4044.75,12414,206299
2023-03-06,4044.75,4082.5,4043.0,4054.75,1469207,206299
2023-03-07,4054.5,4064.5,3982.5,3991.25,2036485,206299
2023-03-08,3991.25,4003.25,3971.5,3994.5,1748387,206299
2023-03-09,3994.75,4019.75,3906.0,3912.0,2322392,206299
2023-03-10,3911.75,3941.75,3846.25,3879.0,2556081,206299
2023-03-12,3887.75,3927.75,3859.0,3907.5,138328,206299
2023-03-13,3907.25,3938.75,3808.75,3861.25,1472795,206299
2023-03-14,3861.0,3938.0,3855.25,3919.25,648511,206299
2023-03-15,3919.25,3931.0,3834.0,3890.0,419397,206299
2023-03-16,3889.75,3966.5,3863.25,3961.0,220789,206299
2023-03-17,3961.0,3974.0,3923.0,3957.25,15379,206299
2023-03-19,3963.75,3976.75,3952.5,3971.0,55356,95414
2023-03-20,3971.0,3989.5,3897.25,3984.75,1700119,95414
2023-03-21,3984.75,4043.25,3981.75,4037.75,1440301,95414
2023-03-22,4037.5,4073.75,3966.25,3975.25,1738342,95414
2023-03-23,3975.0,4039.5,3948.5,3984.5,2161066,95414
2023-03-24,3984.5,4010.75,3937.0,4010.5,1853516,95414
2023-03-26,4008.0,4027.25,4006.5,4024.0,28344,95414
2023-03-27,4024.25,4034.25,3997.5,4015.0,1227387,95414
2023-03-28,4015.0,4023.75,3980.75,4011.0,1192520,95414
2023-03-29,4011.25,4061.25,4010.5,4053.75,1326519,95414
2023-03-30,4053.75,4087.75,4052.5,4086.0,1281824,95414
2023-03-31,4085.75,4142.5,4078.0,4139.5,1543937,95414
2023-04-02,4127.0,4135.0,4125.25,4131.25,28287,95414
2023-04-03,4131.0,4157.75,4122.75,4150.25,1309512,95414
2023-04-04,4150.0,4171.75,4115.25,4133.75,1531454,95414
2023-04-05,4133.5,4135.5,4099.0,4113.5,1423886,95414
2023-04-06,4113.25,4135.25,4096.5,4128.25,1256979,95414
2023-04-07,4128.0,4146.75,4121.0,4141.5,65900,95414
2023-04-09,4139.0,4143.0,4134.0,4135.0,15583,95414
2023-04-10,4135.25,4142.5,4098.75,4142.25,1111383,95414
2023-04-11,4142.0,4151.75,4128.75,4139.5,1177955,95414
2023-04-12,4139.5,4177.75,4110.25,4111.5,1810458,95414
2023-04-13,4111.5,4177.0,4111.0,4170.25,1378823,95414
2023-04-14,4170.5,4189.0,4138.0,4171.75,1812089,95414
2023-04-16,4174.25,4174.75,4170.0,4172.0,11904,95414
2023-04-17,4171.75,4180.5,4148.0,4176.5,1254399,95414
2023-04-18,4176.5,4198.25,4164.5,4176.0,1370575,95414
2023-04-19,4175.75,4187.5,4150.5,4166.0,1256708,95414
2023-04-20,4166.25,4173.5,4137.0,4151.5,1713186,95414
2023-04-21,4151.25,4161.0,4135.25,4153.25,1577540,95414
2023-04-23,4150.0,4152.5,4148.5,4150.5,8922,95414
2023-04-24,4150.5,4164.25,4133.5,4156.0,1283900,95414
2023-04-25,4155.75,4158.25,4091.5,4111.25,1711756,95414
2023-04-26,4111.25,4115.5,4068.75,4085.25,1734217,95414
2023-04-27,4085.5,4166.5,4080.75,4148.75,1626925,95414
2023-04-28,4148.75,4193.75,4131.5,4190.75,1669283,95414
2023-04-30,4190.0,4191.25,4181.25,4182.5,16184,95414
2023-05-01,4182.25,4206.25,4176.5,4179.0,1188877,95414
2023-05-02,4179.0,4191.5,4105.5,4138.25,1941345,95414
2023-05-03,4138.25,4167.0,4075.5,4093.5,1638406,95414
2023-05-04,4093.5,4118.0,4062.25,4087.5,1918026,95414
2023-05-05,4087.5,4163.25,4083.0,4149.0,1470197,95414
2023-05-07,4151.0,4154.5,4146.0,4146.25,12651,95414
2023-05-08,4146.25,4161.0,4137.5,4150.5,990636,95414
2023-05-09,4150.25,4153.0,4131.0,4138.0,969088,95414
2023-05-10,4137.75,4173.25,4112.25,4157.0,1825897,95414
2023-05-11,4157.25,4168.5,4121.5,4146.0,1425694,95414
2023-05-12,4145.75,4164.5,4111.75,4132.0,1376823,95414
2023-05-14,4132.25,4133.5,4129.0,4132.25,8160,95414
2023-05-15,4132.0,4156.25,4123.0,4147.0,1139674,95414
2023-05-16,4146.75,4151.5,4120.0,4129.0,1287979,95414
2023-05-17,4129.0,4179.0,4122.0,4170.0,1504589,95414
2023-05-18,4169.75,4225.5,4161.25,4217.5,1682558,95414
2023-05-19,4217.5,4227.25,4191.5,4198.25,1586351,95414
2023-05-21,4189.0,4201.25,4186.5,4200.25,15537,95414
2023-05-22,4200.25,4221.75,4191.0,4216.75,1256676,95414
2023-05-23,4216.75,4222.75,4153.0,4164.25,1611798,95414
2023-05-24,4164.25,4166.25,4114.0,4144.5,1887048,95414
2023-05-25,4144.75,4175.5,4135.5,4152.5,1856686,95414
2023-05-26,4152.75,4221.25,4146.0,4219.25,1649543,95414
2023-05-28,4239.75,4243.25,4229.75,4230.75,22800,95414
2023-05-29,4230.75,4234.5,4220.25,4222.25,127709,95414
2023-05-30,4222.0,4243.0,4200.0,4216.25,1768064,95414
2023-05-31,4216.5,4217.25,4174.0,4196.25,2046125,95414
2023-06-01,4196.5,4239.75,4178.0,4230.25,1788989,95414
2023-06-02,4230.25,4297.75,4229.0,4288.75,1863997,95414
2023-06-04,4288.0,4292.75,4284.0,4284.75,17899,95414
2023-06-05,4285.0,4305.75,4273.0,4275.75,1587337,95414
2023-06-06,4276.0,4294.75,4268.5,4293.5,1481455,95414
2023-06-07,4293.5,4304.75,4269.25,4274.25,1801675,95414
2023-06-08,4274.25,4302.5,4262.75,4294.75,1454836,95414
2023-06-09,4294.75,4325.5,4284.0,4304.75,1411021,95414
2023-06-11,4306.5,4313.5,4305.25,4310.75,7235,95414
2023-06-12,4310.5,4348.25,4307.0,4344.25,526024,95414
2023-06-13,4344.25,4377.75,4335.75,4371.75,486513,95414
2023-06-14,4371.5,4394.75,4339.75,4376.0,315613,95414
2023-06-15,4376.25,4441.0,4350.0,4420.25,196934,95414
2023-06-16,4420.0,4453.25,4415.25,4452.5,15578,95414
2023-06-18,4458.0,4462.0,4457.0,4457.5,6758,3445
2023-06-19,4457.25,4460.75,4443.0,4446.75,142561,3445
2023-06-20,4446.5,4448.5,4410.5,4435.75,1337946,3445
2023-06-21,4435.75,4438.5,4403.5,4410.5,1398045,3445
2023-06-22,4410.5,4427.0,4393.0,4423.75,1322173,3445
2023-06-23,4423.75,4423.75,4381.5,4388.5,1454188,3445
2023-06-25,4390.0,4399.0,4387.5,4397.75,14496,3445
2023-06-26,4398.0,4403.0,4368.5,4379.25,1550671,3445
2023-06-27,4379.5,4424.75,4371.5,4411.0,1438839,3445
2023-06-28,4411.0,4430.25,4399.25,4426.25,1617074,3445
2023-06-29,4426.25,4439.0,4409.75,4437.25,1570291,3445
2023-06-30,4437.25,4498.0,4433.0,4482.5,1612699,3445
2023-07-02,4485.5,4491.75,4485.5,4489.25,13333,3445
2023-07-03,4489.5,4494.0,4479.5,4488.0,585332,3445
2023-07-04,4488.0,4493.75,4486.25,4489.25,78975,3445
2023-07-05,4489.25,4492.75,4466.25,4480.75,1054896,3445
2023-07-06,4480.5,4481.0,4419.5,4445.25,1658059,3445
2023-07-07,4445.25,4476.0,4431.5,4438.0,1606765,3445
2023-07-09,4437.5,4440.0,4430.5,4437.5,18792,3445
2023-07-10,4437.25,4448.25,4411.25,4446.0,1294495,3445
2023-07-11,4446.0,4478.5,4439.0,4472.25,1286691,3445
2023-07-12,4472.25,4523.75,4470.0,4512.5,1690213,3445
2023-07-13,4512.5,4551.5,4511.75,4540.5,1087519,3445
2023-07-14,4540.75,4560.5,4531.0,4535.25,1307919,3445
2023-07-16,4536.0,4536.25,4528.0,4529.25,11500,3445
2023-07-17,4529.25,4565.75,4528.25,4548.5,1002140,3445
2023-07-18,4548.5,4594.5,4544.75,4586.0,1220958,3445
2023-07-19,4585.75,4609.25,4581.0,4584.75,1475152,3445
2023-07-20,4584.75,4594.25,4557.25,4565.25,1445018,3445
2023-07-21,4565.5,4590.0,4561.75,4564.0,1362771,3445
2023-07-23,4564.25,4566.75,4560.0,4561.25,11836,3445
2023-07-24,4561.25,4592.5,4560.0,4584.75,1145079,3445
2023-07-25,4584.75,4608.75,4579.25,4594.75,1168421,3445
2023-07-26,4595.0,4610.75,4573.75,4597.0,1295306,3445
2023-07-27,4597.0,4634.5,4553.75,4566.0,1830534,3445
2023-07-28,4566.25,4616.5,4558.0,4607.0,1481026,3445
2023-07-30,4608.75,4618.0,4608.0,4612.25,17119,3445
2023-07-31,4612.25,4619.25,4595.25,4615.5,1221295,3445
2023-08-01,4615.75,4621.75,4572.0,4586.25,1174791,3445
2023-08-02,4586.5,4593.5,4527.75,4543.75,1811277,3445
2023-08-03,4543.5,4547.5,4505.75,4530.75,1702481,3445
2023-08-04,4530.75,4560.75,4493.75,4498.0,1933435,3445
2023-08-06,4500.5,4507.5,4500.5,4507.0,19306,3445
2023-08-07,4507.25,4541.75,4504.75,4538.5,1338758,3445
2023-08-08,4538.75,4539.5,4482.0,4516.5,1631018,3445
2023-08-09,4516.5,4536.25,4478.25,4497.0,1585622,3445
2023-08-10,4497.0,4544.75,4473.5,4491.25,2161628,3445
2023-08-11,4491.25,4496.25,4459.0,4484.25,1451659,3445
2023-08-13,4485.0,4491.5,4483.0,4489.0,11725,3445
2023-08-14,4489.25,4514.5,4465.0,4511.0,1239007,3445
2023-08-15,4510.75,4517.75,4447.0,4456.0,1425634,3445
2023-08-16,4456.25,4467.25,4417.0,4419.0,1444939,3445
2023-08-17,4418.75,4436.75,4375.25,4381.5,1566816,3445
2023-08-18,4381.5,4396.0,4350.0,4380.0,1627951,3445
2023-08-20,4382.5,4387.75,4381.75,4386.25,11578,3445
2023-08-21,4386.25,4421.0,4372.25,4405.75,1316624,3445
2023-08-22,4405.75,4440.0,4394.25,4400.75,1320877,3445
2023-08-23,4400.75,4476.25,4399.5,4469.5,1260462,3445
2023-08-24,4469.5,4485.5,4378.5,4387.75,1710508,3445
2023-08-25,4388.0,4429.0,4365.25,4413.25,1788051,3445
2023-08-27,4418.0,4424.75,4416.25,4421.5,10513,3445
2023-08-28,4421.5,4449.5,4414.5,4443.0,1222763,3445
2023-08-29,4443.0,4511.5,4433.5,4508.75,1375159,3445
2023-08-30,4508.75,4530.75,4496.25,4524.5,1339002,3445
2023-08-31,4524.75,4541.25,4512.75,4518.5,1336447,3445
2023-09-01,4518.5,4547.75,4507.25,4519.0,1347209,3445
2023-09-03,4521.25,4523.5,4517.5,4519.75,5819,3445
2023-09-04,4519.5,4531.25,4515.25,4520.0,123266,3445
2023-09-05,4519.75,4520.75,4499.0,4501.5,1207388,3445
2023-09-06,4501.5,4503.75,4447.0,4470.25,1525421,3445
2023-09-07,4470.25,4471.75,4434.25,4457.0,1442761,3445
2023-09-08,4457.0,4477.5,4443.0,4463.5,1073249,3445
2023-09-10,4463.5,4466.0,4460.75,4465.5,5184,3445
2023-09-11,4465.75,4493.5,4459.25,4485.5,553370,3445
2023-09-12,4485.5,4491.0,4458.75,4465.25,310471,3445
2023-09-13,4465.25,4481.0,4446.75,4473.75,234110,3445
2023-09-14,4474.0,4513.0,4473.0,4509.5,220205,3445
2023-09-15,4509.25,4517.75,4480.0,4482.75,21535,3445
2023-09-17,4499.5,4506.5,4498.25,4505.75,9990,314863
2023-09-18,4505.75,4514.5,4487.0,4503.75,1107344,314863
2023-09-19,4503.75,4509.5,4462.25,4492.25,1369329,314863
2023-09-20,4492.25,4508.0,4439.75,4440.5,1435478,314863
2023-09-21,4440.5,4444.25,4366.5,4369.75,1899144,314863
2023-09-22,4369.75,4399.0,4357.25,4362.75,1637632,314863
2023-09-24,4365.0,4370.5,4364.25,4367.0,12801,314863
2023-09-25,4367.0,4383.5,4338.25,4378.0,1492107,314863
2023-09-26,4378.0,4378.25,4305.5,4321.25,1683577,314863
2023-09-27,4321.25,4336.5,4277.0,4321.25,1892985,314863
2023-09-28,4321.25,4355.75,4301.0,4339.25,1944260,314863
2023-09-29,4339.25,4371.25,4311.0,4329.25,1995526,314863
2023-10-01,4349.0,4354.0,4337.75,4344.5,43131,314863
2023-10-02,4344.5,4355.5,4295.5,4325.5,1864145,314863
2023-10-03,4325.5,4335.75,4251.25,4265.5,2191103,314863
2023-10-04,4265.5,4304.0,4235.5,4291.75,2092300,314863
2023-10-05,4291.75,4302.0,4258.0,4286.0,1620984,314863
2023-10-06,4286.0,4358.5,4242.25,4345.25,2118538,314863
2023-10-08,4315.0,4319.0,4302.25,4312.75,48941,314863
2023-10-09,4312.5,4375.75,4299.5,4369.5,1380164,314863
2023-10-10,4369.5,4419.0,4366.25,4393.0,1557276,314863
2023-10-11,4392.75,4420.0,4377.25,4419.5,1437023,314863
2023-10-12,4419.5,4430.5,4355.5,4383.0,1827195,314863
2023-10-13,4383.0,4407.75,4340.75,4351.5,2085069,314863
2023-10-15,4356.75,4368.75,4356.75,4368.0,18591,314863
2023-10-16,4368.0,4414.25,4354.5,4402.25,1616095,314863
2023-10-17,4402.25,4423.25,4365.75,4392.0,1825243,314863
2023-10-18,4391.75,4399.0,4330.75,4344.0,2213063,314863
2023-10-19,4343.75,4366.5,4290.5,4295.0,2669678,314863
2023-10-20,4295.0,4304.25,4243.5,4244.5,2217242,314863
2023-10-22,4256.25,4261.5,4248.0,4261.25,24901,314863
2023-10-23,4261.0,4280.75,4213.25,4254.0,1892710,314863
2023-10-24,4254.0,4290.5,4242.0,4268.25,1766811,314863
2023-10-25,4268.25,4268.25,4186.5,4191.5,1939693,314863
2023-10-26,4191.5,4205.0,4146.25,4180.0,2325259,314863
2023-10-27,4179.75,4185.0,4122.25,4136.5,2098148,314863
2023-10-29,4148.0,4153.25,4143.5,4149.5,25805,314863
2023-10-30,4149.5,4197.5,4148.25,4182.0,1809888,314863
2023-10-31,4182.0,4215.0,4166.75,4202.5,1757641,314863
2023-11-01,4202.25,4267.25,4191.25,4266.25,1960468,314863
2023-11-02,4266.25,4339.75,4261.75,4327.75,1723705,314863
2023-11-03,4328.0,4391.75,4326.0,4378.5,1680315,314863
2023-11-05,4379.25,4383.75,4375.25,4377.0,11417,314863
2023-11-06,4377.0,4389.5,4364.25,4376.5,1283652,314863
2023-11-07,4376.5,4403.25,4366.0,4395.0,1314621,314863
2023-11-08,4395.0,4407.75,4375.0,4392.75,1319794,314863
2023-11-09,4392.75,4413.0,4357.25,4360.25,1908610,314863
2023-11-10,4360.0,4435.5,4354.25,4424.5,1663561,314863
2023-11-12,4425.75,4429.0,4419.75,4421.0,15556,314863
2023-11-13,4421.0,4436.75,4407.25,4427.75,1214918,314863
2023-11-14,4427.5,4524.25,4420.25,4516.5,1815519,314863
2023-11-15,4516.75,4541.25,4510.75,4516.5,1504228,314863
2023-11-16,4516.5,4529.5,4501.75,4524.25,1434404,314863
2023-11-17,4524.25,4539.5,4512.75,4523.75,1237398,314863
2023-11-19,4526.75,4529.0,4520.5,4524.5,14774,314863
2023-11-20,4524.5,4571.0,4520.0,4564.25,1139426,314863
2023-11-21,4564.0,4567.0,4536.75,4545.25,1052571,314863
2023-11-22,4545.25,4580.5,4545.25,4563.5,1347195,314863
2023-11-23,4563.25,4572.75,4562.0,4570.75,98095,314863
2023-11-24,4570.75,4574.0,4562.75,4568.25,431619,314863
2023-11-26,4568.5,4568.75,4561.0,4562.0,10350,314863
2023-11-27,4562.0,4570.0,4552.0,4564.0,1053895,314863
2023-11-28,4564.0,4577.25,4547.0,4564.25,1382467,314863
2023-11-29,4564.0,4597.0,4555.5,4562.5,1535338,314863
2023-11-30,4562.75,4579.5,4544.75,4573.0,1949244,314863
2023-12-01,4572.75,4607.75,4562.5,4604.0,1809039,314863
2023-12-03,4603.25,4604.5,4597.5,4597.75,17155,314863
2023-12-04,4598.0,4598.25,4553.5,4569.75,1714872,314863
2023-12-05,4569.75,4585.5,4555.5,4578.0,1778673,314863
2023-12-06,4577.75,4598.5,4552.0,4555.25,1715382,314863
2023-12-07,4555.25,4596.0,4548.75,4584.5,1596445,314863
2023-12-08,4584.75,4613.75,4561.75,4607.25,1419861,314863
2023-12-10,4607.75,4614.25,4607.25,4611.5,6287,314863
2023-12-11,4611.0,4627.25,4599.5,4625.5,463414,314863
2023-12-12,4625.5,4652.75,4610.5,4652.0,326006,314863
2023-12-13,4651.75,4717.5,4645.0,4717.0,323554,314863
2023-12-14,4716.75,4739.25,4694.25,4719.25,234159,314863
2023-12-15,4719.25,4736.5,4708.5,4713.25,13970,314863
2023-12-17,4770.5,4774.25,4769.5,4774.25,9035,17077
2023-12-18,4774.25,4802.25,4771.0,4791.0,1072655,17077
2023-12-19,4790.75,4821.5,4787.75,4817.5,1063184,17077
2023-12-20,4817.5,4830.75,4743.25,4759.25,1631212,17077
2023-12-21,4759.0,4798.25,4755.5,4793.25,1620148,17077
2023-12-22,4793.25,4821.75,4784.75,4799.25,1252745,17077
2023-12-25,4800.25,4811.75,4800.25,4810.0,9892,17077
2023-12-26,4810.0,4834.5,4806.0,4826.75,621564,17077
2023-12-27,4826.75,4836.5,4816.5,4834.5,949720,17077
2023-12-28,4834.5,4841.5,4828.0,4835.25,848985,17077
2023-12-29,4835.25,4841.0,4796.75,4812.75,1125099,17077
2024-01-01,4818.0,4822.5,4815.75,4821.0,13302,17077
2024-01-02,4820.75,4828.0,4765.5,4788.5,1540059,17077
2024-01-03,4788.75,4789.25,4741.0,4750.0,1588808,17077
2024-01-04,4749.75,4766.5,4727.0,4734.0,1299127,17077
2024-01-05,4734.0,4760.25,4702.0,4735.5,1658282,17077
2024-01-07,4735.75,4741.5,4733.5,4739.0,8937,17077
2024-01-08,4738.75,4803.25,4715.25,4797.25,1336419,17077
2024-01-09,4797.25,4804.0,4767.5,4792.0,1296097,17077
2024-01-10,4792.25,4828.5,4786.0,4821.25,1301622,17077
2024-01-11,4821.25,4838.0,4772.75,4811.0,1742417,17077
2024-01-12,4811.0,4836.5,4791.5,4811.25,1450519,17077
2024-01-14,4812.0,4813.0,4806.5,4810.25,7246,17077
2024-01-15,4810.25,4823.0,4806.75,4808.5,155965,17077
2024-01-16,4808.5,4815.75,4779.5,4800.25,1674154,17077
2024-01-17,4800.0,4800.25,4746.25,4769.75,1601483,17077
2024-01-18,4769.75,4817.0,4763.5,4814.75,1660706,17077
2024-01-19,4814.5,4874.25,4809.25,4869.75,1749038,17077
2024-01-21,4872.5,4879.25,4872.5,4874.5,11266,17077
2024-01-22,4874.5,4898.25,4873.5,4881.25,1255802,17077
2024-01-23,4881.25,4905.5,4874.25,4904.5,1087621,17077
2024-01-24,4904.5,4933.25,4889.0,4899.5,1505254,17077
2024-01-25,4899.25,4926.5,4893.25,4913.75,1461158,17077
2024-01-26,4913.75,4934.25,4898.5,4912.75,1262357,17077
2024-01-28,4908.75,4910.25,4901.75,4904.25,13884,17077
2024-01-29,4904.25,4956.0,4903.5,4952.75,1130561,17077
2024-01-30,4952.5,4957.25,4927.0,4929.75,1087441,17077
2024-01-31,4929.75,4938.0,4866.0,4876.75,2151868,17077
2024-02-01,4876.75,4963.75,4873.75,4954.0,1742397,17077
2024-02-02,4954.25,4997.75,4925.75,4972.75,1842754,17077
2024-02-04,4976.0,4980.75,4973.0,4976.75,10888,17077
2024-02-05,4976.5,4980.0,4937.75,4958.0,1400417,17077
2024-02-06,4957.75,4978.25,4954.5,4973.25,1219511,17077
2024-02-07,4973.25,5020.0,4970.0,5013.75,1265727,17077
2024-02-08,5013.5,5020.0,5003.75,5015.25,950955,17077
2024-02-09,5015.25,5048.5,5013.0,5042.0,1136330,17077
2024-02-11,5042.5,5043.75,5038.75,5042.5,7707,17077
2024-02-12,5042.25,5066.5,5031.5,5035.25,1077827,17077
2024-02-13,5035.5,5040.0,4936.5,4972.5,2008539,17077
2024-02-14,4972.5,5022.5,4968.75,5018.5,1548387,17077
2024-02-15,5018.5,5051.75,5011.0,5048.25,1304471,17077
2024-02-16,5048.25,5059.25,5012.75,5014.5,1450440,17077
2024-02-18,5016.5,5025.5,5016.25,5024.5,8461,17077
2024-02-19,5024.5,5029.5,5013.25,5015.5,117356,17077
2024-02-20,5015.5,5017.75,4968.25,4988.5,1422162,17077
2024-02-21,4988.5,5023.0,4959.0,5021.5,1414925,17077
2024-02-22,5021.5,5107.75,5020.75,5099.0,1651212,17077
2024-02-23,5098.75,5123.5,5092.0,5094.75,1277865,17077
2024-02-25,5095.0,5101.25,5092.75,5099.25,8730,17077
2024-02-26,5099.0,5108.0,5075.75,5079.5,1032902,17077
2024-02-27,5079.5,5093.0,5067.0,5087.25,977018,17077
2024-02-28,5087.5,5091.0,5063.25,5071.0,1135788,17077
2024-02-29,5070.75,5114.5,5060.0,5097.5,1705426,17077
2024-03-01,5097.25,5149.25,5089.25,5138.75,1492386,17077
2024-03-03,5142.0,5146.0,5140.25,5141.75,9394,17077
2024-03-04,5141.75,5157.75,5129.25,5130.75,1149495,17077
2024-03-05,5130.75,5134.5,5063.0,5088.0,1767421,17077
2024-03-06,5088.0,5134.5,5083.75,5108.75,1874083,17077
2024-03-07,5108.75,5170.5,5086.5,5159.75,1592419,17077
2024-03-08,5159.5,5193.0,5121.75,5132.0,2045295,17077
2024-03-10,5132.5,5132.5,5118.25,5129.5,19302,17077
2024-03-11,5129.25,5137.0,5094.75,5136.5,701655,17077
2024-03-12,5136.25,5183.0,5112.75,5179.5,481614,17077
2024-03-13,5179.5,5183.75,5153.0,5174.0,226168,17077
2024-03-14,5174.0,5189.5,5124.25,5151.25,215698,17077
2024-03-15,5150.75,5167.0,5114.0,5116.25,18048,17077
2024-03-17,5185.75,5191.5,5182.5,5185.75,11962,5602
2024-03-18,5185.75,5240.25,5181.75,5210.0,1307863,5602
2024-03-19,5210.25,5244.75,5186.0,5238.5,1312988,5602
2024-03-20,5238.5,5304.75,5233.0,5302.75,1331437,5602
2024-03-21,5302.5,5322.75,5299.0,5310.0,1238793,5602
2024-03-22,5309.75,5311.75,5287.75,5289.75,1036408,5602
2024-03-24,5290.5,5293.25,5287.25,5293.0,15842,5602
2024-03-25,5293.0,5295.0,5272.5,5283.75,843916,5602
2024-03-26,5283.75,5300.5,5263.0,5275.5,1025490,5602
2024-03-27,5275.5,5313.75,5270.75,5303.5,1376918,5602
2024-03-28,5303.25,5321.0,5301.0,5304.25,1114127,5602
2024-03-31,5314.25,5333.5,5312.0,5332.5,23669,5602
2024-04-01,5332.25,5332.5,5282.25,5289.5,1056919,5602
2024-04-02,5289.5,5296.0,5235.0,5258.5,1345067,5602
2024-04-03,5258.5,5284.75,5244.5,5278.75,1328921,5602
2024-04-04,5278.5,5308.5,5192.5,5200.75,1841042,5602
2024-04-05,5200.75,5272.5,5191.5,5255.75,1814828,5602
2024-04-07,5263.25,5269.25,5255.5,5258.75,17491,5602
2024-04-08,5259.25,5268.75,5236.5,5255.25,1103519,5602
2024-04-09,5255.0,5274.25,5208.25,5262.0,1593965,5602
2024-04-10,5262.0,5285.0,5176.5,5196.25,2288366,5602
2024-04-11,5196.25,5257.5,5173.5,5244.5,1686984,5602
2024-04-12,5244.75,5248.75,5150.0,5166.5,1897283,5602
2024-04-14,5166.5,5187.75,5164.25,5183.0,51710,5602
2024-04-15,5183.25,5213.25,5094.0,5102.75,2123791,5602
2024-04-16,5103.0,5123.25,5078.75,5106.5,2030610,5602
2024-04-17,5106.5,5120.5,5047.0,5066.25,1870484,5602
2024-04-18,5066.5,5095.25,5036.25,5040.0,1655931,5602
2024-04-19,5040.0,5058.0,4963.5,5003.5,2247411,5602
2024-04-21,5014.25,5022.75,5009.25,5021.75,31079,5602
2024-04-22,5021.5,5076.75,5006.0,5046.0,1508015,5602
2024-04-23,5046.0,5119.75,5039.0,5116.25,1313237,5602
2024-04-24,5116.25,5128.75,5070.0,5075.0,1458070,5602
2024-04-25,5075.0,5134.75,5022.25,5119.5,1833348,5602
2024-04-26,5119.5,5146.5,5104.5,5131.75,1365591,5602
2024-04-28,5140.25,5141.75,5135.0,5141.75,12291,5602
2024-04-29,5141.75,5154.25,5118.75,5144.75,1124829,5602
2024-04-30,5144.75,5145.5,5048.5,5057.75,1597569,5602
2024-05-01,5058.0,5126.75,5037.75,5066.75,1894946,5602
2024-05-02,5066.75,5118.0,5036.25,5106.75,1511154,5602
2024-05-03,5107.0,5166.75,5099.25,5161.5,1521919,5602
2024-05-05,5166.75,5169.75,5158.75,5159.25,10791,5602
2024-05-06,5159.5,5208.0,5155.75,5205.5,973668,5602
2024-05-07,5205.5,5226.75,5202.25,5214.0,1064267,5602
2024-05-08,5214.25,5218.0,5188.75,5210.25,968597,5602
2024-05-09,5210.25,5246.0,5195.0,5243.5,1054445,5602
2024-05-10,5243.5,5264.0,5232.75,5241.5,1048390,5602
2024-05-12,5240.5,5244.25,5239.75,5242.75,6781,5602
2024-05-13,5243.0,5264.0,5233.25,5244.25,889828,5602
2024-05-14,5244.5,5274.25,5216.75,5271.5,1191077,5602
2024-05-15,5271.5,5339.5,5266.25,5337.75,1336723,5602
2024-05-16,5337.75,5349.0,5315.5,5320.0,1160340,5602
2024-05-17,5320.0,5328.75,5305.75,5327.75,980885,5602
2024-05-19,5329.25,5336.5,5329.0,5335.25,10147,5602
2024-05-20,5335.5,5348.25,5323.75,5331.5,979243,5602
2024-05-21,5331.5,5347.5,5322.5,5346.5,943214,5602
2024-05-22,5346.5,5349.25,5306.75,5341.0,1202180,5602
2024-05-23,5341.25,5368.25,5273.5,5287.75,1927198,5602
2024-05-24,5287.5,5329.25,5286.0,5320.75,1185222,5602
2024-05-26,5321.75,5324.25,5315.25,5315.75,6477,5602
2024-05-27,5316.0,5335.0,5312.5,5326.0,88384,5602
2024-05-28,5326.0,5339.0,5296.75,5318.75,1251128,5602
2024-05-29,5319.0,5320.0,5262.75,5266.75,1389035,5602
2024-05-30,5266.75,5277.0,5238.25,5243.0,1398272,5602
2024-05-31,5242.75,5307.0,5205.5,5299.25,2276689,5602
2024-06-02,5299.5,5304.25,5290.25,5302.25,24570,5602
2024-06-03,5302.0,5313.25,5246.75,5296.75,1715092,5602
2024-06-04,5296.75,5312.5,5262.0,5311.5,1634650,5602
2024-06-05,5311.25,5372.75,5305.5,5369.75,1368497,5602
2024-06-06,5369.75,5373.25,5345.25,5364.25,1171798,5602
2024-06-07,5364.25,5385.5,5329.0,5353.5,1490355,5602
2024-06-09,5351.5,5360.5,5348.25,5353.25,13167,5602
2024-06-10,5353.5,5375.75,5338.25,5366.25,1125395,5602
2024-06-11,5366.25,5387.5,5334.5,5384.75,1319694,5602
2024-06-12,5384.75,5454.5,5381.25,5436.0,1714197,5602
2024-06-13,5436.0,5452.75,5408.5,5438.0,1324847,5602
2024-06-14,5437.75,5443.0,5397.75,5435.75,1082210,5602
2024-06-16,5435.5,5439.75,5432.0,5437.25,3973,5602
2024-06-17,5437.5,5494.0,5424.75,5485.0,442967,5602
2024-06-18,5484.5,5498.0,5473.5,5495.5,210134,5602
2024-06-19,5495.5,5498.0,5490.75,5494.5,19106,5602
2024-06-20,5494.25,5518.5,5458.5,5479.0,208985,5602
2024-06-21,5479.0,5483.75,5460.5,5464.0,8161,5602
2024-06-23,5538.5,5539.75,5536.25,5536.75,7331,118
2024-06-24,5536.75,5558.5,5510.25,5519.25,1339600,118
2024-06-25,5519.25,5539.75,5511.0,5534.0,1071820,118
2024-06-26,5534.25,5551.75,5516.25,5525.25,1129471,118
2024-06-27,5525.25,5555.0,5515.75,5554.75,1159281,118
2024-06-28,5555.0,5585.0,5510.75,5532.25,1708218,118
2024-06-30,5534.25,5536.5,5527.75,5529.25,21035,118
2024-07-01,5529.5,5541.0,5504.5,5528.75,1338388,118
2024-07-02,5529.0,5569.75,5502.75,5562.0,1240388,118
2024-07-03,5562.25,5595.75,5559.75,5590.75,733378,118
2024-07-04,5590.75,5597.0,5585.25,5588.25,90411,118
2024-07-05,5588.25,5626.0,5585.0,5615.0,1059644,118
2024-07-07,5612.0,5618.0,5611.0,5612.75,8992,118
2024-07-08,5612.5,5638.75,5610.75,5638.5,915798,118
2024-07-09,5638.5,5645.75,5628.25,5633.75,1003905,118
2024-07-10,5633.5,5690.5,5630.75,5683.5,1112263,118
2024-07-11,5683.5,5707.75,5630.0,5637.25,1900194,118
2024-07-12,5637.5,5708.25,5621.25,5667.5,1584123,118
2024-07-14,5681.0,5683.25,5665.5,5672.0,21324,118
2024-07-15,5672.25,5718.75,5666.0,5692.25,1622434,118
2024-07-16,5692.25,5721.25,5673.0,5712.75,1422166,118
2024-07-17,5713.0,5714.25,5631.75,5649.0,1972681,118
2024-07-18,5649.0,5664.0,5570.25,5601.75,2431845,118
2024-07-19,5601.75,5607.5,5542.0,5552.75,2007187,118
2024-07-21,5564.5,5574.0,5557.25,5572.0,24848,118
2024-07-22,5572.25,5616.0,5553.5,5605.5,1599739,118
2024-07-23,5605.5,5629.75,5573.5,5575.0,1346400,118
2024-07-24,5575.0,5583.25,5462.0,5484.5,2041670,118
2024-07-25,5484.25,5533.25,5432.5,5451.5,2795607,118
2024-07-26,5451.25,5528.25,5450.5,5499.25,1873763,118
2024-07-28,5496.5,5514.75,5496.25,5512.75,16505,118
2024-07-29,5512.75,5534.5,5481.0,5488.75,1639858,118
2024-07-30,5488.5,5527.5,5433.0,5480.5,2000303,118
2024-07-31,5480.25,5590.0,5475.5,5587.5,2014544,118
2024-08-01,5587.75,5600.75,5444.75,5461.0,2673442,118
2024-08-02,5461.0,5464.5,5331.75,5358.0,3094680,118
2024-08-04,5330.0,5345.5,5313.0,5324.0,56410,118
2024-08-05,5324.0,5324.5,5120.0,5273.75,3249079,118
2024-08-06,5274.0,5342.0,5221.75,5243.5,2071475,118
2024-08-07,5243.5,5359.25,5182.0,5202.25,2154927,118
2024-08-08,5202.0,5362.75,5198.25,5357.75,1801280,118
2024-08-09,5357.5,5385.25,5319.5,5365.0,1328574,118
2024-08-11,5364.25,5375.5,5350.25,5370.5,21503,118
2024-08-12,5370.25,5396.75,5347.75,5372.5,1152116,118
2024-08-13,5372.5,5461.25,5367.5,5457.75,1196488,118
2024-08-14,5457.5,5487.75,5438.75,5474.75,1245023,118
2024-08-15,5474.5,5579.0,5471.75,5574.5,1351511,118
2024-08-16,5574.5,5586.25,5536.5,5580.25,1046930,118
2024-08-18,5584.0,5593.75,5581.0,5585.5,21418,118
2024-08-19,5585.5,5633.25,5565.25,5628.5,916688,118
2024-08-20,5628.75,5643.75,5607.75,5619.75,971032,118
2024-08-21,5619.75,5655.25,5613.5,5645.25,1011157,118
2024-08-22,5645.0,5665.25,5582.75,5604.5,1328958,118
2024-08-23,5604.75,5662.25,5602.75,5650.75,1338049,118
2024-08-25,5650.5,5659.25,5640.25,5646.5,16928,118
2024-08-26,5646.5,5669.0,5619.75,5632.0,1050101,118
2024-08-27,5632.0,5649.5,5611.5,5635.75,969951,118
2024-08-28,5635.75,5650.5,5561.25,5572.0,1321345,118
2024-08-29,5572.0,5663.75,5571.5,5615.0,1489670,118
2024-08-30,5615.0,5665.0,5594.25,5656.5,1445816,118
2024-09-01,5656.25,5660.5,5652.0,5653.0,6837,118
2024-09-02,5653.0,5669.75,5638.0,5654.25,113563,118
2024-09-03,5654.25,5666.25,5516.75,5532.75,1705864,118
2024-09-04,5532.5,5565.0,5506.75,5523.25,1682732,118
2024-09-05,5523.25,5557.25,5490.0,5510.0,1666149,118
2024-09-06,5510.0,5532.5,5394.0,5403.75,2249124,118
2024-09-08,5410.0,5420.5,5405.25,5417.75,27034,118
2024-09-09,5418.0,5493.0,5417.25,5486.75,1503643,118
2024-09-10,5486.5,5506.0,5448.25,5497.25,1450341,118
2024-09-11,5497.5,5567.5,5412.0,5556.75,2147191,118
2024-09-12,5556.75,5608.5,5540.25,5605.5,1516992,118
2024-09-13,5605.75,5641.5,5599.25,5626.75,1033964,118
2024-09-15,5622.75,5634.25,5622.5,5633.0,9902,118
2024-09-16,5633.0,5641.5,5609.25,5635.0,454587,118
2024-09-17,5635.0,5675.5,5617.0,5644.25,391229,118
2024-09-18,5644.25,5696.25,5613.75,5659.25,294338,118
2024-09-19,5659.0,5737.5,5639.5,5710.25,239300,118
2024-09-20,5710.0,5714.25,5699.25,5702.5,10311,118
2024-09-22,5762.0,5767.75,5755.5,5767.25,10034,183748
2024-09-23,5767.25,5784.5,5745.25,5772.75,1009644,183748
2024-09-24,5772.75,5794.5,5754.75,5792.0,1112688,183748
2024-09-25,5792.0,5798.75,5768.0,5789.0,975822,183748
2024-09-26,5789.0,5830.0,5778.25,5805.0,1277266,183748
2024-09-27,5805.25,5821.5,5782.0,5785.75,1170984,183748
2024-09-29,5784.0,5801.75,5779.0,5800.0,17241,183748
2024-09-30,5800.0,5820.25,5756.25,5808.25,1347861,183748
2024-10-01,5808.5,5822.5,5733.0,5750.75,1862014,183748
2024-10-02,5751.0,5773.25,5724.0,5769.25,1179155,183748
2024-10-03,5769.5,5770.0,5725.75,5749.25,1364729,183748
2024-10-04,5749.0,5804.75,5742.0,5795.5,1365949,183748
2024-10-06,5802.0,5808.0,5799.5,5802.0,17423,183748
2024-10-07,5802.0,5805.75,5725.25,5744.25,1154843,183748
2024-10-08,5744.5,5806.75,5736.25,5795.5,1058365,183748
2024-10-09,5795.75,5846.5,5780.75,5838.75,1056733,183748
2024-10-10,5839.0,5844.0,5811.5,5835.5,1057363,183748
2024-10-11,5835.25,5868.25,5816.0,5853.25,948927,183748
2024-10-13,5854.5,5860.25,5852.0,5855.5,11073,183748
2024-10-14,5855.5,5918.5,5850.0,5912.75,839280,183748
2024-10-15,5913.0,5915.5,5850.0,5863.0,1276720,183748
2024-10-16,5863.25,5892.75,5853.25,5879.0,884344,183748
2024-10-17,5878.75,5927.25,5871.25,5891.75,1163479,183748
2024-10-18,5891.5,5915.5,5876.25,5907.5,873901,183748
2024-10-20,5911.5,5915.5,5910.75,5913.5,6718,183748
2024-10-21,5913.75,5914.75,5865.0,5895.75,1018799,183748
2024-10-22,5895.75,5904.25,5861.25,5890.0,997520,183748
2024-10-23,5890.25,5893.75,5801.0,5842.75,1404130,183748
2024-10-24,5842.75,5870.0,5822.5,5850.5,1116780,183748
2024-10-25,5850.75,5900.75,5835.0,5841.5,1287207,183748
2024-10-27,5857.0,5875.0,5857.0,5870.5,22357,183748
2024-10-28,5870.75,5884.5,5858.5,5861.25,971225,183748
2024-10-29,5861.5,5887.5,5837.5,5884.25,1138550,183748
2024-10-30,5884.5,5893.0,5831.5,5831.75,1303889,183748
2024-10-31,5831.75,5838.25,5733.25,5742.5,1850659,183748
2024-11-01,5742.75,5803.75,5732.5,5759.25,1498675,183748
2024-11-03,5741.75,5755.75,5740.0,5749.75,21652,183748
2024-11-04,5750.0,5776.5,5724.25,5743.0,1259387,183748
2024-11-05,5742.75,5824.5,5735.0,5816.0,1143241,183748
2024-11-06,5815.75,5967.0,5815.25,5956.75,1898420,183748
2024-11-07,5957.0,6013.0,5951.0,6007.25,1207020,183748
2024-11-08,6007.25,6040.5,5990.25,6023.5,1053101,183748
2024-11-10,6030.0,6038.5,6029.5,6037.5,12982,183748
2024-11-11,6037.5,6053.25,6013.5,6027.75,1004672,183748
2024-11-12,6028.0,6036.5,5986.75,6008.0,1328206,183748
2024-11-13,6008.25,6035.25,5991.75,6020.25,1357569,183748
2024-11-14,6020.25,6025.25,5964.25,5967.25,1473770,183748
2024-11-15,5967.0,5968.0,5876.75,5900.0,1829888,183748
2024-11-17,5899.75,5904.5,5891.75,5904.25,16538,183748
2024-11-18,5904.5,5933.0,5886.5,5916.75,1247951,183748
2024-11-19,5916.75,5947.5,5855.0,5945.0,1535728,183748
2024-11-20,5945.25,5957.75,5880.0,5940.0,1512747,183748
2024-11-21,5940.25,5985.0,5905.25,5964.25,1775861,183748
2024-11-22,5964.25,5993.5,5940.75,5991.0,1452776,183748
2024-11-24,6006.0,6011.0,6005.5,6008.75,15765,183748
2024-11-25,6009.0,6040.0,5982.5,5994.0,1538485,183748
2024-11-26,5994.25,6044.0,5976.25,6040.5,1240326,183748
2024-11-27,6040.5,6047.0,6000.25,6020.0,1080953,183748
2024-11-28,6020.0,6032.5,6019.75,6029.75,99203,183748
2024-11-29,6030.0,6060.0,6018.0,6051.5,681412,183748
2024-12-01,6051.5,6054.5,6044.0,6045.5,11860,183748
2024-12-02,6045.75,6068.5,6036.0,6063.5,923326,183748
2024-12-03,6063.5,6070.75,6047.5,6069.25,921814,183748
2024-12-04,6069.25,6102.25,6065.0,6094.0,1042536,183748
2024-12-05,6094.0,6107.25,6079.5,6084.25,1036748,183748
2024-12-06,6084.5,6111.0,6076.0,6096.75,1063427,183748
2024-12-08,6096.25,6103.0,6095.25,6101.5,7827,183748
2024-12-09,6101.25,6105.75,6060.0,6062.0,1257409,183748
2024-12-10,6061.75,6075.25,6039.75,6051.25,1241216,183748
2024-12-11,6051.25,6102.5,6045.5,6086.75,1164358,183748
2024-12-12,6086.5,6087.75,6055.5,6065.25,1327499,183748
2024-12-13,6065.5,6085.25,6041.25,6051.25,1150065,183748
2024-12-15,6055.5,6058.75,6051.5,6056.75,4946,183748
2024-12-16,6057.0,6090.5,6056.0,6073.5,448960,183748
2024-12-17,6073.5,6079.25,6040.0,6049.75,335496,183748
2024-12-18,6049.75,6074.5,5840.0,5876.0,375104,183748
2024-12-19,5876.0,5938.0,5865.5,5869.75,244003,183748
2024-12-20,5871.5,5873.5,5800.75,5840.75,20098,183748
2024-12-22,6001.75,6026.0,6001.75,6021.0,15787,5002
2024-12-23,6021.25,6043.0,5965.0,6036.0,1292807,5002
2024-12-24,6036.25,6099.5,6030.0,6099.0,574730,5002
2024-12-25,6099.25,6102.5,6095.75,6097.75,6526,5002
2024-12-26,6097.5,6107.5,6063.25,6095.0,837058,5002
2024-12-27,6095.25,6095.25,5982.75,6029.25,1537421,5002
2024-12-29,6028.75,6036.25,6017.5,6024.75,10837,5002
2024-12-30,6024.75,6027.25,5918.25,5953.25,1491580,5002
2024-12-31,5953.5,5983.25,5917.25,5938.25,1257692,5002
2025-01-01,5949.25,5955.5,5933.5,5939.25,15385,5002
2025-01-02,5939.25,5995.25,5874.75,5914.75,1714061,5002
2025-01-03,5914.5,5996.75,5913.25,5985.25,1137383,5002
2025-01-05,5994.5,5996.0,5986.0,5990.75,8159,5002
2025-01-06,5991.0,6068.25,5980.75,6025.75,1457592,5002
2025-01-07,6025.5,6045.5,5935.0,5958.25,1687118,5002
2025-01-08,5958.0,5975.0,5917.0,5949.25,1697190,5002
2025-01-09,5949.5,5957.0,5926.25,5930.5,122770,5002
2025-01-10,5930.75,5959.25,5845.25,5861.5,1991390,5002
2025-01-12,5864.5,5867.5,5848.0,5860.0,18210,5002
2025-01-13,5859.75,5901.25,5809.0,5892.5,1696271,5002
2025-01-14,5892.25,5918.5,5842.5,5886.5,1770022,5002
2025-01-15,5886.5,6001.25,5879.5,5994.25,1556673,5002
2025-01-16,5994.25,6017.5,5961.75,5974.5,1509025,5002
2025-01-17,5974.25,6051.5,5972.0,6032.5,1318686,5002
2025-01-19,6032.25,6038.5,6020.0,6023.5,10125,5002
2025-01-20,6023.5,6078.25,6018.0,6068.0,275904,5002
2025-01-21,6068.25,6099.25,5994.5,6096.5,1374556,5002
2025-01-22,6096.5,6135.75,6095.25,6116.0,1152516,5002
2025-01-23,6116.25,6154.0,6101.5,6148.0,1062086,5002
2025-01-24,6148.0,6162.25,6122.0,6132.0,1180705,5002
2025-01-26,6102.25,6105.25,6099.0,6103.25,30882,5002
2025-01-27,6103.25,6104.0,5948.0,6052.5,2283205,5002
2025-01-28,6052.5,6105.5,6023.5,6087.75,1503399,5002
2025-01-29,6087.75,6111.5,6042.25,6068.75,1508717,5002
2025-01-30,6068.75,6116.25,6056.5,6109.25,1537576,5002
2025-01-31,6109.25,6147.75,6057.75,6065.5,1753527,5002
2025-02-02,5982.25,5982.5,5942.0,5968.0,89581,5002
2025-02-03,5967.75,6069.0,5935.5,6057.0,2161300,5002
2025-02-04,6056.75,6068.75,5987.0,6042.25,1270321,5002
2025-02-05,6042.5,6092.0,6020.25,6090.0,1141686,5002
2025-02-06,6090.0,6108.5,6070.0,6100.25,1113634,5002
2025-02-07,6100.25,6123.25,6041.25,6050.0,1606224,5002
2025-02-09,6016.0,6061.25,6014.0,6059.5,29048,5002
2025-02-10,6059.5,6096.0,6057.25,6077.0,943862,5002
2025-02-11,6077.0,6098.75,6057.75,6092.75,981306,5002
2025-02-12,6092.5,6098.0,6020.75,6084.0,1482958,5002
2025-02-13,6084.0,6138.0,6053.5,6133.75,1445892,5002
2025-02-14,6134.0,6146.75,6121.25,6134.0,956312,5002
2025-02-16,6138.25,6139.5,6131.0,6134.75,6826,5002
2025-02-17,6134.5,6147.25,6133.0,6141.5,97570,5002
2025-02-18,6141.25,6157.75,6118.25,6149.5,1048416,5002
2025-02-19,6149.5,6166.5,6129.25,6155.25,1026652,5002
2025-02-20,6155.0,6157.5,6102.75,6137.5,1337524,5002
2025-02-21,6137.25,6142.5,6024.5,6029.75,1821723,5002
2025-02-23,6040.75,6052.5,6034.0,6050.25,24236,5002
2025-02-24,6050.5,6067.5,5994.5,5999.0,1725281,5002
2025-02-25,5999.25,6016.0,5924.0,5985.5,2141454,5002
2025-02-26,5985.5,6023.75,5945.5,5978.5,1862312,5002
2025-02-27,5978.25,6014.5,5873.0,5887.5,2497425,5002
2025-02-28,5887.5,5971.0,5848.0,5958.0,2651577,5002
2025-03-02,5967.5,5984.5,5964.25,5974.25,24096,5002
2025-03-03,5974.5,6000.5,5821.75,5870.25,2516679,5002
2025-03-04,5870.25,5884.0,5744.0,5834.0,3233493,5002
2025-03-05,5834.25,5869.5,5750.75,5845.25,2208818,5002
2025-03-06,5845.0,5850.0,5720.0,5764.75,2473309,5002
2025-03-07,5765.0,5791.0,5673.0,5771.75,2223173,5002
2025-03-09,5753.0,5756.25,5710.5,5733.25,53719,5002
2025-03-10,5733.5,5757.75,5571.5,5602.0,2437157,5002
2025-03-11,5602.25,5651.75,5534.0,5593.5,2461297,5002
2025-03-12,5593.5,5675.0,5550.25,5620.5,1848451,5002
2025-03-13,5620.5,5623.0,5509.25,5552.75,1886230,5002
2025-03-14,5553.0,5648.75,5547.5,5628.75,1527708,5002
2025-03-16,5626.75,5632.0,5602.5,5608.5,30078,5002
2025-03-17,5608.75,5707.5,5599.0,5679.5,723022,5002
2025-03-18,5679.75,5683.25,5600.0,5621.25,412431,5002
2025-03-19,5621.25,5718.5,5606.25,5696.25,285688,5002
2025-03-20,5696.0,5714.25,5631.5,5665.0,184424,5002
2025-03-21,5664.75,5674.25,5597.5,5615.0,13451,5002
2025-03-23,5740.0,5754.5,5739.0,5752.5,34273,4916
2025-03-24,5752.5,5825.5,5750.75,5811.5,1313485,4916
2025-03-25,5811.75,5837.25,5802.25,5832.75,1015486,4916
2025-03-26,5832.5,5836.5,5730.0,5747.25,1436530,4916
2025-03-27,5747.25,5779.75,5720.0,5736.0,1488615,4916
2025-03-28,5736.0,5747.75,5602.25,5602.5,1814650,4916
2025-03-30,5590.0,5600.0,5580.25,5593.0,44957,4916
2025-03-31,5592.75,5672.75,5533.75,5635.75,2080504,4916
2025-04-01,5635.5,5695.75,5600.25,5682.75,1802655,4916
2025-04-02,5682.75,5773.25,5481.0,5512.0,2071140,4916
2025-04-03,5512.25,5564.75,5407.5,5422.25,2271412,4916
2025-04-04,5422.5,5435.0,5074.0,5096.75,3416811,4916
2025-04-06,5007.0,5007.0,4832.0,4913.75,166223,4916
2025-04-07,4914.25,5286.5,4842.5,5148.25,3367201,4916
2025-04-08,5148.0,5305.25,4927.25,4956.75,2347788,4916
2025-04-09,4956.5,5528.75,4871.75,5514.75,2846541,4916
2025-04-10,5514.25,5518.0,5146.75,5274.5,2380002,4916
2025-04-11,5274.25,5418.25,5206.0,5395.75,1640161,4916
2025-04-13,5452.5,5474.75,5410.0,5429.75,41164,4916
2025-04-14,5430.0,5497.75,5391.0,5421.5,1215822,4916
2025-04-15,5421.25,5485.0,5375.0,5386.25,1117691,4916
2025-04-16,5386.25,5425.0,5251.0,5307.75,1481978,4916
2025-04-17,5307.75,5371.25,5285.5,5326.5,1275548,4916
2025-04-20,5283.75,5306.75,5279.0,5293.0,18404,4916
2025-04-21,5292.75,5303.25,5127.25,5205.25,1137301,4916
2025-04-22,5205.5,5424.0,5198.0,5412.5,1553356,4916
2025-04-23,5412.75,5499.75,5378.0,5412.0,1696676,4916
2025-04-24,5411.75,5541.5,5355.25,5528.25,1346417,4916
2025-04-25,5528.25,5562.25,5480.25,5552.5,1250235,4916
2025-04-27,5544.0,5547.5,5527.0,5530.75,15099,4916
2025-04-28,5531.0,5578.75,5492.0,5555.25,1128575,4916
2025-04-29,5555.0,5597.25,5521.5,5571.5,1164602,4916
2025-04-30,5571.5,5639.25,5455.5,5634.25,1732258,4916
2025-05-01,5634.5,5682.5,5601.0,5611.75,1290358,4916
2025-05-02,5611.75,5724.75,5605.5,5710.5,1301859,4916
2025-05-04,5705.0,5705.25,5671.0,5678.0,18489,4916
2025-05-05,5678.25,5706.25,5655.25,5666.5,941889,4916
2025-05-06,5666.5,5689.75,5605.0,5671.75,1289441,4916
2025-05-07,5671.5,5681.5,5596.0,5645.75,1286509,4916
2025-05-08,5646.0,5741.0,5641.25,5679.5,1354857,4916
2025-05-09,5679.0,5715.25,5662.5,5684.0,972791,4916
2025-05-11,5761.0,5768.5,5734.25,5745.75,39919,4916
2025-05-12,5745.5,5876.25,5743.5,5856.75,1643390,4916
2025-05-13,5856.75,5927.0,5835.75,5907.75,1261275,4916
2025-05-14,5907.5,5925.0,5890.0,5896.75,1142944,4916
2025-05-15,5896.5,5944.5,5867.0,5936.0,1219819,4916
2025-05-16,5936.0,5977.5,5923.0,5948.5,1065834,4916
2025-05-18,5930.25,5948.0,5920.0,5940.5,23889,4916
2025-05-19,5940.75,5993.5,5892.75,5987.25,1179552,4916
2025-05-20,5987.0,5991.0,5926.75,5955.0,1058501,4916
2025-05-21,5955.0,5958.25,5847.75,5860.5,1468313,4916
2025-05-22,5860.75,5895.0,5828.75,5859.5,1353317,4916
2025-05-23,5859.75,5871.5,5756.5,5814.75,1448161,4916
2025-05-25,5820.0,5876.75,5813.0,5865.5,29737,4916
2025-05-26,5865.5,5895.0,5861.5,5879.0,120008,4916
2025-05-27,5879.0,5941.75,5862.5,5937.5,1085637,4916
2025-05-28,5937.25,5997.5,5890.0,5991.75,1185350,4916
2025-05-29,5992.0,6008.0,5884.0,5904.5,1314153,4916
2025-05-30,5904.5,5932.75,5853.25,5913.75,1534039,4916
2025-06-01,5898.75,5909.25,5893.25,5898.75,15850,4916
2025-06-02,5899.0,5955.5,5867.5,5935.0,1149242,4916
2025-06-03,5935.25,5991.25,5909.25,5983.5,1101779,4916
2025-06-04,5983.5,5999.0,5972.25,5974.0,1047402,4916
2025-06-05,5974.25,6016.5,5928.75,5947.0,1518432,4916
2025-06-06,5946.75,6025.0,5946.75,6010.0,1197561,4916
2025-06-08,6010.0,6015.75,5995.0,6003.0,14568,4916
2025-06-09,6003.25,6027.75,5992.25,6013.5,821394,4916
2025-06-10,6013.5,6052.25,5991.25,6041.5,1013167,4916
2025-06-11,6041.5,6074.75,6006.25,6018.5,1467356,4916
2025-06-12,6018.75,6051.25,5987.75,6014.5,1143708,4916
2025-06-13,6014.5,6029.75,5927.5,5978.25,1499392,4916
2025-06-15,5949.0,5990.5,5944.0,5988.25,24087,4916
2025-06-16,5988.0,6055.25,5982.75,5999.25,537189,4916
2025-06-17,5999.25,6027.0,5964.75,5971.0,263404,4916
2025-06-18,5971.25,6020.75,5971.0,5981.0,184155,4916
2025-06-19,5981.5,5981.75,5918.25,5964.0,27665,4916
2025-06-20,5965.25,6019.25,5955.0,6009.25,10420,4916
2025-06-22,5964.0,6007.75,5959.0,5999.25,42569,14160
2025-06-23,5999.25,6113.0,5989.0,6108.5,1292867,14160
2025-06-24,6109.0,6155.25,6099.25,6146.0,973972,14160
2025-06-25,6146.25,6160.25,6130.75,6146.5,858516,14160
2025-06-26,6146.75,6205.25,6144.5,6196.5,965443,14160
2025-06-27,6196.75,6239.0,6183.25,6220.75,1254063,14160
2025-06-29,6223.25,6245.0,6223.25,6238.0,24661,14160
2025-06-30,6238.0,6265.5,6224.25,6250.0,1238704,14160
2025-07-01,6250.25,6261.5,6227.25,6252.0,1261367,14160
2025-07-02,6252.0,6279.5,6235.5,6277.5,982852,14160
2025-07-03,6277.5,6333.25,6270.5,6315.25,682175,14160
2025-07-04,6315.25,6318.5,6276.5,6283.5,113116,14160
2025-07-06,6307.75,6313.0,6295.5,6301.25,18116,14160
2025-07-07,6301.25,6315.0,6246.25,6268.25,1189729,14160
2025-07-08,6268.25,6289.0,6262.5,6270.5,1023168,14160
2025-07-09,6270.25,6315.25,6260.0,6303.5,1093868,14160
2025-07-10,6303.25,6335.5,6287.5,6329.75,888248,14160
2025-07-11,6329.75,6329.75,6276.75,6294.0,1040059,14160
2025-07-13,6274.0,6280.5,6263.0,6275.5,27334,14160
2025-07-14,6275.5,6315.0,6259.75,6304.0,859239,14160
2025-07-15,6304.0,6343.0,6264.25,6272.5,1237724,14160
2025-07-16,6272.5,6308.75,6241.0,6293.0,1405088,14160
2025-07-17,6293.25,6350.75,6288.25,6349.25,981689,14160
2025-07-18,6349.25,6357.0,6323.25,6335.25,967630,14160
2025-07-20,6335.75,6343.0,6329.75,6342.75,10819,14160
2025-07-21,6342.75,6374.0,6338.75,6348.25,888003,14160
2025-07-22,6348.0,6364.25,6318.75,6362.0,1105579,14160
2025-07-23,6362.0,6407.25,6349.0,6404.0,1139688,14160
2025-07-24,6403.75,6418.25,6391.5,6411.25,1020315,14160
2025-07-25,6411.25,6431.0,6401.0,6428.25,764701,14160
2025-07-27,6450.0,6455.0,6442.75,6447.75,20954,14160
2025-07-28,6447.75,6457.75,6408.75,6428.25,899970,14160
2025-07-29,6428.25,6442.5,6396.25,6407.75,1076047,14160
2025-07-30,6407.75,6446.75,6366.75,6442.5,1247133,14160
2025-07-31,6442.25,6468.5,6350.25,6362.75,1756804,14160
2025-08-01,6362.5,6372.5,6239.5,6263.25,2175971,14160
2025-08-03,6257.0,6272.5,6251.25,6271.25,25368,14160
2025-08-04,6271.25,6371.75,6269.75,6364.0,1211388,14160
2025-08-05,6364.0,6377.5,6313.25,6316.75,1361712,14160
2025-08-06,6316.5,6387.5,6316.0,6380.5,1171380,14160
2025-08-07,6380.25,6426.75,6334.5,6377.0,1383685,14160
2025-08-08,6376.75,6425.75,6369.25,6425.25,1122527,14160
2025-08-10,6422.75,6425.5,6413.0,6414.75,14281,14160
2025-08-11,6414.75,6431.5,6387.5,6398.75,1026841,14160
2025-08-12,6398.75,6474.75,6391.25,6471.25,1224636,14160
2025-08-13,6471.25,6502.5,6461.0,6487.25,1051543,14160
2025-08-14,6487.5,6496.0,6453.25,6490.5,1141131,14160
2025-08-15,6490.75,6508.75,6461.5,6467.25,1045118,14160
2025-08-17,6467.0,6482.75,6466.25,6480.5,10255,14160
2025-08-18,6480.5,6484.25,6456.0,6471.5,824775,14160
2025-08-19,6471.5,6476.25,6419.25,6427.25,1172619,14160
2025-08-20,6427.5,6430.75,6362.75,6411.25,1523721,14160
2025-08-21,6411.0,6419.0,6370.25,6398.25,1154765,14160
2025-08-22,6398.0,6496.25,6364.0,6484.75,1340441,14160
2025-08-24,6493.0,6494.0,6479.0,6483.0,11274,14160
2025-08-25,6483.25,6487.25,6453.0,6460.0,896069,14160
2025-08-26,6459.75,6488.75,6430.75,6486.25,1043533,14160
2025-08-27,6486.5,6505.5,6459.25,6476.0,920433,14160
2025-08-28,6475.75,6523.0,6471.0,6514.25,1094254,14160
2025-08-29,6514.0,6516.75,6455.5,6474.0,1265078,14160
2025-08-31,6478.75,6489.75,6474.25,6488.25,9982,14160
2025-09-01,6488.25,6491.5,6459.5,6469.75,118987,14160
2025-09-02,6470.0,6476.25,6371.75,6435.0,1620300,14160
2025-09-03,6434.75,6464.25,6425.5,6455.75,1377851,14160
2025-09-04,6455.75,6518.0,6454.5,6515.75,1116614,14160
2025-09-05,6515.75,6541.75,6452.0,6488.75,1626134,14160
2025-09-07,6483.75,6506.0,6480.25,6505.0,21592,14160
2025-09-08,6505.0,6516.5,6490.25,6509.5,1095135,14160
2025-09-09,6509.75,6537.25,6489.25,6529.75,1118003,14160
2025-09-10,6529.75,6565.25,6522.5,6545.5,1282564,14160
2025-09-11,6545.5,6600.0,6535.5,6593.0,1131156,14160
2025-09-12,6593.0,6606.0,6576.0,6588.5,938395,14160
2025-09-14,6588.25,6592.5,6586.25,6588.0,4429,14160
2025-09-15,6588.25,6623.5,6585.25,6620.25,431638,14160
2025-09-16,6620.25,6639.0,6604.25,6615.25,224622,14160
2025-09-17,6615.25,6629.0,6554.0,6625.25,249190,14160
2025-09-18,6625.75,6662.0,6613.0,6645.5,131559,14160
2025-09-19,6645.75,6660.75,6622.75,6657.25,7216,14160
2025-09-21,6716.0,6721.25,6712.25,6714.75,9365,294973
2025-09-22,6714.75,6756.75,6695.25,6751.0,1015814,294973
2025-09-23,6751.0,6756.5,6701.75,6717.75,1209511,294973
2025-09-24,6717.75,6728.75,6678.0,6698.5,1186879,294973
2025-09-25,6698.25,6705.25,6624.25,6659.0,1638904,294973
2025-09-26,6658.75,6703.75,6653.25,6697.75,1263922,294973
2025-09-28,6697.0,6707.5,6696.75,6705.75,11334,294973
2025-09-29,6705.75,6736.0,6696.25,6711.25,1136394,294973
2025-09-30,6711.25,6743.5,6693.0,6723.5,1435330,294973
2025-10-01,6723.5,6769.5,6680.0,6759.5,1243185,294973
2025-10-02,6759.75,6782.25,6741.5,6769.25,1133056,294973
2025-10-03,6769.25,6800.0,6754.0,6763.0,1301087,294973
2025-10-05,6768.0,6783.5,6767.0,6778.5,14964,294973
2025-10-06,6778.5,6797.75,6766.5,6778.5,1040364,294973
2025-10-07,6778.25,6802.75,6747.25,6759.5,1369805,294973
2025-10-08,6759.25,6812.25,6758.25,6809.0,1000420,294973
2025-10-09,6808.75,6809.5,6760.75,6789.25,1315031,294973
2025-10-10,6789.25,6806.5,6540.25,6552.0,2446126,294973
2025-10-12,6632.0,6675.25,6632.0,6668.25,80440,294973
2025-10-13,6668.25,6711.5,6653.25,6691.25,1650597,294973
2025-10-14,6691.25,6722.5,6593.25,6689.0,2092977,294973
2025-10-15,6689.0,6766.75,6651.5,6715.0,1941717,294973
2025-10-16,6714.75,6750.5,6632.0,6651.25,2165253,294973
2025-10-17,6651.25,6718.0,6571.25,6711.0,1980044,294973
2025-10-19,6721.0,6726.0,6701.5,6705.75,20492,294973
2025-10-20,6705.5,6783.0,6694.0,6778.0,1132226,294973
2025-10-21,6778.0,6789.75,6759.25,6769.75,1248364,294973
2025-10-22,6769.75,6788.75,6690.75,6727.0,1844839,294973
2025-10-23,6727.0,6785.75,6717.5,6780.75,1311915,294973
2025-10-24,6781.0,6841.25,6776.75,6825.25,1195487,294973
2025-10-26,6881.0,6890.0,6865.75,6870.75,34533,294973
2025-10-27,6870.75,6917.75,6867.5,6911.0,1110651,294973
2025-10-28,6910.75,6944.75,6901.5,6927.75,1156288,294973
2025-10-29,6928.0,6952.0,6882.25,6922.25,1476271,294973
2025-10-30,6922.5,6953.75,6851.0,6898.5,1758749,294973
2025-10-31,6898.75,6918.5,6843.5,6872.25,1668468,294973
2025-11-02,6878.0,6895.0,6876.75,6892.5,13253,294973
2025-11-03,6892.5,6909.5,6849.5,6876.25,1293701,294973
2025-11-04,6876.25,6876.25,6786.25,6793.25,1631367,294973
2025-11-05,6793.5,6857.75,6748.5,6834.75,1400514,294973
2025-11-06,6834.75,6843.5,6733.5,6765.0,1771496,294973
2025-11-07,6765.0,6772.0,6655.5,6765.0,2030006,294973
2025-11-09,6788.0,6795.5,6778.25,6785.25,19015,294973
2025-11-10,6785.0,6865.75,6772.0,6862.25,1513466,294973
2025-11-11,6862.25,6880.0,6830.5,6871.25,1302786,294973
2025-11-12,6871.5,6900.5,6851.25,6858.25,1354622,294973
2025-11-13,6858.5,6892.5,6746.0,6767.0,1994998,294973
2025-11-14,6766.75,6795.5,6670.5,6765.25,2015436,294973
2025-11-16,6764.75,6770.5,6740.5,6766.75,17691,294973
2025-11-17,6766.5,6801.5,6658.5,6701.5,1815781,294973
2025-11-18,6701.5,6708.75,6594.0,6641.75,2457750,294973
2025-11-19,6641.75,6732.75,6613.25,6732.0,1987432,294973
2025-11-20,6731.75,6791.25,6539.25,6566.0,2887079,294973
2025-11-21,6565.75,6677.5,6525.0,6631.5,2456881,294973
2025-11-23,6654.75,6666.5,6650.0,6653.25,15534,294973
2025-11-24,6653.25,6731.75,6625.0,6722.25,1549497,294973
2025-11-25,6722.0,6792.5,6674.5,6783.25,1567341,294973
2025-11-26,6783.75,6846.75,6780.25,6829.25,1380098,294973
2025-11-27,6829.25,6836.75,6824.25,6836.5,82664,294973
2025-11-28,6836.5,6863.75,6831.25,6857.25,317026,294973
2025-11-30,6854.75,6864.5,6848.5,6853.0,15184,294973
2025-12-01,6853.0,6855.75,6802.0,6825.0,1400983,294973
2025-12-02,6825.0,6863.5,6812.25,6845.75,1390236,294973
2025-12-03,6846.0,6873.25,6817.5,6863.5,1247340,294973
2025-12-04,6863.5,6880.75,6836.25,6863.75,1267670,294973
2025-12-05,6863.5,6905.0,6856.75,6879.5,1248935,294973
2025-12-07,6883.0,6886.25,6877.25,6881.0,6434,294973
2025-12-08,6881.25,6893.75,6835.25,6868.5,1152039,294973
2025-12-09,6868.25,6872.75,6844.0,6846.5,924019,294973
2025-12-10,6846.5,6908.0,6830.75,6882.75,1344751,294973
2025-12-11,6882.75,6928.75,6817.5,6904.0,1514167,294973
2025-12-12,6904.0,6913.5,6805.0,6833.5,1798185,294973
2025-12-14,6831.0,6838.0,6818.75,6833.0,7606,294973
2025-12-15,6833.0,6872.5,6806.25,6817.5,585183,294973
2025-12-16,6817.5,6833.75,6762.0,6790.25,351453,294973
2025-12-17,6790.0,6826.75,6723.75,6730.0,205808,294973
2025-12-18,6730.25,6818.5,6720.25,6777.5,201681,294973
2025-12-19,6777.75,6802.75,6768.75,6798.0,7950,294973
2025-12-21,6906.25,6910.0,6900.75,6906.0,9602,42140878
2025-12-22,6906.25,6936.25,6900.5,6930.75,927832,42140878
2025-12-23,6931.0,6963.75,6913.25,6957.0,821067,42140878
2025-12-24,6957.25,6988.0,6952.5,6980.0,417633,42140878
2025-12-25,6979.5,6990.0,6979.5,6984.75,5496,42140878
2025-12-26,6984.5,6994.0,6969.0,6977.0,585336,42140878
2025-12-28,6980.5,6983.5,6976.75,6979.5,5369,42140878
2025-12-29,6979.5,6984.75,6936.0,6951.0,835557,42140878
2025-12-30,6951.0,6961.5,6939.0,6942.5,727835,42140878
2025-12-31,6942.25,6951.5,6890.25,6893.75,906056,42140878
2026-01-01,6902.0,6905.0,6897.0,6902.75,9964,42140878
2026-01-02,6902.75,6939.75,6866.75,6900.5,1497748,42140878
2026-01-04,6911.5,6911.5,6899.5,6907.0,15544,42140878
2026-01-05,6907.25,6963.5,6902.5,6941.75,1187487,42140878
2026-01-06,6941.75,6991.5,6931.0,6987.0,1132409,42140878
2026-01-07,6987.0,7006.75,6958.0,6964.5,1187556,42140878
2026-01-08,6964.5,6977.75,6935.25,6964.0,1255354,42140878
2026-01-09,6964.0,7017.5,6954.25,7004.0,1267070,42140878
2026-01-11,7007.0,7008.5,6992.0,6998.25,12596,42140878
2026-01-12,6998.0,7025.25,6950.0,7006.0,1001326,42140878
2026-01-13,7005.75,7036.25,6976.75,6997.75,1314676,42140878
2026-01-14,6997.75,7002.5,6923.25,6959.75,1678422,42140878
2026-01-15,6959.75,7017.25,6952.5,6989.75,1229973,42140878
2026-01-16,6989.5,7007.0,6960.5,6977.75,1198829,42140878
2026-01-18,6918.25,6935.0,6911.0,6933.5,31370,42140878
2026-01-19,6933.25,6934.0,6887.5,6907.0,281354,42140878
2026-01-20,6907.25,6913.5,6822.25,6832.25,2009998,42140878
2026-01-21,6832.25,6945.25,6814.5,6924.25,2127010,42140878
2026-01-22,6924.25,6969.0,6911.25,6941.25,1276618,42140878
2026-01-23,6941.0,6964.0,6924.75,6933.75,1161828,42140878
2026-01-25,6904.0,6916.5,6879.0,6914.25,23692,42140878
2026-01-26,6914.5,6995.5,6911.5,6981.25,992286,42140878
2026-01-27,6981.25,7018.5,6977.5,7012.75,917600,42140878
2026-01-28,7012.75,7043.0,6977.25,6996.0,1158188,42140878
2026-01-29,6996.0,7029.5,6898.25,6986.5,1885744,42140878
2026-01-30,6986.5,6991.25,6917.5,6961.25,1931212,42140878
2026-02-01,6938.5,6952.5,6918.25,6946.5,36145,42140878
2026-02-02,6946.5,7022.25,6864.5,7015.25,1408177,42140878
2026-02-03,7015.25,7027.25,6886.25,6942.5,1873837,42140878
2026-02-04,6942.75,6965.75,6862.5,6918.5,2072194,42140878
2026-02-05,6918.25,6935.25,6763.75,6771.25,2046876,42140878
2026-02-06,6771.25,6965.5,6751.5,6945.75,1691978,42140878
2026-02-08,6960.25,6978.0,6959.0,6973.0,17111,42140878
2026-02-09,6972.75,7000.5,6921.0,6978.75,1130726,42140878
2026-02-10,6978.75,7006.5,6957.0,6974.75,1133060,42140878
2026-02-11,6974.75,7011.5,6931.0,6957.5,1454980,42140878
2026-02-12,6957.25,6992.75,6842.0,6860.75,2001416,42140878
2026-02-13,6860.5,6897.75,6808.75,6845.25,1702553,42140878
2026-02-15,6852.5,6861.5,6844.25,6860.5,9848,42140878
2026-02-16,6860.5,6885.5,6841.0,6864.25,181574,42140878
2026-02-17,6864.5,6883.75,6791.0,6850.25,1594270,42140878
2026-02-18,6850.25,6925.75,6849.5,6894.75,1279347,42140878
2026-02-19,6894.75,6912.5,6847.75,6880.0,1234142,42140878
2026-02-20,6880.25,6931.5,6847.25,6924.75,1728629,42140878
2026-02-22,6918.0,6923.0,6900.25,6906.25,16713,42140878
2026-02-23,6906.0,6930.25,6832.75,6857.25,1401516,42140878
2026-02-24,6857.25,6912.75,6828.5,6904.25,1272439,42140878
2026-02-25,6904.25,6983.75,6892.25,6948.5,1010664,42140878
2026-02-26,6948.5,6970.75,6870.75,6892.5,1487931,42140878
2026-02-27,6892.5,6915.5,6841.5,6875.25,1554294,42140878
2026-03-01,6820.0,6838.5,6811.25,6816.75,54116,42140878
2026-03-02,6817.0,6911.25,6768.5,6877.0,1729638,42140878
2026-03-03,6877.0,6879.75,6718.75,6810.5,2186773,42140878
2026-03-04,6811.0,6894.0,6773.5,6885.5,1490231,42140878
2026-03-05,6885.25,6900.75,6777.0,6841.0,1822786,42140878
2026-03-06,6841.0,6854.0,6715.75,6740.0,1808773,42140878
2026-03-08,6685.5,6693.0,6612.0,6628.25,93499,42140878
2026-03-09,6628.5,6818.5,6584.5,6771.75,2102130,42140878
2026-03-10,6771.75,6852.0,6762.5,6797.0,1786303,42140878
2026-03-11,6797.25,6822.5,6715.25,6729.25,1546207,42140878
2026-03-12,6729.0,6760.75,6671.75,6680.25,1798541,42140878
2026-03-13,6680.0,6737.5,6625.0,6625.25,1719538,42140878
2026-03-15,6608.5,6663.0,6608.5,6649.0,41974,42140878
2026-03-16,6649.25,6734.25,6648.5,6701.75,761977,42140878
2026-03-17,6701.5,6757.5,6665.25,6714.75,236528,42140878
2026-03-18,6715.0,6762.25,6604.0,6619.75,207768,42140878
2026-03-19,6620.0,6644.5,6561.75,6621.5,224151,42140878
2026-03-20,6621.5,6635.0,6558.0,6593.5,12366,42140878
2026-03-22,6510.0,6562.0,6505.0,6539.5,58918,42140864
2026-03-23,6539.75,6748.0,6483.5,6645.0,2025803,42140864
2026-03-24,6645.0,6680.5,6573.5,6651.0,1863818,42140864
2026-03-25,6651.25,6684.75,6616.5,6629.75,1628454,42140864
2026-03-26,6630.0,6647.0,6517.0,6551.5,1593985,42140864
2026-03-27,6551.5,6568.5,6389.0,6398.0,1786421,42140864
2026-03-29,6380.0,6388.25,6363.0,6367.75,45318,42140864
2026-03-30,6367.75,6481.75,6359.5,6373.0,1674112,42140864
2026-03-31,6373.0,6592.0,6353.25,6589.75,2233498,42140864
2026-04-01,6589.25,6653.75,6575.5,6614.75,1673042,42140864
2026-04-02,6614.75,6644.5,6503.75,6623.75,1885118,42140864
2026-04-03,6624.0,6639.0,6598.25,6603.75,64604,42140864
2026-04-05,6590.0,6590.0,6567.0,6587.5,31805,42140864
2026-04-06,6587.5,6661.0,6586.5,6641.75,1043723,42140864
2026-04-07,6641.5,6818.75,6572.75,6804.25,2087885,42140864
2026-04-08,6804.25,6847.25,6780.0,6812.75,1957887,42140864
2026-04-09,6812.75,6876.0,6792.5,6856.0,1514680,42140864
2026-04-10,6856.0,6888.0,6846.25,6863.75,1210132,42140864
2026-04-12,6780.0,6794.5,6767.0,6784.25,54117,42140864
2026-04-13,6784.5,6931.75,6777.25,6925.75,1430878,42140864
2026-04-14,6925.75,7013.75,6920.25,7008.75,1241015,42140864
2026-04-15,7008.5,7070.0,6991.75,7069.0,1289740,42140864
2026-04-16,7069.0,7089.0,7046.5,7083.5,1288912,42140864
2026-04-17,7083.5,7185.75,7075.25,7164.25,1653202,42140864
2026-04-19,7102.5,7116.0,7085.0,7106.5,51719,42140864
2026-04-20,7106.75,7160.75,7101.5,7155.0,1251038,42140864
2026-04-21,7155.0,7183.0,7085.0,7131.0,1751867,42140864
2026-04-22,7131.25,7173.0,7128.5,7162.75,1124723,42140864
2026-04-23,7162.5,7181.5,7079.25,7153.25,1794253,42140864
2026-04-24,7153.5,7200.5,7135.5,7195.5,1366499,42140864
2026-04-26,7185.0,7191.0,7171.5,7178.5,20365,42140864
2026-04-27,7178.75,7221.75,7177.0,7217.25,1022090,42140864
2026-04-28,7217.25,7223.25,7146.25,7179.5,1304330,42140864
2026-04-29,7179.5,7196.5,7131.25,7192.75,1359723,42140864
2026-04-30,7192.75,7263.5,7133.75,7252.75,1598826,42140864
2026-05-01,7252.75,7300.75,7240.75,7247.75,1187043,42140864
2026-05-03,7276.25,7279.75,7259.25,7261.75,18894,42140864
2026-05-04,7261.75,7274.5,7199.5,7227.0,1521563,42140864
2026-05-05,7227.25,7320.0,7223.75,7314.25,1093204,42140864
2026-05-06,7314.25,7395.75,7299.25,7379.75,1507776,42140864
2026-05-07,7379.75,7410.5,7336.25,7362.75,1689049,42140864
2026-05-08,7363.0,7427.75,7363.0,7420.5,1182434,42140864
2026-05-10,7403.5,7409.75,7390.5,7402.75,25239,42140864
2026-05-11,7402.75,7454.75,7397.0,7438.75,1159566,42140864
2026-05-12,7438.5,7438.75,7363.25,7412.0,1550876,42140864
2026-05-13,7411.75,7483.75,7399.0,7480.5,1218099,42140864
2026-05-14,7480.25,7540.0,7471.0,7521.0,1296466,42140864
2026-05-15,7520.75,7526.5,7409.25,7418.0,1817182,42140864
2026-05-17,7410.0,7435.0,7397.75,7411.25,41290,42140864
2026-05-18,7411.0,7454.25,7373.5,7429.25,1896302,42140864
2026-05-19,7429.25,7440.75,7354.25,7382.0,1737498,42140864
2026-05-20,7381.5,7458.0,7356.0,7420.75,1516545,42140864
2026-05-21,7420.5,7486.75,7408.5,7479.5,1677684,42140864
2026-05-22,7479.75,7524.0,7469.5,7484.25,1156920,42140864
2026-05-24,7519.0,7544.0,7517.0,7537.25,29245,42140864
2026-05-25,7537.5,7569.75,7535.0,7547.5,201565,42140864
2026-05-26,7547.75,7555.25,7517.0,7543.5,1121803,42140864
2026-05-27,7543.5,7570.75,7515.0,7534.5,1230698,42140864
2026-05-28,7534.25,7592.5,7505.75,7585.25,1164687,42140864
2026-05-29,7585.0,7611.5,7572.75,7590.75,1439279,42140864
2026-05-31,7595.0,7606.5,7585.25,7605.25,18060,42140864
2026-06-01,7605.25,7632.25,7576.25,7595.75,1314834,42140864
2026-06-02,7595.75,7632.0,7576.5,7624.5,1032929,42140864
2026-06-03,7624.5,7627.0,7529.0,7534.5,1283430,42140864
2026-06-04,7534.25,7611.5,7524.5,7573.5,1144998,42140864
2026-06-05,7573.5,7578.75,7359.0,7368.0,2212447,42140864
2026-06-07,7368.0,7404.25,7355.5,7400.5,56923,42140864
2026-06-08,7400.0,7476.75,7384.25,7410.5,1688333,42140864
2026-06-09,7410.0,7491.0,7247.25,7378.75,2369759,42140864
2026-06-10,7378.75,7404.75,7232.25,7249.5,1732864,42140864
2026-06-11,7250.0,7420.0,7245.75,7415.0,1829092,42140864
2026-06-12,7415.0,7461.75,7366.5,7436.25,1164074,42140864
2026-06-14,7480.0,7504.5,7480.0,7496.5,22015,42140864
2026-06-15,7496.5,7584.5,7494.0,7555.75,561673,42140864
2026-06-16,7555.5,7570.5,7509.75,7523.75,180131,42140864
2026-06-17,7524.0,7544.5,7405.0,7470.75,192131,42140864
2026-06-18,7472.0,7514.5,7463.5,7513.25,10559,42140864
2026-06-19,7565.5,7568.5,7520.5,7556.25,165442,42140870
2026-06-21,7543.25,7550.0,7513.0,7516.0,23106,42140870
2026-06-22,7515.75,7599.25,7514.5,7532.0,1319061,42140870
2026-06-23,7531.75,7545.25,7415.25,7446.75,1726085,42140870
2026-06-24,7446.75,7496.5,7404.25,7471.75,1751240,42140870
2026-06-25,7472.0,7496.0,7390.5,7423.75,1549506,42140870
2026-06-26,7423.75,7459.5,7357.25,7397.25,1372703,42140870
2026-06-28,7398.0,7455.75,7398.0,7447.25,25114,42140870
2026-06-29,7447.5,7505.0,7409.0,7495.5,1382756,42140870
2026-06-30,7495.5,7567.75,7481.75,7544.75,1221178,42140870
2026-07-01,7545.0,7579.0,7505.75,7534.75,1244649,42140870
2026-07-02,7534.75,7593.75,7479.5,7536.25,1665669,42140870
2026-07-03,7536.0,7565.25,7527.25,7557.0,120274,42140870
2026-07-05,7562.25,7570.75,7551.5,7569.75,12793,42140870
2026-07-06,7570.0,7602.5,7538.25,7585.75,962029,42140870
2026-07-07,7585.5,7595.0,7529.5,7539.0,1199143,42140870
2026-07-08,7538.75,7563.0,7468.5,7527.0,1425023,42140870
2026-07-09,7527.0,7595.0,7525.0,7588.5,1015237,42140870
2026-07-10,7588.5,7628.75,7552.75,7626.0,994652,42140870
2026-07-12,7607.0,7612.0,7591.75,7599.0,23080,42140870
2026-07-13,7599.25,7615.25,7541.5,7553.25,1186958,42140870
2026-07-14,7553.5,7613.75,7531.5,7602.75,1062204,42140870
2026-07-15,7602.75,7626.25,7571.75,7616.25,1224585,42140870
2026-07-16,7616.25,7632.0,7548.25,7560.5,1243121,42140870
2026-07-17,7560.25,7563.5,7473.0,7494.75,1583838,42140870
2026-07-19,7485.0,7505.25,7482.0,7504.0,22876,42140870
2026-07-20,7504.5,7552.0,7473.0,7485.25,1286659,42140870
2026-07-21,7485.0,7554.0,7473.75,7543.25,978870,42140870
2026-07-22,7543.0,7563.5,7504.0,7530.25,990166,42140870
2026-07-23,7530.5,7549.5,7411.75,7449.0,1552586,42140870
2026-07-24,7449.25,7496.5,7431.5,7444.0,1361301,42140870
2026-07-26,7490.0,7512.0,7486.0,7511.0,26764,42140870
2026-07-27,7511.0,7524.75,7416.25,7447.75,1382089,42140870
2026-07-28,7448.25,7495.25,7417.0,7494.75,1340234,42140870
2026-07-29,7494.75,7501.0,7324.0,7378.25,1936234,42140870
2026-07-30,7378.5,7498.0,7351.5,7487.75,1604710,42140870
2026-07-31,7487.75,7541.0,7427.5,7503.5,1719140,42140870
2026-08-02,7550.0,7559.0,7543.5,7551.5,28487,42140870
2026-08-03,7551.5,7637.75,7542.75,7635.5,1335208,42140870
2026-08-04,7635.5,7786.0,7629.25,7777.5,1596969,42140870
2026-08-05,7777.25,7820.25,7745.75,7761.75,1401190,42140870
2026-08-06,7762.0,7768.5,7724.25,7740.0,1192143,42140870
2026-08-07,7740.0,7786.75,7725.5,7777.25,1140329,42140870
2026-08-09,7776.75,7779.25,7763.0,7767.0,13507,42140870
2026-08-10,7767.0,7798.0,7764.5,7770.75,861503,42140870
2026-08-11,7770.75,7796.0,7738.0,7755.25,942699,42140870
2026-08-12,7755.25,7794.0,7748.5,7768.25,891127,42140870
2026-08-13,7768.25,7838.5,7764.25,7825.75,1037543,42140870
2026-08-14,7825.75,7831.75,7796.5,7802.5,830571,42140870
