date,symbol,instrument_id,open,high,low,close,volume
2019-05-05,MESM9,7849,2925.75,2926.75,2892.75,2893.75,787
2019-05-06,MESM9,7849,2895.25,2938.0,2883.75,2918.25,162154
2019-05-06,MESU9,7859,2932.75,2940.0,2926.75,2927.5,8
2019-05-07,MESM9,7849,2918.5,2930.75,2862.5,2884.75,245769
2019-05-07,MESU9,7859,2918.5,2930.0,2873.0,2889.5,24
2019-05-08,MESM9,7849,2885.25,2899.25,2868.75,2881.5,255047
2019-05-08,MESU9,7859,2895.0,2900.0,2873.25,2891.0,20
2019-05-09,MESM0,8034,2902.5,2902.5,2902.5,2902.5,4
2019-05-09,MESM9,7849,2881.25,2883.5,2836.25,2873.75,344372
2019-05-09,MESU9,7859,2875.0,2876.75,2847.25,2876.75,49
2019-05-10,MESM9,7849,2874.0,2893.0,2826.0,2887.25,389261
2019-05-10,MESU9,7859,2893.5,2895.75,2835.0,2895.75,50
2019-05-12,MESM9,7849,2881.25,2881.25,2856.75,2857.0,7963
2019-05-12,MESU9,7859,2869.25,2870.0,2869.25,2870.0,2
2019-05-13,MESM9,7849,2857.0,2861.25,2799.5,2803.75,382144
2019-05-13,MESM9-MESU9,7510,4.5,4.5,4.5,4.5,7
2019-05-13,MESU9,7859,2853.0,2859.0,2810.0,2810.5,47
2019-05-13,MESZ9,7868,2864.0,2864.0,2864.0,2864.0,1
2019-05-14,MESM9,7849,2803.5,2854.0,2803.25,2842.0,179260
2019-05-14,MESU9,7859,2820.5,2857.75,2820.5,2844.5,31
2019-05-15,MESM9,7849,2842.0,2860.0,2815.0,2852.25,217633
2019-05-15,MESU9,7859,2844.25,2863.0,2824.0,2861.5,45
2019-05-16,MESM9,7849,2851.75,2894.25,2840.5,2881.75,219144
2019-05-16,MESM9-MESU9,7510,4.65,4.65,4.65,4.65,2
2019-05-16,MESM9-MESZ9,7525,8.25,8.25,8.25,8.25,1
2019-05-16,MESU9,7859,2855.5,2898.5,2855.5,2886.0,61
2019-05-16,MESZ9,7868,2885.5,2885.5,2885.5,2885.5,1
2019-05-17,MESM9,7849,2881.5,2887.75,2852.5,2861.5,299292
2019-05-17,MESU9,7859,2879.25,2891.0,2857.0,2864.0,83
2019-05-19,MESM9,7849,2861.5,2873.0,2861.5,2870.75,4092
2019-05-19,MESU9,7859,2876.0,2876.0,2876.0,2876.0,1
2019-05-20,MESM9,7849,2871.0,2876.75,2832.25,2849.75,262358
2019-05-20,MESU9,7859,2874.5,2875.0,2833.5,2856.5,81
2019-05-21,MESM9,7849,2850.0,2870.75,2846.5,2867.25,158340
2019-05-21,MESU9,7859,2859.25,2875.0,2850.0,2874.0,44
2019-05-22,MESM9,7849,2867.0,2869.75,2848.5,2854.25,175832
2019-05-22,MESM9-MESU9,7510,4.55,4.75,4.55,4.75,2
2019-05-22,MESU9,7859,2872.25,2872.25,2858.0,2864.25,32
2019-05-23,MESM9,7849,2854.75,2855.5,2805.5,2823.0,304042
2019-05-23,MESM9-MESU9,7510,4.55,4.55,4.55,4.55,4
2019-05-23,MESU9,7859,2857.5,2857.5,2811.0,2831.25,112
2019-05-24,MESM9,7849,2823.5,2842.0,2820.75,2830.75,169987
2019-05-24,MESU9,7859,2832.0,2847.75,2826.25,2831.5,54
2019-05-26,MESM9,7849,2831.0,2835.0,2829.25,2830.75,1842
2019-05-26,MESU9,7859,2834.0,2834.0,2834.0,2834.0,1
2019-05-27,MESM9,7849,2830.5,2839.0,2826.25,2833.25,19037
2019-05-27,MESU9,7859,2839.0,2842.0,2830.25,2842.0,6
2019-05-28,MESM9,7849,2833.25,2841.25,2800.5,2804.5,193689
2019-05-28,MESM9-MESU9,7510,4.5,4.5,4.35,4.35,9
2019-05-28,MESU9,7859,2844.25,2847.75,2801.5,2804.5,86
2019-05-29,MESM9,7849,2804.75,2805.5,2766.25,2781.5,300123
2019-05-29,MESM9-MESU9,7510,4.25,4.25,4.0,4.15,11
2019-05-29,MESU9,7859,2805.0,2805.0,2771.0,2785.5,178
2019-05-30,MESM9,7849,2781.75,2799.25,2764.5,2766.0,208287
2019-05-30,MESU9,7859,2792.0,2802.0,2771.0,2771.0,84
2019-05-31,MESM9,7849,2766.25,2775.75,2750.0,2752.75,316554
2019-05-31,MESM9-MESU9,7510,3.55,3.65,3.4,3.65,22
2019-05-31,MESU9,7859,2771.0,2777.0,2754.0,2754.0,191
2019-05-31,MESZ9,7868,2770.0,2770.0,2770.0,2770.0,1
2019-06-02,MESM9,7849,2742.25,2744.25,2732.25,2736.0,9894
2019-06-02,MESU9,7859,2741.5,2751.25,2733.0,2739.5,47
2019-06-03,MESM9,7849,2736.0,2763.75,2728.75,2751.0,409776
2019-06-03,MESM9-MESU9,7510,3.15,3.15,3.15,3.15,10
2019-06-03,MESM9-MESZ9,7525,5.1,5.1,5.1,5.1,1
2019-06-03,MESU9,7859,2740.25,2766.0,2736.0,2757.0,262
2019-06-04,MESM9,7849,2751.25,2813.25,2744.0,2812.0,267959
2019-06-04,MESM9-MESU9,7510,2.55,4.0,2.55,3.95,14
2019-06-04,MESU9,7859,2747.0,2819.0,2747.0,2813.25,506
2019-06-05,MESM9,7849,2812.25,2829.75,2800.75,2822.5,314875
2019-06-05,MESM9-MESU9,7510,3.05,3.95,3.05,3.95,12
2019-06-05,MESU9,7859,2813.25,2834.0,2805.75,2829.25,427
2019-06-06,MESM9,7849,2822.5,2853.25,2821.75,2844.5,252996
2019-06-06,MESM9-MESU9,7510,3.75,4.0,3.75,4.0,10
2019-06-06,MESU9,7859,2829.5,2855.0,2824.25,2852.5,471
2019-06-07,MESM9,7849,2844.75,2886.25,2842.0,2877.75,227823
2019-06-07,MESU9,7859,2848.25,2889.0,2843.0,2882.0,437
2019-06-09,MESM9,7849,2891.0,2900.0,2887.25,2887.5,5747
2019-06-09,MESM9-MESU9,7510,3.65,3.65,3.65,3.65,1
2019-06-09,MESU9,7859,2895.0,2904.5,2890.0,2892.0,70
2019-06-10,MESM9,7849,2887.25,2905.75,2880.5,2886.75,162831
2019-06-10,MESM9-MESU9,7510,3.75,4.0,3.75,4.0,2
2019-06-10,MESU9,7859,2891.5,2909.0,2884.75,2891.0,505
2019-06-11,MESM9,7849,2886.75,2911.5,2879.25,2885.25,224841
2019-06-11,MESM9-MESU9,7510,4.45,4.45,4.45,4.45,1
2019-06-11,MESU9,7859,2891.5,2915.5,2883.5,2889.75,892
2019-06-12,MESM0,8034,2891.5,2891.5,2891.5,2891.5,2
2019-06-12,MESM9,7849,2885.25,2890.75,2875.25,2885.5,170388
2019-06-12,MESM9-MESU9,7510,3.8,4.45,3.8,3.8,51
2019-06-12,MESU9,7859,2889.75,2893.5,2879.0,2889.75,1059
2019-06-13,MESM9,7849,2885.25,2896.5,2867.5,2891.25,199801
2019-06-13,MESM9-MESU9,7510,3.85,4.0,3.85,4.0,20
2019-06-13,MESU9,7859,2889.75,2903.75,2871.5,2895.5,5444
2019-06-14,MESM9,7849,2891.5,2898.75,2880.5,2891.75,80886
2019-06-14,MESM9-MESU9,7510,4.0,4.3,4.0,4.3,209
2019-06-14,MESU9,7859,2895.5,2902.75,2884.5,2895.75,99032
2019-06-14,MESZ9,7868,2890.0,2890.0,2890.0,2890.0,1
2019-06-16,MESM9,7849,2890.5,2897.5,2887.5,2895.75,668
2019-06-16,MESM9-MESU9,7510,4.35,4.35,4.35,4.35,3
2019-06-16,MESU9,7859,2895.0,2901.75,2892.75,2899.75,1362
2019-06-17,MESM9,7849,2895.25,2900.5,2887.5,2892.0,18282
2019-06-17,MESM9-MESU9,7510,4.0,4.6,4.0,4.3,519
2019-06-17,MESU9,7859,2899.75,2904.75,2892.0,2896.25,125071
2019-06-17,MESZ9,7868,2897.75,2905.0,2897.75,2905.0,6
2019-06-18,MESM9,7849,2891.75,2931.75,2884.5,2924.0,18096
2019-06-18,MESM9-MESU9,7510,4.5,5.0,4.3,4.75,77
2019-06-18,MESU9,7859,2896.25,2936.5,2889.25,2928.75,268208
2019-06-18,MESU9-MESZ9,7548,2.2,2.2,2.2,2.2,1
2019-06-18,MESZ9,7868,2929.0,2929.0,2929.0,2929.0,3
2019-06-19,MESM0,8034,2938.5,2938.5,2938.5,2938.5,2
2019-06-19,MESM9,7849,2924.0,2938.5,2910.75,2937.25,14673
2019-06-19,MESM9-MESU9,7510,4.75,4.75,4.25,4.3,173
2019-06-19,MESU9,7859,2928.5,2942.75,2912.0,2941.0,211568
2019-06-19,MESZ9,7868,2928.25,2928.25,2928.25,2928.25,1
2019-06-20,MESM0,8034,2933.0,2933.0,2933.0,2933.0,2
2019-06-20,MESM9,7849,2936.5,2959.75,2931.75,2954.0,9959
2019-06-20,MESM9-MESU9,7510,4.25,4.5,4.2,4.2,73
2019-06-20,MESU9,7859,2941.0,2964.25,2935.75,2957.75,248844
2019-06-20,MESZ9,7868,2952.25,2961.25,2948.0,2955.5,21
2019-06-21,MESM9,7849,2952.5,2956.75,2944.0,2950.0,1114
2019-06-21,MESM9-MESU9,7510,4.0,4.0,4.0,4.0,6
2019-06-21,MESU9,7859,2957.5,2969.25,2947.75,2948.25,219193
2019-06-21,MESU9-MESZ9,7548,0.8,0.8,0.5,0.5,4
2019-06-21,MESZ9,7868,2956.5,2966.25,2950.0,2950.0,60
2019-06-23,MESU9,7859,2948.25,2956.5,2944.75,2955.5,3069
2019-06-23,MESU9-MESZ9,7548,1.0,1.0,1.0,1.0,2
2019-06-24,MESU9,7859,2955.75,2961.5,2948.75,2952.5,158729
2019-06-24,MESZ9,7868,2960.25,2960.5,2950.0,2953.5,53
2019-06-25,MESU9,7859,2952.5,2958.25,2917.5,2920.75,250437
2019-06-25,MESZ9,7868,2958.75,2958.75,2923.0,2923.0,70
2019-06-26,MESU9,7859,2920.75,2939.0,2914.5,2918.75,193000
2019-06-26,MESZ9,7868,2924.5,2937.25,2914.0,2918.25,82
2019-06-27,MESU9,7859,2918.75,2937.5,2917.5,2935.75,182232
2019-06-27,MESZ9,7868,2927.75,2937.75,2925.0,2937.75,76
2019-06-28,MESU9,7859,2936.0,2955.25,2929.75,2953.75,165354
2019-06-28,MESZ9,7868,2941.75,2952.0,2935.75,2951.0,38
2019-06-30,MESU9,7859,2964.0,2977.25,2964.0,2971.25,7330
2019-06-30,MESZ9,7868,2961.5,2979.0,2961.5,2972.5,9
2019-07-01,MESU9,7859,2971.25,2982.25,2955.5,2963.75,203409
2019-07-01,MESU9-MESZ9,7548,1.3,1.3,1.3,1.3,1
2019-07-01,MESZ9,7868,2967.0,2981.0,2959.0,2966.25,92
2019-07-02,MESU9,7859,2964.0,2985.25,2958.5,2977.75,189596
2019-07-02,MESZ9,7868,2968.0,2980.0,2964.0,2980.0,49
2019-07-03,MESU9,7859,2977.75,3005.5,2973.75,2999.75,121992
2019-07-03,MESZ9,7868,2982.5,3000.0,2972.5,3000.0,25
2019-07-04,MESU9,7859,2999.25,3003.75,2997.25,3002.5,11751
2019-07-04,MESZ9,7868,3003.0,3004.0,3001.75,3003.75,10
2019-07-05,MESU9,7859,3002.5,3004.0,2971.5,2991.5,194936
2019-07-05,MESZ9,7868,3000.75,3008.0,2977.75,2994.5,30
2019-07-07,MESU9,7859,2991.25,2994.75,2988.5,2989.0,1925
2019-07-07,MESZ9,7868,2990.75,2991.25,2990.75,2991.25,2
2019-07-08,MESU9,7859,2988.75,2989.25,2973.25,2975.75,183150
2019-07-08,MESU9-MESZ9,7548,1.8,1.8,1.8,1.8,1
2019-07-08,MESZ9,7868,2988.75,2989.25,2977.0,2980.75,79
2019-07-09,MESU9,7859,2975.5,2986.25,2963.5,2982.0,174161
2019-07-09,MESU9-MESZ9,7548,2.0,2.0,2.0,2.0,1
2019-07-09,MESZ9,7868,2980.25,2985.75,2967.5,2985.75,47
2019-07-10,MESU9,7859,2982.0,3007.5,2971.25,2997.0,242292
2019-07-10,MESZ9,7868,2989.75,3005.0,2976.0,3000.0,58
2019-07-11,MESU9,7859,2997.5,3006.75,2992.5,3005.5,209922
2019-07-11,MESZ9,7868,3002.75,3009.5,2997.25,3007.0,37
2019-07-12,MESU9,7859,3005.75,3017.75,3004.75,3014.25,141107
2019-07-12,MESU9-MESZ9,7548,2.25,2.7,2.25,2.7,3
2019-07-12,MESZ9,7868,3008.5,3021.75,3006.75,3020.75,59
2019-07-14,MESU9,7859,3016.0,3017.0,3013.0,3013.25,1279
2019-07-14,MESZ9,7868,3016.0,3018.75,3016.0,3018.75,3
2019-07-15,MESU9,7859,3013.25,3024.0,3011.0,3019.75,132354
2019-07-15,MESZ9,7868,3015.0,3025.5,3012.75,3021.0,76
2019-07-16,MESU9,7859,3019.5,3021.75,3000.5,3006.5,166127
2019-07-16,MESU9-MESZ9,7548,2.0,2.0,2.0,2.0,1
2019-07-16,MESZ9,7868,3020.25,3024.0,3005.25,3012.25,84
2019-07-17,MESU9,7859,3006.5,3013.0,2980.5,2981.75,167839
2019-07-17,MESU9-MESZ9,7548,2.5,2.5,2.5,2.5,1
2019-07-17,MESZ9,7868,3012.75,3012.75,2984.5,2987.0,48
2019-07-18,MESU9,7859,2982.0,3009.5,2974.5,3000.25,236717
2019-07-18,MESU9-MESZ9,7548,2.45,2.45,2.45,2.45,5
2019-07-18,MESZ9,7868,2987.75,3006.75,2977.5,3005.75,83
2019-07-19,MESU9,7859,3000.5,3009.75,2969.25,2971.0,253233
2019-07-19,MESZ9,7868,3009.0,3010.75,2973.0,2973.0,91
2019-07-21,MESU9,7859,2973.75,2980.5,2972.25,2979.25,3627
2019-07-21,MESZ9,7868,2977.75,2981.25,2977.75,2981.25,16
2019-07-22,MESU9,7859,2979.75,2993.5,2974.5,2989.25,184497
2019-07-22,MESU9-MESZ9,7548,2.65,2.95,2.65,2.95,21
2019-07-22,MESZ9,7868,2982.25,2995.75,2977.0,2992.25,72
2019-07-23,MESU9,7859,2989.5,3008.75,2987.5,3005.5,209629
2019-07-23,MESZ9,7868,2997.5,3010.75,2995.0,3003.25,106
2019-07-24,MESU9,7859,3005.25,3022.0,2996.0,3021.0,193689
2019-07-24,MESZ9,7868,3011.0,3025.0,3000.0,3025.0,112
2019-07-25,MESU9,7859,3020.75,3027.75,2998.0,3008.75,292209
2019-07-25,MESZ9,7868,3021.0,3030.0,3002.0,3010.5,147
2019-07-26,MESU9,7859,3008.75,3029.5,3007.75,3022.75,171569
2019-07-26,MESU9-MESZ9,7548,2.95,2.95,2.95,2.95,3
2019-07-26,MESZ9,7868,3014.75,3031.5,3014.0,3026.25,114
2019-07-28,MESU9,7859,3022.25,3026.0,3022.25,3023.75,2022
2019-07-28,MESZ9,7868,3026.75,3026.75,3026.5,3026.5,2
2019-07-29,MESH0,8001,3025.0,3025.0,3025.0,3025.0,1
2019-07-29,MESU9,7859,3023.5,3027.5,3015.5,3024.5,177909
2019-07-29,MESZ9,7868,3026.25,3030.0,3018.5,3026.0,58
2019-07-30,MESU9,7859,3024.5,3027.5,3001.5,3016.0,238226
2019-07-30,MESU9-MESZ9,7548,3.0,3.0,3.0,3.0,1
2019-07-30,MESZ9,7868,3027.75,3030.0,3008.0,3018.75,105
2019-07-31,MESH0,8001,3020.0,3020.0,3004.0,3004.0,7
2019-07-31,MESU9,7859,3016.0,3020.5,2957.75,2973.0,456556
2019-07-31,MESU9-MESZ9,7548,2.95,2.95,2.95,2.95,10
2019-07-31,MESZ9,7868,3020.0,3022.0,2968.0,2976.0,235
2019-08-01,MESU9,7859,2973.25,3014.0,2942.0,2945.75,700542
2019-08-01,MESU9-MESZ9,7548,3.0,3.0,3.0,3.0,1
2019-08-01,MESZ9,7868,2982.25,3017.0,2949.0,2949.75,295
2019-08-02,MESU0,20871,2930.5,2930.5,2930.5,2930.5,1
2019-08-02,MESU9,7859,2946.0,2961.0,2913.25,2935.0,550515
2019-08-02,MESZ9,7868,2950.0,2964.5,2915.0,2942.75,180
2019-08-04,MESU9,7859,2930.75,2931.75,2925.25,2927.25,4282
2019-08-04,MESZ9,7868,2931.0,2931.0,2927.5,2927.5,13
2019-08-05,MESH0,8001,2888.0,2888.0,2888.0,2888.0,2
2019-08-05,MESU9,7859,2927.0,2933.5,2776.0,2781.75,741260
2019-08-05,MESU9-MESZ9,7548,1.6,1.6,1.6,1.6,54
2019-08-05,MESZ9,7868,2927.5,2931.0,2777.5,2781.0,361
2019-08-06,MESU9,7859,2782.0,2884.0,2779.5,2869.25,620998
2019-08-06,MESU9-MESZ9,7548,1.0,1.0,1.0,1.0,7
2019-08-06,MESZ9,7868,2779.5,2883.0,2779.5,2865.25,285
2019-08-07,MESH0,8001,2877.5,2877.5,2877.5,2877.5,1
2019-08-07,MESU9,7859,2869.25,2891.25,2823.0,2874.5,764897
2019-08-07,MESU9-MESZ9,7548,-0.25,-0.15,-0.25,-0.15,22
2019-08-07,MESZ9,7868,2868.25,2889.5,2823.5,2878.5,233
2019-08-08,MESH0,8001,2916.0,2930.0,2916.0,2930.0,5
2019-08-08,MESU9,7859,2874.5,2941.5,2870.5,2934.25,330578
2019-08-08,MESU9-MESZ9,7548,-0.15,-0.1,-0.15,-0.1,9
2019-08-08,MESZ9,7868,2873.5,2943.0,2873.5,2935.0,217
2019-08-09,MESU0,20871,2933.0,2933.0,2930.0,2930.0,2
2019-08-09,MESU9,7859,2934.25,2936.0,2898.75,2923.25,455687
2019-08-09,MESZ9,7868,2931.5,2933.75,2898.75,2923.75,186
2019-08-11,MESU9,7859,2920.25,2926.5,2913.0,2914.25,6399
2019-08-11,MESZ9,7868,2919.75,2919.75,2919.75,2919.75,1
2019-08-12,MESH0,8001,2900.75,2900.75,2897.0,2897.0,4
2019-08-12,MESU9,7859,2914.25,2930.75,2872.5,2887.0,442957
2019-08-12,MESU9-MESZ9,7548,0.45,0.45,0.45,0.45,1
2019-08-12,MESZ9,7868,2920.75,2930.75,2870.5,2886.5,108
2019-08-13,MESH0,8001,2933.0,2933.0,2933.0,2933.0,2
2019-08-13,MESU9,7859,2887.0,2944.25,2866.75,2932.5,460590
2019-08-13,MESU9-MESZ9,7548,0.5,0.5,0.5,0.5,5
2019-08-13,MESZ9,7868,2889.5,2940.5,2867.0,2934.5,231
2019-08-14,MESH0,8001,2850.0,2850.0,2850.0,2850.0,1
2019-08-14,MESU9,7859,2932.75,2936.5,2833.5,2846.5,575544
2019-08-14,MESZ9,7868,2933.0,2934.0,2835.0,2846.0,484
2019-08-15,MESU9,7859,2846.75,2871.75,2817.75,2854.25,715058
2019-08-15,MESU9-MESZ9,7548,0.05,0.05,0.05,0.05,50
2019-08-15,MESZ9,7868,2849.0,2870.0,2820.0,2856.5,491
2019-08-16,MESU9,7859,2854.0,2894.75,2849.5,2891.5,310561
2019-08-16,MESZ9,7868,2855.75,2893.5,2854.5,2887.75,317
2019-08-18,MESU9,7859,2893.0,2907.5,2892.25,2906.0,5234
2019-08-18,MESZ9,7868,2895.0,2906.75,2895.0,2906.75,15
2019-08-19,MESH0,8001,2919.5,2919.5,2919.5,2919.5,1
2019-08-19,MESU9,7859,2905.75,2932.25,2900.5,2918.5,210304
2019-08-19,MESU9-MESZ9,7548,0.25,0.4,0.25,0.4,2
2019-08-19,MESZ9,7868,2906.5,2932.5,2906.5,2917.5,247
2019-08-20,MESU9,7859,2918.5,2932.75,2893.0,2899.0,244352
2019-08-20,MESZ9,7868,2918.5,2930.5,2893.75,2900.75,288
2019-08-21,MESU9,7859,2899.25,2939.0,2899.0,2935.0,189794
2019-08-21,MESU9-MESZ9,7548,0.75,0.75,0.75,0.75,3
2019-08-21,MESZ9,7868,2903.25,2939.75,2902.25,2937.0,209
2019-08-22,MESH0,8001,2918.25,2922.0,2916.5,2922.0,3
2019-08-22,MESU9,7859,2934.75,2939.75,2904.0,2922.0,262005
2019-08-22,MESZ9,7868,2935.0,2941.75,2906.25,2922.75,430
2019-08-23,MESH0,8001,2867.5,2867.5,2865.5,2865.5,3
2019-08-23,MESU9,7859,2922.25,2936.75,2834.0,2851.0,498524
2019-08-23,MESU9-MESZ9,7548,0.0,0.0,0.0,0.0,1
2019-08-23,MESZ9,7868,2924.5,2937.5,2834.75,2852.5,818
2019-08-25,MESH0,8001,2820.0,2820.0,2820.0,2820.0,1
2019-08-25,MESU9,7859,2833.75,2833.75,2810.0,2824.25,14577
2019-08-25,MESU9-MESZ9,7548,0.4,0.4,0.4,0.4,1
2019-08-25,MESZ9,7868,2833.0,2833.0,2811.75,2823.0,138
2019-08-26,MESH0,8001,2840.0,2871.0,2840.0,2871.0,4
2019-08-26,MESU9,7859,2824.5,2888.25,2821.5,2876.25,346463
2019-08-26,MESU9-MESZ9,7548,0.25,0.25,0.25,0.25,1
2019-08-26,MESZ9,7868,2825.75,2888.0,2825.0,2876.25,521
2019-08-27,MESH0,8001,2881.75,2881.75,2881.75,2881.75,1
2019-08-27,MESU9,7859,2876.25,2899.5,2860.0,2874.0,298812
2019-08-27,MESZ9,7868,2880.25,2898.5,2860.75,2875.25,466
2019-08-28,MESH0,8001,2881.75,2881.75,2881.75,2881.75,1
2019-08-28,MESU9,7859,2874.0,2891.0,2851.75,2884.75,276892
2019-08-28,MESU9-MESZ9,7548,0.3,0.3,0.3,0.3,1
2019-08-28,MESZ9,7868,2875.0,2890.5,2850.75,2883.75,456
2019-08-29,MESH0,8001,2923.0,2923.0,2923.0,2923.0,5
2019-08-29,MESU9,7859,2884.5,2930.75,2875.25,2923.5,256149
2019-08-29,MESZ9,7868,2883.75,2931.0,2876.75,2925.25,549
2019-08-30,MESH0,8001,2928.5,2928.5,2928.5,2928.5,1
2019-08-30,MESU9,7859,2923.75,2946.5,2913.25,2923.25,254555
2019-08-30,MESZ9,7868,2925.25,2947.75,2913.25,2921.5,406
2019-09-01,MESU9,7859,2913.5,2913.5,2895.0,2909.0,7023
2019-09-01,MESZ9,7868,2910.75,2911.0,2900.0,2906.25,30
2019-09-02,MESU9,7859,2909.25,2926.5,2889.0,2902.75,67419
2019-09-02,MESZ9,7868,2911.0,2929.25,2893.0,2905.25,135
2019-09-03,MESH0,8001,2901.5,2901.5,2901.5,2901.5,2
2019-09-03,MESU9,7859,2903.0,2915.5,2891.0,2902.75,325203
2019-09-03,MESU9-MESZ9,7548,0.6,0.6,-0.2,-0.1,6
2019-09-03,MESZ9,7868,2903.75,2916.5,2891.0,2905.0,599
2019-09-04,MESH0,8001,2917.0,2940.0,2917.0,2940.0,7
2019-09-04,MESU9,7859,2903.0,2939.5,2902.5,2938.25,215198
2019-09-04,MESU9-MESZ9,7548,-0.2,-0.2,-0.2,-0.2,4
2019-09-04,MESZ9,7868,2904.0,2940.75,2904.0,2938.0,392
2019-09-05,MESH0,8001,2940.0,2984.5,2940.0,2979.5,22
2019-09-05,MESU9,7859,2938.25,2986.75,2937.75,2977.25,291954
2019-09-05,MESU9-MESZ9,7548,0.0,0.0,0.0,0.0,1
2019-09-05,MESZ9,7868,2940.75,2987.5,2940.75,2979.0,1131
2019-09-06,MESH0,8001,2986.0,2986.0,2983.0,2985.25,4
2019-09-06,MESU9,7859,2977.25,2988.25,2972.25,2983.0,216388
2019-09-06,MESU9-MESZ9,7548,1.5,1.5,1.4,1.45,11
2019-09-06,MESZ9,7868,2978.5,2989.75,2973.75,2987.25,706
2019-09-08,MESU9,7859,2980.0,2985.5,2980.0,2981.75,2825
2019-09-08,MESU9-MESZ9,7548,1.55,1.55,1.55,1.55,2
2019-09-08,MESZ9,7868,2982.25,2986.0,2981.25,2983.75,22
2019-09-09,MESH0,8001,2991.5,2991.5,2974.25,2974.25,2
2019-09-09,MESU9,7859,2981.75,2991.75,2969.25,2982.25,180765
2019-09-09,MESU9-MESZ9,7548,1.55,2.0,1.0,1.0,225
2019-09-09,MESZ9,7868,2983.75,2993.25,2971.5,2984.25,1174
2019-09-10,MESH0,8001,2981.5,2981.5,2976.5,2980.0,7
2019-09-10,MESU9,7859,2982.5,2984.75,2957.25,2977.25,259652
2019-09-10,MESU9-MESZ9,7548,1.05,2.0,1.05,1.95,30
2019-09-10,MESZ9,7868,2983.75,2986.5,2958.75,2979.25,3557
2019-09-11,MESH0,8001,3001.0,3001.0,3001.0,3001.0,2
2019-09-11,MESU9,7859,2977.25,3020.0,2972.25,3018.25,213773
2019-09-11,MESU9-MESZ9,7548,1.75,1.8,1.55,1.55,73
2019-09-11,MESZ9,7868,2977.75,3023.0,2973.5,3020.0,4925
2019-09-12,MESH0,8001,3020.25,3020.25,3010.0,3010.0,2
2019-09-12,MESU9,7859,3018.25,3021.75,3001.0,3015.0,308280
2019-09-12,MESU9-MESZ9,7548,1.7,2.0,1.5,1.75,577
2019-09-12,MESZ9,7868,3020.0,3024.5,3001.0,3016.5,15814
2019-09-13,MESH0,8001,3020.0,3020.0,3010.0,3010.0,6
2019-09-13,MESU9,7859,3013.75,3024.0,3003.5,3007.25,47742
2019-09-13,MESU9-MESZ9,7548,1.75,2.25,1.65,2.1,444
2019-09-13,MESZ9,7868,3016.5,3026.0,3005.75,3009.75,127555
2019-09-15,MESU9,7859,2997.75,2998.0,2981.75,2989.75,2941
2019-09-15,MESU9-MESZ9,7548,2.25,2.35,2.1,2.15,31
2019-09-15,MESZ9,7868,2997.75,3000.25,2987.0,2991.75,5853
2019-09-16,MESH0,8001,3001.0,3003.0,3001.0,3003.0,2
2019-09-16,MESU9,7859,2990.0,3006.25,2981.0,3001.25,27624
2019-09-16,MESU9-MESZ9,7548,2.15,2.55,2.0,2.25,1193
2019-09-16,MESZ9,7868,2991.75,3008.25,2983.5,3003.5,177564
2019-09-16,MESZ9-MESH0,7640,2.0,2.0,2.0,2.0,5
2019-09-17,MESH0,8001,2998.0,3010.0,2998.0,3010.0,3
2019-09-17,MESU9,7859,3001.5,3006.5,2991.25,3004.5,16474
2019-09-17,MESU9-MESZ9,7548,2.45,2.7,2.25,2.6,925
2019-09-17,MESZ9,7868,3003.5,3009.25,2994.0,3006.75,147391
2019-09-17,MESZ9-MESH0,7640,2.05,2.05,2.05,2.05,2
2019-09-18,MESH0,8001,3002.25,3018.0,2995.0,3018.0,18
2019-09-18,MESU9,7859,3004.5,3011.25,2978.25,3004.25,19353
2019-09-18,MESU9-MESZ9,7548,2.6,2.75,2.05,2.4,913
2019-09-18,MESZ9,7868,3007.0,3013.5,2980.5,3006.5,228460
2019-09-19,MESH0,8001,3007.5,3024.0,2999.5,3010.0,28
2019-09-19,MESU9,7859,3005.0,3022.25,2989.0,3007.75,12947
2019-09-19,MESU9-MESZ9,7548,2.5,2.5,1.7,1.75,407
2019-09-19,MESZ9,7868,3006.75,3024.5,2991.0,3010.25,223553
2019-09-20,MESH0,8001,3013.0,3020.0,2995.0,2995.0,73
2019-09-20,MESU9,7859,3007.25,3016.25,3003.25,3013.75,1395
2019-09-20,MESU9-MESZ9,7548,1.15,1.75,0.8,0.85,27
2019-09-20,MESZ9,7868,3010.25,3018.0,2985.25,2988.75,300742
2019-09-22,MESH0,8001,3003.0,3008.25,3003.0,3005.0,6
2019-09-22,MESZ9,7868,2995.0,3008.0,2995.0,3003.0,9529
2019-09-22,MESZ9-MESH0,7640,2.05,2.05,2.05,2.05,1
2019-09-23,MESH0,8001,3005.5,3010.75,2982.0,3010.75,34
2019-09-23,MESZ9,7868,3002.75,3012.5,2982.0,3007.75,242970
2019-09-24,MESH0,8001,3010.0,3011.0,2961.0,2974.0,34
2019-09-24,MESZ9,7868,3007.75,3010.0,2958.5,2975.75,476925
2019-09-24,MESZ9-MESH0,7640,2.3,2.3,2.3,2.3,3
2019-09-25,MESH0,8001,2975.75,2990.0,2954.0,2988.0,48
2019-09-25,MESZ9,7868,2975.75,2991.75,2953.5,2985.0,298487
2019-09-25,MESZ9-MESH0,7640,1.0,1.0,1.0,1.0,3
2019-09-26,MESH0,8001,2985.0,2991.5,2969.0,2981.0,56
2019-09-26,MESZ9,7868,2985.25,2995.5,2964.25,2978.5,275507
2019-09-27,MESH0,8001,2978.25,2992.0,2954.0,2967.0,38
2019-09-27,MESZ9,7868,2978.5,2993.0,2946.0,2968.25,358779
2019-09-29,MESH0,8001,2977.75,2977.75,2970.0,2970.0,5
2019-09-29,MESZ9,7868,2975.25,2980.0,2965.5,2971.0,7040
2019-09-30,MESH0,8001,2977.0,2988.0,2969.0,2988.0,40
2019-09-30,MESZ9,7868,2970.75,2987.0,2964.5,2983.0,195907
2019-10-01,MESH0,8001,2988.25,2996.0,2940.0,2947.75,43
2019-10-01,MESZ9,7868,2983.25,2994.25,2936.75,2946.0,333855
2019-10-01,MESZ9-MESH0,7640,2.05,2.05,2.05,2.05,1
2019-10-02,MESH0,8001,2945.0,2945.0,2875.0,2893.25,54
2019-10-02,MESZ9,7868,2945.75,2949.0,2874.0,2886.0,409753
2019-10-02,MESZ9-MESH0,7640,1.0,1.0,1.0,1.0,5
2019-10-03,MESH0,8001,2889.75,2914.5,2854.0,2914.5,150
2019-10-03,MESM0,8034,2870.0,2870.0,2870.0,2870.0,1
2019-10-03,MESZ9,7868,2886.0,2913.0,2855.0,2906.75,419514
2019-10-04,MESH0,8001,2906.0,2951.0,2896.5,2950.0,54
2019-10-04,MESZ0,24948,2898.75,2898.75,2893.0,2893.0,2
2019-10-04,MESZ9,7868,2907.0,2953.25,2890.25,2950.5,317870
2019-10-06,MESH0,8001,2939.25,2939.25,2939.25,2939.25,1
2019-10-06,MESZ9,7868,2937.25,2943.0,2926.5,2939.5,7599
2019-10-07,MESH0,8001,2934.75,2959.25,2934.75,2938.0,60
2019-10-07,MESM0,8034,2941.25,2941.25,2941.25,2941.25,1
2019-10-07,MESZ9,7868,2939.75,2959.25,2933.75,2937.0,267198
2019-10-07,MESZ9-MESH0,7640,0.6,0.6,0.6,0.6,9
2019-10-08,MESH0,8001,2937.0,2950.0,2891.5,2891.5,120
2019-10-08,MESU0,20871,2920.75,2920.75,2920.75,2920.75,1
2019-10-08,MESZ9,7868,2936.75,2950.0,2888.25,2892.0,443547
2019-10-09,MESH0,8001,2899.0,2929.75,2885.25,2893.0,58
2019-10-09,MESU0,20871,2910.75,2910.75,2910.75,2910.75,1
2019-10-09,MESZ9,7868,2892.25,2932.0,2881.75,2898.75,316021
2019-10-09,MESZ9-MESH0,7640,0.6,0.6,0.6,0.6,2
2019-10-10,MESH0,8001,2905.0,2953.25,2890.0,2950.0,76
2019-10-10,MESZ9,7868,2899.0,2957.5,2886.5,2946.75,374999
2019-10-11,MESH0,8001,2945.0,2992.5,2943.0,2966.25,72
2019-10-11,MESZ9,7868,2946.75,2993.75,2941.75,2970.5,338997
2019-10-13,MESH0,8001,2971.0,2975.0,2970.0,2975.0,18
2019-10-13,MESZ9,7868,2967.75,2982.0,2967.0,2981.75,6502
2019-10-13,MESZ9-MESH0,7640,1.2,1.2,1.2,1.2,3
2019-10-14,MESH0,8001,2974.75,2975.0,2957.5,2965.75,46
2019-10-14,MESZ9,7868,2982.0,2982.25,2954.0,2973.0,207981
2019-10-14,MESZ9-MESH0,7640,1.2,1.2,1.2,1.2,4
2019-10-15,MESH0,8001,2969.25,3003.5,2969.25,3001.75,52
2019-10-15,MESZ9,7868,2972.75,3003.25,2967.5,2994.75,229931
2019-10-16,MESH0,8001,2993.0,2995.25,2987.25,2993.75,21
2019-10-16,MESZ9,7868,2994.75,2997.5,2984.75,2988.0,231926
2019-10-17,MESH0,8001,2990.0,3009.0,2988.75,2995.0,44
2019-10-17,MESZ9,7868,2988.0,3008.0,2985.25,2996.5,251680
2019-10-18,MESH0,8001,2996.0,3000.25,2980.0,2987.25,54
2019-10-18,MESZ9,7868,2997.0,3001.0,2975.0,2989.5,259859
2019-10-20,MESH0,8001,2989.75,2990.0,2989.75,2990.0,3
2019-10-20,MESZ9,7868,2985.0,2991.75,2983.75,2991.5,5093
2019-10-21,MESH0,8001,2994.0,3008.0,2994.0,3004.5,37
2019-10-21,MESZ9,7868,2991.5,3007.5,2989.5,3005.5,179420
2019-10-21,MESZ9-MESH0,7640,1.2,1.2,1.2,1.2,9
2019-10-22,MESH0,8001,3016.0,3016.0,2986.0,2993.0,38
2019-10-22,MESZ9,7868,3005.25,3014.0,2988.0,2990.5,260434
2019-10-23,MESH0,8001,2985.25,3010.0,2984.0,3010.0,35
2019-10-23,MESZ9,7868,2990.75,3009.75,2982.0,3006.75,203420
2019-10-24,MESH0,8001,3013.0,3016.25,3001.0,3005.0,31
2019-10-24,MESZ9,7868,3006.5,3015.5,2998.5,3001.5,224251
2019-10-25,MESH0,8001,3003.0,3027.5,3003.0,3022.0,57
2019-10-25,MESZ9,7868,3001.5,3026.5,3000.0,3020.0,194818
2019-10-25,MESZ9-MESH0,7640,1.2,1.2,1.2,1.2,1
2019-10-27,MESH0,8001,3027.5,3031.0,3020.75,3026.25,17
2019-10-27,MESZ9,7868,3023.0,3025.75,3022.0,3024.25,3414
2019-10-27,MESZ9-MESH0,7640,1.05,1.05,1.05,1.05,10
2019-10-28,MESH0,8001,3025.0,3044.75,3025.0,3044.75,57
2019-10-28,MESM0,8034,3029.0,3045.0,3029.0,3041.0,4
2019-10-28,MESZ9,7868,3024.0,3042.75,3022.75,3038.5,176744
2019-10-28,MESZ9-MESM0,7641,-0.75,2.25,-0.75,2.25,2
2019-10-29,MESH0,8001,3037.5,3048.0,3031.25,3037.0,66
2019-10-29,MESM0,8034,3033.5,3033.5,3033.5,3033.5,1
2019-10-29,MESZ0,24948,3044.5,3044.5,3044.5,3044.5,1
2019-10-29,MESZ9,7868,3038.75,3046.0,3029.5,3036.0,205183
2019-10-30,MESH0,8001,3038.5,3058.25,3029.0,3052.75,94
2019-10-30,MESM0,8034,3043.5,3048.0,3027.25,3048.0,3
2019-10-30,MESZ9,7868,3036.0,3055.5,3023.25,3048.75,252221
2019-10-30,MESZ9-MESH0,7640,2.2,2.2,2.2,2.2,50
2019-10-31,MESH0,8001,3044.25,3052.75,3022.75,3035.0,104
2019-10-31,MESM0,8034,3038.5,3038.5,3038.5,3038.5,1
2019-10-31,MESZ9,7868,3048.5,3051.5,3020.0,3034.5,337754
2019-11-01,MESH0,8001,3040.0,3069.25,3039.0,3068.5,109
2019-11-01,MESZ0,24948,3050.0,3058.0,3050.0,3058.0,2
2019-11-01,MESZ9,7868,3034.5,3065.25,3034.25,3063.0,192070
2019-11-01,MESZ9-MESH0,7640,2.2,2.2,2.2,2.2,1
2019-11-03,MESH0,8001,3070.0,3070.5,3067.0,3070.5,14
2019-11-03,MESZ9,7868,3064.25,3068.75,3064.25,3067.75,2872
2019-11-04,MESH0,8001,3067.0,3086.25,3067.0,3083.25,112
2019-11-04,MESZ9,7868,3067.75,3085.75,3066.75,3082.75,180733
2019-11-05,MESH0,8001,3083.25,3087.0,3070.75,3071.75,73
2019-11-05,MESM0,8034,3085.0,3085.0,3085.0,3085.0,1
2019-11-05,MESU0,20871,3087.0,3087.0,3087.0,3087.0,1
2019-11-05,MESZ9,7868,3082.75,3085.0,3069.75,3072.25,190213
2019-11-06,MESH0,8001,3071.0,3079.25,3065.0,3078.0,89
2019-11-06,MESZ9,7868,3072.0,3078.0,3063.25,3074.25,217541
2019-11-06,MESZ9-MESH0,7640,2.2,2.25,1.55,1.55,11
2019-11-07,MESH0,8001,3076.25,3098.0,3072.75,3087.0,222
2019-11-07,MESZ9,7868,3074.25,3097.5,3070.25,3087.0,205128
2019-11-07,MESZ9-MESH0,7640,1.55,1.55,1.55,1.55,4
2019-11-08,MESH0,8001,3091.0,3096.0,3075.0,3094.0,63
2019-11-08,MESZ9,7868,3087.0,3092.5,3072.5,3091.75,153810
2019-11-10,MESH0,8001,3093.0,3093.0,3089.75,3089.75,11
2019-11-10,MESZ9,7868,3091.0,3092.0,3088.75,3088.75,1956
2019-11-11,MESH0,8001,3087.5,3090.0,3077.5,3087.0,108
2019-11-11,MESZ9,7868,3088.75,3089.25,3074.5,3085.0,113632
2019-11-12,MESH0,8001,3086.5,3104.0,3083.0,3090.0,128
2019-11-12,MESM0,8034,3097.25,3097.25,3097.25,3097.25,1
2019-11-12,MESZ0,24948,3100.0,3100.0,3100.0,3100.0,1
2019-11-12,MESZ9,7868,3085.25,3102.0,3081.25,3088.75,165042
2019-11-12,MESZ9-MESH0,7640,2.5,2.5,2.3,2.3,12
2019-11-13,MESH0,8001,3088.5,3099.5,3077.0,3097.0,149
2019-11-13,MESM0,8034,3082.75,3082.75,3082.75,3082.75,1
2019-11-13,MESZ0,24948,3088.75,3088.75,3088.75,3088.75,1
2019-11-13,MESZ9,7868,3088.75,3097.0,3075.75,3094.5,203091
2019-11-14,MESH0,8001,3098.0,3101.25,3084.0,3101.0,147
2019-11-14,MESZ9,7868,3094.5,3099.75,3081.75,3099.0,178053
2019-11-15,MESH0,8001,3105.0,3122.0,3105.0,3120.75,170
2019-11-15,MESM0,8034,3107.25,3120.0,3107.25,3120.0,5
2019-11-15,MESZ9,7868,3098.75,3119.5,3097.25,3119.5,153866
2019-11-17,MESH0,8001,3118.25,3118.25,3115.5,3115.5,3
2019-11-17,MESZ9,7868,3119.25,3119.5,3113.75,3114.75,2514
2019-11-18,MESH0,8001,3114.75,3128.5,3113.0,3122.0,122
2019-11-18,MESM0,8034,3111.5,3128.5,3111.5,3128.5,4
2019-11-18,MESZ9,7868,3114.75,3128.0,3111.0,3119.5,158028
2019-11-18,MESZ9-MESH0,7640,2.0,2.15,2.0,2.15,12
2019-11-19,MESH0,8001,3122.75,3137.0,3114.0,3114.0,306
2019-11-19,MESZ9,7868,3119.5,3132.5,3110.25,3111.75,189405
2019-11-20,MESH0,8001,3118.0,3120.0,3090.75,3103.5,368
2019-11-20,MESM0,8034,3105.75,3105.75,3100.0,3101.25,3
2019-11-20,MESZ9,7868,3111.75,3118.5,3090.75,3101.75,289317
2019-11-20,MESZ9-MESH0,7640,2.05,2.05,2.05,2.05,1
2019-11-21,MESH0,8001,3104.5,3116.0,3093.5,3103.75,208
2019-11-21,MESM0,8034,3113.5,3115.75,3098.75,3104.0,5
2019-11-21,MESU0,20871,3098.75,3109.0,3098.75,3100.0,3
2019-11-21,MESZ9,7868,3101.75,3114.5,3091.25,3101.25,242621
2019-11-21,MESZ9-MESH0,7640,2.1,2.1,2.1,2.1,1
2019-11-22,MESH0,8001,3108.0,3116.75,3100.25,3111.5,171
2019-11-22,MESM0,8034,3109.75,3116.0,3109.75,3116.0,4
2019-11-22,MESZ0,24948,3099.75,3099.75,3099.75,3099.75,2
2019-11-22,MESZ9,7868,3101.5,3114.5,3097.75,3111.75,165413
2019-11-24,MESH0,8001,3120.0,3122.0,3114.25,3114.25,10
2019-11-24,MESZ9,7868,3117.5,3120.75,3116.5,3119.0,4004
2019-11-25,MESH0,8001,3123.0,3136.0,3116.5,3136.0,261
2019-11-25,MESM0,8034,3133.0,3133.0,3133.0,3133.0,1
2019-11-25,MESU0,20871,3124.75,3124.75,3124.75,3124.75,1
2019-11-25,MESZ9,7868,3119.25,3133.5,3116.75,3132.5,103996
2019-11-25,MESZ9-MESH0,7640,1.95,1.95,1.55,1.55,3
2019-11-26,MESH0,8001,3136.0,3149.25,3129.5,3145.5,205
2019-11-26,MESM0,8034,3129.0,3133.75,3129.0,3133.75,2
2019-11-26,MESZ9,7868,3132.25,3144.75,3128.0,3143.25,147617
2019-11-26,MESZ9-MESH0,7640,2.7,2.7,2.2,2.2,11
2019-11-27,MESH0,8001,3146.0,3161.0,3142.5,3147.0,293
2019-11-27,MESM0,8034,3155.0,3155.0,3155.0,3155.0,1
2019-11-27,MESZ9,7868,3143.25,3155.5,3141.75,3144.5,114655
2019-11-28,MESH0,8001,3147.0,3153.75,3144.0,3153.75,79
2019-11-28,MESZ9,7868,3144.75,3152.0,3140.75,3151.25,27497
2019-11-28,MESZ9-MESH0,7640,1.55,1.55,1.55,1.55,14
2019-11-29,MESH0,8001,3151.75,3152.5,3142.0,3146.75,174
2019-11-29,MESZ9,7868,3151.25,3151.25,3139.5,3143.5,83192
2019-11-29,MESZ9-MESH0,7640,1.55,1.55,1.55,1.55,7
2019-12-01,MESH0,8001,3148.0,3150.0,3145.75,3149.75,23
2019-12-01,MESZ9,7868,3145.0,3148.0,3144.0,3147.5,4017
2019-12-01,MESZ9-MESH0,7640,2.25,2.25,2.25,2.25,3
2019-12-02,MESH0,8001,3150.0,3159.75,3108.0,3112.75,879
2019-12-02,MESM0,8034,3157.0,3163.5,3120.0,3120.0,22
2019-12-02,MESZ0,24948,3128.75,3128.75,3128.75,3128.75,1
2019-12-02,MESZ9,7868,3147.75,3157.75,3108.25,3112.25,339675
2019-12-02,MESZ9-MESH0,7640,2.7,2.7,1.75,1.8,41
2019-12-03,MESH0,8001,3113.25,3123.25,3071.25,3096.5,1187
2019-12-03,MESM0,8034,3109.25,3109.25,3080.5,3095.0,4
2019-12-03,MESZ9,7868,3112.25,3122.0,3069.5,3094.5,395196
2019-12-03,MESZ9-MESH0,7640,1.75,2.7,0.75,1.5,38
2019-12-04,MESH0,8001,3097.75,3122.0,3083.75,3111.75,838
2019-12-04,MESM0,8034,3088.5,3115.25,3088.5,3115.25,10
2019-12-04,MESU0,20871,3116.75,3116.75,3116.75,3116.75,1
2019-12-04,MESZ0,24948,3114.75,3114.75,3114.75,3114.75,1
2019-12-04,MESZ9,7868,3094.75,3119.5,3081.75,3109.5,251070
2019-12-04,MESZ9-MESH0,7640,1.9,2.0,1.65,1.85,9
2019-12-05,MESH0,8001,3112.0,3126.5,3105.0,3120.25,718
2019-12-05,MESM0,8034,3124.5,3124.5,3107.75,3123.75,8
2019-12-05,MESZ9,7868,3109.5,3124.75,3103.5,3118.75,261991
2019-12-05,MESZ9-MESH0,7640,1.85,1.85,1.4,1.4,109
2019-12-06,MESH0,8001,3121.5,3153.25,3121.25,3149.75,1190
2019-12-06,MESM0,8034,3127.5,3152.75,3122.75,3150.5,36
2019-12-06,MESZ9,7868,3118.75,3151.25,3118.5,3146.75,190823
2019-12-06,MESZ9-MESH0,7640,1.7,2.0,1.6,2.0,72
2019-12-08,MESH0,8001,3148.5,3150.0,3148.5,3149.0,29
2019-12-08,MESZ9,7868,3146.5,3148.75,3146.0,3146.0,1701
2019-12-08,MESZ9-MESH0,7640,2.0,2.0,2.0,2.0,4
2019-12-09,MESH0,8001,3148.0,3151.5,3133.75,3136.75,1726
2019-12-09,MESM0,8034,3149.0,3149.0,3143.5,3143.5,3
2019-12-09,MESZ9,7868,3146.0,3149.5,3131.25,3135.0,160554
2019-12-09,MESZ9-MESH0,7640,1.95,2.45,1.75,2.1,134
2019-12-10,MESH0,8001,3137.75,3145.5,3118.75,3136.75,4100
2019-12-10,MESM0,8034,3124.5,3138.0,3118.5,3134.0,14
2019-12-10,MESZ9,7868,3135.0,3143.0,3116.25,3134.25,260423
2019-12-10,MESZ9-MESH0,7640,2.3,2.6,2.05,2.2,367
2019-12-11,MESH0,8001,3136.25,3149.0,3132.25,3149.0,3597
2019-12-11,MESM0,8034,3146.0,3146.0,3143.0,3143.0,6
2019-12-11,MESU0,20871,3136.0,3138.5,3136.0,3138.5,2
2019-12-11,MESZ9,7868,3134.0,3146.5,3129.75,3146.0,188268
2019-12-11,MESZ9-MESH0,7640,2.2,2.75,2.15,2.55,276
2019-12-12,MESH0,8001,3148.0,3185.75,3140.25,3183.75,21965
2019-12-12,MESH0-MESM0,7664,0.5,0.5,0.5,0.5,1
2019-12-12,MESM0,8034,3144.0,3174.5,3144.0,3172.5,32
2019-12-12,MESZ9,7868,3146.25,3182.75,3137.0,3180.75,383832
2019-12-12,MESZ9-MESH0,7640,2.6,3.45,2.55,3.2,947
2019-12-13,MESH0,8001,3183.75,3188.75,3159.5,3175.0,333903
2019-12-13,MESM0,8034,3180.0,3185.0,3166.0,3173.25,70
2019-12-13,MESU0,20871,3175.0,3175.0,3175.0,3175.0,1
2019-12-13,MESZ9,7868,3180.5,3185.0,3156.75,3171.75,72611
2019-12-13,MESZ9-MESH0,7640,3.2,3.45,2.8,3.3,1678
2019-12-15,MESH0,8001,3179.0,3180.5,3177.0,3178.5,2319
2019-12-15,MESM0,8034,3179.5,3181.0,3178.75,3179.0,5
2019-12-15,MESZ9,7868,3175.0,3179.0,3173.75,3175.75,677
2019-12-15,MESZ9-MESH0,7640,3.0,3.15,3.0,3.15,7
2019-12-16,MESH0,8001,3178.5,3202.5,3178.25,3194.75,139772
2019-12-16,MESM0,8034,3180.75,3202.0,3180.75,3198.75,56
2019-12-16,MESZ9,7868,3175.5,3198.75,3175.25,3190.75,17520
2019-12-16,MESZ9-MESH0,7640,3.15,4.25,2.8,4.0,1913
2019-12-17,MESH0,8001,3194.75,3204.0,3192.25,3194.5,159528
2019-12-17,MESM0,8034,3194.5,3203.0,3193.0,3195.0,65
2019-12-17,MESZ9,7868,3190.75,3199.25,3187.75,3191.25,11750
2019-12-17,MESZ9-MESH0,7640,3.75,4.45,3.3,3.45,1568
2019-12-18,MESH0,8001,3194.5,3203.0,3191.75,3199.0,131890
2019-12-18,MESM0,8034,3194.5,3200.0,3193.0,3198.5,17
2019-12-18,MESZ9,7868,3191.25,3198.75,3188.0,3194.25,7851
2019-12-18,MESZ9-MESH0,7640,3.45,4.9,3.3,4.5,407
2019-12-19,MESH0,8001,3198.75,3214.0,3194.5,3213.0,123117
2019-12-19,MESH0-MESM0,7664,-0.65,-0.65,-0.65,-0.65,1
2019-12-19,MESM0,8034,3195.75,3214.0,3194.75,3214.0,103
2019-12-19,MESZ9,7868,3194.0,3209.25,3190.25,3208.5,6905
2019-12-19,MESZ9-MESH0,7640,4.5,4.95,3.55,4.3,416
2019-12-19,MESZ9-MESM0,7641,3.75,3.75,3.75,3.75,1
2019-12-20,MESH0,8001,3213.0,3229.5,3208.75,3224.5,150932
2019-12-20,MESM0,8034,3211.75,3229.0,3211.5,3225.5,87
2019-12-20,MESZ9,7868,3208.25,3221.75,3204.0,3217.0,1301
2019-12-20,MESZ9-MESH0,7640,4.25,5.0,2.75,2.75,55
2019-12-22,MESH0,8001,3226.25,3229.0,3224.75,3228.25,2221
2019-12-22,MESH0-MESM0,7664,-0.6,-0.6,-0.6,-0.6,1
2019-12-22,MESM0,8034,3227.0,3227.0,3227.0,3227.0,2
2019-12-23,MESH0,8001,3228.25,3234.25,3224.25,3228.5,86978
2019-12-23,MESM0,8034,3227.25,3234.0,3225.5,3229.0,114
2019-12-23,MESU0,20871,3221.0,3221.0,3221.0,3221.0,9
2019-12-24,MESH0,8001,3228.5,3231.0,3222.5,3226.5,39854
2019-12-24,MESH0-MESM0,7664,0.0,0.0,0.0,0.0,4
2019-12-24,MESM0,8034,3228.75,3228.75,3222.75,3226.0,53
2019-12-24,MESU0,20871,3231.0,3233.0,3231.0,3233.0,9
2019-12-25,MESH0,8001,3226.75,3228.5,3226.75,3227.5,675
2019-12-26,MESH0,8001,3227.5,3244.75,3227.25,3243.25,60617
2019-12-26,MESM0,8034,3229.5,3245.0,3229.25,3244.5,107
2019-12-26,MESU0,20871,3229.75,3229.75,3229.75,3229.75,1
2019-12-27,MESH0,8001,3243.5,3254.0,3235.5,3236.5,150446
2019-12-27,MESM0,8034,3246.0,3254.0,3236.5,3241.25,102
2019-12-29,MESH0,8001,3237.5,3241.5,3237.5,3241.0,2285
2019-12-29,MESM0,8034,3241.0,3241.0,3241.0,3241.0,1
2019-12-30,MESH0,8001,3241.0,3244.5,3217.25,3224.75,191222
2019-12-30,MESM0,8034,3241.0,3243.25,3219.0,3223.75,69
2019-12-30,MESU0,20871,3230.75,3230.75,3230.75,3230.75,1
2019-12-31,MESH0,8001,3224.75,3236.0,3213.0,3236.0,142614
2019-12-31,MESM0,8034,3227.75,3235.0,3212.0,3235.0,91
2019-12-31,MESU0,20871,3225.0,3225.0,3225.0,3225.0,3
2020-01-01,MESH0,8001,3237.0,3240.5,3234.25,3237.75,3113
2020-01-01,MESM0,8034,3236.25,3240.0,3235.0,3240.0,3
2020-01-02,MESH0,8001,3237.5,3263.25,3235.25,3261.0,177532
2020-01-02,MESH0-MESM0,7664,0.2,0.2,0.2,0.2,1
2020-01-02,MESM0,8034,3238.25,3262.0,3236.0,3262.0,164
2020-01-02,MESU0,20871,3255.0,3255.0,3255.0,3255.0,1
2020-01-02,MESZ0,24948,3245.0,3245.0,3245.0,3245.0,1
2020-01-03,MESH0,8001,3261.0,3262.75,3207.0,3235.5,309061
2020-01-03,MESM0,8034,3262.0,3262.0,3209.5,3237.0,329
2020-01-05,MESH0,8001,3222.75,3224.25,3216.25,3223.75,8867
2020-01-05,MESH0-MESM0,7664,-0.35,-0.35,-0.35,-0.35,1
2020-01-05,MESM0,8034,3220.0,3222.0,3215.0,3222.0,57
2020-01-06,MESH0,8001,3223.75,3249.5,3208.75,3242.5,239888
2020-01-06,MESM0,8034,3224.25,3247.0,3209.0,3241.0,209
2020-01-06,MESU0,20871,3218.0,3246.25,3218.0,3246.25,5
2020-01-07,MESH0,8001,3242.75,3254.5,3195.75,3203.25,259817
2020-01-07,MESM0,8034,3246.0,3253.5,3196.5,3205.0,288
2020-01-07,MESU0,20871,3250.0,3250.0,3235.0,3235.0,4
2020-01-08,MESH0,8001,3203.25,3267.5,3181.0,3261.75,452240
2020-01-08,MESH0-MESM0,7664,0.0,0.0,0.0,0.0,1
2020-01-08,MESM0,8034,3200.5,3267.5,3183.5,3266.25,488
2020-01-08,MESU0,20871,3188.0,3265.0,3188.0,3265.0,8
2020-01-09,MESH0,8001,3262.0,3279.0,3257.75,3278.0,196622
2020-01-09,MESH0-MESM0,7664,1.0,1.0,1.0,1.0,1
2020-01-09,MESM0,8034,3265.0,3278.5,3259.0,3278.0,79
2020-01-09,MESU0,20871,3270.0,3270.0,3270.0,3270.0,1
2020-01-10,MESH0,8001,3278.25,3287.0,3260.75,3263.5,215717
2020-01-10,MESM0,8034,3282.0,3286.75,3262.5,3266.5,188
2020-01-10,MESU0,20871,3265.25,3265.25,3265.25,3265.25,1
2020-01-12,MESH0,8001,3265.75,3271.5,3265.5,3267.5,3574
2020-01-12,MESM0,8034,3266.5,3273.0,3266.5,3271.5,7
2020-01-13,MESH0,8001,3267.25,3294.25,3266.75,3293.75,155785
2020-01-13,MESH0-MESM0,7664,0.35,0.35,0.35,0.35,3
2020-01-13,MESM0,8034,3271.5,3294.0,3269.5,3294.0,107
2020-01-13,MESU0,20871,3280.0,3280.0,3280.0,3280.0,1
2020-01-14,MESH0,8001,3294.0,3296.5,3275.25,3279.0,270542
2020-01-14,MESM0,8034,3296.0,3296.25,3279.0,3282.0,91
2020-01-15,MESH0,8001,3279.0,3300.0,3278.0,3297.0,233646
2020-01-15,MESH0-MESM0,7664,0.05,1.25,0.05,1.25,32
2020-01-15,MESM0,8034,3278.5,3299.75,3278.5,3296.25,238
2020-01-15,MESU0,20871,3297.25,3297.25,3297.25,3297.25,1
2020-01-16,MESH0,8001,3297.0,3323.75,3294.5,3319.75,177451
2020-01-16,MESH0-MESM0,7664,0.05,0.05,0.05,0.05,2
2020-01-16,MESM0,8034,3296.0,3322.75,3295.5,3320.5,168
2020-01-16,MESU0,20871,3304.25,3304.25,3304.25,3304.25,1
2020-01-17,MESH0,8001,3319.5,3330.25,3316.75,3323.25,167393
2020-01-17,MESM0,8034,3320.5,3330.5,3319.25,3324.25,260
2020-01-17,MESU0,20871,3324.5,3324.5,3319.5,3319.5,5
2020-01-19,MESH0,8001,3324.5,3328.0,3323.0,3328.0,2263
2020-01-19,MESM0,8034,3323.5,3329.25,3323.5,3329.25,3
2020-01-20,MESH0,8001,3327.75,3328.5,3318.75,3323.0,28139
2020-01-20,MESM0,8034,3327.0,3327.0,3318.75,3326.25,40
2020-01-20,MESU0,20871,3325.5,3325.5,3325.5,3325.5,1
2020-01-21,MESH0,8001,3323.0,3330.0,3307.25,3320.5,234647
2020-01-21,MESH0-MESM0,7664,0.05,0.05,0.05,0.05,2
2020-01-21,MESM0,8034,3322.5,3329.0,3310.5,3320.75,143
2020-01-21,MESU0,20871,3323.5,3323.5,3323.5,3323.5,1
2020-01-22,MESH0,8001,3320.5,3337.5,3313.75,3314.25,224654
2020-01-22,MESM0,8034,3324.75,3338.0,3313.75,3315.25,110
2020-01-22,MESU0,20871,3331.75,3331.75,3324.0,3324.0,4
2020-01-23,MESH0,8001,3314.5,3332.0,3301.5,3330.25,348625
2020-01-23,MESH0-MESM0,7664,0.05,0.7,0.05,0.7,25
2020-01-23,MESM0,8034,3315.5,3331.0,3303.0,3326.5,155
2020-01-24,MESH0,8001,3330.5,3337.0,3280.5,3290.75,516427
2020-01-24,MESH0-MESM0,7664,0.3,0.75,0.3,0.75,6
2020-01-24,MESM0,8034,3329.75,3338.0,3281.5,3294.0,364
2020-01-26,MESH0,8001,3273.0,3273.0,3252.0,3259.0,21915
2020-01-26,MESM0,8034,3279.25,3279.25,3253.5,3258.5,48
2020-01-27,MESH0,8001,3258.5,3269.0,3233.0,3247.0,505097
2020-01-27,MESH0-MESM0,7664,0.4,0.7,0.25,0.7,8
2020-01-27,MESM0,8034,3260.0,3269.25,3232.5,3248.0,228
2020-01-28,MESH0,8001,3247.0,3285.0,3242.0,3275.25,350989
2020-01-28,MESH0-MESM0,7664,0.35,0.5,0.35,0.45,12
2020-01-28,MESM0,8034,3248.75,3285.0,3242.75,3275.75,190
2020-01-28,MESU0,20871,3263.75,3273.75,3263.75,3273.75,2
2020-01-29,MESH0,8001,3275.5,3292.75,3265.25,3273.25,378642
2020-01-29,MESH0-MESM0,7664,0.05,0.05,0.05,0.05,5
2020-01-29,MESM0,8034,3288.75,3293.75,3266.0,3276.0,164
2020-01-30,MESH0,8001,3273.5,3295.25,3239.5,3289.25,540649
2020-01-30,MESM0,8034,3268.5,3295.0,3238.25,3290.0,575
2020-01-30,MESU0,20871,3259.0,3259.0,3259.0,3259.0,1
2020-01-31,MESH0,8001,3289.5,3297.5,3212.5,3227.0,637172
2020-01-31,MESH0-MESM0,7664,0.0,0.7,-0.5,0.25,10
2020-01-31,MESH1,8963,3224.0,3224.0,3224.0,3224.0,1
2020-01-31,MESM0,8034,3285.0,3297.5,3212.75,3228.25,391
2020-02-02,MESH0,8001,3222.0,3236.25,3221.5,3232.25,13280
2020-02-02,MESM0,8034,3227.0,3235.0,3227.0,3235.0,18
2020-02-03,MESH0,8001,3232.0,3267.25,3229.75,3241.5,378673
2020-02-03,MESH0-MESM0,7664,-0.5,-0.5,-0.5,-0.5,2
2020-02-03,MESM0,8034,3228.5,3266.0,3228.5,3242.0,248
2020-02-03,MESU0,20871,3250.0,3250.0,3244.0,3244.0,7
2020-02-04,MESH0,8001,3241.75,3305.25,3240.75,3294.25,355389
2020-02-04,MESM0,8034,3246.5,3305.5,3246.5,3301.5,491
2020-02-04,MESU0,20871,3267.25,3304.25,3267.25,3304.25,7
2020-02-05,MESH0,8001,3294.25,3340.25,3288.25,3334.25,416010
2020-02-05,MESM0,8034,3294.0,3339.5,3290.0,3337.5,867
2020-02-05,MESU0,20871,3325.0,3329.0,3325.0,3329.0,11
2020-02-06,MESH0,8001,3334.5,3357.5,3332.5,3349.25,290082
2020-02-06,MESH1,8963,3317.25,3368.25,3317.25,3368.25,2
2020-02-06,MESM0,8034,3332.0,3359.0,3332.0,3348.25,376
2020-02-07,MESH0,8001,3349.25,3350.0,3320.75,3322.75,379366
2020-02-07,MESH0-MESM0,7664,0.2,0.2,0.15,0.2,9
2020-02-07,MESH1,8963,3353.5,3353.5,3353.5,3353.5,1
2020-02-07,MESM0,8034,3345.0,3345.0,3322.0,3324.0,291
2020-02-07,MESU0,20871,3328.0,3328.0,3328.0,3328.0,1
2020-02-09,MESH0,8001,3322.0,3329.5,3303.25,3311.25,19017
2020-02-09,MESM0,8034,3320.5,3329.0,3305.0,3312.0,39
2020-02-10,MESH0,8001,3311.5,3353.5,3311.5,3351.5,261648
2020-02-10,MESH0-MESM0,7664,0.2,0.7,0.0,0.7,22
2020-02-10,MESM0,8034,3315.5,3354.0,3311.75,3350.5,354
2020-02-11,MESH0,8001,3351.5,3374.5,3349.5,3361.0,282091
2020-02-11,MESH0-MESM0,7664,0.45,0.45,0.45,0.45,30
2020-02-11,MESM0,8034,3350.0,3375.0,3350.0,3360.75,759
2020-02-12,MESH0,8001,3360.75,3382.5,3355.5,3367.75,231442
2020-02-12,MESH0-MESM0,7664,0.7,0.7,0.7,0.7,10
2020-02-12,MESM0,8034,3361.75,3382.0,3356.0,3368.75,870
2020-02-12,MESU0,20871,3371.0,3371.0,3371.0,3371.0,1
2020-02-13,MESH0,8001,3367.75,3384.75,3348.5,3374.0,314660
2020-02-13,MESM0,8034,3367.0,3385.0,3349.5,3375.0,465
2020-02-13,MESU0,20871,3376.25,3379.5,3376.25,3379.5,2
2020-02-14,MESH0,8001,3374.25,3388.25,3365.25,3380.75,228019
2020-02-14,MESH0-MESM0,7664,0.7,0.7,0.7,0.7,5
2020-02-14,MESM0,8034,3376.0,3388.0,3366.5,3381.5,287
2020-02-14,MESU0,20871,3379.5,3379.5,3379.5,3379.5,6
2020-02-16,MESH0,8001,3381.25,3389.5,3381.25,3387.75,6136
2020-02-16,MESM0,8034,3388.5,3389.0,3388.5,3388.5,6
2020-02-17,MESH0,8001,3387.5,3392.5,3372.0,3376.0,45762
2020-02-17,MESH0-MESM0,7664,0.75,0.75,0.75,0.75,1
2020-02-17,MESM0,8034,3386.25,3392.0,3372.5,3376.25,73
2020-02-18,MESH0,8001,3376.0,3378.25,3355.25,3378.0,287295
2020-02-18,MESH0-MESM0,7664,0.3,0.3,0.3,0.3,10
2020-02-18,MESM0,8034,3376.25,3378.5,3354.25,3378.5,408
2020-02-18,MESZ0,24948,3372.25,3379.25,3372.25,3379.25,5
2020-02-19,MESH0,8001,3378.0,3394.0,3372.25,3391.75,212393
2020-02-19,MESH0-MESM0,7664,0.75,0.75,0.75,0.75,2
2020-02-19,MESM0,8034,3378.75,3394.75,3373.75,3389.5,223
2020-02-20,MESH0,8001,3391.75,3397.5,3339.5,3355.75,564468
2020-02-20,MESH0-MESM0,7664,0.95,0.95,0.3,0.3,17
2020-02-20,MESM0,8034,3395.0,3397.25,3340.0,3358.0,556
2020-02-20,MESU0,20871,3388.0,3388.0,3336.5,3364.0,9
2020-02-21,MESH0,8001,3356.0,3365.75,3327.75,3338.25,464242
2020-02-21,MESH0-MESM0,7664,0.95,0.95,0.05,0.05,17
2020-02-21,MESM0,8034,3361.0,3364.5,3327.25,3338.5,478
2020-02-21,MESU0,20871,3332.75,3335.5,3332.75,3335.5,3
2020-02-23,MESH0,8001,3315.0,3315.0,3289.5,3298.25,30369
2020-02-23,MESM0,8034,3327.25,3327.25,3290.0,3295.5,135
2020-02-24,MESH0,8001,3298.25,3303.75,3213.75,3239.75,815056
2020-02-24,MESH0-MESM0,7664,0.05,0.25,-1.0,-0.6,10
2020-02-24,MESM0,8034,3297.25,3300.0,3212.5,3239.0,2068
2020-02-24,MESU0,20871,3256.0,3258.0,3211.25,3230.5,15
2020-02-25,MESH0,8001,3239.75,3259.5,3117.25,3151.5,1149924
2020-02-25,MESH0-MESM0,7664,-0.6,0.0,-1.95,0.0,131
2020-02-25,MESM0,8034,3240.5,3258.75,3116.75,3150.75,2657
2020-02-25,MESU0,20871,3250.0,3255.5,3110.25,3110.25,25
2020-02-26,MESH0,8001,3151.5,3182.0,3090.5,3103.5,1085683
2020-02-26,MESH0-MESM0,7664,-0.6,-0.6,-2.45,-1.4,98
2020-02-26,MESM0,8034,3150.75,3180.5,3088.0,3097.75,2901
2020-02-26,MESU0,20871,3125.5,3175.0,3110.0,3110.25,14
2020-02-26,MESZ0,24948,3135.0,3154.0,3110.0,3110.0,10
2020-02-27,MESH0,8001,3103.25,3107.75,2935.5,2967.0,1288011
2020-02-27,MESH0-MESM0,7664,-1.3,-1.3,-3.25,-1.75,293
2020-02-27,MESH1,8963,2990.0,2990.0,2990.0,2990.0,1
2020-02-27,MESM0,8034,3105.0,3105.0,2932.75,2968.25,6062
2020-02-27,MESU0,20871,3088.0,3088.0,2940.0,2940.0,17
2020-02-27,MESZ0,24948,3066.0,3066.0,3033.0,3033.0,2
2020-02-28,MESH0,8001,2967.0,2995.75,2853.0,2988.75,1694518
2020-02-28,MESH0-MESM0,7664,-1.8,-1.8,-4.75,-4.25,133
2020-02-28,MESM0,8034,2965.75,2992.5,2848.75,2980.25,4586
2020-02-28,MESU0,20871,2936.75,2936.75,2865.0,2918.0,14
2020-02-28,MESZ0,24948,2922.5,2940.0,2877.25,2940.0,9
2020-03-01,MESH0,8001,2904.0,2927.75,2888.0,2919.0,34050
2020-03-01,MESH0-MESM0,7664,-5.25,-5.25,-5.25,-5.25,4
2020-03-01,MESM0,8034,2935.0,2936.0,2883.5,2912.75,280
2020-03-01,MESU0,20871,2910.0,2910.0,2910.0,2910.0,1
2020-03-02,MESH0,8001,2918.75,3093.0,2903.75,3084.5,925363
2020-03-02,MESH0-MESM0,7664,-5.25,-5.25,-6.2,-5.45,104
2020-03-02,MESM0,8034,2913.0,3086.75,2896.75,3079.75,3485
2020-03-02,MESU0,20871,2911.0,3080.5,2911.0,3062.25,145
2020-03-03,MESH0,8001,3084.25,3136.5,2973.0,2991.0,1097607
2020-03-03,MESH0-MESM0,7664,-6.25,-5.75,-8.45,-7.8,273
2020-03-03,MESM0,8034,3080.0,3130.0,2963.25,2980.75,4040
2020-03-03,MESU0,20871,3076.0,3115.25,3011.0,3011.0,54
2020-03-04,MESH0,8001,2990.5,3129.25,2989.25,3107.0,642673
2020-03-04,MESH0-MESM0,7664,-8.45,-7.3,-8.45,-8.0,87
2020-03-04,MESM0,8034,2984.75,3123.75,2983.5,3098.5,3064
2020-03-04,MESU0,20871,2995.25,3102.0,2995.25,3102.0,24
2020-03-04,MESZ0,24948,3045.0,3045.0,3045.0,3045.0,1
2020-03-05,MESH0,8001,3107.25,3108.75,2996.75,3026.75,714075
2020-03-05,MESH0-MESM0,7664,-8.0,-8.0,-9.15,-8.95,216
2020-03-05,MESM0,8034,3094.0,3101.5,2987.5,3016.25,3882
2020-03-05,MESU0,20871,3080.0,3080.0,2985.0,3010.25,55
2020-03-06,MESH0,8001,3026.75,3037.0,2898.0,2963.75,906272
2020-03-06,MESH0-MESM0,7664,-8.5,-8.05,-10.95,-10.15,827
2020-03-06,MESM0,8034,3019.25,3026.75,2887.0,2950.0,7220
2020-03-06,MESU0,20871,3010.0,3013.0,2880.0,2943.0,211
2020-03-08,MESH0,8001,2916.5,2917.0,2819.0,2822.75,81175
2020-03-08,MESH0-MESM0,7664,-11.75,-11.6,-13.85,-13.35,685
2020-03-08,MESM0,8034,2917.0,2917.0,2809.0,2809.5,1812
2020-03-08,MESU0,20871,2911.5,2911.5,2798.5,2798.5,49
2020-03-09,MESH0,8001,2822.5,2839.0,2694.75,2795.5,781419
2020-03-09,MESH0-MESM0,7664,-13.4,-11.75,-15.4,-12.15,993
2020-03-09,MESH1,8963,2853.0,2853.0,2690.0,2690.0,7
2020-03-09,MESM0,8034,2809.5,2826.0,2685.0,2785.0,10210
2020-03-09,MESU0,20871,2798.5,2806.25,2675.0,2783.75,186
2020-03-10,MESH0,8001,2796.0,2884.75,2728.25,2827.0,1045634
2020-03-10,MESH0-MESM0,7664,-11.85,-11.0,-12.65,-11.5,1013
2020-03-10,MESH1,8963,2784.25,2808.5,2784.25,2808.5,2
2020-03-10,MESM0,8034,2790.0,2872.75,2717.5,2814.5,12273
2020-03-10,MESU0,20871,2788.5,2858.5,2708.0,2794.0,181
2020-03-11,MESH0,8001,2826.75,2839.25,2703.0,2732.75,1118179
2020-03-11,MESH0-MESM0,7664,-11.75,-11.15,-12.2,-11.5,220
2020-03-11,MESM0,8034,2815.0,2825.75,2691.25,2722.75,12063
2020-03-11,MESU0,20871,2803.5,2803.5,2684.25,2725.75,48
2020-03-12,MESH0,8001,2732.75,2742.5,2418.25,2440.0,1419525
2020-03-12,MESH0-MESM0,7664,-11.65,-11.55,-13.75,-12.6,1080
2020-03-12,MESH1,8963,2690.0,2690.0,2690.0,2690.0,1
2020-03-12,MESM0,8034,2722.75,2730.0,2406.5,2426.75,72193
2020-03-12,MESU0,20871,2714.75,2714.75,2408.0,2410.0,178
2020-03-12,MESZ0,24948,2580.0,2627.0,2580.0,2627.0,9
2020-03-13,MESH0,8001,2441.0,2708.5,2393.25,2666.75,476075
2020-03-13,MESH0-MESM0,7664,-13.5,-10.55,-16.25,-12.15,2521
2020-03-13,MESM0,8034,2426.5,2696.75,2379.75,2651.25,845791
2020-03-13,MESM0-MESU0,12177,-12.2,-11.0,-12.6,-11.45,32
2020-03-13,MESU0,20871,2422.25,2686.0,2372.0,2638.5,438
2020-03-13,MESZ0,24948,2540.5,2570.0,2511.0,2511.0,5
2020-03-15,MESH0,8001,2673.75,2698.5,2567.5,2567.5,6306
2020-03-15,MESH0-MESM0,7664,-14.0,-14.0,-17.0,-14.5,27
2020-03-15,MESM0,8034,2663.0,2663.0,2555.5,2555.5,8638
2020-03-15,MESU0,20871,2690.0,2700.0,2550.0,2550.0,18
2020-03-15,MESZ0,24948,2670.0,2670.0,2670.0,2670.0,2
2020-03-16,MESH0,8001,2567.5,2567.75,2351.0,2443.75,186375
2020-03-16,MESH0-MESM0,7664,-15.3,-7.0,-15.3,-11.75,3802
2020-03-16,MESH1,8963,2360.75,2360.75,2360.75,2360.75,1
2020-03-16,MESM0,8034,2555.5,2555.5,2345.0,2432.25,775546
2020-03-16,MESU0,20871,2544.5,2544.5,2378.5,2423.5,247
2020-03-16,MESZ0,24948,2387.0,2500.0,2375.0,2375.0,12
2020-03-17,MESH0,8001,2443.25,2554.25,2365.0,2425.0,164196
2020-03-17,MESH0-MESM0,7664,-12.85,-9.5,-13.2,-13.0,3038
2020-03-17,MESM0,8034,2431.75,2542.75,2352.0,2411.5,1320926
2020-03-17,MESM0-MESU0,12177,-11.5,-11.0,-11.5,-11.0,20
2020-03-17,MESU0,20871,2410.0,2522.5,2350.0,2397.0,531
2020-03-17,MESZ0,24948,2467.0,2471.25,2423.0,2440.0,10
2020-03-18,MESH0,8001,2425.25,2474.25,2273.5,2455.5,87844
2020-03-18,MESH0-MESM0,7664,-13.3,-11.35,-14.3,-12.5,6377
2020-03-18,MESM0,8034,2411.5,2461.5,2262.5,2443.5,1136594
2020-03-18,MESM0-MESU0,12177,-11.35,-11.35,-11.5,-11.5,20
2020-03-18,MESU0,20871,2406.0,2446.5,2257.75,2445.75,713
2020-03-18,MESZ0,24948,2387.5,2415.0,2265.0,2415.0,10
2020-03-19,MESH0,8001,2456.0,2470.5,2287.25,2372.75,95887
2020-03-19,MESH0-MESM0,7664,-12.5,-12.25,-13.75,-12.3,1102
2020-03-19,MESH0-MESU0,12096,-20.5,-20.5,-20.5,-20.5,1
2020-03-19,MESH1,8963,2375.0,2375.0,2375.0,2375.0,1
2020-03-19,MESM0,8034,2443.5,2457.25,2273.5,2356.25,1704373
2020-03-19,MESM0-MESU0,12177,-11.5,-10.0,-11.5,-10.25,7
2020-03-19,MESU0,20871,2430.0,2432.75,2274.0,2343.5,645
2020-03-20,MESH0,8001,2367.75,2513.0,2352.5,2451.25,8810
2020-03-20,MESH0-MESM0,7664,-14.75,-11.0,-19.7,-18.75,86
2020-03-20,MESM0,8034,2356.0,2499.0,2259.5,2265.5,1582648
2020-03-20,MESM0-MESU0,12177,-9.5,-8.0,-10.5,-8.25,138
2020-03-20,MESU0,20871,2341.5,2483.75,2252.5,2256.75,578
2020-03-20,MESZ0,24948,2360.0,2470.0,2291.0,2291.0,5
2020-03-22,MESM0,8034,2220.5,2231.0,2174.0,2190.5,20971
2020-03-22,MESM0-MESU0,12177,-7.2,-7.2,-7.2,-7.2,1
2020-03-22,MESU0,20871,2207.75,2208.5,2165.5,2186.75,49
2020-03-23,MESM0,8034,2190.5,2385.5,2174.0,2253.25,1351014
2020-03-23,MESM0-MESU0,12177,-7.25,-6.4,-8.0,-7.25,78
2020-03-23,MESU0,20871,2194.5,2376.75,2167.25,2250.0,1258
2020-03-23,MESZ0,24948,2325.0,2325.0,2195.0,2235.0,4
2020-03-24,MESM0,8034,2252.5,2470.5,2241.25,2421.75,1057277
2020-03-24,MESM0-MESU0,12177,-7.1,-5.95,-7.5,-6.55,28
2020-03-24,MESU0,20871,2241.5,2458.5,2237.0,2416.0,1187
2020-03-24,MESZ0,24948,2277.25,2420.0,2277.25,2420.0,9
2020-03-25,MESM0,8034,2422.0,2561.5,2378.25,2468.75,1380196
2020-03-25,MESM0-MESU0,12177,-6.4,-6.0,-6.4,-6.0,62
2020-03-25,MESU0,20871,2411.0,2552.0,2367.0,2461.0,1859
2020-03-25,MESZ0,24948,2410.0,2543.0,2408.0,2460.0,17
2020-03-26,MESM0,8034,2468.25,2635.0,2401.75,2629.25,1135261
2020-03-26,MESM0-MESU0,12177,-6.45,-5.0,-6.7,-6.3,38
2020-03-26,MESU0,20871,2456.0,2627.75,2400.0,2627.75,1131
2020-03-26,MESZ0,24948,2442.0,2595.0,2442.0,2595.0,8
2020-03-27,MESM0,8034,2629.0,2632.75,2505.5,2519.0,996334
2020-03-27,MESM0-MESU0,12177,-6.4,-5.15,-7.0,-5.15,33
2020-03-27,MESU0,20871,2621.0,2621.0,2499.0,2514.0,838
2020-03-27,MESZ0,24948,2550.25,2552.0,2520.0,2552.0,10
2020-03-29,MESM0,8034,2465.0,2498.5,2447.0,2487.25,68946
2020-03-29,MESM0-MESU0,12177,-5.4,-5.4,-5.4,-5.4,5
2020-03-29,MESU0,20871,2488.5,2492.75,2443.25,2485.75,120
2020-03-29,MESZ0,24948,2470.0,2470.0,2470.0,2470.0,1
2020-03-30,MESM0,8034,2487.0,2624.0,2481.5,2616.5,893954
2020-03-30,MESM0-MESU0,12177,-4.75,-4.75,-4.75,-4.75,1
2020-03-30,MESU0,20871,2488.75,2619.0,2475.0,2611.0,1044
2020-03-30,MESZ0,24948,2552.0,2586.25,2500.0,2585.25,11
2020-03-31,MESH1,8963,2597.0,2597.0,2597.0,2597.0,1
2020-03-31,MESM0,8034,2616.75,2639.25,2536.5,2539.0,873225
2020-03-31,MESM0-MESU0,12177,-3.35,-2.85,-3.35,-2.85,19
2020-03-31,MESU0,20871,2619.0,2633.0,2534.0,2538.0,1182
2020-03-31,MESZ0,24948,2610.0,2610.0,2540.0,2540.0,17
2020-04-01,MESM0,8034,2539.0,2548.0,2434.25,2470.75,881686
2020-04-01,MESM0-MESU0,12177,-3.25,-2.55,-3.25,-2.9,30
2020-04-01,MESM1,18659,2500.0,2500.0,2447.0,2447.0,4
2020-04-01,MESU0,20871,2530.0,2543.0,2433.0,2463.5,956
2020-04-01,MESZ0,24948,2520.0,2520.0,2455.0,2460.0,7
2020-04-02,MESM0,8034,2471.0,2525.0,2424.75,2504.5,1057199
2020-04-02,MESM1,18659,2445.0,2445.0,2442.0,2442.0,2
2020-04-02,MESU0,20871,2467.0,2522.0,2422.0,2503.0,932
2020-04-02,MESZ0,24948,2464.0,2515.0,2464.0,2515.0,4
2020-04-03,MESH1,8963,2475.0,2475.0,2475.0,2475.0,1
2020-04-03,MESM0,8034,2504.5,2529.5,2448.75,2479.5,802553
2020-04-03,MESM0-MESU0,12177,-3.4,-3.4,-3.4,-3.4,5
2020-04-03,MESU0,20871,2502.0,2525.5,2447.5,2477.25,610
2020-04-03,MESZ0,24948,2490.0,2508.5,2490.0,2497.5,5
2020-04-05,MESM0,8034,2483.25,2523.75,2483.25,2518.5,35560
2020-04-05,MESM0-MESU0,12177,-3.1,-3.1,-3.1,-3.1,2
2020-04-05,MESU0,20871,2478.25,2520.25,2478.25,2511.0,122
2020-04-05,MESZ0,24948,2510.0,2510.0,2510.0,2510.0,1
2020-04-06,MESH1,8963,2635.0,2635.0,2635.0,2635.0,1
2020-04-06,MESM0,8034,2518.75,2668.5,2517.5,2663.0,751963
2020-04-06,MESM0-MESU0,12177,-4.5,-3.95,-4.5,-3.95,19
2020-04-06,MESU0,20871,2516.5,2662.0,2516.5,2659.5,987
2020-04-06,MESZ0,24948,2530.0,2660.0,2530.0,2660.0,10
2020-04-07,MESM0,8034,2663.75,2749.0,2623.75,2650.75,1184417
2020-04-07,MESM0-MESU0,12177,-4.0,-3.5,-4.5,-4.5,7
2020-04-07,MESU0,20871,2656.5,2743.0,2621.25,2645.0,1715
2020-04-07,MESZ0,24948,2640.0,2730.0,2633.25,2633.25,14
2020-04-08,MESM0,8034,2650.25,2752.5,2620.75,2747.25,980366
2020-04-08,MESM0-MESU0,12177,-4.75,-3.0,-6.05,-6.0,45
2020-04-08,MESU0,20871,2641.25,2745.0,2615.0,2741.25,965
2020-04-08,MESZ0,24948,2641.5,2692.0,2641.5,2692.0,3
2020-04-09,MESH1,8963,2755.25,2755.25,2755.25,2755.25,1
2020-04-09,MESM0,8034,2747.5,2809.75,2700.25,2787.0,1089664
2020-04-09,MESM0-MESU0,12177,-6.5,-5.95,-7.5,-7.45,43
2020-04-09,MESU0,20871,2740.75,2801.0,2698.0,2776.75,909
2020-04-09,MESZ0,24948,2722.0,2793.0,2722.0,2750.0,9
2020-04-12,MESM0,8034,2807.0,2820.5,2717.75,2743.75,69180
2020-04-12,MESM1,18659,2779.0,2779.0,2779.0,2779.0,2
2020-04-12,MESU0,20871,2786.25,2799.0,2713.5,2734.0,141
2020-04-12,MESZ0,24948,2754.0,2754.0,2736.75,2736.75,2
2020-04-13,MESM0,8034,2744.0,2779.5,2710.25,2768.0,751626
2020-04-13,MESM0-MESU0,12177,-7.4,-7.4,-8.0,-8.0,5
2020-04-13,MESU0,20871,2735.0,2765.5,2705.75,2758.75,454
2020-04-13,MESZ0,24948,2730.0,2751.75,2715.0,2751.75,7
2020-04-14,MESM0,8034,2768.0,2848.75,2752.5,2832.0,733010
2020-04-14,MESM0-MESU0,12177,-7.5,-7.5,-9.0,-9.0,3
2020-04-14,MESU0,20871,2760.0,2836.0,2747.5,2827.0,632
2020-04-14,MESZ0,24948,2780.0,2825.0,2780.0,2820.25,10
2020-04-15,MESM0,8034,2832.25,2835.0,2750.25,2753.75,866375
2020-04-15,MESM0-MESU0,12177,-8.0,-7.65,-8.0,-7.75,40
2020-04-15,MESU0,20871,2822.75,2826.5,2742.25,2745.25,922
2020-04-15,MESZ0,24948,2820.0,2820.0,2750.0,2756.0,7
2020-04-16,MESM0,8034,2753.75,2885.25,2746.5,2869.75,1004263
2020-04-16,MESM0-MESU0,12177,-7.7,-7.25,-7.7,-7.25,32
2020-04-16,MESM1,18659,2820.0,2820.0,2820.0,2820.0,1
2020-04-16,MESU0,20871,2750.0,2878.0,2739.75,2860.5,1214
2020-04-16,MESZ0,24948,2740.0,2780.0,2740.0,2780.0,7
2020-04-17,MESM0,8034,2869.75,2884.0,2821.0,2867.75,890923
2020-04-17,MESM0-MESU0,12177,-7.6,-7.55,-7.6,-7.55,5
2020-04-17,MESU0,20871,2863.0,2876.0,2813.25,2862.25,812
2020-04-17,MESZ0,24948,2828.0,2855.0,2828.0,2855.0,4
2020-04-19,MESM0,8034,2861.75,2862.25,2842.0,2848.25,37109
2020-04-19,MESU0,20871,2848.75,2850.75,2833.75,2840.0,56
2020-04-20,MESH1,8963,2820.0,2820.0,2820.0,2820.0,5
2020-04-20,MESM0,8034,2848.5,2875.75,2804.25,2817.0,942397
2020-04-20,MESM0-MESU0,12177,-7.45,-6.9,-7.5,-7.5,26
2020-04-20,MESU0,20871,2844.0,2866.75,2798.75,2806.0,1098
2020-04-20,MESZ0,24948,2843.75,2855.0,2802.0,2802.0,7
2020-04-21,MESM0,8034,2817.25,2833.25,2717.25,2741.75,1346411
2020-04-21,MESM0-MESU0,12177,-7.5,-7.15,-7.5,-7.5,31
2020-04-21,MESU0,20871,2806.0,2825.0,2711.25,2726.75,1158
2020-04-21,MESZ0,24948,2790.0,2790.0,2708.5,2714.0,13
2020-04-22,MESM0,8034,2741.5,2808.0,2717.25,2779.25,845725
2020-04-22,MESM0-MESU0,12177,-6.5,-6.5,-7.75,-6.55,6
2020-04-22,MESU0,20871,2738.0,2799.0,2709.75,2768.5,647
2020-04-22,MESZ0,24948,2716.0,2789.0,2716.0,2789.0,15
2020-04-23,MESM0,8034,2779.25,2836.75,2764.0,2770.25,1102022
2020-04-23,MESM0-MESU0,12177,-7.7,-7.7,-8.45,-8.45,10
2020-04-23,MESM1,18659,2780.0,2780.0,2780.0,2780.0,1
2020-04-23,MESU0,20871,2774.25,2830.0,2756.75,2762.0,790
2020-04-23,MESZ0,24948,2788.0,2823.75,2755.0,2755.0,8
2020-04-24,MESM0,8034,2770.25,2836.0,2755.0,2827.75,688627
2020-04-24,MESM0-MESU0,12177,-7.95,-6.5,-8.1,-8.1,14
2020-04-24,MESU0,20871,2765.0,2826.75,2747.75,2823.5,621
2020-04-24,MESZ0,24948,2787.5,2820.0,2787.5,2812.0,18
2020-04-26,MESM0,8034,2828.75,2846.5,2812.75,2819.25,37322
2020-04-26,MESM0-MESU0,12177,-7.9,-7.9,-7.9,-7.9,1
2020-04-26,MESU0,20871,2828.0,2839.5,2805.25,2809.75,122
2020-04-26,MESZ0,24948,2835.0,2835.0,2810.0,2810.0,2
2020-04-27,MESM0,8034,2819.25,2883.0,2814.5,2867.5,671821
2020-04-27,MESM0-MESU0,12177,-8.05,-7.9,-8.05,-7.9,3
2020-04-27,MESM1,18659,2820.0,2820.0,2820.0,2820.0,1
2020-04-27,MESU0,20871,2809.25,2872.0,2809.25,2861.0,543
2020-04-27,MESZ0,24948,2840.0,2854.0,2840.0,2854.0,8
2020-04-28,MESH1,8963,2845.0,2845.0,2845.0,2845.0,1
2020-04-28,MESM0,8034,2867.75,2913.5,2851.25,2871.75,981038
2020-04-28,MESM0-MESU0,12177,-8.0,-8.0,-8.0,-8.0,2
2020-04-28,MESU0,20871,2863.0,2905.0,2843.5,2864.5,645
2020-04-28,MESZ0,24948,2853.5,2859.25,2840.0,2855.0,9
2020-04-29,MESM0,8034,2871.75,2959.5,2871.0,2946.0,911623
2020-04-29,MESM0-MESU0,12177,-8.2,-8.2,-8.2,-8.2,21
2020-04-29,MESM1,18659,2920.0,2920.0,2920.0,2920.0,1
2020-04-29,MESU0,20871,2865.25,2951.5,2865.25,2938.75,1060
2020-04-29,MESZ0,24948,2872.5,2935.0,2872.5,2935.0,24
2020-04-30,MESM0,8034,2945.75,2965.25,2853.25,2874.0,1162750
2020-04-30,MESM0-MESU0,12177,-8.2,-8.2,-8.35,-8.3,29
2020-04-30,MESM1,18659,2860.0,2860.0,2860.0,2860.0,1
2020-04-30,MESU0,20871,2935.0,2957.5,2846.0,2864.75,880
2020-04-30,MESZ0,24948,2933.5,2940.0,2850.0,2850.0,26
2020-05-01,MESM0,8034,2874.25,2879.5,2811.75,2818.0,943787
2020-05-01,MESM0-MESU0,12177,-8.35,-8.25,-9.25,-8.35,30
2020-05-01,MESU0,20871,2867.75,2870.25,2804.5,2810.0,1401
2020-05-01,MESZ0,24948,2845.0,2845.0,2805.0,2807.0,9
2020-05-03,MESM0,8034,2793.0,2797.0,2772.5,2777.5,57544
2020-05-03,MESM0-MESU0,12177,-8.65,-8.65,-8.65,-8.65,4
2020-05-03,MESU0,20871,2788.0,2788.75,2764.5,2769.0,225
2020-05-04,MESM0,8034,2777.75,2835.75,2770.75,2831.25,841430
2020-05-04,MESM0-MESU0,12177,-8.45,-8.45,-8.75,-8.75,9
2020-05-04,MESU0,20871,2769.5,2826.0,2761.25,2820.75,762
2020-05-05,MESM0,8034,2831.25,2889.5,2831.0,2866.5,766640
2020-05-05,MESM0-MESU0,12177,-8.75,-8.25,-9.0,-8.25,7
2020-05-05,MESM1,18659,2838.0,2838.0,2838.0,2838.0,1
2020-05-05,MESU0,20871,2824.0,2880.5,2824.0,2857.5,898
2020-05-05,MESZ0,24948,2855.0,2876.25,2855.0,2867.25,6
2020-05-06,MESM0,8034,2866.5,2886.25,2823.25,2833.5,897406
2020-05-06,MESM0-MESU0,12177,-8.85,-8.85,-8.85,-8.85,2
2020-05-06,MESU0,20871,2851.0,2876.0,2815.0,2818.0,834
2020-05-06,MESZ0,24948,2845.0,2845.0,2845.0,2845.0,1
2020-05-07,MESM0,8034,2833.25,2894.75,2833.25,2892.75,825874
2020-05-07,MESM0-MESU0,12177,-8.75,-8.75,-8.75,-8.75,4
2020-05-07,MESU0,20871,2828.0,2886.0,2828.0,2883.0,739
2020-05-07,MESZ0,24948,2860.5,2871.25,2854.0,2854.0,4
2020-05-08,MESH1,8963,2894.0,2906.0,2894.0,2906.0,2
2020-05-08,MESM0,8034,2892.75,2932.75,2892.75,2930.0,622403
2020-05-08,MESM0-MESU0,12177,-9.25,-9.25,-9.25,-9.25,3
2020-05-08,MESM1,18659,2890.25,2890.25,2890.25,2890.25,1
2020-05-08,MESU0,20871,2885.25,2924.0,2885.25,2921.25,1049
2020-05-08,MESZ0,24948,2885.75,2896.25,2885.75,2896.25,4
2020-05-10,MESM0,8034,2921.0,2939.0,2915.75,2937.75,37914
2020-05-10,MESU0,20871,2911.75,2930.0,2904.0,2926.0,116
2020-05-10,MESZ0,24948,2910.5,2910.5,2910.5,2910.5,1
2020-05-11,MESM0,8034,2937.75,2946.5,2889.5,2916.25,788765
2020-05-11,MESM0-MESU0,12177,-8.8,-8.75,-9.05,-9.05,93
2020-05-11,MESU0,20871,2928.0,2937.25,2881.25,2907.5,1313
2020-05-11,MESZ0,24948,2932.0,2938.0,2884.75,2893.0,9
2020-05-12,MESM0,8034,2916.25,2939.75,2827.25,2829.5,998485
2020-05-12,MESM0-MESU0,12177,-8.9,-8.9,-9.25,-8.9,10
2020-05-12,MESU0,20871,2903.75,2931.0,2818.5,2819.75,1526
2020-05-12,MESZ0,24948,2894.0,2894.0,2820.0,2820.0,6
2020-05-13,MESM0,8034,2829.5,2876.5,2786.25,2816.75,1517930
2020-05-13,MESM0-MESU0,12177,-9.0,-9.0,-9.0,-9.0,2
2020-05-13,MESU0,20871,2822.5,2865.5,2777.5,2805.25,2216
2020-05-13,MESZ0,24948,2850.0,2850.0,2777.0,2777.0,7
2020-05-14,MESH1,8963,2742.5,2747.25,2742.5,2747.0,12
2020-05-14,MESM0,8034,2816.5,2855.25,2760.25,2853.5,1345988
2020-05-14,MESM0-MESU0,12177,-9.0,-9.0,-9.0,-9.0,5
2020-05-14,MESU0,20871,2804.25,2846.0,2752.0,2845.0,1596
2020-05-14,MESZ0,24948,2777.0,2835.75,2747.75,2831.25,11
2020-05-15,MESM0,8034,2853.75,2863.0,2809.5,2854.5,1133311
2020-05-15,MESM0-MESU0,12177,-8.6,-8.35,-8.95,-8.35,36
2020-05-15,MESU0,20871,2847.5,2854.0,2801.0,2847.0,1252
2020-05-17,MESM0,8034,2860.0,2873.75,2850.0,2868.25,42342
2020-05-17,MESM0-MESU0,12177,-8.35,-8.35,-8.35,-8.35,4
2020-05-17,MESU0,20871,2850.5,2864.5,2841.75,2862.25,267
2020-05-18,MESM0,8034,2868.5,2964.5,2865.25,2951.5,747935
2020-05-18,MESM0-MESU0,12177,-8.75,-8.6,-9.0,-8.6,91
2020-05-18,MESU0,20871,2857.5,2955.0,2857.0,2942.25,1473
2020-05-18,MESZ0,24948,2885.0,2950.0,2885.0,2935.75,21
2020-05-19,MESH1,8963,2906.0,2906.0,2906.0,2906.0,1
2020-05-19,MESM0,8034,2951.25,2976.25,2908.5,2923.0,934940
2020-05-19,MESM0-MESU0,12177,-8.6,-8.6,-9.0,-9.0,24
2020-05-19,MESU0,20871,2942.0,2965.25,2900.75,2915.0,1330
2020-05-19,MESZ0,24948,2950.0,2950.0,2910.0,2913.75,15
2020-05-20,MESM0,8034,2923.25,2975.75,2922.75,2964.0,850638
2020-05-20,MESM0-MESU0,12177,-8.75,-8.7,-8.9,-8.75,23
2020-05-20,MESU0,20871,2916.75,2966.75,2915.0,2955.0,1442
2020-05-20,MESZ0,24948,2950.5,2960.0,2946.0,2950.0,15
2020-05-21,MESH1,8963,2930.75,2930.75,2930.75,2930.75,1
2020-05-21,MESM0,8034,2964.0,2973.0,2933.0,2949.5,1080584
2020-05-21,MESM0-MESU0,12177,-8.65,-8.65,-8.9,-8.85,6
2020-05-21,MESU0,20871,2954.25,2964.0,2924.5,2941.0,1070
2020-05-21,MESZ0,24948,2940.0,2940.0,2922.0,2933.0,10
2020-05-22,MESH1,8963,2917.0,2917.0,2917.0,2917.0,1
2020-05-22,MESM0,8034,2949.5,2957.25,2903.75,2956.5,844722
2020-05-22,MESM0-MESU0,12177,-8.85,-8.6,-9.1,-9.1,60
2020-05-22,MESU0,20871,2940.0,2948.0,2897.75,2948.0,1183
2020-05-22,MESZ0,24948,2920.0,2936.0,2920.0,2936.0,7
2020-05-24,MESM0,8034,2948.75,2969.0,2947.75,2966.75,21533
2020-05-24,MESM0-MESU0,12177,-9.25,-8.9,-9.25,-8.9,4
2020-05-24,MESU0,20871,2948.0,2958.25,2940.5,2956.0,65
2020-05-25,MESM0,8034,2967.0,2990.0,2954.25,2982.5,169055
2020-05-25,MESM0-MESU0,12177,-9.05,-9.05,-9.95,-9.25,72
2020-05-25,MESU0,20871,2957.0,2980.5,2945.5,2974.0,401
2020-05-25,MESZ0,24948,2950.0,2950.0,2950.0,2950.0,4
2020-05-26,MESM0,8034,2982.5,3019.75,2980.75,2990.0,852617
2020-05-26,MESM0-MESU0,12177,-9.25,-9.0,-9.4,-9.0,11
2020-05-26,MESM1,18659,2980.0,2980.0,2980.0,2980.0,1
2020-05-26,MESU0,20871,2972.75,3011.0,2971.5,2981.5,2111
2020-05-26,MESZ0,24948,2975.0,3000.0,2975.0,2997.5,13
2020-05-27,MESM0,8034,2990.25,3043.5,2965.5,3042.5,1174262
2020-05-27,MESM0-MESU0,12177,-9.25,-9.25,-9.9,-9.9,115
2020-05-27,MESU0,20871,2980.0,3033.0,2956.0,3033.0,2761
2020-05-27,MESZ0,24948,2982.0,3020.0,2964.0,3020.0,16
2020-05-28,MESM0,8034,3042.25,3065.5,3019.5,3025.0,956417
2020-05-28,MESM0-MESU0,12177,-9.8,-9.8,-10.0,-9.85,67
2020-05-28,MESU0,20871,3030.75,3055.0,3009.25,3017.0,2317
2020-05-28,MESZ0,24948,3022.5,3040.25,3010.0,3010.0,16
2020-05-29,MESH1,8963,2988.75,2997.75,2985.25,2997.75,4
2020-05-29,MESM0,8034,3025.25,3058.5,2992.25,3057.25,1152915
2020-05-29,MESM0-MESU0,12177,-10.4,-9.0,-10.4,-9.0,114
2020-05-29,MESU0,20871,3014.75,3047.75,2983.25,3047.5,1927
2020-05-29,MESZ0,24948,3009.75,3011.75,2984.75,3007.25,16
2020-05-31,MESM0,8034,3032.0,3034.75,3007.75,3025.5,45391
2020-05-31,MESM0-MESU0,12177,-9.95,-9.95,-10.25,-10.25,8
2020-05-31,MESU0,20871,3029.25,3029.25,2997.0,3015.75,643
2020-05-31,MESZ0,24948,3003.0,3003.0,3003.0,3003.0,1
2020-06-01,MESM0,8034,3025.25,3058.75,3020.75,3038.25,705997
2020-06-01,MESM0-MESU0,12177,-10.5,-10.5,-10.65,-10.6,32
2020-06-01,MESM0-MESZ0,12867,-18.5,-18.5,-18.5,-18.5,1
2020-06-01,MESU0,20871,3015.75,3048.5,3010.0,3026.75,1347
2020-06-01,MESZ0,24948,3018.5,3038.0,3003.0,3037.75,56
2020-06-02,MESM0,8034,3038.5,3088.0,3034.25,3086.25,752866
2020-06-02,MESM0-MESU0,12177,-10.5,-10.5,-12.0,-12.0,10
2020-06-02,MESM0-MESZ0,12867,-18.25,-18.25,-18.25,-18.25,1
2020-06-02,MESU0,20871,3029.75,3076.5,3025.5,3076.0,2019
2020-06-02,MESZ0,24948,3021.75,3063.5,3021.75,3063.5,21
2020-06-03,MESM0,8034,3086.25,3129.5,3081.0,3123.25,735157
2020-06-03,MESM0-MESU0,12177,-11.95,-11.3,-11.95,-11.3,49
2020-06-03,MESM0-MESZ0,12867,-19.0,-19.0,-19.0,-19.0,5
2020-06-03,MESU0,20871,3073.75,3117.0,3069.5,3112.25,3132
2020-06-03,MESZ0,24948,3068.25,3105.75,3068.25,3099.75,87
2020-06-04,MESM0,8034,3123.0,3126.75,3087.5,3108.5,999654
2020-06-04,MESM0-MESU0,12177,-11.0,-10.5,-11.2,-10.5,195
2020-06-04,MESU0,20871,3110.25,3115.5,3077.0,3097.75,2585
2020-06-04,MESZ0,24948,3095.5,3105.25,3071.5,3071.5,36
2020-06-05,MESM0,8034,3108.75,3210.5,3106.25,3185.5,1094649
2020-06-05,MESM0-MESU0,12177,-10.45,-10.25,-10.7,-10.45,95
2020-06-05,MESU0,20871,3096.75,3199.75,3095.75,3176.5,6411
2020-06-05,MESZ0,24948,3100.0,3183.5,3100.0,3167.0,60
2020-06-07,MESM0,8034,3192.25,3211.25,3187.25,3208.25,30425
2020-06-07,MESM0-MESU0,12177,-10.25,-10.25,-10.45,-10.3,3
2020-06-07,MESU0,20871,3178.0,3201.75,3177.5,3198.5,963
2020-06-07,MESZ0,24948,3179.5,3190.0,3179.0,3190.0,13
2020-06-08,MESM0,8034,3208.25,3231.25,3183.25,3223.0,778536
2020-06-08,MESM0-MESU0,12177,-10.1,-10.0,-11.0,-10.95,160
2020-06-08,MESU0,20871,3196.0,3220.0,3173.0,3213.25,4860
2020-06-08,MESZ0,24948,3182.0,3209.25,3166.75,3206.75,77
2020-06-09,MESH1,8963,3200.0,3200.0,3185.0,3185.0,4
2020-06-09,MESM0,8034,3223.0,3231.0,3190.0,3216.25,916032
2020-06-09,MESM0-MESU0,12177,-10.75,-10.55,-11.2,-10.95,265
2020-06-09,MESM0-MESZ0,12867,-19.0,-19.0,-20.45,-20.45,8
2020-06-09,MESU0,20871,3211.5,3219.5,3179.5,3205.5,7241
2020-06-09,MESZ0,24948,3208.0,3208.0,3175.0,3195.25,120
2020-06-10,MESM0,8034,3216.0,3227.25,3162.25,3164.75,1231672
2020-06-10,MESM0-MESU0,12177,-10.75,-10.5,-11.05,-10.55,347
2020-06-10,MESU0,20871,3205.5,3216.75,3151.5,3152.25,13035
2020-06-10,MESZ0,24948,3200.5,3202.75,3151.5,3152.5,131
2020-06-11,MESH1,8963,3020.0,3020.0,3020.0,3020.0,1
2020-06-11,MESM0,8034,3165.0,3180.75,2996.25,3028.25,1862324
2020-06-11,MESM0-MESU0,12177,-10.65,-10.55,-11.1,-10.75,669
2020-06-11,MESU0,20871,3154.0,3170.0,2985.5,3017.5,100694
2020-06-11,MESZ0,24948,3150.0,3159.0,2978.0,3009.75,238
2020-06-12,MESH1,8963,3050.0,3050.0,3050.0,3050.0,3
2020-06-12,MESM0,8034,3028.75,3087.75,2982.25,3037.0,635708
2020-06-12,MESM0-MESU0,12177,-10.75,-10.55,-11.25,-11.0,19713
2020-06-12,MESM1,18659,2999.0,2999.0,2999.0,2999.0,1
2020-06-12,MESU0,20871,3017.75,3077.0,2971.0,3023.5,1211280
2020-06-12,MESU0-MESZ0,12869,-9.0,-9.0,-9.0,-9.0,1
2020-06-12,MESZ0,24948,3010.5,3066.5,2966.0,3013.25,272
2020-06-14,MESM0,8034,3002.5,3009.0,2980.5,2996.5,19703
2020-06-14,MESM0-MESU0,12177,-11.0,-11.0,-11.15,-11.0,25
2020-06-14,MESU0,20871,2992.0,2997.75,2969.25,2985.0,61347
2020-06-14,MESU0-MESZ0,12869,-9.0,-9.0,-9.0,-9.0,1
2020-06-14,MESZ0,24948,3000.75,3000.75,2957.75,2982.0,32
2020-06-15,MESH1,8963,2920.0,2975.0,2920.0,2975.0,2
2020-06-15,MESM0,8034,2996.0,3098.5,2935.25,3098.0,363982
2020-06-15,MESM0-MESU0,12177,-11.15,-10.8,-11.5,-11.3,2948
2020-06-15,MESM1,18659,2950.0,3020.0,2950.0,3020.0,2
2020-06-15,MESU0,20871,2985.0,3087.75,2924.25,3086.75,1278051
2020-06-15,MESZ0,24948,2977.0,3075.0,2924.5,3073.75,248
2020-06-16,MESM0,8034,3097.5,3167.0,3074.0,3135.75,256576
2020-06-16,MESM0-MESU0,12177,-11.25,-10.3,-11.35,-10.5,1190
2020-06-16,MESU0,20871,3086.75,3156.25,3063.0,3124.75,1170946
2020-06-16,MESU0-MESZ0,12869,-9.0,-9.0,-9.15,-9.15,2
2020-06-16,MESZ0,24948,3080.0,3147.5,3056.5,3112.0,400
2020-06-17,MESM0,8034,3135.5,3158.0,3100.25,3101.75,103612
2020-06-17,MESM0-MESU0,12177,-10.7,-10.45,-11.0,-11.0,4737
2020-06-17,MESU0,20871,3124.75,3147.25,3087.75,3090.75,766271
2020-06-17,MESU0-MESZ0,12869,-9.25,-9.25,-9.25,-9.25,1
2020-06-17,MESZ0,24948,3112.0,3130.0,3081.5,3081.5,164
2020-06-18,MESM0,8034,3102.0,3130.5,3075.5,3126.0,84098
2020-06-18,MESM0-MESU0,12177,-11.0,-10.75,-11.95,-11.55,1299
2020-06-18,MESU0,20871,3091.0,3119.5,3064.5,3115.25,909159
2020-06-18,MESU0-MESZ0,12869,-7.0,-7.0,-9.1,-9.1,12
2020-06-18,MESZ0,24948,3080.0,3106.5,3057.75,3104.5,291
2020-06-19,MESM0,8034,3125.25,3160.0,3106.5,3156.0,7971
2020-06-19,MESM0-MESU0,12177,-11.25,-11.05,-11.95,-11.9,170
2020-06-19,MESU0,20871,3115.25,3144.75,3056.5,3057.75,1049043
2020-06-19,MESU0-MESZ0,12869,-9.5,-9.5,-9.5,-9.5,3
2020-06-19,MESZ0,24948,3099.75,3132.25,3050.0,3052.5,532
2020-06-21,MESU0,20871,3043.0,3056.0,3027.5,3053.75,53519
2020-06-21,MESU0-MESZ0,12869,-9.0,-9.0,-9.0,-9.0,7
2020-06-21,MESZ0,24948,3033.0,3045.75,3018.25,3044.0,95
2020-06-22,MESU0,20871,3053.75,3125.5,3048.5,3122.25,800824
2020-06-22,MESU0-MESZ0,12869,-9.35,-9.35,-9.65,-9.65,16
2020-06-22,MESZ0,24948,3042.5,3112.25,3042.5,3112.25,594
2020-06-23,MESU0,20871,3122.0,3145.5,3060.25,3111.5,929681
2020-06-23,MESU0-MESZ0,12869,-10.0,-9.5,-10.0,-9.5,2
2020-06-23,MESZ0,24948,3109.25,3135.0,3054.25,3100.5,1348
2020-06-24,MESH1,8963,3034.0,3034.0,3030.25,3030.25,4
2020-06-24,MESU0,20871,3111.25,3128.25,3019.5,3037.25,1395267
2020-06-24,MESU0-MESZ0,12869,-10.1,-10.1,-10.1,-10.1,1
2020-06-24,MESZ0,24948,3104.25,3116.75,3010.0,3027.25,821
2020-06-25,MESU0,20871,3037.5,3080.0,3005.5,3073.0,1053322
2020-06-25,MESU0-MESZ0,12869,-10.0,-9.5,-10.25,-9.95,5
2020-06-25,MESZ0,24948,3030.5,3069.75,2998.25,3067.0,775
2020-06-26,MESU0,20871,3073.0,3082.0,2992.75,3003.5,1110753
2020-06-26,MESU0-MESZ0,12869,-10.25,-10.25,-10.25,-10.25,12
2020-06-26,MESZ0,24948,3059.75,3071.0,2983.0,2993.25,525
2020-06-28,MESU0,20871,2986.25,3004.75,2983.5,3000.25,50978
2020-06-28,MESU0-MESZ0,12869,-10.35,-10.35,-10.35,-10.35,9
2020-06-28,MESZ0,24948,2979.25,2993.5,2974.25,2988.75,61
2020-06-29,MESU0,20871,3000.25,3059.25,2988.5,3054.5,869199
2020-06-29,MESU0-MESZ0,12869,-10.35,-9.5,-10.5,-9.5,8
2020-06-29,MESZ0,24948,2985.0,3046.75,2979.5,3045.25,730
2020-06-30,MESH1,8963,3030.0,3050.0,3030.0,3050.0,3
2020-06-30,MESU0,20871,3054.25,3101.0,3030.25,3084.5,819974
2020-06-30,MESU0-MESZ0,12869,-10.0,-10.0,-10.0,-10.0,1
2020-06-30,MESZ0,24948,3043.25,3090.25,3023.75,3070.25,530
2020-07-01,MESU0,20871,3081.75,3118.0,3062.75,3102.25,868477
2020-07-01,MESU0-MESZ0,12869,-10.95,-10.6,-10.95,-10.6,3
2020-07-01,MESZ0,24948,3070.5,3106.5,3052.75,3093.0,675
2020-07-02,MESU0,20871,3102.0,3156.75,3095.5,3127.5,961821
2020-07-02,MESU0-MESZ0,12869,-10.3,-10.3,-10.35,-10.35,7
2020-07-02,MESZ0,24948,3093.5,3143.5,3085.25,3120.75,488
2020-07-03,MESU0,20871,3127.25,3138.75,3105.75,3116.0,243702
2020-07-03,MESU0-MESZ0,12869,-10.7,-10.65,-10.7,-10.65,2
2020-07-03,MESZ0,24948,3116.0,3123.0,3096.0,3104.0,79
2020-07-05,MESU0,20871,3121.0,3136.75,3120.75,3135.0,26051
2020-07-05,MESZ0,24948,3109.5,3125.0,3109.5,3125.0,23
2020-07-06,MESU0,20871,3135.0,3179.25,3134.25,3177.0,831422
2020-07-06,MESZ0,24948,3125.5,3167.0,3125.5,3165.0,584
2020-07-07,MESU0,20871,3177.0,3184.0,3132.5,3140.5,879217
2020-07-07,MESU0-MESZ0,12869,-10.6,-10.55,-10.6,-10.55,10
2020-07-07,MESZ0,24948,3164.25,3173.5,3122.5,3130.0,353
2020-07-08,MESU0,20871,3140.5,3169.75,3125.5,3167.25,1137092
2020-07-08,MESU0-MESZ0,12869,-10.5,-10.5,-10.5,-10.5,5
2020-07-08,MESZ0,24948,3125.0,3159.75,3116.0,3155.0,458
2020-07-09,MESU0,20871,3167.5,3170.75,3105.25,3151.0,1277132
2020-07-09,MESU0-MESZ0,12869,-10.5,-10.5,-10.75,-10.75,32
2020-07-09,MESZ0,24948,3155.0,3160.0,3096.25,3142.0,738
2020-07-10,MESU0,20871,3151.0,3182.0,3111.5,3179.75,1097673
2020-07-10,MESU0-MESZ0,12869,-10.7,-10.7,-10.9,-10.9,30
2020-07-10,MESZ0,24948,3140.0,3174.25,3100.25,3174.25,561
2020-07-12,MESU0,20871,3182.0,3199.75,3181.75,3186.5,49163
2020-07-12,MESZ0,24948,3174.0,3188.0,3174.0,3177.0,33
2020-07-13,MESU0,20871,3186.75,3226.25,3140.5,3155.0,1304759
2020-07-13,MESZ0,24948,3175.0,3214.75,3130.0,3149.5,758
2020-07-14,MESU0,20871,3155.25,3214.75,3119.0,3209.75,1643359
2020-07-14,MESU0-MESZ0,12869,-10.9,-10.9,-10.9,-10.9,1
2020-07-14,MESZ0,24948,3143.5,3204.25,3109.25,3194.5,873
2020-07-15,MESU0,20871,3210.0,3233.0,3192.0,3218.0,1399233
2020-07-15,MESU0-MESZ0,12869,-11.0,-11.0,-11.0,-11.0,15
2020-07-15,MESZ0,24948,3200.0,3221.0,3181.75,3209.0,622
2020-07-16,MESU0,20871,3217.75,3218.5,3188.5,3203.5,1064784
2020-07-16,MESU0-MESZ0,12869,-10.85,-10.85,-12.2,-12.2,19
2020-07-16,MESZ0,24948,3205.0,3206.0,3176.5,3194.0,447
2020-07-17,MESH1,8963,3199.75,3199.75,3186.25,3186.25,8
2020-07-17,MESU0,20871,3203.75,3225.25,3194.75,3213.25,790594
2020-07-17,MESU0-MESZ0,12869,-11.95,-10.9,-11.95,-10.9,30
2020-07-17,MESZ0,24948,3194.5,3213.0,3185.0,3205.0,284
2020-07-19,MESU0,20871,3214.25,3222.25,3212.25,3221.0,19485
2020-07-19,MESZ0,24948,3210.0,3210.0,3202.0,3210.0,16
2020-07-20,MESU0,20871,3221.25,3251.5,3190.25,3243.25,767893
2020-07-20,MESU0-MESZ0,12869,-10.9,-10.9,-10.9,-10.9,1
2020-07-20,MESZ0,24948,3208.0,3237.5,3180.0,3230.5,453
2020-07-21,MESU0,20871,3243.5,3273.0,3239.25,3256.5,970687
2020-07-21,MESU0-MESZ0,12869,-10.65,-10.65,-12.0,-10.75,20
2020-07-21,MESZ0,24948,3235.0,3260.5,3229.75,3246.5,540
2020-07-22,MESH1,8963,3220.0,3258.75,3220.0,3258.75,3
2020-07-22,MESU0,20871,3256.75,3271.5,3227.25,3261.0,866051
2020-07-22,MESU0-MESZ0,12869,-10.7,-10.7,-10.7,-10.7,5
2020-07-22,MESZ0,24948,3246.5,3260.0,3217.25,3250.0,406
2020-07-23,MESH1,8963,3265.0,3265.0,3251.5,3251.5,3
2020-07-23,MESU0,20871,3260.75,3284.5,3214.25,3233.75,1190328
2020-07-23,MESU0-MESZ0,12869,-10.85,-10.8,-10.85,-10.8,12
2020-07-23,MESZ0,24948,3255.0,3273.5,3205.0,3222.0,492
2020-07-24,MESU0,20871,3233.5,3239.0,3191.75,3203.75,1022643
2020-07-24,MESU0-MESZ0,12869,-10.75,-10.7,-10.75,-10.7,2
2020-07-24,MESZ0,24948,3223.75,3228.0,3181.75,3192.0,472
2020-07-26,MESU0,20871,3210.5,3213.75,3192.0,3199.5,49308
2020-07-26,MESZ0,24948,3201.25,3201.25,3182.75,3191.25,60
2020-07-27,MESU0,20871,3199.5,3238.25,3198.25,3236.0,729124
2020-07-27,MESU0-MESZ0,12869,-10.8,-10.75,-10.8,-10.75,13
2020-07-27,MESZ0,24948,3191.0,3229.0,3191.0,3225.75,296
2020-07-28,MESH1,8963,3209.0,3209.0,3209.0,3209.0,1
2020-07-28,MESU0,20871,3236.25,3246.5,3208.0,3217.5,809546
2020-07-28,MESU0-MESZ0,12869,-10.85,-10.75,-12.0,-10.75,7
2020-07-28,MESZ0,24948,3225.5,3235.0,3198.0,3205.5,510
2020-07-29,MESU0,20871,3217.5,3257.0,3204.25,3251.0,657761
2020-07-29,MESU0-MESZ0,12869,-10.75,-10.55,-11.0,-10.55,21
2020-07-29,MESZ0,24948,3207.5,3245.0,3194.25,3240.0,305
2020-07-30,MESU0,20871,3251.25,3273.75,3195.0,3267.5,1037954
2020-07-30,MESU0-MESZ0,12869,-11.9,-10.5,-11.9,-10.5,8
2020-07-30,MESZ0,24948,3237.0,3262.5,3185.0,3258.25,787
2020-07-31,MESU0,20871,3267.25,3270.25,3212.5,3269.0,1145753
2020-07-31,MESU0-MESZ0,12869,-10.35,-10.35,-10.35,-10.35,5
2020-07-31,MESZ0,24948,3254.0,3259.0,3202.5,3259.0,563
2020-08-02,MESU0,20871,3270.75,3273.0,3255.5,3264.0,17850
2020-08-02,MESU0-MESZ0,12869,-10.65,-10.65,-10.65,-10.65,1
2020-08-02,MESZ0,24948,3260.5,3263.0,3245.75,3250.5,80
2020-08-03,MESH1,8963,3272.5,3272.5,3272.5,3272.5,2
2020-08-03,MESU0,20871,3264.5,3295.5,3254.5,3287.75,539552
2020-08-03,MESU0-MESZ0,12869,-10.6,-10.1,-10.6,-10.1,11
2020-08-03,MESZ0,24948,3255.0,3285.0,3245.0,3278.0,455
2020-08-04,MESH1,8963,3270.0,3270.0,3270.0,3270.0,1
2020-08-04,MESU0,20871,3287.75,3301.5,3271.0,3298.75,598157
2020-08-04,MESU0-MESZ0,12869,-10.05,-10.05,-10.25,-10.25,22
2020-08-04,MESZ0,24948,3275.0,3291.0,3262.0,3290.0,341
2020-08-05,MESU0,20871,3298.75,3323.5,3292.25,3319.0,547024
2020-08-05,MESU0-MESZ0,12869,-10.25,-9.5,-10.25,-10.0,18
2020-08-05,MESZ0,24948,3285.0,3313.5,3284.0,3310.5,373
2020-08-06,MESU0,20871,3318.75,3346.0,3300.5,3340.75,740965
2020-08-06,MESU0-MESZ0,12869,-10.2,-10.2,-10.25,-10.25,10
2020-08-06,MESZ0,24948,3315.0,3335.25,3290.5,3333.25,662
2020-08-07,MESU0,20871,3340.75,3347.75,3322.5,3347.25,898256
2020-08-07,MESU0-MESZ0,12869,-10.2,-10.0,-10.3,-10.3,25
2020-08-07,MESZ0,24948,3330.0,3337.75,3312.75,3337.75,440
2020-08-09,MESU0,20871,3347.25,3347.25,3335.25,3341.75,19900
2020-08-09,MESZ0,24948,3330.0,3335.5,3325.0,3330.25,26
2020-08-10,MESU0,20871,3342.0,3357.25,3329.0,3352.25,654511
2020-08-10,MESZ0,24948,3333.0,3346.75,3320.0,3337.5,511
2020-08-11,MESU0,20871,3352.0,3379.0,3319.75,3334.25,978806
2020-08-11,MESU0-MESZ0,12869,-10.1,-10.1,-10.2,-10.2,8
2020-08-11,MESZ0,24948,3342.75,3368.75,3308.5,3324.75,935
2020-08-12,MESU0,20871,3334.0,3382.25,3326.25,3370.75,858980
2020-08-12,MESU0-MESZ0,12869,-10.4,-10.35,-10.5,-10.5,29
2020-08-12,MESU1,2055,3306.75,3306.75,3306.75,3306.75,1
2020-08-12,MESZ0,24948,3330.0,3372.0,3315.5,3358.75,696
2020-08-13,MESU0,20871,3370.75,3382.0,3357.5,3375.75,715730
2020-08-13,MESU0-MESZ0,12869,-10.45,-10.3,-10.45,-10.3,25
2020-08-13,MESZ0,24948,3361.25,3370.5,3347.0,3364.5,363
2020-08-14,MESU0,20871,3375.75,3380.25,3349.75,3363.25,653926
2020-08-14,MESU0-MESZ0,12869,-10.45,-10.45,-10.45,-10.45,5
2020-08-14,MESZ0,24948,3365.25,3369.0,3339.5,3354.0,405
2020-08-16,MESU0,20871,3365.75,3370.75,3365.5,3370.25,9416
2020-08-16,MESZ0,24948,3356.0,3360.0,3355.0,3359.5,18
2020-08-17,MESU0,20871,3370.25,3387.25,3365.0,3385.75,412115
2020-08-17,MESU0-MESZ0,12869,-10.6,-10.55,-10.6,-10.55,4
2020-08-17,MESZ0,24948,3358.5,3377.25,3355.0,3375.75,234
2020-08-18,MESU0,20871,3386.0,3390.5,3365.25,3388.75,595134
2020-08-18,MESU0-MESZ0,12869,-10.55,-10.5,-10.65,-10.5,3
2020-08-18,MESZ0,24948,3376.5,3381.0,3355.0,3378.75,467
2020-08-19,MESU0,20871,3388.75,3395.5,3361.0,3362.5,728312
2020-08-19,MESU0-MESZ0,12869,-10.65,-9.55,-10.65,-9.55,13
2020-08-19,MESZ0,24948,3376.0,3386.0,3350.75,3350.75,506
2020-08-20,MESU0,20871,3362.5,3389.75,3344.5,3389.25,737319
2020-08-20,MESU0-MESZ0,12869,-10.55,-10.55,-10.55,-10.55,6
2020-08-20,MESZ0,24948,3351.0,3379.5,3335.0,3379.5,674
2020-08-21,MESU0,20871,3389.5,3396.25,3356.5,3392.0,713998
2020-08-21,MESU0-MESZ0,12869,-10.25,-10.25,-10.7,-10.65,24
2020-08-21,MESZ0,24948,3380.0,3385.5,3346.5,3381.75,681
2020-08-23,MESU0,20871,3398.0,3403.5,3395.5,3397.5,19042
2020-08-23,MESZ0,24948,3386.5,3393.0,3386.5,3386.5,39
2020-08-24,MESH1,8963,3400.0,3412.0,3400.0,3412.0,7
2020-08-24,MESU0,20871,3397.5,3434.0,3394.0,3433.25,683299
2020-08-24,MESU0-MESZ0,12869,-10.5,-10.35,-10.65,-10.65,70
2020-08-24,MESZ0,24948,3385.0,3424.0,3384.0,3423.75,745
2020-08-25,MESH1,8963,3410.0,3420.25,3408.0,3420.25,27
2020-08-25,MESU0,20871,3433.25,3448.75,3421.75,3445.0,728292
2020-08-25,MESU0-MESZ0,12869,-10.5,-10.4,-10.5,-10.5,63
2020-08-25,MESZ0,24948,3423.5,3438.25,3412.25,3434.75,678
2020-08-26,MESH1,8963,3420.5,3452.25,3420.5,3448.0,36
2020-08-26,MESU0,20871,3445.0,3483.5,3436.75,3477.5,641742
2020-08-26,MESU0-MESZ0,12869,-10.4,-10.3,-10.4,-10.4,32
2020-08-26,MESZ0,24948,3434.25,3472.0,3426.25,3467.25,818
2020-08-27,MESH1,8963,3452.0,3470.0,3445.25,3445.25,20
2020-08-27,MESU0,20871,3477.25,3498.25,3464.75,3492.0,1027700
2020-08-27,MESU0-MESZ0,12869,-10.3,-10.3,-10.5,-10.5,11
2020-08-27,MESZ0,24948,3466.5,3488.5,3456.0,3481.25,886
2020-08-28,MESH1,8963,3475.0,3475.5,3475.0,3475.5,3
2020-08-28,MESU0,20871,3491.75,3509.25,3480.75,3506.75,704678
2020-08-28,MESU0-MESZ0,12869,-10.3,-10.3,-10.6,-10.45,51
2020-08-28,MESZ0,24948,3482.5,3498.75,3470.75,3496.25,816
2020-08-30,MESU0,20871,3508.5,3519.0,3508.5,3518.75,12147
2020-08-30,MESU0-MESZ0,12869,-10.0,-10.0,-10.0,-10.0,3
2020-08-30,MESZ0,24948,3499.0,3508.75,3499.0,3508.75,83
2020-08-31,MESH1,8963,3477.0,3477.0,3475.5,3475.5,2
2020-08-31,MESU0,20871,3519.0,3524.5,3484.25,3496.5,692586
2020-08-31,MESU0-MESZ0,12869,-10.2,-10.2,-10.55,-10.25,13
2020-08-31,MESZ0,24948,3508.25,3514.0,3475.0,3487.75,1545
2020-09-01,MESH1,8963,3480.0,3487.0,3480.0,3487.0,3
2020-09-01,MESU0,20871,3496.5,3535.5,3491.75,3535.5,691749
2020-09-01,MESU0-MESZ0,12869,-10.35,-10.25,-10.35,-10.3,22
2020-09-01,MESU1,2055,3468.5,3468.5,3468.5,3468.5,1
2020-09-01,MESZ0,24948,3486.5,3524.5,3481.0,3523.75,1536
2020-09-02,MESH1,8963,3520.0,3563.0,3510.0,3563.0,93
2020-09-02,MESU0,20871,3535.25,3587.0,3532.0,3583.5,925860
2020-09-02,MESU0-MESH1,105601,-18.5,-18.5,-18.5,-18.5,4
2020-09-02,MESU0-MESZ0,12869,-10.2,-10.2,-10.5,-10.3,49
2020-09-02,MESU1,2055,3567.5,3567.5,3567.5,3567.5,1
2020-09-02,MESZ0,24948,3523.75,3576.25,3522.0,3572.75,3296
2020-09-03,MESH1,8963,3563.0,3563.0,3415.0,3420.0,47
2020-09-03,MESU0,20871,3583.5,3584.5,3424.75,3431.75,1938189
2020-09-03,MESU0-MESZ0,12869,-10.3,-10.2,-10.55,-10.2,60
2020-09-03,MESZ0,24948,3572.75,3573.25,3414.5,3419.5,9219
2020-09-04,MESH1,8963,3430.0,3463.0,3340.0,3401.0,40
2020-09-04,MESU0,20871,3431.75,3484.25,3347.75,3414.25,1738163
2020-09-04,MESU0-MESZ0,12869,-10.6,-10.2,-10.6,-10.45,74
2020-09-04,MESU1,2055,3398.0,3398.0,3398.0,3398.0,1
2020-09-04,MESZ0,24948,3422.0,3473.5,3336.5,3402.0,9221
2020-09-06,MESH1,8963,3407.0,3407.0,3402.0,3402.0,11
2020-09-06,MESU0,20871,3420.5,3422.5,3381.5,3404.75,53837
2020-09-06,MESU0-MESZ0,12869,-10.65,-10.35,-10.65,-10.35,3
2020-09-06,MESZ0,24948,3405.0,3412.0,3372.5,3396.75,350
2020-09-07,MESH1,8963,3400.0,3415.0,3400.0,3415.0,2
2020-09-07,MESU0,20871,3404.75,3443.5,3392.25,3439.5,289330
2020-09-07,MESU0-MESZ0,12869,-10.55,-10.5,-10.55,-10.5,35
2020-09-07,MESU1,2055,3360.0,3360.0,3360.0,3360.0,1
2020-09-07,MESZ0,24948,3395.0,3433.0,3382.5,3428.5,840
2020-09-08,MESH1,8963,3387.0,3387.0,3290.0,3300.0,37
2020-09-08,MESU0,20871,3439.25,3447.25,3295.5,3322.25,1736124
2020-09-08,MESU0-MESZ0,12869,-10.45,-10.3,-10.95,-10.95,282
2020-09-08,MESU1,2055,3430.75,3430.75,3330.0,3330.0,8
2020-09-08,MESZ0,24948,3433.0,3436.25,3286.0,3312.25,7970
2020-09-09,MESH1,8963,3328.75,3400.25,3320.0,3380.0,51
2020-09-09,MESU0,20871,3322.25,3424.0,3321.0,3409.5,979003
2020-09-09,MESU0-MESZ0,12869,-10.5,-10.15,-10.6,-10.3,218
2020-09-09,MESU1,2055,3327.0,3327.0,3327.0,3327.0,10
2020-09-09,MESZ0,24948,3314.0,3414.0,3311.0,3398.0,6409
2020-09-09,MESZ0-MESH1,105626,-8.0,-8.0,-8.0,-8.0,1
2020-09-10,MESH1,8963,3388.0,3404.0,3317.75,3323.0,26
2020-09-10,MESU0,20871,3409.5,3424.25,3327.25,3346.75,1332267
2020-09-10,MESU0-MESZ0,12869,-10.45,-10.3,-10.7,-10.7,1120
2020-09-10,MESU1,2055,3375.0,3375.0,3334.25,3334.25,10
2020-09-10,MESZ0,24948,3397.0,3414.0,3316.5,3336.25,46900
2020-09-11,MESH1,8963,3355.75,3355.75,3288.25,3332.0,28
2020-09-11,MESU0,20871,3346.75,3376.25,3308.75,3337.0,418161
2020-09-11,MESU0-MESZ0,12869,-10.5,-10.2,-10.7,-10.35,19369
2020-09-11,MESU1,2055,3340.0,3340.0,3300.0,3330.0,6
2020-09-11,MESZ0,24948,3336.25,3364.75,3298.5,3326.25,617254
2020-09-11,MESZ0-MESH1,105626,-7.75,-7.75,-9.0,-9.0,3
2020-09-13,MESH1,8963,3332.0,3332.0,3330.0,3331.5,7
2020-09-13,MESU0,20871,3350.0,3362.25,3344.5,3361.5,4994
2020-09-13,MESU0-MESZ0,12869,-10.3,-10.3,-10.45,-10.3,16
2020-09-13,MESU1,2055,3310.0,3310.0,3310.0,3310.0,1
2020-09-13,MESZ0,24948,3337.5,3351.75,3336.5,3351.0,14302
2020-09-14,MESH1,8963,3336.0,3382.25,3336.0,3371.0,48
2020-09-14,MESU0,20871,3361.25,3402.75,3356.5,3385.75,123879
2020-09-14,MESU0-MESZ0,12869,-10.3,-10.05,-10.6,-10.25,5164
2020-09-14,MESZ0,24948,3351.0,3392.5,3346.0,3375.5,572281
2020-09-15,MESH1,8963,3359.75,3400.25,3359.75,3385.25,84
2020-09-15,MESU0,20871,3385.5,3419.25,3376.5,3401.5,74974
2020-09-15,MESU0-MESZ0,12869,-10.2,-10.0,-10.4,-10.3,2657
2020-09-15,MESU1,2055,3376.0,3376.0,3376.0,3376.0,1
2020-09-15,MESZ0,24948,3375.5,3409.0,3366.0,3391.25,615091
2020-09-15,MESZ0-MESH1,105626,-7.25,-7.25,-7.25,-7.25,11
2020-09-16,MESH1,8963,3381.0,3412.5,3367.0,3378.25,141
2020-09-16,MESU0,20871,3401.5,3429.75,3384.0,3390.5,92018
2020-09-16,MESU0-MESZ0,12869,-10.3,-9.95,-10.4,-10.05,3838
2020-09-16,MESU1,2055,3385.0,3385.0,3385.0,3385.0,1
2020-09-16,MESZ0,24948,3391.25,3419.75,3373.75,3380.75,665267
2020-09-17,MESH1,8963,3365.0,3365.0,3301.75,3348.75,602
2020-09-17,MESU0,20871,3390.75,3392.25,3320.5,3359.0,102326
2020-09-17,MESU0-MESZ0,12869,-10.3,-9.65,-10.65,-10.5,3291
2020-09-17,MESU1,2055,3335.0,3335.0,3310.0,3310.0,2
2020-09-17,MESZ0,24948,3380.75,3382.0,3310.0,3348.75,1192387
2020-09-17,MESZ0-MESH1,105626,-9.0,-9.0,-9.75,-9.75,2
2020-09-18,MESH1,8963,3340.0,3353.75,3274.0,3308.0,888
2020-09-18,MESM1,18659,3315.0,3315.0,3315.0,3315.0,1
2020-09-18,MESU0,20871,3359.0,3374.0,3341.0,3366.5,5148
2020-09-18,MESU0-MESZ0,12869,-10.45,-10.1,-11.4,-11.35,244
2020-09-18,MESZ0,24948,3348.75,3363.25,3280.75,3316.0,1058463
2020-09-18,MESZ0-MESH1,105626,-7.5,-7.5,-7.5,-7.5,1
2020-09-20,MESH1,8963,3308.0,3310.0,3287.25,3310.0,50
2020-09-20,MESZ0,24948,3314.75,3320.25,3296.0,3314.5,37171
2020-09-21,MESH1,8963,3310.0,3313.0,3208.25,3274.5,774
2020-09-21,MESM1,18659,3231.0,3231.0,3231.0,3231.0,3
2020-09-21,MESU1,2055,3290.0,3290.0,3270.0,3270.0,3
2020-09-21,MESZ0,24948,3314.5,3326.5,3217.75,3282.25,1233831
2020-09-21,MESZ0-MESH1,105626,-7.5,-7.5,-8.25,-8.25,24
2020-09-22,MESH1,8963,3280.0,3301.0,3250.0,3290.0,268
2020-09-22,MESU1,2055,3240.5,3240.5,3240.5,3240.5,10
2020-09-22,MESZ0,24948,3282.5,3309.5,3256.25,3302.5,952691
2020-09-23,MESH1,8963,3295.0,3310.0,3201.5,3208.5,788
2020-09-23,MESM1,18659,3300.0,3306.0,3300.0,3300.0,26
2020-09-23,MESZ0,24948,3302.5,3319.75,3210.0,3216.75,1180232
2020-09-23,MESZ0-MESH1,105626,-7.5,-7.5,-7.5,-7.5,1
2020-09-24,MESH1,8963,3207.75,3259.75,3191.0,3237.75,667
2020-09-24,MESM1,18659,3217.25,3217.25,3217.25,3217.25,6
2020-09-24,MESZ0,24948,3216.75,3268.25,3198.0,3253.25,1266642
2020-09-24,MESZ0-MESH1,105626,-8.4,-8.35,-8.4,-8.35,27
2020-09-25,MESH1,8963,3241.5,3286.75,3198.5,3277.0,796
2020-09-25,MESM1,18659,3230.0,3262.25,3230.0,3262.25,9
2020-09-25,MESZ0,24948,3253.25,3296.5,3206.25,3285.0,1017447
2020-09-25,MESZ0-MESH1,105626,-8.6,-8.4,-8.6,-8.4,7
2020-09-27,MESH1,8963,3285.5,3287.5,3285.5,3287.5,2
2020-09-27,MESZ0,24948,3291.25,3298.75,3288.0,3295.5,15257
2020-09-28,MESH1,8963,3285.0,3346.0,3285.0,3346.0,339
2020-09-28,MESM1,18659,3289.5,3318.0,3289.5,3318.0,3
2020-09-28,MESU1,2055,3285.0,3285.0,3285.0,3285.0,1
2020-09-28,MESZ0,24948,3295.25,3356.25,3292.0,3355.25,804288
2020-09-28,MESZ0-MESH1,105626,-8.5,-8.5,-8.5,-8.5,4
2020-09-29,MESH1,8963,3346.0,3354.75,3308.25,3327.25,442
2020-09-29,MESZ0,24948,3355.5,3363.0,3316.5,3336.25,729574
2020-09-29,MESZ0-MESH1,105626,-8.05,-8.05,-9.7,-9.7,10
2020-09-30,MESH1,8963,3327.25,3375.0,3285.0,3351.25,973
2020-09-30,MESM1,18659,3347.0,3347.0,3347.0,3347.0,1
2020-09-30,MESU1,2055,3325.0,3330.0,3325.0,3330.0,2
2020-09-30,MESZ0,24948,3336.0,3384.0,3291.25,3361.5,1151334
2020-09-30,MESZ0-MESH1,105626,-8.5,-8.5,-8.5,-8.5,3
2020-10-01,MESH1,8963,3349.0,3377.5,3343.0,3363.25,860
2020-10-01,MESM1,18659,3357.5,3357.5,3356.0,3357.0,26
2020-10-01,MESU1,2055,3330.0,3330.0,3330.0,3330.0,1
2020-10-01,MESZ0,24948,3361.75,3387.75,3350.0,3367.25,941004
2020-10-01,MESZ0-MESH1,105626,-8.65,-8.65,-8.7,-8.7,8
2020-10-02,MESH1,8963,3352.0,3356.5,3292.0,3334.0,796
2020-10-02,MESU1,2055,3320.0,3320.0,3320.0,3320.0,1
2020-10-02,MESZ0,24948,3367.0,3372.25,3300.25,3345.5,1235923
2020-10-02,MESZ0-MESH1,105626,-9.0,-8.85,-9.0,-9.0,44
2020-10-04,MESH1,8963,3352.0,3353.0,3342.0,3347.5,48
2020-10-04,MESZ0,24948,3358.0,3363.75,3349.25,3361.75,23092
2020-10-05,MESH1,8963,3357.0,3391.75,3342.25,3383.0,180
2020-10-05,MESU1,2055,3350.0,3350.0,3350.0,3350.0,1
2020-10-05,MESZ0,24948,3362.0,3400.0,3346.5,3389.5,636083
2020-10-05,MESZ0-MESH1,105626,-8.75,-8.75,-9.0,-9.0,17
2020-10-06,MESH1,8963,3383.0,3411.25,3323.0,3329.75,706
2020-10-06,MESM1,18659,3371.0,3394.5,3371.0,3394.5,3
2020-10-06,MESZ0,24948,3389.75,3421.75,3330.75,3346.0,1164518
2020-10-06,MESZ0-MESH1,105626,-8.75,-8.75,-8.75,-8.75,10
2020-10-07,MESH1,8963,3338.0,3407.0,3335.0,3406.75,332
2020-10-07,MESM1,18659,3376.0,3376.0,3376.0,3376.0,1
2020-10-07,MESU1,2055,3355.25,3365.0,3355.25,3365.0,3
2020-10-07,MESZ0,24948,3345.75,3416.5,3342.5,3413.75,873646
2020-10-08,MESH1,8963,3403.5,3444.5,3400.75,3444.5,306
2020-10-08,MESU1,2055,3383.25,3383.25,3383.25,3383.25,1
2020-10-08,MESZ0,24948,3414.0,3456.25,3407.75,3453.75,644401
2020-10-08,MESZ0-MESH1,105626,-8.85,-8.8,-8.85,-8.85,6
2020-10-09,MESH1,8963,3441.0,3470.75,3438.5,3470.75,304
2020-10-09,MESU1,2055,3422.5,3422.5,3421.0,3421.0,2
2020-10-09,MESZ0,24948,3453.75,3480.0,3445.5,3476.25,554483
2020-10-09,MESZ0-MESH1,105626,-8.85,-8.85,-9.25,-9.25,25
2020-10-11,MESH1,8963,3471.0,3471.0,3458.0,3460.5,27
2020-10-11,MESZ0,24948,3470.25,3474.5,3465.0,3470.25,15345
2020-10-11,MESZ0-MESH1,105626,-8.85,-8.85,-8.85,-8.85,1
2020-10-12,MESH1,8963,3460.0,3531.25,3457.0,3520.0,586
2020-10-12,MESU1,2055,3460.0,3500.0,3460.0,3500.0,3
2020-10-12,MESZ0,24948,3470.25,3541.25,3464.0,3531.75,719678
2020-10-12,MESZ0-MESH1,105626,-8.9,-8.8,-8.9,-8.9,18
2020-10-13,MESH1,8963,3518.5,3522.0,3482.25,3498.75,463
2020-10-13,MESZ0,24948,3531.75,3532.75,3491.25,3508.75,895577
2020-10-13,MESZ0-MESH1,105626,-9.15,-9.15,-9.15,-9.15,1
2020-10-14,MESH1,8963,3497.0,3512.25,3463.5,3474.25,507
2020-10-14,MESZ0,24948,3508.75,3524.0,3472.25,3484.0,909116
2020-10-14,MESZ0-MESH1,105626,-9.35,-9.35,-10.65,-9.5,40
2020-10-15,MESH1,8963,3475.5,3476.5,3423.0,3475.0,807
2020-10-15,MESM1,18659,3452.0,3452.0,3452.0,3452.0,2
2020-10-15,MESU1,2055,3472.0,3472.0,3450.0,3450.0,2
2020-10-15,MESZ0,24948,3484.0,3486.75,3431.5,3483.5,891824
2020-10-15,MESZ0-MESH1,105626,-9.45,-9.45,-9.6,-9.6,10
2020-10-16,MESH1,8963,3473.5,3498.5,3451.0,3455.25,650
2020-10-16,MESZ0,24948,3483.75,3508.5,3461.25,3464.25,708095
2020-10-16,MESZ0-MESH1,105626,-9.6,-9.6,-9.6,-9.6,2
2020-10-18,MESH1,8963,3462.0,3469.0,3462.0,3467.75,32
2020-10-18,MESZ0,24948,3470.75,3479.75,3470.0,3477.5,14256
2020-10-19,MESH1,8963,3468.5,3487.5,3403.25,3429.5,686
2020-10-19,MESZ0,24948,3477.25,3496.5,3410.75,3439.75,1025573
2020-10-19,MESZ0-MESH1,105626,-9.65,-9.65,-10.75,-10.5,15
2020-10-20,MESH1,8963,3433.75,3459.0,3410.0,3435.25,668
2020-10-20,MESZ0,24948,3439.5,3469.75,3418.0,3444.75,1089543
2020-10-20,MESZ0-MESH1,105626,-9.85,-9.85,-9.85,-9.85,2
2020-10-21,MESH1,8963,3433.25,3447.25,3393.25,3400.25,681
2020-10-21,MESZ0,24948,3444.75,3457.75,3402.25,3413.5,1049337
2020-10-21,MESZ0-MESH1,105626,-9.9,-9.9,-9.9,-9.9,16
2020-10-22,MESH1,8963,3405.0,3446.25,3393.0,3443.25,2232
2020-10-22,MESU1,2055,3407.25,3407.25,3407.25,3407.25,1
2020-10-22,MESZ0,24948,3413.5,3457.75,3403.25,3451.75,830695
2020-10-22,MESZ0-MESH1,105626,-9.75,-9.75,-9.75,-9.75,11
2020-10-23,MESH1,8963,3439.25,3451.75,3420.0,3441.75,449
2020-10-23,MESZ0,24948,3452.0,3463.5,3431.75,3453.75,760386
2020-10-23,MESZ0-MESH1,105626,-9.75,-9.65,-9.75,-9.7,17
2020-10-25,MESH1,8963,3434.0,3435.0,3416.0,3429.25,66
2020-10-25,MESZ0,24948,3446.0,3447.0,3424.25,3439.25,27821
2020-10-25,MESZ0-MESH1,105626,-9.75,-9.75,-9.75,-9.75,6
2020-10-26,MESH1,8963,3431.0,3432.5,3347.25,3386.5,897
2020-10-26,MESZ0,24948,3439.25,3442.0,3356.0,3392.25,1254242
2020-10-27,MESH1,8963,3386.5,3400.0,3348.0,3355.0,603
2020-10-27,MESM1,18659,3374.0,3374.0,3374.0,3374.0,1
2020-10-27,MESZ0,24948,3392.5,3410.25,3357.75,3366.25,947914
2020-10-28,MESH1,8963,3355.75,3360.75,3250.0,3271.0,1006
2020-10-28,MESM1,18659,3284.75,3284.75,3284.75,3284.75,1
2020-10-28,MESU1,2055,3280.0,3280.0,3280.0,3280.0,1
2020-10-28,MESZ0,24948,3366.25,3370.0,3260.75,3282.0,1528288
2020-10-28,MESZ0-MESH1,105626,-9.65,-9.65,-9.85,-9.85,15
2020-10-28,MESZ1,3196,3320.0,3320.0,3320.0,3320.0,1
2020-10-29,MESH1,8963,3273.25,3321.25,3242.0,3265.75,1903
2020-10-29,MESM1,18659,3267.5,3267.5,3250.0,3250.0,11
2020-10-29,MESZ0,24948,3282.0,3333.75,3250.25,3276.0,1365017
2020-10-29,MESZ0-MESH1,105626,-9.85,-9.85,-10.0,-9.95,11
2020-10-30,MESH1,8963,3264.25,3285.0,3216.5,3268.0,3061
2020-10-30,MESM1,18659,3245.5,3269.0,3223.75,3254.0,32
2020-10-30,MESU1,2055,3250.0,3250.0,3245.0,3246.5,3
2020-10-30,MESZ0,24948,3276.0,3296.25,3225.0,3278.0,1707994
2020-10-30,MESZ1,3196,3200.0,3200.0,3200.0,3200.0,2
2020-11-01,MESH1,8963,3250.0,3260.25,3234.5,3244.0,59
2020-11-01,MESZ0,24948,3262.25,3271.5,3243.25,3252.75,21987
2020-11-02,MESH1,8963,3240.0,3312.0,3237.75,3298.5,1396
2020-11-02,MESZ0,24948,3252.5,3323.5,3246.0,3309.25,1299961
2020-11-02,MESZ0-MESH1,105626,-9.85,-9.7,-10.0,-9.8,25
2020-11-03,MESH1,8963,3298.0,3385.0,3295.0,3374.75,1582
2020-11-03,MESM1,18659,3306.25,3350.0,3306.25,3350.0,2
2020-11-03,MESU1,2055,3320.0,3340.0,3320.0,3340.0,5
2020-11-03,MESZ0,24948,3309.25,3395.0,3304.0,3383.75,1076538
2020-11-03,MESZ0-MESH1,105626,-9.8,-9.8,-9.8,-9.8,2
2020-11-03,MESZ0-MESU1,35882,-39.9,-38.4,-39.9,-38.4,2
2020-11-04,MESH1,8963,3369.75,3470.0,3310.5,3421.0,2019
2020-11-04,MESM1,18659,3382.5,3420.0,3344.5,3420.0,4
2020-11-04,MESZ0,24948,3383.75,3480.0,3319.25,3434.5,1491801
2020-11-04,MESZ0-MESH1,105626,-8.4,-8.3,-9.6,-8.3,22
2020-11-04,MESZ0-MESM1,78298,-10.1,-10.1,-18.7,-18.7,2
2020-11-04,MESZ1,3196,3420.0,3420.0,3420.0,3420.0,1
2020-11-05,MESH1,8963,3423.0,3512.5,3423.0,3491.75,992
2020-11-05,MESM1,18659,3468.0,3501.0,3468.0,3488.25,27
2020-11-05,MESZ0,24948,3434.25,3522.5,3429.75,3499.5,1117914
2020-11-05,MESZ0-MESH1,105626,-8.3,-8.3,-9.65,-9.65,26
2020-11-06,MESH1,8963,3489.75,3508.0,3448.0,3498.5,627
2020-11-06,MESZ0,24948,3499.25,3519.0,3456.5,3511.0,1082207
2020-11-06,MESZ0-MESH1,105626,-9.6,-9.5,-9.6,-9.6,15
2020-11-08,MESH1,8963,3512.25,3535.0,3507.5,3527.5,95
2020-11-08,MESM1,18659,3515.5,3517.5,3515.5,3517.5,2
2020-11-08,MESZ0,24948,3522.5,3546.5,3515.75,3537.25,27045
2020-11-09,MESH1,8963,3527.75,3659.0,3524.0,3541.25,2108
2020-11-09,MESM1,18659,3528.25,3600.0,3528.25,3560.0,14
2020-11-09,MESZ0,24948,3537.25,3668.75,3533.75,3548.5,1794632
2020-11-09,MESZ0-MESH1,105626,-9.85,-9.65,-9.85,-9.65,31
2020-11-10,MESH1,8963,3537.25,3548.75,3498.75,3528.25,1296
2020-11-10,MESM1,18659,3500.5,3535.0,3500.0,3500.0,17
2020-11-10,MESZ0,24948,3548.75,3559.0,3506.25,3537.25,1651560
2020-11-10,MESZ0-MESH1,105626,-9.65,-9.35,-9.65,-9.35,35
2020-11-10,MESZ1,3196,3520.0,3520.0,3520.0,3520.0,1
2020-11-11,MESH1,8963,3524.0,3567.0,3522.0,3560.0,846
2020-11-11,MESM1,18659,3541.0,3541.0,3539.0,3539.0,3
2020-11-11,MESZ0,24948,3537.25,3576.75,3530.75,3568.75,970325
2020-11-11,MESZ0-MESH1,105626,-9.4,-9.15,-9.4,-9.15,16
2020-11-12,MESH1,8963,3558.25,3559.75,3504.0,3525.0,924
2020-11-12,MESZ0,24948,3568.75,3572.0,3513.0,3534.75,1209859
2020-11-12,MESZ0-MESH1,105626,-9.2,-9.2,-9.2,-9.2,8
2020-11-13,MESH1,8963,3528.0,3580.5,3512.0,3571.5,803
2020-11-13,MESZ0,24948,3534.75,3590.0,3518.25,3582.25,819480
2020-11-15,MESH1,8963,3572.5,3600.75,3572.5,3599.25,112
2020-11-15,MESZ0,24948,3586.75,3610.75,3586.0,3608.0,20723
2020-11-16,MESH1,8963,3599.0,3626.75,3588.0,3616.5,722
2020-11-16,MESM1,18659,3595.0,3604.0,3587.5,3604.0,15
2020-11-16,MESZ0,24948,3608.0,3636.75,3596.75,3624.5,840080
2020-11-16,MESZ0-MESH1,105626,-9.25,-8.6,-9.25,-8.6,37
2020-11-17,MESH1,8963,3615.0,3615.0,3575.75,3600.25,832
2020-11-17,MESM1,18659,3596.0,3596.0,3584.25,3591.25,25
2020-11-17,MESZ0,24948,3624.5,3624.75,3584.0,3609.5,924543
2020-11-17,MESZ0-MESH1,105626,-8.75,-8.25,-8.75,-8.25,22
2020-11-18,MESH1,8963,3597.0,3615.0,3548.25,3554.75,924
2020-11-18,MESM1,18659,3600.0,3602.5,3555.0,3555.0,7
2020-11-18,MESZ0,24948,3609.75,3623.25,3556.0,3563.25,975689
2020-11-18,MESZ0-MESH1,105626,-8.25,-8.25,-8.25,-8.25,14
2020-11-19,MESH1,8963,3556.5,3574.0,3534.0,3540.25,970
2020-11-19,MESM1,18659,3540.25,3540.25,3540.25,3540.25,1
2020-11-19,MESZ0,24948,3563.25,3582.5,3542.0,3548.5,902683
2020-11-19,MESZ0-MESH1,105626,-8.3,-8.3,-8.65,-8.65,16
2020-11-20,MESH1,8963,3543.0,3573.0,3534.75,3543.5,731
2020-11-20,MESM1,18659,3530.0,3530.0,3530.0,3530.0,1
2020-11-20,MESZ0,24948,3548.5,3582.5,3542.5,3552.25,734286
2020-11-20,MESZ0-MESH1,105626,-8.3,-8.3,-8.45,-8.45,9
2020-11-22,MESH1,8963,3539.25,3549.0,3539.25,3549.0,38
2020-11-22,MESZ0,24948,3546.25,3558.0,3545.0,3557.25,13741
2020-11-23,MESH1,8963,3548.0,3587.5,3541.0,3583.25,1080
2020-11-23,MESM1,18659,3562.0,3562.0,3555.25,3555.25,2
2020-11-23,MESZ0,24948,3557.25,3597.5,3548.75,3591.75,762196
2020-11-23,MESZ0-MESH1,105626,-8.6,-8.6,-8.75,-8.75,12
2020-11-24,MESH1,8963,3582.75,3634.75,3582.25,3633.5,940
2020-11-24,MESM1,18659,3579.0,3613.0,3579.0,3613.0,5
2020-11-24,MESZ0,24948,3591.75,3643.5,3588.75,3642.25,751143
2020-11-24,MESZ0-MESH1,105626,-8.7,-8.45,-8.85,-8.6,45
2020-11-25,MESH1,8963,3634.0,3646.25,3606.5,3623.75,734
2020-11-25,MESM1,18659,3614.5,3623.25,3600.5,3612.0,8
2020-11-25,MESZ0,24948,3642.0,3655.0,3615.25,3632.0,698997
2020-11-26,MESH1,8963,3622.25,3630.0,3605.0,3611.25,217
2020-11-26,MESZ0,24948,3632.0,3639.25,3613.75,3620.25,105388
2020-11-27,MESH1,8963,3606.0,3634.5,3606.0,3627.25,456
2020-11-27,MESM1,18659,3611.0,3611.0,3611.0,3611.0,1
2020-11-27,MESZ0,24948,3620.25,3642.75,3612.75,3636.75,238865
2020-11-27,MESZ0-MESH1,105626,-8.65,-8.5,-8.7,-8.5,10
2020-11-29,MESH1,8963,3631.25,3642.75,3631.25,3633.5,131
2020-11-29,MESZ0,24948,3644.0,3651.75,3639.75,3642.0,12319
2020-11-29,MESZ0-MESH1,105626,-8.6,-8.0,-8.6,-8.0,5
2020-11-30,MESH1,8963,3630.0,3632.5,3584.5,3630.5,1774
2020-11-30,MESM1,18659,3604.0,3609.0,3581.5,3604.0,16
2020-11-30,MESU1,2055,3580.0,3580.0,3580.0,3580.0,1
2020-11-30,MESZ0,24948,3641.75,3642.25,3592.25,3639.0,994265
2020-11-30,MESZ0-MESH1,105626,-8.6,-7.65,-8.6,-8.55,610
2020-12-01,MESH1,8963,3631.0,3668.5,3630.5,3649.0,2900
2020-12-01,MESM1,18659,3615.0,3650.0,3615.0,3639.25,24
2020-12-01,MESU1,2055,3624.5,3624.5,3624.5,3624.5,1
2020-12-01,MESZ0,24948,3639.25,3677.5,3637.75,3658.75,839098
2020-12-01,MESZ0-MESH1,105626,-8.4,-8.3,-8.5,-8.35,54
2020-12-02,MESH1,8963,3648.5,3665.75,3632.5,3659.0,1607
2020-12-02,MESM1,18659,3635.0,3647.75,3627.0,3647.75,7
2020-12-02,MESU1,2055,3623.0,3623.0,3623.0,3623.0,1
2020-12-02,MESZ0,24948,3658.75,3673.5,3642.25,3667.0,672556
2020-12-02,MESZ0-MESH1,105626,-8.25,-7.55,-8.25,-7.8,84
2020-12-03,MESH1,8963,3657.5,3674.25,3647.5,3662.5,2022
2020-12-03,MESM1,18659,3651.0,3661.0,3650.0,3650.0,36
2020-12-03,MESZ0,24948,3667.0,3682.0,3655.25,3670.0,717725
2020-12-03,MESZ0-MESH1,105626,-7.9,-7.55,-7.95,-7.95,61
2020-12-04,MESH1,8963,3663.25,3690.5,3660.0,3683.75,1543
2020-12-04,MESM1,18659,3667.5,3676.0,3667.5,3676.0,18
2020-12-04,MESZ0,24948,3669.75,3700.0,3667.75,3690.25,559609
2020-12-04,MESZ0-MESH1,105626,-7.7,-7.7,-8.15,-7.9,39
2020-12-06,MESH1,8963,3685.0,3696.5,3685.0,3691.5,220
2020-12-06,MESM1,18659,3685.0,3685.0,3685.0,3685.0,1
2020-12-06,MESZ0,24948,3695.0,3705.0,3693.0,3699.0,15020
2020-12-06,MESZ0-MESH1,105626,-8.1,-8.1,-8.1,-8.1,1
2020-12-07,MESH1,8963,3691.0,3691.5,3664.5,3674.75,2129
2020-12-07,MESM1,18659,3677.75,3677.75,3655.25,3662.0,11
2020-12-07,MESZ0,24948,3699.0,3700.0,3672.25,3682.5,654540
2020-12-07,MESZ0-MESH1,105626,-8.1,-7.9,-8.25,-8.2,153
2020-12-07,MESZ1,3196,3635.0,3656.0,3635.0,3656.0,3
2020-12-08,MESH1,8963,3674.0,3708.0,3656.25,3698.25,3485
2020-12-08,MESM1,18659,3658.0,3690.75,3650.0,3690.75,42
2020-12-08,MESZ0,24948,3682.25,3715.0,3664.0,3706.5,678502
2020-12-08,MESZ0-MESH1,105626,-8.0,-7.95,-8.2,-8.1,289
2020-12-08,MESZ1,3196,3645.0,3645.0,3645.0,3645.0,1
2020-12-09,MESH1,8963,3699.75,3706.25,3651.25,3666.0,5887
2020-12-09,MESM1,18659,3692.75,3698.0,3644.0,3650.25,77
2020-12-09,MESU1,2055,3645.0,3645.0,3645.0,3645.0,1
2020-12-09,MESZ0,24948,3706.5,3714.0,3659.25,3674.75,1137380
2020-12-09,MESZ0-MESH1,105626,-8.1,-7.9,-8.25,-8.15,362
2020-12-10,MESH1,8963,3666.75,3674.0,3634.0,3664.25,34357
2020-12-10,MESM1,18659,3657.0,3657.0,3636.5,3655.75,28
2020-12-10,MESU1,2055,3620.0,3620.0,3620.0,3620.0,1
2020-12-10,MESZ0,24948,3674.75,3681.25,3644.0,3672.25,915030
2020-12-10,MESZ0-MESH1,105626,-8.2,-7.65,-8.25,-7.75,1268
2020-12-11,MESH1,8963,3663.75,3667.25,3620.5,3655.0,628339
2020-12-11,MESH1-MESM1,78821,-9.5,-9.5,-9.5,-9.5,5
2020-12-11,MESM1,18659,3656.0,3656.0,3613.0,3644.0,69
2020-12-11,MESU1,2055,3613.0,3613.0,3613.0,3613.0,1
2020-12-11,MESZ0,24948,3671.75,3675.0,3628.0,3661.5,287909
2020-12-11,MESZ0-MESH1,105626,-7.75,-7.4,-8.0,-7.5,4544
2020-12-11,MESZ0-MESM1,78298,-18.0,-18.0,-18.0,-18.0,9
2020-12-13,MESH1,8963,3669.75,3678.0,3666.0,3671.25,13190
2020-12-13,MESM1,18659,3658.0,3668.0,3658.0,3658.0,8
2020-12-13,MESZ0,24948,3677.5,3685.5,3674.0,3679.0,5501
2020-12-13,MESZ0-MESH1,105626,-7.4,-7.35,-7.75,-7.5,174
2020-12-14,MESH1,8963,3671.5,3691.25,3637.5,3647.0,828506
2020-12-14,MESH1-MESM1,78821,-10.6,-10.6,-10.6,-10.6,1
2020-12-14,MESM1,18659,3660.5,3682.0,3628.5,3636.5,113
2020-12-14,MESZ0,24948,3679.0,3698.5,3644.25,3653.0,196368
2020-12-14,MESZ0-MESH1,105626,-7.5,-6.4,-7.7,-6.7,21130
2020-12-15,MESH1,8963,3647.0,3690.25,3636.25,3686.25,716446
2020-12-15,MESM1,18659,3638.0,3681.0,3628.0,3675.25,107
2020-12-15,MESZ0,24948,3653.75,3698.0,3642.75,3693.0,110731
2020-12-15,MESZ0-MESH1,105626,-6.8,-6.15,-7.75,-7.05,4036
2020-12-16,MESH1,8963,3686.25,3704.5,3680.0,3696.0,622652
2020-12-16,MESM1,18659,3673.0,3692.0,3672.0,3684.75,187
2020-12-16,MESZ0,24948,3693.5,3711.5,3687.25,3703.5,76396
2020-12-16,MESZ0-MESH1,105626,-7.1,-6.45,-7.5,-7.05,2608
2020-12-16,MESZ0-MESM1,78298,-17.25,-17.25,-17.75,-17.25,5
2020-12-17,MESH1,8963,3696.0,3718.25,3692.25,3713.5,507106
2020-12-17,MESH1-MESM1,78821,-10.75,-9.5,-11.25,-11.0,15
2020-12-17,MESM1,18659,3682.5,3704.25,3682.5,3702.0,139
2020-12-17,MESZ0,24948,3702.75,3727.0,3699.5,3721.75,59651
2020-12-17,MESZ0-MESH1,105626,-7.3,-7.0,-9.25,-8.5,2300
2020-12-18,MESH1,8963,3713.75,3723.0,3677.0,3716.25,929052
2020-12-18,MESH1-MESM1,78821,-10.75,-10.35,-10.75,-10.6,535
2020-12-18,MESM1,18659,3700.75,3710.25,3669.0,3704.75,471
2020-12-18,MESZ0,24948,3722.25,3748.25,3708.0,3740.25,5985
2020-12-18,MESZ0-MESH1,105626,-8.5,-7.8,-9.0,-8.75,466
2020-12-18,MESZ0-MESM1,78298,-19.5,-19.5,-19.5,-19.5,10
2020-12-20,MESH1,8963,3718.0,3724.25,3701.25,3706.75,22189
2020-12-20,MESH1-MESM1,78821,-10.5,-10.5,-10.5,-10.5,4
2020-12-20,MESM1,18659,3704.25,3706.75,3692.0,3696.0,36
2020-12-20,MESZ1,3196,3675.0,3675.0,3675.0,3675.0,3
2020-12-21,MESH1,8963,3706.75,3711.5,3596.0,3683.25,1286845
2020-12-21,MESH2,11355,3640.0,3640.0,3640.0,3640.0,1
2020-12-21,MESM1,18659,3699.75,3700.0,3590.0,3672.5,776
2020-12-21,MESU1,2055,3687.0,3687.0,3610.0,3661.5,9
2020-12-22,MESH1,8963,3683.5,3695.25,3663.75,3683.25,867159
2020-12-22,MESM1,18659,3676.0,3684.0,3655.25,3671.5,692
2020-12-23,MESH1,8963,3683.25,3701.5,3651.0,3684.0,640092
2020-12-23,MESH1-MESM1,78821,-11.5,-11.5,-11.5,-11.5,1
2020-12-23,MESM1,18659,3673.0,3690.5,3641.0,3674.0,553
2020-12-23,MESU1,2055,3657.0,3674.5,3657.0,3667.0,5
2020-12-24,MESH1,8963,3684.0,3696.25,3679.0,3692.75,192304
2020-12-24,MESM1,18659,3671.75,3684.75,3669.25,3682.0,247
2020-12-24,MESU1,2055,3664.75,3679.0,3664.75,3679.0,3
2020-12-27,MESH1,8963,3682.25,3707.75,3675.0,3702.5,20758
2020-12-27,MESM1,18659,3667.5,3698.0,3667.5,3693.75,55
2020-12-28,MESH1,8963,3702.75,3735.0,3697.25,3735.0,458009
2020-12-28,MESH1-MESM1,78821,-10.0,-10.0,-10.6,-10.6,8
2020-12-28,MESM1,18659,3695.0,3724.25,3688.75,3724.25,310
2020-12-28,MESU1,2055,3701.25,3710.75,3701.25,3710.75,4
2020-12-28,MESZ1,3196,3685.0,3695.0,3685.0,3695.0,3
2020-12-29,MESH1,8963,3734.75,3747.75,3714.5,3721.5,651760
2020-12-29,MESH1-MESM1,78821,-10.65,-10.65,-10.65,-10.65,10
2020-12-29,MESM1,18659,3724.5,3737.75,3703.0,3713.0,738
2020-12-29,MESU1,2055,3720.0,3729.5,3699.0,3699.0,20
2020-12-30,MESH1,8963,3721.5,3738.25,3716.5,3726.5,454710
2020-12-30,MESH1-MESM1,78821,-10.25,-10.25,-10.25,-10.25,5
2020-12-30,MESM1,18659,3707.25,3727.75,3707.25,3715.5,441
2020-12-30,MESU1,2055,3721.25,3721.25,3705.25,3705.25,5
2020-12-31,MESH1,8963,3726.75,3753.0,3715.0,3749.0,397470
2020-12-31,MESH1-MESM1,78821,-10.25,-10.0,-10.25,-10.0,2
2020-12-31,MESM1,18659,3716.0,3742.5,3705.75,3737.0,306
2020-12-31,MESU1,2055,3697.25,3728.75,3697.25,3728.75,4
2020-12-31,MESZ1,3196,3710.0,3710.0,3710.0,3710.0,1
2021-01-03,MESH1,8963,3748.5,3755.75,3742.25,3749.0,15245
2021-01-03,MESM1,18659,3742.75,3742.75,3731.0,3739.75,74
2021-01-03,MESU1,2055,3736.0,3736.0,3728.0,3735.25,13
2021-01-04,MESH1,8963,3749.25,3773.25,3652.5,3693.5,1284710
2021-01-04,MESH1-MESM1,78821,-10.0,-10.0,-10.35,-10.35,27
2021-01-04,MESM1,18659,3739.75,3762.5,3643.25,3682.0,897
2021-01-04,MESU1,2055,3741.75,3746.5,3660.5,3665.5,28
2021-01-05,MESH1,8963,3693.25,3729.75,3673.25,3714.0,959330
2021-01-05,MESH1-MESM1,78821,-10.3,-10.0,-10.45,-10.25,20
2021-01-05,MESM1,18659,3685.75,3718.5,3665.0,3704.5,995
2021-01-05,MESU1,2055,3702.0,3702.0,3702.0,3702.0,1
2021-01-06,MESH1,8963,3714.25,3774.75,3685.5,3749.75,1424866
2021-01-06,MESH1-MESM1,78821,-10.1,-10.1,-10.1,-10.1,1
2021-01-06,MESM1,18659,3714.0,3764.0,3675.75,3739.5,1596
2021-01-06,MESU1,2055,3680.0,3750.0,3680.0,3735.75,9
2021-01-06,MESZ1,3196,3725.0,3734.0,3725.0,3734.0,2
2021-01-07,MESH1,8963,3749.75,3804.0,3742.0,3799.5,760424
2021-01-07,MESH1-MESM1,78821,-10.35,-10.35,-10.45,-10.45,41
2021-01-07,MESM1,18659,3734.5,3792.25,3734.5,3788.75,482
2021-01-07,MESU1,2055,3780.25,3780.25,3780.0,3780.0,2
2021-01-08,MESH1,8963,3799.5,3824.25,3775.25,3822.5,1026095
2021-01-08,MESH1-MESM1,78821,-10.0,-10.0,-10.0,-10.0,1
2021-01-08,MESM1,18659,3789.5,3813.5,3764.5,3813.0,570
2021-01-08,MESU1,2055,3785.0,3800.0,3785.0,3795.0,21
2021-01-08,MESZ1,3196,3765.0,3765.0,3765.0,3765.0,1
2021-01-10,MESH1,8963,3815.75,3820.75,3807.75,3809.75,15839
2021-01-10,MESM1,18659,3809.5,3809.5,3797.5,3797.5,25
2021-01-11,MESH1,8963,3809.75,3813.75,3776.25,3797.25,795855
2021-01-11,MESH1-MESM1,78821,-10.55,-10.25,-10.55,-10.25,4
2021-01-11,MESM1,18659,3799.75,3799.75,3766.0,3784.75,763
2021-01-11,MESU1,2055,3776.5,3787.0,3766.0,3775.0,4
2021-01-12,MESH1,8963,3797.0,3806.75,3767.75,3796.25,848129
2021-01-12,MESH1-MESM1,78821,-10.95,-10.45,-10.95,-10.45,20
2021-01-12,MESM1,18659,3787.5,3794.0,3759.25,3785.5,440
2021-01-12,MESU1,2055,3764.0,3764.0,3751.0,3751.0,2
2021-01-12,MESZ1,3196,3778.0,3778.0,3762.0,3762.0,20
2021-01-13,MESH1,8963,3796.5,3813.5,3776.5,3806.5,703677
2021-01-13,MESH1-MESM1,78821,-10.5,-10.5,-10.95,-10.95,12
2021-01-13,MESM1,18659,3786.0,3804.0,3766.5,3797.5,534
2021-01-13,MESU1,2055,3779.25,3779.25,3779.25,3779.25,1
2021-01-14,MESH1,8963,3806.5,3817.75,3786.25,3795.0,712231
2021-01-14,MESM1,18659,3802.0,3808.5,3775.75,3786.0,572
2021-01-14,MESU1,2055,3793.0,3800.0,3770.0,3770.0,4
2021-01-14,MESZ1,3196,3780.0,3780.0,3760.0,3760.0,4
2021-01-15,MESH1,8963,3794.75,3796.0,3741.5,3745.75,1058794
2021-01-15,MESH1-MESM1,78821,-10.35,-10.35,-10.35,-10.35,15
2021-01-15,MESM1,18659,3782.0,3782.0,3731.5,3736.0,775
2021-01-15,MESU1,2055,3758.5,3758.5,3730.0,3750.0,5
2021-01-17,MESH1,8963,3750.25,3760.0,3746.5,3749.75,13314
2021-01-17,MESH1-MESM1,78821,-10.95,-10.95,-10.95,-10.95,1
2021-01-17,MESM1,18659,3742.0,3750.0,3738.0,3745.5,26
2021-01-18,MESH1,8963,3749.5,3773.5,3741.0,3773.0,145203
2021-01-18,MESH1-MESM1,78821,-10.1,-10.1,-10.1,-10.1,1
2021-01-18,MESM1,18659,3735.25,3762.75,3731.5,3761.0,123
2021-01-19,MESH1,8963,3773.0,3803.75,3772.25,3803.5,619771
2021-01-19,MESH1-MESM1,78821,-9.3,-9.3,-9.3,-9.3,1
2021-01-19,MESM1,18659,3766.25,3793.0,3764.25,3792.0,464
2021-01-19,MESU1,2055,3775.0,3775.0,3775.0,3775.0,1
2021-01-20,MESH1,8963,3803.25,3852.5,3788.75,3848.0,623483
2021-01-20,MESM1,18659,3790.0,3841.5,3779.75,3839.0,473
2021-01-20,MESU1,2055,3785.0,3820.0,3785.0,3814.0,16
2021-01-21,MESH1,8963,3848.0,3859.75,3836.5,3844.0,552426
2021-01-21,MESH1-MESM1,78821,-10.25,-9.15,-10.25,-9.15,97
2021-01-21,MESM1,18659,3837.25,3849.5,3827.0,3834.0,554
2021-01-21,MESU1,2055,3830.0,3830.0,3820.0,3830.0,14
2021-01-22,MESH1,8963,3844.25,3848.5,3813.5,3830.0,623753
2021-01-22,MESH1-MESM1,78821,-10.0,-10.0,-10.0,-10.0,5
2021-01-22,MESM1,18659,3837.5,3837.75,3804.0,3822.0,627
2021-01-22,MESU1,2055,3816.0,3816.0,3808.0,3808.0,2
2021-01-24,MESH1,8963,3835.0,3844.5,3834.0,3841.25,10351
2021-01-24,MESH1-MESM1,78821,-10.95,-10.95,-10.95,-10.95,1
2021-01-24,MESM1,18659,3826.0,3833.0,3826.0,3833.0,17
2021-01-25,MESH1,8963,3841.25,3853.5,3788.5,3845.5,1187453
2021-01-25,MESH1-MESM1,78821,-10.0,-10.0,-10.0,-10.0,9
2021-01-25,MESM1,18659,3831.5,3842.25,3780.75,3836.0,850
2021-01-25,MESU1,2055,3830.0,3830.0,3830.0,3830.0,1
2021-01-26,MESH1,8963,3845.25,3862.5,3821.5,3847.0,783593
2021-01-26,MESH1-MESM1,78821,-10.0,-10.0,-10.0,-10.0,1
2021-01-26,MESM1,18659,3834.0,3852.5,3811.25,3835.25,493
2021-01-26,MESU1,2055,3824.5,3829.25,3824.5,3824.75,4
2021-01-27,MESH1,8963,3847.25,3849.0,3703.25,3708.75,1629529
2021-01-27,MESH1-MESM1,78821,-10.0,-9.9,-10.25,-10.15,118
2021-01-27,MESM1,18659,3835.5,3836.5,3694.0,3699.75,1553
2021-01-27,MESU1,2055,3825.0,3825.0,3708.0,3708.0,13
2021-01-27,MESZ1,3196,3808.0,3808.0,3694.5,3694.5,4
2021-01-28,MESH1,8963,3708.5,3823.75,3706.5,3766.5,1435439
2021-01-28,MESH1-MESM1,78821,-9.5,-9.5,-9.5,-9.5,4
2021-01-28,MESM1,18659,3700.0,3813.25,3697.0,3755.25,1823
2021-01-28,MESU1,2055,3710.75,3801.0,3695.0,3760.25,10
2021-01-28,MESZ1,3196,3766.5,3766.5,3766.5,3766.5,1
2021-01-29,MESH1,8963,3766.75,3777.0,3685.5,3696.25,1687461
2021-01-29,MESH1-MESM1,78821,-10.1,-9.9,-10.8,-9.95,19
2021-01-29,MESM1,18659,3755.75,3766.0,3675.5,3689.0,2366
2021-01-29,MESU1,2055,3728.0,3728.0,3680.0,3700.0,8
2021-01-29,MESZ1,3196,3699.5,3707.0,3699.5,3707.0,4
2021-01-31,MESH1,8963,3692.75,3694.0,3657.0,3677.0,43172
2021-01-31,MESM1,18659,3681.25,3681.25,3648.5,3665.0,204
2021-01-31,MESU1,2055,3646.5,3646.5,3646.5,3646.5,1
2021-01-31,MESZ1,3196,3635.0,3635.0,3630.0,3630.0,2
2021-02-01,MESH1,8963,3677.0,3777.0,3676.25,3769.75,1053965
2021-02-01,MESH1-MESM1,78821,-10.05,-10.05,-10.05,-10.05,1
2021-02-01,MESM1,18659,3668.5,3766.25,3667.25,3759.5,784
2021-02-01,MESU1,2055,3740.0,3750.0,3740.0,3750.0,2
2021-02-01,MESZ1,3196,3705.5,3735.0,3705.5,3735.0,2
2021-02-02,MESH1,8963,3769.75,3835.75,3759.75,3828.75,923955
2021-02-02,MESH1-MESM1,78821,-10.05,-10.05,-10.15,-10.15,10
2021-02-02,MESM1,18659,3754.5,3825.5,3750.0,3820.25,812
2021-02-02,MESU1,2055,3780.0,3813.25,3780.0,3813.25,4
2021-02-02,MESZ1,3196,3770.0,3805.0,3770.0,3805.0,5
2021-02-03,MESH1,8963,3829.0,3843.5,3807.75,3832.75,799622
2021-02-03,MESH1-MESM1,78821,-10.0,-9.7,-10.15,-9.7,5
2021-02-03,MESH1-MESU1,63702,-19.8,-19.8,-19.8,-19.8,10
2021-02-03,MESM1,18659,3818.5,3833.25,3798.5,3820.25,634
2021-02-03,MESU1,2055,3810.0,3810.0,3810.0,3810.0,2
2021-02-04,MESH1,8963,3832.5,3869.75,3811.5,3866.0,682906
2021-02-04,MESH1-MESM1,78821,-10.15,-10.15,-10.15,-10.15,15
2021-02-04,MESM1,18659,3820.5,3858.75,3802.25,3855.75,551
2021-02-04,MESU1,2055,3811.75,3835.0,3811.75,3835.0,6
2021-02-04,MESZ1,3196,3805.0,3805.0,3805.0,3805.0,1
2021-02-05,MESH1,8963,3866.0,3888.5,3860.0,3884.75,597145
2021-02-05,MESH1-MESM1,78821,-10.2,-10.2,-10.2,-10.2,3
2021-02-05,MESM1,18659,3856.0,3877.25,3851.0,3873.0,453
2021-02-05,MESU1,2055,3852.0,3860.0,3852.0,3860.0,2
2021-02-05,MESZ1,3196,3847.5,3847.5,3843.0,3843.0,3
2021-02-07,MESH1,8963,3888.25,3895.5,3885.5,3890.5,11678
2021-02-07,MESM1,18659,3878.25,3885.0,3878.25,3880.0,36
2021-02-08,MESH1,8963,3890.75,3913.5,3885.5,3910.25,518903
2021-02-08,MESM1,18659,3880.0,3901.0,3877.0,3898.75,409
2021-02-08,MESU1,2055,3875.0,3878.0,3869.5,3870.0,4
2021-02-09,MESH1,8963,3910.0,3915.25,3895.0,3909.25,504185
2021-02-09,MESH1-MESM1,78821,-10.2,-10.2,-10.25,-10.25,2
2021-02-09,MESM1,18659,3895.5,3902.0,3883.75,3898.5,426
2021-02-09,MESU1,2055,3885.0,3885.0,3881.25,3881.25,2
2021-02-10,MESH1,8963,3909.25,3928.25,3878.5,3906.25,1049616
2021-02-10,MESH1-MESM1,78821,-10.15,-10.15,-10.15,-10.15,2
2021-02-10,MESM1,18659,3898.0,3917.5,3869.0,3894.75,1023
2021-02-10,MESU1,2055,3901.5,3901.5,3873.0,3873.0,3
2021-02-10,MESZ1,3196,3898.0,3898.0,3898.0,3898.0,1
2021-02-11,MESH1,8963,3906.0,3920.75,3884.5,3910.75,845526
2021-02-11,MESH1-MESM1,78821,-10.3,-10.3,-10.55,-10.55,6
2021-02-11,MESM1,18659,3893.75,3909.75,3874.5,3900.5,738
2021-02-12,MESH1,8963,3911.0,3936.25,3890.25,3935.5,531101
2021-02-12,MESH1-MESM1,78821,-10.55,-10.2,-10.55,-10.25,4
2021-02-12,MESM1,18659,3900.0,3925.25,3880.5,3924.25,665
2021-02-12,MESU1,2055,3912.5,3912.5,3912.5,3912.5,1
2021-02-14,MESH1,8963,3936.25,3940.25,3934.0,3936.5,7740
2021-02-14,MESH1-MESM1,78821,-10.0,-10.0,-10.1,-10.1,6
2021-02-14,MESM1,18659,3929.0,3929.75,3926.0,3926.0,20
2021-02-15,MESH1,8963,3936.5,3952.0,3935.75,3947.25,92903
2021-02-15,MESM1,18659,3927.0,3942.25,3927.0,3937.25,126
2021-02-15,MESU1,2055,3920.0,3920.0,3920.0,3920.0,1
2021-02-16,MESH1,8963,3947.25,3959.25,3918.75,3921.25,756179
2021-02-16,MESH1-MESM1,78821,-10.2,-10.0,-10.4,-10.3,7
2021-02-16,MESM1,18659,3938.75,3948.5,3907.75,3909.75,827
2021-02-16,MESZ1,3196,3920.5,3920.5,3920.5,3920.5,1
2021-02-17,MESH1,8963,3921.25,3932.5,3896.5,3930.5,840563
2021-02-17,MESH1-MESM1,78821,-10.25,-10.2,-10.25,-10.2,10
2021-02-17,MESM1,18659,3908.0,3922.0,3886.5,3920.0,803
2021-02-17,MESU1,2055,3900.0,3900.0,3893.25,3893.25,2
2021-02-17,MESZ1,3196,3890.0,3890.0,3870.0,3870.0,2
2021-02-18,MESH1,8963,3930.75,3936.0,3880.5,3905.75,894278
2021-02-18,MESH1-MESM1,78821,-10.2,-10.2,-10.3,-10.3,4
2021-02-18,MESM1,18659,3922.75,3925.0,3870.5,3894.0,1401
2021-02-18,MESU1,2055,3895.0,3895.0,3864.0,3893.0,7
2021-02-19,MESH1,8963,3905.75,3931.25,3890.25,3899.25,767600
2021-02-19,MESH1-MESM1,78821,-10.45,-10.35,-10.45,-10.4,32
2021-02-19,MESM1,18659,3895.0,3920.0,3881.0,3887.75,1054
2021-02-21,MESH1,8963,3905.0,3911.25,3894.0,3904.0,20383
2021-02-21,MESM1,18659,3895.0,3899.5,3885.0,3892.5,102
2021-02-22,MESH1,8963,3904.0,3914.25,3861.25,3878.5,856375
2021-02-22,MESH1-MESM1,78821,-10.35,-10.15,-10.35,-10.15,13
2021-02-22,MESM1,18659,3894.25,3903.25,3851.0,3868.0,1323
2021-02-22,MESU1,2055,3850.0,3850.0,3850.0,3850.0,1
2021-02-23,MESH1,8963,3878.25,3895.75,3804.75,3873.25,1455011
2021-02-23,MESH1-MESM1,78821,-10.15,-10.1,-10.3,-10.3,11
2021-02-23,MESM1,18659,3863.75,3885.75,3795.0,3865.0,2645
2021-02-23,MESU1,2055,3850.0,3859.5,3830.0,3859.5,9
2021-02-24,MESH1,8963,3873.25,3934.5,3851.75,3933.0,1162337
2021-02-24,MESH1-MESM1,78821,-10.15,-10.15,-10.15,-10.15,1
2021-02-24,MESM1,18659,3860.25,3924.0,3841.25,3923.0,2413
2021-02-24,MESU1,2055,3850.0,3901.0,3850.0,3901.0,8
2021-02-24,MESZ1,3196,3880.0,3880.0,3880.0,3880.0,1
2021-02-25,MESH1,8963,3933.0,3934.25,3810.25,3820.5,1796895
2021-02-25,MESH1-MESM1,78821,-9.95,-9.85,-10.3,-10.25,29
2021-02-25,MESM1,18659,3922.5,3924.25,3800.5,3811.0,5952
2021-02-25,MESU1,2055,3880.0,3880.0,3795.0,3795.0,16
2021-02-26,MESH1,8963,3820.5,3858.75,3785.0,3807.5,1884045
2021-02-26,MESH1-MESM1,78821,-10.15,-9.95,-10.15,-10.1,80
2021-02-26,MESM1,18659,3810.0,3848.5,3775.0,3799.0,4706
2021-02-26,MESU1,2055,3786.75,3827.75,3772.0,3782.0,10
2021-02-28,MESH1,8963,3817.0,3837.0,3812.5,3836.25,23250
2021-02-28,MESM1,18659,3808.75,3826.5,3803.75,3826.5,123
2021-03-01,MESH1,8963,3836.25,3912.0,3833.0,3904.0,947305
2021-03-01,MESH1-MESM1,78821,-10.1,-9.8,-10.1,-9.8,71
2021-03-01,MESM1,18659,3826.75,3902.0,3822.75,3893.0,2233
2021-03-01,MESU1,2055,3835.5,3889.0,3835.5,3889.0,24
2021-03-01,MESZ1,3196,3860.0,3879.0,3860.0,3879.0,2
2021-03-02,MESH1,8963,3904.0,3906.0,3865.75,3876.75,1242111
2021-03-02,MESH1-MESM1,78821,-10.0,-9.8,-10.25,-10.0,37
2021-03-02,MESM1,18659,3890.75,3895.5,3855.25,3865.75,1997
2021-03-02,MESU1,2055,3860.0,3887.0,3860.0,3860.0,14
2021-03-03,MESH1,8963,3876.75,3897.75,3795.5,3796.25,1553772
2021-03-03,MESH1-MESM1,78821,-9.95,-9.0,-10.05,-9.0,535
2021-03-03,MESM1,18659,3867.0,3888.0,3785.25,3785.25,3965
2021-03-03,MESU1,2055,3857.25,3868.0,3778.5,3778.5,38
2021-03-04,MESH1,8963,3796.0,3842.0,3720.5,3758.0,2206412
2021-03-04,MESH1-MESM1,78821,-9.9,-9.8,-10.25,-10.25,142
2021-03-04,MESM1,18659,3785.0,3831.5,3710.0,3748.0,15584
2021-03-04,MESU1,2055,3787.0,3825.25,3719.0,3751.0,66
2021-03-04,MESZ1,3196,3789.0,3789.0,3717.25,3717.25,3
2021-03-05,MESH1,8963,3757.75,3850.0,3728.5,3841.25,2187695
2021-03-05,MESH1-MESM1,78821,-10.15,-9.9,-10.5,-9.9,83
2021-03-05,MESM1,18659,3747.0,3839.75,3719.0,3832.5,13751
2021-03-05,MESU1,2055,3725.0,3827.0,3710.0,3827.0,142
2021-03-05,MESZ1,3196,3777.0,3777.0,3777.0,3777.0,1
2021-03-07,MESH1,8963,3854.5,3866.5,3850.75,3854.0,20868
2021-03-07,MESH1-MESM1,78821,-10.0,-10.0,-10.0,-10.0,1
2021-03-07,MESM1,18659,3843.75,3858.0,3841.0,3844.0,597
2021-03-07,MESU1,2055,3840.0,3840.0,3838.0,3838.0,2
2021-03-08,MESH1,8963,3854.0,3879.25,3796.25,3838.25,1580609
2021-03-08,MESH1-MESM1,78821,-9.8,-9.55,-10.15,-9.55,124
2021-03-08,MESM1,18659,3843.0,3868.75,3786.5,3830.0,9195
2021-03-08,MESU1,2055,3827.75,3856.25,3792.0,3827.0,22
2021-03-08,MESZ1,3196,3813.5,3825.25,3813.5,3825.25,2
2021-03-09,MESH1,8963,3838.25,3901.25,3826.25,3876.0,936338
2021-03-09,MESH1-MESM1,78821,-9.95,-9.75,-10.15,-10.0,642
2021-03-09,MESM1,18659,3828.0,3892.25,3816.5,3866.0,7630
2021-03-09,MESU1,2055,3819.0,3880.25,3819.0,3855.0,25
2021-03-09,MESZ1,3196,3854.75,3854.75,3850.0,3850.0,2
2021-03-10,MESH1,8963,3876.0,3916.25,3856.75,3900.25,1129295
2021-03-10,MESH1-MESM1,78821,-9.9,-9.5,-9.9,-9.65,507
2021-03-10,MESM1,18659,3866.0,3906.25,3847.0,3890.5,16872
2021-03-10,MESU1,2055,3850.0,3887.0,3834.0,3879.25,25
2021-03-11,MESH1,8963,3900.0,3958.5,3893.0,3940.75,708595
2021-03-11,MESH1-MESM1,78821,-9.5,-9.35,-9.7,-9.6,22553
2021-03-11,MESM1,18659,3892.75,3949.5,3883.25,3931.75,46095
2021-03-11,MESU1,2055,3896.0,3935.0,3892.25,3925.25,29
2021-03-11,MESZ1,3196,3910.0,3913.5,3910.0,3910.5,3
2021-03-12,MESH1,8963,3940.75,3947.75,3910.0,3941.75,342827
2021-03-12,MESH1-MESM1,78821,-9.6,-9.1,-9.6,-9.4,2327
2021-03-12,MESH2,11355,3880.0,3880.0,3880.0,3880.0,2
2021-03-12,MESM1,18659,3931.5,3938.25,3900.5,3933.25,609644
2021-03-12,MESU1,2055,3922.0,3928.75,3891.0,3920.75,58
2021-03-12,MESZ1,3196,3890.0,3898.25,3890.0,3898.25,4
2021-03-14,MESH1,8963,3946.0,3953.75,3941.0,3950.75,4694
2021-03-14,MESH1-MESM1,78821,-9.0,-9.0,-9.5,-9.5,93
2021-03-14,MESM1,18659,3936.5,3944.5,3931.5,3941.75,13907
2021-03-14,MESU1,2055,3929.5,3930.25,3929.5,3929.5,3
2021-03-15,MESH1,8963,3950.75,3969.75,3922.0,3961.25,140359
2021-03-15,MESH1-MESM1,78821,-9.4,-9.05,-9.5,-9.2,6500
2021-03-15,MESM1,18659,3941.5,3960.25,3913.0,3951.75,584886
2021-03-15,MESU1,2055,3935.0,3944.25,3904.0,3942.25,50
2021-03-15,MESZ1,3196,3927.0,3927.0,3927.0,3927.0,1
2021-03-16,MESH1,8963,3961.25,3980.25,3952.75,3964.5,112169
2021-03-16,MESH1-MESM1,78821,-9.35,-9.05,-10.3,-9.9,5127
2021-03-16,MESH2,11355,3929.0,3929.0,3929.0,3929.0,1
2021-03-16,MESM1,18659,3951.75,3970.75,3942.75,3954.5,656498
2021-03-16,MESU1,2055,3946.5,3960.0,3933.0,3947.5,286
2021-03-16,MESZ1,3196,3944.75,3944.75,3927.0,3927.0,4
2021-03-17,MESH1,8963,3964.75,3983.75,3935.25,3982.5,116057
2021-03-17,MESH1-MESM1,78821,-9.8,-9.25,-10.5,-10.45,2348
2021-03-17,MESH1-MESU1,63702,-19.5,-19.0,-20.25,-19.0,235
2021-03-17,MESM1,18659,3954.75,3973.25,3925.0,3972.5,891316
2021-03-17,MESU1,2055,3942.0,3963.5,3916.25,3962.0,93
2021-03-18,MESH1,8963,3983.0,3988.5,3907.5,3920.5,88442
2021-03-18,MESH1-MESM1,78821,-10.4,-10.05,-11.55,-11.25,4442
2021-03-18,MESH1-MESU1,63702,-19.75,-19.75,-19.75,-19.75,1
2021-03-18,MESM1,18659,3972.5,3978.5,3900.5,3909.75,1083068
2021-03-18,MESU1,2055,3963.5,3968.25,3889.75,3899.0,304
2021-03-18,MESZ1,3196,3920.75,3930.75,3920.75,3930.75,2
2021-03-19,MESH1,8963,3920.25,3934.5,3906.75,3917.5,4252
2021-03-19,MESH1-MESM1,78821,-11.25,-10.1,-12.5,-11.6,271
2021-03-19,MESH1-MESU1,63702,-19.75,-19.75,-20.25,-20.25,3
2021-03-19,MESM1,18659,3909.5,3923.5,3875.0,3896.0,1057967
2021-03-19,MESM1-MESU1,36579,-9.8,-9.8,-9.8,-9.8,4
2021-03-19,MESU1,2055,3907.25,3911.0,3867.5,3887.0,331
2021-03-19,MESZ1,3196,3895.75,3895.75,3875.0,3880.0,6
2021-03-21,MESM1,18659,3893.75,3898.75,3886.75,3896.25,19933
2021-03-21,MESU1,2055,3880.0,3889.0,3878.75,3889.0,29
2021-03-22,MESM1,18659,3896.5,3944.5,3885.0,3936.5,745313
2021-03-22,MESM1-MESU1,36579,-9.8,-9.8,-9.8,-9.8,2
2021-03-22,MESU1,2055,3881.75,3933.5,3875.0,3926.5,301
2021-03-22,MESZ1,3196,3875.75,3916.0,3870.0,3916.0,7
2021-03-23,MESM1,18659,3936.5,3938.75,3890.5,3899.0,1145511
2021-03-23,MESU1,2055,3928.5,3929.75,3881.0,3888.0,525
2021-03-23,MESZ1,3196,3901.0,3901.0,3885.5,3885.5,7
2021-03-24,MESM1,18659,3899.0,3931.75,3877.5,3886.0,1172659
2021-03-24,MESM1-MESU1,36579,-9.0,-9.0,-10.0,-9.4,7
2021-03-24,MESM2,13615,3875.0,3875.0,3875.0,3875.0,1
2021-03-24,MESU1,2055,3891.0,3921.0,3868.0,3877.5,537
2021-03-24,MESZ1,3196,3897.0,3906.0,3871.5,3871.5,4
2021-03-25,MESM1,18659,3886.25,3911.75,3843.25,3907.25,1452933
2021-03-25,MESM1-MESU1,36579,-10.0,-10.0,-10.1,-10.1,12
2021-03-25,MESU1,2055,3877.25,3901.25,3834.25,3901.25,760
2021-03-25,MESZ1,3196,3850.0,3867.25,3850.0,3867.25,3
2021-03-26,MESM1,18659,3907.25,3967.75,3901.75,3962.25,1030961
2021-03-26,MESM1-MESU1,36579,-10.25,-10.2,-10.25,-10.2,30
2021-03-26,MESU1,2055,3899.0,3957.5,3892.5,3953.75,585
2021-03-26,MESZ1,3196,3901.0,3922.0,3890.0,3922.0,12
2021-03-28,MESM1,18659,3961.5,3964.25,3951.0,3951.25,18157
2021-03-28,MESU1,2055,3954.0,3955.25,3938.25,3941.75,510
2021-03-29,MESM1,18659,3951.25,3971.25,3929.0,3966.0,1367440
2021-03-29,MESU1,2055,3943.0,3960.75,3919.5,3955.0,1151
2021-03-30,MESM1,18659,3966.25,3966.25,3933.75,3951.0,1059642
2021-03-30,MESU1,2055,3950.5,3953.5,3924.5,3940.0,414
2021-03-31,MESM1,18659,3951.0,3983.75,3941.5,3971.0,760622
2021-03-31,MESM1-MESU1,36579,-11.05,-11.05,-11.05,-11.05,1
2021-03-31,MESU1,2055,3937.5,3973.25,3933.0,3960.5,1754
2021-03-31,MESZ1,3196,3952.0,3952.0,3946.0,3946.0,4
2021-04-01,MESM1,18659,3970.75,4017.0,3964.5,4016.0,671673
2021-04-01,MESM1-MESU1,36579,-10.25,-10.2,-10.25,-10.2,17
2021-04-01,MESU1,2055,3959.25,4006.25,3955.5,4005.0,1744
2021-04-01,MESZ1,3196,3969.0,3996.0,3969.0,3995.5,5
2021-04-02,MESM1,18659,4016.25,4038.25,4014.5,4027.25,34272
2021-04-02,MESU1,2055,4005.0,4026.75,4004.0,4015.0,864
2021-04-04,MESM1,18659,4028.5,4033.75,4022.5,4032.25,16129
2021-04-04,MESU1,2055,4024.5,4024.5,4012.0,4022.5,272
2021-04-05,MESM1,18659,4032.5,4074.75,4021.0,4071.5,581417
2021-04-05,MESU1,2055,4023.0,4064.75,4012.0,4063.0,2636
2021-04-05,MESZ1,3196,4052.5,4052.5,4043.75,4043.75,3
2021-04-06,MESH2,11355,4041.0,4041.0,4040.0,4040.0,3
2021-04-06,MESM1,18659,4071.5,4076.0,4052.25,4071.0,731222
2021-04-06,MESU1,2055,4058.25,4066.0,4042.5,4060.75,646
2021-04-06,MESZ1,3196,4045.75,4045.75,4043.0,4043.0,2
2021-04-07,MESM1,18659,4071.0,4083.0,4056.5,4080.0,673643
2021-04-07,MESU1,2055,4059.0,4072.5,4046.5,4070.0,697
2021-04-07,MESZ1,3196,4042.0,4042.0,4042.0,4042.0,1
2021-04-08,MESM1,18659,4080.0,4099.75,4073.0,4099.75,588997
2021-04-08,MESU1,2055,4067.0,4089.25,4063.0,4089.25,1440
2021-04-09,MESM1,18659,4099.5,4121.5,4081.0,4113.5,617133
2021-04-09,MESU1,2055,4089.0,4110.0,4071.0,4103.5,485
2021-04-11,MESM1,18659,4114.0,4117.75,4110.25,4110.5,14999
2021-04-11,MESU1,2055,4104.0,4107.0,4101.0,4101.0,416
2021-04-12,MESM1,18659,4110.75,4124.25,4104.5,4121.5,656897
2021-04-12,MESM1-MESU1,36579,-10.15,-10.15,-10.15,-10.15,3
2021-04-12,MESU1,2055,4100.25,4114.5,4096.0,4113.0,714
2021-04-12,MESZ1,3196,4090.0,4103.0,4090.0,4103.0,5
2021-04-13,MESH2,11355,4090.0,4090.0,4090.0,4090.0,2
2021-04-13,MESM1,18659,4121.5,4139.75,4101.25,4130.75,645210
2021-04-13,MESU1,2055,4112.25,4129.0,4092.0,4122.0,1024
2021-04-13,MESZ1,3196,4100.0,4100.0,4100.0,4100.0,1
2021-04-14,MESM1,18659,4130.75,4143.75,4113.0,4123.0,1027931
2021-04-14,MESU1,2055,4121.25,4133.75,4101.5,4112.0,761
2021-04-14,MESZ1,3196,4118.0,4118.0,4104.0,4104.0,2
2021-04-15,MESM1,18659,4123.25,4166.75,4119.5,4163.0,654579
2021-04-15,MESU1,2055,4114.0,4156.25,4110.0,4153.5,1742
2021-04-16,MESM1,18659,4162.75,4183.5,4154.25,4172.5,690179
2021-04-16,MESU1,2055,4148.25,4172.75,4145.0,4163.0,729
2021-04-16,MESZ1,3196,4159.5,4159.5,4159.5,4159.5,2
2021-04-18,MESM1,18659,4165.5,4168.75,4163.0,4164.5,9448
2021-04-18,MESU1,2055,4158.25,4158.5,4153.75,4153.75,20
2021-04-18,MESZ1,3196,4150.0,4150.0,4150.0,4150.0,2
2021-04-19,MESM1,18659,4164.5,4174.75,4142.0,4161.75,1022355
2021-04-19,MESM1-MESU1,36579,-9.95,-9.95,-9.95,-9.95,20
2021-04-19,MESU1,2055,4152.5,4164.0,4132.25,4151.25,586
2021-04-19,MESZ1,3196,4150.25,4150.25,4125.0,4127.25,4
2021-04-20,MESM1,18659,4162.0,4167.5,4110.5,4122.25,1144415
2021-04-20,MESU1,2055,4154.25,4156.5,4100.75,4113.25,603
2021-04-20,MESZ1,3196,4120.0,4120.0,4095.0,4107.75,6
2021-04-21,MESM1,18659,4122.5,4167.25,4112.75,4154.75,849075
2021-04-21,MESM1-MESU1,36579,-10.5,-10.5,-10.5,-10.5,1
2021-04-21,MESU1,2055,4114.5,4156.5,4103.0,4145.0,364
2021-04-21,MESZ1,3196,4137.5,4141.0,4137.5,4141.0,2
2021-04-22,MESM1,18659,4154.75,4171.75,4115.25,4129.75,1326381
2021-04-22,MESM1-MESU1,36579,-10.0,-10.0,-10.0,-10.0,2
2021-04-22,MESU1,2055,4144.5,4162.5,4105.75,4121.5,722
2021-04-22,MESZ1,3196,4130.25,4130.25,4106.0,4106.0,3
2021-04-23,MESM1,18659,4130.0,4186.75,4127.5,4166.0,747011
2021-04-23,MESU1,2055,4123.0,4175.5,4119.0,4157.0,497
2021-04-25,MESM1,18659,4170.5,4172.75,4166.0,4166.75,8669
2021-04-25,MESU1,2055,4158.0,4164.5,4154.75,4154.75,33
2021-04-26,MESM1,18659,4166.75,4186.0,4163.25,4183.5,554780
2021-04-26,MESM1-MESU1,36579,-10.05,-10.0,-10.1,-10.0,20
2021-04-26,MESU1,2055,4155.0,4175.25,4155.0,4174.0,398
2021-04-27,MESM1,18659,4183.25,4191.75,4166.75,4180.25,570813
2021-04-27,MESM1-MESU1,36579,-10.95,-9.9,-10.95,-9.9,18
2021-04-27,MESU1,2055,4171.0,4183.0,4157.0,4172.0,570
2021-04-27,MESZ1,3196,4160.5,4160.5,4160.5,4160.5,1
2021-04-28,MESM1,18659,4180.5,4194.0,4170.25,4188.75,675014
2021-04-28,MESM1-MESU1,36579,-9.85,-9.85,-10.0,-9.85,14
2021-04-28,MESU1,2055,4169.5,4183.0,4163.0,4178.5,672
2021-04-28,MESZ1,3196,4170.0,4170.0,4159.0,4159.0,2
2021-04-29,MESM1,18659,4188.5,4210.75,4168.0,4197.0,963230
2021-04-29,MESM1-MESU1,36579,-9.85,-9.85,-9.85,-9.85,2
2021-04-29,MESU1,2055,4178.25,4201.5,4159.75,4185.0,1460
2021-04-29,MESZ1,3196,4179.25,4190.0,4170.0,4179.25,9
2021-04-30,MESM1,18659,4197.0,4198.75,4167.25,4180.0,936946
2021-04-30,MESM1-MESU1,36579,-9.85,-9.7,-9.85,-9.7,13
2021-04-30,MESU1,2055,4185.5,4185.5,4158.0,4171.0,555
2021-04-30,MESZ1,3196,4170.0,4170.0,4160.0,4160.0,6
2021-05-02,MESM1,18659,4181.25,4188.5,4181.25,4187.75,9299
2021-05-02,MESU1,2055,4174.5,4178.25,4174.0,4178.25,11
2021-05-03,MESM1,18659,4187.75,4202.5,4178.5,4180.0,653913
2021-05-03,MESM1-MESU1,36579,-9.7,-9.7,-9.9,-9.9,71
2021-05-03,MESU1,2055,4178.75,4192.25,4167.25,4170.25,474
2021-05-03,MESZ1,3196,4167.0,4180.0,4167.0,4167.0,13
2021-05-04,MESM1,18659,4179.75,4184.75,4120.5,4159.75,1196888
2021-05-04,MESM1-MESU1,36579,-10.0,-9.85,-10.0,-9.85,18
2021-05-04,MESU1,2055,4169.0,4175.0,4110.75,4148.0,1069
2021-05-04,MESZ1,3196,4165.0,4165.0,4105.0,4120.0,20
2021-05-05,MESM1,18659,4159.75,4180.0,4153.0,4160.75,801820
2021-05-05,MESM1-MESU1,36579,-9.8,-9.8,-9.8,-9.8,1
2021-05-05,MESU1,2055,4151.5,4171.0,4143.5,4151.25,740
2021-05-05,MESZ1,3196,4152.0,4158.0,4139.0,4157.0,17
2021-05-06,MESM1,18659,4160.5,4199.0,4140.5,4194.25,1085935
2021-05-06,MESM1-MESU1,36579,-10.0,-9.8,-10.0,-9.8,12
2021-05-06,MESU1,2055,4150.0,4188.0,4130.5,4183.25,747
2021-05-06,MESZ1,3196,4147.0,4175.0,4135.25,4175.0,14
2021-05-07,MESM1,18659,4194.25,4232.25,4191.75,4227.25,781323
2021-05-07,MESM1-MESU1,36579,-9.0,-9.0,-10.0,-10.0,4
2021-05-07,MESU1,2055,4181.5,4222.25,4181.5,4219.5,1026
2021-05-07,MESZ1,3196,4179.25,4216.5,4176.0,4200.0,31
2021-05-09,MESM1,18659,4226.5,4233.0,4224.75,4231.75,10002
2021-05-09,MESU1,2055,4219.5,4224.0,4218.5,4224.0,165
2021-05-10,MESH2,11355,4155.0,4155.0,4151.75,4151.75,2
2021-05-10,MESM1,18659,4231.5,4238.0,4172.0,4183.25,932422
2021-05-10,MESM1-MESU1,36579,-9.8,-9.75,-9.95,-9.75,19
2021-05-10,MESU1,2055,4225.5,4229.25,4161.0,4173.5,806
2021-05-10,MESZ1,3196,4223.25,4223.25,4157.75,4157.75,22
2021-05-11,MESM1,18659,4183.25,4185.0,4103.75,4146.25,1589269
2021-05-11,MESM1-MESU1,36579,-10.1,-9.8,-10.1,-9.8,39
2021-05-11,MESU1,2055,4175.0,4175.0,4094.75,4133.0,1351
2021-05-11,MESZ1,3196,4145.0,4145.0,4095.0,4122.0,21
2021-05-12,MESH2,11355,4041.0,4041.0,4041.0,4041.0,1
2021-05-12,MESM1,18659,4146.5,4150.25,4051.0,4064.75,1635261
2021-05-12,MESM1-MESU1,36579,-9.8,-9.8,-9.95,-9.95,23
2021-05-12,MESM2,13615,4020.0,4020.0,4020.0,4020.0,1
2021-05-12,MESU1,2055,4139.0,4140.0,4041.25,4054.75,2014
2021-05-12,MESZ1,3196,4117.0,4120.0,4040.75,4044.0,26
2021-05-13,MESM1,18659,4064.5,4126.75,4029.25,4113.75,1387623
2021-05-13,MESM1-MESU1,36579,-9.95,-9.95,-10.1,-10.1,4
2021-05-13,MESU1,2055,4056.25,4117.25,4018.0,4105.0,1691
2021-05-13,MESZ1,3196,4026.25,4105.0,4026.25,4105.0,12
2021-05-14,MESM1,18659,4113.75,4178.25,4111.25,4173.5,729759
2021-05-14,MESM1-MESU1,36579,-10.0,-10.0,-10.0,-10.0,6
2021-05-14,MESM2,13615,4120.0,4120.0,4120.0,4120.0,1
2021-05-14,MESU1,2055,4105.25,4169.0,4103.75,4162.5,956
2021-05-14,MESZ1,3196,4136.75,4155.0,4136.75,4155.0,14
2021-05-16,MESM1,18659,4169.25,4178.75,4168.0,4170.5,17196
2021-05-16,MESU1,2055,4161.0,4169.0,4159.25,4161.75,74
2021-05-17,MESM1,18659,4170.5,4171.25,4136.5,4164.75,831652
2021-05-17,MESM1-MESU1,36579,-9.9,-9.9,-10.05,-10.05,12
2021-05-17,MESU1,2055,4155.0,4160.0,4126.25,4153.75,768
2021-05-17,MESZ1,3196,4136.0,4137.0,4125.0,4125.0,4
2021-05-18,MESM1,18659,4164.75,4179.5,4109.0,4109.25,762268
2021-05-18,MESM1-MESU1,36579,-9.9,-9.85,-9.95,-9.9,58
2021-05-18,MESU1,2055,4154.5,4169.5,4099.0,4099.0,1011
2021-05-18,MESZ1,3196,4136.0,4136.0,4101.0,4101.0,7
2021-05-19,MESH2,11355,4042.0,4042.0,4042.0,4042.0,1
2021-05-19,MESM1,18659,4109.5,4121.75,4055.75,4100.75,1325784
2021-05-19,MESM1-MESU1,36579,-9.8,-9.8,-10.0,-10.0,5
2021-05-19,MESU1,2055,4097.25,4111.75,4047.5,4090.5,1403
2021-05-19,MESZ1,3196,4088.25,4090.0,4039.0,4039.0,12
2021-05-20,MESM1,18659,4100.75,4169.0,4084.5,4161.25,863319
2021-05-20,MESM1-MESU1,36579,-10.0,-9.9,-10.0,-9.95,22
2021-05-20,MESU1,2055,4092.75,4158.75,4073.0,4150.0,1523
2021-05-20,MESZ1,3196,4090.0,4145.0,4075.0,4145.0,20
2021-05-21,MESM1,18659,4161.5,4185.0,4147.0,4158.0,897791
2021-05-21,MESM1-MESU1,36579,-9.85,-9.75,-9.85,-9.85,5
2021-05-21,MESU1,2055,4150.25,4175.0,4137.0,4148.0,1093
2021-05-21,MESZ1,3196,4154.0,4159.5,4134.0,4140.0,19
2021-05-23,MESM1,18659,4151.25,4155.5,4142.5,4149.5,17938
2021-05-23,MESM1-MESU1,36579,-9.0,-9.0,-9.0,-9.0,1
2021-05-23,MESU1,2055,4142.75,4143.5,4133.5,4141.0,75
2021-05-23,MESZ1,3196,4129.75,4133.0,4129.75,4133.0,10
2021-05-24,MESM1,18659,4149.75,4206.25,4149.5,4201.0,556751
2021-05-24,MESM1-MESU1,36579,-9.85,-9.85,-10.1,-10.1,4
2021-05-24,MESU1,2055,4140.0,4196.5,4140.0,4191.5,1114
2021-05-24,MESZ1,3196,4158.0,4187.5,4158.0,4181.0,29
2021-05-25,MESM1,18659,4201.0,4212.75,4179.25,4194.0,750445
2021-05-25,MESM1-MESU1,36579,-10.05,-9.8,-10.05,-9.8,12
2021-05-25,MESU1,2055,4191.0,4202.0,4169.25,4184.75,1095
2021-05-25,MESZ1,3196,4184.0,4190.0,4160.0,4167.0,21
2021-05-26,MESM1,18659,4193.75,4204.5,4180.5,4193.0,611157
2021-05-26,MESM1-MESU1,36579,-9.95,-9.0,-9.95,-9.0,28
2021-05-26,MESU1,2055,4183.0,4194.0,4170.75,4180.5,897
2021-05-26,MESZ1,3196,4179.25,4180.0,4166.25,4174.0,12
2021-05-27,MESH2,11355,4165.0,4165.0,4165.0,4165.0,1
2021-05-27,MESM1,18659,4193.0,4216.25,4177.75,4214.25,632292
2021-05-27,MESM1-MESU1,36579,-10.05,-10.0,-10.5,-10.5,33
2021-05-27,MESU1,2055,4184.0,4206.25,4168.0,4204.0,998
2021-05-27,MESZ1,3196,4165.0,4189.0,4161.0,4181.75,14
2021-05-28,MESM1,18659,4214.5,4217.75,4201.0,4203.0,516897
2021-05-28,MESM1-MESU1,36579,-10.0,-10.0,-10.05,-10.05,42
2021-05-28,MESU1,2055,4205.5,4207.75,4191.75,4192.25,847
2021-05-28,MESZ1,3196,4193.0,4193.0,4182.5,4182.5,3
2021-05-30,MESM1,18659,4206.5,4211.0,4204.5,4207.5,6919
2021-05-30,MESM1-MESU1,36579,-9.95,-9.95,-10.05,-10.05,3
2021-05-30,MESU1,2055,4196.5,4201.25,4196.0,4198.0,36
2021-05-31,MESH2,11355,4178.0,4178.75,4178.0,4178.75,2
2021-05-31,MESM1,18659,4207.75,4210.0,4189.75,4201.0,72759
2021-05-31,MESM1-MESU1,36579,-9.8,-9.8,-10.1,-10.1,6
2021-05-31,MESU1,2055,4199.5,4200.25,4180.25,4191.0,272
2021-05-31,MESZ1,3196,4176.0,4176.0,4174.0,4174.0,2
2021-06-01,MESH2,11355,4179.0,4191.75,4179.0,4191.75,7
2021-06-01,MESM1,18659,4200.75,4230.0,4190.75,4195.5,738638
2021-06-01,MESM1-MESU1,36579,-10.1,-9.85,-10.1,-10.0,58
2021-06-01,MESU1,2055,4189.75,4220.25,4181.0,4184.5,1916
2021-06-01,MESZ1,3196,4197.5,4205.0,4174.25,4178.0,41
2021-06-02,MESM1,18659,4196.0,4215.0,4191.5,4208.5,653987
2021-06-02,MESM1-MESU1,36579,-9.95,-9.85,-10.1,-9.9,119
2021-06-02,MESU1,2055,4185.5,4204.75,4182.0,4199.0,863
2021-06-02,MESU1-MESZ1,24933,-11.3,-11.3,-11.3,-11.3,1
2021-06-02,MESZ1,3196,4178.0,4193.0,4175.0,4188.75,63
2021-06-03,MESM1,18659,4208.5,4213.5,4165.0,4186.5,876252
2021-06-03,MESM1-MESU1,36579,-9.9,-9.85,-10.1,-9.85,75
2021-06-03,MESU1,2055,4200.0,4202.5,4155.25,4175.25,3286
2021-06-03,MESZ1,3196,4189.0,4191.5,4147.75,4170.0,53
2021-06-04,MESH2,11355,4176.0,4176.0,4176.0,4176.0,2
2021-06-04,MESM1,18659,4186.5,4232.0,4177.0,4228.0,561584
2021-06-04,MESM1-MESU1,36579,-9.85,-9.8,-10.1,-10.0,744
2021-06-04,MESU1,2055,4175.0,4223.75,4167.5,4217.25,3482
2021-06-04,MESZ1,3196,4165.0,4211.0,4162.5,4206.0,54
2021-06-06,MESM1,18659,4232.0,4234.5,4227.25,4229.0,9641
2021-06-06,MESM1-MESU1,36579,-10.5,-9.9,-10.5,-9.9,6
2021-06-06,MESU1,2055,4221.0,4222.5,4217.5,4220.0,335
2021-06-06,MESZ1,3196,4207.75,4207.75,4207.5,4207.5,3
2021-06-07,MESH2,11355,4193.75,4199.0,4193.75,4199.0,3
2021-06-07,MESM1,18659,4229.0,4232.5,4214.0,4225.75,595232
2021-06-07,MESM1-MESU1,36579,-9.85,-9.7,-10.0,-9.7,84
2021-06-07,MESM1-MESZ1,32751,-18.5,-18.5,-18.5,-18.5,2
2021-06-07,MESU1,2055,4219.0,4222.5,4204.0,4216.25,2847
2021-06-07,MESZ1,3196,4207.5,4211.25,4195.0,4208.75,48
2021-06-08,MESH2,11355,4201.0,4201.0,4201.0,4201.0,5
2021-06-08,MESM1,18659,4226.0,4236.75,4206.0,4226.0,751485
2021-06-08,MESM1-MESU1,36579,-9.7,-9.3,-9.75,-9.4,132
2021-06-08,MESU1,2055,4215.75,4227.0,4196.5,4218.0,6369
2021-06-08,MESZ1,3196,4211.25,4216.25,4187.25,4204.0,72
2021-06-09,MESM1,18659,4225.75,4235.5,4217.0,4221.75,561615
2021-06-09,MESM1-MESU1,36579,-9.7,-9.35,-9.7,-9.5,203
2021-06-09,MESM1-MESZ1,32751,-19.5,-19.3,-19.5,-19.3,80
2021-06-09,MESU1,2055,4216.0,4225.75,4207.25,4212.25,4678
2021-06-09,MESZ1,3196,4205.0,4217.25,4199.0,4203.0,41
2021-06-10,MESM1,18659,4221.5,4249.0,4207.0,4237.75,729640
2021-06-10,MESM1-MESU1,36579,-9.5,-9.2,-9.65,-9.3,4388
2021-06-10,MESM1-MESZ1,32751,-19.25,-19.25,-19.25,-19.25,2
2021-06-10,MESM2,13615,4197.0,4197.0,4197.0,4197.0,1
2021-06-10,MESU1,2055,4212.25,4239.5,4197.5,4228.75,43994
2021-06-10,MESZ1,3196,4199.5,4228.0,4190.0,4220.0,142
2021-06-11,MESM1,18659,4238.0,4247.75,4230.75,4244.5,140237
2021-06-11,MESM1-MESU1,36579,-9.3,-9.0,-9.5,-9.25,4277
2021-06-11,MESM1-MESZ1,32751,-18.15,-18.15,-18.15,-18.15,2
2021-06-11,MESU1,2055,4228.75,4238.5,4221.75,4236.75,319042
2021-06-11,MESU1-MESZ1,24933,-11.0,-11.0,-11.0,-11.0,1
2021-06-11,MESZ1,3196,4216.0,4228.0,4212.5,4226.0,105
2021-06-13,MESM1,18659,4246.5,4251.5,4246.5,4249.75,2569
2021-06-13,MESM1-MESU1,36579,-9.0,-9.0,-9.2,-9.05,50
2021-06-13,MESU1,2055,4238.5,4242.5,4237.5,4240.75,5641
2021-06-13,MESZ1,3196,4220.25,4232.0,4220.25,4230.75,6
2021-06-14,MESM1,18659,4249.75,4257.5,4233.5,4253.5,60254
2021-06-14,MESM1-MESU1,36579,-9.2,-8.85,-9.3,-9.05,21110
2021-06-14,MESM1-MESZ1,32751,-17.75,-17.75,-18.0,-18.0,16
2021-06-14,MESU1,2055,4240.75,4248.5,4224.5,4244.25,477414
2021-06-14,MESZ1,3196,4230.25,4238.0,4215.0,4235.0,122
2021-06-15,MESM1,18659,4253.5,4267.5,4238.0,4246.75,55085
2021-06-15,MESM1-MESU1,36579,-9.05,-8.95,-10.4,-10.0,6365
2021-06-15,MESM1-MESZ1,32751,-19.5,-19.5,-19.75,-19.5,7
2021-06-15,MESM2,13615,4229.0,4229.0,4229.0,4229.0,2
2021-06-15,MESU1,2055,4244.25,4258.0,4228.25,4237.0,534076
2021-06-15,MESZ1,3196,4236.5,4246.25,4218.0,4226.75,206
2021-06-16,MESM1,18659,4247.25,4251.25,4200.75,4206.25,67094
2021-06-16,MESM1-MESU1,36579,-10.0,-9.6,-10.3,-10.0,3055
2021-06-16,MESU1,2055,4237.0,4241.5,4190.5,4196.5,656193
2021-06-16,MESU1-MESZ1,24933,-10.0,-9.5,-10.0,-9.5,13
2021-06-16,MESZ1,3196,4227.0,4229.5,4182.5,4187.5,322
2021-06-17,MESM1,18659,4206.25,4232.5,4192.75,4227.0,71904
2021-06-17,MESM1-MESU1,36579,-10.0,-9.8,-10.7,-9.8,1736
2021-06-17,MESM1-MESZ1,32751,-21.1,-21.1,-21.1,-21.1,2
2021-06-17,MESU1,2055,4196.5,4222.25,4182.5,4215.5,964710
2021-06-17,MESZ1,3196,4185.0,4214.25,4174.0,4205.5,815
2021-06-18,MESH2,11355,4165.0,4165.0,4155.0,4160.0,4
2021-06-18,MESM1,18659,4226.5,4231.5,4183.75,4185.0,4356
2021-06-18,MESM1-MESU1,36579,-10.4,-9.85,-11.75,-10.75,371
2021-06-18,MESU1,2055,4215.25,4220.0,4140.75,4142.25,977830
2021-06-18,MESU1-MESZ1,24933,-9.5,-9.5,-9.9,-9.9,34
2021-06-18,MESZ1,3196,4203.75,4210.5,4128.5,4132.5,671
2021-06-20,MESU1,2055,4142.5,4152.75,4142.0,4149.75,19430
2021-06-20,MESZ1,3196,4133.75,4142.0,4133.75,4140.75,22
2021-06-21,MESH2,11355,4165.0,4196.0,4165.0,4196.0,7
2021-06-21,MESU1,2055,4149.75,4221.5,4126.5,4217.5,712602
2021-06-21,MESU1-MESZ1,24933,-9.5,-9.5,-10.0,-9.75,3
2021-06-21,MESZ1,3196,4140.25,4211.5,4118.5,4207.5,658
2021-06-22,MESU1,2055,4217.5,4245.25,4205.75,4237.75,521461
2021-06-22,MESU1-MESZ1,24933,-9.75,-9.75,-9.75,-9.75,2
2021-06-22,MESZ1,3196,4207.0,4235.75,4196.75,4226.75,574
2021-06-23,MESH2,11355,4220.0,4220.0,4220.0,4220.0,1
2021-06-23,MESU1,2055,4237.75,4248.25,4230.5,4237.25,433227
2021-06-23,MESU1-MESZ1,24933,-10.0,-10.0,-10.2,-10.2,6
2021-06-23,MESZ1,3196,4227.0,4238.0,4221.0,4224.75,294
2021-06-24,MESH2,11355,4242.5,4242.5,4242.5,4242.5,1
2021-06-24,MESU1,2055,4237.0,4263.25,4236.75,4259.5,411545
2021-06-24,MESU1-MESZ1,24933,-10.15,-10.15,-10.15,-10.15,1
2021-06-24,MESZ1,3196,4228.75,4253.75,4228.0,4250.5,422
2021-06-25,MESU1,2055,4259.75,4276.75,4253.5,4274.5,382827
2021-06-25,MESU1-MESZ1,24933,-10.2,-10.2,-10.25,-10.25,18
2021-06-25,MESZ1,3196,4250.0,4266.0,4245.0,4263.0,228
2021-06-27,MESU1,2055,4275.0,4278.75,4275.0,4277.25,7746
2021-06-27,MESZ1,3196,4267.25,4268.0,4265.25,4265.25,18
2021-06-28,MESM2,13615,4250.0,4250.0,4250.0,4250.0,1
2021-06-28,MESU1,2055,4277.25,4282.0,4264.25,4277.5,437881
2021-06-28,MESU1-MESZ1,24933,-10.2,-10.0,-10.2,-10.0,2
2021-06-28,MESZ1,3196,4265.25,4271.5,4254.25,4266.75,339
2021-06-29,MESU1,2055,4277.25,4291.0,4271.5,4287.75,447762
2021-06-29,MESU1-MESZ1,24933,-10.0,-10.0,-10.0,-10.0,1
2021-06-29,MESZ1,3196,4266.0,4280.0,4262.0,4276.75,278
2021-06-30,MESH2,11355,4266.0,4266.0,4266.0,4266.0,1
2021-06-30,MESU1,2055,4288.0,4295.75,4269.25,4294.75,534693
2021-06-30,MESZ1,3196,4278.25,4285.5,4261.0,4283.75,332
2021-07-01,MESU1,2055,4294.75,4312.0,4286.0,4309.5,498433
2021-07-01,MESZ1,3196,4283.75,4301.0,4276.0,4299.25,523
2021-07-02,MESU1,2055,4309.5,4347.0,4309.0,4338.25,442190
2021-07-02,MESU1-MESZ1,24933,-10.2,-9.5,-10.2,-9.5,3
2021-07-02,MESZ1,3196,4302.0,4335.0,4298.75,4328.0,514
2021-07-04,MESU1,2055,4340.25,4342.75,4337.25,4339.25,4524
2021-07-04,MESZ1,3196,4332.0,4332.25,4328.5,4328.5,41
2021-07-05,MESU1,2055,4339.25,4347.5,4333.0,4346.25,64196
2021-07-05,MESZ1,3196,4328.5,4336.25,4323.25,4335.25,102
2021-07-06,MESU1,2055,4346.5,4348.25,4305.5,4327.75,671784
2021-07-06,MESU1-MESZ1,24933,-10.0,-10.0,-10.95,-10.95,2
2021-07-06,MESZ1,3196,4336.75,4337.5,4296.5,4317.5,570
2021-07-07,MESH2,11355,4317.75,4317.75,4317.75,4317.75,1
2021-07-07,MESU1,2055,4327.5,4353.0,4320.25,4350.5,682431
2021-07-07,MESU1-MESZ1,24933,-10.95,-10.95,-10.95,-10.95,2
2021-07-07,MESZ1,3196,4316.5,4343.5,4310.5,4339.0,427
2021-07-08,MESH2,11355,4287.0,4295.0,4287.0,4295.0,3
2021-07-08,MESU1,2055,4350.5,4352.0,4279.25,4308.75,1142311
2021-07-08,MESU1-MESZ1,24933,-9.7,-9.7,-9.7,-9.7,3
2021-07-08,MESZ1,3196,4339.5,4339.5,4270.0,4297.75,1194
2021-07-09,MESH2,11355,4280.0,4280.0,4280.0,4280.0,1
2021-07-09,MESU1,2055,4308.75,4363.5,4293.0,4360.75,573504
2021-07-09,MESU1-MESZ1,24933,-9.15,-9.15,-10.55,-10.55,8
2021-07-09,MESZ1,3196,4298.5,4352.75,4282.75,4351.0,913
2021-07-11,MESU1,2055,4362.25,4365.5,4359.75,4363.25,9769
2021-07-11,MESU1-MESZ1,24933,-10.45,-10.45,-10.45,-10.45,1
2021-07-11,MESZ1,3196,4352.0,4354.0,4350.0,4353.25,58
2021-07-12,MESH2,11355,4359.25,4359.25,4359.25,4359.25,1
2021-07-12,MESU1,2055,4363.0,4378.75,4341.75,4377.25,492969
2021-07-12,MESU1-MESZ1,24933,-10.45,-10.45,-10.7,-10.7,5
2021-07-12,MESZ1,3196,4353.25,4369.0,4332.5,4368.0,631
2021-07-13,MESH2,11355,4346.25,4346.25,4346.25,4346.25,1
2021-07-13,MESU1,2055,4377.25,4383.75,4354.0,4355.75,663530
2021-07-13,MESU1-MESZ1,24933,-10.55,-10.55,-10.55,-10.55,15
2021-07-13,MESZ1,3196,4365.75,4373.0,4345.0,4345.0,695
2021-07-14,MESU1,2055,4355.5,4384.5,4349.75,4368.0,688462
2021-07-14,MESU1-MESZ1,24933,-10.3,-10.3,-10.4,-10.4,11
2021-07-14,MESZ1,3196,4347.25,4374.0,4340.0,4357.25,536
2021-07-15,MESH2,11355,4320.5,4320.5,4318.75,4319.75,3
2021-07-15,MESU1,2055,4367.75,4370.25,4332.25,4343.5,772922
2021-07-15,MESU1-MESZ1,24933,-10.0,-10.0,-10.35,-10.35,17
2021-07-15,MESZ1,3196,4355.0,4359.25,4322.25,4332.0,829
2021-07-16,MESU1,2055,4343.5,4368.0,4314.25,4318.0,749213
2021-07-16,MESU1-MESZ1,24933,-10.95,-10.95,-10.95,-10.95,1
2021-07-16,MESZ1,3196,4331.75,4357.25,4304.25,4308.5,1051
2021-07-18,MESU1,2055,4320.25,4322.25,4303.25,4308.0,23667
2021-07-18,MESU1-MESZ1,24933,-10.95,-10.95,-10.95,-10.95,2
2021-07-18,MESZ1,3196,4309.0,4309.5,4293.5,4298.0,132
2021-07-19,MESH2,11355,4223.25,4223.25,4223.25,4223.25,1
2021-07-19,MESM2,13615,4210.0,4210.0,4210.0,4210.0,1
2021-07-19,MESU1,2055,4307.75,4309.5,4224.0,4262.0,1310804
2021-07-19,MESU1-MESZ1,24933,-10.3,-10.0,-10.35,-10.2,85
2021-07-19,MESZ1,3196,4295.75,4298.0,4213.75,4253.0,1712
2021-07-20,MESU1,2055,4262.0,4328.75,4252.75,4324.75,897321
2021-07-20,MESZ1,3196,4253.0,4318.5,4243.5,4315.5,1443
2021-07-21,MESU1,2055,4324.5,4357.25,4309.75,4354.75,579497
2021-07-21,MESU1-MESZ1,24933,-10.95,-10.2,-10.95,-10.2,7
2021-07-21,MESZ1,3196,4313.0,4347.25,4300.0,4344.5,778
2021-07-22,MESU1,2055,4354.5,4372.0,4341.5,4369.5,496747
2021-07-22,MESU1-MESZ1,24933,-10.2,-9.8,-10.2,-9.8,2
2021-07-22,MESZ1,3196,4344.5,4361.0,4332.0,4360.0,1175
2021-07-23,MESU1,2055,4369.5,4407.75,4367.5,4399.5,469485
2021-07-23,MESU1-MESZ1,24933,-10.95,-10.35,-10.95,-10.35,64
2021-07-23,MESZ1,3196,4360.0,4397.5,4357.25,4390.0,777
2021-07-25,MESU1,2055,4400.25,4405.5,4400.0,4402.5,8161
2021-07-25,MESZ1,3196,4390.0,4395.25,4389.5,4393.25,58
2021-07-26,MESU1,2055,4402.5,4416.75,4375.5,4411.5,504727
2021-07-26,MESU1-MESZ1,24933,-10.35,-10.35,-10.95,-10.35,15
2021-07-26,MESZ1,3196,4390.5,4406.0,4365.5,4402.5,861
2021-07-27,MESU1,2055,4411.5,4412.75,4364.5,4392.25,941321
2021-07-27,MESU1-MESZ1,24933,-10.35,-10.35,-10.35,-10.35,60
2021-07-27,MESZ1,3196,4400.75,4401.25,4355.0,4382.0,1330
2021-07-28,MESH2,11355,4371.0,4371.0,4371.0,4371.0,3
2021-07-28,MESU1,2055,4392.25,4407.75,4375.75,4394.5,692121
2021-07-28,MESU1-MESZ1,24933,-9.35,-9.35,-9.35,-9.35,1
2021-07-28,MESZ1,3196,4383.25,4397.0,4367.5,4383.0,779
2021-07-29,MESU1,2055,4394.25,4422.75,4380.25,4387.0,554171
2021-07-29,MESU1-MESZ1,24933,-10.35,-10.25,-10.35,-10.35,28
2021-07-29,MESZ1,3196,4381.5,4413.0,4371.25,4377.0,831
2021-07-30,MESU1,2055,4387.0,4405.0,4370.5,4394.5,731368
2021-07-30,MESU1-MESZ1,24933,-10.2,-10.2,-10.2,-10.2,37
2021-07-30,MESZ1,3196,4376.0,4394.5,4360.75,4385.0,819
2021-08-01,MESU1,2055,4395.5,4409.0,4395.5,4406.75,16338
2021-08-01,MESZ1,3196,4385.5,4398.5,4385.5,4397.0,76
2021-08-02,MESU1,2055,4406.75,4419.75,4377.25,4386.25,684710
2021-08-02,MESU1-MESZ1,24933,-10.1,-10.1,-10.95,-10.3,36
2021-08-02,MESZ1,3196,4397.5,4409.25,4367.0,4374.5,1182
2021-08-03,MESU1,2055,4386.5,4417.0,4365.25,4408.25,755672
2021-08-03,MESU1-MESZ1,24933,-10.25,-10.1,-10.25,-10.1,11
2021-08-03,MESU2,10039,4343.75,4343.75,4343.75,4343.75,1
2021-08-03,MESZ1,3196,4378.25,4406.0,4356.0,4397.5,990
2021-08-04,MESH2,11355,4375.25,4375.25,4375.25,4375.25,1
2021-08-04,MESU1,2055,4408.0,4415.25,4391.25,4397.5,553627
2021-08-04,MESU1-MESZ1,24933,-10.15,-10.05,-10.15,-10.05,50
2021-08-04,MESZ1,3196,4397.25,4405.0,4382.0,4387.0,717
2021-08-05,MESH2,11355,4403.0,4403.0,4403.0,4403.0,1
2021-08-05,MESU1,2055,4397.5,4422.5,4393.75,4416.75,393129
2021-08-05,MESU1-MESZ1,24933,-10.0,-10.0,-10.15,-10.15,21
2021-08-05,MESZ1,3196,4390.25,4413.25,4384.5,4406.75,579
2021-08-06,MESH2,11355,4404.0,4404.0,4402.25,4402.25,2
2021-08-06,MESU1,2055,4417.0,4433.25,4416.0,4429.75,458317
2021-08-06,MESU1-MESZ1,24933,-9.35,-9.35,-10.95,-10.0,5
2021-08-06,MESZ1,3196,4406.75,4423.0,4406.25,4419.0,444
2021-08-08,MESU1,2055,4428.25,4429.5,4412.75,4415.25,18896
2021-08-08,MESZ1,3196,4419.75,4419.75,4403.5,4405.0,87
2021-08-09,MESH2,11355,4408.25,4408.25,4405.0,4405.0,6
2021-08-09,MESU1,2055,4415.25,4432.0,4412.25,4425.25,407679
2021-08-09,MESZ1,3196,4403.0,4421.25,4403.0,4414.25,488
2021-08-10,MESH2,11355,4415.0,4415.0,4415.0,4415.0,1
2021-08-10,MESU1,2055,4425.25,4438.25,4416.75,4427.75,433829
2021-08-10,MESU1-MESZ1,24933,-10.2,-10.2,-10.2,-10.2,1
2021-08-10,MESZ1,3196,4415.5,4427.75,4407.5,4417.25,594
2021-08-11,MESU1,2055,4427.75,4443.5,4420.5,4439.5,448490
2021-08-11,MESZ1,3196,4418.5,4433.25,4410.5,4429.0,677
2021-08-12,MESH2,11355,4423.0,4438.5,4423.0,4438.5,2
2021-08-12,MESU1,2055,4439.5,4456.25,4430.25,4452.5,365899
2021-08-12,MESU1-MESZ1,24933,-10.2,-10.1,-10.2,-10.1,39
2021-08-12,MESZ1,3196,4428.75,4446.0,4420.5,4443.0,754
2021-08-13,MESH2,11355,4437.25,4449.25,4437.25,4449.25,5
2021-08-13,MESU1,2055,4452.5,4463.25,4451.0,4459.75,348175
2021-08-13,MESU1-MESZ1,24933,-10.1,-10.0,-10.15,-10.15,25
2021-08-13,MESZ1,3196,4442.25,4453.0,4440.75,4449.25,653
2021-08-15,MESU1,2055,4456.25,4459.0,4455.0,4457.5,8053
2021-08-15,MESZ1,3196,4447.5,4449.5,4443.75,4446.5,34
2021-08-16,MESH2,11355,4428.0,4448.0,4418.0,4448.0,9
2021-08-16,MESU1,2055,4457.5,4476.5,4432.5,4471.25,655879
2021-08-16,MESU1-MESZ1,24933,-10.0,-10.0,-10.0,-10.0,4
2021-08-16,MESZ1,3196,4445.75,4467.0,4422.5,4461.25,1099
2021-08-17,MESH2,11355,4418.0,4430.75,4400.0,4426.0,15
2021-08-17,MESU1,2055,4471.25,4471.25,4412.0,4433.75,1043800
2021-08-17,MESU1-MESZ1,24933,-9.9,-9.9,-9.9,-9.9,30
2021-08-17,MESZ1,3196,4459.5,4460.0,4400.5,4423.5,1623
2021-08-18,MESH2,11355,4400.0,4400.0,4377.25,4377.25,8
2021-08-18,MESU1,2055,4433.75,4449.75,4381.75,4391.5,941235
2021-08-18,MESU2,10039,4402.5,4402.5,4402.5,4402.5,1
2021-08-18,MESZ1,3196,4423.0,4439.25,4371.75,4382.25,1286
2021-08-19,MESH2,11355,4380.0,4393.25,4334.5,4381.75,11
2021-08-19,MESU1,2055,4391.5,4414.75,4347.5,4394.5,1245349
2021-08-19,MESU1-MESZ1,24933,-9.75,-9.75,-10.0,-10.0,25
2021-08-19,MESZ1,3196,4381.75,4404.25,4338.0,4384.0,3304
2021-08-20,MESH2,11355,4357.75,4412.75,4357.75,4412.75,5
2021-08-20,MESU1,2055,4394.5,4440.5,4371.75,4437.75,806180
2021-08-20,MESU1-MESZ1,24933,-9.95,-9.8,-10.05,-9.8,14
2021-08-20,MESZ1,3196,4386.75,4430.5,4362.0,4428.0,2193
2021-08-22,MESH2,11355,4419.0,4419.0,4419.0,4419.0,1
2021-08-22,MESU1,2055,4435.25,4442.75,4433.5,4440.0,10473
2021-08-22,MESZ1,3196,4428.25,4432.5,4425.5,4431.0,75
2021-08-23,MESH2,11355,4432.0,4465.25,4430.0,4465.0,57
2021-08-23,MESU1,2055,4440.25,4485.75,4439.25,4483.5,489981
2021-08-23,MESU1-MESZ1,24933,-9.7,-9.7,-9.95,-9.8,16
2021-08-23,MESZ1,3196,4431.25,4475.5,4430.75,4474.0,1563
2021-08-24,MESU1,2055,4483.5,4492.0,4476.75,4481.75,428293
2021-08-24,MESU1-MESZ1,24933,-9.8,-9.5,-9.9,-9.7,68
2021-08-24,MESU2,10039,4455.25,4455.25,4455.25,4455.25,1
2021-08-24,MESZ1,3196,4472.75,4483.0,4467.5,4472.0,740
2021-08-25,MESH2,11355,4479.5,4480.75,4479.5,4480.75,2
2021-08-25,MESU1,2055,4481.5,4498.0,4476.25,4492.5,399543
2021-08-25,MESU1-MESZ1,24933,-9.7,-9.7,-9.7,-9.7,1
2021-08-25,MESZ1,3196,4473.75,4488.0,4467.0,4483.25,685
2021-08-26,MESH2,11355,4470.0,4470.0,4448.25,4451.25,53
2021-08-26,MESU1,2055,4492.5,4493.0,4462.75,4466.25,788250
2021-08-26,MESU1-MESZ1,24933,-9.95,-8.95,-9.95,-9.85,702
2021-08-26,MESZ1,3196,4482.0,4483.0,4455.0,4455.0,1036
2021-08-27,MESH2,11355,4453.75,4492.75,4453.75,4487.75,26
2021-08-27,MESU1,2055,4466.0,4510.0,4462.0,4507.5,533241
2021-08-27,MESU1-MESZ1,24933,-9.65,-9.65,-9.9,-9.9,25
2021-08-27,MESU2,10039,4457.0,4457.0,4457.0,4457.0,1
2021-08-27,MESZ1,3196,4455.5,4500.0,4452.25,4497.5,1455
2021-08-29,MESU1,2055,4508.5,4513.5,4505.75,4510.75,8511
2021-08-29,MESU2,10039,4495.25,4495.25,4495.25,4495.25,1
2021-08-29,MESZ1,3196,4500.0,4503.0,4495.5,4501.25,85
2021-08-30,MESH2,11355,4496.75,4516.75,4490.0,4510.0,38
2021-08-30,MESM2,13615,4500.0,4500.0,4500.0,4500.0,1
2021-08-30,MESU1,2055,4510.75,4534.5,4500.75,4527.25,505391
2021-08-30,MESU1-MESZ1,24933,-9.75,-9.6,-9.75,-9.75,13
2021-08-30,MESZ1,3196,4501.75,4524.5,4492.0,4517.0,1414
2021-08-31,MESH2,11355,4517.5,4524.5,4498.5,4498.5,48
2021-08-31,MESM2,13615,4495.0,4495.0,4495.0,4495.0,1
2021-08-31,MESU1,2055,4527.25,4542.25,4512.75,4528.5,776103
2021-08-31,MESU1-MESH2,17250,-16.95,-16.95,-16.95,-16.95,2
2021-08-31,MESU1-MESZ1,24933,-9.85,-9.75,-9.85,-9.75,3
2021-08-31,MESU2,10039,4500.0,4500.0,4500.0,4500.0,2
2021-08-31,MESZ1,3196,4517.0,4533.25,4502.75,4517.75,1582
2021-09-01,MESH2,11355,4512.0,4519.5,4502.25,4504.5,28
2021-09-01,MESU1,2055,4528.25,4540.0,4519.25,4523.25,579144
2021-09-01,MESU1-MESH2,17250,-16.9,-16.9,-16.9,-16.9,2
2021-09-01,MESU1-MESZ1,24933,-9.65,-9.6,-9.9,-9.75,96
2021-09-01,MESZ1,3196,4519.25,4530.25,4509.5,4514.25,1617
2021-09-02,MESH2,11355,4500.5,4523.5,4500.5,4510.25,126
2021-09-02,MESU1,2055,4523.25,4544.0,4516.0,4534.75,588234
2021-09-02,MESU1-MESZ1,24933,-9.6,-9.55,-9.7,-9.7,63
2021-09-02,MESZ1,3196,4513.5,4534.0,4506.5,4525.5,3808
2021-09-03,MESH2,11355,4525.5,4529.5,4505.5,4519.0,25
2021-09-03,MESU1,2055,4534.75,4550.0,4519.25,4533.75,650891
2021-09-03,MESU1-MESZ1,24933,-9.75,-9.55,-9.75,-9.7,64
2021-09-03,MESU2,10039,4495.0,4495.0,4495.0,4495.0,1
2021-09-03,MESZ1,3196,4525.5,4539.5,4509.75,4522.0,5126
2021-09-05,MESU1,2055,4533.25,4535.0,4527.75,4528.0,5845
2021-09-05,MESZ1,3196,4522.5,4525.25,4518.25,4519.0,127
2021-09-06,MESU1,2055,4528.0,4548.0,4523.5,4539.0,80335
2021-09-06,MESU1-MESZ1,24933,-9.65,-9.4,-9.7,-9.45,48
2021-09-06,MESZ1,3196,4518.5,4538.5,4514.5,4529.5,2052
2021-09-07,MESH2,11355,4522.0,4522.0,4494.5,4501.75,49
2021-09-07,MESU1,2055,4539.0,4541.0,4510.75,4514.5,682764
2021-09-07,MESU1-MESZ1,24933,-9.45,-9.35,-9.6,-9.4,735
2021-09-07,MESZ1,3196,4529.0,4531.25,4501.5,4504.5,8752
2021-09-08,MESH2,11355,4503.25,4503.25,4477.5,4490.0,51
2021-09-08,MESU1,2055,4514.5,4524.75,4492.0,4507.5,803164
2021-09-08,MESU1-MESZ1,24933,-9.5,-9.2,-9.5,-9.25,457
2021-09-08,MESZ1,3196,4505.0,4515.0,4482.75,4498.5,15067
2021-09-09,MESH2,11355,4486.0,4511.0,4470.25,4475.0,95
2021-09-09,MESM2,13615,4472.0,4472.0,4465.0,4465.0,4
2021-09-09,MESU1,2055,4507.75,4529.0,4485.5,4491.0,789089
2021-09-09,MESU1-MESZ1,24933,-9.3,-9.1,-9.4,-9.15,5877
2021-09-09,MESZ1,3196,4499.5,4520.0,4476.25,4482.25,64323
2021-09-10,MESH2,11355,4476.5,4500.25,4441.0,4443.25,198
2021-09-10,MESM2,13615,4453.0,4453.0,4431.0,4431.0,4
2021-09-10,MESU1,2055,4491.25,4518.25,4456.5,4461.25,307649
2021-09-10,MESU1-MESZ1,24933,-9.15,-9.0,-9.6,-9.3,4008
2021-09-10,MESZ1,3196,4482.0,4509.25,4447.0,4452.0,584497
2021-09-12,MESH2,11355,4424.75,4458.5,4424.75,4458.5,30
2021-09-12,MESU1,2055,4461.25,4475.75,4460.0,4474.5,5866
2021-09-12,MESU1-MESZ1,24933,-9.25,-9.2,-9.35,-9.25,143
2021-09-12,MESZ1,3196,4452.0,4466.25,4450.75,4465.25,14728
2021-09-13,MESH2,11355,4458.75,4476.25,4423.25,4459.25,255
2021-09-13,MESM2,13615,4431.0,4431.0,4431.0,4431.0,1
2021-09-13,MESU1,2055,4474.5,4492.75,4444.25,4475.75,219534
2021-09-13,MESU1-MESH2,17250,-17.5,-17.5,-17.5,-17.5,12
2021-09-13,MESU1-MESZ1,24933,-9.35,-9.25,-9.8,-9.45,15362
2021-09-13,MESZ1,3196,4465.25,4483.5,4434.75,4466.5,942150
2021-09-14,MESH2,11355,4461.5,4470.75,4419.25,4433.0,307
2021-09-14,MESM2,13615,4413.0,4413.0,4413.0,4413.0,1
2021-09-14,MESU1,2055,4476.25,4489.0,4435.25,4451.25,132191
2021-09-14,MESU1-MESH2,17250,-17.5,-17.5,-17.5,-17.5,2
2021-09-14,MESU1-MESZ1,24933,-9.55,-9.5,-10.1,-9.8,6068
2021-09-14,MESZ1,3196,4466.5,4479.5,4425.25,4441.25,877589
2021-09-14,MESZ1-MESH2,27049,-7.25,-7.25,-7.25,-7.25,1
2021-09-15,MESH2,11355,4436.25,4471.0,4420.75,4468.25,354
2021-09-15,MESM2,13615,4417.5,4453.0,4417.5,4453.0,16
2021-09-15,MESU1,2055,4451.25,4487.5,4437.5,4485.0,121441
2021-09-15,MESU1-MESH2,17250,-17.5,-17.5,-17.5,-17.5,5
2021-09-15,MESU1-MESZ1,24933,-10.0,-9.55,-10.25,-9.85,2300
2021-09-15,MESZ1,3196,4441.25,4477.75,4427.5,4475.25,695784
2021-09-15,MESZ1-MESH2,27049,-8.0,-8.0,-8.0,-8.0,2
2021-09-16,MESH2,11355,4467.5,4470.0,4426.5,4448.75,443
2021-09-16,MESM2,13615,4454.0,4454.0,4424.0,4424.0,4
2021-09-16,MESU1,2055,4485.25,4487.75,4443.0,4468.25,81573
2021-09-16,MESU1-MESH2,17250,-17.5,-17.5,-17.5,-17.5,10
2021-09-16,MESU1-MESZ1,24933,-9.9,-9.75,-10.85,-10.05,1717
2021-09-16,MESZ1,3196,4475.25,4478.0,4433.0,4457.25,755290
2021-09-16,MESZ1-MESH2,27049,-8.25,-5.85,-8.25,-5.85,10
2021-09-17,MESH2,11355,4448.0,4464.0,4400.0,4401.0,811
2021-09-17,MESM2,13615,4459.75,4459.75,4403.5,4403.5,7
2021-09-17,MESU1,2055,4468.0,4482.25,4459.0,4465.75,5467
2021-09-17,MESU1-MESZ1,24933,-10.55,-9.5,-11.2,-9.5,655
2021-09-17,MESU2,10039,4443.0,4443.0,4443.0,4443.0,2
2021-09-17,MESZ1,3196,4457.5,4472.5,4406.25,4408.0,939733
2021-09-17,MESZ1-MESH2,27049,-7.3,-7.15,-7.3,-7.2,23
2021-09-19,MESH2,11355,4405.5,4408.0,4397.25,4408.0,43
2021-09-19,MESZ1,3196,4411.5,4416.5,4404.25,4416.0,19288
2021-09-20,MESH2,11355,4410.0,4410.25,4287.0,4348.75,1611
2021-09-20,MESM2,13615,4388.0,4388.0,4284.0,4285.25,10
2021-09-20,MESZ1,3196,4416.0,4418.0,4294.0,4355.75,1227413
2021-09-20,MESZ1-MESH2,27049,-7.2,-7.2,-7.75,-7.75,12
2021-09-21,MESH2,11355,4348.0,4387.5,4324.0,4324.75,1015
2021-09-21,MESM2,13615,4342.75,4369.75,4318.0,4318.0,5
2021-09-21,MESZ1,3196,4355.75,4395.5,4329.0,4331.5,1185194
2021-09-21,MESZ1-MESH2,27049,-7.75,-7.4,-7.75,-7.4,32
2021-09-22,MESH2,11355,4320.0,4399.25,4314.25,4385.5,1026
2021-09-22,MESM2,13615,4308.0,4378.0,4306.0,4378.0,5
2021-09-22,MESZ1,3196,4331.25,4406.25,4321.0,4392.0,962863
2021-09-22,MESZ1-MESH2,27049,-8.75,-7.2,-8.75,-7.2,7
2021-09-23,MESH2,11355,4386.5,4447.5,4384.25,4436.5,1021
2021-09-23,MESM2,13615,4410.0,4422.25,4410.0,4420.0,17
2021-09-23,MESU2,10039,4375.0,4428.0,4375.0,4428.0,15
2021-09-23,MESZ1,3196,4392.0,4455.0,4390.75,4441.0,726787
2021-09-23,MESZ1-MESH2,27049,-8.0,-7.35,-8.0,-7.45,19
2021-09-24,MESH2,11355,4436.25,4444.0,4404.75,4436.75,543
2021-09-24,MESM2,13615,4430.0,4430.0,4400.0,4420.0,11
2021-09-24,MESU2,10039,4397.25,4397.5,4397.25,4397.5,2
2021-09-24,MESZ1,3196,4441.0,4453.0,4410.5,4445.25,671723
2021-09-24,MESZ1-MESH2,27049,-7.35,-7.35,-8.0,-7.4,23
2021-09-26,MESH2,11355,4440.25,4445.0,4440.25,4445.0,27
2021-09-26,MESZ1,3196,4446.25,4454.0,4445.5,4452.25,11056
2021-09-26,MESZ1-MESH2,27049,-7.2,-7.2,-7.2,-7.2,2
2021-09-27,MESH2,11355,4445.5,4463.5,4417.75,4424.0,672
2021-09-27,MESM2,13615,4450.0,4450.0,4416.0,4416.0,5
2021-09-27,MESZ1,3196,4452.25,4472.0,4425.0,4429.75,679481
2021-09-27,MESZ1-MESH2,27049,-7.2,-7.2,-7.2,-7.2,1
2021-09-28,MESH2,11355,4423.0,4432.75,4328.25,4345.0,1295
2021-09-28,MESM2,13615,4400.0,4400.0,4320.0,4336.0,23
2021-09-28,MESU2,10039,4398.25,4398.25,4320.0,4320.0,4
2021-09-28,MESZ1,3196,4430.0,4442.0,4334.5,4355.5,1337834
2021-09-28,MESZ1-MESH2,27049,-7.5,-7.45,-7.5,-7.5,18
2021-09-29,MESH2,11355,4351.5,4370.5,4338.75,4355.75,882
2021-09-29,MESM2,13615,4353.0,4353.0,4343.0,4343.0,4
2021-09-29,MESZ1,3196,4355.5,4378.75,4344.25,4362.25,1084037
2021-09-29,MESZ1-MESH2,27049,-7.45,-7.45,-7.45,-7.45,2
2021-09-30,MESH2,11355,4355.75,4380.0,4286.0,4297.0,1117
2021-09-30,MESM2,13615,4286.25,4286.25,4286.0,4286.0,2
2021-09-30,MESZ1,3196,4362.25,4388.5,4294.25,4305.5,1233247
2021-09-30,MESZ1-MESH2,27049,-7.55,-7.55,-7.6,-7.6,10
2021-10-01,MESH2,11355,4301.0,4357.5,4252.0,4343.5,1481
2021-10-01,MESM2,13615,4295.0,4333.5,4295.0,4333.5,5
2021-10-01,MESZ1,3196,4305.25,4365.75,4260.0,4350.5,1319961
2021-10-01,MESZ1-MESH2,27049,-7.95,-7.2,-7.95,-7.5,10
2021-10-03,MESH2,11355,4342.0,4354.0,4339.25,4351.0,38
2021-10-03,MESZ1,3196,4348.75,4362.0,4347.5,4358.0,19992
2021-10-04,MESH2,11355,4349.0,4349.75,4260.0,4282.75,1386
2021-10-04,MESM2,13615,4307.0,4308.5,4258.75,4260.75,24
2021-10-04,MESZ1,3196,4358.0,4358.75,4267.75,4293.5,1329992
2021-10-04,MESZ1-MESH2,27049,-7.8,-7.8,-7.8,-7.8,5
2021-10-05,MESH2,11355,4284.25,4350.75,4264.25,4321.0,1011
2021-10-05,MESM2,13615,4283.0,4335.25,4283.0,4335.25,5
2021-10-05,MESZ1,3196,4293.5,4359.75,4269.0,4328.25,931165
2021-10-05,MESZ1-MESH2,27049,-7.7,-7.7,-7.7,-7.7,10
2021-10-06,MESH2,11355,4320.0,4363.5,4267.0,4356.0,1652
2021-10-06,MESM2,13615,4292.25,4292.25,4292.25,4292.25,2
2021-10-06,MESZ1,3196,4328.25,4371.5,4273.75,4365.5,1305504
2021-10-06,MESZ1-MESH2,27049,-7.75,-7.2,-7.75,-7.2,38
2021-10-07,MESH2,11355,4356.0,4413.25,4356.0,4387.0,830
2021-10-07,MESM2,13615,4355.75,4402.75,4355.75,4392.0,10
2021-10-07,MESZ1,3196,4365.5,4421.5,4362.5,4400.25,775479
2021-10-07,MESZ1-MESH2,27049,-7.95,-7.25,-7.95,-7.25,5
2021-10-07,MESZ1-MESM2,33273,-18.0,-18.0,-18.0,-18.0,2
2021-10-08,MESH2,11355,4391.0,4399.0,4368.5,4373.25,704
2021-10-08,MESZ1,3196,4400.25,4407.75,4376.25,4380.75,890135
2021-10-08,MESZ1-MESH2,27049,-7.5,-7.2,-7.7,-7.7,21
2021-10-10,MESH2,11355,4373.5,4378.5,4345.0,4348.75,103
2021-10-10,MESZ1,3196,4381.25,4388.0,4352.25,4358.25,31440
2021-10-11,MESH2,11355,4349.0,4399.0,4333.25,4340.0,1262
2021-10-11,MESM2,13615,4350.0,4350.0,4326.75,4326.75,3
2021-10-11,MESZ1,3196,4358.25,4407.25,4341.75,4348.0,879344
2021-10-11,MESZ1-MESH2,27049,-7.7,-7.2,-8.95,-7.9,9
2021-10-12,MESH2,11355,4334.0,4357.0,4310.0,4322.75,1042
2021-10-12,MESM2,13615,4320.25,4337.0,4312.5,4312.5,4
2021-10-12,MESZ1,3196,4347.75,4365.25,4317.5,4327.75,1043657
2021-10-12,MESZ1-MESH2,27049,-7.9,-7.6,-7.9,-7.6,31
2021-10-13,MESH2,11355,4321.0,4356.25,4312.75,4354.25,704
2021-10-13,MESM2,13615,4321.0,4342.0,4321.0,4342.0,5
2021-10-13,MESZ1,3196,4328.0,4364.75,4319.0,4362.25,1042423
2021-10-13,MESZ1-MESH2,27049,-7.6,-7.6,-7.6,-7.6,5
2021-10-14,MESH2,11355,4356.0,4431.25,4356.0,4429.0,871
2021-10-14,MESM2,13615,4350.0,4420.0,4350.0,4420.0,19
2021-10-14,MESU2,10039,4395.0,4395.0,4395.0,4395.0,1
2021-10-14,MESZ1,3196,4362.25,4438.75,4361.75,4436.5,757685
2021-10-14,MESZ1-MESH2,27049,-7.55,-7.4,-8.0,-8.0,24
2021-10-15,MESH2,11355,4426.0,4459.0,4420.0,4457.5,657
2021-10-15,MESM2,13615,4420.25,4447.0,4420.25,4440.0,3
2021-10-15,MESU2,10039,4420.0,4437.25,4420.0,4437.25,2
2021-10-15,MESZ1,3196,4436.25,4467.5,4426.25,4464.25,633278
2021-10-15,MESZ1-MESH2,27049,-7.55,-7.25,-7.55,-7.25,11
2021-10-17,MESH2,11355,4460.0,4462.5,4445.0,4446.25,73
2021-10-17,MESM2,13615,4439.75,4439.75,4439.75,4439.75,1
2021-10-17,MESZ1,3196,4465.0,4469.75,4452.25,4452.5,17913
2021-10-18,MESH2,11355,4445.0,4471.75,4429.5,4468.75,744
2021-10-18,MESM2,13615,4440.0,4455.0,4440.0,4455.0,7
2021-10-18,MESZ1,3196,4452.75,4480.0,4436.25,4477.5,653489
2021-10-18,MESZ1-MESH2,27049,-7.25,-7.25,-7.25,-7.25,2
2021-10-19,MESH2,11355,4473.25,4510.0,4465.5,4504.75,631
2021-10-19,MESM2,13615,4483.0,4499.0,4475.0,4499.0,23
2021-10-19,MESU2,10039,4475.0,4475.0,4475.0,4475.0,1
2021-10-19,MESZ1,3196,4477.5,4517.5,4472.25,4515.75,581353
2021-10-19,MESZ1-MESH2,27049,-7.35,-7.25,-7.35,-7.25,24
2021-10-20,MESH2,11355,4505.0,4524.75,4497.25,4513.0,562
2021-10-20,MESM2,13615,4497.0,4514.75,4493.5,4509.0,25
2021-10-20,MESZ1,3196,4515.75,4532.25,4504.25,4520.75,585797
2021-10-20,MESZ1-MESH2,27049,-7.5,-7.1,-7.5,-7.1,24
2021-10-21,MESH2,11355,4512.5,4535.5,4503.5,4523.0,615
2021-10-21,MESM2,13615,4520.0,4526.0,4520.0,4526.0,18
2021-10-21,MESZ1,3196,4520.75,4543.25,4510.0,4529.75,549508
2021-10-21,MESZ1-MESH2,27049,-7.0,-7.0,-7.0,-7.0,7
2021-10-22,MESH2,11355,4526.75,4543.5,4509.25,4523.0,730
2021-10-22,MESU2,10039,4516.75,4520.0,4516.75,4520.0,2
2021-10-22,MESZ1,3196,4529.75,4551.5,4515.25,4529.25,851540
2021-10-22,MESZ1-MESH2,27049,-6.9,-6.9,-7.0,-6.9,15
2021-10-24,MESH2,11355,4524.5,4524.5,4515.5,4518.5,34
2021-10-24,MESZ1,3196,4528.75,4532.5,4522.5,4525.75,14325
2021-10-25,MESH2,11355,4520.0,4560.0,4520.0,4559.5,685
2021-10-25,MESM2,13615,4528.0,4551.0,4528.0,4551.0,17
2021-10-25,MESZ1,3196,4525.75,4567.5,4525.5,4566.5,570156
2021-10-25,MESZ1-MESH2,27049,-6.75,-6.75,-6.75,-6.75,10
2021-10-26,MESH2,11355,4560.0,4583.5,4554.25,4564.5,949
2021-10-26,MESM2,13615,4565.75,4572.0,4552.0,4552.0,16
2021-10-26,MESZ1,3196,4566.75,4590.0,4560.75,4569.5,790916
2021-10-26,MESZ1-MESH2,27049,-6.7,-6.65,-6.8,-6.65,12
2021-10-27,MESH2,11355,4564.5,4570.5,4537.5,4545.75,669
2021-10-27,MESM2,13615,4552.75,4552.75,4538.75,4538.75,5
2021-10-27,MESZ1,3196,4569.5,4576.75,4543.75,4553.75,785408
2021-10-27,MESZ1-MESH2,27049,-6.65,-6.5,-6.65,-6.5,29
2021-10-28,MESH2,11355,4545.0,4583.0,4539.0,4567.5,578
2021-10-28,MESM2,13615,4567.0,4573.25,4563.0,4568.0,6
2021-10-28,MESZ1,3196,4553.75,4589.75,4545.25,4574.75,717748
2021-10-28,MESZ1-MESH2,27049,-6.45,-6.2,-6.45,-6.2,60
2021-10-29,MESH2,11355,4566.0,4599.0,4552.0,4599.0,760
2021-10-29,MESM2,13615,4544.0,4574.0,4544.0,4574.0,3
2021-10-29,MESU2,10039,4567.0,4567.0,4567.0,4567.0,1
2021-10-29,MESZ1,3196,4574.75,4603.5,4559.25,4602.0,712500
2021-10-29,MESZ1-MESH2,27049,-6.15,-5.95,-7.0,-5.95,53
2021-10-31,MESH2,11355,4600.0,4608.0,4598.0,4604.0,73
2021-10-31,MESZ1,3196,4607.25,4613.0,4603.0,4610.25,16043
2021-11-01,MESH2,11355,4604.25,4613.5,4580.75,4597.25,750
2021-11-01,MESM2,13615,4599.0,4606.0,4599.0,4606.0,6
2021-11-01,MESZ1,3196,4610.25,4619.5,4586.75,4603.25,604076
2021-11-01,MESZ1-MESH2,27049,-5.95,-5.95,-6.35,-6.0,15
2021-11-02,MESH2,11355,4596.75,4620.5,4588.25,4612.75,615
2021-11-02,MESM2,13615,4606.0,4609.0,4604.0,4606.0,18
2021-11-02,MESZ1,3196,4603.5,4627.0,4593.25,4619.25,532226
2021-11-02,MESZ1-MESH2,27049,-5.95,-5.95,-5.95,-5.95,2
2021-11-03,MESH2,11355,4611.5,4654.0,4607.0,4653.0,657
2021-11-03,MESM2,13615,4603.75,4636.0,4603.75,4636.0,4
2021-11-03,MESU2,10039,4610.0,4620.0,4610.0,4620.0,2
2021-11-03,MESZ1,3196,4619.25,4660.5,4613.0,4659.5,604315
2021-11-03,MESZ1-MESH2,27049,-6.55,-6.4,-6.55,-6.5,10
2021-11-04,MESH2,11355,4652.5,4670.75,4645.0,4670.75,761
2021-11-04,MESM2,13615,4646.0,4659.0,4643.75,4650.25,27
2021-11-04,MESZ1,3196,4659.25,4677.5,4650.75,4677.0,672764
2021-11-04,MESZ1-MESH2,27049,-6.5,-6.5,-6.5,-6.5,3
2021-11-05,MESH2,11355,4670.75,4705.0,4662.0,4677.75,1090
2021-11-05,MESM2,13615,4670.5,4692.0,4670.5,4692.0,14
2021-11-05,MESZ1,3196,4677.0,4711.75,4667.5,4685.5,822333
2021-11-05,MESZ1-MESH2,27049,-6.25,-6.25,-6.7,-6.5,8
2021-11-07,MESH2,11355,4676.5,4683.5,4675.0,4678.25,57
2021-11-07,MESZ1,3196,4679.0,4689.5,4677.5,4684.5,10257
2021-11-07,MESZ1-MESH2,27049,-5.95,-5.95,-5.95,-5.95,4
2021-11-08,MESH2,11355,4677.5,4701.0,4670.75,4684.0,750
2021-11-08,MESM2,13615,4678.0,4682.0,4678.0,4682.0,3
2021-11-08,MESZ1,3196,4684.5,4707.0,4676.5,4688.75,724742
2021-11-08,MESZ1-MESH2,27049,-6.45,-6.45,-6.45,-6.45,2
2021-11-09,MESH2,11355,4681.0,4693.75,4658.0,4666.0,733
2021-11-09,MESM2,13615,4675.0,4685.5,4650.0,4662.75,11
2021-11-09,MESZ1,3196,4688.75,4700.5,4663.5,4672.0,1002311
2021-11-09,MESZ1-MESH2,27049,-6.4,-6.4,-6.4,-6.4,2
2021-11-10,MESH2,11355,4666.75,4674.0,4618.25,4632.0,1129
2021-11-10,MESM2,13615,4643.5,4666.25,4618.0,4630.5,10
2021-11-10,MESZ1,3196,4671.75,4680.25,4625.25,4641.75,1210981
2021-11-10,MESZ1-MESH2,27049,-6.5,-6.5,-6.5,-6.5,4
2021-11-11,MESH2,11355,4636.75,4654.5,4636.5,4639.0,830
2021-11-11,MESM2,13615,4643.0,4643.0,4626.5,4633.25,6
2021-11-11,MESZ1,3196,4641.75,4661.5,4640.75,4651.0,689100
2021-11-11,MESZ1-MESH2,27049,-6.4,-6.35,-6.5,-6.5,4
2021-11-11,MESZ2,10299,4630.0,4630.0,4630.0,4630.0,1
2021-11-12,MESH2,11355,4648.25,4679.75,4637.0,4673.0,908
2021-11-12,MESM2,13615,4635.0,4658.0,4635.0,4658.0,6
2021-11-12,MESZ1,3196,4651.0,4685.75,4644.0,4681.0,681945
2021-11-12,MESZ1-MESH2,27049,-6.5,-6.25,-6.5,-6.25,8
2021-11-14,MESH2,11355,4679.25,4683.0,4677.0,4679.5,82
2021-11-14,MESZ1,3196,4684.0,4689.5,4682.5,4685.0,8201
2021-11-14,MESZ1-MESH2,27049,-6.7,-6.7,-6.7,-6.7,4
2021-11-15,MESH2,11355,4680.75,4691.0,4661.0,4672.5,1579
2021-11-15,MESM2,13615,4665.75,4680.25,4653.0,4661.0,9
2021-11-15,MESZ1,3196,4685.0,4697.5,4667.0,4679.5,708598
2021-11-15,MESZ1-MESH2,27049,-6.45,-6.3,-6.45,-6.35,34
2021-11-16,MESH2,11355,4675.0,4703.25,4665.0,4693.0,1569
2021-11-16,MESM2,13615,4658.0,4689.0,4658.0,4681.0,3
2021-11-16,MESZ1,3196,4679.75,4709.75,4670.75,4699.25,600611
2021-11-16,MESZ1-MESH2,27049,-6.35,-6.3,-6.35,-6.3,22
2021-11-17,MESH2,11355,4691.75,4694.5,4674.0,4682.75,608
2021-11-17,MESM2,13615,4681.0,4681.0,4674.0,4674.0,2
2021-11-17,MESZ1,3196,4699.25,4701.0,4679.5,4688.5,621127
2021-11-17,MESZ1-MESH2,27049,-6.2,-6.2,-6.25,-6.25,4
2021-11-18,MESH2,11355,4683.75,4700.25,4662.0,4700.25,1494
2021-11-18,MESM2,13615,4670.0,4686.25,4662.0,4685.0,5
2021-11-18,MESZ1,3196,4688.5,4707.75,4668.0,4705.0,753392
2021-11-18,MESZ1-MESH2,27049,-6.25,-6.2,-6.4,-6.4,26
2021-11-19,MESH2,11355,4700.0,4716.75,4678.5,4692.0,2065
2021-11-19,MESM2,13615,4700.0,4700.0,4680.25,4680.25,10
2021-11-19,MESZ1,3196,4704.75,4723.5,4684.25,4697.75,761321
2021-11-19,MESZ1-MESH2,27049,-6.35,-6.1,-6.35,-6.1,11
2021-11-19,MESZ2,10299,4684.25,4684.25,4684.25,4684.25,1
2021-11-21,MESH2,11355,4695.5,4696.75,4691.25,4691.25,55
2021-11-21,MESZ1,3196,4700.25,4704.25,4696.75,4697.25,7630
2021-11-22,MESH2,11355,4690.25,4734.0,4668.75,4680.0,2793
2021-11-22,MESM2,13615,4719.25,4719.25,4668.0,4668.25,9
2021-11-22,MESZ1,3196,4697.25,4740.5,4674.25,4685.25,882462
2021-11-22,MESZ1-MESH2,27049,-6.0,-5.95,-6.05,-6.0,19
2021-11-22,MESZ2,10299,4690.0,4690.0,4690.0,4690.0,1
2021-11-23,MESH2,11355,4678.75,4689.75,4643.0,4675.25,2723
2021-11-23,MESM2,13615,4645.0,4649.0,4645.0,4649.0,2
2021-11-23,MESZ1,3196,4685.25,4695.5,4649.0,4682.5,1398364
2021-11-23,MESZ1-MESH2,27049,-6.05,-5.85,-6.05,-5.85,58
2021-11-24,MESH2,11355,4678.25,4698.75,4651.5,4697.25,1562
2021-11-24,MESM2,13615,4663.5,4672.5,4645.0,4672.5,6
2021-11-24,MESZ1,3196,4682.5,4703.0,4656.25,4702.0,895648
2021-11-24,MESZ1-MESH2,27049,-5.75,-5.7,-5.85,-5.7,55
2021-11-25,MESH2,11355,4696.75,4712.25,4681.25,4681.5,614
2021-11-25,MESM2,13615,4698.0,4699.25,4698.0,4699.25,6
2021-11-25,MESZ1,3196,4702.0,4717.0,4686.0,4688.0,96066
2021-11-25,MESZ1-MESH2,27049,-5.75,-5.65,-7.15,-7.15,10
2021-11-26,MESH2,11355,4681.25,4682.5,4572.0,4574.0,4889
2021-11-26,MESM2,13615,4648.5,4648.5,4571.5,4580.0,52
2021-11-26,MESZ1,3196,4687.75,4688.25,4577.25,4579.0,1002323
2021-11-26,MESZ1-MESH2,27049,-5.7,-5.65,-6.15,-6.15,226
2021-11-28,MESH2,11355,4584.0,4624.75,4584.0,4619.25,471
2021-11-28,MESZ1,3196,4588.75,4631.0,4588.5,4625.25,44486
2021-11-29,MESH2,11355,4620.75,4664.5,4615.25,4657.5,3522
2021-11-29,MESM2,13615,4620.0,4647.0,4610.0,4636.0,31
2021-11-29,MESU2,10039,4620.0,4621.5,4620.0,4621.5,2
2021-11-29,MESZ1,3196,4625.25,4669.75,4619.75,4662.75,1091889
2021-11-29,MESZ1-MESH2,27049,-5.95,-5.95,-6.1,-5.95,12
2021-11-30,MESH2,11355,4657.5,4661.0,4550.25,4578.5,5367
2021-11-30,MESH2-MESM2,27970,-8.75,-8.75,-8.75,-8.75,1
2021-11-30,MESM2,13615,4646.0,4646.0,4550.0,4580.0,41
2021-11-30,MESU2,10039,4560.5,4560.5,4538.0,4538.0,2
2021-11-30,MESZ1,3196,4663.0,4667.5,4556.75,4584.5,1634942
2021-11-30,MESZ1-MESH2,27049,-6.0,-5.95,-6.1,-5.95,69
2021-12-01,MESH2,11355,4578.5,4645.0,4492.25,4521.0,6375
2021-12-01,MESM2,13615,4560.0,4633.25,4492.5,4492.5,131
2021-12-01,MESZ1,3196,4584.5,4650.75,4497.75,4526.25,1498279
2021-12-01,MESZ1-MESH2,27049,-5.95,-5.95,-6.2,-6.0,414
2021-12-01,MESZ2,10299,4520.0,4520.0,4520.0,4520.0,1
2021-12-02,MESH2,11355,4522.5,4588.0,4499.5,4556.25,9321
2021-12-02,MESM2,13615,4535.0,4560.0,4505.0,4560.0,18
2021-12-02,MESZ1,3196,4526.75,4593.75,4505.5,4561.75,1527438
2021-12-02,MESZ1-MESH2,27049,-6.05,-5.7,-6.15,-5.8,494
2021-12-03,MESH2,11355,4555.5,4600.25,4485.75,4528.0,15263
2021-12-03,MESM2,13615,4545.0,4590.0,4480.0,4526.0,37
2021-12-03,MESZ1,3196,4561.75,4607.0,4492.25,4532.75,1560658
2021-12-03,MESZ1-MESH2,27049,-5.85,-5.85,-6.4,-6.3,116
2021-12-05,MESH2,11355,4530.0,4552.5,4530.0,4550.5,376
2021-12-05,MESM2,13615,4523.75,4523.75,4523.75,4523.75,2
2021-12-05,MESZ1,3196,4542.5,4559.25,4535.25,4556.75,25452
2021-12-06,MESH2,11355,4551.25,4604.75,4525.25,4587.5,14218
2021-12-06,MESM2,13615,4540.0,4587.0,4520.25,4573.5,22
2021-12-06,MESZ1,3196,4557.0,4611.5,4531.25,4593.5,1322703
2021-12-06,MESZ1-MESH2,27049,-6.4,-6.25,-6.85,-6.85,326
2021-12-06,MESZ1-MESM2,33273,-14.6,-14.6,-14.6,-14.6,2
2021-12-07,MESH2,11355,4587.25,4691.0,4581.0,4682.75,23192
2021-12-07,MESM2,13615,4619.0,4680.5,4619.0,4680.5,68
2021-12-07,MESU2,10039,4625.0,4630.0,4625.0,4630.0,11
2021-12-07,MESZ1,3196,4593.75,4697.5,4587.5,4689.75,859707
2021-12-07,MESZ1-MESH2,27049,-6.7,-6.45,-6.8,-6.6,243
2021-12-07,MESZ2,10299,4620.0,4620.0,4620.0,4620.0,1
2021-12-08,MESH2,11355,4682.75,4705.5,4664.75,4690.25,28125
2021-12-08,MESM2,13615,4680.5,4695.0,4658.0,4677.75,50
2021-12-08,MESZ1,3196,4689.5,4712.0,4671.75,4696.5,787516
2021-12-08,MESZ1-MESH2,27049,-6.75,-6.55,-6.9,-6.75,772
2021-12-09,MESH2,11355,4690.25,4699.0,4655.0,4665.25,68340
2021-12-09,MESM2,13615,4688.5,4688.5,4647.5,4654.0,37
2021-12-09,MESU2,10039,4645.0,4645.0,4645.0,4645.0,1
2021-12-09,MESZ1,3196,4696.5,4706.0,4662.5,4672.75,749737
2021-12-09,MESZ1-MESH2,27049,-6.85,-6.75,-7.85,-7.4,1528
2021-12-10,MESH2,11355,4665.0,4705.25,4657.0,4704.0,612083
2021-12-10,MESH2-MESM2,27970,-8.5,-8.5,-8.5,-8.5,1
2021-12-10,MESM2,13615,4654.0,4696.5,4654.0,4694.25,126
2021-12-10,MESU2,10039,4688.75,4688.75,4688.75,4688.75,1
2021-12-10,MESZ1,3196,4672.5,4712.75,4664.5,4712.25,276772
2021-12-10,MESZ1-MESH2,27049,-7.4,-6.7,-7.7,-7.55,5525
2021-12-10,MESZ2,10299,4652.0,4652.0,4652.0,4652.0,10
2021-12-12,MESH2,11355,4704.5,4713.5,4702.25,4712.25,7597
2021-12-12,MESH2-MESM2,27970,-8.6,-8.6,-8.6,-8.6,1
2021-12-12,MESM2,13615,4697.5,4705.0,4697.5,4705.0,7
2021-12-12,MESZ1,3196,4712.25,4721.0,4711.0,4720.0,4940
2021-12-12,MESZ1-MESH2,27049,-6.9,-6.9,-7.6,-7.4,84
2021-12-13,MESH2,11355,4712.25,4723.0,4655.5,4664.75,697045
2021-12-13,MESM2,13615,4706.0,4716.5,4650.0,4654.5,195
2021-12-13,MESZ1,3196,4719.75,4730.75,4664.5,4674.5,183959
2021-12-13,MESZ1-MESH2,27049,-7.4,-7.2,-9.85,-9.35,22574
2021-12-14,MESH2,11355,4665.0,4676.75,4596.25,4627.0,1105499
2021-12-14,MESM2,13615,4660.0,4667.5,4589.5,4618.75,275
2021-12-14,MESU2,10039,4625.0,4625.0,4625.0,4625.0,10
2021-12-14,MESZ1,3196,4674.5,4686.25,4606.25,4636.5,197537
2021-12-14,MESZ1-MESH2,27049,-9.35,-8.95,-10.0,-9.15,4645
2021-12-15,MESH2,11355,4627.0,4712.25,4602.0,4708.25,958541
2021-12-15,MESM2,13615,4628.25,4708.0,4595.0,4697.25,355
2021-12-15,MESU2,10039,4612.0,4612.0,4612.0,4612.0,1
2021-12-15,MESZ1,3196,4636.75,4721.25,4611.25,4716.75,129514
2021-12-15,MESZ1-MESH2,27049,-9.25,-8.7,-9.55,-8.7,3138
2021-12-15,MESZ1-MESM2,33273,-17.0,-17.0,-17.0,-17.0,4
2021-12-16,MESH2,11355,4708.0,4743.0,4642.0,4658.0,1050909
2021-12-16,MESH2-MESM2,27970,-7.0,-7.0,-7.0,-7.0,20
2021-12-16,MESM2,13615,4695.0,4733.75,4635.0,4650.5,521
2021-12-16,MESU2,10039,4700.0,4700.0,4647.5,4658.25,17
2021-12-16,MESZ1,3196,4716.25,4752.25,4651.25,4668.25,114304
2021-12-16,MESZ1-MESH2,27049,-8.8,-8.8,-11.0,-9.9,2194
2021-12-16,MESZ1-MESM2,33273,-17.0,-17.0,-17.0,-17.0,1
2021-12-16,MESZ2,10299,4710.0,4710.0,4710.0,4710.0,1
2021-12-17,MESH2,11355,4658.0,4668.0,4590.0,4619.0,1505825
2021-12-17,MESH2-MESM2,27970,-7.45,-7.4,-7.45,-7.4,12
2021-12-17,MESM2,13615,4654.75,4660.5,4583.0,4612.5,1042
2021-12-17,MESU2,10039,4596.0,4596.0,4596.0,4596.0,2
2021-12-17,MESZ1,3196,4668.25,4677.0,4630.0,4630.25,6236
2021-12-17,MESZ1-MESH2,27049,-9.9,-8.6,-10.6,-10.25,386
2021-12-17,MESZ2,10299,4600.0,4600.0,4600.0,4600.0,1
2021-12-19,MESH2,11355,4612.5,4621.75,4582.5,4584.25,31159
2021-12-19,MESM2,13615,4611.75,4613.5,4575.75,4578.25,173
2021-12-20,MESH2,11355,4584.25,4592.5,4520.0,4578.75,1283936
2021-12-20,MESH2-MESM2,27970,-7.6,-7.5,-7.65,-7.5,27
2021-12-20,MESM2,13615,4576.25,4584.75,4513.75,4568.0,1159
2021-12-20,MESU2,10039,4569.0,4569.0,4510.0,4510.0,8
2021-12-20,MESZ2,10299,4536.5,4536.5,4520.0,4520.0,3
2021-12-21,MESH2,11355,4579.0,4643.25,4565.75,4638.0,994992
2021-12-21,MESH2-MESM2,27970,-7.7,-7.7,-7.7,-7.7,5
2021-12-21,MESM2,13615,4565.75,4635.0,4558.75,4628.25,674
2021-12-21,MESU2,10039,4576.0,4626.0,4576.0,4626.0,15
2021-12-22,MESH2,11355,4637.75,4693.25,4622.5,4691.25,681074
2021-12-22,MESH2-MESM2,27970,-8.0,-8.0,-8.0,-8.0,1
2021-12-22,MESM2,13615,4633.25,4685.5,4615.0,4684.25,723
2021-12-22,MESU2,10039,4638.0,4660.0,4638.0,4660.0,10
2021-12-23,MESH2,11355,4691.25,4731.5,4684.75,4717.0,525116
2021-12-23,MESH2-MESM2,27970,-8.0,-7.8,-8.0,-7.8,12
2021-12-23,MESM2,13615,4680.0,4723.5,4678.0,4708.75,562
2021-12-23,MESU2,10039,4700.0,4700.0,4700.0,4700.0,2
2021-12-26,MESH2,11355,4716.75,4725.0,4716.75,4722.5,9084
2021-12-26,MESM2,13615,4710.0,4716.75,4710.0,4715.0,25
2021-12-27,MESH2,11355,4723.0,4784.25,4713.25,4778.5,532402
2021-12-27,MESH2-MESM2,27970,-7.9,-7.8,-7.9,-7.8,6
2021-12-27,MESM2,13615,4714.5,4776.5,4706.0,4771.25,648
2021-12-27,MESU2,10039,4712.25,4750.0,4712.25,4750.0,2
2021-12-27,MESZ2,10299,4756.5,4756.5,4756.5,4756.5,1
2021-12-28,MESH2,11355,4778.5,4798.0,4770.5,4786.25,719028
2021-12-28,MESH2-MESM2,27970,-6.8,-6.8,-6.8,-6.8,1
2021-12-28,MESM2,13615,4770.0,4789.75,4761.75,4777.75,426
2021-12-28,MESU2,10039,4773.0,4773.0,4773.0,4773.0,1
2021-12-28,MESZ2,10299,4754.5,4754.5,4754.5,4754.5,1
2021-12-29,MESH2,11355,4786.0,4796.0,4769.25,4780.25,598206
2021-12-29,MESM2,13615,4778.0,4788.25,4762.0,4772.0,564
2021-12-29,MESU2,10039,4769.75,4769.75,4769.75,4769.75,8
2021-12-30,MESH2,11355,4780.5,4799.75,4767.0,4773.0,519524
2021-12-30,MESH2-MESM2,27970,-6.8,-6.8,-7.8,-7.8,6
2021-12-30,MESM2,13615,4770.0,4792.5,4757.75,4767.75,347
2021-12-30,MESU2,10039,4773.0,4773.0,4773.0,4773.0,2
2021-12-31,MESH2,11355,4773.25,4778.5,4750.75,4761.25,599745
2021-12-31,MESH2-MESM2,27970,-9.15,-7.75,-9.15,-7.75,13
2021-12-31,MESM2,13615,4766.25,4769.75,4743.5,4753.0,446
2021-12-31,MESU2,10039,4747.0,4747.0,4747.0,4747.0,1
2022-01-02,MESH2,11355,4770.75,4778.0,4770.25,4775.0,10332
2022-01-02,MESH2-MESM2,27970,-7.8,-7.8,-7.8,-7.8,5
2022-01-02,MESM2,13615,4762.75,4768.5,4762.0,4765.0,29
2022-01-03,MESH2,11355,4775.0,4791.25,4747.25,4783.0,906166
2022-01-03,MESH2-MESM2,27970,-8.0,-8.0,-8.0,-8.0,15
2022-01-03,MESM2,13615,4768.0,4783.0,4740.0,4775.0,809
2022-01-03,MESU2,10039,4767.25,4767.25,4767.25,4767.25,1
2022-01-04,MESH2,11355,4783.0,4808.25,4764.5,4778.25,821317
2022-01-04,MESM2,13615,4772.25,4800.0,4757.75,4770.0,670
2022-01-04,MESU2,10039,4773.5,4773.5,4760.0,4760.0,2
2022-01-04,MESZ2,10299,4770.5,4770.5,4770.5,4770.5,1
2022-01-05,MESH2,11355,4778.25,4788.5,4682.0,4698.25,1154583
2022-01-05,MESM2,13615,4768.0,4780.0,4674.25,4690.5,910
2022-01-05,MESU2,10039,4750.0,4750.0,4750.0,4750.0,1
2022-01-06,MESH2,11355,4698.0,4715.75,4662.25,4699.25,1139343
2022-01-06,MESH2-MESM2,27970,-7.95,-7.6,-7.95,-7.6,23
2022-01-06,MESM2,13615,4692.0,4707.0,4655.25,4691.75,1179
2022-01-06,MESZ2,10299,4679.75,4679.75,4679.75,4679.75,1
2022-01-07,MESH2,11355,4699.25,4706.0,4653.75,4667.75,1086769
2022-01-07,MESH2-MESM2,27970,-7.65,-7.2,-7.65,-7.2,33
2022-01-07,MESM2,13615,4692.5,4697.5,4646.75,4660.25,878
2022-01-07,MESU2,10039,4661.75,4669.5,4648.5,4665.25,14
2022-01-09,MESH2,11355,4671.0,4673.75,4649.75,4657.75,21211
2022-01-09,MESM2,13615,4663.75,4664.5,4643.75,4653.0,94
2022-01-10,MESH2,11355,4657.75,4681.5,4572.75,4665.0,1530136
2022-01-10,MESH2-MESM2,27970,-7.6,-7.6,-7.6,-7.6,1
2022-01-10,MESM2,13615,4651.75,4673.25,4565.75,4657.25,2434
2022-01-10,MESU2,10039,4639.0,4639.0,4601.25,4610.0,10
2022-01-10,MESZ2,10299,4650.0,4660.0,4600.0,4600.0,4
2022-01-11,MESH2,11355,4665.0,4707.75,4626.5,4704.0,1148591
2022-01-11,MESH2-MESM2,27970,-7.4,-7.4,-7.4,-7.4,20
2022-01-11,MESM2,13615,4658.0,4700.0,4620.0,4694.75,1408
2022-01-11,MESU2,10039,4687.0,4687.0,4687.0,4687.0,1
2022-01-12,MESH2,11355,4704.0,4739.5,4694.75,4717.5,1110551
2022-01-12,MESH2-MESM2,27970,-7.15,-7.15,-7.15,-7.15,3
2022-01-12,MESM2,13615,4696.75,4731.5,4687.5,4708.0,1021
2022-01-12,MESU2,10039,4690.0,4719.0,4690.0,4714.0,26
2022-01-13,MESH2,11355,4717.75,4736.25,4642.5,4655.75,1211247
2022-01-13,MESH2-MESM2,27970,-7.15,-7.15,-7.15,-7.15,3
2022-01-13,MESH3,2080,4702.25,4702.25,4702.25,4702.25,1
2022-01-13,MESM2,13615,4709.25,4727.25,4634.75,4646.75,1288
2022-01-13,MESU2,10039,4712.75,4713.75,4655.25,4655.25,17
2022-01-14,MESH2,11355,4655.25,4667.0,4605.25,4664.5,1440789
2022-01-14,MESH2-MESM2,27970,-7.35,-7.35,-7.5,-7.5,17
2022-01-14,MESM2,13615,4645.75,4658.0,4599.0,4656.75,1596
2022-01-14,MESU2,10039,4636.25,4650.0,4599.0,4634.0,12
2022-01-16,MESH2,11355,4665.75,4672.0,4652.75,4656.5,14903
2022-01-16,MESH3,2080,4663.0,4663.0,4653.0,4653.0,3
2022-01-16,MESM2,13615,4659.0,4660.5,4650.0,4650.25,65
2022-01-17,MESH2,11355,4656.25,4666.25,4638.75,4656.75,145902
2022-01-17,MESH2-MESM2,27970,-7.7,-7.7,-7.7,-7.7,5
2022-01-17,MESH3,2080,4649.0,4649.0,4607.5,4607.5,3
2022-01-17,MESM2,13615,4649.25,4658.25,4634.0,4648.75,243
2022-01-17,MESU2,10039,4643.25,4649.0,4643.25,4649.0,2
2022-01-18,MESH2,11355,4657.0,4661.75,4559.5,4568.5,1540280
2022-01-18,MESH2-MESM2,27970,-7.4,-7.4,-7.6,-7.6,6
2022-01-18,MESH3,2080,4610.0,4610.0,4560.0,4560.0,6
2022-01-18,MESM2,13615,4650.5,4650.5,4553.0,4560.0,2049
2022-01-18,MESU2,10039,4612.5,4612.5,4550.0,4550.0,11
2022-01-18,MESZ2,10299,4569.0,4569.0,4569.0,4569.0,1
2022-01-19,MESH2,11355,4568.5,4603.0,4514.25,4516.0,1481656
2022-01-19,MESH2-MESM2,27970,-7.15,-7.15,-7.4,-7.4,8
2022-01-19,MESH3,2080,4554.75,4554.75,4507.25,4507.25,2
2022-01-19,MESM2,13615,4566.0,4595.0,4507.0,4509.5,1923
2022-01-20,MESH2,11355,4516.0,4594.25,4437.75,4462.25,1494367
2022-01-20,MESH2-MESM2,27970,-7.4,-7.05,-8.05,-7.65,113
2022-01-20,MESH3,2080,4575.5,4579.0,4574.0,4574.0,8
2022-01-20,MESM2,13615,4511.0,4585.25,4431.0,4452.5,3138
2022-01-20,MESU2,10039,4539.25,4539.25,4450.0,4450.0,4
2022-01-20,MESZ2,10299,4500.0,4500.0,4488.0,4488.0,3
2022-01-21,MESH2,11355,4462.25,4486.75,4381.5,4382.0,1961608
2022-01-21,MESH2-MESM2,27970,-7.6,-7.6,-7.85,-7.85,14
2022-01-21,MESM2,13615,4456.5,4479.5,4374.0,4374.0,3622
2022-01-21,MESU2,10039,4441.25,4470.0,4372.75,4380.0,20
2022-01-23,MESH2,11355,4388.5,4415.0,4385.5,4414.5,39132
2022-01-23,MESM2,13615,4377.25,4406.75,4377.25,4404.0,194
2022-01-24,MESH2,11355,4414.25,4427.25,4212.5,4401.75,2496867
2022-01-24,MESH2-MESM2,27970,-7.8,-7.7,-8.5,-8.0,143
2022-01-24,MESM2,13615,4406.5,4419.0,4205.25,4392.25,6331
2022-01-24,MESU2,10039,4410.0,4410.0,4230.25,4390.0,55
2022-01-24,MESZ2,10299,4300.0,4300.0,4300.0,4300.0,1
2022-01-25,MESH2,11355,4402.25,4404.75,4276.5,4357.5,2041369
2022-01-25,MESH2-MESM2,27970,-8.0,-7.75,-8.0,-7.75,32
2022-01-25,MESH3,2080,4300.0,4300.0,4300.0,4300.0,1
2022-01-25,MESM2,13615,4392.0,4394.25,4271.75,4350.75,2821
2022-01-25,MESU2,10039,4350.0,4355.0,4285.0,4350.0,12
2022-01-25,MESZ2,10299,4275.0,4275.0,4275.0,4275.0,1
2022-01-26,MESH2,11355,4357.5,4446.75,4292.5,4366.0,1779695
2022-01-26,MESH2-MESM2,27970,-7.8,-7.35,-8.95,-7.35,63
2022-01-26,MESM2,13615,4347.5,4439.0,4286.5,4358.5,2826
2022-01-26,MESU2,10039,4397.0,4420.0,4301.75,4312.0,20
2022-01-27,MESH2,11355,4365.75,4421.5,4263.25,4335.5,1886708
2022-01-27,MESH2-MESM2,27970,-8.0,-7.1,-8.0,-7.1,69
2022-01-27,MESM2,13615,4355.75,4414.0,4257.0,4329.0,2780
2022-01-27,MESU2,10039,4303.0,4410.0,4268.25,4300.0,38
2022-01-27,MESZ2,10299,4260.0,4260.0,4260.0,4260.0,1
2022-01-28,MESH2,11355,4335.5,4425.75,4266.25,4419.0,1718283
2022-01-28,MESH2-MESM2,27970,-7.35,-7.1,-9.0,-7.1,65
2022-01-28,MESM2,13615,4325.25,4418.5,4259.75,4412.0,2346
2022-01-28,MESU2,10039,4269.75,4410.0,4269.0,4410.0,13
2022-01-30,MESH2,11355,4421.5,4428.5,4402.75,4412.25,23417
2022-01-30,MESM2,13615,4415.25,4419.0,4394.0,4402.0,75
2022-01-31,MESH2,11355,4412.5,4507.75,4395.5,4493.0,1016779
2022-01-31,MESH2-MESM2,27970,-7.0,-7.0,-7.5,-7.5,6
2022-01-31,MESH3,2080,4469.75,4490.0,4469.75,4490.0,21
2022-01-31,MESM2,13615,4399.0,4500.0,4388.5,4484.25,1667
2022-01-31,MESM2-MESU2,57109,-4.0,-4.0,-4.0,-4.0,1
2022-01-31,MESU2,10039,4420.0,4496.0,4390.0,4496.0,19
2022-02-01,MESH2,11355,4493.25,4554.75,4473.75,4551.25,1258821
2022-02-01,MESH2-MESM2,27970,-6.95,-6.9,-7.05,-6.9,20
2022-02-01,MESM2,13615,4484.75,4548.75,4467.75,4542.0,1447
2022-02-01,MESU2,10039,4480.0,4520.0,4469.0,4520.0,8
2022-02-02,MESH2,11355,4551.0,4586.0,4529.5,4531.25,1164753
2022-02-02,MESH2-MESM2,27970,-8.45,-6.8,-8.45,-7.6,20
2022-02-02,MESM2,13615,4545.0,4578.0,4522.0,4523.5,1813
2022-02-02,MESU2,10039,4547.0,4573.25,4547.0,4573.25,7
2022-02-03,MESH2,11355,4531.0,4544.0,4461.25,4518.75,1260574
2022-02-03,MESH2-MESM2,27970,-6.85,-6.75,-6.85,-6.75,12
2022-02-03,MESM2,13615,4525.75,4537.25,4455.0,4514.0,1725
2022-02-03,MESU2,10039,4508.0,4514.0,4455.5,4514.0,11
2022-02-04,MESH2,11355,4518.75,4532.5,4438.75,4484.75,1443030
2022-02-04,MESH2-MESM2,27970,-7.95,-6.3,-7.95,-6.4,33
2022-02-04,MESH3,2080,4500.0,4500.0,4500.0,4500.0,2
2022-02-04,MESM2,13615,4510.5,4525.0,4432.25,4474.75,2298
2022-02-04,MESU2,10039,4511.0,4514.0,4450.0,4450.0,8
2022-02-06,MESH2,11355,4495.5,4499.75,4488.0,4498.0,15078
2022-02-06,MESM2,13615,4486.25,4493.25,4481.25,4490.25,102
2022-02-06,MESU2,10039,4490.0,4490.0,4490.0,4490.0,2
2022-02-07,MESH2,11355,4498.5,4514.5,4462.25,4486.5,1147976
2022-02-07,MESH2-MESM2,27970,-6.35,-6.35,-6.5,-6.45,10
2022-02-07,MESH3,2080,4500.0,4500.0,4500.0,4500.0,2
2022-02-07,MESM2,13615,4490.25,4507.75,4458.0,4480.25,1044
2022-02-07,MESU2,10039,4470.0,4490.0,4470.0,4490.0,8
2022-02-07,MESZ2,10299,4500.0,4500.0,4500.0,4500.0,2
2022-02-08,MESH2,11355,4486.5,4527.0,4456.25,4525.25,1056407
2022-02-08,MESH2-MESM2,27970,-6.65,-6.5,-6.65,-6.5,16
2022-02-08,MESH3,2080,4500.0,4500.0,4500.0,4500.0,1
2022-02-08,MESM2,13615,4478.5,4520.0,4450.0,4517.5,1341
2022-02-08,MESU2,10039,4474.75,4474.75,4474.75,4474.75,1
2022-02-09,MESH2,11355,4525.25,4585.0,4517.75,4579.25,870345
2022-02-09,MESH2-MESM2,27970,-6.7,-6.5,-6.7,-6.6,52
2022-02-09,MESH3,2080,4550.0,4575.0,4550.0,4575.0,3
2022-02-09,MESM2,13615,4515.5,4579.0,4512.75,4570.0,1364
2022-02-09,MESU2,10039,4513.5,4582.25,4513.5,4582.25,8
2022-02-10,MESH2,11355,4579.25,4583.5,4476.0,4484.75,1664568
2022-02-10,MESH2-MESM2,27970,-7.0,-5.0,-7.0,-5.25,152
2022-02-10,MESH3,2080,4521.0,4566.5,4521.0,4559.5,11
2022-02-10,MESM2,13615,4571.0,4575.75,4471.0,4476.75,2496
2022-02-10,MESU2,10039,4570.5,4570.5,4484.0,4484.0,9
2022-02-11,MESH2,11355,4484.75,4520.5,4393.25,4417.75,1660775
2022-02-11,MESH2-MESM2,27970,-5.05,-5.05,-5.85,-5.75,55
2022-02-11,MESH3,2080,4494.25,4494.25,4458.5,4458.5,4
2022-02-11,MESM2,13615,4480.0,4513.75,4387.75,4412.25,2213
2022-02-11,MESU2,10039,4475.0,4500.0,4408.25,4408.25,24
2022-02-11,MESZ2,10299,4500.0,4500.0,4500.0,4500.0,2
2022-02-13,MESH2,11355,4412.0,4420.5,4400.5,4417.0,19213
2022-02-13,MESM2,13615,4413.0,4414.25,4395.25,4413.0,105
2022-02-13,MESU2,10039,4405.0,4405.0,4405.0,4405.0,2
2022-02-14,MESH2,11355,4417.25,4428.0,4354.25,4403.25,1488876
2022-02-14,MESH2-MESM2,27970,-5.95,-5.5,-7.0,-7.0,85
2022-02-14,MESH3,2080,4415.5,4415.5,4415.5,4415.5,1
2022-02-14,MESM2,13615,4413.25,4421.75,4350.0,4397.5,3788
2022-02-14,MESU2,10039,4405.0,4410.0,4380.0,4380.0,3
2022-02-15,MESH2,11355,4403.5,4468.25,4381.75,4452.75,1144226
2022-02-15,MESH2-MESM2,27970,-5.65,-5.5,-5.65,-5.5,8
2022-02-15,MESM2,13615,4397.75,4461.5,4376.0,4452.5,1766
2022-02-15,MESU2,10039,4391.25,4458.25,4391.25,4458.25,2
2022-02-16,MESH2,11355,4452.75,4485.0,4422.25,4461.75,952634
2022-02-16,MESH2-MESM2,27970,-5.7,-5.7,-6.2,-6.2,6
2022-02-16,MESM2,13615,4447.0,4478.0,4417.25,4456.5,1418
2022-02-16,MESU2,10039,4466.0,4477.0,4420.0,4421.5,7
2022-02-17,MESH2,11355,4461.5,4468.25,4367.25,4378.5,1169850
2022-02-17,MESH2-MESM2,27970,-6.2,-6.2,-6.6,-6.55,11
2022-02-17,MESH3,2080,4420.0,4421.0,4380.0,4380.0,8
2022-02-17,MESM2,13615,4455.25,4462.25,4360.0,4372.75,2150
2022-02-17,MESU2,10039,4440.0,4440.0,4369.0,4369.0,27
2022-02-17,MESZ2,10299,4380.0,4380.0,4380.0,4380.0,3
2022-02-18,MESH2,11355,4378.5,4411.5,4321.0,4345.75,1355248
2022-02-18,MESH2-MESM2,27970,-6.5,-6.5,-7.0,-6.8,13
2022-02-18,MESH3,2080,4380.0,4380.0,4340.0,4340.0,7
2022-02-18,MESM2,13615,4375.0,4404.75,4314.5,4337.25,2643
2022-02-18,MESU2,10039,4364.0,4373.0,4320.0,4336.25,18
2022-02-20,MESH2,11355,4326.25,4333.75,4315.5,4322.5,18202
2022-02-20,MESM2,13615,4328.0,4328.0,4311.0,4317.0,155
2022-02-21,MESH2,11355,4322.5,4391.25,4249.75,4271.75,483438
2022-02-21,MESH2-MESM2,27970,-7.15,-6.9,-7.4,-7.2,64
2022-02-21,MESM2,13615,4313.25,4383.5,4243.25,4263.0,1956
2022-02-21,MESU2,10039,4363.5,4363.5,4249.75,4258.0,17
2022-02-22,MESH2,11355,4272.25,4358.75,4258.25,4324.5,1482022
2022-02-22,MESH2-MESM2,27970,-7.5,-6.65,-8.2,-6.9,92
2022-02-22,MESM2,13615,4262.0,4352.0,4251.0,4317.75,3189
2022-02-22,MESU2,10039,4265.0,4338.0,4259.5,4312.0,47
2022-02-23,MESH2,11355,4324.5,4345.75,4208.25,4218.5,1398730
2022-02-23,MESH2-MESM2,27970,-6.95,-6.8,-7.1,-7.1,89
2022-02-23,MESM2,13615,4319.0,4338.5,4201.0,4210.0,3088
2022-02-23,MESU2,10039,4310.0,4328.0,4218.0,4221.0,41
2022-02-23,MESZ2,10299,4280.0,4280.0,4220.0,4220.0,4
2022-02-24,MESH2,11355,4218.0,4290.25,4101.25,4261.0,2194257
2022-02-24,MESH2-MESM2,27970,-7.25,-7.25,-8.2,-7.75,75
2022-02-24,MESH3,2080,4215.0,4215.0,4215.0,4215.0,1
2022-02-24,MESM2,13615,4212.0,4281.0,4093.75,4253.0,6867
2022-02-24,MESU2,10039,4190.0,4280.0,4099.25,4260.0,148
2022-02-24,MESZ2,10299,4179.0,4179.0,4110.0,4157.5,5
2022-02-25,MESH2,11355,4261.25,4384.0,4227.75,4379.75,1328550
2022-02-25,MESH2-MESM2,27970,-8.05,-7.4,-8.05,-7.65,95
2022-02-25,MESM2,13615,4260.0,4377.0,4220.0,4376.5,3475
2022-02-25,MESU2,10039,4255.0,4370.0,4220.0,4365.75,44
2022-02-25,MESZ2,10299,4365.0,4375.0,4365.0,4375.0,2
2022-02-27,MESH2,11355,4343.25,4343.5,4256.25,4284.5,62156
2022-02-27,MESH2-MESM2,27970,-7.65,-7.65,-7.65,-7.65,1
2022-02-27,MESM2,13615,4335.5,4335.5,4260.0,4278.5,455
2022-02-27,MESU2,10039,4276.0,4288.75,4276.0,4277.25,10
2022-02-27,MESZ2,10299,4320.0,4320.0,4320.0,4320.0,1
2022-02-28,MESH2,11355,4285.0,4385.5,4258.5,4377.25,1805047
2022-02-28,MESH2-MESM2,27970,-7.75,-7.75,-8.45,-8.0,204
2022-02-28,MESM2,13615,4275.5,4377.75,4251.25,4371.0,4819
2022-02-28,MESU2,10039,4270.0,4372.0,4269.0,4362.75,52
2022-02-28,MESZ2,10299,4374.75,4375.0,4374.75,4375.0,2
2022-03-01,MESH2,11355,4377.5,4398.5,4275.0,4317.0,1688751
2022-03-01,MESH2-MESM2,27970,-7.95,-7.75,-8.8,-8.3,88
2022-03-01,MESH3,2080,4330.0,4330.0,4330.0,4330.0,5
2022-03-01,MESM2,13615,4371.25,4390.5,4266.5,4307.75,4521
2022-03-01,MESU2,10039,4377.75,4388.5,4273.0,4273.0,34
2022-03-01,MESZ2,10299,4300.0,4300.0,4285.0,4285.0,3
2022-03-02,MESH2,11355,4317.25,4400.0,4278.25,4375.0,1375224
2022-03-02,MESH2-MESM2,27970,-8.4,-7.85,-9.0,-7.85,131
2022-03-02,MESM2,13615,4306.0,4392.5,4269.75,4367.5,3994
2022-03-02,MESU2,10039,4313.0,4387.75,4305.0,4362.0,44
2022-03-02,MESZ2,10299,4355.0,4355.0,4355.0,4355.0,1
2022-03-03,MESH2,11355,4375.25,4418.75,4341.0,4371.75,1526557
2022-03-03,MESH2-MESM2,27970,-8.0,-7.75,-8.2,-7.75,245
2022-03-03,MESH2-MESU2,58649,-9.5,-9.5,-9.5,-9.5,1
2022-03-03,MESH3,2080,4420.0,4420.0,4420.0,4420.0,6
2022-03-03,MESM2,13615,4369.0,4411.75,4332.5,4364.25,8896
2022-03-03,MESU2,10039,4363.0,4400.0,4340.0,4340.0,63
2022-03-04,MESH2,11355,4371.75,4374.25,4281.5,4320.75,1718370
2022-03-04,MESH2-MESM2,27970,-7.8,-7.8,-8.7,-8.2,149
2022-03-04,MESM2,13615,4363.75,4366.0,4273.5,4308.0,14463
2022-03-04,MESU2,10039,4325.0,4340.0,4274.75,4312.0,62
2022-03-04,MESZ2,10299,4285.0,4325.0,4285.0,4325.0,3
2022-03-06,MESH2,11355,4311.0,4311.0,4262.5,4270.0,46364
2022-03-06,MESH2-MESM2,27970,-8.25,-7.75,-8.25,-7.75,7
2022-03-06,MESM2,13615,4304.75,4304.75,4255.0,4261.25,1078
2022-03-06,MESU2,10039,4280.0,4280.0,4259.75,4260.0,16
2022-03-07,MESH2,11355,4269.75,4326.25,4181.75,4186.25,1661531
2022-03-07,MESH2-MESM2,27970,-8.25,-8.05,-8.5,-8.4,273
2022-03-07,MESM2,13615,4261.0,4317.0,4172.0,4179.75,19812
2022-03-07,MESU2,10039,4258.25,4312.25,4175.0,4175.0,167
2022-03-07,MESZ2,10299,4264.0,4300.0,4183.0,4183.0,15
2022-03-08,MESH2,11355,4186.5,4275.0,4138.75,4169.25,1945178
2022-03-08,MESH2-MESM2,27970,-8.25,-8.15,-8.7,-8.25,214
2022-03-08,MESM2,13615,4180.5,4266.75,4130.0,4161.75,25401
2022-03-08,MESU2,10039,4187.0,4265.25,4134.0,4157.0,241
2022-03-08,MESZ2,10299,4196.5,4225.0,4175.0,4225.0,5
2022-03-09,MESH2,11355,4169.25,4298.25,4164.75,4276.25,1235173
2022-03-09,MESH2-MESM2,27970,-8.25,-8.1,-8.55,-8.55,627
2022-03-09,MESH3,2080,4289.75,4289.75,4289.75,4289.75,1
2022-03-09,MESM2,13615,4161.5,4289.5,4156.25,4267.5,20060
2022-03-09,MESU2,10039,4170.25,4292.25,4167.25,4266.5,119
2022-03-09,MESZ2,10299,4165.0,4285.0,4165.0,4285.0,3
2022-03-10,MESH2,11355,4276.5,4282.0,4206.25,4264.25,1092401
2022-03-10,MESH2-MESM2,27970,-8.45,-8.45,-9.3,-9.3,2727
2022-03-10,MESM2,13615,4268.75,4273.0,4197.75,4255.25,57132
2022-03-10,MESU2,10039,4255.0,4268.25,4200.0,4255.0,410
2022-03-11,MESH2,11355,4264.25,4335.75,4197.5,4206.5,542079
2022-03-11,MESH2-MESM2,27970,-9.3,-8.65,-9.8,-9.05,7391
2022-03-11,MESH2-MESU2,58649,-8.0,-8.0,-8.0,-8.0,2
2022-03-11,MESH3,2080,4300.0,4300.0,4245.5,4256.0,4
2022-03-11,MESM2,13615,4255.0,4326.25,4189.0,4195.25,798759
2022-03-11,MESU2,10039,4242.0,4320.0,4192.25,4196.0,313
2022-03-11,MESZ2,10299,4227.5,4227.5,4205.0,4205.0,2
2022-03-13,MESH2,11355,4212.25,4235.75,4210.5,4232.5,9137
2022-03-13,MESH2-MESM2,27970,-8.0,-8.0,-9.35,-9.35,51
2022-03-13,MESH3,2080,4200.0,4200.0,4200.0,4200.0,32
2022-03-13,MESM2,13615,4202.75,4226.5,4202.5,4223.5,25790
2022-03-13,MESU2,10039,4215.0,4225.0,4212.0,4225.0,9
2022-03-14,MESH2,11355,4232.0,4253.75,4160.5,4182.25,410144
2022-03-14,MESH2-MESM2,27970,-9.25,-8.25,-9.35,-8.85,19935
2022-03-14,MESH2-MESU2,58649,-9.0,-9.0,-9.0,-9.0,4
2022-03-14,MESM2,13615,4222.75,4244.75,4152.0,4173.25,978800
2022-03-14,MESM2-MESU2,57109,0.0,0.0,0.0,0.0,3
2022-03-14,MESU2,10039,4222.0,4240.25,4152.25,4177.0,656
2022-03-14,MESZ2,10299,4224.0,4224.0,4200.0,4200.0,15
2022-03-15,MESH2,11355,4182.0,4271.5,4137.75,4256.75,264483
2022-03-15,MESH2-MESM2,27970,-8.9,-5.25,-9.0,-8.0,5905
2022-03-15,MESH2-MESU2,58649,-6.5,-6.25,-6.5,-6.25,14
2022-03-15,MESH3,2080,4200.0,4274.75,4200.0,4274.75,6
2022-03-15,MESM2,13615,4173.0,4263.5,4129.5,4248.5,946870
2022-03-15,MESM2-MESU2,57109,0.65,0.65,0.1,0.1,4
2022-03-15,MESU2,10039,4171.5,4261.5,4130.0,4255.0,709
2022-03-15,MESZ2,10299,4172.0,4260.0,4172.0,4260.0,8
2022-03-16,MESH2,11355,4256.25,4375.75,4247.25,4365.5,194312
2022-03-16,MESH2-MESM2,27970,-8.05,-7.8,-8.45,-8.2,3646
2022-03-16,MESH2-MESU2,58649,-8.0,-5.5,-8.0,-5.5,6
2022-03-16,MESH3,2080,4300.0,4300.0,4300.0,4300.0,2
2022-03-16,MESM2,13615,4248.5,4367.25,4239.25,4356.75,1129775
2022-03-16,MESM2-MESU2,57109,-0.25,2.0,-0.25,2.0,8
2022-03-16,MESU2,10039,4245.75,4366.0,4241.0,4352.5,990
2022-03-16,MESZ2,10299,4300.0,4370.0,4295.0,4356.0,9
2022-03-17,MESH2,11355,4365.0,4415.25,4329.0,4388.5,116086
2022-03-17,MESH2-MESM2,27970,-8.4,-8.0,-8.85,-8.85,1765
2022-03-17,MESM2,13615,4356.75,4406.75,4320.5,4379.5,935077
2022-03-17,MESM2-MESU2,57109,2.0,2.0,-0.5,-0.5,4
2022-03-17,MESU2,10039,4354.25,4407.5,4322.0,4380.0,724
2022-03-17,MESZ2,10299,4400.25,4400.25,4400.25,4400.25,1
2022-03-18,MESH2,11355,4388.0,4402.75,4373.25,4400.0,5834
2022-03-18,MESH2-MESM2,27970,-8.85,-7.5,-10.0,-7.5,235
2022-03-18,MESM2,13615,4379.75,4466.0,4364.5,4465.75,904667
2022-03-18,MESM2-MESU2,57109,1.55,1.55,1.35,1.35,3
2022-03-18,MESU2,10039,4384.0,4468.25,4366.0,4466.75,1436
2022-03-18,MESZ2,10299,4415.0,4450.0,4415.0,4450.0,14
2022-03-20,MESM2,13615,4460.25,4463.75,4451.25,4452.0,19713
2022-03-20,MESU2,10039,4460.75,4461.5,4453.25,4453.25,35
2022-03-21,MESH3,2080,4478.0,4478.0,4478.0,4478.0,1
2022-03-21,MESM2,13615,4452.25,4473.0,4415.0,4445.5,1140109
2022-03-21,MESM2-MESU2,57109,1.5,1.65,1.45,1.65,36
2022-03-21,MESM3,9270,4475.0,4475.0,4475.0,4475.0,2
2022-03-21,MESU2,10039,4452.25,4473.0,4417.25,4453.25,1458
2022-03-21,MESZ2,10299,4450.0,4450.0,4437.75,4441.0,3
2022-03-22,MESH3,2080,4500.0,4537.0,4500.0,4537.0,18
2022-03-22,MESM2,13615,4445.25,4514.75,4433.0,4510.0,927817
2022-03-22,MESM2-MESU2,57109,2.3,2.3,2.3,2.3,1
2022-03-22,MESM3,9270,4550.0,4553.0,4550.0,4550.0,5
2022-03-22,MESU2,10039,4445.0,4515.75,4436.25,4509.25,1548
2022-03-22,MESZ2,10299,4490.0,4510.0,4490.0,4510.0,12
2022-03-23,MESH3,2080,4513.0,4514.0,4500.0,4500.0,21
2022-03-23,MESM2,13615,4509.75,4514.0,4444.75,4452.5,1018424
2022-03-23,MESM2-MESU2,57109,2.15,2.3,2.15,2.25,24
2022-03-23,MESU2,10039,4512.5,4515.75,4447.0,4454.0,1357
2022-03-23,MESZ2,10299,4500.0,4500.0,4458.5,4458.5,18
2022-03-24,MESH3,2080,4502.75,4502.75,4502.75,4502.75,32
2022-03-24,MESM2,13615,4452.5,4518.75,4445.75,4510.25,959050
2022-03-24,MESM2-MESU2,57109,2.15,2.45,2.15,2.45,12
2022-03-24,MESU2,10039,4456.75,4520.75,4448.0,4512.0,1207
2022-03-24,MESZ2,10299,4475.0,4495.5,4475.0,4495.5,27
2022-03-25,MESH3,2080,4544.0,4569.0,4535.0,4569.0,13
2022-03-25,MESM2,13615,4510.5,4539.25,4493.5,4536.5,1071333
2022-03-25,MESM2-MESU2,57109,2.45,3.0,2.45,3.0,511
2022-03-25,MESU2,10039,4507.0,4541.75,4497.5,4538.5,1190
2022-03-25,MESU2-MESZ2,134061,12.0,12.0,12.0,12.0,16
2022-03-25,MESZ2,10299,4520.0,4550.0,4517.75,4550.0,13
2022-03-27,MESH3,2080,4569.75,4569.75,4557.75,4560.25,3
2022-03-27,MESM2,13615,4535.25,4541.75,4526.0,4526.75,16996
2022-03-27,MESU2,10039,4538.0,4543.25,4532.0,4532.75,29
2022-03-28,MESH3,2080,4560.0,4560.0,4560.0,4560.0,5
2022-03-28,MESM2,13615,4526.5,4572.25,4509.5,4567.75,944429
2022-03-28,MESM2-MESU2,57109,3.05,3.5,3.05,3.5,24
2022-03-28,MESM3,9270,4590.0,4590.0,4590.0,4590.0,1
2022-03-28,MESU2,10039,4527.25,4576.0,4514.0,4575.0,960
2022-03-28,MESU2-MESZ2,134061,13.0,13.0,13.0,13.0,5
2022-03-28,MESZ2,10299,4528.0,4585.0,4525.25,4585.0,13
2022-03-29,MESM2,13615,4568.0,4631.0,4565.25,4621.5,1121361
2022-03-29,MESM2-MESU2,57109,3.5,3.65,3.5,3.65,21
2022-03-29,MESU2,10039,4570.0,4633.0,4569.25,4624.25,1703
2022-03-29,MESZ2,10299,4592.0,4650.0,4592.0,4641.0,8
2022-03-30,MESH3,2080,4648.0,4650.0,4637.0,4637.0,11
2022-03-30,MESM2,13615,4621.75,4627.75,4574.75,4598.75,894382
2022-03-30,MESM2-MESU2,57109,3.65,3.65,3.35,3.35,3
2022-03-30,MESU2,10039,4621.0,4631.25,4578.5,4603.0,777
2022-03-30,MESZ2,10299,4638.0,4638.0,4601.0,4602.75,7
2022-03-31,MESH3,2080,4610.0,4612.0,4610.0,4612.0,2
2022-03-31,MESM2,13615,4599.0,4614.25,4526.25,4542.5,1041000
2022-03-31,MESM2-MESU2,57109,3.15,3.15,3.15,3.15,15
2022-03-31,MESU2,10039,4603.25,4616.75,4530.0,4545.0,1321
2022-03-31,MESZ2,10299,4620.0,4620.0,4544.5,4544.5,6
2022-04-01,MESM2,13615,4542.5,4555.25,4501.25,4539.75,992519
2022-04-01,MESM2-MESU2,57109,3.1,3.2,3.1,3.2,80
2022-04-01,MESM3,9270,4585.0,4585.0,4585.0,4585.0,1
2022-04-01,MESU2,10039,4546.0,4558.0,4504.25,4539.5,1321
2022-04-01,MESZ2,10299,4555.0,4555.0,4518.0,4530.25,6
2022-04-03,MESM2,13615,4538.0,4541.75,4529.0,4530.75,11410
2022-04-03,MESU2,10039,4542.0,4542.25,4532.0,4532.0,21
2022-04-04,MESM2,13615,4530.75,4579.75,4527.75,4573.5,741994
2022-04-04,MESU2,10039,4531.75,4582.75,4531.75,4577.75,716
2022-04-04,MESZ2,10299,4565.0,4585.0,4565.0,4585.0,3
2022-04-05,MESM2,13615,4573.25,4588.5,4507.5,4523.25,1047778
2022-04-05,MESM2-MESU2,57109,4.5,4.5,2.25,2.25,2
2022-04-05,MESU2,10039,4577.5,4591.75,4512.75,4527.5,1211
2022-04-05,MESZ2,10299,4555.5,4555.5,4555.5,4555.5,1
2022-04-06,MESM2,13615,4523.25,4528.25,4444.5,4461.75,1373009
2022-04-06,MESM2-MESU2,57109,4.5,4.5,4.5,4.5,2
2022-04-06,MESU2,10039,4529.0,4530.75,4447.0,4464.5,1880
2022-04-06,MESZ2,10299,4521.5,4521.5,4465.0,4484.25,16
2022-04-07,MESH3,2080,4525.0,4525.0,4520.0,4520.0,4
2022-04-07,MESM2,13615,4461.5,4516.5,4444.5,4501.5,1194320
2022-04-07,MESM2-MESU2,57109,3.2,3.2,3.2,3.2,14
2022-04-07,MESU2,10039,4462.5,4519.5,4448.0,4505.75,2147
2022-04-07,MESZ2,10299,4484.25,4530.0,4465.0,4530.0,7
2022-04-08,MESH3,2080,4535.0,4535.0,4535.0,4535.0,2
2022-04-08,MESM2,13615,4501.5,4519.75,4468.75,4484.25,1040502
2022-04-08,MESU2,10039,4501.5,4524.0,4472.5,4486.5,1264
2022-04-08,MESZ2,10299,4526.75,4526.75,4503.25,4503.25,8
2022-04-10,MESH3,2080,4514.0,4514.0,4514.0,4514.0,1
2022-04-10,MESM2,13615,4487.25,4491.25,4476.0,4476.0,13282
2022-04-10,MESU2,10039,4493.0,4494.0,4480.0,4480.0,32
2022-04-11,MESH3,2080,4450.0,4450.0,4444.0,4444.0,3
2022-04-11,MESM2,13615,4476.0,4482.0,4403.5,4406.25,998415
2022-04-11,MESM2-MESU2,57109,3.75,3.75,3.5,3.5,3
2022-04-11,MESU2,10039,4478.0,4482.0,4407.0,4407.0,1533
2022-04-11,MESZ2,10299,4490.0,4490.0,4422.5,4422.5,9
2022-04-12,MESH3,2080,4420.5,4420.5,4420.5,4420.5,2
2022-04-12,MESM2,13615,4406.0,4466.75,4375.5,4406.0,1226032
2022-04-12,MESM2-MESU2,57109,3.35,3.6,2.65,2.65,11
2022-04-12,MESU2,10039,4410.5,4469.0,4379.0,4408.75,2527
2022-04-12,MESZ2,10299,4401.5,4468.0,4400.0,4400.0,9
2022-04-13,MESM2,13615,4406.0,4449.5,4384.0,4438.75,978316
2022-04-13,MESM2-MESU2,57109,3.25,3.25,2.55,2.55,4
2022-04-13,MESU2,10039,4409.0,4452.5,4387.25,4441.5,1305
2022-04-13,MESZ2,10299,4436.75,4453.0,4436.75,4453.0,15
2022-04-14,MESM2,13615,4439.0,4455.75,4384.75,4388.5,894602
2022-04-14,MESM2-MESU2,57109,3.15,3.15,3.15,3.15,11
2022-04-14,MESU2,10039,4448.0,4458.75,4388.0,4392.5,1053
2022-04-14,MESZ2,10299,4450.0,4450.0,4405.0,4405.0,10
2022-04-17,MESM2,13615,4391.5,4392.25,4356.25,4357.5,30063
2022-04-17,MESU2,10039,4392.25,4392.25,4359.5,4359.5,108
2022-04-17,MESZ2,10299,4390.0,4390.0,4390.0,4390.0,1
2022-04-18,MESH3,2080,4400.0,4400.0,4400.0,4400.0,1
2022-04-18,MESM2,13615,4357.75,4411.0,4355.5,4410.75,856154
2022-04-18,MESM2-MESU2,57109,3.55,3.55,3.55,3.55,5
2022-04-18,MESU2,10039,4360.0,4414.0,4359.5,4413.75,1155
2022-04-18,MESZ2,10299,4406.75,4420.0,4393.25,4416.75,7
2022-04-19,MESH3,2080,4500.0,4500.0,4500.0,4500.0,1
2022-04-19,MESM2,13615,4410.75,4467.5,4371.5,4443.5,1033982
2022-04-19,MESM2-MESU2,57109,3.4,3.75,3.4,3.75,8
2022-04-19,MESM3,9270,4500.0,4500.0,4500.0,4500.0,1
2022-04-19,MESU2,10039,4414.25,4469.25,4374.0,4448.5,1093
2022-04-19,MESZ2,10299,4458.0,4466.75,4453.25,4455.0,7
2022-04-20,MESH3,2080,4514.25,4518.25,4514.25,4518.25,2
2022-04-20,MESM2,13615,4443.25,4484.25,4432.75,4471.0,1149898
2022-04-20,MESM2-MESU2,57109,2.3,2.3,2.3,2.3,3
2022-04-20,MESU2,10039,4444.0,4488.0,4438.0,4474.0,998
2022-04-21,MESM2,13615,4470.75,4509.0,4375.75,4378.0,1284165
2022-04-21,MESM3,9270,4554.25,4554.25,4554.25,4554.25,1
2022-04-21,MESU2,10039,4478.0,4514.25,4381.0,4381.0,1795
2022-04-21,MESZ2,10299,4485.75,4520.0,4406.75,4406.75,17
2022-04-22,MESM2,13615,4378.0,4393.25,4247.75,4251.75,1384887
2022-04-22,MESU2,10039,4386.5,4397.0,4253.5,4257.0,2141
2022-04-22,MESZ2,10299,4400.0,4403.5,4271.5,4271.5,23
2022-04-24,MESM2,13615,4258.25,4268.0,4249.5,4258.0,32263
2022-04-24,MESM2-MESU2,57109,5.45,5.45,5.45,5.45,2
2022-04-24,MESU2,10039,4262.0,4273.0,4254.5,4266.75,110
2022-04-24,MESZ2,10299,4286.75,4286.75,4286.75,4286.75,1
2022-04-25,MESH3,2080,4267.0,4267.0,4267.0,4267.0,1
2022-04-25,MESM2,13615,4258.25,4296.5,4195.25,4290.75,1611012
2022-04-25,MESM2-MESU2,57109,5.45,5.45,5.45,5.45,1
2022-04-25,MESU2,10039,4262.0,4301.0,4200.0,4297.75,2412
2022-04-25,MESZ2,10299,4243.5,4312.0,4218.75,4312.0,28
2022-04-26,MESH3,2080,4200.0,4200.0,4200.0,4200.0,1
2022-04-26,MESM2,13615,4290.5,4303.75,4136.5,4173.5,1450502
2022-04-26,MESM2-MESU2,57109,5.45,5.45,2.75,2.75,10
2022-04-26,MESU2,10039,4291.25,4309.25,4141.0,4181.0,1903
2022-04-26,MESZ2,10299,4311.75,4311.75,4155.0,4188.25,26
2022-04-27,MESH3,2080,4210.0,4210.0,4210.0,4210.0,2
2022-04-27,MESM2,13615,4173.5,4236.25,4156.75,4212.75,1675196
2022-04-27,MESM2-MESU2,57109,2.75,4.25,2.75,4.1,29
2022-04-27,MESU2,10039,4179.0,4240.0,4160.0,4217.75,2072
2022-04-27,MESZ2,10299,4213.25,4250.0,4185.0,4230.0,35
2022-04-28,MESH3,2080,4320.0,4330.0,4320.0,4328.25,6
2022-04-28,MESM2,13615,4212.75,4303.5,4182.5,4245.5,1300992
2022-04-28,MESM2-MESU2,57109,4.9,5.05,4.9,4.95,504
2022-04-28,MESU2,10039,4216.5,4308.0,4188.0,4251.0,2088
2022-04-28,MESZ2,10299,4250.0,4314.0,4250.0,4314.0,17
2022-04-29,MESH3,2080,4210.0,4210.0,4205.0,4210.0,4
2022-04-29,MESM2,13615,4245.75,4279.75,4118.75,4136.75,1199614
2022-04-29,MESM2-MESU2,57109,5.0,5.0,4.1,5.0,33
2022-04-29,MESU2,10039,4251.0,4284.5,4123.5,4141.75,2035
2022-04-29,MESZ2,10299,4252.0,4279.5,4148.0,4148.25,13
2022-05-01,MESM2,13615,4143.75,4147.75,4116.5,4132.0,54755
2022-05-01,MESU2,10039,4143.5,4151.5,4123.5,4136.5,309
2022-05-01,MESZ2,10299,4138.0,4138.0,4138.0,4138.0,1
2022-05-02,MESH3,2080,4150.0,4159.75,4150.0,4159.75,2
2022-05-02,MESM2,13615,4131.75,4165.75,4056.0,4148.5,1618737
2022-05-02,MESM2-MESU2,57109,4.7,4.7,3.95,4.4,16
2022-05-02,MESU2,10039,4136.5,4170.5,4059.0,4148.75,3184
2022-05-02,MESZ2,10299,4152.25,4175.0,4110.0,4169.0,17
2022-05-03,MESM2,13615,4148.5,4195.5,4128.0,4176.25,1207176
2022-05-03,MESU2,10039,4155.0,4200.0,4134.0,4183.5,1590
2022-05-03,MESZ2,10299,4148.0,4200.0,4148.0,4200.0,6
2022-05-04,MESH3,2080,4290.0,4300.0,4290.0,4300.0,3
2022-05-04,MESM2,13615,4176.25,4303.0,4142.75,4287.25,1064676
2022-05-04,MESM2-MESU2,57109,4.0,4.0,2.5,2.5,4
2022-05-04,MESU2,10039,4179.0,4306.5,4147.5,4292.5,1911
2022-05-04,MESZ2,10299,4201.0,4311.0,4196.0,4300.0,25
2022-05-05,MESM2,13615,4287.75,4300.75,4099.25,4147.75,2044367
2022-05-05,MESM2-MESU2,57109,4.5,4.5,3.7,3.7,26
2022-05-05,MESU2,10039,4291.0,4303.5,4103.0,4151.5,3202
2022-05-05,MESZ2,10299,4308.5,4315.75,4118.25,4158.0,61
2022-05-06,MESM2,13615,4148.0,4153.25,4062.0,4112.0,2033129
2022-05-06,MESM2-MESU2,57109,3.7,3.7,3.7,3.7,1
2022-05-06,MESU2,10039,4152.75,4156.5,4067.0,4115.0,3519
2022-05-06,MESZ2,10299,4150.0,4153.25,4078.5,4150.0,68
2022-05-08,MESM2,13615,4087.5,4098.75,4074.75,4080.0,35614
2022-05-08,MESU2,10039,4094.0,4101.75,4078.5,4083.25,191
2022-05-09,MESH3,2080,4050.0,4050.0,4050.0,4050.0,1
2022-05-09,MESM2,13615,4079.75,4093.5,3970.25,3999.25,1606807
2022-05-09,MESM2-MESU2,57109,3.25,3.35,2.95,2.95,40
2022-05-09,MESU2,10039,4085.0,4096.5,3972.0,4002.75,4367
2022-05-09,MESZ2,10299,4080.75,4103.75,3988.0,4007.0,56
2022-05-10,MESM2,13615,3999.25,4065.5,3952.5,3991.75,1985032
2022-05-10,MESM2-MESU2,57109,3.0,3.2,2.85,2.85,53
2022-05-10,MESU2,10039,3999.0,4068.0,3955.5,3990.0,3148
2022-05-10,MESZ2,10299,3995.0,4074.75,3974.0,4036.75,56
2022-05-11,MESH3,2080,3960.0,3960.0,3960.0,3960.0,2
2022-05-11,MESM2,13615,3991.75,4050.5,3923.75,3942.75,1875746
2022-05-11,MESM2-MESU2,57109,3.75,3.75,2.95,3.05,158
2022-05-11,MESU2,10039,3998.0,4052.75,3927.5,3942.5,4255
2022-05-11,MESZ2,10299,4010.0,4060.75,3947.0,3960.0,40
2022-05-12,MESM2,13615,3942.75,3961.75,3855.0,3942.0,2033260
2022-05-12,MESM2-MESU2,57109,3.2,3.2,2.3,2.3,43
2022-05-12,MESU2,10039,3940.0,3963.0,3855.5,3945.0,4522
2022-05-12,MESZ2,10299,3927.25,3955.0,3871.5,3950.0,37
2022-05-13,MESH3,2080,4015.0,4015.0,4015.0,4015.0,1
2022-05-13,MESM2,13615,3941.75,4036.0,3937.5,4014.25,1252329
2022-05-13,MESM2-MESU2,57109,2.55,3.15,2.55,3.05,53
2022-05-13,MESU2,10039,3941.0,4039.0,3940.5,4017.5,2809
2022-05-13,MESZ2,10299,3949.0,4050.0,3949.0,4044.0,41
2022-05-15,MESM2,13615,4025.5,4041.75,4018.5,4035.5,28666
2022-05-15,MESM2-MESU2,57109,2.95,2.95,2.95,2.95,6
2022-05-15,MESU2,10039,4027.75,4044.5,4022.25,4040.0,156
2022-05-15,MESZ2,10299,4047.0,4047.0,4047.0,4047.0,1
2022-05-16,MESH3,2080,4048.75,4048.75,4045.0,4045.0,2
2022-05-16,MESM2,13615,4035.5,4043.5,3979.25,4008.75,1371443
2022-05-16,MESM2-MESU2,57109,3.2,3.2,2.9,2.9,108
2022-05-16,MESU2,10039,4037.25,4047.0,3983.0,4009.0,3356
2022-05-16,MESZ2,10299,4047.0,4047.0,4000.0,4020.0,21
2022-05-17,MESM2,13615,4008.5,4095.0,4003.5,4085.5,1170409
2022-05-17,MESM2-MESU2,57109,2.95,3.5,2.95,3.5,13
2022-05-17,MESU2,10039,4008.0,4100.0,4008.0,4089.25,3746
2022-05-17,MESZ2,10299,4030.0,4100.0,4030.0,4100.0,25
2022-05-18,MESM2,13615,4085.5,4089.0,3897.75,3898.25,1392791
2022-05-18,MESM2-MESU2,57109,3.3,3.3,2.6,2.75,74
2022-05-18,MESU2,10039,4089.25,4093.25,3900.25,3901.5,3637
2022-05-18,MESZ2,10299,4100.0,4100.0,3929.0,3929.0,34
2022-05-19,MESM2,13615,3898.25,3943.75,3856.0,3908.0,1780251
2022-05-19,MESM2-MESU2,57109,2.5,2.55,2.5,2.5,27
2022-05-19,MESU2,10039,3900.0,3946.0,3860.0,3911.0,5973
2022-05-19,MESZ2,10299,3924.75,3953.75,3877.5,3918.75,60
2022-05-20,MESM2,13615,3908.5,3949.5,3807.5,3903.25,1734881
2022-05-20,MESM2-MESU2,57109,2.7,2.75,2.1,2.35,113
2022-05-20,MESU2,10039,3914.0,3951.0,3810.0,3903.5,5006
2022-05-20,MESZ2,10299,3940.0,3961.5,3830.0,3915.0,70
2022-05-22,MESM2,13615,3909.5,3937.75,3909.0,3935.75,32721
2022-05-22,MESM2-MESU2,57109,2.2,2.25,2.2,2.25,16
2022-05-22,MESU2,10039,3910.0,3940.0,3910.0,3937.5,256
2022-05-22,MESZ2,10299,3944.0,3950.0,3944.0,3950.0,8
2022-05-23,MESH3,2080,3970.5,3970.5,3970.5,3970.5,1
2022-05-23,MESM2,13615,3935.5,3982.5,3906.25,3947.5,1504796
2022-05-23,MESM2-MESU2,57109,2.25,2.7,2.25,2.7,21
2022-05-23,MESU2,10039,3939.25,3984.0,3909.0,3950.75,5114
2022-05-23,MESZ2,10299,3955.0,3996.0,3920.0,3959.25,182
2022-05-24,MESH3,2080,3970.5,3970.5,3970.5,3970.5,1
2022-05-24,MESM2,13615,3947.5,3963.75,3871.75,3958.75,1544812
2022-05-24,MESM2-MESU2,57109,2.05,2.6,2.0,2.25,584
2022-05-24,MESU2,10039,3945.75,3965.75,3875.0,3960.25,5624
2022-05-24,MESZ2,10299,3952.5,3975.0,3892.0,3975.0,72
2022-05-25,MESH3,2080,4003.0,4003.0,4003.0,4003.0,1
2022-05-25,MESM2,13615,3958.5,3997.75,3913.5,3969.75,1463908
2022-05-25,MESM2-MESU2,57109,2.2,2.45,2.05,2.05,16
2022-05-25,MESU2,10039,3958.5,4000.5,3916.0,3972.0,3600
2022-05-25,MESZ2,10299,3980.0,4008.75,3930.0,3989.5,69
2022-05-26,MESH3,2080,4003.0,4100.0,4003.0,4100.0,3
2022-05-26,MESM2,13615,3969.5,4073.25,3960.5,4056.75,1082781
2022-05-26,MESM2-MESU2,57109,2.3,2.85,2.3,2.7,25
2022-05-26,MESU2,10039,3974.75,4075.75,3964.0,4060.0,3298
2022-05-26,MESZ2,10299,4000.0,4088.5,3970.0,4063.75,91
2022-05-27,MESM2,13615,4056.75,4168.25,4041.5,4167.75,1062524
2022-05-27,MESM2-MESU2,57109,2.6,3.0,2.55,2.55,187
2022-05-27,MESU2,10039,4061.0,4171.75,4044.0,4170.5,4329
2022-05-27,MESZ2,10299,4063.75,4181.25,4063.75,4181.25,102
2022-05-29,MESM2,13615,4164.75,4173.25,4157.5,4167.5,14653
2022-05-29,MESM2-MESU2,57109,2.6,2.6,2.6,2.6,5
2022-05-29,MESU2,10039,4167.75,4176.75,4160.0,4170.0,352
2022-05-29,MESZ2,10299,4176.5,4176.5,4176.5,4176.5,1
2022-05-30,MESM2,13615,4167.5,4202.25,4161.5,4177.75,195356
2022-05-30,MESM2-MESU2,57109,3.1,3.1,2.5,2.65,36
2022-05-30,MESU2,10039,4167.0,4205.0,4165.0,4180.5,1570
2022-05-30,MESZ2,10299,4191.75,4217.75,4185.5,4189.5,20
2022-05-31,MESM2,13615,4177.75,4179.25,4102.75,4148.0,1636396
2022-05-31,MESM2-MESU2,57109,3.0,3.3,2.9,3.15,80
2022-05-31,MESU2,10039,4179.0,4182.5,4105.75,4151.25,5779
2022-05-31,MESZ2,10299,4169.0,4182.0,4125.0,4141.75,59
2022-06-01,MESH3,2080,4170.0,4170.0,4170.0,4170.0,1
2022-06-01,MESM2,13615,4148.25,4165.0,4071.5,4087.5,1481365
2022-06-01,MESM2-MESU2,57109,3.0,3.0,2.25,2.4,23
2022-06-01,MESU2,10039,4153.5,4168.0,4074.75,4090.75,6255
2022-06-01,MESZ2,10299,4173.5,4173.5,4090.0,4117.75,34
2022-06-02,MESH3,2080,4170.0,4170.0,4170.0,4170.0,1
2022-06-02,MESM2,13615,4087.5,4189.0,4072.0,4181.75,1329376
2022-06-02,MESM2-MESU2,57109,2.65,2.75,2.5,2.7,50
2022-06-02,MESU2,10039,4090.0,4191.25,4074.75,4184.25,7230
2022-06-02,MESZ2,10299,4115.0,4200.0,4096.0,4192.5,81
2022-06-03,MESH3,2080,4205.0,4210.0,4205.0,4210.0,3
2022-06-03,MESM2,13615,4181.75,4184.25,4096.75,4107.5,1384864
2022-06-03,MESM2-MESU2,57109,2.55,2.55,2.3,2.5,76
2022-06-03,MESU2,10039,4182.75,4187.0,4099.0,4111.5,4938
2022-06-03,MESU2-MESZ2,134061,12.0,12.0,12.0,12.0,1
2022-06-03,MESZ2,10299,4190.25,4196.0,4115.0,4130.0,50
2022-06-05,MESM2,13615,4110.25,4116.75,4104.25,4108.75,16053
2022-06-05,MESM2-MESU2,57109,2.5,2.6,2.5,2.6,7
2022-06-05,MESU2,10039,4112.25,4119.5,4107.75,4112.0,249
2022-06-05,MESZ2,10299,4123.0,4123.0,4120.0,4120.0,2
2022-06-06,MESH3,2080,4200.0,4200.0,4200.0,4200.0,1
2022-06-06,MESM2,13615,4108.25,4168.25,4104.5,4121.25,1244886
2022-06-06,MESM2-MESU2,57109,2.35,2.5,2.3,2.4,45
2022-06-06,MESU2,10039,4109.75,4170.75,4107.25,4125.5,6359
2022-06-06,MESZ2,10299,4132.0,4172.0,4125.0,4132.0,30
2022-06-07,MESM2,13615,4121.25,4164.25,4075.75,4147.0,1128598
2022-06-07,MESM2-MESU2,57109,2.35,2.5,2.1,2.25,229
2022-06-07,MESU2,10039,4122.25,4166.0,4078.0,4149.0,10753
2022-06-07,MESU2-MESZ2,134061,12.5,12.5,12.5,12.5,1
2022-06-07,MESZ2,10299,4122.25,4178.0,4100.0,4166.0,56
2022-06-08,MESM2,13615,4147.0,4159.75,4105.0,4118.5,1125648
2022-06-08,MESM2-MESU2,57109,2.2,2.2,1.8,1.85,204
2022-06-08,MESM2-MESZ2,134825,13.0,15.0,13.0,15.0,2
2022-06-08,MESU2,10039,4150.0,4161.5,4107.5,4119.0,11214
2022-06-08,MESZ2,10299,4167.5,4173.0,4120.0,4138.75,58
2022-06-09,MESM2,13615,4118.5,4144.0,4014.75,4022.0,1473867
2022-06-09,MESM2-MESU2,57109,2.0,2.0,1.15,1.3,4385
2022-06-09,MESU2,10039,4120.75,4145.5,4015.5,4023.25,82031
2022-06-09,MESZ2,10299,4145.5,4152.5,4029.5,4038.25,87
2022-06-10,MESH3,2080,4040.0,4040.0,4000.25,4000.25,7
2022-06-10,MESM2,13615,4022.0,4029.25,3895.0,3905.25,852194
2022-06-10,MESM2-MESU2,57109,1.3,1.55,0.65,1.5,11796
2022-06-10,MESM2-MESZ2,134825,14.0,14.0,14.0,14.0,13
2022-06-10,MESU2,10039,4023.25,4030.5,3896.5,3906.5,939584
2022-06-10,MESU2-MESZ2,134061,11.4,11.4,11.4,11.4,1
2022-06-10,MESZ2,10299,4030.0,4037.5,3911.0,3927.25,263
2022-06-12,MESM2,13615,3881.25,3881.25,3859.0,3862.0,13311
2022-06-12,MESM2-MESU2,57109,2.0,2.0,1.2,1.2,111
2022-06-12,MESU2,10039,3877.5,3880.0,3860.0,3863.0,30257
2022-06-12,MESZ2,10299,3896.75,3896.75,3872.5,3879.0,16
2022-06-13,MESH3,2080,3858.0,3858.0,3790.0,3800.0,3
2022-06-13,MESM2,13615,3861.75,3863.0,3732.5,3760.5,636058
2022-06-13,MESM2-MESU2,57109,1.2,3.05,-0.4,2.45,22688
2022-06-13,MESM2-MESZ2,134825,14.0,15.0,14.0,15.0,11
2022-06-13,MESU2,10039,3862.75,3864.25,3735.25,3762.75,1545453
2022-06-13,MESU2-MESZ2,134061,13.0,14.0,13.0,14.0,11
2022-06-13,MESZ2,10299,3870.0,3870.0,3750.0,3784.0,395
2022-06-14,MESH3,2080,3750.0,3750.0,3750.0,3750.0,1
2022-06-14,MESM2,13615,3760.5,3805.0,3705.25,3756.5,413295
2022-06-14,MESM2-MESU2,57109,2.35,3.85,1.85,3.5,7321
2022-06-14,MESM2-MESZ2,134825,17.0,17.0,17.0,17.0,1
2022-06-14,MESU2,10039,3762.75,3807.5,3708.75,3759.75,1375679
2022-06-14,MESU2-MESZ2,134061,15.0,15.0,15.0,15.0,3
2022-06-14,MESZ2,10299,3775.0,3817.0,3725.75,3770.0,258
2022-06-15,MESH3,2080,3825.0,3825.0,3825.0,3825.0,2
2022-06-15,MESM2,13615,3756.25,3838.75,3720.0,3816.75,278355
2022-06-15,MESM2-MESU2,57109,3.45,4.25,3.0,3.95,10980
2022-06-15,MESM2-MESZ2,134825,18.5,18.5,18.5,18.5,2
2022-06-15,MESU2,10039,3759.75,3843.0,3723.25,3821.0,1310147
2022-06-15,MESU2-MESZ2,134061,15.25,16.0,15.25,16.0,6
2022-06-15,MESZ2,10299,3773.75,3855.25,3743.0,3835.0,431
2022-06-16,MESH3,2080,3725.0,3725.0,3725.0,3725.0,1
2022-06-16,MESM2,13615,3816.5,3828.75,3638.75,3674.5,225609
2022-06-16,MESM2-MESU2,57109,4.25,4.55,2.45,3.2,1728
2022-06-16,MESM2-MESZ2,134825,21.25,21.25,19.5,19.5,8
2022-06-16,MESU2,10039,3820.75,3833.25,3641.75,3677.25,1407973
2022-06-16,MESU2-MESZ2,134061,15.0,15.0,14.0,15.0,36
2022-06-16,MESZ2,10299,3835.5,3846.25,3658.5,3694.25,895
2022-06-17,MESH3,2080,3729.0,3729.0,3729.0,3729.0,1
2022-06-17,MESM2,13615,3674.75,3710.5,3665.25,3671.25,11028
2022-06-17,MESM2-MESU2,57109,3.2,4.9,2.3,3.85,965
2022-06-17,MESM2-MESZ2,134825,19.5,19.5,19.5,19.5,1
2022-06-17,MESU2,10039,3677.5,3713.25,3639.0,3682.75,1356483
2022-06-17,MESU2-MESZ2,134061,15.1,15.1,13.55,15.05,74
2022-06-17,MESZ2,10299,3685.0,3729.75,3655.0,3698.0,1021
2022-06-19,MESU2,10039,3683.75,3708.5,3681.25,3705.25,22248
2022-06-19,MESZ2,10299,3696.0,3722.0,3696.0,3722.0,63
2022-06-20,MESH3,2080,3755.0,3755.0,3755.0,3755.0,1
2022-06-20,MESU2,10039,3705.25,3724.75,3662.0,3716.75,248407
2022-06-20,MESZ2,10299,3719.5,3740.0,3679.0,3733.75,255
2022-06-21,MESH3,2080,3771.0,3820.0,3771.0,3820.0,7
2022-06-21,MESU2,10039,3716.75,3783.75,3712.75,3764.5,1010986
2022-06-21,MESU2-MESZ2,134061,15.1,15.15,15.1,15.15,3
2022-06-21,MESZ2,10299,3726.75,3799.75,3726.75,3781.0,646
2022-06-22,MESH3,2080,3755.0,3838.75,3738.0,3804.0,17
2022-06-22,MESU2,10039,3764.75,3805.5,3693.25,3744.25,1391338
2022-06-22,MESU2-MESZ2,134061,15.4,15.4,15.25,15.3,4
2022-06-22,MESZ2,10299,3775.25,3820.0,3708.75,3755.0,1281
2022-06-23,MESH3,2080,3803.75,3840.0,3788.75,3823.25,11
2022-06-23,MESU2,10039,3744.25,3806.0,3735.0,3784.75,1180478
2022-06-23,MESU2-MESZ2,134061,15.2,15.2,15.2,15.2,5
2022-06-23,MESZ2,10299,3759.25,3820.5,3750.0,3800.75,1205
2022-06-24,MESH3,2080,3835.5,3938.0,3835.5,3938.0,18
2022-06-24,MESU2,10039,3784.75,3919.5,3781.25,3916.0,811585
2022-06-24,MESU2-MESZ2,134061,15.7,15.7,14.45,15.35,33
2022-06-24,MESZ2,10299,3798.0,3932.0,3798.0,3924.75,1017
2022-06-26,MESU2,10039,3915.5,3922.75,3899.0,3900.0,30455
2022-06-26,MESZ2,10299,3935.0,3935.0,3913.75,3913.75,60
2022-06-27,MESH3,2080,3979.0,3980.25,3932.25,3947.5,7
2022-06-27,MESU2,10039,3899.75,3948.0,3892.5,3909.75,1069874
2022-06-27,MESU2-MESZ2,134061,15.7,15.7,15.7,15.7,1
2022-06-27,MESZ2,10299,3913.75,3963.25,3908.5,3923.0,777
2022-06-28,MESH3,2080,3947.75,3980.25,3869.25,3871.5,31
2022-06-28,MESU2,10039,3909.5,3950.75,3821.5,3829.5,1174071
2022-06-28,MESZ2,10299,3930.0,3965.25,3836.25,3847.5,1228
2022-06-29,MESH3,2080,3855.0,3855.0,3855.0,3855.0,2
2022-06-29,MESU2,10039,3829.25,3840.75,3801.25,3817.25,1239933
2022-06-29,MESU2-MESZ2,134061,15.2,15.2,15.2,15.2,1
2022-06-29,MESZ2,10299,3848.25,3856.25,3817.25,3838.0,833
2022-06-30,MESH3,2080,3806.75,3855.0,3785.0,3810.0,27
2022-06-30,MESU2,10039,3817.0,3822.75,3741.0,3790.25,1588648
2022-06-30,MESU2-MESZ2,134061,14.9,15.0,14.55,14.55,21
2022-06-30,MESZ2,10299,3827.25,3836.0,3755.5,3804.75,1693
2022-07-01,MESH3,2080,3802.75,3865.0,3790.0,3865.0,18
2022-07-01,MESU2,10039,3790.0,3833.25,3744.5,3825.0,1300598
2022-07-01,MESU2-MESZ2,134061,14.0,14.2,13.25,14.15,31
2022-07-01,MESZ2,10299,3805.25,3848.25,3760.0,3841.5,1382
2022-07-03,MESU2,10039,3828.25,3828.75,3809.25,3811.75,13859
2022-07-03,MESU2-MESZ2,134061,14.8,14.8,14.7,14.7,4
2022-07-03,MESZ2,10299,3837.75,3839.25,3824.5,3824.5,42
2022-07-04,MESH3,2080,3842.5,3885.0,3842.5,3885.0,8
2022-07-04,MESU2,10039,3811.5,3857.25,3793.0,3847.0,183535
2022-07-04,MESZ2,10299,3823.25,3869.0,3808.0,3859.0,339
2022-07-05,MESH3,2080,3843.0,3865.0,3780.0,3865.0,16
2022-07-05,MESU2,10039,3846.75,3850.75,3743.75,3825.5,1288177
2022-07-05,MESU2-MESZ2,134061,14.3,14.3,13.35,13.35,11
2022-07-05,MESZ2,10299,3858.25,3863.5,3757.0,3843.25,1104
2022-07-06,MESH3,2080,3880.0,3895.0,3847.75,3895.0,13
2022-07-06,MESU2,10039,3825.5,3875.0,3808.75,3852.0,1280516
2022-07-06,MESU2-MESZ2,134061,13.75,13.75,13.75,13.75,1
2022-07-06,MESZ2,10299,3846.75,3890.5,3824.25,3866.0,1165
2022-07-07,MESH3,2080,3902.0,3933.75,3902.0,3930.0,8
2022-07-07,MESU2,10039,3852.0,3914.25,3832.5,3897.0,885013
2022-07-07,MESU2-MESZ2,134061,14.85,15.1,14.85,15.1,6
2022-07-07,MESZ2,10299,3855.5,3929.0,3847.75,3913.0,789
2022-07-08,MESH3,2080,3930.0,3955.5,3920.0,3955.5,13
2022-07-08,MESU2,10039,3897.0,3922.0,3868.0,3904.75,1019139
2022-07-08,MESU2-MESZ2,134061,15.65,15.9,15.55,15.9,13
2022-07-08,MESZ2,10299,3909.0,3937.0,3884.25,3921.25,974
2022-07-10,MESU2,10039,3900.25,3901.0,3888.75,3896.5,21984
2022-07-10,MESZ2,10299,3915.0,3915.0,3904.25,3912.25,34
2022-07-11,MESH3,2080,3922.25,3922.25,3897.0,3897.0,7
2022-07-11,MESU2,10039,3896.75,3897.25,3849.75,3863.5,1049710
2022-07-11,MESU2-MESZ2,134061,15.25,15.8,15.25,15.8,2
2022-07-11,MESZ2,10299,3909.5,3909.75,3866.0,3879.75,768
2022-07-12,MESH3,2080,3840.5,3850.0,3840.5,3850.0,53
2022-07-12,MESU2,10039,3863.25,3876.5,3804.5,3822.0,1170104
2022-07-12,MESZ2,10299,3880.0,3890.25,3813.0,3839.75,877
2022-07-13,MESH3,2080,3895.0,3895.0,3805.0,3850.0,7
2022-07-13,MESU2,10039,3822.0,3869.25,3752.0,3778.75,1560319
2022-07-13,MESU2-MESZ2,134061,15.35,17.95,15.35,17.3,65
2022-07-13,MESZ2,10299,3841.0,3885.5,3768.0,3798.5,1558
2022-07-14,MESH3,2080,3797.0,3797.0,3780.0,3780.0,2
2022-07-14,MESU2,10039,3778.75,3811.75,3723.75,3810.5,1387875
2022-07-14,MESU2-MESZ2,134061,17.5,17.7,16.95,16.95,24
2022-07-14,MESZ2,10299,3795.0,3827.0,3741.25,3827.0,1281
2022-07-15,MESH3,2080,3886.75,3900.25,3866.0,3893.5,7
2022-07-15,MESU2,10039,3810.5,3868.5,3780.5,3866.5,993265
2022-07-15,MESU2-MESZ2,134061,18.0,18.1,16.55,16.65,50
2022-07-15,MESZ2,10299,3827.0,3884.75,3798.75,3880.5,1052
2022-07-17,MESH3,2080,3920.0,3920.0,3917.5,3917.5,2
2022-07-17,MESU2,10039,3878.5,3882.0,3868.25,3874.5,20315
2022-07-17,MESZ2,10299,3891.25,3895.0,3886.0,3891.5,48
2022-07-18,MESH3,2080,3944.75,3944.75,3915.0,3915.0,6
2022-07-18,MESU2,10039,3874.25,3909.5,3820.0,3844.0,1145492
2022-07-18,MESU2-MESZ2,134061,16.55,16.7,16.55,16.7,8
2022-07-18,MESZ2,10299,3891.5,3925.25,3838.0,3860.0,1018
2022-07-19,MESH3,2080,3939.0,3989.5,3939.0,3989.5,21
2022-07-19,MESU2,10039,3844.25,3948.75,3834.25,3943.75,1217435
2022-07-19,MESU2-MESZ2,134061,17.1,17.1,17.1,17.1,39
2022-07-19,MESZ2,10299,3857.75,3967.0,3852.0,3961.25,1353
2022-07-20,MESH3,2080,4004.0,4020.0,3972.75,3997.0,27
2022-07-20,MESU2,10039,3943.5,3977.5,3922.5,3956.5,1405957
2022-07-20,MESU2-MESZ2,134061,16.25,17.5,16.25,17.5,24
2022-07-20,MESZ2,10299,3961.75,3995.0,3939.25,3977.0,1182
2022-07-21,MESH3,2080,4004.0,4045.0,3996.25,4045.0,9
2022-07-21,MESU2,10039,3956.5,4004.75,3930.25,3984.25,1513675
2022-07-21,MESU2-MESZ2,134061,17.3,18.05,17.3,17.65,39
2022-07-21,MESU3,2922,4060.5,4060.5,4060.5,4060.5,1
2022-07-21,MESZ2,10299,3971.75,4021.75,3949.5,4002.25,1220
2022-07-22,MESH3,2080,4025.0,4025.0,3988.0,3988.0,10
2022-07-22,MESU2,10039,3984.25,4016.25,3941.5,3962.5,1511926
2022-07-22,MESU2-MESZ2,134061,16.6,16.6,16.45,16.45,7
2022-07-22,MESU3,2922,4053.0,4053.0,4053.0,4053.0,1
2022-07-22,MESZ2,10299,3998.25,4032.75,3958.0,3980.0,1171
2022-07-24,MESU2,10039,3967.25,3969.0,3954.5,3956.75,19130
2022-07-24,MESZ2,10299,3983.0,3983.0,3973.0,3979.0,21
2022-07-25,MESH3,2080,4002.0,4018.0,3997.0,3998.0,4
2022-07-25,MESU2,10039,3957.0,3988.75,3946.25,3956.25,1222955
2022-07-25,MESU2-MESZ2,134061,16.8,16.9,15.25,16.8,5
2022-07-25,MESZ2,10299,3981.0,4005.0,3963.75,3972.25,1033
2022-07-26,MESH3,2080,4000.0,4000.0,3961.0,3991.0,7
2022-07-26,MESU2,10039,3956.25,3964.5,3913.25,3954.0,1219331
2022-07-26,MESZ2,10299,3973.75,3979.0,3929.75,3969.25,961
2022-07-27,MESH3,2080,4000.0,4080.0,3998.0,4080.0,22
2022-07-27,MESU2,10039,3954.0,4042.75,3947.25,4019.25,1133712
2022-07-27,MESU2-MESZ2,134061,16.7,16.7,15.35,15.35,7
2022-07-27,MESZ2,10299,3968.0,4058.75,3965.0,4033.25,1607
2022-07-28,MESH3,2080,4060.0,4143.75,4055.0,4136.0,11
2022-07-28,MESU2,10039,4019.25,4111.0,3994.5,4095.5,1428537
2022-07-28,MESU2-MESZ2,134061,16.3,17.0,15.25,17.0,27
2022-07-28,MESZ2,10299,4032.0,4128.0,4011.5,4112.5,1591
2022-07-29,MESH3,2080,4160.75,4181.75,4150.75,4181.75,20
2022-07-29,MESU2,10039,4095.5,4144.0,4081.0,4132.5,1269526
2022-07-29,MESU2-MESZ2,134061,16.5,16.9,16.5,16.9,13
2022-07-29,MESZ2,10299,4111.0,4160.0,4099.5,4150.5,1211
2022-07-31,MESH3,2080,4157.5,4157.5,4155.25,4155.25,2
2022-07-31,MESU2,10039,4136.25,4139.0,4113.75,4117.0,26613
2022-07-31,MESZ2,10299,4150.25,4150.25,4130.5,4133.75,112
2022-08-01,MESH3,2080,4165.75,4180.5,4150.0,4180.5,7
2022-08-01,MESM3,9270,4185.0,4185.0,4185.0,4185.0,1
2022-08-01,MESU2,10039,4117.0,4147.25,4097.0,4113.75,1473701
2022-08-01,MESU2-MESZ2,134061,16.7,17.5,15.5,15.5,4
2022-08-01,MESZ2,10299,4132.0,4164.75,4114.25,4132.25,1158
2022-08-02,MESH3,2080,4137.0,4182.5,4129.0,4138.5,16
2022-08-02,MESU2,10039,4113.75,4142.75,4080.5,4093.5,1340876
2022-08-02,MESU2-MESZ2,134061,16.85,17.45,16.85,17.45,27
2022-08-02,MESZ2,10299,4130.0,4160.0,4097.25,4111.0,1185
2022-08-03,MESH3,2080,4154.0,4209.0,4152.75,4201.0,24
2022-08-03,MESM3,9270,4217.5,4217.5,4217.5,4217.5,1
2022-08-03,MESU2,10039,4093.25,4170.0,4084.25,4150.0,1214557
2022-08-03,MESU2-MESZ2,134061,17.5,18.0,15.7,17.7,67
2022-08-03,MESZ2,10299,4112.0,4187.5,4101.75,4169.0,1506
2022-08-03,MESZ2-MESH3,84377,26.0,26.6,26.0,26.6,10
2022-08-04,MESH3,2080,4212.0,4212.0,4190.0,4190.0,5
2022-08-04,MESU2,10039,4150.0,4173.25,4136.0,4153.5,1077368
2022-08-04,MESU2-MESZ2,134061,17.7,17.8,17.65,17.8,31
2022-08-04,MESZ2,10299,4167.25,4190.75,4154.0,4171.75,1123
2022-08-05,MESH3,2080,4203.75,4203.75,4150.0,4185.75,13
2022-08-05,MESM3,9270,4185.0,4185.0,4185.0,4185.0,1
2022-08-05,MESU2,10039,4153.75,4166.25,4103.5,4142.0,1219227
2022-08-05,MESU2-MESZ2,134061,17.9,18.65,17.9,18.25,20
2022-08-05,MESZ2,10299,4174.0,4183.0,4123.0,4159.75,1324
2022-08-05,MESZ2-MESH3,84377,26.95,26.95,26.95,26.95,5
2022-08-07,MESU2,10039,4149.0,4151.0,4130.75,4133.25,20823
2022-08-07,MESU2-MESZ2,134061,18.6,18.6,18.55,18.55,5
2022-08-07,MESZ2,10299,4168.5,4168.5,4150.0,4152.25,113
2022-08-08,MESH3,2080,4220.0,4234.0,4178.75,4188.0,30
2022-08-08,MESM3,9270,4250.0,4250.0,4205.0,4205.0,2
2022-08-08,MESU2,10039,4133.25,4188.0,4129.5,4152.75,1227250
2022-08-08,MESU2-MESZ2,134061,18.45,18.6,17.55,17.55,12
2022-08-08,MESZ2,10299,4152.25,4206.0,4146.75,4171.0,1567
2022-08-08,MESZ2-MESH3,84377,28.05,28.05,28.05,28.05,2
2022-08-09,MESH3,2080,4190.0,4191.0,4162.0,4162.0,23
2022-08-09,MESU2,10039,4152.5,4154.5,4113.0,4129.0,999743
2022-08-09,MESZ2,10299,4171.5,4172.5,4130.5,4146.0,931
2022-08-10,MESH3,2080,4169.0,4257.0,4169.0,4257.0,22
2022-08-10,MESM3,9270,4280.0,4280.0,4280.0,4280.0,2
2022-08-10,MESU2,10039,4129.0,4213.75,4113.75,4212.25,1158023
2022-08-10,MESU2-MESZ2,134061,18.5,18.9,17.2,17.75,55
2022-08-10,MESZ2,10299,4144.0,4233.25,4132.0,4230.0,2304
2022-08-11,MESH3,2080,4267.5,4303.5,4247.5,4247.5,31
2022-08-11,MESU2,10039,4212.25,4260.5,4202.75,4214.75,1250897
2022-08-11,MESU2-MESZ2,134061,17.8,17.85,17.35,17.8,31
2022-08-11,MESZ2,10299,4229.0,4278.75,4221.0,4232.0,2126
2022-08-12,MESH3,2080,4279.0,4324.25,4271.0,4324.25,15
2022-08-12,MESM3,9270,4341.5,4350.0,4341.5,4350.0,4
2022-08-12,MESU2,10039,4215.0,4282.75,4208.25,4281.0,833699
2022-08-12,MESU2-MESZ2,134061,17.45,18.3,17.45,18.25,35
2022-08-12,MESZ2,10299,4237.25,4301.25,4226.5,4301.25,3140
2022-08-12,MESZ2-MESH3,84377,28.0,28.0,28.0,28.0,1
2022-08-14,MESU2,10039,4277.0,4278.5,4268.5,4269.0,15946
2022-08-14,MESZ2,10299,4298.0,4298.0,4287.5,4287.5,76
2022-08-15,MESH3,2080,4319.0,4350.0,4313.5,4350.0,22
2022-08-15,MESM3,9270,4350.0,4350.0,4350.0,4350.0,1
2022-08-15,MESU2,10039,4269.25,4304.5,4249.0,4294.75,822639
2022-08-15,MESU2-MESZ2,134061,18.25,18.3,17.95,18.3,33
2022-08-15,MESZ2,10299,4290.0,4322.25,4267.0,4315.0,1887
2022-08-16,MESH3,2080,4339.25,4368.0,4327.0,4360.0,26
2022-08-16,MESU2,10039,4294.75,4327.5,4278.75,4307.25,1066703
2022-08-16,MESU2-MESZ2,134061,18.3,18.35,18.3,18.35,24
2022-08-16,MESZ2,10299,4312.5,4345.75,4297.25,4324.75,2182
2022-08-17,MESH3,2080,4340.0,4346.0,4300.25,4316.25,30
2022-08-17,MESU2,10039,4307.5,4315.0,4255.0,4269.5,1160353
2022-08-17,MESU2-MESZ2,134061,18.5,18.65,18.3,18.35,24
2022-08-17,MESZ2,10299,4327.0,4332.75,4274.25,4288.25,2578
2022-08-18,MESH3,2080,4313.5,4336.75,4313.5,4331.0,30
2022-08-18,MESM3,9270,4352.5,4352.5,4340.25,4340.25,2
2022-08-18,MESU2,10039,4269.5,4295.5,4258.25,4286.25,920396
2022-08-18,MESU2-MESZ2,134061,18.15,18.35,18.0,18.2,208
2022-08-18,MESU3,2922,4379.0,4379.0,4379.0,4379.0,1
2022-08-18,MESZ2,10299,4286.5,4313.75,4276.75,4303.0,1582
2022-08-19,MESH3,2080,4331.25,4334.25,4266.0,4270.25,35
2022-08-19,MESM3,9270,4320.0,4320.0,4320.0,4320.0,1
2022-08-19,MESU2,10039,4286.25,4288.0,4220.75,4228.25,1068139
2022-08-19,MESU2-MESZ2,134061,18.1,18.15,18.0,18.1,14
2022-08-19,MESZ2,10299,4303.25,4304.0,4238.75,4245.25,2174
2022-08-21,MESH3,2080,4263.0,4263.0,4256.5,4256.5,2
2022-08-21,MESU2,10039,4221.25,4222.5,4207.0,4209.25,21618
2022-08-21,MESU2-MESZ2,134061,17.8,17.8,17.8,17.8,1
2022-08-21,MESZ2,10299,4238.0,4238.0,4226.0,4226.75,99
2022-08-22,MESH3,2080,4259.25,4259.25,4182.0,4191.0,64
2022-08-22,MESM3,9270,4245.0,4245.0,4220.0,4220.0,3
2022-08-22,MESU2,10039,4209.25,4221.25,4131.5,4152.5,985709
2022-08-22,MESU2-MESZ2,134061,17.95,18.05,17.7,17.8,22
2022-08-22,MESZ2,10299,4225.0,4239.5,4149.0,4170.5,2454
2022-08-23,MESH3,2080,4191.0,4200.0,4164.5,4182.0,16
2022-08-23,MESU2,10039,4152.25,4162.0,4118.0,4129.0,1092197
2022-08-23,MESU2-MESZ2,134061,17.65,17.85,17.35,17.5,51
2022-08-23,MESZ2,10299,4169.25,4179.25,4135.75,4146.0,2422
2022-08-24,MESH3,2080,4172.0,4199.5,4160.0,4198.25,43
2022-08-24,MESM3,9270,4210.5,4210.5,4210.5,4210.5,1
2022-08-24,MESU2,10039,4128.75,4158.5,4110.5,4145.5,885965
2022-08-24,MESU2-MESH3,69263,45.0,45.0,45.0,45.0,1
2022-08-24,MESU2-MESZ2,134061,17.5,17.75,17.45,17.5,32
2022-08-24,MESZ2,10299,4148.25,4176.0,4128.5,4163.5,2163
2022-08-24,MESZ2-MESH3,84377,27.0,27.0,27.0,27.0,2
2022-08-25,MESH3,2080,4198.75,4246.75,4198.75,4240.25,25
2022-08-25,MESU2,10039,4145.75,4202.75,4143.0,4196.0,958075
2022-08-25,MESU2-MESZ2,134061,17.6,18.1,17.2,17.9,119
2022-08-25,MESZ2,10299,4163.5,4220.25,4161.75,4215.5,3187
2022-08-26,MESH3,2080,4245.25,4263.0,4087.5,4087.5,110
2022-08-26,MESM3,9270,4275.0,4275.0,4120.0,4120.0,5
2022-08-26,MESU2,10039,4196.25,4217.0,4043.0,4043.0,1280415
2022-08-26,MESU2-MESZ2,134061,17.5,17.8,17.2,17.2,228
2022-08-26,MESU3,2922,4300.0,4300.0,4300.0,4300.0,1
2022-08-26,MESZ2,10299,4214.0,4234.75,4060.25,4060.75,5699
2022-08-28,MESH3,2080,4073.0,4073.0,4057.0,4059.5,37
2022-08-28,MESU2,10039,4024.5,4032.0,4010.25,4013.25,51753
2022-08-28,MESU2-MESZ2,134061,17.4,17.4,15.75,16.7,65
2022-08-28,MESU3,2922,4120.0,4120.0,4120.0,4120.0,1
2022-08-28,MESZ2,10299,4043.25,4047.75,4026.75,4028.25,642
2022-08-29,MESH3,2080,4051.0,4106.5,4051.0,4072.0,133
2022-08-29,MESU2,10039,4013.25,4064.0,4006.25,4041.5,1226378
2022-08-29,MESU2-MESZ2,134061,16.45,17.25,16.45,17.05,94
2022-08-29,MESU3,2922,4125.0,4125.0,4125.0,4125.0,1
2022-08-29,MESZ2,10299,4030.0,4081.25,4023.25,4057.5,4991
2022-08-30,MESH3,2080,4081.5,4114.25,4005.25,4031.25,144
2022-08-30,MESM3,9270,4055.0,4055.0,4055.0,4055.0,2
2022-08-30,MESU2,10039,4041.5,4072.75,3964.5,3988.0,1400745
2022-08-30,MESU2-MESZ2,134061,16.95,17.05,16.6,16.7,277
2022-08-30,MESU3,2922,4080.0,4080.0,4080.0,4080.0,1
2022-08-30,MESZ2,10299,4057.5,4089.5,3981.75,4002.0,7350
2022-08-30,MESZ2-MESH3,84377,26.95,26.95,26.95,26.95,1
2022-08-31,MESH3,2080,4043.0,4058.0,3975.0,3979.0,117
2022-08-31,MESM3,9270,4070.0,4070.0,4011.0,4011.0,6
2022-08-31,MESU2,10039,3987.5,4018.5,3929.25,3935.75,1366706
2022-08-31,MESU2-MESZ2,134061,16.55,16.9,16.55,16.9,73
2022-08-31,MESZ2,10299,4004.75,4035.0,3946.25,3951.75,7293
2022-08-31,MESZ2-MESH3,84377,24.6,24.6,24.6,24.6,1
2022-09-01,MESH3,2080,3975.0,4017.75,3947.25,4014.5,234
2022-09-01,MESM3,9270,3990.0,3990.0,3985.0,3985.0,2
2022-09-01,MESU2,10039,3936.0,3974.5,3903.25,3969.5,1337796
2022-09-01,MESU2-MESZ2,134061,16.9,17.25,16.4,17.1,352
2022-09-01,MESU3,2922,4030.0,4032.0,4013.25,4032.0,3
2022-09-01,MESZ2,10299,3952.5,3991.25,3919.75,3986.0,6416
2022-09-01,MESZ2-MESH3,84377,26.0,26.0,26.0,26.0,2
2022-09-02,MESH3,2080,4002.0,4065.5,3945.75,3975.0,195
2022-09-02,MESM3,9270,4085.0,4085.0,4079.0,4079.0,2
2022-09-02,MESU2,10039,3969.25,4019.25,3906.0,3931.75,1482630
2022-09-02,MESU2-MESZ2,134061,17.1,17.1,16.05,16.15,235
2022-09-02,MESU3,2922,4031.75,4031.75,4031.75,4031.75,1
2022-09-02,MESZ2,10299,3984.75,4036.0,3922.75,3949.25,8521
2022-09-04,MESH3,2080,3960.0,3966.25,3957.5,3966.25,3
2022-09-04,MESM3,9270,3975.0,3975.0,3975.0,3975.0,1
2022-09-04,MESU2,10039,3929.25,3933.75,3915.0,3932.75,23290
2022-09-04,MESU2-MESZ2,134061,16.05,16.7,15.05,16.3,250
2022-09-04,MESZ2,10299,3940.25,3950.5,3931.0,3950.0,332
2022-09-05,MESH3,2080,3967.0,3985.75,3964.5,3985.5,24
2022-09-05,MESM3,9270,4001.0,4001.0,4001.0,4001.0,1
2022-09-05,MESU2,10039,3932.75,3946.25,3918.5,3939.25,180669
2022-09-05,MESU2-MESZ2,134061,16.85,16.85,15.45,15.5,222
2022-09-05,MESZ2,10299,3950.0,3962.0,3934.5,3954.25,2029
2022-09-06,MESH3,2080,3987.75,4000.0,3930.0,3952.0,207
2022-09-06,MESU2,10039,3939.0,3962.5,3886.5,3906.25,1328087
2022-09-06,MESU2-MESZ2,134061,15.75,16.55,15.75,16.3,507
2022-09-06,MESZ2,10299,3952.0,3978.5,3902.75,3922.25,13726
2022-09-07,MESH3,2080,3945.0,4030.0,3927.0,4025.0,171
2022-09-07,MESM3,9270,4027.0,4057.0,4027.0,4057.0,2
2022-09-07,MESU2,10039,3905.75,3988.75,3883.5,3977.25,1193877
2022-09-07,MESU2-MESM3,371554,71.5,71.5,71.5,71.5,1
2022-09-07,MESU2-MESZ2,134061,16.45,16.85,16.0,16.75,673
2022-09-07,MESZ2,10299,3920.25,4005.5,3899.75,3993.75,13849
2022-09-08,MESH3,2080,4026.0,4055.75,3988.0,4052.25,218
2022-09-08,MESM3,9270,4035.0,4071.5,4025.0,4071.5,10
2022-09-08,MESU2,10039,3977.25,4013.5,3942.5,4009.5,1544812
2022-09-08,MESU2-MESZ2,134061,16.55,17.0,16.15,16.9,1479
2022-09-08,MESZ2,10299,3993.75,4028.75,3959.0,4026.25,89323
2022-09-08,MESZ2-MESH3,84377,29.0,29.0,27.6,27.6,2
2022-09-09,MESH3,2080,4055.0,4125.75,4055.0,4108.5,225
2022-09-09,MESM3,9270,4093.0,4138.0,4093.0,4138.0,2
2022-09-09,MESU2,10039,4009.25,4077.0,4008.5,4064.25,671881
2022-09-09,MESU2-MESZ2,134061,16.9,18.85,16.7,17.85,6153
2022-09-09,MESU3,2922,4120.0,4155.0,4120.0,4155.0,2
2022-09-09,MESZ2,10299,4026.25,4095.0,4025.25,4084.25,573577
2022-09-09,MESZ2-MESH3,84377,27.6,28.6,27.6,28.6,19
2022-09-11,MESH3,2080,4128.25,4130.0,4126.75,4128.0,16
2022-09-11,MESU2,10039,4076.25,4090.75,4075.5,4077.25,8936
2022-09-11,MESU2-MESZ2,134061,17.85,17.85,17.45,17.65,822
2022-09-11,MESZ2,10299,4092.25,4104.75,4092.25,4094.5,14288
2022-09-12,MESH3,2080,4119.0,4166.75,4109.0,4164.25,348
2022-09-12,MESM3,9270,4178.0,4192.0,4178.0,4192.0,2
2022-09-12,MESU2,10039,4077.0,4122.75,4062.25,4115.0,435403
2022-09-12,MESU2-MESZ2,134061,17.65,19.3,17.35,18.95,27602
2022-09-12,MESU3,2922,4200.0,4200.0,4200.0,4200.0,7
2022-09-12,MESZ2,10299,4094.75,4147.0,4080.25,4134.25,978980
2022-09-12,MESZ2-MESH3,84377,29.0,29.0,29.0,29.0,2
2022-09-13,MESH3,2080,4162.0,4200.0,3970.0,3986.5,613
2022-09-13,MESM3,9270,4005.0,4005.0,4005.0,4005.0,6
2022-09-13,MESU2,10039,4115.0,4162.0,3919.75,3939.75,399701
2022-09-13,MESU2-MESZ2,134061,18.95,19.65,18.75,18.95,8958
2022-09-13,MESU3,2922,4120.0,4120.0,4030.0,4030.0,7
2022-09-13,MESZ2,10299,4134.25,4178.5,3938.5,3958.5,1389616
2022-09-13,MESZ2-MESH3,84377,29.25,29.25,29.25,29.25,1
2022-09-14,MESH3,2080,3983.5,4012.0,3958.25,4000.0,320
2022-09-14,MESM3,9270,4009.5,4009.5,4000.0,4000.0,3
2022-09-14,MESU2,10039,3939.75,3962.75,3911.25,3953.0,272184
2022-09-14,MESU2-MESZ2,134061,19.0,19.2,17.75,18.0,5966
2022-09-14,MESU3,2922,4020.0,4055.0,4020.0,4055.0,2
2022-09-14,MESZ2,10299,3958.5,3981.25,3929.0,3970.75,1657796
2022-09-14,MESZ2-MESH3,84377,29.25,29.25,29.25,29.25,7
2022-09-15,MESH3,2080,3998.0,4006.25,3919.0,3925.5,613
2022-09-15,MESM3,9270,4025.0,4025.0,3970.0,3988.0,13
2022-09-15,MESU2,10039,3952.75,3959.75,3870.0,3878.25,229744
2022-09-15,MESU2-MESH3,69263,47.5,48.0,47.5,48.0,14
2022-09-15,MESU2-MESZ2,134061,17.85,18.2,16.6,16.7,3439
2022-09-15,MESU3,2922,4055.0,4065.0,4013.0,4013.0,4
2022-09-15,MESZ2,10299,3970.75,3977.25,3887.25,3894.0,1480256
2022-09-15,MESZ2-MESH3,84377,29.25,30.0,29.25,30.0,9
2022-09-16,MESH3,2080,3927.0,3933.0,3882.5,3933.0,909
2022-09-16,MESM3,9270,3930.0,3947.75,3922.75,3925.0,4
2022-09-16,MESU2,10039,3878.0,3883.0,3845.75,3860.75,6946
2022-09-16,MESU2-MESZ2,134061,16.65,18.4,16.05,16.6,903
2022-09-16,MESU3,2922,3970.0,3970.0,3970.0,3970.0,1
2022-09-16,MESZ2,10299,3894.25,3903.5,3853.0,3903.5,1668912
2022-09-16,MESZ2-MESH3,84377,30.1,30.65,29.1,29.5,625
2022-09-18,MESH3,2080,3922.25,3925.25,3913.5,3922.25,34
2022-09-18,MESZ2,10299,3892.0,3897.75,3884.25,3893.5,21675
2022-09-18,MESZ2-MESH3,84377,29.0,29.0,29.0,29.0,3
2022-09-19,MESH3,2080,3925.5,3959.75,3876.0,3959.0,911
2022-09-19,MESM3,9270,3942.0,3955.75,3941.0,3947.0,8
2022-09-19,MESZ2,10299,3893.75,3932.5,3845.75,3931.25,1582271
2022-09-19,MESZ2-MESH3,84377,29.0,30.75,29.0,30.75,447
2022-09-20,MESH3,2080,3957.5,3966.0,3874.0,3903.25,990
2022-09-20,MESM3,9270,3990.25,3996.75,3904.5,3926.25,25
2022-09-20,MESU3,2922,4020.0,4020.0,3930.0,3935.0,9
2022-09-20,MESZ2,10299,3931.0,3936.25,3843.25,3875.5,1756863
2022-09-20,MESZ2-MESH3,84377,30.05,30.05,29.2,29.2,2209
2022-09-21,MESH3,2080,3905.5,3955.0,3810.0,3815.0,1985
2022-09-21,MESM3,9270,3929.0,3985.0,3842.25,3842.25,41
2022-09-21,MESZ2,10299,3875.5,3925.0,3780.0,3781.75,1620881
2022-09-21,MESZ2-MESH3,84377,29.15,31.35,29.15,29.55,142
2022-09-22,MESH3,2080,3809.0,3862.25,3793.0,3808.0,1504
2022-09-22,MESH3-MESM3,366324,30.8,30.8,30.8,30.8,2
2022-09-22,MESM3,9270,3842.25,3890.0,3820.5,3858.5,30
2022-09-22,MESU3,2922,3865.0,3885.0,3855.0,3885.0,3
2022-09-22,MESZ2,10299,3781.25,3833.0,3763.25,3779.25,1699392
2022-09-22,MESZ2-MESH3,84377,29.3,29.5,29.2,29.5,77
2022-09-23,MESH3,2080,3808.0,3810.0,3689.5,3740.0,1692
2022-09-23,MESM3,9270,3821.0,3821.0,3728.0,3770.0,48
2022-09-23,MESU3,2922,3810.0,3810.0,3773.0,3773.0,2
2022-09-23,MESZ2,10299,3779.25,3783.75,3660.25,3711.25,1664595
2022-09-23,MESZ2-MESH3,84377,27.5,28.75,27.5,28.4,54
2022-09-25,MESH3,2080,3734.0,3743.5,3719.5,3730.0,93
2022-09-25,MESM3,9270,3772.0,3772.0,3750.75,3759.25,4
2022-09-25,MESZ2,10299,3704.75,3714.75,3688.5,3701.5,43588
2022-09-25,MESZ2-MESH3,84377,29.35,29.35,29.35,29.35,4
2022-09-26,MESH3,2080,3732.25,3759.5,3686.0,3709.5,1769
2022-09-26,MESM3,9270,3744.25,3787.75,3720.0,3735.5,21
2022-09-26,MESU3,2922,3811.0,3811.0,3811.0,3811.0,3
2022-09-26,MESZ2,10299,3701.25,3730.5,3657.5,3679.5,2082703
2022-09-26,MESZ2-MESH3,84377,28.75,28.75,27.8,27.8,15
2022-09-27,MESH3,2080,3708.0,3759.5,3663.25,3690.75,1840
2022-09-27,MESM3,9270,3750.25,3775.0,3698.25,3721.75,32
2022-09-27,MESU3,2922,3733.0,3733.0,3733.0,3733.0,1
2022-09-27,MESZ2,10299,3679.5,3732.25,3635.25,3662.5,2078937
2022-09-27,MESZ2-MESH3,84377,28.05,28.05,27.0,27.1,42
2022-09-28,MESH3,2080,3695.0,3778.0,3641.0,3756.25,2014
2022-09-28,MESM3,9270,3699.5,3804.0,3673.25,3790.0,34
2022-09-28,MESU3,2922,3745.0,3825.0,3745.0,3825.0,5
2022-09-28,MESZ2,10299,3662.75,3751.25,3613.5,3728.0,1833431
2022-09-28,MESZ2-MESH3,84377,27.8,27.8,26.9,27.6,22
2022-09-29,MESH3,2080,3755.5,3763.5,3648.25,3696.0,2177
2022-09-29,MESM3,9270,3785.0,3785.0,3685.25,3722.5,42
2022-09-29,MESU3,2922,3740.0,3740.0,3715.0,3715.0,3
2022-09-29,MESZ2,10299,3728.0,3736.0,3622.25,3668.0,1775964
2022-09-29,MESZ2-MESH3,84377,27.25,27.25,26.3,26.3,57
2022-09-29,MESZ3,24925,3765.0,3765.0,3765.0,3765.0,1
2022-09-30,MESH3,2080,3693.0,3720.0,3622.0,3630.25,1806
2022-09-30,MESM3,9270,3718.25,3745.0,3652.25,3663.0,56
2022-09-30,MESU3,2922,3706.0,3706.0,3700.0,3700.0,3
2022-09-30,MESZ2,10299,3668.5,3693.5,3595.5,3604.5,1755792
2022-09-30,MESZ2-MESH3,84377,26.95,27.95,26.45,26.5,20
2022-09-30,MESZ3,24925,3800.25,3800.25,3720.0,3720.0,2
2022-10-02,MESH3,2080,3618.5,3639.5,3608.25,3609.0,203
2022-10-02,MESM3,9270,3655.5,3655.5,3650.0,3650.0,2
2022-10-02,MESZ2,10299,3595.5,3613.75,3580.75,3585.0,55893
2022-10-03,MESH3,2080,3612.25,3738.75,3598.25,3726.25,2074
2022-10-03,MESM3,9270,3629.75,3768.0,3629.75,3738.75,67
2022-10-03,MESU3,2922,3672.0,3785.0,3672.0,3778.0,4
2022-10-03,MESZ2,10299,3585.25,3711.5,3571.0,3702.5,1407095
2022-10-03,MESZ2-MESH3,84377,26.6,27.4,26.3,27.4,44
2022-10-03,MESZ3,24925,3736.75,3736.75,3736.75,3736.75,1
2022-10-04,MESH3,2080,3732.0,3845.0,3727.5,3824.0,1803
2022-10-04,MESM3,9270,3774.5,3861.25,3774.5,3861.0,54
2022-10-04,MESU3,2922,3805.0,3890.0,3805.0,3890.0,2
2022-10-04,MESZ2,10299,3702.5,3809.0,3700.25,3796.0,1469915
2022-10-04,MESZ2-MESH3,84377,27.4,29.1,26.5,28.8,48
2022-10-05,MESH3,2080,3823.75,3847.0,3763.0,3840.0,1821
2022-10-05,MESM3,9270,3835.0,3878.75,3798.0,3878.75,16
2022-10-05,MESU3,2922,3858.25,3905.0,3849.75,3884.0,4
2022-10-05,MESZ2,10299,3796.0,3820.0,3734.25,3811.5,1279424
2022-10-05,MESZ2-MESH3,84377,28.45,29.15,28.15,29.1,81
2022-10-06,MESH3,2080,3840.0,3848.0,3769.5,3773.0,1943
2022-10-06,MESM3,9270,3836.5,3836.5,3828.0,3828.0,2
2022-10-06,MESZ2,10299,3811.75,3819.5,3736.25,3746.0,1522579
2022-10-06,MESZ2-MESH3,84377,28.8,29.15,28.6,29.1,133
2022-10-06,MESZ2-MESM3,371014,58.75,58.75,58.75,58.75,2
2022-10-07,MESH3,2080,3774.75,3800.0,3660.75,3677.75,1829
2022-10-07,MESM3,9270,3803.5,3816.0,3698.25,3711.5,20
2022-10-07,MESU3,2922,3800.0,3800.0,3745.0,3745.0,3
2022-10-07,MESZ2,10299,3745.75,3776.0,3632.25,3651.5,1342570
2022-10-07,MESZ2-MESH3,84377,29.1,29.15,29.1,29.1,60
2022-10-07,MESZ3,24925,3784.0,3784.0,3784.0,3784.0,1
2022-10-09,MESH3,2080,3674.0,3674.0,3647.0,3665.0,154
2022-10-09,MESM3,9270,3689.0,3694.5,3683.5,3694.5,7
2022-10-09,MESZ2,10299,3638.75,3642.25,3618.0,3633.5,55827
2022-10-09,MESZ2-MESH3,84377,30.0,30.0,28.55,28.55,2
2022-10-10,MESH3,2080,3656.0,3695.75,3627.75,3659.25,1418
2022-10-10,MESM3,9270,3685.75,3721.0,3661.0,3685.75,43
2022-10-10,MESU3,2922,3715.0,3715.0,3715.0,3715.0,1
2022-10-10,MESZ2,10299,3633.75,3667.75,3598.75,3632.0,1398260
2022-10-10,MESZ2-MESH3,84377,28.5,28.5,28.15,28.15,22
2022-10-10,MESZ3,24925,3745.0,3745.0,3735.0,3735.0,2
2022-10-11,MESH3,2080,3652.75,3678.25,3608.0,3630.0,2113
2022-10-11,MESM3,9270,3689.5,3704.5,3638.0,3658.0,38
2022-10-11,MESU3,2922,3674.0,3674.0,3674.0,3674.0,1
2022-10-11,MESZ2,10299,3632.0,3653.25,3579.0,3605.0,1624676
2022-10-11,MESZ2-MESH3,84377,27.9,28.5,27.5,27.8,57
2022-10-12,MESH3,2080,3627.0,3663.0,3614.5,3627.5,1582
2022-10-12,MESH3-MESM3,366324,29.0,29.0,29.0,29.0,1
2022-10-12,MESM3,9270,3667.75,3692.25,3650.75,3656.0,42
2022-10-12,MESZ2,10299,3605.0,3635.5,3585.25,3598.25,1468268
2022-10-12,MESZ2-MESH3,84377,28.5,28.5,27.8,27.85,115
2022-10-13,MESH3,2080,3628.0,3728.0,3531.0,3709.75,3739
2022-10-13,MESM3,9270,3657.25,3764.0,3569.0,3748.0,71
2022-10-13,MESU3,2922,3710.0,3770.0,3595.0,3770.0,7
2022-10-13,MESZ2,10299,3598.0,3697.75,3502.0,3679.75,1931065
2022-10-13,MESZ2-MESH3,84377,27.65,31.2,26.65,30.0,666
2022-10-13,MESZ3,24925,3750.0,3750.0,3750.0,3750.0,2
2022-10-14,MESH3,2080,3709.0,3764.75,3621.0,3627.25,3024
2022-10-14,MESM3,9270,3745.0,3782.25,3665.75,3665.75,43
2022-10-14,MESU3,2922,3800.5,3815.0,3720.0,3720.0,13
2022-10-14,MESZ2,10299,3679.75,3734.0,3591.25,3596.75,1802563
2022-10-14,MESZ2-MESH3,84377,30.0,30.4,29.1,29.3,317
2022-10-16,MESH3,2080,3621.0,3645.0,3621.0,3643.75,159
2022-10-16,MESZ2,10299,3591.25,3616.75,3588.5,3615.0,29845
2022-10-16,MESZ2-MESH3,84377,28.9,28.9,28.85,28.85,2
2022-10-17,MESH3,2080,3644.75,3752.0,3635.5,3748.25,1439
2022-10-17,MESM3,9270,3675.25,3779.0,3675.25,3779.0,40
2022-10-17,MESU3,2922,3740.0,3805.0,3740.0,3805.0,3
2022-10-17,MESZ2,10299,3614.75,3722.5,3606.0,3719.75,1350445
2022-10-17,MESZ2-MESH3,84377,28.75,30.15,28.75,29.65,125
2022-10-18,MESH3,2080,3746.0,3807.5,3728.0,3793.75,2187
2022-10-18,MESM3,9270,3789.75,3840.0,3765.0,3830.0,68
2022-10-18,MESU3,2922,3855.0,3855.0,3855.0,3855.0,1
2022-10-18,MESZ2,10299,3719.75,3777.25,3697.25,3763.5,2007510
2022-10-18,MESZ2-MESH3,84377,30.8,31.4,30.15,30.7,183
2022-10-18,MESZ2-MESM3,371014,64.55,64.85,64.55,64.85,4
2022-10-18,MESZ2-MESU3,18481,98.35,98.85,98.35,98.85,6
2022-10-19,MESH3,2080,3793.0,3803.0,3708.5,3728.5,1807
2022-10-19,MESM3,9270,3823.25,3834.0,3744.75,3772.0,16
2022-10-19,MESU3,2922,3820.0,3820.0,3800.0,3800.0,2
2022-10-19,MESZ2,10299,3763.25,3774.25,3677.0,3697.0,1616550
2022-10-19,MESZ2-MESH3,84377,31.45,31.45,30.6,30.7,78
2022-10-20,MESH3,2080,3728.0,3777.25,3687.25,3691.75,1874
2022-10-20,MESM3,9270,3744.25,3806.5,3733.75,3733.75,11
2022-10-20,MESU3,2922,3845.0,3845.0,3757.0,3757.0,5
2022-10-20,MESZ2,10299,3696.75,3747.75,3656.25,3662.0,1810558
2022-10-20,MESZ2-MESH3,84377,30.7,31.0,29.9,30.55,26
2022-10-20,MESZ2-MESM3,371014,63.75,63.75,63.75,63.75,3
2022-10-20,MESZ2-MESU3,18481,98.9,99.15,98.9,99.15,7
2022-10-21,MESH3,2080,3692.5,3804.75,3671.75,3802.25,2399
2022-10-21,MESM3,9270,3731.5,3835.5,3707.5,3835.5,75
2022-10-21,MESU3,2922,3750.0,3750.0,3750.0,3750.0,1
2022-10-21,MESZ2,10299,3662.25,3774.5,3641.25,3771.75,1892163
2022-10-21,MESZ2-MESH3,84377,30.0,30.5,30.0,30.5,70
2022-10-23,MESH3,2080,3805.0,3842.75,3800.0,3819.5,243
2022-10-23,MESZ2,10299,3771.0,3813.0,3770.75,3786.5,58166
2022-10-23,MESZ2-MESH3,84377,30.7,30.7,30.7,30.7,1
2022-10-24,MESH3,2080,3815.0,3853.75,3768.5,3841.0,2257
2022-10-24,MESM3,9270,3857.5,3883.0,3857.5,3875.5,5
2022-10-24,MESU3,2922,3876.0,3900.0,3876.0,3900.0,3
2022-10-24,MESZ2,10299,3786.5,3822.0,3736.75,3809.5,1582329
2022-10-24,MESZ2-MESH3,84377,30.7,32.0,30.45,32.0,153
2022-10-24,MESZ2-MESM3,371014,64.95,64.95,64.95,64.95,1
2022-10-24,MESZ2-MESU3,18481,99.25,99.95,99.25,99.95,7
2022-10-25,MESH3,2080,3840.0,3905.5,3822.0,3865.0,1321
2022-10-25,MESM3,9270,3878.5,3940.0,3878.5,3902.0,47
2022-10-25,MESU3,2922,3930.0,3960.0,3930.0,3960.0,2
2022-10-25,MESZ2,10299,3809.75,3874.25,3790.0,3832.75,1499434
2022-10-25,MESZ2-MESH3,84377,31.5,32.0,31.0,31.5,118
2022-10-26,MESH3,2080,3861.0,3929.0,3856.0,3889.25,1551
2022-10-26,MESM3,9270,3900.0,3960.0,3893.75,3912.0,17
2022-10-26,MESU3,2922,3950.0,3970.0,3950.0,3970.0,2
2022-10-26,MESZ2,10299,3832.75,3897.5,3824.0,3860.75,1666973
2022-10-26,MESZ2-MESH3,84377,30.15,32.25,30.0,30.0,44
2022-10-27,MESH3,2080,3893.5,3902.5,3790.0,3825.0,2083
2022-10-27,MESM3,9270,3896.0,3913.75,3884.25,3884.25,7
2022-10-27,MESU3,2922,3890.0,3890.0,3885.0,3885.0,4
2022-10-27,MESZ2,10299,3860.5,3870.75,3757.25,3795.5,1763418
2022-10-27,MESZ2-MESH3,84377,30.15,31.25,30.15,30.3,350
2022-10-28,MESH3,2080,3825.0,3956.0,3807.75,3955.5,2065
2022-10-28,MESM3,9270,3884.5,3979.0,3884.5,3979.0,16
2022-10-28,MESU3,2922,3915.0,4022.0,3915.0,4022.0,10
2022-10-28,MESZ2,10299,3795.25,3924.25,3776.75,3923.5,1305707
2022-10-28,MESZ2-MESH3,84377,30.6,32.0,30.6,32.0,49
2022-10-30,MESH3,2080,3948.5,3948.5,3934.25,3938.5,120
2022-10-30,MESZ2,10299,3911.75,3914.75,3901.75,3905.75,28573
2022-10-31,MESH3,2080,3940.0,3941.75,3905.0,3921.25,1199
2022-10-31,MESM3,9270,3960.0,3962.75,3945.0,3953.25,7
2022-10-31,MESU3,2922,3979.0,3987.75,3979.0,3987.75,3
2022-10-31,MESZ2,10299,3905.75,3910.5,3872.5,3888.5,1294211
2022-10-31,MESZ2-MESH3,84377,32.15,32.15,31.6,32.1,8
2022-11-01,MESH3,2080,3920.0,3959.75,3885.0,3897.0,1646
2022-11-01,MESM3,9270,3925.0,3925.0,3924.75,3924.75,3
2022-11-01,MESU3,2922,3960.0,3960.0,3960.0,3960.0,5
2022-11-01,MESZ2,10299,3888.5,3927.75,3852.5,3865.25,1461315
2022-11-01,MESZ2-MESH3,84377,32.0,32.8,31.8,32.2,126
2022-11-02,MESH3,2080,3898.25,3936.75,3787.0,3791.75,3058
2022-11-02,MESM3,9270,3939.5,3943.0,3833.25,3833.25,13
2022-11-02,MESU3,2922,3952.0,3995.0,3920.0,3920.0,5
2022-11-02,MESZ2,10299,3865.5,3907.25,3755.75,3759.25,1426320
2022-11-02,MESZ2-MESH3,84377,32.05,32.05,30.75,30.75,599
2022-11-02,MESZ3,24925,3985.0,4015.0,3898.0,3898.0,5
2022-11-03,MESH3,2080,3790.25,3810.5,3736.0,3749.5,2064
2022-11-03,MESM3,9270,3827.0,3827.0,3777.75,3785.0,27
2022-11-03,MESU3,2922,3825.0,3830.0,3825.0,3830.0,4
2022-11-03,MESZ2,10299,3759.5,3782.5,3704.25,3721.0,1549498
2022-11-03,MESZ2-MESH3,84377,31.0,31.0,30.1,30.55,288
2022-11-03,MESZ3,24925,3850.0,3850.0,3850.0,3850.0,3
2022-11-04,MESH3,2080,3753.5,3836.0,3742.5,3805.5,2880
2022-11-04,MESM3,9270,3800.5,3873.5,3784.0,3843.5,75
2022-11-04,MESU3,2922,3877.0,3892.0,3820.0,3820.0,6
2022-11-04,MESZ2,10299,3721.0,3805.75,3709.75,3772.75,2035181
2022-11-04,MESZ2-MESH3,84377,31.25,31.7,30.25,30.75,777
2022-11-04,MESZ3,24925,3875.0,3925.0,3875.0,3896.0,5
2022-11-06,MESH3,2080,3785.0,3785.75,3770.0,3783.5,61
2022-11-06,MESM3,9270,3814.5,3814.5,3814.5,3814.5,1
2022-11-06,MESZ2,10299,3755.25,3756.0,3738.25,3751.5,15337
2022-11-06,MESZ2-MESH3,84377,30.5,30.5,30.5,30.5,1
2022-11-07,MESH3,2080,3787.0,3853.0,3782.0,3847.5,1427
2022-11-07,MESM3,9270,3830.5,3883.25,3826.25,3883.25,48
2022-11-07,MESU3,2922,3900.0,3922.0,3900.0,3914.25,23
2022-11-07,MESZ2,10299,3752.0,3821.75,3751.0,3816.25,1244189
2022-11-07,MESZ2-MESH3,84377,30.5,31.5,30.5,31.45,166
2022-11-07,MESZ3,24925,3936.0,3936.0,3936.0,3936.0,1
2022-11-08,MESH3,2080,3847.5,3899.25,3824.75,3874.0,2153
2022-11-08,MESM3,9270,3882.0,3931.5,3878.0,3895.0,26
2022-11-08,MESU3,2922,3930.5,3930.5,3930.5,3930.5,5
2022-11-08,MESZ2,10299,3816.25,3867.0,3792.75,3842.25,1427928
2022-11-08,MESZ2-MESH3,84377,31.45,31.95,31.25,31.85,297
2022-11-08,MESZ2-MESM3,371014,67.25,67.25,67.25,67.25,5
2022-11-08,MESZ3,24925,3951.0,4000.0,3951.0,3961.25,4
2022-11-09,MESH3,2080,3873.0,3880.25,3780.75,3787.5,2079
2022-11-09,MESM3,9270,3896.5,3897.0,3817.0,3821.75,33
2022-11-09,MESZ2,10299,3842.0,3848.75,3750.0,3757.5,1543169
2022-11-09,MESZ2-MESH3,84377,31.6,31.85,30.55,30.6,490
2022-11-09,MESZ3,24925,3956.0,3956.0,3935.0,3935.0,2
2022-11-10,MESH3,2080,3789.0,4007.25,3782.0,4007.25,3838
2022-11-10,MESM3,9270,3820.0,4038.75,3820.0,4038.75,72
2022-11-10,MESU3,2922,3960.0,4035.0,3960.0,4035.0,6
2022-11-10,MESZ2,10299,3757.5,3974.75,3750.0,3971.75,1698053
2022-11-10,MESZ2-MESH3,84377,32.25,32.75,26.65,32.5,541
2022-11-10,MESZ3,24925,3899.75,4105.0,3899.75,4105.0,5
2022-11-11,MESH3,2080,4005.0,4042.75,3984.25,4031.0,2778
2022-11-11,MESH3-MESM3,366324,35.0,35.6,35.0,35.6,24
2022-11-11,MESM3,9270,4032.25,4070.0,4029.0,4070.0,65
2022-11-11,MESM3-MESU3,13722,36.0,36.0,36.0,36.0,12
2022-11-11,MESU3,2922,4091.0,4091.0,4091.0,4091.0,1
2022-11-11,MESZ2,10299,3972.0,4009.75,3948.0,3998.75,1458464
2022-11-11,MESZ2-MESH3,84377,32.1,33.1,32.1,32.85,279
2022-11-11,MESZ3,24925,4107.0,4130.0,4107.0,4130.0,2
2022-11-13,MESH3,2080,4017.25,4025.0,4012.5,4025.0,67
2022-11-13,MESM3,9270,4050.25,4064.25,4045.25,4064.25,9
2022-11-13,MESZ2,10299,3984.75,3993.5,3979.25,3992.0,20548
2022-11-14,MESH3,2080,4025.75,4053.0,3997.0,4008.5,1994
2022-11-14,MESM3,9270,4056.5,4078.5,4035.0,4035.0,11
2022-11-14,MESM3-MESU3,13722,36.4,36.4,36.4,36.4,12
2022-11-14,MESU3,2922,4107.0,4107.0,4107.0,4107.0,1
2022-11-14,MESZ2,10299,3991.25,4017.5,3964.25,3974.0,1131139
2022-11-14,MESZ2-MESH3,84377,32.7,34.0,32.7,34.0,581
2022-11-15,MESH3,2080,4007.75,4084.5,3990.0,4029.0,3819
2022-11-15,MESM3,9270,4044.25,4119.5,4030.0,4059.0,50
2022-11-15,MESU3,2922,4129.0,4149.0,4115.0,4115.0,5
2022-11-15,MESZ2,10299,3974.0,4051.0,3960.0,3996.0,1877248
2022-11-15,MESZ2-MESH3,84377,31.9,33.65,31.9,33.35,267
2022-11-16,MESH3,2080,4029.25,4050.0,3996.0,4009.5,1965
2022-11-16,MESM3,9270,4054.5,4079.25,4033.75,4033.75,31
2022-11-16,MESU3,2922,4105.0,4105.0,4080.0,4080.0,2
2022-11-16,MESZ2,10299,3996.0,4016.0,3962.0,3976.75,1130013
2022-11-16,MESZ2-MESH3,84377,33.65,33.65,33.1,33.25,140
2022-11-16,MESZ2-MESM3,371014,69.0,69.0,69.0,69.0,1
2022-11-17,MESH3,2080,4011.25,4021.5,3945.0,3988.0,2779
2022-11-17,MESM3,9270,4036.5,4036.5,3986.0,4025.0,36
2022-11-17,MESU3,2922,4045.0,4045.0,4045.0,4045.0,1
2022-11-17,MESZ2,10299,3976.75,3990.5,3912.5,3953.5,1154006
2022-11-17,MESZ2-MESH3,84377,33.35,34.25,32.65,33.05,192
2022-11-17,MESZ2-MESM3,371014,69.25,69.25,69.25,69.25,5
2022-11-18,MESH3,2080,3987.25,4028.75,3976.0,4004.5,1921
2022-11-18,MESH3-MESM3,366324,34.0,34.0,34.0,34.0,1
2022-11-18,MESM3,9270,4028.0,4060.25,4019.75,4038.25,19
2022-11-18,MESU3,2922,4068.0,4086.0,4065.0,4086.0,3
2022-11-18,MESZ2,10299,3953.75,3995.0,3942.5,3971.75,1293651
2022-11-18,MESZ2-MESH3,84377,33.05,33.65,33.05,33.6,87
2022-11-18,MESZ3,24925,4129.0,4129.0,4129.0,4129.0,1
2022-11-20,MESH3,2080,4001.25,4015.0,4001.25,4002.5,53
2022-11-20,MESZ2,10299,3972.25,3982.0,3967.75,3969.5,10275
2022-11-21,MESH3,2080,4003.0,4003.5,3972.0,3991.0,1653
2022-11-21,MESM3,9270,4028.25,4036.0,4015.25,4033.5,11
2022-11-21,MESZ2,10299,3969.0,3971.25,3939.75,3959.5,978022
2022-11-21,MESZ2-MESH3,84377,33.6,33.65,33.15,33.35,47
2022-11-22,MESH3,2080,3994.0,4047.0,3979.0,4044.75,2522
2022-11-22,MESM3,9270,4037.75,4085.0,4037.5,4085.0,21
2022-11-22,MESU3,2922,4098.0,4098.0,4098.0,4098.0,1
2022-11-22,MESZ2,10299,3959.5,4013.0,3945.25,4011.0,885898
2022-11-22,MESZ2-MESH3,84377,33.6,34.05,33.3,33.3,72
2022-11-23,MESH3,2080,4045.5,4075.75,4035.75,4075.5,2302
2022-11-23,MESM3,9270,4085.0,4112.0,4075.25,4106.25,41
2022-11-23,MESU3,2922,4120.0,4120.0,4120.0,4120.0,1
2022-11-23,MESU3-MESZ3,50298,37.0,37.0,37.0,37.0,8
2022-11-23,MESZ2,10299,4011.25,4041.5,4001.5,4040.75,919047
2022-11-23,MESZ2-MESH3,84377,34.1,34.3,33.9,34.25,67
2022-11-24,MESH3,2080,4076.0,4083.75,4072.5,4076.75,611
2022-11-24,MESM3,9270,4112.75,4115.0,4111.0,4111.0,5
2022-11-24,MESZ2,10299,4041.0,4049.25,4037.25,4044.0,87471
2022-11-24,MESZ2-MESH3,84377,34.35,34.35,34.25,34.25,2
2022-11-25,MESH3,2080,4077.5,4079.5,4059.25,4067.5,717
2022-11-25,MESM3,9270,4111.0,4111.0,4093.0,4105.0,9
2022-11-25,MESZ2,10299,4044.0,4045.75,4024.75,4033.5,260125
2022-11-25,MESZ2-MESH3,84377,34.2,34.25,33.85,34.05,38
2022-11-27,MESH3,2080,4062.75,4062.75,4050.25,4050.25,76
2022-11-27,MESM3,9270,4098.0,4098.0,4098.0,4098.0,1
2022-11-27,MESZ2,10299,4021.25,4023.5,4015.5,4016.25,13840
2022-11-28,MESH3,2080,4050.0,4052.0,3993.75,4005.0,2619
2022-11-28,MESM3,9270,4092.25,4092.25,4028.0,4040.0,59
2022-11-28,MESU3,2922,4115.0,4115.0,4075.0,4075.0,4
2022-11-28,MESZ2,10299,4016.0,4018.25,3960.25,3971.5,976944
2022-11-28,MESZ2-MESH3,84377,33.75,34.2,32.9,33.05,83
2022-11-29,MESH3,2080,4003.0,4023.25,3974.5,3991.0,4300
2022-11-29,MESM3,9270,4041.5,4054.0,4012.0,4026.75,65
2022-11-29,MESU3,2922,4082.5,4085.0,4059.0,4059.5,19
2022-11-29,MESZ2,10299,3971.5,3990.75,3941.5,3958.5,1171935
2022-11-29,MESZ2-MESH3,84377,33.45,33.55,32.8,32.8,71
2022-11-30,MESH3,2080,3992.0,4129.0,3975.5,4124.25,9679
2022-11-30,MESM3,9270,4030.0,4166.0,4014.5,4160.75,162
2022-11-30,MESU3,2922,4100.0,4159.5,4100.0,4159.5,4
2022-11-30,MESZ2,10299,3958.5,4096.25,3942.75,4090.75,1346163
2022-11-30,MESZ2-MESH3,84377,32.85,34.0,32.55,33.2,941
2022-11-30,MESZ3,24925,4190.0,4200.0,4190.0,4200.0,2
2022-12-01,MESH3,2080,4123.5,4142.75,4087.75,4112.0,7323
2022-12-01,MESM3,9270,4160.75,4176.25,4125.0,4145.0,169
2022-12-01,MESZ2,10299,4090.75,4110.0,4054.25,4078.0,1246729
2022-12-01,MESZ2-MESH3,84377,33.25,33.85,33.1,33.7,342
2022-12-01,MESZ3,24925,4240.0,4240.0,4240.0,4240.0,1
2022-12-02,MESH3,2080,4110.0,4119.5,4040.5,4100.0,8634
2022-12-02,MESM3,9270,4146.25,4151.0,4079.75,4142.0,116
2022-12-02,MESZ2,10299,4077.75,4085.75,4006.75,4066.5,1277772
2022-12-02,MESZ2-MESH3,84377,33.4,34.0,33.1,33.5,389
2022-12-02,MESZ3,24925,4200.0,4200.0,4200.0,4200.0,1
2022-12-04,MESH3,2080,4104.75,4109.0,4099.0,4104.75,205
2022-12-04,MESM3,9270,4139.5,4139.5,4139.5,4139.5,1
2022-12-04,MESZ2,10299,4073.0,4075.5,4065.5,4071.0,11425
2022-12-04,MESZ2-MESH3,84377,33.1,33.1,33.05,33.05,17
2022-12-05,MESH3,2080,4102.0,4106.25,4020.5,4041.0,7465
2022-12-05,MESM3,9270,4139.5,4141.0,4057.0,4078.5,112
2022-12-05,MESU3,2922,4099.75,4101.75,4099.75,4101.75,2
2022-12-05,MESZ2,10299,4070.75,4073.5,3987.5,4008.25,1082804
2022-12-05,MESZ2-MESH3,84377,33.3,33.5,32.5,32.5,393
2022-12-06,MESH3,2080,4041.5,4048.0,3952.75,3979.5,19006
2022-12-06,MESH3-MESM3,366324,39.0,39.0,39.0,39.0,1
2022-12-06,MESM3,9270,4076.5,4080.0,3989.75,4013.75,272
2022-12-06,MESU3,2922,4070.0,4070.0,4070.0,4070.0,1
2022-12-06,MESZ2,10299,4008.25,4014.75,3921.5,3947.75,1300851
2022-12-06,MESZ2-MESH3,84377,32.5,32.85,31.0,31.0,605
2022-12-06,MESZ3,24925,4057.25,4057.25,4057.25,4057.25,1
2022-12-07,MESH3,2080,3979.25,3992.25,3946.0,3968.25,22436
2022-12-07,MESM3,9270,4015.0,4025.0,3980.25,4007.0,182
2022-12-07,MESZ2,10299,3947.75,3961.5,3914.0,3937.5,1312635
2022-12-07,MESZ2-MESH3,84377,31.6,31.8,30.9,31.05,540
2022-12-07,MESZ2-MESM3,371014,66.65,66.65,66.65,66.65,8
2022-12-08,MESH3,2080,3968.75,4008.5,3947.25,3994.25,61526
2022-12-08,MESM3,9270,3987.5,4042.5,3986.75,4032.25,197
2022-12-08,MESM3-MESZ3,54088,74.0,74.0,74.0,74.0,1
2022-12-08,MESZ2,10299,3937.75,3977.25,3916.0,3963.0,1321107
2022-12-08,MESZ2-MESH3,84377,31.25,31.9,30.65,31.4,4526
2022-12-08,MESZ2-MESM3,371014,66.0,67.0,66.0,67.0,17
2022-12-09,MESH3,2080,3994.25,4029.0,3961.5,3964.25,472455
2022-12-09,MESH3-MESM3,366324,33.45,35.15,33.45,35.15,6
2022-12-09,MESM3,9270,4035.0,4054.5,4000.0,4000.0,223
2022-12-09,MESU3,2922,4080.0,4080.0,4080.0,4080.0,2
2022-12-09,MESZ2,10299,3962.75,3990.0,3925.0,3931.75,877208
2022-12-09,MESZ2-MESH3,84377,31.5,33.6,31.1,32.1,7923
2022-12-11,MESH3,2080,3965.0,3970.0,3956.75,3959.25,8338
2022-12-11,MESM3,9270,4003.0,4004.0,3991.25,3994.25,15
2022-12-11,MESZ2,10299,3933.0,3938.0,3924.5,3927.0,8342
2022-12-11,MESZ2-MESH3,84377,32.1,32.35,32.0,32.3,314
2022-12-12,MESH3,2080,3959.5,4026.25,3956.25,4023.0,688146
2022-12-12,MESM3,9270,4000.0,4062.25,3994.0,4057.0,363
2022-12-12,MESZ2,10299,3927.25,3994.75,3924.5,3990.25,308321
2022-12-12,MESZ2-MESH3,84377,32.3,33.4,31.55,32.85,24721
2022-12-12,MESZ2-MESM3,371014,69.95,69.95,66.5,67.7,4
2022-12-12,MESZ3,24925,4135.0,4135.0,4135.0,4135.0,1
2022-12-13,MESH3,2080,4023.25,4183.75,4017.25,4055.5,1532996
2022-12-13,MESH3-MESM3,366324,38.0,38.0,35.4,35.4,3
2022-12-13,MESM3,9270,4061.0,4210.0,4055.25,4094.75,617
2022-12-13,MESU3,2922,4129.0,4220.0,4129.0,4151.25,8
2022-12-13,MESZ2,10299,3990.5,4148.0,3985.0,4021.75,453088
2022-12-13,MESZ2-MESH3,84377,33.0,34.15,30.5,33.6,12913
2022-12-13,MESZ2-MESM3,371014,69.0,69.0,69.0,69.0,4
2022-12-13,MESZ3,24925,4128.25,4186.75,4128.25,4151.0,6
2022-12-14,MESH3,2080,4055.5,4097.0,3997.5,4037.5,1160450
2022-12-14,MESM3,9270,4092.75,4129.75,4035.0,4075.25,434
2022-12-14,MESU3,2922,4150.5,4152.0,4115.0,4115.0,5
2022-12-14,MESZ2,10299,4022.0,4062.0,3965.25,4005.0,236258
2022-12-14,MESZ2-MESH3,84377,33.4,34.25,32.25,32.9,4844
2022-12-14,MESZ2-MESM3,371014,68.0,69.5,68.0,69.5,47
2022-12-14,MESZ3,24925,4175.0,4175.0,4175.0,4175.0,1
2022-12-15,MESH3,2080,4038.0,4043.0,3908.0,3926.25,1300712
2022-12-15,MESH3-MESM3,366324,35.4,35.4,35.4,35.4,28
2022-12-15,MESM3,9270,4076.5,4079.0,3943.5,3961.25,861
2022-12-15,MESU3,2922,4067.5,4067.5,3995.0,4012.0,17
2022-12-15,MESZ2,10299,4004.5,4010.25,3878.5,3895.75,201639
2022-12-15,MESZ2-MESH3,84377,32.85,32.9,29.05,29.85,2589
2022-12-15,MESZ2-MESM3,371014,65.25,65.25,64.3,64.3,21
2022-12-15,MESZ3,24925,4080.0,4080.0,4040.0,4040.0,2
2022-12-16,MESH3,2080,3926.5,3934.5,3855.25,3871.5,1268261
2022-12-16,MESH3-MESM3,366324,35.9,36.5,33.5,33.7,102
2022-12-16,MESH3-MESU3,18495,68.0,68.0,67.0,67.0,2
2022-12-16,MESM3,9270,3961.5,3968.75,3888.0,3905.5,1405
2022-12-16,MESU3,2922,3950.0,3968.75,3924.0,3925.0,14
2022-12-16,MESZ2,10299,3896.25,3904.75,3842.0,3861.75,11144
2022-12-16,MESZ2-MESH3,84377,30.4,30.55,29.1,29.75,729
2022-12-16,MESZ2-MESM3,371014,63.0,63.0,63.0,63.0,2
2022-12-16,MESZ3,24925,4000.0,4000.0,3960.0,3984.0,41
2022-12-18,MESH3,2080,3873.5,3886.5,3872.75,3880.25,14611
2022-12-18,MESM3,9270,3908.0,3919.0,3908.0,3915.75,38
2022-12-19,MESH3,2080,3880.5,3899.0,3827.25,3851.0,1212005
2022-12-19,MESH3-MESM3,366324,33.5,33.95,32.5,32.5,49
2022-12-19,MESH3-MESU3,18495,66.0,66.0,66.0,66.0,1
2022-12-19,MESM3,9270,3915.5,3931.0,3860.5,3885.0,1073
2022-12-19,MESU3,2922,3935.0,3935.0,3903.0,3910.0,20
2022-12-19,MESZ3,24925,4000.0,4000.0,3930.0,3930.0,3
2022-12-20,MESH3,2080,3850.75,3866.5,3803.5,3862.5,1374078
2022-12-20,MESH3-MESM3,366324,33.5,33.6,33.5,33.6,21
2022-12-20,MESM3,9270,3883.0,3899.0,3837.0,3894.75,1238
2022-12-20,MESU3,2922,3875.5,3925.0,3875.5,3919.75,38
2022-12-20,MESZ3,24925,3920.0,3960.0,3920.0,3955.0,3
2022-12-21,MESH3,2080,3862.5,3918.75,3856.75,3911.5,1248013
2022-12-21,MESH3-MESM3,366324,33.35,33.5,32.5,32.5,39
2022-12-21,MESM3,9270,3895.25,3951.5,3890.25,3943.75,1251
2022-12-21,MESU3,2922,3946.5,3968.25,3946.5,3968.25,15
2022-12-21,MESZ3,24925,3990.0,4010.0,3990.0,4010.0,3
2022-12-22,MESH3,2080,3911.75,3919.75,3788.25,3848.5,1239041
2022-12-22,MESH3-MESM3,366324,33.2,33.25,32.45,33.0,87
2022-12-22,MESM3,9270,3943.25,3953.0,3820.5,3881.0,1803
2022-12-22,MESU3,2922,3924.0,3924.0,3880.0,3900.0,7
2022-12-22,MESZ3,24925,3960.0,3960.0,3890.0,3890.0,4
2022-12-23,MESH3,2080,3848.5,3872.5,3821.25,3868.5,1056365
2022-12-23,MESH3-MESM3,366324,32.95,35.95,32.9,33.3,143
2022-12-23,MESM3,9270,3881.0,3905.75,3854.5,3898.75,1370
2022-12-23,MESU3,2922,3890.0,3926.75,3890.0,3926.75,8
2022-12-23,MESZ3,24925,3960.0,3965.0,3960.0,3965.0,2
2022-12-26,MESH3,2080,3878.0,3895.25,3877.5,3893.5,15616
2022-12-26,MESM3,9270,3908.75,3928.75,3908.75,3927.5,120
2022-12-27,MESH3,2080,3893.5,3900.75,3837.25,3855.5,845115
2022-12-27,MESH3-MESM3,366324,33.75,33.75,33.3,33.6,148
2022-12-27,MESM3,9270,3926.5,3934.25,3873.0,3888.25,883
2022-12-27,MESU3,2922,3910.0,3927.25,3910.0,3927.25,5
2022-12-28,MESH3,2080,3855.5,3875.0,3804.5,3812.0,1015291
2022-12-28,MESH3-MESM3,366324,33.5,33.65,33.15,33.25,198
2022-12-28,MESM3,9270,3889.75,3907.0,3837.5,3845.25,1195
2022-12-28,MESU3,2922,3920.0,3925.25,3875.0,3876.0,20
2022-12-28,MESZ3,24925,3920.0,3920.0,3915.0,3915.0,2
2022-12-29,MESH3,2080,3812.25,3882.75,3806.25,3866.0,762708
2022-12-29,MESH3-MESM3,366324,32.9,33.95,32.7,33.95,92
2022-12-29,MESM3,9270,3845.5,3916.0,3839.25,3899.75,757
2022-12-29,MESU3,2922,3875.25,3945.0,3875.25,3939.75,14
2022-12-29,MESZ3,24925,3925.0,3975.0,3925.0,3975.0,3
2022-12-30,MESH3,2080,3866.25,3870.0,3821.5,3868.25,930382
2022-12-30,MESH3-MESM3,366324,33.65,33.85,33.55,33.55,176
2022-12-30,MESM3,9270,3900.25,3903.0,3856.25,3900.0,1195
2022-12-30,MESU3,2922,3930.0,3935.0,3908.0,3935.0,6
2022-12-30,MESZ3,24925,3944.25,3945.25,3944.25,3945.25,2
2023-01-02,MESH3,2080,3885.75,3900.0,3868.75,3871.5,24992
2023-01-02,MESM3,9270,3909.75,3925.0,3903.5,3904.25,76
2023-01-02,MESU3,2922,3950.0,3950.0,3950.0,3950.0,3
2023-01-03,MESH3,2080,3871.25,3907.25,3814.25,3845.0,1296103
2023-01-03,MESH3-MESM3,366324,33.45,33.45,33.0,33.0,74
2023-01-03,MESM3,9270,3904.0,3939.75,3848.25,3874.75,1470
2023-01-03,MESU3,2922,3924.0,3973.0,3890.0,3904.5,57
2023-01-03,MESZ3,24925,4000.0,4000.0,3920.0,3920.0,3
2023-01-04,MESH3,2080,3845.0,3896.5,3836.5,3872.5,1388633
2023-01-04,MESH3-MESM3,366324,33.15,33.5,33.0,33.25,105
2023-01-04,MESM3,9270,3877.0,3928.0,3870.5,3908.5,1507
2023-01-04,MESU3,2922,3906.75,3959.0,3906.75,3939.5,16
2023-01-04,MESZ3,24925,3960.0,3980.0,3960.0,3980.0,2
2023-01-05,MESH3,2080,3872.75,3885.5,3822.25,3835.0,1297868
2023-01-05,MESH3-MESM3,366324,33.55,33.7,33.45,33.45,65
2023-01-05,MESM3,9270,3907.25,3918.0,3856.25,3869.75,1399
2023-01-05,MESU3,2922,3928.25,3928.25,3893.25,3894.25,16
2023-01-05,MESZ3,24925,3939.5,3939.5,3939.5,3939.5,1
2023-01-06,MESH3,2080,3835.0,3928.75,3802.0,3914.0,1461872
2023-01-06,MESH3-MESM3,366324,33.75,33.95,33.4,33.95,211
2023-01-06,MESH3-MESU3,18495,67.6,67.6,67.6,67.6,2
2023-01-06,MESH4,763,4042.0,4042.0,4042.0,4042.0,1
2023-01-06,MESM3,9270,3872.25,3962.5,3842.0,3944.0,1807
2023-01-06,MESU3,2922,3886.0,3980.0,3886.0,3980.0,30
2023-01-06,MESZ3,24925,4000.0,4012.5,4000.0,4012.5,3
2023-01-08,MESH3,2080,3917.25,3925.25,3916.75,3923.0,15006
2023-01-08,MESM3,9270,3958.0,3958.0,3953.25,3957.0,54
2023-01-09,MESH3,2080,3923.0,3973.25,3908.25,3911.0,1246526
2023-01-09,MESH3-MESM3,366324,33.9,34.0,33.8,34.0,28
2023-01-09,MESM3,9270,3955.75,4006.5,3943.0,3944.25,1349
2023-01-09,MESU3,2922,3990.0,4036.5,3980.0,3985.5,21
2023-01-09,MESZ3,24925,4040.0,4046.0,4035.0,4035.0,4
2023-01-10,MESH3,2080,3911.25,3943.75,3891.5,3942.5,1313234
2023-01-10,MESH3-MESM3,366324,33.9,34.0,33.6,34.0,221
2023-01-10,MESM3,9270,3945.0,3977.0,3925.75,3973.5,1047
2023-01-10,MESU3,2922,3975.25,4003.75,3975.25,4003.75,25
2023-01-10,MESZ3,24925,4000.0,4040.0,4000.0,4040.0,3
2023-01-11,MESH3,2080,3942.5,3992.25,3934.5,3988.25,1024961
2023-01-11,MESH3-MESM3,366324,34.0,34.8,34.0,34.8,3
2023-01-11,MESM3,9270,3977.5,4027.5,3968.0,4022.5,1063
2023-01-11,MESU3,2922,4011.0,4060.0,4004.0,4060.0,47
2023-01-11,MESZ3,24925,4054.0,4080.0,4054.0,4080.0,2
2023-01-12,MESH3,2080,3988.25,4021.75,3953.75,4004.5,1678481
2023-01-12,MESH3-MESM3,366324,34.75,35.95,34.2,34.7,412
2023-01-12,MESM3,9270,4021.25,4056.0,3990.0,4038.5,2222
2023-01-12,MESU3,2922,4064.0,4090.0,4040.0,4068.0,36
2023-01-12,MESZ3,24925,4105.0,4120.0,4078.0,4112.25,8
2023-01-13,MESH3,2080,4004.5,4024.25,3961.5,4019.5,1044815
2023-01-13,MESH3-MESM3,366324,34.15,34.85,34.15,34.8,203
2023-01-13,MESM3,9270,4041.25,4058.5,3997.25,4054.0,1549
2023-01-13,MESU3,2922,4065.0,4085.75,4050.0,4085.75,123
2023-01-13,MESZ3,24925,4080.0,4120.0,4080.0,4120.0,3
2023-01-15,MESH3,2080,4019.5,4022.25,4011.5,4013.25,9508
2023-01-15,MESH3-MESM3,366324,35.0,35.0,35.0,35.0,1
2023-01-15,MESM3,9270,4055.25,4057.0,4047.5,4047.5,24
2023-01-16,MESH3,2080,4013.5,4028.5,3996.75,4013.0,172751
2023-01-16,MESM3,9270,4048.5,4061.75,4032.0,4048.0,390
2023-01-16,MESU3,2922,4075.25,4094.5,4070.0,4094.5,23
2023-01-17,MESH3,2080,4013.0,4035.25,3997.0,4000.75,1067431
2023-01-17,MESH3-MESM3,366324,34.9,35.1,34.85,34.95,29
2023-01-17,MESM3,9270,4047.5,4069.75,4033.25,4034.5,1035
2023-01-17,MESU3,2922,4075.0,4105.0,4075.0,4075.0,20
2023-01-18,MESH3,2080,4000.5,4033.75,3942.25,3946.5,1440792
2023-01-18,MESH3-MESM3,366324,35.15,35.3,34.0,34.35,95
2023-01-18,MESH4,763,4150.0,4150.0,4120.0,4120.0,2
2023-01-18,MESM3,9270,4034.25,4068.0,3976.75,3981.0,1770
2023-01-18,MESU3,2922,4075.0,4102.0,4020.0,4020.0,69
2023-01-18,MESZ3,24925,4080.0,4080.0,4068.0,4068.0,2
2023-01-19,MESH3,2080,3946.5,3947.0,3901.75,3918.0,1489466
2023-01-19,MESH3-MESM3,366324,34.25,34.25,33.5,33.95,63
2023-01-19,MESM3,9270,3980.0,3980.0,3935.0,3952.0,3241
2023-01-19,MESU3,2922,4008.0,4008.0,3971.75,3995.0,27
2023-01-19,MESZ3,24925,4040.0,4040.0,4015.25,4015.5,7
2023-01-20,MESH3,2080,3918.0,3990.25,3911.75,3988.0,1195631
2023-01-20,MESH3-MESM3,366324,33.95,34.45,33.85,34.45,69
2023-01-20,MESH3-MESU3,18495,69.5,69.5,69.5,69.5,5
2023-01-20,MESH4,763,4050.0,4050.0,4050.0,4050.0,1
2023-01-20,MESM3,9270,3952.0,4024.5,3946.0,4023.0,1449
2023-01-20,MESU3,2922,3996.5,4059.75,3996.5,4057.25,58
2023-01-20,MESZ3,24925,4080.0,4080.0,4080.0,4080.0,1
2023-01-22,MESH3,2080,3987.25,3990.0,3981.0,3983.5,10947
2023-01-22,MESM3,9270,4021.25,4024.75,4016.75,4017.5,57
2023-01-22,MESU3,2922,4060.5,4060.5,4051.5,4051.5,2
2023-01-23,MESH3,2080,3983.25,4056.5,3980.25,4032.5,1206795
2023-01-23,MESH3-MESM3,366324,34.15,35.2,34.05,35.15,112
2023-01-23,MESH3-MESU3,18495,70.0,71.5,70.0,71.5,40
2023-01-23,MESH4,763,4150.0,4157.75,4150.0,4157.75,3
2023-01-23,MESM3,9270,4017.5,4091.75,4015.75,4068.0,1901
2023-01-23,MESU3,2922,4062.0,4122.0,4050.25,4102.0,70
2023-01-23,MESZ3,24925,4120.0,4120.0,4120.0,4120.0,1
2023-01-24,MESH3,2080,4032.25,4047.25,4005.25,4018.0,1277080
2023-01-24,MESH3-MESM3,366324,34.9,35.3,34.85,35.3,90
2023-01-24,MESH3-MESU3,18495,71.0,71.0,71.0,71.0,2
2023-01-24,MESM3,9270,4068.5,4081.25,4040.75,4053.0,1656
2023-01-24,MESU3,2922,4100.0,4115.0,4078.0,4088.0,51
2023-01-24,MESZ3,24925,4140.0,4140.0,4140.0,4140.0,1
2023-01-25,MESH3,2080,4018.0,4039.5,3963.25,4037.75,1432862
2023-01-25,MESH3-MESM3,366324,34.7,34.95,34.4,34.75,232
2023-01-25,MESM3,9270,4055.25,4075.0,3998.0,4071.5,2261
2023-01-25,MESU3,2922,4085.25,4109.5,4044.5,4105.25,97
2023-01-25,MESZ3,24925,4080.0,4120.0,4080.0,4120.0,2
2023-01-26,MESH3,2080,4037.75,4077.0,4027.5,4062.75,1358483
2023-01-26,MESH3-MESM3,366324,34.6,35.7,34.6,35.55,334
2023-01-26,MESH4,763,4205.0,4205.0,4205.0,4205.0,1
2023-01-26,MESM3,9270,4073.75,4113.0,4063.0,4097.75,1816
2023-01-26,MESU3,2922,4108.0,4143.5,4106.5,4143.5,29
2023-01-26,MESZ3,24925,4160.0,4160.0,4160.0,4160.0,1
2023-01-27,MESH3,2080,4062.75,4109.25,4055.0,4083.5,1217101
2023-01-27,MESH3-MESH4,375308,139.5,141.5,139.5,141.5,10
2023-01-27,MESH3-MESM3,366324,35.5,35.95,35.15,35.75,199
2023-01-27,MESH3-MESU3,18495,71.75,72.75,71.75,72.75,25
2023-01-27,MESH3-MESZ3,51235,108.0,108.0,108.0,108.0,5
2023-01-27,MESH4,763,4200.0,4200.0,4200.0,4200.0,1
2023-01-27,MESM3,9270,4098.75,4145.0,4092.5,4118.25,1797
2023-01-27,MESU3,2922,4132.75,4177.5,4129.75,4153.25,43
2023-01-27,MESZ3,24925,4169.0,4215.0,4169.0,4190.0,7
2023-01-29,MESH3,2080,4077.75,4085.75,4074.0,4077.75,16881
2023-01-29,MESM3,9270,4114.75,4118.5,4108.75,4113.0,65
2023-01-29,MESU3,2922,4150.0,4158.0,4150.0,4158.0,3
2023-01-30,MESH3,2080,4078.0,4082.5,4029.5,4043.5,1451875
2023-01-30,MESH3-MESM3,366324,35.9,35.9,35.2,35.5,229
2023-01-30,MESM3,9270,4114.75,4118.5,4065.75,4079.25,1551
2023-01-30,MESU3,2922,4145.0,4148.0,4106.25,4106.25,46
2023-01-30,MESZ3,24925,4151.25,4155.25,4151.25,4155.25,3
2023-01-31,MESH3,2080,4043.5,4091.25,4007.5,4081.0,1195482
2023-01-31,MESH3-MESM3,366324,35.6,35.6,35.05,35.35,115
2023-01-31,MESH4,763,4150.0,4200.0,4150.0,4200.0,2
2023-01-31,MESM3,9270,4075.5,4126.25,4044.25,4118.25,1800
2023-01-31,MESM3-MESU3,13722,36.4,36.4,36.4,36.4,1
2023-01-31,MESU3,2922,4108.0,4155.75,4090.0,4150.25,62
2023-01-31,MESZ3,24925,4120.0,4184.0,4120.0,4184.0,4
2023-02-01,MESH3,2080,4080.75,4163.25,4048.5,4150.25,1383326
2023-02-01,MESH3-MESM3,366324,35.1,36.15,35.1,35.85,548
2023-02-01,MESH3-MESU3,18495,73.0,73.25,73.0,73.25,11
2023-02-01,MESH4,763,4295.0,4295.0,4275.0,4275.0,2
2023-02-01,MESM3,9270,4120.0,4199.0,4084.25,4183.25,3254
2023-02-01,MESU3,2922,4145.0,4231.5,4125.0,4223.0,84
2023-02-01,MESZ3,24925,4225.0,4260.0,4225.0,4260.0,4
2023-02-02,MESH3,2080,4150.0,4208.5,4136.75,4165.0,1551296
2023-02-02,MESH3-MESH4,375308,142.5,143.5,142.5,143.5,10
2023-02-02,MESH3-MESM3,366324,36.1,36.7,35.8,35.8,314
2023-02-02,MESH3-MESU3,18495,73.5,74.0,73.5,74.0,6
2023-02-02,MESH3-MESZ3,51235,109.0,109.75,109.0,109.75,10
2023-02-02,MESH4,763,4335.0,4335.0,4315.0,4315.0,2
2023-02-02,MESM3,9270,4185.75,4244.25,4173.25,4199.5,3234
2023-02-02,MESU3,2922,4215.0,4280.0,4213.75,4247.0,112
2023-02-02,MESZ3,24925,4251.25,4310.0,4251.0,4309.75,16
2023-02-03,MESH3,2080,4165.25,4194.0,4132.5,4146.0,1539179
2023-02-03,MESH3-MESM3,366324,36.6,37.4,36.0,36.9,530
2023-02-03,MESH3-MESZ3,51235,110.0,110.5,110.0,110.5,10
2023-02-03,MESH4,763,4310.0,4310.0,4295.0,4300.5,4
2023-02-03,MESM3,9270,4201.25,4231.0,4169.0,4183.25,2955
2023-02-03,MESM3-MESH4,375838,110.0,111.0,110.0,111.0,10
2023-02-03,MESM3-MESU3,13722,36.05,38.25,36.05,38.25,26
2023-02-03,MESM3-MESZ3,54088,73.75,75.5,73.75,75.5,41
2023-02-03,MESU3,2922,4243.5,4265.75,4207.0,4223.0,66
2023-02-03,MESZ3,24925,4280.75,4301.25,4275.0,4301.25,14
2023-02-05,MESH3,2080,4135.5,4143.0,4130.5,4140.25,21741
2023-02-05,MESM3,9270,4173.25,4179.25,4168.0,4178.5,36
2023-02-06,MESH3,2080,4140.25,4141.25,4104.0,4129.75,1099933
2023-02-06,MESH3-MESM3,366324,36.8,36.95,36.65,36.75,121
2023-02-06,MESH3-MESU3,18495,76.0,76.0,76.0,76.0,1
2023-02-06,MESM3,9270,4176.5,4177.5,4141.5,4166.25,1585
2023-02-06,MESM3-MESH4,375838,112.0,116.0,112.0,116.0,25
2023-02-06,MESM3-MESU3,13722,38.5,38.75,38.5,38.75,10
2023-02-06,MESM3-MESZ3,54088,75.75,77.5,75.75,77.5,40
2023-02-06,MESU3,2922,4212.75,4214.25,4180.0,4187.5,24
2023-02-06,MESU3-MESZ3,50298,38.0,39.0,38.0,39.0,14
2023-02-06,MESZ3,24925,4244.0,4245.0,4235.0,4235.0,8
2023-02-07,MESH3,2080,4129.75,4188.0,4098.25,4168.0,1434379
2023-02-07,MESH3-MESM3,366324,37.05,37.65,36.6,37.6,303
2023-02-07,MESH3-MESU3,18495,76.0,76.0,76.0,76.0,2
2023-02-07,MESM3,9270,4169.0,4225.25,4136.0,4204.5,3117
2023-02-07,MESM3-MESH4,375838,117.0,117.0,117.0,117.0,5
2023-02-07,MESU3,2922,4206.25,4262.25,4181.75,4251.0,59
2023-02-07,MESZ3,24925,4219.0,4289.75,4219.0,4286.75,10
2023-02-08,MESH3,2080,4168.0,4179.5,4121.25,4133.75,1077191
2023-02-08,MESH3-MESM3,366324,37.6,38.0,37.2,38.0,166
2023-02-08,MESH4,763,4324.5,4324.5,4324.5,4324.5,1
2023-02-08,MESM3,9270,4206.5,4217.0,4159.0,4170.0,1658
2023-02-08,MESM3-MESH4,375838,118.0,118.0,118.0,118.0,5
2023-02-08,MESU3,2922,4251.0,4251.0,4200.0,4200.0,25
2023-02-08,MESZ3,24925,4280.0,4280.0,4248.0,4248.0,11
2023-02-09,MESH3,2080,4133.5,4170.5,4078.5,4094.0,1196518
2023-02-09,MESH3-MESM3,366324,37.45,38.0,37.0,38.0,152
2023-02-09,MESH4,763,4314.25,4314.25,4314.25,4314.25,1
2023-02-09,MESM3,9270,4173.0,4207.25,4117.0,4130.0,1797
2023-02-09,MESU3,2922,4222.5,4242.5,4160.0,4160.0,53
2023-02-10,MESH3,2080,4094.25,4104.25,4060.5,4100.0,1141757
2023-02-10,MESH3-MESM3,366324,36.85,37.2,36.7,36.85,90
2023-02-10,MESH4,763,4250.0,4250.0,4250.0,4250.0,1
2023-02-10,MESM3,9270,4128.75,4141.5,4097.5,4136.5,2442
2023-02-10,MESU3,2922,4169.25,4180.0,4142.0,4179.5,24
2023-02-10,MESZ3,24925,4205.25,4220.0,4205.25,4220.0,3
2023-02-12,MESH3,2080,4105.0,4107.5,4087.25,4089.0,14763
2023-02-12,MESM3,9270,4140.25,4142.0,4124.25,4126.5,31
2023-02-13,MESH3,2080,4089.0,4150.75,4078.75,4148.25,767719
2023-02-13,MESH3-MESM3,366324,36.7,37.75,36.7,37.7,204
2023-02-13,MESH4,763,4293.5,4293.5,4293.5,4293.5,3
2023-02-13,MESM3,9270,4125.25,4189.0,4116.5,4186.0,1726
2023-02-13,MESM3-MESH4,375838,119.0,120.0,119.0,120.0,10
2023-02-13,MESU3,2922,4179.25,4230.25,4175.75,4229.75,43
2023-02-13,MESU3-MESZ3,50298,40.0,40.0,40.0,40.0,10
2023-02-13,MESZ3,24925,4240.75,4253.75,4240.75,4253.75,3
2023-02-13,MESZ3-MESH4,375839,39.0,39.0,39.0,39.0,16
2023-02-14,MESH3,2080,4148.25,4186.5,4103.75,4139.25,1555708
2023-02-14,MESH3-MESM3,366324,37.65,38.05,37.3,37.95,258
2023-02-14,MESM3,9270,4183.25,4224.0,4142.0,4176.0,5331
2023-02-14,MESU3,2922,4229.0,4249.25,4184.75,4225.75,41
2023-02-14,MESZ3,24925,4269.0,4280.0,4242.0,4242.0,5
2023-02-14,MESZ3-MESH4,375839,40.0,41.0,40.0,41.0,16
2023-02-15,MESH3,2080,4139.0,4161.75,4113.0,4158.75,1102444
2023-02-15,MESH3-MESM3,366324,37.5,37.85,37.3,37.85,48
2023-02-15,MESM3,9270,4174.75,4200.0,4150.5,4197.0,3176
2023-02-15,MESM3-MESU3,13722,41.0,41.0,41.0,41.0,1
2023-02-15,MESU3,2922,4209.0,4238.0,4195.0,4234.25,18
2023-02-15,MESZ3,24925,4235.5,4269.25,4235.5,4269.25,3
2023-02-16,MESH3,2080,4159.0,4168.75,4085.75,4087.75,1219776
2023-02-16,MESH3-MESM3,366324,37.7,37.9,37.1,37.55,320
2023-02-16,MESM3,9270,4197.5,4206.0,4124.0,4125.0,4025
2023-02-16,MESU3,2922,4240.0,4245.0,4163.75,4163.75,75
2023-02-16,MESZ3,24925,4228.0,4228.0,4218.0,4218.0,5
2023-02-17,MESH3,2080,4088.0,4093.25,4055.5,4086.0,1199100
2023-02-17,MESH3-MESM3,366324,37.7,37.7,37.05,37.25,223
2023-02-17,MESH4,763,4215.0,4215.0,4215.0,4215.0,2
2023-02-17,MESM3,9270,4124.5,4130.5,4092.75,4121.5,3934
2023-02-17,MESU3,2922,4145.0,4163.5,4134.5,4163.5,23
2023-02-17,MESZ3,24925,4211.0,4211.0,4211.0,4211.0,2
2023-02-19,MESH3,2080,4083.25,4085.75,4076.0,4079.25,8491
2023-02-19,MESM3,9270,4119.25,4119.25,4113.75,4116.5,39
2023-02-20,MESH3,2080,4079.25,4089.5,4073.25,4077.0,106804
2023-02-20,MESH3-MESM3,366324,37.0,37.15,36.5,37.15,3
2023-02-20,MESM3,9270,4115.0,4125.5,4107.0,4113.5,532
2023-02-20,MESU3,2922,4155.0,4159.5,4155.0,4155.5,5
2023-02-21,MESH3,2080,4077.25,4077.5,4002.25,4010.5,1026822
2023-02-21,MESH3-MESM3,366324,36.95,37.05,36.7,36.7,281
2023-02-21,MESH4,763,4200.0,4200.0,4200.0,4200.0,1
2023-02-21,MESM3,9270,4108.25,4111.75,4038.75,4048.0,3295
2023-02-21,MESU3,2922,4145.0,4145.0,4081.25,4081.75,46
2023-02-21,MESZ3,24925,4184.25,4184.25,4140.0,4140.0,5
2023-02-22,MESH3,2080,4010.25,4026.5,3983.5,4010.0,1227956
2023-02-22,MESH3-MESM3,366324,36.7,37.05,36.45,36.6,174
2023-02-22,MESH4,763,4155.0,4175.0,4147.0,4175.0,13
2023-02-22,MESM3,9270,4048.0,4062.25,4020.0,4047.0,5698
2023-02-22,MESU3,2922,4085.5,4095.75,4060.0,4060.0,29
2023-02-22,MESZ3,24925,4120.0,4120.0,4101.25,4101.25,3
2023-02-23,MESH3,2080,4010.0,4034.5,3974.25,4012.0,1159129
2023-02-23,MESH3-MESM3,366324,36.55,36.85,36.35,36.85,223
2023-02-23,MESM3,9270,4047.0,4072.0,4010.25,4048.5,4325
2023-02-23,MESU3,2922,4087.5,4113.25,4050.0,4093.75,62
2023-02-24,MESH3,2080,4012.0,4023.25,3947.25,3974.0,1158257
2023-02-24,MESH3-MESM3,366324,36.9,36.9,35.5,36.15,379
2023-02-24,MESM3,9270,4049.0,4059.5,3983.5,4012.0,6428
2023-02-24,MESU3,2922,4090.0,4090.0,4025.75,4050.0,40
2023-02-24,MESZ3,24925,4120.0,4120.0,4075.0,4075.0,12
2023-02-26,MESH3,2080,3975.75,3980.75,3973.0,3979.25,10103
2023-02-26,MESH3-MESM3,366324,36.15,36.15,36.15,36.15,3
2023-02-26,MESM3,9270,4011.25,4016.5,4008.5,4014.75,76
2023-02-26,MESU3,2922,4054.0,4054.0,4054.0,4054.0,1
2023-02-27,MESH3,2080,3979.25,4024.5,3974.75,3991.75,1083696
2023-02-27,MESH3-MESM3,366324,36.5,36.6,36.4,36.45,108
2023-02-27,MESM3,9270,4015.0,4061.0,4010.25,4028.0,4028
2023-02-27,MESU3,2922,4058.5,4097.25,4052.25,4062.75,60
2023-02-27,MESZ3,24925,4120.0,4120.0,4100.0,4107.0,4
2023-02-28,MESH3,2080,3991.75,4004.0,3961.75,3963.75,1066479
2023-02-28,MESH3-MESM3,366324,36.35,36.5,36.0,36.25,385
2023-02-28,MESM3,9270,4029.5,4040.75,3998.5,4000.0,7764
2023-02-28,MESM3-MESU3,13722,40.0,40.25,40.0,40.25,2
2023-02-28,MESU3,2922,4071.25,4077.0,4037.25,4037.25,66
2023-03-01,MESH3,2080,3963.5,3991.0,3943.0,3960.0,1259583
2023-03-01,MESH3-MESM3,366324,36.5,36.5,35.75,35.95,212
2023-03-01,MESH3-MESU3,18495,77.0,77.0,77.0,77.0,2
2023-03-01,MESM3,9270,4000.25,4027.5,3979.25,3995.75,14433
2023-03-01,MESM3-MESU3,13722,41.0,41.0,41.0,41.0,2
2023-03-01,MESU3,2922,4040.5,4065.0,4018.75,4031.75,73
2023-03-01,MESZ3,24925,4080.0,4098.25,4080.0,4080.0,4
2023-03-02,MESH3,2080,3960.0,3995.25,3924.5,3979.0,1235371
2023-03-02,MESH3-MESM3,366324,36.0,36.25,35.5,36.15,474
2023-03-02,MESH4,763,4100.0,4150.0,4100.0,4150.0,2
2023-03-02,MESM3,9270,3998.0,4031.25,3960.75,4015.5,8778
2023-03-02,MESU3,2922,4024.25,4061.0,4004.0,4055.0,118
2023-03-02,MESZ3,24925,4050.0,4110.0,4050.0,4103.0,4
2023-03-03,MESH3,2080,3979.25,4053.75,3974.0,4052.75,984285
2023-03-03,MESH3-MESM3,366324,36.25,37.05,36.25,37.0,507
2023-03-03,MESH3-MESU3,18495,79.75,79.75,79.75,79.75,6
2023-03-03,MESH4,763,4200.0,4215.0,4200.0,4215.0,2
2023-03-03,MESM3,9270,4015.75,4090.0,4010.5,4089.75,9379
2023-03-03,MESM3-MESU3,13722,41.0,41.0,41.0,41.0,2
2023-03-03,MESU3,2922,4055.0,4135.5,4052.0,4135.5,131
2023-03-03,MESZ3,24925,4102.25,4160.0,4102.25,4160.0,6
2023-03-05,MESH3,2080,4049.5,4049.75,4041.75,4044.75,11442
2023-03-05,MESM3,9270,4085.75,4088.0,4078.25,4081.75,262
2023-03-05,MESU3,2922,4128.0,4128.0,4121.25,4125.0,11
2023-03-05,MESZ3,24925,4164.75,4164.75,4164.75,4164.75,1
2023-03-06,MESH3,2080,4044.75,4082.5,4043.0,4054.75,986175
2023-03-06,MESH3-MESM3,366324,37.0,37.55,36.6,37.15,527
2023-03-06,MESM3,9270,4082.25,4119.75,4079.75,4091.75,16153
2023-03-06,MESM3-MESU3,13722,41.75,41.75,41.75,41.75,1
2023-03-06,MESU3,2922,4123.0,4160.5,4121.5,4132.0,110
2023-03-06,MESZ3,24925,4175.0,4207.25,4173.5,4207.25,12
2023-03-07,MESH3,2080,4054.5,4064.5,3982.5,3991.5,1142801
2023-03-07,MESH3-MESM3,366324,37.25,37.5,37.0,37.1,353
2023-03-07,MESH3-MESU3,18495,80.0,80.0,80.0,80.0,2
2023-03-07,MESH4,763,4168.0,4168.0,4168.0,4168.0,1
2023-03-07,MESM3,9270,4091.0,4101.75,4019.5,4029.0,31410
2023-03-07,MESM3-MESU3,13722,41.75,41.75,41.25,41.25,2
2023-03-07,MESU3,2922,4136.5,4140.0,4062.0,4070.25,175
2023-03-07,MESZ3,24925,4160.0,4162.0,4120.0,4124.25,29
2023-03-08,MESH3,2080,3991.75,4003.5,3970.75,3994.5,1110992
2023-03-08,MESH3-MESM3,366324,37.25,38.0,37.2,37.5,3038
2023-03-08,MESH4,763,4150.0,4150.0,4150.0,4150.0,1
2023-03-08,MESM3,9270,4028.75,4040.75,4009.25,4032.0,24653
2023-03-08,MESM3-MESU3,13722,42.0,42.0,42.0,42.0,1
2023-03-08,MESU3,2922,4069.25,4081.75,4051.25,4073.5,136
2023-03-08,MESZ3,24925,4101.25,4101.25,4100.0,4100.0,3
2023-03-09,MESH3,2080,3994.75,4019.75,3906.0,3912.0,1508650
2023-03-09,MESH3-MESM3,366324,37.5,37.85,36.2,36.25,1907
2023-03-09,MESH3-MESU3,18495,79.0,79.0,79.0,79.0,1
2023-03-09,MESH4,763,4100.0,4100.0,4100.0,4100.0,1
2023-03-09,MESM3,9270,4032.0,4057.5,3942.25,3948.0,67450
2023-03-09,MESM3-MESU3,13722,42.0,42.0,40.5,40.5,3
2023-03-09,MESU3,2922,4070.75,4099.25,3980.75,3986.0,290
2023-03-09,MESZ3,24925,4125.0,4137.5,4037.25,4038.0,13
2023-03-10,MESH3,2080,3911.75,3942.0,3846.25,3878.25,1938567
2023-03-10,MESH3-MESM3,366324,36.2,36.35,34.0,34.6,6801
2023-03-10,MESH3-MESU3,18495,71.25,71.25,71.0,71.0,8
2023-03-10,MESH4,763,4050.0,4050.0,4000.0,4000.0,2
2023-03-10,MESM3,9270,3948.0,3977.25,3881.0,3915.0,406071
2023-03-10,MESM3-MESH4,375838,118.0,118.0,116.0,117.0,9
2023-03-10,MESM3-MESU3,13722,37.0,37.0,36.25,36.25,2
2023-03-10,MESU3,2922,3987.25,4013.5,3917.25,3948.5,376
2023-03-10,MESZ3,24925,4036.0,4046.0,3963.0,3963.0,100
2023-03-12,MESH3,2080,3885.0,3927.75,3859.25,3907.25,61297
2023-03-12,MESH3-MESM3,366324,34.6,35.1,29.5,32.3,2480
2023-03-12,MESH3-MESU3,18495,69.05,69.05,69.05,69.05,20
2023-03-12,MESM3,9270,3917.0,3957.0,3893.25,3939.75,82623
2023-03-12,MESM3-MESU3,13722,37.0,37.0,37.0,37.0,1
2023-03-12,MESU3,2922,3943.5,3991.0,3929.5,3982.0,62
2023-03-13,MESH3,2080,3907.0,3938.5,3808.75,3861.5,926817
2023-03-13,MESH3-MESM3,366324,32.55,33.8,30.1,31.7,34295
2023-03-13,MESM3,9270,3939.5,3972.0,3839.25,3892.75,1772230
2023-03-13,MESM3-MESU3,13722,32.0,33.0,28.25,33.0,12
2023-03-13,MESM3-MESZ3,54088,65.0,65.0,65.0,65.0,1
2023-03-13,MESU3,2922,3984.75,4004.75,3870.0,3924.25,425
2023-03-13,MESU3-MESH4,375407,77.0,77.0,74.0,74.0,5
2023-03-13,MESU3-MESZ3,50298,37.0,37.0,37.0,37.0,3
2023-03-13,MESZ3,24925,3951.25,3981.25,3926.5,3981.25,23
2023-03-13,MESZ3-MESH4,375839,37.0,37.0,35.0,35.0,3
2023-03-14,MESH3,2080,3861.75,3938.25,3855.0,3919.25,287539
2023-03-14,MESH3-MESH4,375308,125.0,125.0,125.0,125.0,9
2023-03-14,MESH3-MESM3,366324,31.8,34.6,31.15,33.25,14200
2023-03-14,MESH3-MESZ3,51235,92.0,92.0,92.0,92.0,9
2023-03-14,MESH4,763,4000.0,4000.0,4000.0,4000.0,1
2023-03-14,MESM3,9270,3892.75,3972.5,3886.75,3952.25,1285104
2023-03-14,MESM3-MESU3,13722,33.0,33.0,33.0,33.0,4
2023-03-14,MESU3,2922,3930.0,4006.75,3916.0,3981.0,413
2023-03-14,MESZ3,24925,3959.0,4007.5,3959.0,4000.0,18
2023-03-15,MESH3,2080,3919.0,3931.25,3833.5,3890.25,290926
2023-03-15,MESH3-MESM3,366324,33.2,33.6,30.55,32.3,7973
2023-03-15,MESH3-MESU3,18495,56.7,62.0,56.7,62.0,14
2023-03-15,MESH4,763,3953.5,3960.0,3948.0,3948.0,3
2023-03-15,MESM3,9270,3952.25,3964.0,3865.0,3922.25,1597127
2023-03-15,MESM3-MESU3,13722,29.25,29.25,26.0,26.0,4
2023-03-15,MESU3,2922,3978.0,3996.75,3895.0,3953.75,611
2023-03-15,MESZ3,24925,3980.0,3980.0,3923.5,3923.5,17
2023-03-16,MESH3,2080,3889.75,3966.5,3863.0,3961.0,156161
2023-03-16,MESH3-MESM3,366324,32.2,34.85,31.15,33.5,3867
2023-03-16,MESH4,763,4025.0,4075.0,4025.0,4075.0,7
2023-03-16,MESM3,9270,3922.25,4000.0,3894.75,3994.25,1158389
2023-03-16,MESM3-MESU3,13722,31.65,31.65,31.45,31.45,14
2023-03-16,MESU3,2922,3955.0,4033.75,3924.25,4027.75,724
2023-03-16,MESZ3,24925,3997.0,4054.5,3955.0,4054.5,8
2023-03-17,MESH3,2080,3961.0,3976.0,3922.75,3950.75,11876
2023-03-17,MESH3-MESM3,366324,33.4,36.75,30.75,30.75,836
2023-03-17,MESH3-MESU3,18495,67.25,67.25,67.25,67.25,6
2023-03-17,MESH4,763,4098.0,4098.0,4098.0,4098.0,1
2023-03-17,MESM3,9270,3994.25,4009.25,3931.25,3949.25,1277919
2023-03-17,MESM3-MESU3,13722,33.8,33.8,29.55,29.55,149
2023-03-17,MESU3,2922,4025.25,4042.25,3963.0,3980.5,1616
2023-03-17,MESZ3,24925,4038.0,4038.0,3999.75,4000.0,10
2023-03-19,MESM3,9270,3963.25,3976.5,3952.5,3971.0,54449
2023-03-19,MESU3,2922,3988.5,4004.0,3983.5,4001.0,157
2023-03-19,MESZ3,24925,3995.0,3995.0,3995.0,3995.0,1
2023-03-20,MESM3,9270,3971.0,3989.25,3897.0,3985.0,1299871
2023-03-20,MESM3-MESU3,13722,31.0,32.0,29.5,32.0,122
2023-03-20,MESU3,2922,4001.0,4021.25,3927.75,4014.0,2181
2023-03-20,MESZ3,24925,3995.0,4044.0,3995.0,4044.0,6
2023-03-21,MESH4,763,4100.0,4125.0,4100.0,4125.0,6
2023-03-21,MESM3,9270,3984.75,4043.5,3981.75,4038.0,899803
2023-03-21,MESM3-MESU3,13722,32.0,34.2,32.0,33.2,18
2023-03-21,MESU3,2922,4014.0,4078.0,4013.75,4070.75,1507
2023-03-21,MESZ3,24925,4075.0,4098.0,4070.0,4098.0,15
2023-03-22,MESH4,763,4150.0,4150.0,4051.5,4051.5,2
2023-03-22,MESM3,9270,4037.5,4074.0,3966.0,3975.0,1114398
2023-03-22,MESM3-MESU3,13722,34.2,34.2,33.0,33.0,53
2023-03-22,MESU3,2922,4068.0,4107.5,3999.0,4009.25,2401
2023-03-22,MESZ3,24925,4104.0,4127.0,4035.0,4037.75,37
2023-03-23,MESH4,763,4059.0,4059.0,4059.0,4059.0,3
2023-03-23,MESM3,9270,3975.0,4039.5,3948.5,3984.5,1474747
2023-03-23,MESM3-MESU3,13722,32.4,33.15,31.55,32.15,46
2023-03-23,MESU3,2922,4007.5,4072.0,3980.0,4016.0,2593
2023-03-23,MESZ3,24925,4038.75,4097.0,4025.75,4044.0,35
2023-03-24,MESH4,763,4041.25,4095.75,4041.25,4095.75,8
2023-03-24,MESM3,9270,3984.5,4011.0,3937.0,4009.75,1328657
2023-03-24,MESM3-MESU3,13722,29.25,32.1,29.25,32.05,35
2023-03-24,MESU3,2922,4013.0,4042.5,3968.0,4039.0,2314
2023-03-24,MESZ3,24925,4044.25,4057.25,4001.0,4057.25,19
2023-03-26,MESM3,9270,4008.0,4028.0,4006.0,4024.0,29008
2023-03-26,MESU3,2922,4041.0,4058.0,4037.0,4056.0,127
2023-03-26,MESZ3,24925,4073.25,4073.25,4073.25,4073.25,5
2023-03-27,MESM3,9270,4024.25,4034.5,3997.5,4015.25,940288
2023-03-27,MESM3-MESU3,13722,30.55,33.55,30.55,33.55,7
2023-03-27,MESU3,2922,4054.0,4067.0,4030.0,4047.25,1380
2023-03-27,MESZ3,24925,4080.0,4093.25,4070.0,4087.0,13
2023-03-28,MESM3,9270,4015.0,4024.0,3980.75,4011.0,832338
2023-03-28,MESM3-MESU3,13722,34.0,34.0,34.0,34.0,1
2023-03-28,MESU3,2922,4046.5,4055.5,4014.75,4045.5,1094
2023-03-28,MESZ3,24925,4075.0,4075.0,4053.0,4061.75,41
2023-03-29,MESM3,9270,4011.25,4061.5,4010.5,4053.75,825494
2023-03-29,MESM3-MESU3,13722,33.6,34.8,33.6,34.7,12
2023-03-29,MESU3,2922,4044.0,4099.0,4044.0,4089.75,1911
2023-03-29,MESZ3,24925,4076.75,4124.25,4076.75,4124.25,49
2023-03-30,MESH4,763,4175.0,4175.0,4175.0,4175.0,2
2023-03-30,MESM3,9270,4053.75,4087.75,4052.5,4086.0,863062
2023-03-30,MESM3-MESU3,13722,34.8,35.5,34.8,35.15,26
2023-03-30,MESM4,13804,4200.0,4200.0,4200.0,4200.0,2
2023-03-30,MESU3,2922,4088.25,4122.25,4087.25,4122.0,1447
2023-03-30,MESZ3,24925,4123.75,4150.0,4123.75,4142.0,15
2023-03-31,MESH4,763,4200.0,4215.0,4200.0,4215.0,3
2023-03-31,MESM3,9270,4085.75,4142.5,4078.0,4139.25,867987
2023-03-31,MESM3-MESU3,13722,36.0,36.0,35.0,35.6,26
2023-03-31,MESU3,2922,4121.25,4179.25,4114.25,4175.75,1721
2023-03-31,MESZ3,24925,4155.0,4203.0,4154.75,4202.5,26
2023-04-02,MESM3,9270,4127.25,4137.0,4125.25,4131.0,27924
2023-04-02,MESU3,2922,4164.75,4171.25,4162.25,4166.0,133
2023-04-02,MESZ3,24925,4189.5,4189.5,4189.5,4189.5,1
2023-04-03,MESH4,763,4240.0,4250.0,4240.0,4250.0,4
2023-04-03,MESM3,9270,4131.0,4157.75,4122.0,4150.25,807870
2023-04-03,MESM3-MESU3,13722,36.25,36.25,36.2,36.2,14
2023-04-03,MESU3,2922,4166.0,4193.25,4159.0,4188.0,1017
2023-04-03,MESZ3,24925,4200.0,4225.25,4197.0,4225.25,9
2023-04-04,MESH4,763,4275.0,4275.0,4275.0,4275.0,1
2023-04-04,MESM3,9270,4150.0,4171.75,4115.25,4133.75,990738
2023-04-04,MESM3-MESU3,13722,36.0,36.3,34.25,35.25,51
2023-04-04,MESM4,13804,4300.0,4300.0,4300.0,4300.0,2
2023-04-04,MESU3,2922,4185.75,4208.0,4149.75,4168.75,1272
2023-04-04,MESZ3,24925,4225.0,4241.25,4179.0,4197.0,41
2023-04-05,MESM3,9270,4133.5,4135.75,4099.0,4113.5,879898
2023-04-05,MESM3-MESU3,13722,35.0,35.25,33.0,34.5,46
2023-04-05,MESU3,2922,4169.0,4170.0,4132.75,4148.25,1253
2023-04-05,MESZ3,24925,4185.25,4185.5,4166.0,4182.75,22
2023-04-06,MESH4,763,4200.0,4200.0,4200.0,4200.0,1
2023-04-06,MESM3,9270,4113.25,4135.25,4096.25,4128.25,816628
2023-04-06,MESM3-MESU3,13722,34.5,34.75,34.5,34.75,7
2023-04-06,MESU3,2922,4145.0,4170.0,4131.0,4162.5,1116
2023-04-06,MESZ3,24925,4170.0,4200.0,4165.0,4200.0,10
2023-04-07,MESM3,9270,4128.0,4147.5,4118.0,4141.75,63261
2023-04-07,MESM3-MESU3,13722,35.0,35.75,35.0,35.75,4
2023-04-07,MESU3,2922,4163.0,4182.0,4155.0,4176.0,153
2023-04-07,MESZ3,24925,4200.0,4200.0,4200.0,4200.0,1
2023-04-09,MESM3,9270,4139.0,4143.0,4134.0,4135.0,14321
2023-04-09,MESU3,2922,4173.0,4178.5,4170.0,4170.25,26
2023-04-10,MESM3,9270,4135.0,4142.5,4098.75,4142.0,720256
2023-04-10,MESU3,2922,4172.0,4178.75,4135.0,4178.75,1005
2023-04-10,MESZ3,24925,4180.5,4200.0,4180.5,4200.0,3
2023-04-11,MESH4,763,4250.0,4250.0,4250.0,4250.0,2
2023-04-11,MESM3,9270,4142.0,4151.75,4128.75,4139.5,703380
2023-04-11,MESM3-MESU3,13722,36.75,36.75,36.75,36.75,1
2023-04-11,MESU3,2922,4178.75,4188.0,4166.25,4178.0,785
2023-04-11,MESZ3,24925,4202.5,4220.0,4202.5,4203.75,14
2023-04-12,MESM3,9270,4139.5,4177.75,4110.25,4111.5,1112858
2023-04-12,MESM3-MESU3,13722,36.75,36.95,36.55,36.55,50
2023-04-12,MESU3,2922,4175.5,4213.5,4147.75,4148.0,1644
2023-04-12,MESZ3,24925,4210.0,4247.0,4182.75,4182.75,24
2023-04-13,MESH4,763,4242.75,4266.75,4242.75,4266.75,5
2023-04-13,MESM3,9270,4111.5,4177.0,4111.0,4170.25,821973
2023-04-13,MESM3-MESU3,13722,34.55,36.9,34.55,36.9,19
2023-04-13,MESM4,13804,4300.0,4300.0,4300.0,4300.0,2
2023-04-13,MESU3,2922,4148.5,4213.0,4148.5,4205.5,1283
2023-04-13,MESZ3,24925,4201.0,4247.75,4194.0,4247.75,21
2023-04-14,MESH4,763,4286.75,4286.75,4250.75,4250.75,4
2023-04-14,MESM3,9270,4170.5,4189.25,4138.0,4171.75,1146383
2023-04-14,MESM3-MESU3,13722,36.75,38.0,34.5,37.6,31
2023-04-14,MESU3,2922,4205.75,4227.5,4176.25,4209.25,1921
2023-04-14,MESZ3,24925,4240.75,4256.0,4212.25,4241.0,48
2023-04-16,MESM3,9270,4174.0,4175.0,4170.0,4171.75,11103
2023-04-16,MESU3,2922,4209.0,4211.5,4208.5,4208.75,47
2023-04-16,MESZ3,24925,4242.0,4242.0,4242.0,4242.0,6
2023-04-17,MESM3,9270,4171.75,4180.5,4147.75,4176.25,828142
2023-04-17,MESM3-MESH4,375838,112.0,112.0,112.0,112.0,1
2023-04-17,MESM3-MESU3,13722,38.65,38.65,38.65,38.65,1
2023-04-17,MESU3,2922,4209.5,4219.0,4186.75,4214.5,970
2023-04-17,MESZ3,24925,4245.0,4256.75,4221.75,4256.25,42
2023-04-18,MESH4,763,4300.0,4300.0,4284.0,4284.0,2
2023-04-18,MESM3,9270,4176.25,4198.25,4164.5,4175.75,877664
2023-04-18,MESM3-MESU3,13722,38.65,39.0,38.5,39.0,10
2023-04-18,MESU3,2922,4212.75,4236.75,4203.0,4213.75,969
2023-04-18,MESZ3,24925,4246.25,4270.0,4241.75,4254.0,33
2023-04-19,MESM3,9270,4175.75,4187.5,4150.75,4166.25,808612
2023-04-19,MESM3-MESU3,13722,38.75,38.75,38.5,38.5,2
2023-04-19,MESU3,2922,4215.0,4226.0,4188.5,4205.25,1645
2023-04-19,MESZ3,24925,4244.0,4258.25,4227.75,4245.0,51
2023-04-20,MESH4,763,4275.0,4275.0,4275.0,4275.0,2
2023-04-20,MESM3,9270,4166.25,4173.25,4136.75,4151.75,949940
2023-04-20,MESM3-MESU3,13722,38.5,38.55,38.5,38.55,19
2023-04-20,MESU3,2922,4205.25,4211.0,4175.75,4190.0,1650
2023-04-20,MESZ3,24925,4230.25,4248.0,4215.0,4231.0,84
2023-04-21,MESM3,9270,4151.25,4161.0,4135.25,4153.0,908238
2023-04-21,MESM3-MESU3,13722,39.0,39.0,38.25,38.25,19
2023-04-21,MESM4,13804,4300.0,4300.0,4300.0,4300.0,1
2023-04-21,MESU3,2922,4190.0,4199.0,4174.25,4194.5,992
2023-04-21,MESZ3,24925,4230.5,4235.0,4211.0,4229.0,23
2023-04-23,MESM3,9270,4150.25,4152.5,4148.25,4150.5,9368
2023-04-23,MESU3,2922,4188.5,4191.0,4187.0,4189.25,48
2023-04-23,MESZ3,24925,4222.0,4222.0,4222.0,4222.0,1
2023-04-24,MESM3,9270,4150.5,4165.0,4133.25,4155.75,813568
2023-04-24,MESM3-MESU3,13722,38.3,38.3,38.3,38.3,10
2023-04-24,MESU3,2922,4189.0,4202.5,4172.25,4194.75,1197
2023-04-24,MESZ3,24925,4220.25,4237.0,4210.0,4235.0,33
2023-04-25,MESH4,763,4250.0,4250.0,4198.5,4209.0,13
2023-04-25,MESM3,9270,4155.75,4158.25,4090.5,4111.25,998150
2023-04-25,MESM3-MESU3,13722,38.1,38.1,36.65,36.75,19
2023-04-25,MESM4,13804,4265.25,4265.25,4241.75,4241.75,3
2023-04-25,MESU3,2922,4195.0,4197.25,4126.5,4148.0,2012
2023-04-25,MESZ3,24925,4227.5,4227.5,4167.5,4181.0,42
2023-04-26,MESM3,9270,4111.25,4115.75,4066.0,4085.25,1127995
2023-04-26,MESM3-MESU3,13722,37.0,37.5,36.0,36.0,17
2023-04-26,MESM4,13804,4215.0,4215.0,4215.0,4215.0,1
2023-04-26,MESU3,2922,4146.0,4151.5,4105.0,4122.5,1871
2023-04-26,MESZ3,24925,4179.25,4186.25,4142.0,4144.5,35
2023-04-27,MESH4,763,4197.0,4233.5,4197.0,4233.5,5
2023-04-27,MESM3,9270,4085.5,4168.0,4080.75,4148.75,875629
2023-04-27,MESM3-MESU3,13722,37.55,38.5,37.5,38.5,103
2023-04-27,MESM4,13804,4265.0,4300.0,4265.0,4300.0,2
2023-04-27,MESU3,2922,4120.75,4204.25,4117.5,4187.5,2659
2023-04-27,MESZ3,24925,4158.75,4240.0,4158.75,4225.0,50
2023-04-28,MESH4,763,4292.0,4300.0,4292.0,4300.0,3
2023-04-28,MESM3,9270,4148.75,4193.75,4131.75,4190.75,1010677
2023-04-28,MESM3-MESU3,13722,39.0,39.8,37.75,38.3,76
2023-04-28,MESU3,2922,4186.25,4231.75,4169.25,4229.0,2081
2023-04-28,MESZ3,24925,4220.0,4270.0,4206.75,4265.0,63
2023-04-30,MESM3,9270,4189.5,4191.25,4181.5,4182.5,16374
2023-04-30,MESU3,2922,4227.0,4228.75,4220.0,4222.25,87
2023-04-30,MESZ3,24925,4259.0,4259.0,4259.0,4259.0,2
2023-05-01,MESM3,9270,4182.5,4206.25,4177.0,4179.25,701913
2023-05-01,MESM3-MESU3,13722,38.25,39.25,38.25,39.0,20
2023-05-01,MESM3-MESZ3,54088,78.0,78.75,78.0,78.75,6
2023-05-01,MESU3,2922,4220.5,4245.25,4215.0,4217.5,1310
2023-05-01,MESZ3,24925,4262.5,4280.0,4256.0,4257.0,41
2023-05-02,MESH4,763,4220.0,4238.75,4217.25,4238.75,9
2023-05-02,MESM3,9270,4179.0,4191.75,4105.5,4138.25,1027393
2023-05-02,MESM3-MESU3,13722,38.85,38.85,36.5,37.25,97
2023-05-02,MESM4,13804,4300.0,4300.0,4300.0,4300.0,1
2023-05-02,MESU3,2922,4220.5,4230.0,4142.5,4172.75,3462
2023-05-02,MESZ3,24925,4262.0,4262.75,4181.0,4209.0,66
2023-05-03,MESH4,763,4250.0,4261.0,4199.5,4199.5,12
2023-05-03,MESM3,9270,4138.5,4167.0,4076.25,4093.5,1107024
2023-05-03,MESM3-MESU3,13722,37.25,38.75,36.0,36.0,132
2023-05-03,MESU3,2922,4174.0,4202.5,4114.5,4129.75,2231
2023-05-03,MESZ3,24925,4221.75,4239.0,4160.0,4160.0,49
2023-05-04,MESM3,9270,4093.5,4118.0,4062.25,4087.75,1190814
2023-05-04,MESM3-MESU3,13722,37.0,37.0,35.25,36.1,55
2023-05-04,MESU3,2922,4130.0,4154.25,4098.0,4123.25,3169
2023-05-04,MESZ3,24925,4166.0,4184.0,4133.25,4146.75,76
2023-05-05,MESM3,9270,4087.5,4163.25,4082.5,4148.75,807525
2023-05-05,MESM3-MESU3,13722,35.75,37.65,35.6,37.65,33
2023-05-05,MESU3,2922,4122.25,4201.75,4119.75,4186.0,3632
2023-05-05,MESZ3,24925,4150.5,4232.75,4150.5,4230.0,52
2023-05-07,MESM3,9270,4150.5,4154.5,4146.0,4146.25,14989
2023-05-07,MESU3,2922,4190.0,4192.25,4184.0,4184.0,777
2023-05-08,MESH4,763,4256.25,4262.0,4245.0,4255.5,8
2023-05-08,MESM3,9270,4146.25,4161.0,4137.5,4150.25,637071
2023-05-08,MESM3-MESU3,13722,37.75,38.1,37.75,38.0,106
2023-05-08,MESU3,2922,4182.25,4198.0,4175.75,4187.75,6464
2023-05-08,MESZ3,24925,4230.0,4230.0,4219.75,4219.75,4
2023-05-09,MESH4,763,4250.75,4250.75,4244.75,4247.0,8
2023-05-09,MESM3,9270,4150.25,4153.25,4131.0,4138.0,598766
2023-05-09,MESM3-MESU3,13722,37.6,38.45,37.6,38.45,72
2023-05-09,MESU3,2922,4187.25,4190.5,4168.75,4175.5,1717
2023-05-09,MESZ3,24925,4207.0,4217.0,4207.0,4211.0,9
2023-05-10,MESH4,763,4274.25,4274.25,4250.25,4260.25,7
2023-05-10,MESM3,9270,4137.75,4173.0,4112.25,4157.25,1142556
2023-05-10,MESM3-MESU3,13722,38.35,38.35,37.5,37.95,190
2023-05-10,MESU3,2922,4177.0,4210.5,4149.25,4195.75,5547
2023-05-10,MESZ3,24925,4200.0,4244.0,4185.0,4218.0,63
2023-05-11,MESH4,763,4269.25,4269.25,4231.0,4231.0,7
2023-05-11,MESM3,9270,4157.25,4168.5,4121.5,4146.0,946544
2023-05-11,MESM3-MESU3,13722,37.5,38.25,37.3,38.25,182
2023-05-11,MESU3,2922,4196.0,4205.5,4159.0,4185.25,4750
2023-05-11,MESZ3,24925,4232.0,4242.0,4198.0,4221.0,40
2023-05-12,MESH4,763,4265.0,4265.0,4230.5,4237.5,6
2023-05-12,MESM3,9270,4145.75,4164.75,4110.75,4132.0,800382
2023-05-12,MESM3-MESU3,13722,37.85,38.0,37.7,37.9,167
2023-05-12,MESU3,2922,4182.75,4202.5,4149.75,4169.75,2800
2023-05-12,MESZ3,24925,4224.0,4235.0,4191.0,4210.75,29
2023-05-14,MESM3,9270,4132.25,4133.5,4129.0,4132.25,9961
2023-05-14,MESU3,2922,4168.0,4170.0,4166.5,4168.75,105
2023-05-14,MESZ3,24925,4206.0,4206.0,4206.0,4206.0,1
2023-05-15,MESH4,763,4256.0,4256.0,4245.0,4253.0,3
2023-05-15,MESM3,9270,4132.0,4156.25,4123.0,4146.75,727003
2023-05-15,MESM3-MESU3,13722,38.0,38.2,38.0,38.15,28
2023-05-15,MESU3,2922,4168.25,4194.0,4161.25,4184.0,3019
2023-05-15,MESZ3,24925,4206.0,4229.0,4196.25,4224.75,51
2023-05-16,MESH4,763,4243.0,4243.5,4243.0,4243.5,2
2023-05-16,MESM3,9270,4146.75,4152.0,4120.0,4129.0,800306
2023-05-16,MESM3-MESU3,13722,36.85,38.2,36.85,38.2,81
2023-05-16,MESU3,2922,4184.0,4189.0,4158.25,4166.0,2262
2023-05-16,MESZ3,24925,4217.0,4224.75,4196.0,4200.0,32
2023-05-17,MESH4,763,4277.0,4286.0,4277.0,4283.5,6
2023-05-17,MESM3,9270,4129.0,4179.0,4122.0,4169.75,852372
2023-05-17,MESM3-MESU3,13722,38.1,38.95,38.1,38.7,185
2023-05-17,MESM4,13804,4300.0,4300.0,4300.0,4300.0,2
2023-05-17,MESU3,2922,4168.0,4217.75,4160.5,4208.0,3684
2023-05-17,MESZ3,24925,4200.0,4254.75,4200.0,4245.25,108
2023-05-18,MESH4,763,4290.0,4314.5,4282.0,4314.5,17
2023-05-18,MESM3,9270,4169.75,4225.75,4161.0,4217.5,972304
2023-05-18,MESM3-MESU3,13722,38.95,40.1,38.95,40.1,163
2023-05-18,MESM4,13804,4358.0,4358.0,4358.0,4358.0,2
2023-05-18,MESU3,2922,4208.0,4265.0,4200.75,4257.5,4710
2023-05-18,MESZ3,24925,4247.0,4307.0,4242.0,4303.25,176
2023-05-19,MESH4,763,4331.0,4331.0,4315.0,4315.0,3
2023-05-19,MESM3,9270,4217.5,4227.25,4191.5,4198.25,989590
2023-05-19,MESM3-MESH4,375838,117.0,117.0,117.0,117.0,1
2023-05-19,MESM3-MESU3,13722,39.6,40.4,39.5,39.75,158
2023-05-19,MESU3,2922,4258.0,4267.5,4231.25,4238.5,3198
2023-05-19,MESZ3,24925,4300.0,4307.0,4272.25,4287.0,136
2023-05-21,MESM3,9270,4189.25,4201.25,4186.5,4200.5,15484
2023-05-21,MESM3-MESU3,13722,39.75,39.75,39.75,39.75,6
2023-05-21,MESU3,2922,4229.75,4239.0,4227.0,4239.0,121
2023-05-21,MESZ3,24925,4270.5,4274.0,4270.0,4274.0,3
2023-05-22,MESM3,9270,4200.25,4221.75,4191.0,4216.75,808843
2023-05-22,MESM3-MESU3,13722,40.3,40.6,40.1,40.4,76
2023-05-22,MESU3,2922,4239.25,4262.0,4231.5,4257.75,2372
2023-05-22,MESZ3,24925,4280.0,4300.0,4275.0,4287.25,53
2023-05-23,MESH4,763,4282.0,4282.0,4282.0,4282.0,1
2023-05-23,MESM3,9270,4216.75,4222.75,4153.0,4164.25,976332
2023-05-23,MESM3-MESU3,13722,40.6,41.0,40.25,40.25,53
2023-05-23,MESM3-MESZ3,54088,81.25,81.25,81.25,81.25,1
2023-05-23,MESU3,2922,4258.0,4262.5,4193.75,4204.25,3180
2023-05-23,MESZ3,24925,4291.0,4291.0,4237.0,4242.0,127
2023-05-24,MESH4,763,4244.5,4244.5,4244.5,4244.5,1
2023-05-24,MESM3,9270,4164.25,4166.0,4114.0,4144.5,1178607
2023-05-24,MESM3-MESU3,13722,40.25,40.35,39.9,40.0,148
2023-05-24,MESU3,2922,4204.0,4205.75,4154.0,4185.75,4913
2023-05-24,MESZ3,24925,4244.5,4245.5,4195.0,4232.75,87
2023-05-25,MESM3,9270,4144.75,4175.75,4135.25,4152.75,1155995
2023-05-25,MESM3-MESU3,13722,39.8,41.45,39.8,41.0,391
2023-05-25,MESU3,2922,4185.0,4217.0,4176.25,4194.0,3806
2023-05-25,MESZ3,24925,4224.0,4255.5,4215.0,4232.25,53
2023-05-26,MESH4,763,4333.5,4338.75,4333.5,4338.75,8
2023-05-26,MESM3,9270,4152.75,4221.25,4146.0,4219.25,905546
2023-05-26,MESM3-MESU3,13722,40.85,42.25,40.85,42.25,293
2023-05-26,MESU3,2922,4192.5,4264.0,4187.0,4260.5,4508
2023-05-26,MESZ3,24925,4232.25,4305.25,4230.0,4300.0,325
2023-05-28,MESM3,9270,4230.25,4240.0,4228.25,4230.5,16900
2023-05-28,MESM3-MESU3,13722,41.55,42.4,41.25,42.4,14
2023-05-28,MESM4,13804,4390.0,4390.0,4390.0,4390.0,2
2023-05-28,MESU3,2922,4271.25,4281.0,4271.0,4274.5,437
2023-05-28,MESZ3,24925,4316.0,4321.0,4313.0,4319.0,24
2023-05-29,MESM3,9270,4230.5,4234.5,4220.25,4222.25,93377
2023-05-29,MESM3-MESU3,13722,42.25,42.6,41.85,42.05,104
2023-05-29,MESU3,2922,4272.75,4276.25,4262.0,4262.5,733
2023-05-29,MESZ3,24925,4319.0,4319.0,4305.25,4306.0,40
2023-05-30,MESH4,763,4368.0,4368.0,4330.0,4337.5,7
2023-05-30,MESM3,9270,4221.75,4243.0,4200.0,4216.25,957786
2023-05-30,MESM3-MESU3,13722,41.9,42.55,41.85,42.5,108
2023-05-30,MESM4,13804,4400.0,4400.0,4400.0,4400.0,3
2023-05-30,MESU3,2922,4263.75,4285.25,4242.25,4258.0,4279
2023-05-30,MESU3-MESZ3,50298,42.55,42.55,42.55,42.55,1
2023-05-30,MESZ3,24925,4306.0,4328.0,4284.5,4299.75,171
2023-05-31,MESH4,763,4337.5,4337.5,4323.0,4323.0,11
2023-05-31,MESM3,9270,4216.5,4217.25,4173.0,4196.25,971488
2023-05-31,MESM3-MESU3,13722,42.2,42.4,41.5,41.55,164
2023-05-31,MESU3,2922,4260.0,4260.0,4215.0,4238.0,5934
2023-05-31,MESZ3,24925,4299.0,4299.0,4258.0,4275.0,130
2023-06-01,MESH4,763,4309.75,4359.25,4309.75,4350.0,6
2023-06-01,MESM3,9270,4196.5,4239.75,4178.0,4230.0,899686
2023-06-01,MESM3-MESU3,13722,41.6,42.05,41.1,41.8,98
2023-06-01,MESU3,2922,4237.0,4281.75,4219.75,4272.0,8134
2023-06-01,MESU3-MESZ3,50298,40.0,40.0,40.0,40.0,1
2023-06-01,MESZ3,24925,4284.5,4322.25,4261.0,4315.5,273
2023-06-02,MESH4,763,4371.25,4415.5,4360.0,4415.5,32
2023-06-02,MESM3,9270,4230.25,4297.75,4228.75,4288.75,1058061
2023-06-02,MESM3-MESU3,13722,41.9,43.2,41.9,43.1,221
2023-06-02,MESM3-MESZ3,54088,84.5,87.0,84.5,87.0,10
2023-06-02,MESM4,13804,4398.5,4398.5,4398.5,4398.5,1
2023-06-02,MESU3,2922,4272.0,4341.0,4270.5,4331.25,12068
2023-06-02,MESU3-MESH4,375407,85.0,87.0,85.0,87.0,3
2023-06-02,MESZ3,24925,4314.0,4383.5,4312.5,4374.0,356
2023-06-04,MESM3,9270,4288.5,4293.0,4283.25,4284.75,16077
2023-06-04,MESM3-MESU3,13722,43.1,43.1,43.1,43.1,5
2023-06-04,MESU3,2922,4331.0,4336.25,4326.5,4327.5,364
2023-06-04,MESZ3,24925,4374.0,4379.0,4372.5,4372.5,20
2023-06-05,MESM3,9270,4285.0,4305.75,4273.0,4275.75,936022
2023-06-05,MESM3-MESU3,13722,43.05,43.2,42.8,43.1,709
2023-06-05,MESU3,2922,4326.75,4349.0,4316.0,4318.75,15394
2023-06-05,MESU3-MESH4,375407,88.0,88.0,88.0,88.0,1
2023-06-05,MESU3-MESZ3,50298,41.0,41.0,41.0,41.0,3
2023-06-05,MESZ3,24925,4368.0,4392.5,4358.75,4361.0,175
2023-06-06,MESM3,9270,4276.0,4294.75,4268.5,4293.5,916113
2023-06-06,MESM3-MESU3,13722,42.75,43.2,42.6,43.0,270
2023-06-06,MESM3-MESZ3,54088,87.0,87.0,87.0,87.0,2
2023-06-06,MESU3,2922,4319.25,4337.75,4311.5,4336.75,19796
2023-06-06,MESU3-MESZ3,50298,44.25,44.25,44.25,44.25,3
2023-06-06,MESZ3,24925,4366.25,4381.0,4356.0,4378.5,150
2023-06-07,MESH4,763,4405.0,4405.0,4405.0,4405.0,1
2023-06-07,MESM3,9270,4293.5,4304.75,4269.25,4274.5,1001024
2023-06-07,MESM3-MESU3,13722,43.15,43.45,42.7,42.7,1000
2023-06-07,MESM3-MESZ3,54088,87.0,87.25,87.0,87.25,2
2023-06-07,MESU3,2922,4336.25,4348.0,4312.25,4317.25,25944
2023-06-07,MESU3-MESH4,375407,89.0,89.0,89.0,89.0,1
2023-06-07,MESZ3,24925,4383.0,4391.25,4356.75,4360.0,199
2023-06-08,MESH4,763,4410.0,4416.25,4410.0,4416.25,3
2023-06-08,MESM3,9270,4274.25,4302.5,4262.5,4294.5,754591
2023-06-08,MESM3-MESU3,13722,42.95,44.5,42.6,43.5,1910
2023-06-08,MESU3,2922,4317.25,4346.25,4305.75,4338.25,52084
2023-06-08,MESU3-MESZ3,50298,44.75,44.75,44.75,44.75,10
2023-06-08,MESZ3,24925,4368.0,4387.5,4351.0,4383.25,193
2023-06-09,MESH4,763,4447.0,4447.0,4445.25,4445.25,10
2023-06-09,MESM3,9270,4294.75,4325.75,4284.0,4304.5,911352
2023-06-09,MESM3-MESU3,13722,43.5,44.3,43.45,43.8,6026
2023-06-09,MESM4,13804,4490.0,4495.0,4485.0,4485.0,3
2023-06-09,MESU3,2922,4338.5,4369.5,4327.5,4347.5,125647
2023-06-09,MESU3-MESH4,375407,90.0,90.0,90.0,90.0,1
2023-06-09,MESU3-MESZ3,50298,44.5,44.5,44.45,44.45,20
2023-06-09,MESZ3,24925,4380.0,4413.5,4375.0,4390.25,309
2023-06-11,MESH4,763,4449.5,4449.5,4449.5,4449.5,1
2023-06-11,MESM3,9270,4305.25,4313.5,4304.5,4310.5,7746
2023-06-11,MESM3-MESU3,13722,43.8,44.95,43.6,43.8,293
2023-06-11,MESU3,2922,4348.75,4357.5,4348.25,4354.5,8135
2023-06-11,MESZ3,24925,4396.25,4401.25,4394.5,4398.25,11
2023-06-12,MESH4,763,4449.5,4457.5,4449.5,4457.5,4
2023-06-12,MESM3,9270,4310.5,4348.5,4306.5,4344.25,206515
2023-06-12,MESM3-MESU3,13722,43.6,45.35,43.25,44.8,30318
2023-06-12,MESM3-MESZ3,54088,90.0,90.0,90.0,90.0,2
2023-06-12,MESM4,13804,4500.0,4516.25,4500.0,4516.25,7
2023-06-12,MESU3,2922,4354.25,4393.25,4351.0,4389.0,619598
2023-06-12,MESU3-MESZ3,50298,44.5,44.5,44.5,44.5,5
2023-06-12,MESZ3,24925,4401.75,4438.0,4397.0,4434.75,318
2023-06-13,MESH4,763,4491.0,4510.0,4491.0,4509.25,17
2023-06-13,MESM3,9270,4344.25,4378.0,4336.0,4371.75,213396
2023-06-13,MESM3-MESU3,13722,44.65,45.85,44.5,45.25,11854
2023-06-13,MESM4,13804,4530.0,4530.0,4530.0,4530.0,2
2023-06-13,MESU3,2922,4389.0,4423.25,4381.5,4417.0,1019849
2023-06-13,MESU3-MESH4,375407,91.0,92.0,91.0,92.0,2
2023-06-13,MESU3-MESZ3,50298,44.5,44.5,44.5,44.5,6
2023-06-13,MESZ3,24925,4437.5,4469.5,4430.0,4465.5,429
2023-06-14,MESH4,763,4521.0,4521.0,4487.75,4518.0,3
2023-06-14,MESM3,9270,4371.5,4394.75,4339.75,4375.75,209712
2023-06-14,MESM3-MESU3,13722,45.2,45.3,44.05,44.05,6078
2023-06-14,MESM3-MESZ3,54088,90.0,90.0,90.0,90.0,30
2023-06-14,MESU3,2922,4416.75,4439.5,4384.0,4420.25,957984
2023-06-14,MESU3-MESZ3,50298,44.5,44.5,44.5,44.5,1
2023-06-14,MESZ3,24925,4461.0,4481.75,4427.5,4470.5,569
2023-06-15,MESH4,763,4514.0,4550.0,4500.0,4550.0,8
2023-06-15,MESM3,9270,4376.25,4441.0,4348.25,4420.0,128722
2023-06-15,MESM3-MESU3,13722,44.2,45.25,43.3,45.0,3628
2023-06-15,MESM3-MESZ3,54088,92.5,94.0,91.25,94.0,5
2023-06-15,MESM4,13804,4550.0,4592.75,4550.0,4592.75,3
2023-06-15,MESU3,2922,4420.0,4485.5,4394.0,4465.5,1001467
2023-06-15,MESU3-MESH4,375407,94.0,94.0,94.0,94.0,1
2023-06-15,MESU3-MESZ3,50298,46.0,48.0,46.0,48.0,4
2023-06-15,MESZ3,24925,4464.75,4531.25,4443.75,4512.0,753
2023-06-16,MESH4,763,4566.0,4585.0,4548.0,4548.0,27
2023-06-16,MESM3,9270,4420.0,4459.5,4415.0,4459.5,9874
2023-06-16,MESM3-MESU3,13722,44.05,45.25,42.65,44.0,824
2023-06-16,MESM3-MESZ3,54088,94.0,94.0,92.65,92.65,9
2023-06-16,MESU3,2922,4465.25,4494.0,4451.0,4459.25,967544
2023-06-16,MESU3-MESH4,375407,96.0,96.0,96.0,96.0,1
2023-06-16,MESU3-MESZ3,50298,45.15,47.35,45.15,47.2,188
2023-06-16,MESZ3,24925,4513.0,4544.0,4499.0,4504.0,1297
2023-06-18,MESH4,763,4559.0,4559.0,4559.0,4559.0,1
2023-06-18,MESU3,2922,4458.25,4462.0,4457.0,4457.25,5799
2023-06-18,MESZ3,24925,4506.5,4508.0,4504.75,4504.75,34
2023-06-19,MESH4,763,4549.75,4550.0,4549.75,4550.0,4
2023-06-19,MESM4,13804,4585.75,4585.75,4585.75,4585.75,2
2023-06-19,MESU3,2922,4457.25,4460.75,4443.25,4446.75,93905
2023-06-19,MESU3-MESZ3,50298,46.5,47.25,46.0,46.0,4
2023-06-19,MESZ3,24925,4502.25,4507.25,4491.25,4491.5,179
2023-06-20,MESH4,763,4519.5,4519.75,4511.75,4519.75,25
2023-06-20,MESU3,2922,4446.5,4448.5,4410.5,4436.0,820370
2023-06-20,MESU3-MESZ3,50298,47.0,47.0,46.45,46.45,8
2023-06-20,MESZ3,24925,4491.5,4494.5,4457.0,4483.0,1043
2023-06-21,MESH4,763,4529.25,4529.5,4500.0,4501.75,21
2023-06-21,MESM4,13804,4570.0,4570.0,4570.0,4570.0,1
2023-06-21,MESU3,2922,4435.75,4438.5,4403.0,4410.5,897447
2023-06-21,MESU3-MESZ3,50298,46.45,46.45,46.45,46.45,25
2023-06-21,MESZ3,24925,4481.0,4484.75,4450.0,4458.25,1040
2023-06-22,MESH4,763,4496.25,4523.0,4496.0,4515.0,18
2023-06-22,MESU3,2922,4410.5,4427.0,4391.5,4424.0,730566
2023-06-22,MESU3-MESZ3,50298,46.2,46.45,46.1,46.25,118
2023-06-22,MESZ3,24925,4457.75,4473.75,4440.0,4470.5,1137
2023-06-23,MESH4,763,4504.0,4504.0,4478.0,4482.25,52
2023-06-23,MESU3,2922,4423.75,4424.0,4381.75,4388.25,785701
2023-06-23,MESU3-MESZ3,50298,46.5,46.55,45.95,45.95,25
2023-06-23,MESZ3,24925,4469.0,4469.0,4428.0,4434.25,1199
2023-06-25,MESU3,2922,4389.0,4399.0,4388.0,4398.0,13054
2023-06-25,MESZ3,24925,4438.0,4445.0,4436.0,4442.25,114
2023-06-26,MESH4,763,4480.0,4480.0,4464.0,4464.0,5
2023-06-26,MESU3,2922,4397.75,4403.25,4368.5,4379.25,914968
2023-06-26,MESU3-MESZ3,50298,46.1,46.25,45.9,46.25,99
2023-06-26,MESZ3,24925,4440.75,4449.0,4414.5,4425.0,1280
2023-06-27,MESH4,763,4471.25,4520.0,4471.0,4509.5,17
2023-06-27,MESM4,13804,4533.75,4550.0,4533.75,4550.0,4
2023-06-27,MESU3,2922,4379.5,4424.75,4371.25,4411.0,801902
2023-06-27,MESU3-MESZ3,50298,47.0,47.05,47.0,47.05,7
2023-06-27,MESZ3,24925,4426.0,4471.75,4417.25,4459.0,1196
2023-06-28,MESH4,763,4507.25,4522.0,4496.5,4515.25,12
2023-06-28,MESU3,2922,4411.0,4430.25,4399.25,4426.25,925319
2023-06-28,MESU3-MESH4,375407,96.0,96.5,96.0,96.5,10
2023-06-28,MESU3-MESZ3,50298,47.15,47.15,46.75,47.0,28
2023-06-28,MESZ3,24925,4459.25,4477.5,4446.5,4474.75,1390
2023-06-29,MESH4,763,4523.75,4537.75,4516.75,4536.0,18
2023-06-29,MESU3,2922,4426.25,4438.75,4409.75,4437.25,842615
2023-06-29,MESU3-MESH4,375407,97.0,98.5,97.0,98.5,21
2023-06-29,MESU3-MESZ3,50298,47.25,47.9,47.2,47.75,113
2023-06-29,MESZ3,24925,4472.25,4487.0,4457.25,4485.0,1144
2023-06-30,MESH4,763,4548.5,4594.5,4548.5,4579.75,63
2023-06-30,MESM4,13804,4601.0,4630.0,4601.0,4630.0,3
2023-06-30,MESU3,2922,4437.25,4498.25,4433.0,4482.5,721630
2023-06-30,MESU3-MESH4,375407,99.0,99.0,99.0,99.0,1
2023-06-30,MESU3-MESZ3,50298,48.0,48.95,47.75,48.55,230
2023-06-30,MESZ3,24925,4485.25,4548.75,4482.0,4533.25,1588
2023-07-02,MESU3,2922,4485.0,4491.75,4485.0,4489.25,9914
2023-07-02,MESZ3,24925,4535.25,4540.25,4534.0,4537.25,54
2023-07-03,MESH4,763,4588.0,4592.0,4583.5,4590.25,13
2023-07-03,MESU3,2922,4489.5,4494.0,4479.5,4488.25,272195
2023-07-03,MESU3-MESZ3,50298,48.4,48.6,48.4,48.6,3
2023-07-03,MESZ3,24925,4538.75,4543.25,4528.75,4536.5,375
2023-07-04,MESH4,763,4595.0,4595.25,4594.75,4594.75,4
2023-07-04,MESU3,2922,4488.0,4493.75,4486.25,4489.25,35813
2023-07-04,MESZ3,24925,4536.0,4541.5,4535.0,4536.0,72
2023-07-05,MESH4,763,4577.0,4577.0,4577.0,4577.0,1
2023-07-05,MESU3,2922,4489.25,4492.75,4466.25,4480.75,569473
2023-07-05,MESU3-MESZ3,50298,48.0,48.35,48.0,48.3,35
2023-07-05,MESZ3,24925,4538.75,4541.5,4514.25,4529.0,683
2023-07-06,MESH4,763,4564.5,4564.5,4521.25,4521.25,4
2023-07-06,MESU3,2922,4480.75,4481.0,4419.25,4445.25,776832
2023-07-06,MESU3-MESH4,375407,100.0,100.0,100.0,100.0,1
2023-07-06,MESU3-MESZ3,50298,47.85,48.15,47.85,48.0,81
2023-07-06,MESZ3,24925,4525.5,4529.5,4468.0,4493.5,1472
2023-07-07,MESH4,763,4540.0,4568.25,4537.5,4537.5,6
2023-07-07,MESM4,13804,4590.0,4590.0,4590.0,4590.0,1
2023-07-07,MESU3,2922,4445.25,4476.0,4431.25,4438.0,768210
2023-07-07,MESU3-MESZ3,50298,47.75,48.25,47.75,47.8,71
2023-07-07,MESZ3,24925,4492.75,4524.0,4479.0,4483.0,1274
2023-07-09,MESH4,763,4540.0,4540.0,4540.0,4540.0,2
2023-07-09,MESU3,2922,4437.75,4440.0,4430.5,4437.5,14674
2023-07-09,MESZ3,24925,4485.0,4489.0,4478.5,4486.5,38
2023-07-10,MESH4,763,4535.0,4540.0,4533.75,4540.0,5
2023-07-10,MESM4,13804,4580.75,4580.75,4580.75,4580.75,1
2023-07-10,MESU3,2922,4437.25,4448.25,4411.0,4446.0,706367
2023-07-10,MESU3-MESZ3,50298,47.75,48.3,47.6,47.6,7
2023-07-10,MESZ3,24925,4483.75,4496.0,4459.0,4493.0,1036
2023-07-11,MESH4,763,4550.0,4574.0,4550.0,4574.0,4
2023-07-11,MESU3,2922,4445.75,4478.5,4439.0,4472.25,663466
2023-07-11,MESU3-MESZ3,50298,47.75,48.2,47.75,48.2,169
2023-07-11,MESZ3,24925,4494.0,4526.0,4487.75,4520.0,797
2023-07-12,MESH4,763,4569.0,4622.75,4569.0,4612.0,30
2023-07-12,MESU3,2922,4472.25,4523.5,4470.25,4512.75,850198
2023-07-12,MESU3-MESZ3,50298,48.0,48.65,47.4,48.65,21
2023-07-12,MESU4,7114,4665.25,4718.75,4665.25,4686.5,5
2023-07-12,MESZ3,24925,4521.25,4571.25,4519.0,4561.0,1508
2023-07-13,MESH4,763,4624.5,4647.5,4624.5,4647.5,46
2023-07-13,MESM4,13804,4699.5,4699.5,4699.5,4699.5,1
2023-07-13,MESU3,2922,4512.75,4551.5,4511.5,4540.75,659961
2023-07-13,MESU3-MESZ3,50298,47.75,49.0,47.75,48.55,99
2023-07-13,MESZ3,24925,4560.75,4600.0,4560.25,4588.0,1349
2023-07-14,MESH4,763,4638.0,4660.0,4635.0,4635.0,24
2023-07-14,MESU3,2922,4540.5,4560.5,4531.0,4535.0,733476
2023-07-14,MESU3-MESH4,375407,101.0,101.0,101.0,101.0,1
2023-07-14,MESU3-MESZ3,50298,49.25,49.5,49.25,49.5,5
2023-07-14,MESZ3,24925,4587.5,4610.0,4581.0,4585.0,861
2023-07-16,MESU3,2922,4535.75,4536.5,4527.75,4529.5,10019
2023-07-16,MESZ3,24925,4582.0,4584.0,4577.0,4579.5,43
2023-07-17,MESH4,763,4625.25,4657.75,4625.25,4657.75,10
2023-07-17,MESU3,2922,4529.25,4565.75,4528.25,4548.5,505145
2023-07-17,MESU3-MESZ3,50298,48.8,49.6,48.8,49.6,82
2023-07-17,MESZ3,24925,4578.0,4615.5,4577.0,4599.0,921
2023-07-18,MESH4,763,4657.75,4690.5,4657.75,4690.0,21
2023-07-18,MESU3,2922,4548.5,4594.75,4544.75,4585.75,629887
2023-07-18,MESU3-MESZ3,50298,50.0,50.0,50.0,50.0,14
2023-07-18,MESZ3,24925,4599.0,4644.25,4595.25,4636.25,1389
2023-07-19,MESH4,763,4693.0,4710.0,4682.25,4682.25,83
2023-07-19,MESU3,2922,4585.75,4609.5,4580.75,4584.75,747164
2023-07-19,MESU3-MESH4,375407,102.0,102.0,102.0,102.0,1
2023-07-19,MESU3-MESZ3,50298,50.55,50.55,50.0,50.0,130
2023-07-19,MESU4,7114,4800.0,4800.0,4800.0,4800.0,1
2023-07-19,MESZ3,24925,4635.5,4660.0,4632.0,4635.5,1426
2023-07-20,MESH4,763,4679.0,4679.0,4662.0,4662.0,4
2023-07-20,MESU3,2922,4585.0,4594.75,4557.0,4565.25,804896
2023-07-20,MESU3-MESZ3,50298,50.5,50.5,50.0,50.25,63
2023-07-20,MESZ3,24925,4636.5,4644.5,4607.5,4614.25,1730
2023-07-21,MESH4,763,4674.25,4686.25,4672.5,4686.25,3
2023-07-21,MESU3,2922,4565.5,4590.0,4561.75,4564.0,714122
2023-07-21,MESU3-MESZ3,50298,50.1,50.95,50.1,50.95,21
2023-07-21,MESZ3,24925,4613.5,4640.0,4612.5,4613.5,1126
2023-07-23,MESU3,2922,4564.25,4566.5,4559.75,4561.0,7483
2023-07-23,MESZ3,24925,4617.0,4617.25,4610.25,4611.0,42
2023-07-24,MESH4,763,4673.0,4695.25,4673.0,4685.0,9
2023-07-24,MESU3,2922,4561.25,4592.5,4560.0,4584.75,562820
2023-07-24,MESU3-MESZ3,50298,50.25,50.5,50.25,50.5,91
2023-07-24,MESZ3,24925,4613.0,4642.5,4610.0,4635.5,821
2023-07-25,MESH4,763,4698.75,4707.5,4690.0,4707.5,8
2023-07-25,MESM4,13804,4760.0,4760.0,4760.0,4760.0,1
2023-07-25,MESU3,2922,4584.75,4608.75,4579.25,4594.75,561306
2023-07-25,MESU3-MESZ3,50298,50.25,51.05,50.25,51.0,118
2023-07-25,MESU4,7114,4799.75,4799.75,4799.75,4799.75,1
2023-07-25,MESZ3,24925,4632.25,4659.75,4630.0,4645.5,1001
2023-07-26,MESH4,763,4692.5,4713.0,4683.5,4708.0,12
2023-07-26,MESU3,2922,4595.0,4611.5,4573.5,4597.0,702091
2023-07-26,MESU3-MESZ3,50298,51.0,51.25,50.9,51.0,253
2023-07-26,MESZ3,24925,4645.0,4661.0,4624.75,4648.0,1494
2023-07-27,MESH4,763,4708.0,4739.25,4666.5,4667.25,44
2023-07-27,MESM4,13804,4778.0,4778.0,4767.25,4767.25,5
2023-07-27,MESU3,2922,4597.0,4634.5,4553.75,4566.0,991105
2023-07-27,MESU3-MESH4,375407,105.0,106.0,105.0,106.0,6
2023-07-27,MESU3-MESM4,28660,158.0,160.0,158.0,160.0,15
2023-07-27,MESU3-MESZ3,50298,51.5,51.75,51.5,51.75,28
2023-07-27,MESU4,7114,4807.5,4807.5,4807.5,4807.5,1
2023-07-27,MESZ3,24925,4648.0,4686.0,4605.25,4617.0,2934
2023-07-28,MESH4,763,4685.25,4721.5,4685.0,4721.5,39
2023-07-28,MESU3,2922,4566.25,4616.5,4558.25,4607.25,824354
2023-07-28,MESU3-MESZ3,50298,51.0,51.5,51.0,51.5,17
2023-07-28,MESU4,7114,4800.0,4800.0,4800.0,4800.0,1
2023-07-28,MESZ3,24925,4617.0,4668.0,4609.75,4660.0,1824
2023-07-30,MESH4,763,4717.5,4725.0,4717.5,4723.75,28
2023-07-30,MESU3,2922,4608.75,4618.0,4607.5,4612.25,15672
2023-07-30,MESU3-MESZ3,50298,52.0,52.0,52.0,52.0,11
2023-07-30,MESZ3,24925,4661.0,4669.5,4661.0,4664.25,56
2023-07-31,MESH4,763,4725.0,4725.0,4709.0,4719.0,19
2023-07-31,MESU3,2922,4612.25,4619.25,4595.25,4615.5,677888
2023-07-31,MESU3-MESZ3,50298,51.95,52.45,51.5,51.5,13
2023-07-31,MESZ3,24925,4664.0,4671.25,4648.0,4667.25,1452
2023-08-01,MESH4,763,4723.0,4725.25,4696.5,4706.5,46
2023-08-01,MESM4,13804,4768.0,4768.0,4768.0,4768.0,1
2023-08-01,MESU3,2922,4615.5,4622.0,4571.25,4586.25,646120
2023-08-01,MESU3-MESZ3,50298,51.5,52.5,51.0,52.0,376
2023-08-01,MESZ3,24925,4667.0,4672.0,4624.0,4638.25,1641
2023-08-02,MESH4,763,4693.75,4693.75,4633.75,4650.0,51
2023-08-02,MESU3,2922,4586.5,4593.5,4527.75,4543.75,956484
2023-08-02,MESU3-MESZ3,50298,51.15,51.25,50.75,50.75,9
2023-08-02,MESZ3,24925,4638.5,4645.5,4578.5,4594.25,2660
2023-08-03,MESH4,763,4650.5,4650.75,4611.75,4633.75,94
2023-08-03,MESM4,13804,4694.25,4694.25,4694.25,4694.25,1
2023-08-03,MESU3,2922,4543.5,4547.75,4505.75,4530.75,969181
2023-08-03,MESU3-MESZ3,50298,50.75,50.75,50.0,50.0,109
2023-08-03,MESZ3,24925,4593.0,4598.0,4557.0,4579.5,1539
2023-08-04,MESH4,763,4641.0,4664.5,4601.75,4602.0,24
2023-08-04,MESM4,13804,4650.0,4650.0,4650.0,4650.0,1
2023-08-04,MESU3,2922,4530.5,4560.75,4493.25,4498.25,1163091
2023-08-04,MESU3-MESZ3,50298,50.0,51.15,50.0,50.1,96
2023-08-04,MESZ3,24925,4580.5,4611.0,4544.0,4548.5,2409
2023-08-06,MESH4,763,4616.5,4616.5,4608.0,4608.0,2
2023-08-06,MESU3,2922,4500.0,4507.75,4499.75,4507.0,13997
2023-08-06,MESZ3,24925,4553.25,4557.5,4553.25,4556.75,33
2023-08-07,MESH4,763,4612.0,4639.5,4612.0,4634.5,18
2023-08-07,MESU3,2922,4507.25,4541.75,4504.75,4538.75,781156
2023-08-07,MESU3-MESZ3,50298,50.15,50.35,50.15,50.35,100
2023-08-07,MESZ3,24925,4558.25,4595.25,4551.75,4588.5,1848
2023-08-08,MESH4,763,4616.0,4618.25,4589.0,4614.0,48
2023-08-08,MESU3,2922,4538.75,4539.5,4482.0,4516.25,852477
2023-08-08,MESU3-MESZ3,50298,50.25,50.25,49.55,49.55,32
2023-08-08,MESZ3,24925,4588.0,4588.25,4531.75,4565.75,2035
2023-08-09,MESH4,763,4621.0,4631.5,4581.5,4596.5,79
2023-08-09,MESM4,13804,4637.25,4637.25,4637.25,4637.25,1
2023-08-09,MESU3,2922,4516.5,4536.25,4478.25,4497.0,952623
2023-08-09,MESU3-MESZ3,50298,49.9,49.9,49.5,49.6,74
2023-08-09,MESU4,7114,4705.75,4705.75,4705.75,4705.75,1
2023-08-09,MESZ3,24925,4569.5,4585.5,4527.0,4547.75,1985
2023-08-10,MESH4,763,4620.0,4643.0,4576.5,4591.5,55
2023-08-10,MESU3,2922,4497.0,4545.0,4473.5,4491.25,1548217
2023-08-10,MESU3-MESZ3,50298,49.75,50.75,49.2,49.3,244
2023-08-10,MESU4,7114,4744.0,4744.0,4744.0,4744.0,1
2023-08-10,MESZ3,24925,4546.25,4594.5,4522.5,4540.75,3662
2023-08-11,MESH4,763,4596.0,4597.0,4560.25,4579.5,84
2023-08-11,MESU3,2922,4491.5,4496.0,4458.75,4483.5,918717
2023-08-11,MESU3-MESZ3,50298,49.2,49.5,49.2,49.5,77
2023-08-11,MESZ3,24925,4541.0,4545.0,4506.5,4533.5,1879
2023-08-11,MESZ3-MESH4,375839,52.5,52.5,52.5,52.5,2
2023-08-13,MESU3,2922,4484.5,4491.5,4482.75,4489.0,11184
2023-08-13,MESZ3,24925,4532.5,4540.5,4532.5,4538.25,48
2023-08-14,MESH4,763,4583.75,4610.75,4579.75,4610.75,38
2023-08-14,MESU3,2922,4489.25,4514.5,4464.75,4511.0,821409
2023-08-14,MESU3-MESZ3,50298,49.2,49.2,49.0,49.0,6
2023-08-14,MESZ3,24925,4537.25,4564.0,4515.0,4561.5,2322
2023-08-14,MESZ3-MESH4,375839,52.25,52.25,52.25,52.25,2
2023-08-15,MESH4,763,4615.5,4615.5,4549.0,4559.75,67
2023-08-15,MESU3,2922,4510.75,4517.75,4447.0,4456.25,969136
2023-08-15,MESU3-MESZ3,50298,49.3,49.55,48.75,48.75,95
2023-08-15,MESZ3,24925,4560.0,4568.0,4495.75,4505.0,3357
2023-08-16,MESH4,763,4550.0,4566.0,4519.0,4519.0,112
2023-08-16,MESM4,13804,4613.0,4613.0,4600.0,4600.0,3
2023-08-16,MESU3,2922,4456.25,4467.25,4417.0,4419.0,941682
2023-08-16,MESU3-MESZ3,50298,48.85,49.1,48.5,48.5,165
2023-08-16,MESZ3,24925,4503.5,4516.0,4464.0,4467.5,3203
2023-08-16,MESZ3-MESH4,375839,52.0,52.0,52.0,52.0,2
2023-08-17,MESH4,763,4514.5,4535.0,4475.0,4482.5,108
2023-08-17,MESU3,2922,4418.75,4436.75,4375.25,4381.25,1007845
2023-08-17,MESU3-MESZ3,50298,48.25,48.75,47.25,47.25,332
2023-08-17,MESZ3,24925,4465.5,4485.0,4423.75,4430.0,5001
2023-08-17,MESZ3-MESH4,375839,51.75,51.75,51.5,51.5,4
2023-08-18,MESH4,763,4483.0,4492.0,4452.0,4486.0,84
2023-08-18,MESM4,13804,4502.25,4502.25,4502.25,4502.25,1
2023-08-18,MESU3,2922,4381.25,4396.0,4350.0,4380.25,1032607
2023-08-18,MESU3-MESZ3,50298,47.45,48.0,47.2,48.0,380
2023-08-18,MESZ3,24925,4429.25,4443.25,4396.25,4428.5,3526
2023-08-18,MESZ3-MESH4,375839,51.25,51.25,50.25,50.25,5
2023-08-20,MESH4,763,4483.5,4483.5,4483.5,4483.5,1
2023-08-20,MESU3,2922,4382.5,4387.75,4381.75,4386.25,10610
2023-08-20,MESZ3,24925,4429.0,4435.0,4429.0,4433.25,105
2023-08-21,MESH4,763,4486.0,4516.25,4474.0,4511.0,60
2023-08-21,MESM4,13804,4518.5,4530.25,4518.25,4530.25,3
2023-08-21,MESU3,2922,4386.25,4420.75,4372.0,4406.0,978729
2023-08-21,MESU3-MESZ3,50298,47.85,48.15,47.5,47.75,134
2023-08-21,MESZ3,24925,4433.25,4468.75,4420.0,4453.5,3050
2023-08-22,MESH4,763,4510.0,4537.0,4495.0,4495.0,76
2023-08-22,MESM4,13804,4568.0,4568.0,4568.0,4568.0,1
2023-08-22,MESU3,2922,4405.75,4440.0,4393.75,4400.75,961563
2023-08-22,MESU3-MESH4,375407,98.0,98.0,98.0,98.0,1
2023-08-22,MESU3-MESZ3,50298,48.0,48.6,47.95,47.95,43
2023-08-22,MESZ3,24925,4453.75,4488.5,4442.25,4449.25,3338
2023-08-23,MESH4,763,4508.25,4575.0,4501.25,4575.0,128
2023-08-23,MESM4,13804,4572.25,4607.0,4572.25,4607.0,10
2023-08-23,MESU3,2922,4400.75,4476.0,4399.75,4469.5,778439
2023-08-23,MESU3-MESZ3,50298,48.0,48.95,47.95,48.95,568
2023-08-23,MESZ3,24925,4449.75,4525.0,4449.0,4517.25,3779
2023-08-24,MESH4,763,4568.0,4585.0,4480.0,4485.0,122
2023-08-24,MESM4,13804,4596.25,4596.25,4577.25,4577.25,3
2023-08-24,MESU3,2922,4469.5,4485.5,4378.5,4387.75,1069997
2023-08-24,MESU3-MESZ3,50298,48.6,49.1,47.85,48.25,535
2023-08-24,MESZ3,24925,4517.75,4533.5,4425.25,4435.5,5123
2023-08-25,MESH4,763,4486.0,4524.25,4465.0,4515.5,103
2023-08-25,MESU3,2922,4388.0,4429.0,4365.25,4413.5,1266954
2023-08-25,MESU3-MESZ3,50298,47.7,48.65,47.7,48.5,329
2023-08-25,MESZ3,24925,4438.0,4477.0,4412.5,4461.5,6752
2023-08-27,MESH4,763,4522.0,4527.5,4522.0,4527.25,15
2023-08-27,MESU3,2922,4417.75,4424.75,4416.25,4421.5,11440
2023-08-27,MESU3-MESZ3,50298,48.7,48.7,48.7,48.7,1
2023-08-27,MESZ3,24925,4463.0,4472.75,4463.0,4470.5,131
2023-08-28,MESH4,763,4518.0,4550.0,4518.0,4550.0,39
2023-08-28,MESM4,13804,4585.75,4595.0,4579.5,4586.5,7
2023-08-28,MESU3,2922,4421.5,4449.5,4414.5,4443.0,902967
2023-08-28,MESU3-MESZ3,50298,48.55,49.0,48.0,49.0,211
2023-08-28,MESZ3,24925,4469.0,4498.0,4463.75,4491.5,2267
2023-08-29,MESH4,763,4550.0,4611.25,4536.5,4611.0,80
2023-08-29,MESM4,13804,4612.5,4612.5,4612.5,4612.5,1
2023-08-29,MESU3,2922,4443.0,4511.5,4433.25,4509.0,851270
2023-08-29,MESU3-MESZ3,50298,49.0,49.95,49.0,49.95,226
2023-08-29,MESZ3,24925,4490.75,4561.25,4483.0,4558.5,5381
2023-08-30,MESH4,763,4620.5,4634.5,4602.25,4630.0,80
2023-08-30,MESU3,2922,4508.75,4530.75,4496.5,4524.75,820102
2023-08-30,MESU3-MESZ3,50298,49.85,49.85,49.5,49.75,190
2023-08-30,MESU4,7114,4725.0,4725.0,4723.0,4723.0,2
2023-08-30,MESZ3,24925,4558.0,4580.5,4546.25,4574.0,8576
2023-08-31,MESH4,763,4628.0,4640.0,4617.25,4617.25,36
2023-08-31,MESU3,2922,4524.75,4542.0,4513.0,4518.5,778665
2023-08-31,MESU3-MESZ3,50298,49.5,49.85,49.45,49.5,248
2023-08-31,MESZ3,24925,4575.0,4590.75,4562.75,4568.0,4592
2023-09-01,MESH4,763,4624.25,4647.75,4612.0,4625.25,52
2023-09-01,MESU3,2922,4518.25,4547.75,4507.25,4519.0,788063
2023-09-01,MESU3-MESZ3,50298,49.45,49.8,49.25,49.5,377
2023-09-01,MESZ3,24925,4568.0,4597.5,4556.75,4567.75,12346
2023-09-01,MESZ3-MESH4,375839,55.0,55.0,52.75,52.75,2
2023-09-03,MESH4,763,4620.0,4620.0,4620.0,4620.0,2
2023-09-03,MESU3,2922,4520.5,4523.75,4517.5,4519.75,5827
2023-09-03,MESU3-MESZ3,50298,49.25,49.6,49.25,49.6,3
2023-09-03,MESZ3,24925,4568.25,4572.5,4566.75,4569.25,103
2023-09-04,MESH4,763,4632.75,4632.75,4618.5,4626.5,16
2023-09-04,MESU3,2922,4519.5,4531.25,4515.25,4520.0,75981
2023-09-04,MESU3-MESZ3,50298,49.25,49.5,49.25,49.4,43
2023-09-04,MESZ3,24925,4570.0,4580.5,4565.0,4569.5,2557
2023-09-05,MESH4,763,4616.0,4621.0,4604.0,4609.75,51
2023-09-05,MESU3,2922,4519.75,4520.75,4498.5,4501.25,638535
2023-09-05,MESU3-MESZ3,50298,49.25,49.65,49.0,49.35,95
2023-09-05,MESZ3,24925,4569.25,4570.25,4548.75,4551.5,16511
2023-09-05,MESZ3-MESH4,375839,52.5,54.0,52.5,54.0,14
2023-09-06,MESH4,763,4605.75,4605.75,4550.0,4572.0,108
2023-09-06,MESU3,2922,4501.5,4503.75,4446.75,4470.25,825383
2023-09-06,MESU3-MESZ3,50298,49.5,49.5,48.95,49.25,227
2023-09-06,MESZ3,24925,4551.0,4553.25,4496.0,4519.5,23754
2023-09-06,MESZ3-MESH4,375839,52.5,52.5,52.5,52.5,1
2023-09-07,MESH4,763,4564.0,4564.0,4536.0,4563.25,152
2023-09-07,MESM4,13804,4599.5,4599.5,4599.5,4599.5,1
2023-09-07,MESU3,2922,4470.25,4471.75,4433.25,4457.0,888929
2023-09-07,MESU3-MESZ3,50298,49.1,49.35,48.75,48.9,473
2023-09-07,MESZ3,24925,4519.25,4520.5,4483.0,4506.0,48612
2023-09-07,MESZ3-MESH4,375839,52.0,52.0,51.5,51.5,2
2023-09-08,MESH4,763,4558.25,4577.0,4545.0,4553.25,79
2023-09-08,MESM4,13804,4625.25,4625.25,4624.0,4624.0,2
2023-09-08,MESU3,2922,4456.75,4477.5,4443.0,4463.5,856345
2023-09-08,MESU3-MESZ3,50298,49.0,49.95,48.7,49.4,7178
2023-09-08,MESZ3,24925,4505.75,4527.0,4492.0,4512.25,106300
2023-09-10,MESH4,763,4569.5,4569.5,4565.0,4565.0,3
2023-09-10,MESU3,2922,4463.5,4466.0,4459.0,4465.75,6038
2023-09-10,MESU3-MESZ3,50298,50.0,50.0,49.05,49.25,167
2023-09-10,MESZ3,24925,4512.75,4516.25,4510.0,4514.75,6545
2023-09-11,MESH4,763,4565.5,4596.5,4565.25,4592.0,245
2023-09-11,MESM4,13804,4646.25,4646.25,4640.0,4640.0,2
2023-09-11,MESU3,2922,4465.75,4493.75,4459.5,4485.5,326015
2023-09-11,MESU3-MESH4,375407,102.5,102.5,101.0,101.0,14
2023-09-11,MESU3-MESZ3,50298,49.25,49.9,48.95,49.4,25948
2023-09-11,MESZ3,24925,4515.0,4543.5,4508.5,4535.0,623574
2023-09-11,MESZ3-MESH4,375839,51.5,51.5,51.5,51.5,1
2023-09-12,MESH4,763,4589.0,4590.75,4562.0,4567.0,181
2023-09-12,MESM4,13804,4640.0,4643.75,4618.75,4618.75,18
2023-09-12,MESU3,2922,4485.5,4490.25,4458.5,4465.25,216416
2023-09-12,MESU3-MESH4,375407,101.25,101.75,101.25,101.75,20
2023-09-12,MESU3-MESZ3,50298,49.4,49.75,48.4,48.65,10137
2023-09-12,MESZ3,24925,4534.75,4539.5,4507.0,4514.0,720623
2023-09-12,MESZ3-MESH4,375839,52.75,52.75,52.0,52.0,9
2023-09-13,MESH4,763,4563.75,4581.75,4543.5,4576.25,364
2023-09-13,MESM4,13804,4630.0,4630.5,4624.0,4624.0,12
2023-09-13,MESU3,2922,4465.0,4481.25,4446.5,4474.0,203141
2023-09-13,MESU3-MESH4,375407,101.5,101.75,101.5,101.75,7
2023-09-13,MESU3-MESZ3,50298,48.75,49.15,48.4,49.0,8216
2023-09-13,MESZ3,24925,4514.0,4530.25,4494.75,4523.0,1019273
2023-09-13,MESZ3-MESH4,375839,53.25,53.25,51.0,51.0,7
2023-09-14,MESH4,763,4574.25,4614.0,4574.25,4612.0,534
2023-09-14,MESM4,13804,4634.0,4656.75,4634.0,4656.75,22
2023-09-14,MESU3,2922,4474.25,4514.75,4473.0,4509.0,125696
2023-09-14,MESU3-MESH4,375407,101.5,102.0,101.0,102.0,33
2023-09-14,MESU3-MESZ3,50298,49.0,49.25,45.0,48.8,3911
2023-09-14,MESZ3,24925,4523.0,4562.25,4521.75,4557.5,778276
2023-09-14,MESZ3-MESH4,375839,51.25,53.0,51.0,51.7,71
2023-09-15,MESH4,763,4610.75,4618.0,4543.5,4550.75,1646
2023-09-15,MESM4,13804,4633.75,4633.75,4608.25,4608.25,32
2023-09-15,MESU3,2922,4509.5,4517.5,4480.0,4481.5,9267
2023-09-15,MESU3-MESZ3,50298,48.8,53.0,47.75,53.0,601
2023-09-15,MESZ3,24925,4557.5,4566.0,4491.75,4499.0,918555
2023-09-15,MESZ3-MESH4,375839,52.05,52.25,51.0,51.0,147
2023-09-17,MESH4,763,4553.5,4557.5,4553.5,4557.5,22
2023-09-17,MESZ3,24925,4499.5,4506.25,4498.5,4505.75,8424
2023-09-18,MESH4,763,4557.75,4565.5,4539.5,4555.25,666
2023-09-18,MESM4,13804,4605.25,4605.25,4605.25,4605.25,24
2023-09-18,MESU4,7114,4645.0,4651.5,4645.0,4651.5,2
2023-09-18,MESZ3,24925,4505.75,4514.5,4487.25,4503.75,705810
2023-09-18,MESZ3-MESH4,375839,51.25,51.55,51.25,51.55,24
2023-09-18,MESZ4,42034014,4700.0,4700.0,4700.0,4700.0,1
2023-09-19,MESH4,763,4555.5,4560.25,4513.25,4542.5,880
2023-09-19,MESM4,13804,4597.5,4597.5,4568.75,4580.0,9
2023-09-19,MESU4,7114,4619.0,4629.5,4619.0,4629.5,8
2023-09-19,MESZ3,24925,4503.75,4509.5,4462.25,4492.25,773096
2023-09-19,MESZ3-MESH4,375839,51.5,51.5,51.05,51.1,21
2023-09-20,MESH4,763,4542.75,4559.0,4491.0,4492.75,1112
2023-09-20,MESH4-MESM4,22765,54.0,54.0,54.0,54.0,4
2023-09-20,MESM4,13804,4602.0,4602.0,4549.25,4549.25,19
2023-09-20,MESU4,7114,4636.0,4636.0,4636.0,4636.0,1
2023-09-20,MESZ3,24925,4492.25,4508.0,4440.0,4440.5,763318
2023-09-20,MESZ3-MESH4,375839,50.85,51.4,50.7,51.05,78
2023-09-21,MESH4,763,4493.5,4495.0,4414.75,4419.0,2139
2023-09-21,MESM4,13804,4537.25,4542.0,4474.5,4474.5,34
2023-09-21,MESU4,7114,4562.75,4562.75,4550.75,4550.75,6
2023-09-21,MESZ3,24925,4440.5,4444.25,4366.25,4369.75,1000705
2023-09-21,MESZ3-MESH4,375839,50.5,50.5,49.35,49.35,35
2023-09-22,MESH4,763,4419.75,4448.75,4407.0,4413.5,1459
2023-09-22,MESM4,13804,4478.75,4496.0,4462.25,4467.0,30
2023-09-22,MESU4,7114,4516.0,4516.0,4516.0,4516.0,1
2023-09-22,MESZ3,24925,4369.75,4399.0,4357.5,4362.25,857814
2023-09-22,MESZ3-MESH4,375839,49.9,49.9,49.0,49.0,22
2023-09-24,MESH4,763,4413.25,4419.0,4413.25,4416.0,25
2023-09-24,MESZ3,24925,4364.0,4370.5,4363.5,4367.0,10736
2023-09-24,MESZ3-MESH4,375839,48.95,49.25,48.85,49.2,9
2023-09-25,MESH4,763,4415.0,4432.5,4387.5,4426.75,1257
2023-09-25,MESM4,13804,4450.0,4481.0,4440.0,4473.75,24
2023-09-25,MESZ3,24925,4367.0,4383.5,4338.5,4378.0,873576
2023-09-25,MESZ3-MESH4,375839,49.1,49.15,48.55,49.1,42
2023-09-26,MESH4,763,4425.25,4425.75,4354.0,4370.0,2191
2023-09-26,MESM4,13804,4478.25,4478.25,4420.0,4420.0,25
2023-09-26,MESU4,7114,4500.0,4500.0,4500.0,4500.0,1
2023-09-26,MESZ3,24925,4378.0,4378.25,4305.5,4321.25,872911
2023-09-26,MESZ3-MESH4,375839,48.5,49.4,48.1,48.5,43
2023-09-27,MESH4,763,4369.25,4384.0,4325.75,4370.0,1781
2023-09-27,MESM4,13804,4424.75,4424.75,4386.5,4409.0,52
2023-09-27,MESZ3,24925,4321.25,4336.5,4277.25,4321.25,1122070
2023-09-27,MESZ3-MESH4,375839,48.4,48.5,48.1,48.25,121
2023-09-28,MESH4,763,4369.25,4404.0,4348.75,4389.75,1319
2023-09-28,MESM4,13804,4415.0,4450.0,4403.25,4437.25,49
2023-09-28,MESU4,7114,4500.0,4500.0,4500.0,4500.0,2
2023-09-28,MESZ3,24925,4321.25,4355.5,4301.0,4339.25,1150068
2023-09-28,MESZ3-MESH4,375839,48.2,49.75,48.1,49.75,59
2023-09-28,MESZ4,42034014,4525.0,4525.0,4525.0,4525.0,1
2023-09-29,MESH4,763,4386.0,4420.0,4359.5,4378.0,1763
2023-09-29,MESM4,13804,4432.0,4474.0,4412.0,4437.25,73
2023-09-29,MESZ3,24925,4339.25,4371.0,4310.75,4329.25,1123597
2023-09-29,MESZ3-MESH4,375839,48.6,48.7,47.8,47.8,95
2023-10-01,MESH4,763,4396.0,4401.75,4386.5,4391.75,120
2023-10-01,MESZ3,24925,4348.75,4353.75,4338.0,4344.5,31311
2023-10-01,MESZ3-MESH4,375839,47.8,48.2,47.75,47.85,17
2023-10-02,MESH4,763,4394.25,4405.0,4344.5,4376.5,2133
2023-10-02,MESM4,13804,4450.0,4450.0,4400.0,4433.0,26
2023-10-02,MESZ3,24925,4344.5,4356.75,4295.25,4325.75,1196883
2023-10-02,MESZ3-MESH4,375839,48.15,49.1,48.15,49.1,26
2023-10-03,MESH4,763,4371.25,4382.5,4300.0,4314.0,3059
2023-10-03,MESM4,13804,4416.0,4434.0,4350.0,4365.0,37
2023-10-03,MESZ3,24925,4325.5,4335.75,4251.0,4265.5,1279699
2023-10-03,MESZ3-MESH4,375839,48.75,48.75,47.55,47.55,37
2023-10-04,MESH4,763,4312.75,4351.0,4283.75,4338.0,1899
2023-10-04,MESM4,13804,4355.0,4399.0,4334.25,4389.25,36
2023-10-04,MESZ3,24925,4265.5,4304.0,4235.75,4292.0,1187066
2023-10-04,MESZ3-MESH4,375839,47.85,48.8,47.4,48.0,62
2023-10-05,MESH4,763,4336.25,4349.75,4305.25,4335.25,1363
2023-10-05,MESM4,13804,4396.0,4397.5,4362.0,4393.25,57
2023-10-05,MESZ3,24925,4292.0,4302.25,4257.75,4286.25,1130151
2023-10-05,MESZ3-MESH4,375839,47.5,48.0,47.25,48.0,65
2023-10-05,MESZ4,42034014,4474.0,4474.0,4474.0,4474.0,1
2023-10-06,MESH4,763,4335.5,4407.0,4291.5,4395.75,2637
2023-10-06,MESM4,13804,4394.0,4455.0,4348.0,4445.0,129
2023-10-06,MESZ3,24925,4286.25,4358.5,4242.5,4345.5,1160081
2023-10-06,MESZ3-MESH4,375839,47.75,49.9,47.55,49.9,228
2023-10-08,MESH4,763,4369.25,4369.25,4352.25,4356.25,142
2023-10-08,MESM4,13804,4410.25,4410.25,4408.75,4408.75,2
2023-10-08,MESZ3,24925,4320.0,4320.0,4301.25,4312.5,35107
2023-10-08,MESZ3-MESH4,375839,48.35,48.35,48.05,48.05,15
2023-10-09,MESH4,763,4359.25,4423.5,4347.5,4416.5,1742
2023-10-09,MESM4,13804,4420.0,4468.75,4420.0,4468.0,13
2023-10-09,MESZ3,24925,4312.75,4375.75,4299.25,4369.5,754741
2023-10-09,MESZ3-MESH4,375839,48.1,48.2,48.1,48.2,4
2023-10-10,MESH4,763,4417.0,4468.0,4415.0,4441.5,1776
2023-10-10,MESM4,13804,4474.75,4517.75,4470.0,4500.75,63
2023-10-10,MESU4,7114,4515.25,4515.25,4515.25,4515.25,1
2023-10-10,MESZ3,24925,4369.25,4419.0,4366.25,4393.0,805538
2023-10-10,MESZ3-MESH4,375839,48.2,48.85,48.2,48.8,49
2023-10-11,MESH4,763,4443.25,4468.75,4426.0,4467.5,1321
2023-10-11,MESM4,13804,4489.25,4520.0,4480.0,4520.0,30
2023-10-11,MESZ3,24925,4392.75,4420.5,4377.0,4419.75,860364
2023-10-11,MESZ3-MESH4,375839,48.8,49.05,48.4,48.4,13
2023-10-12,MESH4,763,4468.25,4479.5,4404.0,4431.5,1660
2023-10-12,MESM4,13804,4520.75,4533.5,4463.25,4485.75,82
2023-10-12,MESZ3,24925,4419.5,4430.5,4355.5,4383.0,1066966
2023-10-12,MESZ3-MESH4,375839,48.9,49.55,48.9,49.1,61
2023-10-13,MESH4,763,4432.25,4456.0,4389.5,4400.0,1603
2023-10-13,MESM4,13804,4486.75,4500.0,4440.75,4450.0,50
2023-10-13,MESZ3,24925,4383.0,4407.75,4341.0,4351.75,1265614
2023-10-13,MESZ3-MESH4,375839,49.05,49.1,48.35,48.6,71
2023-10-15,MESH4,763,4403.25,4415.0,4403.25,4413.5,85
2023-10-15,MESM4,13804,4465.25,4465.25,4465.25,4465.25,1
2023-10-15,MESZ3,24925,4356.25,4368.25,4356.0,4368.0,20374
2023-10-16,MESH4,763,4416.5,4463.5,4404.0,4450.5,1470
2023-10-16,MESM4,13804,4469.75,4512.75,4465.0,4510.0,39
2023-10-16,MESZ3,24925,4368.0,4414.5,4354.25,4402.25,907198
2023-10-16,MESZ3-MESH4,375839,48.45,49.35,48.45,48.9,22
2023-10-17,MESH4,763,4451.5,4472.25,4415.0,4442.0,1670
2023-10-17,MESM4,13804,4503.0,4524.0,4471.75,4499.5,56
2023-10-17,MESU4,7114,4535.0,4535.0,4535.0,4535.0,2
2023-10-17,MESZ3,24925,4402.5,4423.25,4365.75,4392.0,1126683
2023-10-17,MESZ3-MESH4,375839,49.05,49.75,48.9,49.3,84
2023-10-17,MESZ4,42034014,4575.0,4600.0,4575.0,4600.0,4
2023-10-18,MESH4,763,4441.5,4447.75,4380.0,4390.0,2235
2023-10-18,MESM4,13804,4495.0,4499.0,4433.75,4445.0,30
2023-10-18,MESZ3,24925,4391.75,4399.0,4331.0,4344.0,1394140
2023-10-18,MESZ3-MESH4,375839,49.25,49.25,48.35,48.35,73
2023-10-19,MESH4,763,4393.0,4414.5,4338.5,4341.75,2822
2023-10-19,MESM4,13804,4439.25,4465.25,4386.75,4392.25,79
2023-10-19,MESZ3,24925,4344.0,4366.5,4290.5,4295.25,1591052
2023-10-19,MESZ3-MESH4,375839,48.5,48.55,47.3,47.3,175
2023-10-20,MESH4,763,4340.5,4351.0,4290.0,4291.5,2518
2023-10-20,MESM4,13804,4391.5,4400.0,4342.0,4342.0,53
2023-10-20,MESU4,7114,4390.0,4390.0,4390.0,4390.0,3
2023-10-20,MESZ3,24925,4295.0,4304.25,4243.25,4244.75,1182035
2023-10-20,MESZ3-MESH4,375839,47.45,47.8,46.5,46.5,129
2023-10-20,MESZ4,42034014,4447.75,4447.75,4440.75,4440.75,4
2023-10-22,MESH4,763,4296.25,4307.0,4295.0,4307.0,161
2023-10-22,MESM4,13804,4362.5,4362.75,4362.5,4362.75,5
2023-10-22,MESU4,7114,4386.0,4386.0,4386.0,4386.0,1
2023-10-22,MESZ3,24925,4256.0,4261.75,4248.0,4261.25,22264
2023-10-22,MESZ3-MESH4,375839,45.25,46.55,45.25,46.15,17
2023-10-23,MESH4,763,4307.75,4327.0,4259.0,4300.5,2174
2023-10-23,MESM4,13804,4360.0,4373.25,4310.0,4349.25,69
2023-10-23,MESU4,7114,4392.75,4403.5,4357.0,4386.25,6
2023-10-23,MESZ3,24925,4261.0,4280.5,4213.25,4254.0,1145184
2023-10-23,MESZ3-MESH4,375839,46.5,46.8,45.5,46.5,271
2023-10-24,MESH4,763,4298.5,4337.25,4289.0,4314.5,2436
2023-10-24,MESM4,13804,4343.25,4383.25,4339.0,4367.25,26
2023-10-24,MESZ3,24925,4254.0,4290.5,4242.25,4268.0,1104145
2023-10-24,MESZ3-MESH4,375839,46.5,47.25,46.05,46.75,178
2023-10-25,MESH4,763,4313.25,4314.5,4232.5,4237.25,2636
2023-10-25,MESM4,13804,4353.0,4353.0,4285.5,4285.5,46
2023-10-25,MESZ3,24925,4268.0,4268.25,4186.5,4191.75,1244867
2023-10-25,MESZ3-MESH4,375839,46.75,47.2,45.9,46.0,126
2023-10-26,MESH4,763,4238.0,4250.5,4194.0,4224.5,3191
2023-10-26,MESM4,13804,4280.0,4293.0,4245.5,4271.0,80
2023-10-26,MESZ3,24925,4191.75,4205.0,4147.0,4180.0,1450760
2023-10-26,MESZ3-MESH4,375839,45.9,45.95,44.8,45.0,215
2023-10-27,MESH4,763,4222.75,4230.0,4167.5,4181.5,2414
2023-10-27,MESM4,13804,4267.75,4268.0,4221.0,4229.0,47
2023-10-27,MESU4,7114,4300.0,4300.0,4258.25,4258.25,5
2023-10-27,MESZ3,24925,4179.75,4185.25,4122.25,4136.5,1443502
2023-10-27,MESZ3-MESH4,375839,45.5,45.6,44.55,44.55,110
2023-10-29,MESH4,763,4187.0,4197.5,4187.0,4194.0,115
2023-10-29,MESM4,13804,4237.0,4243.0,4236.25,4240.0,15
2023-10-29,MESZ3,24925,4146.75,4153.25,4143.5,4149.25,20151
2023-10-29,MESZ3-MESH4,375839,44.0,44.75,44.0,44.75,7
2023-10-30,MESH4,763,4195.0,4242.25,4194.5,4230.25,1838
2023-10-30,MESM4,13804,4245.0,4288.0,4245.0,4285.25,74
2023-10-30,MESU4,7114,4320.0,4320.0,4320.0,4320.0,1
2023-10-30,MESZ3,24925,4149.5,4197.25,4148.5,4182.0,997855
2023-10-30,MESZ3-MESH4,375839,45.25,45.95,45.1,45.95,65
2023-10-31,MESH4,763,4227.25,4260.75,4212.25,4247.5,2022
2023-10-31,MESM4,13804,4273.0,4308.75,4261.0,4302.0,78
2023-10-31,MESZ3,24925,4182.0,4215.25,4166.75,4202.5,1032533
2023-10-31,MESZ3-MESH4,375839,45.45,45.95,45.45,45.95,93
2023-11-01,MESH4,763,4247.5,4312.25,4237.0,4310.75,2206
2023-11-01,MESM4,13804,4293.75,4360.0,4285.5,4360.0,114
2023-11-01,MESU4,7114,4360.0,4394.0,4360.0,4394.0,6
2023-11-01,MESZ3,24925,4202.5,4267.0,4191.5,4266.0,1148052
2023-11-01,MESZ3-MESH4,375839,45.8,46.05,45.45,45.45,69
2023-11-02,MESH4,763,4310.25,4387.0,4308.5,4375.5,2249
2023-11-02,MESM4,13804,4363.0,4433.0,4361.25,4432.5,112
2023-11-02,MESU4,7114,4419.75,4420.0,4419.75,4420.0,2
2023-11-02,MESZ3,24925,4266.0,4340.0,4261.75,4327.75,874467
2023-11-02,MESZ3-MESH4,375839,46.35,47.2,46.3,46.75,306
2023-11-02,MESZ3-MESM4,22714,96.0,96.0,96.0,96.0,1
2023-11-03,MESH4,763,4375.5,4439.0,4373.5,4426.25,1850
2023-11-03,MESM4,13804,4431.0,4488.0,4423.0,4475.75,111
2023-11-03,MESU4,7114,4500.0,4500.0,4500.0,4500.0,1
2023-11-03,MESZ3,24925,4327.75,4391.75,4326.25,4378.75,886530
2023-11-03,MESZ3-MESH4,375839,46.75,47.55,46.75,47.5,158
2023-11-03,MESZ4,42034014,4539.0,4539.0,4539.0,4539.0,1
2023-11-05,MESH4,763,4425.5,4432.0,4423.5,4424.75,125
2023-11-05,MESM4,13804,4480.0,4480.0,4476.0,4476.0,5
2023-11-05,MESZ3,24925,4379.25,4383.75,4375.25,4377.25,9765
2023-11-05,MESZ3-MESH4,375839,46.0,47.45,46.0,47.45,4
2023-11-06,MESH4,763,4423.5,4437.5,4411.0,4424.5,1177
2023-11-06,MESM4,13804,4484.0,4484.0,4468.0,4481.0,18
2023-11-06,MESZ3,24925,4377.0,4389.5,4364.25,4376.25,670832
2023-11-06,MESZ3-MESH4,375839,47.7,47.7,47.5,47.6,37
2023-11-07,MESH4,763,4423.75,4451.5,4414.0,4443.0,1382
2023-11-07,MESM4,13804,4471.5,4500.0,4461.25,4495.75,45
2023-11-07,MESU4,7114,4509.0,4545.0,4506.0,4545.0,7
2023-11-07,MESZ3,24925,4376.5,4403.5,4366.0,4395.0,740466
2023-11-07,MESZ3-MESH4,375839,47.9,48.15,47.7,47.85,33
2023-11-07,MESZ4,42034014,4557.5,4582.0,4557.5,4582.0,4
2023-11-08,MESH4,763,4442.5,4455.75,4422.0,4440.0,1409
2023-11-08,MESM4,13804,4492.25,4502.0,4477.0,4495.0,171
2023-11-08,MESZ3,24925,4395.0,4407.75,4375.0,4392.75,792492
2023-11-08,MESZ3-MESH4,375839,48.05,48.4,47.7,48.35,181
2023-11-08,MESZ4,42034014,4584.5,4584.5,4584.5,4584.5,1
2023-11-09,MESH4,763,4441.75,4461.25,4406.0,4408.0,1785
2023-11-09,MESM4,13804,4500.0,4510.0,4457.5,4457.5,67
2023-11-09,MESU4,7114,4520.0,4520.0,4520.0,4520.0,2
2023-11-09,MESZ3,24925,4392.75,4413.0,4356.75,4360.25,995046
2023-11-09,MESZ3-MESH4,375839,48.35,48.35,47.5,47.75,29
2023-11-09,MESZ4,42034014,4580.0,4588.0,4580.0,4585.0,5
2023-11-10,MESH4,763,4408.25,4484.5,4402.5,4471.75,2541
2023-11-10,MESM4,13804,4460.0,4534.0,4460.0,4524.75,65
2023-11-10,MESU4,7114,4554.0,4560.0,4554.0,4560.0,2
2023-11-10,MESZ3,24925,4360.25,4435.5,4354.25,4424.5,909387
2023-11-10,MESZ3-MESH4,375839,47.75,48.55,47.45,48.5,58
2023-11-10,MESZ4,42034014,4597.0,4597.0,4597.0,4597.0,1
2023-11-12,MESH4,763,4475.0,4476.5,4468.0,4469.5,155
2023-11-12,MESM4,13804,4537.0,4537.0,4522.0,4522.0,11
2023-11-12,MESZ3,24925,4425.75,4428.5,4419.5,4421.0,13157
2023-11-13,MESH4,763,4469.25,4485.5,4455.25,4475.5,1829
2023-11-13,MESM4,13804,4518.5,4536.25,4509.25,4530.0,25
2023-11-13,MESU4,7114,4581.25,4581.25,4581.25,4581.25,1
2023-11-13,MESZ3,24925,4421.0,4437.0,4407.25,4427.5,707305
2023-11-13,MESZ3-MESH4,375839,48.2,48.75,48.2,48.75,72
2023-11-14,MESH4,763,4475.5,4573.25,4469.0,4566.0,3838
2023-11-14,MESM4,13804,4529.5,4623.75,4529.0,4615.25,101
2023-11-14,MESU4,7114,4620.0,4650.0,4620.0,4647.25,4
2023-11-14,MESZ3,24925,4427.75,4524.0,4420.25,4516.5,844735
2023-11-14,MESZ3-MESH4,375839,48.5,49.45,48.3,49.0,276
2023-11-14,MESZ3-MESM4,22714,101.0,101.0,101.0,101.0,1
2023-11-14,MESZ4,42034014,4700.0,4700.0,4700.0,4700.0,3
2023-11-15,MESH4,763,4565.75,4590.0,4560.25,4565.0,2493
2023-11-15,MESM4,13804,4616.25,4638.0,4614.0,4614.0,52
2023-11-15,MESZ3,24925,4516.75,4542.0,4510.75,4516.5,822413
2023-11-15,MESZ3-MESH4,375839,49.1,49.6,49.0,49.15,218
2023-11-16,MESH4,763,4566.75,4579.5,4550.75,4573.5,2052
2023-11-16,MESM4,13804,4618.0,4627.5,4599.5,4623.5,122
2023-11-16,MESU4,7114,4658.75,4660.0,4658.75,4660.0,2
2023-11-16,MESZ3,24925,4516.5,4529.5,4501.75,4524.25,828507
2023-11-16,MESZ3-MESH4,375839,49.2,49.4,49.05,49.1,63
2023-11-16,MESZ4,42034014,4705.5,4705.5,4704.0,4704.0,2
2023-11-17,MESH4,763,4575.25,4590.0,4562.25,4572.75,1333
2023-11-17,MESM4,13804,4623.5,4638.5,4616.25,4630.5,73
2023-11-17,MESU4,7114,4661.5,4669.0,4661.5,4669.0,2
2023-11-17,MESZ3,24925,4524.25,4539.5,4512.5,4523.5,706921
2023-11-17,MESZ3-MESH4,375839,49.2,49.45,49.2,49.25,67
2023-11-19,MESH4,763,4576.5,4577.75,4569.25,4573.25,38
2023-11-19,MESH4-MESM4,22765,50.75,50.75,50.5,50.5,4
2023-11-19,MESM4,13804,4622.5,4622.5,4622.5,4622.5,1
2023-11-19,MESZ3,24925,4526.5,4529.0,4520.5,4524.25,10314
2023-11-19,MESZ3-MESH4,375839,49.1,49.1,49.1,49.1,5
2023-11-20,MESH4,763,4573.25,4620.75,4569.0,4612.75,1987
2023-11-20,MESH4-MESM4,22765,52.0,52.0,52.0,52.0,3
2023-11-20,MESM4,13804,4622.5,4674.0,4619.25,4667.0,64
2023-11-20,MESU4,7114,4670.75,4700.0,4670.75,4700.0,3
2023-11-20,MESZ3,24925,4524.5,4571.0,4520.0,4564.0,657015
2023-11-20,MESZ3-MESH4,375839,48.85,49.85,48.85,49.45,150
2023-11-20,MESZ4,42034014,4727.25,4750.0,4727.25,4750.0,3
2023-11-21,MESH4,763,4613.5,4616.0,4586.5,4594.0,1955
2023-11-21,MESM4,13804,4665.25,4666.25,4639.0,4644.75,50
2023-11-21,MESZ3,24925,4564.0,4567.0,4536.0,4545.25,611052
2023-11-21,MESZ3-MESH4,375839,49.7,49.85,49.45,49.7,68
2023-11-22,MESH4,763,4595.25,4630.0,4595.25,4613.25,2121
2023-11-22,MESM4,13804,4648.75,4682.25,4647.5,4668.0,105
2023-11-22,MESU4,7114,4720.0,4720.0,4720.0,4720.0,1
2023-11-22,MESZ3,24925,4545.25,4580.5,4545.0,4563.25,714643
2023-11-22,MESZ3-MESH4,375839,49.7,50.15,49.7,49.9,76
2023-11-22,MESZ4,42034014,4750.0,4760.0,4750.0,4760.0,7
2023-11-23,MESH4,763,4612.75,4624.25,4612.0,4620.75,227
2023-11-23,MESM4,13804,4669.5,4670.0,4669.5,4670.0,4
2023-11-23,MESZ3,24925,4563.25,4573.25,4562.0,4571.0,56940
2023-11-23,MESZ3-MESH4,375839,49.75,49.75,49.7,49.7,3
2023-11-24,MESH4,763,4621.0,4623.0,4612.75,4621.25,633
2023-11-24,MESM4,13804,4669.25,4673.5,4666.25,4667.75,7
2023-11-24,MESZ3,24925,4570.75,4574.0,4562.75,4568.25,200869
2023-11-24,MESZ3-MESH4,375839,49.7,50.1,49.65,50.1,45
2023-11-26,MESH4,763,4618.0,4618.0,4610.75,4612.25,40
2023-11-26,MESZ3,24925,4568.25,4569.0,4560.75,4562.0,7502
2023-11-26,MESZ3-MESH4,375839,49.9,49.9,49.9,49.9,3
2023-11-27,MESH4,763,4611.5,4619.75,4601.75,4613.25,1676
2023-11-27,MESM4,13804,4663.0,4670.0,4657.5,4663.0,22
2023-11-27,MESZ3,24925,4561.75,4570.0,4552.0,4563.75,613927
2023-11-27,MESZ3-MESH4,375839,49.7,50.0,49.65,49.75,132
2023-11-28,MESH4,763,4612.0,4627.5,4597.0,4614.5,3380
2023-11-28,MESM4,13804,4663.0,4679.0,4648.25,4662.25,65
2023-11-28,MESU4,7114,4715.0,4715.0,4707.75,4707.75,2
2023-11-28,MESZ3,24925,4563.75,4577.25,4547.0,4564.25,729321
2023-11-28,MESZ3-MESH4,375839,49.7,50.0,49.6,49.85,294
2023-11-28,MESZ4,42034014,4750.25,4750.25,4750.25,4750.25,1
2023-11-29,MESH4,763,4614.5,4647.0,4605.0,4611.5,3045
2023-11-29,MESH4-MESM4,22765,51.3,51.3,51.3,51.3,7
2023-11-29,MESM4,13804,4670.0,4698.0,4658.0,4664.5,102
2023-11-29,MESU4,7114,4710.0,4720.75,4700.0,4700.0,9
2023-11-29,MESZ3,24925,4564.25,4597.0,4555.5,4562.75,800535
2023-11-29,MESZ3-MESH4,375839,49.75,50.25,49.6,49.6,115
2023-11-30,MESH4,763,4613.0,4629.25,4594.5,4622.5,4843
2023-11-30,MESH4-MESM4,22765,51.0,51.0,51.0,51.0,2
2023-11-30,MESM4,13804,4660.5,4679.25,4647.5,4675.0,69
2023-11-30,MESU4,7114,4715.0,4715.0,4715.0,4715.0,1
2023-11-30,MESZ3,24925,4562.5,4579.5,4544.5,4572.75,909448
2023-11-30,MESZ3-MESH4,375839,49.8,50.1,49.5,49.9,156
2023-11-30,MESZ4,42034014,4750.0,4750.0,4750.0,4750.0,3
2023-12-01,MESH4,763,4622.0,4657.5,4611.75,4653.75,12078
2023-12-01,MESH4-MESM4,22765,50.5,50.5,50.25,50.25,4
2023-12-01,MESM4,13804,4669.25,4707.0,4664.5,4703.0,122
2023-12-01,MESU4,7114,4750.0,4750.0,4750.0,4750.0,1
2023-12-01,MESZ3,24925,4573.0,4607.75,4562.5,4603.75,898906
2023-12-01,MESZ3-MESH4,375839,49.9,50.2,49.8,50.1,113
2023-12-01,MESZ4,42034014,4785.0,4785.0,4785.0,4785.0,1
2023-12-03,MESH4,763,4655.5,4655.5,4647.75,4647.75,148
2023-12-03,MESM4,13804,4700.0,4700.0,4697.75,4700.0,7
2023-12-03,MESZ3,24925,4603.5,4604.25,4597.5,4597.75,9463
2023-12-03,MESZ3-MESH4,375839,50.1,50.2,50.1,50.1,10
2023-12-04,MESH4,763,4647.75,4648.25,4603.75,4619.0,13198
2023-12-04,MESH4-MESM4,22765,51.0,51.0,50.0,50.0,2
2023-12-04,MESM4,13804,4698.0,4698.0,4651.5,4670.0,176
2023-12-04,MESU4,7114,4700.25,4715.0,4695.0,4715.0,9
2023-12-04,MESZ3,24925,4598.0,4598.25,4553.5,4569.75,754816
2023-12-04,MESZ3-MESH4,375839,50.05,50.15,49.75,49.9,326
2023-12-04,MESZ3-MESM4,22714,98.6,98.6,98.6,98.6,8
2023-12-05,MESH4,763,4619.75,4635.5,4605.5,4628.25,18737
2023-12-05,MESH4-MESM4,22765,50.0,50.0,49.75,49.75,3
2023-12-05,MESM4,13804,4669.0,4685.5,4657.5,4678.25,119
2023-12-05,MESU4,7114,4700.0,4725.0,4700.0,4725.0,8
2023-12-05,MESZ3,24925,4569.75,4585.5,4555.5,4577.75,811808
2023-12-05,MESZ3-MESH4,375839,49.95,50.25,49.5,50.25,378
2023-12-05,MESZ3-MESM4,22714,98.0,100.0,98.0,100.0,24
2023-12-05,MESZ4,42034014,4755.0,4755.0,4752.25,4752.25,2
2023-12-06,MESH4,763,4628.0,4648.5,4602.25,4605.5,17599
2023-12-06,MESM4,13804,4683.0,4700.0,4645.0,4659.0,166
2023-12-06,MESU4,7114,4725.0,4725.0,4700.0,4700.0,8
2023-12-06,MESZ3,24925,4577.75,4598.5,4552.0,4555.25,751602
2023-12-06,MESZ3-MESH4,375839,50.1,50.4,49.85,50.25,310
2023-12-06,MESZ4,42034014,4753.75,4760.25,4753.75,4760.25,4
2023-12-07,MESH4,763,4605.5,4646.5,4598.75,4635.5,40215
2023-12-07,MESH4-MESM4,22765,51.0,51.0,49.5,49.5,2
2023-12-07,MESM4,13804,4657.0,4695.0,4650.0,4692.0,142
2023-12-07,MESU4,7114,4705.0,4715.0,4705.0,4715.0,4
2023-12-07,MESZ3,24925,4555.25,4596.0,4548.75,4584.75,811060
2023-12-07,MESZ3-MESH4,375839,50.25,51.05,50.0,50.7,373
2023-12-07,MESZ3-MESM4,22714,100.0,100.0,100.0,100.0,4
2023-12-07,MESZ4,42034014,4772.5,4775.5,4772.5,4775.5,2
2023-12-08,MESH4,763,4635.5,4666.0,4615.0,4660.0,137424
2023-12-08,MESH4-MESM4,22765,51.0,51.0,51.0,51.0,1
2023-12-08,MESM4,13804,4688.5,4716.0,4667.0,4712.25,231
2023-12-08,MESZ3,24925,4584.75,4613.75,4563.25,4607.25,836761
2023-12-08,MESZ3-MESH4,375839,51.0,52.85,50.7,52.35,7638
2023-12-08,MESZ3-MESM4,22714,100.25,100.25,100.25,100.25,3
2023-12-08,MESZ4,42034014,4800.0,4800.0,4800.0,4800.0,1
2023-12-10,MESH4,763,4660.25,4666.75,4659.0,4663.5,6501
2023-12-10,MESM4,13804,4716.0,4716.0,4715.0,4715.0,4
2023-12-10,MESZ3,24925,4607.75,4614.25,4605.75,4611.0,5201
2023-12-10,MESZ3-MESH4,375839,52.3,52.45,52.15,52.15,255
2023-12-11,MESH4,763,4663.25,4679.5,4651.75,4678.25,543245
2023-12-11,MESH4-MESM4,22765,52.0,52.4,52.0,52.4,13
2023-12-11,MESM4,13804,4714.75,4730.5,4700.75,4726.0,225
2023-12-11,MESZ3,24925,4611.0,4627.25,4599.25,4625.5,245212
2023-12-11,MESZ3-MESH4,375839,52.25,53.65,52.0,52.5,32925
2023-12-11,MESZ3-MESM4,22714,104.5,104.5,103.0,104.0,13
2023-12-11,MESZ4,42034014,4803.5,4810.0,4803.5,4810.0,16
2023-12-12,MESH4,763,4678.25,4704.25,4662.0,4704.25,533990
2023-12-12,MESH4-MESM4,22765,52.0,53.15,52.0,53.15,24
2023-12-12,MESM4,13804,4730.0,4757.25,4715.0,4757.25,337
2023-12-12,MESU4,7114,4796.25,4796.25,4796.25,4796.25,1
2023-12-12,MESZ3,24925,4625.75,4652.75,4610.25,4652.0,150213
2023-12-12,MESZ3-MESH4,375839,52.5,53.1,51.3,51.85,12299
2023-12-12,MESZ3-MESM4,22714,102.5,103.7,102.5,102.5,41
2023-12-13,MESH4,763,4704.0,4769.75,4691.5,4769.25,630201
2023-12-13,MESH4-MESM4,22765,53.85,53.85,49.5,49.5,2
2023-12-13,MESM4,13804,4755.0,4822.25,4749.0,4821.25,425
2023-12-13,MESU4,7114,4805.0,4850.25,4804.75,4850.25,16
2023-12-13,MESZ3,24925,4652.0,4717.25,4645.0,4717.25,149327
2023-12-13,MESZ3-MESH4,375839,51.95,52.65,51.0,52.2,4528
2023-12-13,MESZ4,42034014,4840.0,4850.0,4836.5,4850.0,17
2023-12-14,MESH4,763,4769.0,4791.75,4746.25,4771.75,855528
2023-12-14,MESH4-MESM4,22765,52.4,52.4,52.4,52.4,31
2023-12-14,MESM4,13804,4825.0,4842.5,4798.0,4823.5,727
2023-12-14,MESZ3,24925,4716.75,4739.0,4694.25,4719.75,135955
2023-12-14,MESZ3-MESH4,375839,52.25,53.85,51.6,52.3,4297
2023-12-14,MESZ3-MESM4,22714,103.0,104.5,102.0,102.0,20
2023-12-15,MESH4,763,4771.5,4789.0,4757.5,4769.25,680549
2023-12-15,MESH4-MESM4,22765,51.45,51.85,50.2,51.85,166
2023-12-15,MESM4,13804,4824.75,4839.75,4809.25,4820.0,602
2023-12-15,MESU4,7114,4865.0,4874.25,4852.0,4869.25,9
2023-12-15,MESZ3,24925,4719.5,4740.5,4702.75,4716.5,12441
2023-12-15,MESZ3-MESH4,375839,52.35,55.9,51.35,51.75,721
2023-12-15,MESZ3-MESM4,22714,102.0,102.0,101.0,101.0,3
2023-12-17,MESH4,763,4770.25,4774.25,4769.5,4774.0,6295
2023-12-17,MESH4-MESM4,22765,49.45,49.9,49.45,49.9,6
2023-12-17,MESM4,13804,4818.5,4824.75,4818.5,4823.25,12
2023-12-18,MESH4,763,4774.0,4802.25,4771.0,4790.75,468065
2023-12-18,MESH4-MESM4,22765,50.85,52.25,50.8,51.4,131
2023-12-18,MESM4,13804,4827.25,4853.75,4822.0,4842.0,567
2023-12-18,MESU4,7114,4873.25,4896.0,4873.25,4896.0,5
2023-12-19,MESH4,763,4790.75,4821.5,4787.75,4817.5,471963
2023-12-19,MESH4-MESM4,22765,52.0,54.0,52.0,54.0,7
2023-12-19,MESM4,13804,4842.0,4874.75,4840.0,4869.75,600
2023-12-19,MESU4,7114,4905.0,4906.75,4905.0,4906.75,4
2023-12-20,MESH4,763,4817.75,4830.75,4743.25,4759.25,837786
2023-12-20,MESH4-MESM4,22765,52.15,52.2,50.7,50.8,87
2023-12-20,MESM4,13804,4870.75,4882.5,4794.0,4810.25,1114
2023-12-20,MESU4,7114,4907.25,4921.0,4836.75,4843.25,34
2023-12-21,MESH4,763,4759.0,4798.25,4755.5,4793.25,808614
2023-12-21,MESH4-MESM4,22765,50.8,51.45,50.75,51.45,34
2023-12-21,MESM4,13804,4809.25,4849.75,4807.25,4847.75,899
2023-12-21,MESU4,7114,4851.5,4884.0,4851.5,4883.75,19
2023-12-21,MESZ4,42034014,4891.0,4896.5,4891.0,4896.5,41
2023-12-22,MESH4,763,4793.5,4821.75,4784.75,4799.0,610156
2023-12-22,MESH4-MESM4,22765,51.05,51.25,51.0,51.1,27
2023-12-22,MESH5,42005347,4974.5,4974.5,4974.5,4974.5,1
2023-12-22,MESM4,13804,4844.5,4872.75,4836.0,4851.75,743
2023-12-22,MESU4,7114,4905.5,4914.25,4880.0,4896.0,18
2023-12-25,MESH4,763,4800.75,4811.5,4800.0,4810.0,7697
2023-12-25,MESM4,13804,4852.5,4862.0,4852.5,4860.75,22
2023-12-26,MESH4,763,4810.0,4834.5,4805.75,4827.0,320889
2023-12-26,MESH4-MESM4,22765,50.8,51.75,50.8,51.45,23
2023-12-26,MESM4,13804,4858.75,4886.5,4858.0,4879.25,444
2023-12-26,MESU4,7114,4898.0,4919.0,4898.0,4919.0,8
2023-12-27,MESH4,763,4827.0,4836.25,4816.5,4834.5,500789
2023-12-27,MESH4-MESM4,22765,51.5,51.9,51.05,51.05,224
2023-12-27,MESH5,42005347,4986.0,4995.5,4986.0,4995.5,2
2023-12-27,MESM4,13804,4877.5,4889.5,4866.0,4885.5,821
2023-12-27,MESU4,7114,4919.0,4929.25,4914.0,4929.25,12
2023-12-27,MESZ4,42034014,4959.0,4959.0,4959.0,4959.0,4
2023-12-28,MESH4,763,4834.5,4841.5,4827.75,4835.25,407677
2023-12-28,MESH4-MESM4,22765,50.95,51.75,50.95,51.55,21
2023-12-28,MESM4,13804,4886.0,4893.0,4880.0,4883.0,393
2023-12-28,MESU4,7114,4933.0,4933.0,4927.0,4927.0,2
2023-12-28,MESZ4,42034014,4965.0,4965.0,4965.0,4965.0,8
2023-12-29,MESH4,763,4835.25,4841.0,4796.75,4812.5,557593
2023-12-29,MESH4-MESM4,22765,51.5,51.55,51.1,51.1,24
2023-12-29,MESM4,13804,4886.5,4891.5,4848.0,4864.0,1056
2023-12-29,MESU4,7114,4925.75,4925.75,4892.0,4908.75,18
2023-12-29,MESZ4,42034014,4965.0,4965.0,4935.0,4940.0,10
2024-01-01,MESH4,763,4817.0,4822.75,4815.75,4821.0,8084
2024-01-01,MESH4-MESM4,22765,50.85,50.85,50.85,50.85,2
2024-01-01,MESM4,13804,4871.5,4872.0,4871.0,4872.0,10
2024-01-02,MESH4,763,4820.75,4828.0,4765.5,4788.75,673302
2024-01-02,MESH4-MESM4,22765,51.0,51.7,48.15,51.0,319
2024-01-02,MESM4,13804,4871.75,4879.75,4817.0,4839.0,1013
2024-01-02,MESU4,7114,4907.5,4914.25,4860.0,4880.0,15
2024-01-02,MESZ4,42034014,4920.0,4920.0,4902.0,4902.0,7
2024-01-03,MESH4,763,4788.75,4789.5,4740.75,4749.75,774316
2024-01-03,MESH4-MESM4,22765,51.0,52.0,50.8,51.3,409
2024-01-03,MESM4,13804,4840.0,4840.0,4791.5,4800.0,1102
2024-01-03,MESU4,7114,4882.5,4882.5,4840.25,4840.25,39
2024-01-04,MESH4,763,4749.75,4766.5,4727.0,4734.25,691694
2024-01-04,MESH4-MESM4,22765,51.0,52.3,50.5,52.3,236
2024-01-04,MESH5,42005347,4915.0,4915.0,4914.0,4914.0,4
2024-01-04,MESM4,13804,4800.0,4818.25,4779.0,4787.25,1043
2024-01-04,MESU4,7114,4834.5,4861.0,4825.0,4825.0,17
2024-01-05,MESH4,763,4734.25,4760.75,4702.0,4735.75,840458
2024-01-05,MESH4-MESM4,22765,51.8,52.15,51.35,51.55,413
2024-01-05,MESM4,13804,4787.0,4812.0,4754.75,4788.0,1697
2024-01-05,MESU4,7114,4830.5,4853.5,4794.5,4822.5,33
2024-01-05,MESZ4,42034014,4890.75,4890.75,4867.0,4867.0,6
2024-01-07,MESH4,763,4735.75,4741.75,4733.0,4738.75,7828
2024-01-07,MESM4,13804,4786.25,4792.5,4786.25,4791.0,19
2024-01-08,MESH4,763,4739.0,4803.5,4715.25,4797.25,642400
2024-01-08,MESH4-MESM4,22765,51.55,52.55,51.45,52.25,56
2024-01-08,MESM4,13804,4792.75,4855.5,4767.0,4849.5,1230
2024-01-08,MESU4,7114,4827.5,4898.0,4814.0,4894.5,42
2024-01-09,MESH4,763,4797.25,4803.75,4767.5,4792.0,698342
2024-01-09,MESH4-MESM4,22765,52.5,52.8,52.25,52.6,122
2024-01-09,MESM4,13804,4850.0,4855.5,4820.0,4844.25,919
2024-01-09,MESU4,7114,4889.5,4900.25,4869.75,4886.5,49
2024-01-09,MESZ4,42034014,4920.25,4920.25,4920.25,4920.25,1
2024-01-10,MESH4,763,4792.25,4828.5,4786.0,4821.25,673562
2024-01-10,MESH4-MESM4,22765,52.6,53.0,52.35,52.95,75
2024-01-10,MESH5,42005347,4985.5,4985.5,4985.5,4985.5,4
2024-01-10,MESM4,13804,4846.75,4881.25,4839.0,4874.25,1016
2024-01-10,MESU4,7114,4885.5,4922.0,4885.5,4915.0,37
2024-01-11,MESH4,763,4821.0,4838.0,4772.75,4811.0,946444
2024-01-11,MESH4-MESM4,22765,52.65,53.05,52.3,52.85,173
2024-01-11,MESM4,13804,4877.25,4890.75,4826.25,4862.0,1446
2024-01-11,MESU4,7114,4919.0,4929.5,4872.75,4911.5,89
2024-01-11,MESZ4,42034014,4935.0,4935.0,4935.0,4935.0,1
2024-01-12,MESH4,763,4811.0,4836.5,4791.75,4811.25,846249
2024-01-12,MESH4-MESM4,22765,52.3,52.7,51.7,51.95,22
2024-01-12,MESH5,42005347,4980.0,4980.0,4975.5,4980.0,13
2024-01-12,MESM4,13804,4863.0,4888.5,4845.0,4862.75,946
2024-01-12,MESU4,7114,4903.0,4927.0,4898.0,4908.0,31
2024-01-14,MESH4,763,4811.75,4813.0,4806.25,4810.25,6194
2024-01-14,MESH4-MESM4,22765,51.9,51.9,51.9,51.9,1
2024-01-14,MESM4,13804,4865.75,4865.75,4859.0,4863.25,21
2024-01-15,MESH4,763,4810.5,4823.0,4806.75,4808.5,119490
2024-01-15,MESH4-MESM4,22765,52.0,52.3,51.7,52.3,22
2024-01-15,MESM4,13804,4860.0,4875.0,4859.75,4860.5,167
2024-01-16,MESH4,763,4808.5,4815.5,4779.5,4800.0,986208
2024-01-16,MESH4-MESM4,22765,52.0,52.6,52.0,52.5,19
2024-01-16,MESM4,13804,4859.75,4867.75,4832.0,4851.0,1293
2024-01-16,MESU4,7114,4904.25,4906.0,4876.25,4876.25,44
2024-01-16,MESZ4,42034014,4940.0,4940.0,4925.25,4925.25,3
2024-01-17,MESH4,763,4800.0,4800.5,4746.25,4769.75,836339
2024-01-17,MESH4-MESM4,22765,52.5,53.1,52.4,53.1,43
2024-01-17,MESM4,13804,4851.75,4851.75,4799.0,4822.5,1165
2024-01-17,MESU4,7114,4875.0,4875.0,4847.0,4858.0,8
2024-01-17,MESZ4,42034014,4920.5,4920.5,4920.5,4920.5,1
2024-01-18,MESH4,763,4769.75,4817.0,4763.25,4814.75,969204
2024-01-18,MESH4-MESM4,22765,52.65,53.5,52.55,53.05,108
2024-01-18,MESH4-MESZ4,42035579,136.05,136.05,136.05,136.05,1
2024-01-18,MESM4,13804,4820.25,4870.0,4817.0,4866.5,1546
2024-01-18,MESU4,7114,4872.5,4903.0,4863.5,4903.0,47
2024-01-18,MESZ4,42034014,4925.0,4939.5,4925.0,4939.5,2
2024-01-19,MESH4,763,4814.5,4874.25,4809.25,4870.0,901104
2024-01-19,MESH4-MESM4,22765,53.15,54.6,53.15,54.5,123
2024-01-19,MESM4,13804,4868.0,4929.0,4863.5,4925.0,2481
2024-01-19,MESM4-MESU4,63549,46.0,46.0,46.0,46.0,5
2024-01-19,MESU4,7114,4908.5,4976.25,4908.5,4969.0,67
2024-01-19,MESZ4,42034014,4956.5,5000.0,4956.5,5000.0,6
2024-01-21,MESH4,763,4872.75,4879.5,4872.25,4874.5,8935
2024-01-21,MESH4-MESM4,22765,54.5,54.5,54.5,54.5,2
2024-01-21,MESM4,13804,4926.0,4934.0,4926.0,4929.0,47
2024-01-21,MESU4,7114,4976.0,4979.25,4976.0,4979.25,4
2024-01-22,MESH4,763,4874.5,4898.5,4873.25,4881.25,759154
2024-01-22,MESH4-MESM4,22765,54.25,55.85,54.25,55.5,81
2024-01-22,MESM4,13804,4929.5,4953.75,4929.5,4937.75,1330
2024-01-22,MESM4-MESU4,63549,46.5,47.0,46.5,47.0,10
2024-01-22,MESU4,7114,4980.0,4997.5,4980.0,4983.0,41
2024-01-23,MESH4,763,4881.25,4905.5,4874.25,4904.5,584056
2024-01-23,MESH4-MESM4,22765,55.3,55.65,55.05,55.65,66
2024-01-23,MESM4,13804,4937.75,4960.75,4929.75,4960.25,897
2024-01-23,MESM4-MESU4,63549,47.5,47.5,47.5,47.5,4
2024-01-23,MESU4,7114,4985.75,5002.75,4983.0,5002.75,29
2024-01-23,MESZ4,42034014,5028.0,5028.0,5028.0,5028.0,1
2024-01-24,MESH4,763,4904.5,4933.25,4889.25,4899.5,855850
2024-01-24,MESH4-MESM4,22765,55.6,56.45,55.6,56.25,96
2024-01-24,MESM4,13804,4960.0,4989.0,4946.0,4956.25,1662
2024-01-24,MESU4,7114,5005.0,5035.0,4990.75,4995.5,96
2024-01-24,MESZ4,42034014,5046.5,5055.0,5046.5,5055.0,4
2024-01-25,MESH4,763,4899.25,4926.5,4893.25,4914.0,853194
2024-01-25,MESH4-MESM4,22765,56.1,56.45,55.6,56.25,58
2024-01-25,MESM4,13804,4954.5,4983.0,4950.5,4971.0,933
2024-01-25,MESU4,7114,5000.0,5026.5,4996.25,5026.5,97
2024-01-25,MESZ4,42034014,5054.5,5054.5,5053.5,5053.5,2
2024-01-26,MESH4,763,4914.0,4934.75,4898.25,4912.75,754910
2024-01-26,MESH4-MESM4,22765,56.25,56.6,56.0,56.0,33
2024-01-26,MESM4,13804,4968.75,4990.75,4954.75,4971.0,1072
2024-01-26,MESU4,7114,5003.5,5035.0,5003.5,5016.25,67
2024-01-28,MESH4,763,4909.0,4910.25,4901.5,4904.25,12137
2024-01-28,MESH4-MESM4,22765,56.2,56.25,55.5,56.0,13
2024-01-28,MESM4,13804,4973.25,4973.25,4960.0,4961.0,33
2024-01-28,MESU4,7114,5010.0,5010.0,5010.0,5010.0,2
2024-01-29,MESH4,763,4904.25,4956.0,4903.5,4952.75,608024
2024-01-29,MESH4-MESM4,22765,56.25,56.45,55.9,55.9,68
2024-01-29,MESM4,13804,4961.0,5012.0,4960.0,5008.25,1125
2024-01-29,MESU4,7114,5020.0,5057.5,5016.0,5055.0,124
2024-01-30,MESH4,763,4952.75,4957.25,4927.0,4930.0,594102
2024-01-30,MESH4-MESM4,22765,56.0,56.7,55.75,56.15,125
2024-01-30,MESM4,13804,5008.0,5013.25,4984.75,4986.5,930
2024-01-30,MESM4-MESU4,63549,47.5,47.5,47.5,47.5,4
2024-01-30,MESU4,7114,5055.5,5056.75,5042.75,5043.25,77
2024-01-30,MESZ4,42034014,5113.0,5113.0,5113.0,5113.0,1
2024-01-31,MESH4,763,4929.75,4938.0,4866.0,4876.75,949847
2024-01-31,MESH4-MESM4,22765,56.15,56.15,54.3,54.9,313
2024-01-31,MESM4,13804,4987.0,4994.0,4920.25,4930.5,1643
2024-01-31,MESU4,7114,5036.5,5036.5,4964.5,4975.5,61
2024-01-31,MESZ4,42034014,5051.75,5051.75,5007.25,5007.25,4
2024-02-01,MESH4,763,4876.5,4964.0,4873.75,4954.25,913972
2024-02-01,MESH4-MESM4,22765,54.6,56.75,53.7,55.5,225
2024-02-01,MESM4,13804,4932.5,5020.0,4928.5,5009.25,1639
2024-02-01,MESU4,7114,4982.0,5058.5,4975.5,5050.75,48
2024-02-01,MESZ4,42034014,5042.5,5042.5,5042.5,5042.5,1
2024-02-02,MESH4,763,4954.0,4997.75,4925.75,4973.0,884947
2024-02-02,MESH4-MESM4,22765,55.45,57.3,55.45,57.05,176
2024-02-02,MESH4-MESU4,65386,104.5,105.75,104.5,105.75,4
2024-02-02,MESM4,13804,5009.0,5054.75,4981.5,5029.0,2423
2024-02-02,MESM4-MESU4,63549,48.0,48.0,48.0,48.0,2
2024-02-02,MESU4,7114,5055.75,5102.75,5031.5,5080.0,214
2024-02-04,MESH4,763,4975.0,4980.75,4973.5,4976.5,10216
2024-02-04,MESM4,13804,5029.0,5038.75,5029.0,5032.75,39
2024-02-04,MESU4,7114,5073.0,5084.0,5073.0,5082.75,5
2024-02-05,MESH4,763,4976.5,4980.0,4937.5,4957.75,738938
2024-02-05,MESH4-MESM4,22765,56.9,57.2,56.55,57.05,42
2024-02-05,MESH4-MESU4,65386,106.0,106.5,106.0,106.5,3
2024-02-05,MESM4,13804,5030.0,5035.75,4995.0,5015.0,1267
2024-02-05,MESU4,7114,5075.75,5081.25,5048.0,5068.0,82
2024-02-05,MESZ4,42034014,5129.25,5129.25,5129.25,5129.25,1
2024-02-06,MESH4,763,4958.0,4978.25,4954.5,4973.25,671927
2024-02-06,MESH4-MESM4,22765,56.65,57.15,56.35,56.85,74
2024-02-06,MESM4,13804,5017.0,5036.0,5012.0,5030.0,1049
2024-02-06,MESU4,7114,5063.0,5082.5,5063.0,5078.5,70
2024-02-07,MESH4,763,4973.25,5020.0,4969.75,5013.75,709185
2024-02-07,MESH4-MESM4,22765,56.75,57.45,56.65,57.1,85
2024-02-07,MESH4-MESU4,65386,107.0,107.0,107.0,107.0,1
2024-02-07,MESH5,42005347,5195.0,5195.0,5195.0,5195.0,1
2024-02-07,MESM4,13804,5029.0,5077.25,5027.0,5070.5,1713
2024-02-07,MESM4-MESU4,63549,48.2,48.2,47.8,47.8,12
2024-02-07,MESU4,7114,5084.5,5126.0,5080.0,5118.5,139
2024-02-07,MESZ4,42034014,5129.25,5169.5,5129.25,5169.5,5
2024-02-08,MESH4,763,5013.75,5020.0,5004.0,5015.25,511009
2024-02-08,MESH4-MESM4,22765,57.1,57.85,57.1,57.65,60
2024-02-08,MESH4-MESU4,65386,107.0,107.0,107.0,107.0,1
2024-02-08,MESM4,13804,5070.5,5077.5,5061.25,5072.25,721
2024-02-08,MESU4,7114,5120.5,5127.0,5113.25,5127.0,76
2024-02-08,MESZ4,42034014,5169.5,5169.5,5169.0,5169.0,2
2024-02-09,MESH4,763,5015.25,5048.5,5013.0,5042.0,583242
2024-02-09,MESH4-MESM4,22765,57.5,58.75,57.5,58.4,104
2024-02-09,MESH4-MESU4,65386,108.0,108.0,108.0,108.0,2
2024-02-09,MESM4,13804,5073.0,5106.5,5071.0,5100.0,1736
2024-02-09,MESU4,7114,5123.0,5156.0,5120.5,5153.0,120
2024-02-09,MESZ4,42034014,5160.0,5199.0,5160.0,5199.0,10
2024-02-11,MESH4,763,5042.25,5043.5,5038.75,5042.25,7006
2024-02-11,MESH4-MESM4,22765,58.15,58.2,58.15,58.2,12
2024-02-11,MESM4,13804,5102.25,5102.25,5097.25,5101.5,26
2024-02-11,MESU4,7114,5151.0,5151.0,5151.0,5151.0,1
2024-02-12,MESH4,763,5042.5,5066.5,5031.5,5035.5,519254
2024-02-12,MESH4-MESM4,22765,58.2,58.7,58.0,58.65,104
2024-02-12,MESH4-MESU4,65386,109.0,109.0,109.0,109.0,1
2024-02-12,MESM4,13804,5102.0,5125.25,5090.0,5095.0,1417
2024-02-12,MESU4,7114,5153.0,5175.0,5142.0,5142.0,87
2024-02-13,MESH4,763,5035.5,5040.0,4936.5,4972.5,963089
2024-02-13,MESH4-MESM4,22765,58.5,59.0,57.65,58.05,171
2024-02-13,MESH4-MESU4,65386,109.9,109.9,109.9,109.9,2
2024-02-13,MESH5,42005347,5173.75,5173.75,5173.75,5173.75,1
2024-02-13,MESM4,13804,5092.75,5097.25,4993.75,5030.0,2938
2024-02-13,MESM4-MESU4,63549,52.0,52.0,52.0,52.0,2
2024-02-13,MESU4,7114,5140.75,5145.5,5047.75,5080.0,118
2024-02-13,MESU4-MESZ4,42036532,48.0,48.0,48.0,48.0,3
2024-02-14,MESH4,763,4972.5,5022.5,4968.25,5018.5,857915
2024-02-14,MESH4-MESM4,22765,58.05,58.55,57.95,58.5,96
2024-02-14,MESM4,13804,5030.0,5080.5,5026.75,5077.5,2406
2024-02-14,MESU4,7114,5090.0,5132.0,5087.0,5129.75,78
2024-02-14,MESZ4,42034014,5130.0,5130.0,5130.0,5130.0,1
2024-02-15,MESH4,763,5018.5,5052.0,5011.0,5048.5,720201
2024-02-15,MESH4-MESM4,22765,58.4,59.05,57.9,58.85,52
2024-02-15,MESM4,13804,5076.25,5110.5,5069.75,5107.0,2230
2024-02-15,MESM4-MESU4,63549,52.0,52.0,52.0,52.0,7
2024-02-15,MESU4,7114,5125.5,5161.0,5122.5,5161.0,38
2024-02-15,MESZ4,42034014,5175.0,5180.0,5175.0,5180.0,2
2024-02-16,MESH4,763,5048.5,5059.5,5012.75,5014.5,826456
2024-02-16,MESH4-MESM4,22765,58.95,59.3,58.8,59.05,109
2024-02-16,MESM4,13804,5106.25,5118.25,5072.25,5075.75,2644
2024-02-16,MESU4,7114,5154.0,5170.75,5122.25,5122.25,109
2024-02-16,MESU4-MESZ4,42036532,49.0,49.0,49.0,49.0,5
2024-02-16,MESZ4,42034014,5193.5,5200.0,5192.5,5195.0,12
2024-02-18,MESH4,763,5016.25,5025.75,5015.75,5024.25,6787
2024-02-18,MESH4-MESM4,22765,58.95,59.05,58.9,58.9,7
2024-02-18,MESM4,13804,5072.25,5083.5,5072.25,5083.5,55
2024-02-18,MESU4,7114,5136.0,5136.0,5136.0,5136.0,1
2024-02-19,MESH4,763,5024.5,5029.5,5013.25,5015.5,93731
2024-02-19,MESH4-MESM4,22765,59.05,59.2,58.8,59.2,38
2024-02-19,MESM4,13804,5083.0,5088.25,5072.5,5073.75,334
2024-02-19,MESU4,7114,5130.0,5141.0,5130.0,5135.25,3
2024-02-19,MESZ4,42034014,5181.75,5186.5,5181.75,5186.5,2
2024-02-20,MESH4,763,5015.5,5018.0,4969.0,4988.25,807759
2024-02-20,MESH4-MESM4,22765,58.7,58.75,58.1,58.55,101
2024-02-20,MESM4,13804,5073.25,5076.25,5027.0,5047.75,2318
2024-02-20,MESU4,7114,5118.25,5118.25,5080.0,5098.75,147
2024-02-21,MESH4,763,4988.5,5022.5,4959.25,5021.5,916474
2024-02-21,MESH4-MESM4,22765,58.5,59.2,58.05,58.95,132
2024-02-21,MESM4,13804,5046.5,5082.0,5018.0,5080.0,2202
2024-02-21,MESU4,7114,5095.5,5137.5,5067.25,5130.0,43
2024-02-22,MESH4,763,5021.75,5107.75,5021.0,5099.0,916758
2024-02-22,MESH4-MESM4,22765,59.15,61.0,59.0,61.0,193
2024-02-22,MESM4,13804,5081.0,5168.5,5081.0,5159.25,4589
2024-02-22,MESU4,7114,5134.25,5222.75,5134.25,5210.25,189
2024-02-22,MESU4-MESZ4,42036532,50.0,50.0,50.0,50.0,5
2024-02-22,MESZ4,42034014,5250.0,5250.0,5250.0,5250.0,5
2024-02-23,MESH4,763,5098.75,5123.0,5092.0,5094.5,784543
2024-02-23,MESH4-MESM4,22765,61.35,61.4,60.75,60.85,176
2024-02-23,MESM4,13804,5159.0,5184.5,5153.0,5155.75,2894
2024-02-23,MESU4,7114,5209.25,5237.0,5209.25,5212.75,95
2024-02-23,MESZ4,42034014,5262.75,5270.5,5262.75,5270.5,13
2024-02-25,MESH4,763,5095.0,5101.25,5092.5,5099.25,6556
2024-02-25,MESM4,13804,5155.5,5162.25,5153.25,5162.0,51
2024-02-25,MESU4,7114,5208.75,5208.75,5208.75,5208.75,50
2024-02-26,MESH4,763,5099.0,5108.0,5075.5,5079.5,651219
2024-02-26,MESH4-MESM4,22765,61.15,61.25,60.75,61.25,76
2024-02-26,MESM4,13804,5159.75,5169.0,5137.25,5140.5,2143
2024-02-26,MESU4,7114,5205.5,5221.75,5193.75,5194.25,132
2024-02-26,MESU4-MESZ4,42036532,51.0,51.0,51.0,51.0,8
2024-02-27,MESH4,763,5079.5,5095.25,5067.0,5087.5,592887
2024-02-27,MESH4-MESM4,22765,61.0,61.0,60.7,60.85,129
2024-02-27,MESH4-MESU4,65386,117.0,117.0,117.0,117.0,8
2024-02-27,MESH5,42005347,5295.0,5295.0,5295.0,5295.0,1
2024-02-27,MESM4,13804,5139.75,5154.0,5127.75,5148.75,2188
2024-02-27,MESU4,7114,5197.0,5210.0,5185.0,5205.25,82
2024-02-28,MESH4,763,5087.5,5091.0,5063.0,5071.0,694351
2024-02-28,MESH4-MESM4,22765,60.9,61.0,60.75,60.95,44
2024-02-28,MESM4,13804,5148.5,5151.5,5124.5,5131.0,5085
2024-02-28,MESU4,7114,5202.5,5208.75,5176.5,5186.75,67
2024-02-29,MESH4,763,5071.0,5114.25,5060.0,5097.5,884471
2024-02-29,MESH4-MESM4,22765,60.85,61.55,60.7,61.35,176
2024-02-29,MESM4,13804,5132.0,5175.75,5121.0,5158.75,5836
2024-02-29,MESU4,7114,5186.0,5230.0,5176.75,5216.75,153
2024-02-29,MESZ4,42034014,5245.0,5245.0,5245.0,5245.0,7
2024-03-01,MESH4,763,5097.5,5149.5,5089.25,5138.5,731932
2024-03-01,MESH4-MESM4,22765,61.25,62.1,61.1,61.8,423
2024-03-01,MESH5,42005347,5340.0,5350.0,5339.0,5350.0,14
2024-03-01,MESM4,13804,5158.75,5210.75,5150.25,5200.5,10989
2024-03-01,MESU4,7114,5213.75,5264.25,5210.5,5256.0,171
2024-03-01,MESZ4,42034014,5272.0,5312.0,5272.0,5312.0,10
2024-03-03,MESH4,763,5141.5,5146.0,5140.25,5141.5,9003
2024-03-03,MESH4-MESM4,22765,62.0,62.05,61.6,61.8,61
2024-03-03,MESM4,13804,5203.75,5208.0,5202.5,5203.5,170
2024-03-03,MESU4,7114,5260.0,5260.0,5260.0,5260.0,3
2024-03-03,MESZ4,42034014,5310.0,5310.0,5310.0,5310.0,1
2024-03-04,MESH4,763,5141.75,5157.5,5129.25,5130.75,580117
2024-03-04,MESH4-MESM4,22765,61.95,62.55,61.65,62.35,161
2024-03-04,MESH4-MESU4,65386,117.0,117.0,117.0,117.0,9
2024-03-04,MESH5,42005347,5365.0,5365.0,5347.5,5347.5,2
2024-03-04,MESM4,13804,5203.0,5220.75,5191.75,5193.25,11416
2024-03-04,MESU4,7114,5256.25,5275.25,5250.0,5253.5,272
2024-03-04,MESZ4,42034014,5310.0,5320.0,5306.5,5310.0,6
2024-03-05,MESH4,763,5131.0,5134.5,5063.0,5088.0,940218
2024-03-05,MESH4-MESM4,22765,62.4,62.75,61.2,61.65,368
2024-03-05,MESH5,42005347,5322.75,5322.75,5306.25,5306.25,2
2024-03-05,MESM4,13804,5192.75,5196.5,5124.25,5149.5,43881
2024-03-05,MESU4,7114,5248.25,5250.5,5179.5,5206.0,330
2024-03-05,MESZ4,42034014,5300.0,5300.0,5245.75,5245.75,12
2024-03-06,MESH4,763,5088.0,5134.5,5083.75,5108.75,958920
2024-03-06,MESH4-MESM4,22765,61.7,62.25,61.5,62.25,254
2024-03-06,MESH4-MESU4,65386,117.0,117.0,117.0,117.0,1
2024-03-06,MESH5,42005347,5331.25,5331.25,5331.25,5331.25,1
2024-03-06,MESM4,13804,5149.25,5196.25,5144.75,5171.0,31516
2024-03-06,MESU4,7114,5204.0,5250.0,5200.75,5228.5,196
2024-03-06,MESZ4,42034014,5288.0,5297.25,5288.0,5297.25,6
2024-03-07,MESH4,763,5108.75,5170.5,5086.5,5159.75,784214
2024-03-07,MESH4-MESM4,22765,61.95,63.25,61.95,63.0,990
2024-03-07,MESH5,42005347,5333.0,5381.25,5333.0,5381.25,3
2024-03-07,MESM4,13804,5171.0,5233.5,5148.5,5222.5,62070
2024-03-07,MESM4-MESU4,63549,54.75,54.75,54.75,54.75,8
2024-03-07,MESU4,7114,5212.5,5288.0,5210.0,5276.75,225
2024-03-07,MESZ4,42034014,5262.0,5333.0,5262.0,5333.0,5
2024-03-08,MESH4,763,5159.5,5193.0,5121.75,5132.0,1337702
2024-03-08,MESH4-MESM4,22765,62.95,64.6,62.9,63.45,5618
2024-03-08,MESH5,42005347,5381.25,5381.25,5381.25,5381.25,1
2024-03-08,MESM4,13804,5222.75,5257.5,5185.25,5195.75,246855
2024-03-08,MESU4,7114,5278.5,5312.5,5242.75,5252.5,508
2024-03-08,MESZ4,42034014,5349.0,5349.0,5292.0,5300.0,14
2024-03-10,MESH4,763,5131.5,5134.0,5118.0,5129.25,13148
2024-03-10,MESH4-MESM4,22765,63.5,63.6,63.05,63.15,323
2024-03-10,MESM4,13804,5196.0,5197.5,5181.5,5192.75,19468
2024-03-10,MESU4,7114,5244.25,5244.25,5237.5,5242.25,35
2024-03-11,MESH4,763,5129.25,5137.0,5094.75,5136.5,372337
2024-03-11,MESH4-MESM4,22765,63.25,64.0,61.8,63.0,31136
2024-03-11,MESH4-MESU4,65386,117.0,117.0,117.0,117.0,3
2024-03-11,MESM4,13804,5192.5,5200.0,5157.0,5199.25,690827
2024-03-11,MESM4-MESU4,63549,54.0,54.0,54.0,54.0,3
2024-03-11,MESU4,7114,5248.0,5253.0,5212.5,5253.0,367
2024-03-11,MESU4-MESZ4,42036532,50.8,50.8,50.8,50.8,7
2024-03-11,MESZ4,42034014,5286.5,5302.0,5270.0,5302.0,10
2024-03-12,MESH4,763,5136.5,5183.25,5112.25,5179.25,269601
2024-03-12,MESH4-MESM4,22765,62.9,64.2,62.1,63.75,18338
2024-03-12,MESH4-MESU4,65386,119.0,120.0,119.0,120.0,37
2024-03-12,MESH4-MESZ4,42035579,171.5,171.5,171.5,171.5,1
2024-03-12,MESM4,13804,5199.25,5246.75,5175.75,5242.75,955483
2024-03-12,MESM4-MESU4,63549,54.25,56.0,54.2,56.0,12
2024-03-12,MESU4,7114,5255.0,5302.0,5236.0,5299.75,716
2024-03-12,MESU4-MESZ4,42036532,52.0,52.0,52.0,52.0,5
2024-03-12,MESZ4,42034014,5347.5,5353.5,5347.5,5353.5,2
2024-03-13,MESH4,763,5179.25,5183.5,5153.0,5174.0,152163
2024-03-13,MESH4-MESM4,22765,63.4,64.85,63.4,64.7,15160
2024-03-13,MESH4-MESU4,65386,121.75,121.75,121.75,121.75,1
2024-03-13,MESM4,13804,5242.75,5247.5,5217.5,5238.5,751273
2024-03-13,MESM4-MESU4,63549,57.0,57.0,57.0,57.0,5
2024-03-13,MESU4,7114,5297.0,5303.75,5275.0,5295.5,730
2024-03-13,MESZ4,42034014,5350.0,5350.0,5340.0,5350.0,22
2024-03-14,MESH4,763,5174.0,5189.5,5124.25,5150.0,174458
2024-03-14,MESH4-MESM4,22765,64.6,64.7,62.1,62.65,4365
2024-03-14,MESH4-MESU4,65386,118.0,120.0,118.0,120.0,15
2024-03-14,MESM4,13804,5238.75,5253.5,5188.0,5213.5,1142559
2024-03-14,MESM4-MESU4,63549,57.0,57.0,55.45,55.55,50
2024-03-14,MESU4,7114,5292.75,5309.75,5242.75,5268.25,859
2024-03-15,MESH4,763,5150.75,5167.0,5115.5,5117.0,14342
2024-03-15,MESH4-MESM4,22765,62.5,64.1,62.0,63.25,761
2024-03-15,MESH4-MESU4,65386,120.0,120.0,117.0,117.0,21
2024-03-15,MESM4,13804,5213.5,5230.5,5167.75,5183.5,863339
2024-03-15,MESM4-MESU4,63549,55.6,58.0,55.15,56.65,267
2024-03-15,MESU4,7114,5270.0,5285.75,5225.0,5239.0,1277
2024-03-15,MESU4-MESZ4,42036532,53.0,53.0,53.0,53.0,5
2024-03-15,MESZ4,42034014,5292.0,5292.0,5277.5,5277.5,4
2024-03-17,MESM4,13804,5185.75,5191.5,5182.75,5185.75,14616
2024-03-17,MESU4,7114,5241.75,5246.75,5239.75,5241.0,16
2024-03-18,MESM4,13804,5185.75,5240.25,5181.75,5210.0,777745
2024-03-18,MESM4-MESU4,63549,56.45,57.95,56.45,57.95,28
2024-03-18,MESU4,7114,5240.25,5297.0,5240.25,5267.0,757
2024-03-18,MESZ4,42034014,5343.0,5349.0,5343.0,5349.0,11
2024-03-19,MESH5,42005347,5350.75,5350.75,5350.75,5350.75,1
2024-03-19,MESM4,13804,5210.0,5244.75,5186.0,5238.75,739843
2024-03-19,MESM4-MESU4,63549,57.3,58.0,57.05,58.0,55
2024-03-19,MESU4,7114,5267.0,5302.0,5243.25,5297.5,1370
2024-03-19,MESU4-MESZ4,42036532,54.0,54.0,54.0,54.0,4
2024-03-19,MESZ4,42034014,5313.5,5350.0,5305.75,5350.0,22
2024-03-20,MESH5,42005347,5414.0,5448.5,5414.0,5447.0,4
2024-03-20,MESM4,13804,5238.75,5304.5,5233.0,5302.5,753197
2024-03-20,MESM4-MESU4,63549,57.75,58.15,57.1,57.8,207
2024-03-20,MESU4,7114,5295.25,5362.0,5290.75,5361.0,2065
2024-03-20,MESZ4,42034014,5350.25,5417.0,5347.25,5417.0,33
2024-03-21,MESM4,13804,5302.25,5324.0,5298.75,5309.75,661357
2024-03-21,MESM4-MESU4,63549,57.7,58.05,57.6,57.75,48
2024-03-21,MESU4,7114,5360.5,5381.0,5356.75,5367.5,1869
2024-03-21,MESZ4,42034014,5420.0,5432.25,5415.5,5417.0,35
2024-03-22,MESM4,13804,5309.75,5311.75,5287.75,5289.25,612696
2024-03-22,MESM4-MESU4,63549,58.0,58.0,57.25,57.25,20
2024-03-22,MESU4,7114,5368.25,5369.25,5345.25,5348.5,880
2024-03-22,MESZ4,42034014,5408.25,5418.5,5398.0,5398.0,17
2024-03-24,MESM4,13804,5290.25,5293.25,5287.5,5293.0,14243
2024-03-24,MESM4-MESU4,63549,57.35,57.35,57.25,57.35,3
2024-03-24,MESU4,7114,5348.5,5350.5,5345.0,5350.25,91
2024-03-24,MESZ4,42034014,5391.0,5399.0,5391.0,5399.0,5
2024-03-25,MESM4,13804,5293.0,5295.0,5272.75,5283.75,507911
2024-03-25,MESM4-MESU4,63549,57.2,57.75,57.05,57.25,27
2024-03-25,MESU4,7114,5350.25,5351.75,5329.25,5341.25,539
2024-03-25,MESU4-MESZ4,42036532,53.9,53.9,53.9,53.9,9
2024-03-25,MESZ4,42034014,5399.25,5399.25,5390.0,5390.0,11
2024-03-26,MESM4,13804,5283.75,5300.5,5263.0,5275.5,521316
2024-03-26,MESM4-MESU4,63549,57.5,58.9,57.05,57.35,24
2024-03-26,MESU4,7114,5341.25,5358.25,5321.0,5332.0,720
2024-03-26,MESZ4,42034014,5398.0,5412.5,5375.0,5386.0,18
2024-03-27,MESM4,13804,5275.25,5313.75,5270.5,5303.25,723918
2024-03-27,MESM4-MESU4,63549,57.5,58.0,57.2,57.85,49
2024-03-27,MESM4-MESZ4,42036531,110.0,110.0,110.0,110.0,1
2024-03-27,MESU4,7114,5333.0,5372.0,5329.0,5363.5,961
2024-03-27,MESZ4,42034014,5400.0,5425.0,5386.0,5425.0,21
2024-03-28,MESM4,13804,5303.5,5321.0,5301.0,5303.75,554264
2024-03-28,MESM4-MESU4,63549,57.45,58.9,57.45,58.6,166
2024-03-28,MESU4,7114,5362.75,5379.25,5358.75,5363.25,664
2024-03-28,MESZ4,42034014,5419.25,5430.0,5416.0,5430.0,28
2024-03-28,MESZ4-MESH5,42024868,53.0,53.0,53.0,53.0,4
2024-03-31,MESM4,13804,5312.75,5333.25,5311.25,5332.0,20361
2024-03-31,MESM4-MESU4,63549,57.0,58.6,57.0,58.4,13
2024-03-31,MESU4,7114,5367.0,5392.0,5367.0,5390.75,103
2024-03-31,MESZ4,42034014,5440.0,5447.75,5440.0,5447.75,3
2024-04-01,MESH5,42005347,5463.25,5463.25,5463.25,5463.25,2
2024-04-01,MESM4,13804,5332.25,5332.5,5282.25,5289.5,648710
2024-04-01,MESM4-MESU4,63549,58.45,58.95,58.4,58.6,91
2024-04-01,MESU4,7114,5390.0,5390.0,5341.75,5347.0,743
2024-04-01,MESZ4,42034014,5440.0,5440.0,5399.0,5403.5,38
2024-04-01,MESZ4-MESH5,42024868,54.0,54.0,54.0,54.0,5
2024-04-02,MESH5,42005347,5420.0,5420.0,5413.5,5416.25,11
2024-04-02,MESM4,13804,5289.5,5296.0,5235.0,5258.75,775356
2024-04-02,MESM4-MESU4,63549,58.55,58.55,57.65,57.95,22
2024-04-02,MESU4,7114,5347.0,5354.0,5293.25,5316.5,1198
2024-04-02,MESZ4,42034014,5401.0,5403.0,5350.0,5372.25,63
2024-04-03,MESH5,42005347,5425.0,5425.0,5425.0,5425.0,1
2024-04-03,MESM4,13804,5258.5,5284.75,5244.25,5278.75,835092
2024-04-03,MESM4-MESU4,63549,58.1,58.1,57.75,57.95,92
2024-04-03,MESU4,7114,5315.75,5341.25,5303.75,5335.25,984
2024-04-03,MESZ4,42034014,5369.75,5390.5,5359.75,5378.0,41
2024-04-04,MESH5,42005347,5459.25,5459.25,5394.75,5394.75,3
2024-04-04,MESM4,13804,5278.75,5308.5,5192.25,5200.75,1179149
2024-04-04,MESM4-MESU4,63549,58.25,58.25,56.65,57.25,64
2024-04-04,MESU4,7114,5334.5,5366.75,5248.25,5260.0,1600
2024-04-04,MESZ4,42034014,5385.5,5420.0,5300.0,5311.0,67
2024-04-05,MESM4,13804,5200.75,5272.5,5190.75,5255.5,1107628
2024-04-05,MESM4-MESU4,63549,56.7,58.45,56.5,58.45,108
2024-04-05,MESU4,7114,5257.0,5330.0,5249.0,5315.75,2106
2024-04-05,MESZ4,42034014,5314.0,5387.5,5314.0,5369.25,67
2024-04-07,MESM4,13804,5263.0,5269.25,5255.5,5259.0,14759
2024-04-07,MESM4-MESU4,63549,58.0,58.4,58.0,58.3,15
2024-04-07,MESU4,7114,5316.25,5325.0,5313.75,5317.5,27
2024-04-07,MESZ4,42034014,5382.75,5382.75,5382.75,5382.75,1
2024-04-08,MESM4,13804,5259.25,5268.75,5236.5,5255.25,787608
2024-04-08,MESM4-MESU4,63549,57.85,58.4,57.8,58.1,9
2024-04-08,MESM5,42003627,5468.0,5468.0,5468.0,5468.0,1
2024-04-08,MESU4,7114,5315.0,5325.75,5295.0,5315.25,575
2024-04-08,MESZ4,42034014,5369.0,5376.75,5357.0,5376.75,17
2024-04-09,MESH5,42005347,5403.25,5403.25,5403.25,5403.25,1
2024-04-09,MESM4,13804,5255.25,5274.5,5208.75,5262.0,1013051
2024-04-09,MESM4-MESU4,63549,58.2,58.25,57.3,57.75,39
2024-04-09,MESU4,7114,5313.25,5332.0,5266.25,5320.0,1441
2024-04-09,MESZ4,42034014,5371.25,5385.0,5325.0,5369.0,84
2024-04-10,MESM4,13804,5262.0,5287.5,5177.0,5196.0,1280726
2024-04-10,MESM4-MESU4,63549,57.6,59.15,57.6,59.15,139
2024-04-10,MESU4,7114,5320.0,5345.75,5235.0,5253.0,2633
2024-04-10,MESZ4,42034014,5377.5,5377.5,5300.0,5310.25,64
2024-04-11,MESH5,42005347,5381.0,5381.0,5381.0,5381.0,1
2024-04-11,MESM4,13804,5196.25,5257.5,5171.25,5244.75,1089305
2024-04-11,MESM4-MESU4,63549,58.7,59.4,58.4,59.4,127
2024-04-11,MESM5,42003627,5446.25,5446.25,5427.75,5427.75,10
2024-04-11,MESU4,7114,5257.5,5316.0,5232.0,5302.0,2127
2024-04-11,MESZ4,42034014,5320.0,5372.5,5298.25,5360.5,98
2024-04-12,MESM4,13804,5244.5,5249.0,5150.0,5166.75,1205915
2024-04-12,MESM4-MESU4,63549,58.95,58.95,57.7,57.8,99
2024-04-12,MESM5,42003627,5400.0,5400.0,5400.0,5400.0,1
2024-04-12,MESU4,7114,5302.0,5307.5,5207.0,5225.5,2409
2024-04-12,MESZ4,42034014,5354.75,5365.0,5263.5,5282.5,150
2024-04-14,MESM4,13804,5166.25,5187.75,5162.75,5183.0,44885
2024-04-14,MESM4-MESU4,63549,57.35,58.15,57.35,57.55,7
2024-04-14,MESU4,7114,5225.25,5245.0,5224.0,5241.5,146
2024-04-14,MESZ4,42034014,5280.75,5300.25,5277.5,5300.25,48
2024-04-15,MESH5,42005347,5320.0,5320.0,5320.0,5320.0,1
2024-04-15,MESM4,13804,5183.25,5213.5,5094.0,5102.75,1279910
2024-04-15,MESM4-MESU4,63549,57.55,58.65,57.05,57.45,112
2024-04-15,MESU4,7114,5240.75,5271.75,5151.75,5160.25,3084
2024-04-15,MESZ4,42034014,5292.0,5325.0,5212.75,5213.0,100
2024-04-16,MESM4,13804,5103.0,5122.75,5078.5,5106.5,1219851
2024-04-16,MESM4-MESU4,63549,57.25,57.35,57.1,57.1,48
2024-04-16,MESU4,7114,5164.0,5180.0,5134.75,5164.5,2502
2024-04-16,MESZ4,42034014,5215.75,5236.25,5195.0,5218.25,86
2024-04-17,MESM4,13804,5106.5,5120.25,5047.0,5066.25,1312016
2024-04-17,MESM4-MESU4,63549,57.8,57.8,56.75,57.0,168
2024-04-17,MESM5,42003627,5322.75,5322.75,5322.75,5322.75,1
2024-04-17,MESU4,7114,5160.5,5177.75,5104.5,5121.25,3551
2024-04-17,MESZ4,42034014,5215.75,5229.5,5160.75,5176.0,205
2024-04-18,MESM4,13804,5066.5,5095.25,5036.0,5040.0,1158278
2024-04-18,MESM4-MESU4,63549,56.75,57.05,56.3,56.5,111
2024-04-18,MESM5,42003627,5295.0,5295.0,5295.0,5295.0,1
2024-04-18,MESU4,7114,5122.25,5152.0,5095.25,5096.75,2641
2024-04-18,MESU4-MESZ4,42036532,55.0,55.0,55.0,55.0,5
2024-04-18,MESZ4,42034014,5175.0,5205.0,5149.5,5149.5,205
2024-04-19,MESH5,42005347,5181.0,5181.0,5181.0,5181.0,1
2024-04-19,MESM4,13804,5040.25,5057.5,4963.25,5003.75,1286896
2024-04-19,MESM4-MESU4,63549,56.15,56.7,55.45,55.8,305
2024-04-19,MESM5,42003627,5272.5,5272.5,5234.0,5234.0,2
2024-04-19,MESU4,7114,5095.5,5113.25,5019.0,5062.25,4123
2024-04-19,MESZ4,42034014,5142.5,5167.5,5074.0,5113.5,145
2024-04-21,MESM4,13804,5014.0,5022.5,5009.5,5021.75,23318
2024-04-21,MESM4-MESU4,63549,55.0,55.4,54.4,55.4,30
2024-04-21,MESU4,7114,5069.5,5077.25,5065.0,5077.25,92
2024-04-21,MESZ4,42034014,5126.25,5130.5,5117.0,5130.5,60
2024-04-22,MESM4,13804,5021.5,5076.75,5006.0,5046.0,1056786
2024-04-22,MESM4-MESU4,63549,55.95,57.2,55.95,56.9,66
2024-04-22,MESU4,7114,5077.0,5133.25,5062.0,5102.0,2674
2024-04-22,MESZ4,42034014,5129.25,5187.0,5118.5,5155.0,135
2024-04-23,MESM4,13804,5046.25,5119.5,5039.0,5116.0,908579
2024-04-23,MESM4-MESU4,63549,56.95,57.55,56.95,57.4,17
2024-04-23,MESU4,7114,5104.75,5176.75,5097.0,5174.0,1716
2024-04-23,MESZ4,42034014,5162.25,5225.0,5162.25,5222.0,67
2024-04-24,MESM4,13804,5116.0,5128.75,5069.5,5075.0,1041701
2024-04-24,MESM4-MESU4,63549,57.4,57.8,57.0,57.05,44
2024-04-24,MESM5,42003627,5335.0,5335.0,5333.75,5333.75,3
2024-04-24,MESU4,7114,5173.0,5186.0,5128.75,5131.0,1895
2024-04-24,MESZ4,42034014,5233.5,5241.5,5184.25,5197.0,35
2024-04-25,MESM4,13804,5075.0,5134.75,5022.25,5119.5,1208462
2024-04-25,MESM4-MESU4,63549,56.85,58.0,56.85,57.8,46
2024-04-25,MESU4,7114,5135.0,5192.0,5079.75,5177.25,2173
2024-04-25,MESZ4,42034014,5190.0,5240.75,5139.5,5237.0,149
2024-04-26,MESM4,13804,5119.5,5146.5,5104.5,5131.75,900713
2024-04-26,MESM4-MESU4,63549,57.95,58.0,57.4,57.7,41
2024-04-26,MESU4,7114,5176.0,5204.0,5162.75,5187.75,1712
2024-04-26,MESZ4,42034014,5231.0,5260.75,5223.0,5253.25,30
2024-04-28,MESM4,13804,5140.0,5141.75,5135.0,5141.5,13455
2024-04-28,MESU4,7114,5193.25,5199.75,5191.75,5199.75,46
2024-04-28,MESZ4,42034014,5253.5,5253.5,5253.5,5253.5,1
2024-04-29,MESM4,13804,5141.75,5154.25,5118.75,5144.5,775877
2024-04-29,MESM4-MESU4,63549,57.8,57.9,57.3,57.5,29
2024-04-29,MESU4,7114,5199.75,5212.0,5176.0,5201.5,1027
2024-04-29,MESZ4,42034014,5257.5,5267.0,5250.0,5251.5,34
2024-04-30,MESM4,13804,5144.75,5145.5,5046.75,5058.0,1038990
2024-04-30,MESM4-MESU4,63549,57.45,57.85,56.05,56.75,118
2024-04-30,MESM4-MESZ4,42036531,113.0,113.0,113.0,113.0,1
2024-04-30,MESU4,7114,5201.25,5202.5,5107.0,5114.5,2222
2024-04-30,MESZ4,42034014,5255.75,5255.75,5166.25,5169.0,58
2024-05-01,MESM4,13804,5057.75,5126.25,5037.75,5066.75,1161451
2024-05-01,MESM4-MESU4,63549,56.7,57.35,56.0,56.3,271
2024-05-01,MESU4,7114,5115.75,5182.5,5094.5,5123.0,1895
2024-05-01,MESZ4,42034014,5170.0,5234.75,5151.0,5173.0,99
2024-05-02,MESM4,13804,5066.75,5118.0,5036.0,5107.25,1157010
2024-05-02,MESM4-MESU4,63549,56.3,56.9,56.15,56.6,81
2024-05-02,MESU4,7114,5124.0,5172.5,5092.25,5164.5,2137
2024-05-02,MESZ4,42034014,5179.75,5225.0,5150.0,5218.0,97
2024-05-03,MESM4,13804,5107.25,5168.0,5099.0,5161.5,926519
2024-05-03,MESM4-MESU4,63549,56.9,57.35,56.45,57.1,113
2024-05-03,MESM5,42003627,5370.0,5370.0,5370.0,5370.0,1
2024-05-03,MESU4,7114,5161.75,5223.0,5156.5,5218.5,2126
2024-05-03,MESZ4,42034014,5222.25,5275.0,5218.0,5273.0,56
2024-05-05,MESM4,13804,5166.5,5169.75,5157.75,5159.5,14311
2024-05-05,MESM4-MESU4,63549,57.15,57.45,57.15,57.25,12
2024-05-05,MESU4,7114,5223.5,5228.0,5216.75,5218.25,97
2024-05-05,MESZ4,42034014,5276.0,5276.0,5276.0,5276.0,1
2024-05-06,MESH5,42005347,5362.0,5362.0,5362.0,5362.0,1
2024-05-06,MESM4,13804,5159.5,5208.0,5155.5,5205.75,600466
2024-05-06,MESM4-MESU4,63549,57.45,58.2,57.25,58.15,26
2024-05-06,MESU4,7114,5217.5,5267.0,5213.5,5263.25,1641
2024-05-06,MESU4-MESZ4,42036532,55.45,55.45,55.45,55.45,1
2024-05-06,MESZ4,42034014,5269.75,5322.25,5269.75,5319.0,142
2024-05-07,MESH5,42005347,5375.0,5375.0,5375.0,5375.0,1
2024-05-07,MESM4,13804,5205.5,5226.75,5202.0,5214.0,660305
2024-05-07,MESM4-MESU4,63549,58.15,58.8,58.15,58.8,28
2024-05-07,MESU4,7114,5265.0,5285.0,5260.5,5272.0,1474
2024-05-07,MESZ4,42034014,5319.0,5338.5,5319.0,5326.5,66
2024-05-08,MESH5,42005347,5383.0,5383.0,5383.0,5383.0,1
2024-05-08,MESM4,13804,5214.0,5218.0,5188.75,5210.25,649210
2024-05-08,MESM4-MESU4,63549,58.2,58.5,58.05,58.05,49
2024-05-08,MESU4,7114,5272.25,5275.5,5248.0,5268.25,1394
2024-05-08,MESZ4,42034014,5328.5,5330.5,5305.0,5330.5,24
2024-05-09,MESH5,42005347,5400.0,5400.0,5400.0,5400.0,1
2024-05-09,MESM4,13804,5210.25,5245.75,5195.0,5243.5,651907
2024-05-09,MESM4-MESU4,63549,58.4,59.0,58.4,59.0,23
2024-05-09,MESM4-MESZ4,42036531,115.45,115.45,115.45,115.45,1
2024-05-09,MESU4,7114,5268.0,5304.25,5254.5,5303.25,1489
2024-05-09,MESZ4,42034014,5322.0,5360.25,5318.0,5360.0,138
2024-05-10,MESH5,42005347,5420.0,5420.0,5420.0,5420.0,1
2024-05-10,MESM4,13804,5243.5,5264.0,5232.75,5241.25,631308
2024-05-10,MESM4-MESU4,63549,58.75,59.25,58.55,59.15,119
2024-05-10,MESM5,42003627,5457.0,5457.0,5457.0,5457.0,1
2024-05-10,MESU4,7114,5302.5,5322.75,5293.0,5300.25,1270
2024-05-10,MESU4-MESZ4,42036532,52.5,52.5,52.5,52.5,1
2024-05-10,MESZ4,42034014,5357.75,5379.0,5350.0,5363.5,54
2024-05-12,MESM4,13804,5240.75,5244.25,5239.25,5242.75,6305
2024-05-12,MESU4,7114,5300.0,5302.5,5300.0,5302.5,8
2024-05-13,MESM4,13804,5243.0,5264.0,5233.25,5244.25,515194
2024-05-13,MESM4-MESU4,63549,59.2,59.4,59.1,59.15,24
2024-05-13,MESU4,7114,5302.5,5323.0,5292.75,5303.5,906
2024-05-13,MESZ4,42034014,5368.0,5378.5,5350.0,5357.0,20
2024-05-14,MESH5,42005347,5450.0,5450.0,5450.0,5450.0,1
2024-05-14,MESM4,13804,5244.5,5274.25,5216.5,5271.75,744987
2024-05-14,MESM4-MESU4,63549,59.5,59.9,59.15,59.6,49
2024-05-14,MESU4,7114,5304.0,5333.75,5275.75,5330.75,1353
2024-05-14,MESZ4,42034014,5358.5,5393.25,5348.25,5388.0,33
2024-05-15,MESH5,42005347,5500.0,5500.0,5500.0,5500.0,1
2024-05-15,MESM4,13804,5271.5,5339.5,5266.25,5337.5,743304
2024-05-15,MESM4-MESU4,63549,59.55,61.25,59.5,60.8,415
2024-05-15,MESM4-MESZ4,42036531,118.15,119.4,118.15,119.4,7
2024-05-15,MESM5,42003627,5519.75,5519.75,5519.75,5519.75,1
2024-05-15,MESU4,7114,5332.75,5400.25,5326.5,5398.0,2140
2024-05-15,MESZ4,42034014,5386.25,5459.5,5384.75,5459.5,158
2024-05-16,MESM4,13804,5337.75,5349.0,5315.5,5319.75,731315
2024-05-16,MESM4-MESU4,63549,61.0,61.25,60.95,61.25,62
2024-05-16,MESM4-MESZ4,42036531,119.5,120.0,119.5,120.0,8
2024-05-16,MESU4,7114,5399.75,5409.75,5376.25,5381.5,1305
2024-05-16,MESZ4,42034014,5458.25,5469.0,5436.0,5437.75,209
2024-05-17,MESM4,13804,5320.0,5328.75,5305.5,5328.25,556129
2024-05-17,MESM4-MESU4,63549,61.25,61.35,61.05,61.05,60
2024-05-17,MESM4-MESZ4,42036531,119.75,119.75,119.65,119.65,6
2024-05-17,MESU4,7114,5381.25,5389.25,5366.75,5389.0,983
2024-05-17,MESZ4,42034014,5437.25,5447.0,5432.25,5447.0,58
2024-05-19,MESM4,13804,5328.75,5336.25,5327.5,5335.5,8390
2024-05-19,MESM4-MESU4,63549,61.25,61.25,61.15,61.15,2
2024-05-19,MESU4,7114,5392.25,5397.25,5391.25,5397.0,65
2024-05-19,MESZ4,42034014,5449.0,5454.0,5449.0,5454.0,3
2024-05-20,MESM4,13804,5335.5,5348.25,5323.75,5331.5,600636
2024-05-20,MESM4-MESU4,63549,61.2,61.95,61.2,61.65,33
2024-05-20,MESM4-MESZ4,42036531,120.55,120.55,120.55,120.55,1
2024-05-20,MESU4,7114,5395.25,5410.0,5386.25,5393.25,1279
2024-05-20,MESZ4,42034014,5454.0,5469.75,5448.0,5448.5,71
2024-05-21,MESM4,13804,5331.5,5347.5,5322.5,5346.5,570944
2024-05-21,MESM4-MESU4,63549,61.95,62.25,61.65,62.25,39
2024-05-21,MESM4-MESZ4,42036531,122.5,122.5,121.7,121.7,7
2024-05-21,MESU4,7114,5394.25,5410.0,5384.5,5409.5,1243
2024-05-21,MESZ4,42034014,5456.5,5468.0,5446.0,5468.0,48
2024-05-22,MESM4,13804,5346.5,5349.5,5302.5,5341.0,667299
2024-05-22,MESM4-MESU4,63549,62.5,62.6,62.15,62.6,80
2024-05-22,MESM4-MESZ4,42036531,122.05,122.8,121.85,121.85,15
2024-05-22,MESU4,7114,5408.5,5411.5,5370.0,5403.5,2248
2024-05-22,MESZ4,42034014,5464.5,5469.0,5430.0,5469.0,44
2024-05-23,MESM4,13804,5341.0,5368.25,5273.75,5287.75,1142280
2024-05-23,MESM4-MESU4,63549,62.45,62.85,61.75,61.95,54
2024-05-23,MESM4-MESZ4,42036531,121.95,123.05,121.95,122.05,7
2024-05-23,MESM5,42003627,5540.0,5540.0,5540.0,5540.0,1
2024-05-23,MESU4,7114,5403.0,5430.75,5335.25,5350.0,4761
2024-05-23,MESZ4,42034014,5463.0,5490.25,5397.0,5406.25,265
2024-05-24,MESM4,13804,5287.5,5329.25,5286.0,5321.0,714965
2024-05-24,MESM4-MESU4,63549,61.9,62.3,61.9,62.15,52
2024-05-24,MESM4-MESZ4,42036531,122.55,122.55,122.55,122.55,1
2024-05-24,MESM5,42003627,5521.0,5538.75,5521.0,5538.75,3
2024-05-24,MESU4,7114,5349.75,5391.75,5347.5,5385.25,2495
2024-05-24,MESU4-MESZ4,42036532,61.5,62.0,61.5,62.0,12
2024-05-24,MESZ4,42034014,5415.0,5452.0,5410.5,5441.75,162
2024-05-24,MESZ4-MESH5,42024868,59.0,59.0,59.0,59.0,10
2024-05-26,MESM4,13804,5321.5,5324.25,5315.0,5316.0,8446
2024-05-26,MESU4,7114,5384.0,5386.5,5380.0,5380.0,58
2024-05-27,MESM4,13804,5316.0,5335.75,5312.75,5326.25,72933
2024-05-27,MESM4-MESU4,63549,62.2,62.35,62.1,62.35,7
2024-05-27,MESU4,7114,5379.75,5397.5,5375.5,5388.25,375
2024-05-27,MESZ4,42034014,5443.5,5451.25,5443.5,5451.25,17
2024-05-28,MESM4,13804,5326.0,5339.0,5297.0,5318.75,825209
2024-05-28,MESM4-MESU4,63549,62.2,62.4,61.85,62.0,109
2024-05-28,MESM4-MESZ4,42036531,122.5,122.8,122.35,122.8,3
2024-05-28,MESU4,7114,5388.0,5401.0,5360.0,5380.25,2358
2024-05-28,MESZ4,42034014,5450.0,5461.5,5421.0,5441.25,81
2024-05-29,MESM4,13804,5319.0,5320.0,5262.25,5266.5,767978
2024-05-29,MESM4-MESU4,63549,61.8,62.0,61.5,61.65,71
2024-05-29,MESM4-MESZ4,42036531,122.0,122.05,121.6,121.6,23
2024-05-29,MESU4,7114,5382.0,5382.0,5324.0,5329.0,3328
2024-05-29,MESZ4,42034014,5440.0,5442.75,5387.0,5387.0,194
2024-05-30,MESM4,13804,5266.75,5276.75,5238.0,5243.0,853124
2024-05-30,MESM4-MESU4,63549,61.45,61.75,61.15,61.75,68
2024-05-30,MESM4-MESZ4,42036531,121.75,122.5,121.75,121.75,9
2024-05-30,MESU4,7114,5327.5,5339.0,5299.25,5304.0,2990
2024-05-30,MESZ4,42034014,5387.5,5398.0,5359.75,5368.25,338
2024-05-31,MESH5,42005347,5401.25,5401.25,5401.25,5401.25,1
2024-05-31,MESM4,13804,5242.75,5307.0,5205.5,5299.5,1122333
2024-05-31,MESM4-MESU4,63549,61.65,62.45,61.35,62.45,145
2024-05-31,MESM4-MESZ4,42036531,117.95,123.0,117.95,123.0,29
2024-05-31,MESU4,7114,5305.5,5369.0,5267.0,5360.5,6166
2024-05-31,MESZ4,42034014,5360.0,5428.75,5328.0,5423.5,600
2024-06-02,MESM4,13804,5299.25,5304.25,5290.5,5302.25,24603
2024-06-02,MESM4-MESU4,63549,61.25,62.1,61.25,62.0,6
2024-06-02,MESU4,7114,5360.25,5365.75,5352.75,5365.0,252
2024-06-02,MESZ4,42034014,5418.75,5428.0,5413.75,5419.5,33
2024-06-03,MESM4,13804,5302.0,5315.0,5246.75,5297.0,1060763
2024-06-03,MESM4-MESU4,63549,62.35,62.7,61.8,62.25,100
2024-06-03,MESM4-MESZ4,42036531,123.3,123.3,121.35,121.65,11
2024-06-03,MESM5,42003627,5530.0,5530.0,5530.0,5530.0,32
2024-06-03,MESU4,7114,5364.5,5377.25,5308.75,5358.75,5215
2024-06-03,MESZ4,42034014,5427.25,5434.0,5370.25,5420.0,234
2024-06-04,MESM4,13804,5296.75,5312.75,5262.0,5311.25,1005766
2024-06-04,MESM4-MESU4,63549,62.15,62.5,61.75,62.4,160
2024-06-04,MESM4-MESZ4,42036531,121.85,122.2,121.85,122.2,7
2024-06-04,MESM5,42003627,5516.75,5516.75,5516.75,5516.75,1
2024-06-04,MESU4,7114,5359.5,5375.25,5324.0,5373.5,7349
2024-06-04,MESZ4,42034014,5420.0,5434.75,5385.0,5433.0,507
2024-06-05,MESH5,42005347,5492.0,5492.0,5492.0,5492.0,1
2024-06-05,MESM4,13804,5311.5,5372.5,5304.5,5369.5,812431
2024-06-05,MESM4-MESU4,63549,62.4,63.5,62.3,62.5,98
2024-06-05,MESM4-MESZ4,42036531,123.05,124.3,122.5,122.55,26
2024-06-05,MESU4,7114,5374.0,5435.25,5368.25,5433.25,6056
2024-06-05,MESZ4,42034014,5434.0,5495.25,5429.0,5490.0,1258
2024-06-06,MESH5,42005347,5550.0,5550.0,5550.0,5550.0,1
2024-06-06,MESM4,13804,5369.75,5373.25,5345.25,5364.0,702344
2024-06-06,MESM4-MESU4,63549,63.2,63.6,63.15,63.35,200
2024-06-06,MESM4-MESZ4,42036531,124.15,124.15,124.15,124.15,5
2024-06-06,MESM5,42003627,5599.75,5600.0,5599.75,5600.0,3
2024-06-06,MESU4,7114,5432.5,5437.0,5408.75,5427.75,8604
2024-06-06,MESZ4,42034014,5494.25,5496.25,5472.0,5487.25,292
2024-06-07,MESM4,13804,5364.0,5385.75,5329.0,5353.75,1084843
2024-06-07,MESM4-MESU4,63549,63.6,63.75,63.35,63.45,146
2024-06-07,MESM5,42003627,5597.0,5597.0,5597.0,5597.0,5
2024-06-07,MESU4,7114,5427.0,5449.25,5392.75,5417.25,12647
2024-06-07,MESZ4,42034014,5486.5,5508.0,5453.75,5478.5,217
2024-06-09,MESM4,13804,5351.75,5360.25,5348.25,5353.5,14816
2024-06-09,MESM4-MESU4,63549,63.6,63.6,63.6,63.6,3
2024-06-09,MESU4,7114,5414.75,5423.0,5412.0,5417.25,336
2024-06-09,MESZ4,42034014,5482.25,5482.25,5480.0,5480.0,3
2024-06-10,MESM4,13804,5353.75,5375.5,5338.5,5366.25,785328
2024-06-10,MESM4-MESU4,63549,63.65,64.25,63.5,64.15,564
2024-06-10,MESM4-MESZ4,42036531,126.05,126.1,126.05,126.1,2
2024-06-10,MESM5,42003627,5599.0,5619.0,5597.0,5604.0,7
2024-06-10,MESU4,7114,5418.75,5439.5,5402.25,5430.75,9911
2024-06-10,MESZ4,42034014,5478.75,5501.0,5473.0,5495.5,113
2024-06-11,MESM4,13804,5366.5,5387.5,5334.25,5385.0,760458
2024-06-11,MESM4-MESU4,63549,64.2,64.45,63.7,64.45,283
2024-06-11,MESM4-MESZ4,42036531,126.15,126.5,125.5,125.55,10
2024-06-11,MESU4,7114,5430.5,5451.5,5398.5,5449.25,18030
2024-06-11,MESZ4,42034014,5492.25,5513.5,5463.0,5513.0,373
2024-06-12,MESH5,42005347,5630.0,5630.0,5630.0,5630.0,1
2024-06-12,MESM4,13804,5384.5,5454.75,5381.25,5436.25,883958
2024-06-12,MESM4-MESU4,63549,64.25,65.25,63.25,64.75,519
2024-06-12,MESM4-MESZ4,42036531,125.95,126.8,125.55,126.8,4
2024-06-12,MESM5,42003627,5656.0,5656.0,5656.0,5656.0,1
2024-06-12,MESU4,7114,5449.0,5520.0,5446.0,5500.75,34756
2024-06-12,MESZ4,42034014,5510.5,5580.25,5508.75,5562.75,427
2024-06-13,MESH5,42005347,5630.0,5630.0,5630.0,5630.0,2
2024-06-13,MESM4,13804,5436.0,5452.5,5408.5,5437.75,809766
2024-06-13,MESM4-MESU4,63549,64.9,65.5,64.55,65.15,1863
2024-06-13,MESM4-MESZ4,42036531,128.25,128.25,128.25,128.25,1
2024-06-13,MESU4,7114,5500.5,5518.0,5472.75,5502.75,86115
2024-06-13,MESZ4,42034014,5562.5,5572.0,5534.5,5565.0,191
2024-06-14,MESM4,13804,5437.5,5443.0,5397.75,5435.5,726295
2024-06-14,MESM4-MESU4,63549,65.1,65.1,63.8,64.6,10657
2024-06-14,MESM4-MESZ4,42036531,125.0,125.0,124.95,124.95,5
2024-06-14,MESU4,7114,5502.5,5508.0,5462.25,5500.5,138906
2024-06-14,MESU4-MESZ4,42036532,60.8,60.8,60.8,60.8,8
2024-06-14,MESZ4,42034014,5567.0,5570.25,5524.25,5568.0,220
2024-06-16,MESM4,13804,5435.5,5439.75,5431.75,5437.25,4048
2024-06-16,MESM4-MESU4,63549,64.5,64.9,64.5,64.7,345
2024-06-16,MESU4,7114,5500.0,5505.0,5496.5,5502.0,8150
2024-06-16,MESZ4,42034014,5565.25,5565.25,5560.0,5565.25,15
2024-06-17,MESM4,13804,5437.25,5494.0,5424.75,5484.5,194352
2024-06-17,MESM4-MESU4,63549,64.65,68.4,64.65,67.65,33360
2024-06-17,MESM4-MESZ4,42036531,129.0,129.0,129.0,129.0,1
2024-06-17,MESU4,7114,5502.0,5561.25,5489.75,5552.0,691946
2024-06-17,MESU4-MESZ4,42036532,61.25,61.25,61.0,61.0,17
2024-06-17,MESZ4,42034014,5563.75,5622.5,5551.75,5614.5,365
2024-06-17,MESZ4-MESH5,42024868,60.0,60.0,60.0,60.0,5
2024-06-18,MESM4,13804,5484.5,5498.0,5473.75,5495.5,112478
2024-06-18,MESM4-MESU4,63549,67.55,69.2,67.5,69.2,7172
2024-06-18,MESM4-MESZ4,42036531,130.0,130.0,130.0,130.0,6
2024-06-18,MESM5,42003627,5735.0,5735.0,5735.0,5735.0,1
2024-06-18,MESU4,7114,5552.0,5567.0,5541.5,5564.5,750704
2024-06-18,MESU4-MESZ4,42036532,63.0,63.5,61.5,61.5,8
2024-06-18,MESZ4,42034014,5613.5,5630.0,5603.75,5627.75,291
2024-06-19,MESM4,13804,5495.5,5497.75,5491.0,5494.5,15288
2024-06-19,MESM4-MESU4,63549,68.95,69.25,68.35,68.75,598
2024-06-19,MESM4-MESZ4,42036531,131.0,131.0,131.0,131.0,2
2024-06-19,MESU4,7114,5564.5,5566.5,5559.75,5563.0,73718
2024-06-19,MESU4-MESZ4,42036532,62.75,62.75,62.75,62.75,2
2024-06-19,MESZ4,42034014,5626.5,5628.0,5620.5,5624.5,41
2024-06-20,MESH5,42005347,5678.0,5678.0,5678.0,5678.0,1
2024-06-20,MESM4,13804,5494.25,5518.5,5458.5,5479.0,159980
2024-06-20,MESM4-MESU4,63549,68.75,69.9,66.6,67.7,6289
2024-06-20,MESM4-MESZ4,42036531,131.0,131.0,129.2,129.2,13
2024-06-20,MESU4,7114,5563.0,5587.75,5525.5,5546.75,1016628
2024-06-20,MESU4-MESZ4,42036532,62.5,65.0,62.5,63.95,137
2024-06-20,MESZ4,42034014,5630.0,5650.0,5588.75,5610.0,555
2024-06-21,MESH5,42005347,5658.0,5658.0,5658.0,5658.0,1
2024-06-21,MESM4,13804,5479.0,5484.0,5460.0,5464.0,6876
2024-06-21,MESM4-MESU4,63549,68.2,68.4,64.3,68.4,570
2024-06-21,MESM4-MESZ4,42036531,131.5,131.5,129.0,129.0,12
2024-06-21,MESU4,7114,5546.75,5550.75,5519.5,5536.75,712471
2024-06-21,MESU4-MESZ4,42036532,64.2,64.25,62.5,62.65,41
2024-06-21,MESZ4,42034014,5606.25,5614.25,5584.25,5599.25,491
2024-06-23,MESU4,7114,5538.25,5540.0,5536.25,5537.0,6952
2024-06-23,MESU4-MESZ4,42036532,63.25,63.25,63.25,63.25,1
2024-06-23,MESZ4,42034014,5604.0,5604.0,5599.0,5600.0,18
2024-06-24,MESH5,42005347,5657.75,5678.5,5644.5,5644.5,8
2024-06-24,MESU4,7114,5537.0,5558.5,5510.25,5519.25,829787
2024-06-24,MESU4-MESZ4,42036532,63.15,63.65,62.5,62.5,55
2024-06-24,MESZ4,42034014,5600.0,5620.25,5573.5,5580.5,872
2024-06-24,MESZ4-MESH5,42024868,60.0,61.0,60.0,61.0,6
2024-06-25,MESH5,42005347,5644.5,5660.0,5644.5,5660.0,12
2024-06-25,MESM5,42003627,5709.75,5709.75,5704.5,5704.5,6
2024-06-25,MESU4,7114,5519.25,5539.75,5511.0,5534.0,687594
2024-06-25,MESU4-MESZ4,42036532,62.6,63.25,62.15,63.15,287
2024-06-25,MESZ4,42034014,5581.75,5602.75,5574.25,5597.0,633
2024-06-26,MESH5,42005347,5669.5,5669.5,5650.25,5654.0,12
2024-06-26,MESM5,42003627,5717.0,5723.0,5704.25,5723.0,5
2024-06-26,MESU4,7114,5534.25,5552.0,5516.25,5525.25,695101
2024-06-26,MESU4-MESZ4,42036532,63.2,63.35,62.9,63.1,25
2024-06-26,MESZ4,42034014,5601.0,5615.0,5580.0,5588.75,726
2024-06-27,MESH5,42005347,5665.75,5678.75,5660.0,5678.75,11
2024-06-27,MESU4,7114,5525.0,5555.25,5516.0,5554.75,774297
2024-06-27,MESU4-MESZ4,42036532,63.25,63.5,63.0,63.5,39
2024-06-27,MESZ4,42034014,5588.25,5618.0,5579.5,5618.0,627
2024-06-28,MESH5,42005347,5678.25,5711.25,5675.0,5675.0,10
2024-06-28,MESU4,7114,5555.0,5585.0,5510.5,5533.0,1009457
2024-06-28,MESU4-MESZ4,42036532,63.5,63.9,62.75,62.75,89
2024-06-28,MESU5,42002651,5795.75,5800.25,5770.25,5780.0,14
2024-06-28,MESZ4,42034014,5619.0,5648.0,5573.0,5595.0,1503
2024-06-30,MESU4,7114,5534.0,5536.75,5527.75,5529.25,18334
2024-06-30,MESU4-MESZ4,42036532,62.65,63.0,62.6,63.0,8
2024-06-30,MESZ4,42034014,5594.5,5599.75,5590.75,5594.75,71
2024-07-01,MESH5,42005347,5660.0,5660.0,5638.0,5659.75,7
2024-07-01,MESU4,7114,5529.5,5541.25,5504.5,5529.0,852404
2024-07-01,MESU4-MESZ4,42036532,62.9,63.25,62.5,63.0,100
2024-07-01,MESZ4,42034014,5590.25,5603.0,5567.0,5590.5,711
2024-07-02,MESH5,42005347,5681.25,5687.5,5681.25,5687.5,5
2024-07-02,MESM5,42003627,5740.0,5740.0,5740.0,5740.0,1
2024-07-02,MESU4,7114,5529.0,5569.75,5502.75,5562.25,813544
2024-07-02,MESU4-MESZ4,42036532,62.6,63.2,62.6,63.15,73
2024-07-02,MESZ4,42034014,5590.5,5632.0,5565.5,5627.0,1028
2024-07-02,MESZ4-MESH5,42024868,62.0,62.0,62.0,62.0,4
2024-07-03,MESH5,42005347,5692.5,5713.0,5692.5,5711.0,13
2024-07-03,MESM5,42003627,5748.75,5748.75,5748.75,5748.75,1
2024-07-03,MESU4,7114,5562.25,5595.5,5559.75,5590.75,453502
2024-07-03,MESU4-MESZ4,42036532,63.0,63.25,63.0,63.05,28
2024-07-03,MESZ4,42034014,5626.0,5658.5,5622.75,5654.25,493
2024-07-04,MESH5,42005347,5715.0,5715.0,5713.75,5713.75,10
2024-07-04,MESU4,7114,5590.75,5597.25,5585.25,5588.25,66207
2024-07-04,MESU4-MESZ4,42036532,63.75,63.75,62.75,62.75,5
2024-07-04,MESZ4,42034014,5654.75,5660.0,5648.25,5653.0,130
2024-07-05,MESH5,42005347,5720.0,5753.0,5711.5,5753.0,28
2024-07-05,MESM5,42003627,5775.0,5780.0,5775.0,5780.0,2
2024-07-05,MESU4,7114,5588.0,5625.75,5585.0,5615.25,656417
2024-07-05,MESU4-MESZ4,42036532,63.2,63.25,62.8,63.2,64
2024-07-05,MESZ4,42034014,5653.0,5688.75,5648.0,5677.5,780
2024-07-07,MESH5,42005347,5745.25,5745.25,5745.25,5745.25,3
2024-07-07,MESU4,7114,5612.25,5618.0,5610.5,5612.75,11100
2024-07-07,MESZ4,42034014,5681.0,5681.0,5676.0,5676.0,17
2024-07-08,MESH5,42005347,5743.5,5760.0,5743.5,5754.0,16
2024-07-08,MESM5,42003627,5792.5,5792.5,5792.5,5792.5,3
2024-07-08,MESU4,7114,5612.5,5638.75,5610.5,5638.25,592050
2024-07-08,MESU4-MESZ4,42036532,63.45,63.6,63.4,63.4,70
2024-07-08,MESZ4,42034014,5676.5,5701.75,5673.75,5701.5,720
2024-07-09,MESH5,42005347,5762.5,5763.0,5754.0,5754.0,28
2024-07-09,MESM5,42003627,5812.0,5825.0,5812.0,5825.0,6
2024-07-09,MESU4,7114,5638.25,5645.75,5628.25,5633.75,636274
2024-07-09,MESU4-MESZ4,42036532,63.3,63.65,63.3,63.4,55
2024-07-09,MESU5,42002651,5878.5,5878.5,5861.5,5861.5,2
2024-07-09,MESZ4,42034014,5703.0,5709.0,5692.0,5697.75,515
2024-07-09,MESZ4-MESH5,42024868,61.7,61.7,61.7,61.7,4
2024-07-10,MESH5,42005347,5766.0,5812.5,5766.0,5812.0,45
2024-07-10,MESM5,42003627,5835.0,5864.0,5835.0,5864.0,2
2024-07-10,MESU4,7114,5633.75,5690.5,5630.75,5683.5,677539
2024-07-10,MESU4-MESZ4,42036532,63.4,63.95,63.35,63.8,44
2024-07-10,MESZ4,42034014,5699.0,5753.75,5694.75,5747.75,887
2024-07-10,MESZ4-MESH5,42024868,61.8,61.8,61.8,61.8,3
2024-07-11,MESH5,42005347,5812.0,5812.0,5760.0,5760.0,45
2024-07-11,MESM5,42003627,5860.0,5879.25,5822.0,5822.0,6
2024-07-11,MESU4,7114,5683.75,5707.75,5629.75,5637.5,1084442
2024-07-11,MESU4-MESZ4,42036532,63.85,64.05,62.2,62.2,123
2024-07-11,MESZ4,42034014,5747.25,5770.0,5693.0,5703.0,1193
2024-07-12,MESH5,42005347,5758.5,5832.0,5758.5,5825.75,21
2024-07-12,MESM5,42003627,5870.75,5870.75,5865.0,5865.0,2
2024-07-12,MESU4,7114,5637.5,5708.0,5618.75,5667.75,1037300
2024-07-12,MESU4-MESH5,42018351,123.95,123.95,123.95,123.95,1
2024-07-12,MESU4-MESZ4,42036532,62.6,63.65,62.55,63.4,24
2024-07-12,MESZ4,42034014,5705.25,5771.5,5682.0,5729.5,1230
2024-07-14,MESU4,7114,5680.75,5683.5,5665.5,5672.25,19046
2024-07-14,MESU4-MESZ4,42036532,63.4,63.4,63.4,63.4,3
2024-07-14,MESZ4,42034014,5741.5,5743.25,5729.25,5734.0,47
2024-07-15,MESH5,42005347,5801.5,5840.0,5800.0,5813.0,72
2024-07-15,MESM5,42003627,5858.0,5858.0,5858.0,5858.0,1
2024-07-15,MESU4,7114,5672.25,5718.75,5666.0,5692.25,1254958
2024-07-15,MESU4-MESZ4,42036532,63.45,63.6,63.3,63.4,28
2024-07-15,MESU5,42002651,5925.0,5925.0,5925.0,5925.0,1
2024-07-15,MESZ4,42034014,5733.0,5782.0,5729.5,5756.25,786
2024-07-16,MESH5,42005347,5804.0,5845.0,5804.0,5837.75,167
2024-07-16,MESM5,42003627,5888.0,5888.0,5888.0,5888.0,1
2024-07-16,MESU4,7114,5692.0,5721.25,5673.0,5712.75,1039130
2024-07-16,MESU4-MESZ4,42036532,63.6,64.2,63.55,64.05,25
2024-07-16,MESZ4,42034014,5756.25,5785.0,5737.0,5777.0,696
2024-07-17,MESH5,42005347,5827.75,5827.75,5756.0,5764.0,60
2024-07-17,MESM5,42003627,5828.0,5828.0,5828.0,5828.0,10
2024-07-17,MESU4,7114,5713.0,5714.25,5631.75,5649.0,1182377
2024-07-17,MESU4-MESZ4,42036532,64.15,64.15,62.8,63.25,144
2024-07-17,MESZ4,42034014,5777.0,5777.0,5695.0,5712.0,1396
2024-07-18,MESH5,42005347,5776.25,5786.5,5700.75,5716.0,36
2024-07-18,MESM5,42003627,5770.0,5770.0,5770.0,5770.0,1
2024-07-18,MESU4,7114,5649.0,5664.0,5570.25,5601.75,1503676
2024-07-18,MESU4-MESZ4,42036532,63.25,63.25,61.95,62.55,144
2024-07-18,MESZ4,42034014,5714.0,5725.25,5633.0,5664.75,2165
2024-07-19,MESH5,42005347,5724.75,5725.75,5667.0,5670.0,40
2024-07-19,MESM5,42003627,5735.0,5735.0,5730.5,5735.0,3
2024-07-19,MESU4,7114,5601.75,5607.5,5542.0,5552.5,1077028
2024-07-19,MESU4-MESZ4,42036532,62.2,62.75,61.9,62.05,31
2024-07-19,MESU5,42002651,5770.0,5770.0,5770.0,5770.0,1
2024-07-19,MESZ4,42034014,5662.5,5669.0,5605.0,5612.5,1843
2024-07-21,MESH5,42005347,5680.0,5685.0,5680.0,5685.0,2
2024-07-21,MESU4,7114,5564.25,5574.0,5557.0,5572.0,20804
2024-07-21,MESU4-MESZ4,42036532,62.2,62.2,62.1,62.1,10
2024-07-21,MESZ4,42034014,5623.75,5634.75,5619.25,5634.0,74
2024-07-22,MESH5,42005347,5683.75,5738.0,5678.75,5734.0,49
2024-07-22,MESU4,7114,5572.0,5616.0,5553.5,5605.5,981559
2024-07-22,MESU4-MESH5,42018351,123.05,123.05,123.05,123.05,1
2024-07-22,MESU4-MESZ4,42036532,62.4,63.5,61.9,63.5,46
2024-07-22,MESZ4,42034014,5632.75,5679.25,5616.0,5669.5,1331
2024-07-23,MESH5,42005347,5738.0,5750.25,5696.0,5700.0,18
2024-07-23,MESU4,7114,5605.5,5629.75,5573.25,5574.75,911709
2024-07-23,MESU4-MESH5,42018351,123.05,123.05,123.05,123.05,2
2024-07-23,MESU4-MESZ4,42036532,63.55,64.75,63.05,63.05,25
2024-07-23,MESU5,42002651,5848.0,5848.0,5848.0,5848.0,2
2024-07-23,MESZ4,42034014,5669.25,5693.25,5637.5,5639.25,1174
2024-07-24,MESH5,42005347,5698.0,5698.0,5582.25,5608.5,87
2024-07-24,MESM5,42003627,5730.0,5730.0,5715.0,5715.0,3
2024-07-24,MESU4,7114,5575.0,5583.25,5462.0,5484.5,1154158
2024-07-24,MESU4-MESH5,42018351,120.0,120.0,119.15,119.15,4
2024-07-24,MESU4-MESZ4,42036532,63.1,63.1,61.2,61.35,108
2024-07-24,MESZ4,42034014,5639.25,5646.0,5523.0,5546.5,4222
2024-07-24,MESZ4-MESH5,42024868,58.0,58.0,58.0,58.0,2
2024-07-25,MESH5,42005347,5602.5,5651.75,5555.0,5570.75,94
2024-07-25,MESU4,7114,5484.25,5533.25,5432.5,5451.5,1472863
2024-07-25,MESU4-MESH5,42018351,118.05,118.05,118.05,118.05,1
2024-07-25,MESU4-MESZ4,42036532,61.55,61.55,60.55,60.7,246
2024-07-25,MESZ4,42034014,5544.5,5594.25,5493.0,5511.5,3499
2024-07-26,MESH5,42005347,5585.0,5639.0,5581.5,5619.0,67
2024-07-26,MESU4,7114,5451.25,5528.25,5450.5,5499.0,1174158
2024-07-26,MESU4-MESZ4,42036532,61.05,61.85,61.0,61.25,155
2024-07-26,MESZ4,42034014,5515.0,5588.0,5514.75,5560.75,1739
2024-07-28,MESH5,42005347,5631.5,5631.5,5631.5,5631.5,2
2024-07-28,MESU4,7114,5496.25,5514.75,5495.5,5512.75,17553
2024-07-28,MESZ4,42034014,5560.0,5575.75,5560.0,5575.75,44
2024-07-29,MESH5,42005347,5639.5,5653.75,5609.5,5618.75,35
2024-07-29,MESU4,7114,5512.75,5534.5,5481.25,5488.75,1012866
2024-07-29,MESU4-MESZ4,42036532,61.7,61.7,61.0,61.3,113
2024-07-29,MESU5,42002651,5747.25,5747.25,5747.25,5747.25,2
2024-07-29,MESZ4,42034014,5574.25,5596.0,5543.0,5550.5,1476
2024-07-30,MESH5,42005347,5601.5,5637.5,5555.0,5561.25,68
2024-07-30,MESU4,7114,5488.75,5527.75,5432.0,5480.25,1293394
2024-07-30,MESU4-MESZ4,42036532,61.2,61.75,60.25,61.1,82
2024-07-30,MESZ4,42034014,5549.0,5589.25,5493.0,5541.75,2537
2024-07-31,MESH5,42005347,5599.75,5712.0,5598.0,5698.5,75
2024-07-31,MESU4,7114,5480.5,5590.0,5475.25,5587.5,1131795
2024-07-31,MESU4-MESZ4,42036532,61.0,62.25,61.0,62.25,73
2024-07-31,MESU5,42002651,5755.0,5755.0,5755.0,5755.0,1
2024-07-31,MESZ4,42034014,5541.0,5652.0,5536.5,5649.75,2649
2024-08-01,MESH5,42005347,5706.75,5716.0,5560.5,5568.0,118
2024-08-01,MESM5,42003627,5635.0,5635.0,5635.0,5635.0,1
2024-08-01,MESU4,7114,5587.75,5601.0,5444.75,5461.25,1725543
2024-08-01,MESU4-MESH5,42018351,120.3,120.3,114.05,114.05,14
2024-08-01,MESU4-MESZ4,42036532,62.25,62.25,58.8,58.85,84
2024-08-01,MESZ4,42034014,5652.0,5663.0,5504.75,5521.75,3744
2024-08-01,MESZ4-MESH5,42024868,55.5,55.5,55.5,55.5,36
2024-08-02,MESH5,42005347,5573.0,5573.0,5438.25,5465.0,249
2024-08-02,MESU4,7114,5461.0,5464.5,5331.75,5358.0,1459071
2024-08-02,MESU4-MESH5,42018351,113.95,113.95,103.0,103.55,40
2024-08-02,MESU4-MESZ4,42036532,58.75,64.1,54.25,55.2,829
2024-08-02,MESZ4,42034014,5516.5,5521.5,5386.5,5413.0,4481
2024-08-04,MESH5,42005347,5430.5,5438.75,5419.25,5420.0,11
2024-08-04,MESU4,7114,5339.25,5345.75,5312.75,5324.0,69881
2024-08-04,MESU4-MESZ4,42036532,54.0,54.0,52.85,52.85,5
2024-08-04,MESU5,42002651,5510.0,5510.0,5510.0,5510.0,1
2024-08-04,MESZ4,42034014,5386.75,5399.5,5366.25,5379.0,391
2024-08-04,MESZ4-MESH5,42024868,48.0,48.0,48.0,48.0,1
2024-08-05,MESH5,42005347,5418.75,5418.75,5220.25,5363.25,381
2024-08-05,MESM5,42003627,5265.0,5283.0,5265.0,5271.75,28
2024-08-05,MESU4,7114,5324.25,5324.75,5119.5,5274.0,2060805
2024-08-05,MESU4-MESH5,42018351,100.0,100.0,97.15,97.15,4
2024-08-05,MESU4-MESZ4,42036532,53.25,53.25,48.0,51.45,741
2024-08-05,MESU5,42002651,5450.0,5450.0,5450.0,5450.0,4
2024-08-05,MESZ4,42034014,5377.75,5378.0,5169.25,5321.5,7164
2024-08-05,MESZ4-MESH5,42024868,46.0,46.0,46.0,46.0,1
2024-08-06,MESH5,42005347,5366.75,5440.0,5325.5,5343.0,157
2024-08-06,MESU4,7114,5274.0,5341.5,5221.25,5243.25,1454268
2024-08-06,MESU4-MESH5,42018351,102.9,102.95,102.9,102.95,15
2024-08-06,MESU4-MESZ4,42036532,53.0,54.2,52.25,52.25,90
2024-08-06,MESZ4,42034014,5321.5,5396.0,5275.0,5295.25,3600
2024-08-07,MESH5,42005347,5354.0,5464.25,5282.0,5294.75,308
2024-08-07,MESU4,7114,5243.5,5359.25,5181.25,5202.0,1539090
2024-08-07,MESU4-MESH5,42018351,103.4,103.4,102.4,102.4,12
2024-08-07,MESU4-MESZ4,42036532,53.0,55.1,52.95,52.95,422
2024-08-07,MESZ4,42034014,5295.25,5414.25,5235.5,5244.75,3036
2024-08-08,MESH5,42005347,5313.25,5465.0,5303.5,5453.0,130
2024-08-08,MESM5,42003627,5457.0,5457.0,5457.0,5457.0,1
2024-08-08,MESU4,7114,5202.0,5362.75,5198.5,5357.5,1356154
2024-08-08,MESU4-MESH5,42018351,100.0,103.1,100.0,103.1,11
2024-08-08,MESU4-MESZ4,42036532,53.3,55.2,53.3,55.2,58
2024-08-08,MESZ4,42034014,5255.0,5417.0,5251.5,5412.5,2795
2024-08-09,MESH5,42005347,5461.5,5490.0,5427.25,5470.5,100
2024-08-09,MESM5,42003627,5485.0,5485.0,5485.0,5485.0,1
2024-08-09,MESU4,7114,5357.5,5385.25,5319.5,5365.0,1104411
2024-08-09,MESU4-MESH5,42018351,102.9,102.9,102.9,102.9,3
2024-08-09,MESU4-MESZ4,42036532,55.65,55.8,55.1,55.55,85
2024-08-09,MESZ4,42034014,5408.75,5440.0,5373.25,5416.0,1966
2024-08-11,MESH5,42005347,5470.0,5485.0,5470.0,5485.0,2
2024-08-11,MESU4,7114,5364.5,5376.0,5350.0,5370.25,34878
2024-08-11,MESU4-MESZ4,42036532,55.75,55.8,55.75,55.8,2
2024-08-11,MESZ4,42034014,5420.0,5430.0,5406.75,5427.0,117
2024-08-12,MESH5,42005347,5476.0,5500.0,5460.0,5476.25,56
2024-08-12,MESU4,7114,5370.25,5396.5,5348.0,5372.5,1062983
2024-08-12,MESU4-MESH5,42018351,105.5,105.5,105.3,105.3,2
2024-08-12,MESU4-MESZ4,42036532,55.5,55.8,55.4,55.75,30
2024-08-12,MESU5,42002651,5556.75,5556.75,5556.75,5556.75,1
2024-08-12,MESZ4,42034014,5421.0,5452.0,5404.0,5426.0,1066
2024-08-13,MESH5,42005347,5486.75,5570.0,5480.0,5563.75,117
2024-08-13,MESU4,7114,5372.75,5461.25,5367.0,5457.75,934070
2024-08-13,MESU4-MESH5,42018351,106.0,107.05,106.0,107.05,5
2024-08-13,MESU4-MESZ4,42036532,55.95,56.65,55.5,56.05,147
2024-08-13,MESZ4,42034014,5428.0,5517.25,5425.25,5514.25,2234
2024-08-14,MESH5,42005347,5564.75,5590.25,5549.25,5588.75,69
2024-08-14,MESU4,7114,5457.75,5487.75,5438.75,5474.5,967277
2024-08-14,MESU4-MESH5,42018351,107.55,107.75,107.55,107.75,6
2024-08-14,MESU4-MESZ4,42036532,56.45,59.45,56.35,57.4,37
2024-08-14,MESZ4,42034014,5514.25,5544.5,5496.5,5529.25,1724
2024-08-15,MESH5,42005347,5591.75,5684.25,5591.25,5684.25,69
2024-08-15,MESU4,7114,5474.75,5578.75,5471.75,5574.25,923506
2024-08-15,MESU4-MESH5,42018351,113.2,113.2,113.2,113.2,2
2024-08-15,MESU4-MESZ4,42036532,57.8,59.55,57.35,59.3,99
2024-08-15,MESU5,42002651,5730.0,5730.0,5730.0,5730.0,1
2024-08-15,MESZ4,42034014,5532.5,5637.5,5531.0,5634.0,2126
2024-08-16,MESH5,42005347,5685.0,5696.0,5657.25,5694.0,56
2024-08-16,MESU4,7114,5574.5,5586.25,5536.5,5580.5,791473
2024-08-16,MESU4-MESH5,42018351,114.45,115.0,112.65,115.0,10
2024-08-16,MESU4-MESZ4,42036532,59.55,59.9,59.1,59.9,72
2024-08-16,MESZ4,42034014,5631.5,5645.5,5595.75,5641.5,1320
2024-08-18,MESH5,42005347,5700.0,5703.0,5694.75,5694.75,5
2024-08-18,MESU4,7114,5583.75,5593.5,5580.75,5585.5,25356
2024-08-18,MESU4-MESZ4,42036532,59.9,59.9,59.65,59.65,5
2024-08-18,MESZ4,42034014,5642.5,5652.5,5642.0,5644.5,43
2024-08-19,MESH5,42005347,5696.75,5747.75,5680.0,5747.75,52
2024-08-19,MESM5,42003627,5740.0,5785.25,5740.0,5785.25,10
2024-08-19,MESU4,7114,5585.75,5632.25,5565.25,5628.5,743102
2024-08-19,MESU4-MESH5,42018351,114.7,114.7,113.95,113.95,5
2024-08-19,MESU4-MESZ4,42036532,59.6,60.4,59.6,60.25,34
2024-08-19,MESZ4,42034014,5646.5,5694.25,5624.5,5688.5,1957
2024-08-20,MESH5,42005347,5745.0,5752.5,5728.0,5735.0,65
2024-08-20,MESM5,42003627,5809.25,5809.25,5802.75,5802.75,2
2024-08-20,MESU4,7114,5628.75,5643.5,5607.5,5619.75,735780
2024-08-20,MESU4-MESH5,42018351,113.9,114.5,113.9,114.5,8
2024-08-20,MESU4-MESZ4,42036532,60.25,60.5,59.85,60.25,67
2024-08-20,MESU5,42002651,5825.0,5825.0,5825.0,5825.0,1
2024-08-20,MESZ4,42034014,5689.25,5703.75,5668.0,5679.0,1917
2024-08-21,MESH5,42005347,5739.5,5770.0,5731.75,5761.0,94
2024-08-21,MESM5,42003627,5807.5,5807.5,5807.5,5807.5,1
2024-08-21,MESU4,7114,5619.75,5655.25,5613.5,5645.25,904611
2024-08-21,MESU4-MESH5,42018351,114.0,114.0,113.4,113.4,7
2024-08-21,MESU4-MESZ4,42036532,59.75,60.3,59.55,59.55,139
2024-08-21,MESZ4,42034014,5681.75,5715.0,5674.0,5704.5,2332
2024-08-22,MESH5,42005347,5749.0,5779.5,5698.25,5718.0,70
2024-08-22,MESM5,42003627,5780.0,5780.0,5780.0,5780.0,1
2024-08-22,MESU4,7114,5645.0,5669.0,5582.5,5604.5,1125089
2024-08-22,MESU4-MESH5,42018351,113.65,114.35,112.0,112.0,5
2024-08-22,MESU4-MESZ4,42036532,60.2,60.5,59.75,59.75,620
2024-08-22,MESZ4,42034014,5705.25,5730.0,5642.75,5663.75,3236
2024-08-23,MESH5,42005347,5721.5,5774.75,5720.0,5767.0,95
2024-08-23,MESM5,42003627,5807.0,5807.75,5789.75,5789.75,5
2024-08-23,MESU4,7114,5604.75,5661.75,5602.5,5650.75,1223523
2024-08-23,MESU4-MESH5,42018351,113.25,113.25,113.25,113.25,4
2024-08-23,MESU4-MESZ4,42036532,59.85,60.45,59.85,60.2,46
2024-08-23,MESZ4,42034014,5665.25,5722.0,5662.5,5710.0,3161
2024-08-25,MESH5,42005347,5760.0,5764.5,5757.0,5764.5,3
2024-08-25,MESU4,7114,5650.75,5659.25,5640.25,5646.75,30893
2024-08-25,MESU4-MESZ4,42036532,61.5,61.5,59.8,59.95,67
2024-08-25,MESZ4,42034014,5713.5,5719.75,5700.0,5705.0,150
2024-08-26,MESH5,42005347,5763.75,5780.0,5735.0,5742.0,77
2024-08-26,MESM5,42003627,5798.0,5798.0,5780.5,5790.0,4
2024-08-26,MESU4,7114,5646.5,5669.0,5619.75,5632.0,922913
2024-08-26,MESU4-MESH5,42018351,113.8,114.5,113.8,114.5,3
2024-08-26,MESU4-MESZ4,42036532,59.6,60.5,59.6,60.35,130
2024-08-26,MESZ4,42034014,5706.5,5729.0,5680.25,5692.5,1926
2024-08-27,MESH5,42005347,5748.5,5762.5,5727.25,5742.0,56
2024-08-27,MESU4,7114,5632.0,5649.5,5611.5,5635.75,781775
2024-08-27,MESU4-MESH5,42018351,113.8,114.05,113.8,114.05,8
2024-08-27,MESU4-MESZ4,42036532,60.3,60.75,60.2,60.5,353
2024-08-27,MESZ4,42034014,5691.5,5710.0,5672.25,5696.75,1980
2024-08-28,MESH5,42005347,5750.25,5759.25,5677.0,5684.5,93
2024-08-28,MESU4,7114,5635.5,5650.5,5561.0,5572.0,1050544
2024-08-28,MESU4-MESH5,42018351,116.25,116.25,111.85,111.85,9
2024-08-28,MESU4-MESZ4,42036532,60.5,60.55,58.0,59.7,126
2024-08-28,MESZ4,42034014,5697.25,5711.0,5620.0,5631.0,3364
2024-08-29,MESH5,42005347,5685.25,5777.0,5685.25,5734.5,239
2024-08-29,MESU4,7114,5572.0,5663.75,5571.5,5615.0,1147251
2024-08-29,MESU4-MESH5,42018351,112.65,114.1,112.65,114.1,2
2024-08-29,MESU4-MESZ4,42036532,59.65,61.15,59.65,60.6,74
2024-08-29,MESZ4,42034014,5631.75,5724.5,5631.5,5676.5,3917
2024-08-30,MESH5,42005347,5732.25,5780.75,5709.25,5773.0,85
2024-08-30,MESU4,7114,5615.0,5665.0,5594.0,5656.5,967926
2024-08-30,MESU4-MESZ4,42036532,60.4,61.4,60.1,61.4,355
2024-08-30,MESZ4,42034014,5674.0,5726.0,5654.75,5716.25,4088
2024-09-01,MESU4,7114,5656.5,5660.5,5652.0,5653.0,10035
2024-09-01,MESU4-MESZ4,42036532,61.45,61.45,61.45,61.45,19
2024-09-01,MESZ4,42034014,5720.75,5721.5,5713.75,5715.25,49
2024-09-02,MESH5,42005347,5767.25,5782.0,5750.5,5767.5,48
2024-09-02,MESU4,7114,5653.0,5670.75,5638.0,5654.0,124789
2024-09-02,MESU4-MESZ4,42036532,61.1,61.5,61.05,61.5,17
2024-09-02,MESZ4,42034014,5714.75,5731.5,5699.25,5714.5,772
2024-09-03,MESH5,42005347,5766.5,5780.0,5635.25,5645.0,192
2024-09-03,MESU4,7114,5654.25,5666.25,5516.75,5532.5,1150931
2024-09-03,MESU4-MESH5,42018351,112.95,112.95,112.95,112.95,4
2024-09-03,MESU4-MESZ4,42036532,61.3,61.5,59.25,59.5,275
2024-09-03,MESZ4,42034014,5717.25,5728.25,5576.0,5591.75,6305
2024-09-04,MESH5,42005347,5642.25,5672.0,5620.0,5628.25,175
2024-09-04,MESU4,7114,5532.75,5565.0,5506.0,5523.5,1079296
2024-09-04,MESU4-MESH5,42018351,110.5,111.25,110.5,111.25,4
2024-09-04,MESU4-MESZ4,42036532,59.25,59.55,58.5,58.65,193
2024-09-04,MESZ4,42034014,5593.75,5624.0,5566.25,5581.75,9132
2024-09-04,MESZ4-MESH5,42024868,51.2,51.2,51.2,51.2,1
2024-09-05,MESH5,42005347,5632.75,5667.75,5597.0,5616.5,205
2024-09-05,MESU4,7114,5523.5,5557.25,5490.25,5510.0,1082472
2024-09-05,MESU4-MESZ4,42036532,58.85,59.25,58.25,58.65,95
2024-09-05,MESZ4,42034014,5583.0,5616.5,5548.5,5568.0,7787
2024-09-06,MESH5,42005347,5611.75,5638.75,5500.0,5500.0,469
2024-09-06,MESM5,42003627,5650.0,5650.0,5540.0,5540.0,2
2024-09-06,MESU4,7114,5510.0,5532.75,5394.0,5404.0,1297939
2024-09-06,MESU4-MESH5,42018351,109.9,109.9,104.95,106.5,12
2024-09-06,MESU4-MESZ4,42036532,58.65,60.0,55.85,57.15,385
2024-09-06,MESZ4,42034014,5567.5,5591.0,5451.0,5462.5,20695
2024-09-06,MESZ4-MESH5,42024868,48.0,48.0,48.0,48.0,1
2024-09-08,MESH5,42005347,5517.5,5522.5,5510.5,5522.5,10
2024-09-08,MESU4,7114,5409.25,5420.5,5405.25,5417.75,35701
2024-09-08,MESU4-MESZ4,42036532,56.4,57.7,56.4,57.7,38
2024-09-08,MESZ4,42034014,5464.5,5477.5,5463.0,5474.75,525
2024-09-09,MESH5,42005347,5530.0,5600.0,5530.0,5598.0,174
2024-09-09,MESU4,7114,5417.75,5493.0,5417.25,5486.75,1077687
2024-09-09,MESU4-MESH5,42018351,107.7,107.7,107.7,107.7,4
2024-09-09,MESU4-MESZ4,42036532,57.5,58.7,57.5,58.65,254
2024-09-09,MESU5,42002651,5600.0,5600.0,5600.0,5600.0,2
2024-09-09,MESZ4,42034014,5475.75,5551.5,5475.0,5545.25,16742
2024-09-10,MESH5,42005347,5584.25,5609.75,5559.0,5608.0,145
2024-09-10,MESU4,7114,5486.5,5506.0,5448.25,5497.5,1148932
2024-09-10,MESU4-MESH5,42018351,108.0,108.0,108.0,108.0,3
2024-09-10,MESU4-MESZ4,42036532,58.6,58.75,57.9,58.65,647
2024-09-10,MESZ4,42034014,5545.25,5564.5,5506.5,5555.0,24769
2024-09-11,MESH5,42005347,5592.5,5673.0,5519.0,5666.5,290
2024-09-11,MESM5,42003627,5680.0,5680.0,5680.0,5680.0,1
2024-09-11,MESU4,7114,5497.5,5567.5,5412.0,5556.75,1317842
2024-09-11,MESU4-MESH5,42018351,110.95,111.1,110.95,111.1,6
2024-09-11,MESU4-MESZ4,42036532,58.5,59.75,57.7,59.4,766
2024-09-11,MESZ4,42034014,5556.0,5627.0,5470.0,5616.25,43633
2024-09-12,MESH5,42005347,5672.25,5719.25,5654.75,5716.25,148
2024-09-12,MESU4,7114,5556.75,5608.75,5540.25,5605.5,1204654
2024-09-12,MESU4-MESH5,42018351,110.1,111.2,110.1,111.2,21
2024-09-12,MESU4-MESZ4,42036532,59.55,60.45,59.55,60.2,1418
2024-09-12,MESZ4,42034014,5616.5,5668.75,5600.25,5665.75,58892
2024-09-12,MESZ4-MESH5,42024868,50.7,51.35,50.05,51.35,14
2024-09-13,MESH5,42005347,5717.0,5752.5,5711.0,5740.0,217
2024-09-13,MESM5,42003627,5760.0,5789.0,5760.0,5784.0,4
2024-09-13,MESU4,7114,5605.75,5641.5,5599.0,5626.5,905518
2024-09-13,MESU4-MESZ4,42036532,60.2,61.3,60.05,61.3,9516
2024-09-13,MESZ4,42034014,5666.25,5702.25,5659.5,5687.75,75073
2024-09-13,MESZ4-MESH5,42024868,50.5,51.05,47.5,51.05,9
2024-09-15,MESH5,42005347,5739.25,5748.0,5733.75,5746.25,178
2024-09-15,MESU4,7114,5623.0,5635.5,5622.0,5633.0,9776
2024-09-15,MESU4-MESZ4,42036532,61.15,61.4,60.85,61.25,705
2024-09-15,MESZ4,42034014,5684.75,5695.75,5683.25,5694.25,10030
2024-09-15,MESZ4-MESH5,42024868,50.05,50.05,49.3,49.3,156
2024-09-16,MESH5,42005347,5739.75,5752.75,5725.0,5750.25,236
2024-09-16,MESU4,7114,5633.25,5641.25,5608.75,5635.0,321609
2024-09-16,MESU4-MESH5,42018351,110.2,110.85,110.2,110.85,11
2024-09-16,MESU4-MESZ4,42036532,61.25,61.7,60.35,61.35,24243
2024-09-16,MESU5,42002651,5818.0,5818.0,5818.0,5818.0,2
2024-09-16,MESZ4,42034014,5694.5,5702.75,5669.25,5696.25,539406
2024-09-16,MESZ4-MESH5,42024868,50.5,50.95,50.5,50.85,7
2024-09-17,MESH5,42005347,5745.0,5787.0,5727.25,5753.25,292
2024-09-17,MESM5,42003627,5780.0,5828.0,5780.0,5800.0,10
2024-09-17,MESU4,7114,5635.25,5675.5,5615.5,5644.25,223719
2024-09-17,MESU4-MESH5,42018351,111.95,111.95,111.95,111.95,6
2024-09-17,MESU4-MESZ4,42036532,61.2,61.65,60.3,61.3,17057
2024-09-17,MESZ4,42034014,5696.25,5737.0,5677.5,5705.75,847284
2024-09-17,MESZ4-MESH5,42024868,48.1,48.1,48.1,48.1,1
2024-09-18,MESH5,42005347,5753.0,5808.0,5725.5,5766.0,406
2024-09-18,MESM5,42003627,5809.0,5809.0,5790.0,5790.0,10
2024-09-18,MESU4,7114,5644.25,5695.75,5616.25,5658.5,205643
2024-09-18,MESU4-MESH5,42018351,112.75,112.75,112.75,112.75,1
2024-09-18,MESU4-MESZ4,42036532,61.45,61.65,58.7,59.25,7412
2024-09-18,MESZ4,42034014,5705.75,5756.25,5675.75,5718.0,967135
2024-09-18,MESZ4-MESH5,42024868,50.45,51.8,50.35,50.35,13
2024-09-19,MESH5,42005347,5775.5,5847.5,5750.5,5824.5,771
2024-09-19,MESM5,42003627,5830.0,5878.0,5827.0,5873.5,16
2024-09-19,MESU4,7114,5659.0,5737.75,5639.5,5710.25,154778
2024-09-19,MESU4-MESH5,42018351,111.65,111.65,109.25,109.25,16
2024-09-19,MESU4-MESZ4,42036532,59.05,61.05,58.55,59.35,3680
2024-09-19,MESZ4,42034014,5718.0,5797.75,5698.25,5770.0,1039254
2024-09-19,MESZ4-MESH5,42024868,50.0,52.0,49.25,50.75,17
2024-09-20,MESH5,42005347,5816.0,5825.0,5784.5,5812.0,822
2024-09-20,MESH5-MESM5,42013621,41.25,41.25,41.25,41.25,7
2024-09-20,MESM5,42003627,5855.0,5858.0,5838.5,5858.0,25
2024-09-20,MESU4,7114,5710.25,5714.25,5698.25,5702.0,12792
2024-09-20,MESU4-MESZ4,42036532,59.0,60.0,55.5,55.65,548
2024-09-20,MESZ4,42034014,5770.0,5775.0,5733.25,5758.5,918482
2024-09-20,MESZ4-MESH5,42024868,50.5,50.5,50.15,50.5,25
2024-09-22,MESH5,42005347,5810.0,5818.25,5806.0,5818.25,61
2024-09-22,MESZ4,42034014,5761.75,5768.0,5755.5,5767.0,13475
2024-09-23,MESH5,42005347,5818.25,5833.25,5796.0,5824.25,1119
2024-09-23,MESM5,42003627,5856.25,5870.0,5856.25,5870.0,2
2024-09-23,MESZ4,42034014,5767.25,5784.5,5745.25,5772.75,789956
2024-09-23,MESZ4-MESH5,42024868,50.45,50.7,50.15,50.4,66
2024-09-24,MESH5,42005347,5821.75,5845.25,5804.75,5842.0,1381
2024-09-24,MESM5,42003627,5864.0,5873.75,5864.0,5873.75,3
2024-09-24,MESU5,42002651,5894.25,5923.5,5894.25,5917.5,4
2024-09-24,MESZ4,42034014,5772.75,5794.75,5754.75,5792.25,753205
2024-09-24,MESZ4-MESH5,42024868,50.45,50.45,49.5,50.3,51
2024-09-25,MESH5,42005347,5841.5,5848.75,5820.0,5840.25,770
2024-09-25,MESM5,42003627,5873.0,5885.25,5862.5,5878.75,13
2024-09-25,MESU5,42002651,5917.5,5921.0,5905.0,5905.0,5
2024-09-25,MESZ4,42034014,5792.25,5800.0,5768.0,5789.0,649284
2024-09-25,MESZ4-MESH5,42024868,49.9,50.65,49.6,50.5,40
2024-09-26,MESH5,42005347,5840.75,5881.0,5830.0,5856.5,1033
2024-09-26,MESM5,42003627,5890.25,5923.0,5885.0,5898.25,42
2024-09-26,MESZ4,42034014,5788.75,5830.0,5778.25,5805.0,935371
2024-09-26,MESZ4-MESH5,42024868,50.95,51.75,50.95,51.75,10
2024-09-27,MESH5,42005347,5856.25,5871.5,5834.25,5839.5,615
2024-09-27,MESM5,42003627,5892.0,5914.5,5885.0,5885.0,7
2024-09-27,MESZ4,42034014,5805.25,5821.5,5781.75,5785.5,710663
2024-09-27,MESZ4-MESH5,42024868,51.95,52.0,51.05,51.05,32
2024-09-29,MESH5,42005347,5840.75,5852.75,5831.25,5851.5,66
2024-09-29,MESZ4,42034014,5784.25,5802.0,5778.75,5800.0,19748
2024-09-30,MESH5,42005347,5852.25,5871.75,5810.5,5860.5,761
2024-09-30,MESM5,42003627,5889.0,5913.5,5870.0,5913.5,8
2024-09-30,MESU5,42002651,5904.0,5904.0,5904.0,5904.0,1
2024-09-30,MESZ4,42034014,5800.25,5820.0,5756.25,5808.25,944761
2024-09-30,MESZ4-MESH5,42024868,51.4,52.25,51.3,52.25,20
2024-10-01,MESH5,42005347,5862.0,5874.0,5784.25,5803.5,1369
2024-10-01,MESM5,42003627,5910.5,5910.5,5840.0,5841.25,21
2024-10-01,MESZ4,42034014,5808.5,5822.75,5733.0,5751.0,1212841
2024-10-01,MESZ4-MESH5,42024868,52.4,52.4,51.25,51.45,51
2024-10-02,MESH5,42005347,5804.0,5825.0,5776.5,5821.5,813
2024-10-02,MESM5,42003627,5820.0,5863.0,5820.0,5860.0,6
2024-10-02,MESZ4,42034014,5750.75,5773.25,5724.5,5769.25,860765
2024-10-02,MESZ4-MESH5,42024868,51.4,52.05,51.2,52.05,14
2024-10-03,MESH5,42005347,5818.25,5821.25,5778.0,5802.0,855
2024-10-03,MESM5,42003627,5851.75,5851.75,5827.75,5844.5,10
2024-10-03,MESZ4,42034014,5769.25,5770.0,5725.75,5749.25,917852
2024-10-03,MESZ4-MESH5,42024868,51.75,52.3,51.35,52.3,23
2024-10-04,MESH5,42005347,5799.75,5859.75,5797.25,5850.75,1084
2024-10-04,MESM5,42003627,5843.0,5900.0,5843.0,5898.0,31
2024-10-04,MESU5,42002651,5930.0,5930.0,5915.0,5915.0,2
2024-10-04,MESZ4,42034014,5749.0,5804.75,5742.0,5795.25,936287
2024-10-04,MESZ4-MESH5,42024868,52.7,55.5,52.7,55.4,80
2024-10-06,MESH5,42005347,5855.5,5863.75,5855.5,5860.5,44
2024-10-06,MESM5,42003627,5911.75,5911.75,5911.75,5911.75,1
2024-10-06,MESZ4,42034014,5802.0,5808.25,5799.0,5802.25,20123
2024-10-06,MESZ4-MESH5,42024868,55.75,55.75,55.75,55.75,2
2024-10-07,MESH5,42005347,5857.75,5860.5,5781.5,5802.0,781
2024-10-07,MESM5,42003627,5870.0,5870.0,5859.0,5859.0,13
2024-10-07,MESZ4,42034014,5802.0,5805.75,5725.25,5744.25,932951
2024-10-07,MESZ4-MESH5,42024868,55.9,56.5,55.8,56.0,27
2024-10-08,MESH5,42005347,5805.5,5862.75,5793.5,5851.75,983
2024-10-08,MESM5,42003627,5848.0,5910.75,5848.0,5910.75,9
2024-10-08,MESZ4,42034014,5744.5,5806.75,5736.0,5795.75,756255
2024-10-08,MESZ4-MESH5,42024868,55.95,56.35,54.75,54.75,29
2024-10-09,MESH5,42005347,5851.0,5904.5,5837.5,5895.5,1167
2024-10-09,MESM5,42003627,5904.75,5959.75,5904.75,5947.0,40
2024-10-09,MESZ4,42034014,5795.75,5846.5,5780.75,5839.0,754043
2024-10-09,MESZ4-MESH5,42024868,56.4,58.0,56.4,58.0,60
2024-10-10,MESH5,42005347,5895.75,5900.75,5870.0,5894.0,1093
2024-10-10,MESM5,42003627,5946.0,5949.5,5929.75,5935.5,15
2024-10-10,MESZ4,42034014,5839.0,5843.5,5811.75,5835.5,784357
2024-10-10,MESZ4-MESH5,42024868,57.85,58.1,57.25,57.45,37
2024-10-11,MESH5,42005347,5893.5,5926.0,5874.25,5912.0,1093
2024-10-11,MESM5,42003627,5945.0,5976.0,5945.0,5975.25,26
2024-10-11,MESZ4,42034014,5835.25,5868.25,5816.0,5853.0,685698
2024-10-11,MESZ4-MESH5,42024868,57.75,58.1,57.75,57.9,19
2024-10-13,MESH5,42005347,5910.5,5918.0,5910.5,5913.75,12
2024-10-13,MESM5,42003627,5969.75,5971.25,5969.75,5971.25,4
2024-10-13,MESZ4,42034014,5854.75,5860.0,5852.0,5855.5,15070
2024-10-14,MESH5,42005347,5913.75,5977.0,5909.5,5972.0,1126
2024-10-14,MESM5,42003627,5960.0,6027.0,5960.0,6020.0,58
2024-10-14,MESZ4,42034014,5855.5,5918.5,5850.0,5912.5,556899
2024-10-14,MESZ4-MESH5,42024868,58.1,59.35,58.1,59.25,36
2024-10-14,MESZ4-MESM5,42028411,109.6,109.6,109.6,109.6,1
2024-10-15,MESH5,42005347,5972.0,5974.25,5910.0,5924.0,1321
2024-10-15,MESM5,42003627,6016.25,6016.25,5967.25,5975.0,7
2024-10-15,MESZ4,42034014,5913.0,5916.25,5850.0,5863.0,912980
2024-10-15,MESZ4-MESH5,42024868,59.1,59.2,58.2,58.2,35
2024-10-16,MESH5,42005347,5923.5,5952.0,5912.5,5937.5,1249
2024-10-16,MESM5,42003627,5970.0,6001.0,5970.0,5989.75,14
2024-10-16,MESZ4,42034014,5863.25,5892.75,5851.75,5879.0,755380
2024-10-16,MESZ4-MESH5,42024868,59.2,59.4,58.85,59.25,23
2024-10-17,MESH5,42005347,5937.25,5987.0,5932.5,5952.25,1370
2024-10-17,MESM5,42003627,6019.75,6030.0,6007.5,6007.5,6
2024-10-17,MESZ4,42034014,5878.5,5927.0,5871.25,5891.75,893537
2024-10-17,MESZ4-MESH5,42024868,59.45,60.5,59.45,60.5,45
2024-10-18,MESH5,42005347,5946.25,5975.5,5937.0,5967.25,1134
2024-10-18,MESM5,42003627,6010.75,6025.0,6005.0,6025.0,6
2024-10-18,MESZ4,42034014,5891.75,5915.25,5876.25,5907.5,585746
2024-10-18,MESZ4-MESH5,42024868,60.25,60.25,59.9,60.1,12
2024-10-20,MESH5,42005347,5971.25,5975.0,5970.75,5973.75,43
2024-10-20,MESM5,42003627,6026.0,6026.0,6026.0,6026.0,1
2024-10-20,MESZ4,42034014,5910.75,5915.5,5910.5,5913.5,10786
2024-10-20,MESZ4-MESH5,42024868,60.05,60.05,60.05,60.05,1
2024-10-21,MESH5,42005347,5973.25,5974.25,5924.0,5956.25,854
2024-10-21,MESM5,42003627,6005.0,6020.0,5985.0,6013.0,13
2024-10-21,MESZ4,42034014,5913.5,5914.5,5865.0,5895.75,748193
2024-10-21,MESZ4-MESH5,42024868,59.8,60.1,59.8,60.0,83
2024-10-22,MESH5,42005347,5952.5,5964.0,5921.25,5950.5,1016
2024-10-22,MESM5,42003627,6000.0,6006.75,5979.0,5997.0,11
2024-10-22,MESZ4,42034014,5895.75,5904.25,5861.0,5890.25,874922
2024-10-22,MESZ4-MESH5,42024868,60.05,60.45,59.6,60.0,23
2024-10-23,MESH5,42005347,5946.5,5953.0,5860.25,5903.0,1080
2024-10-23,MESM5,42003627,6000.0,6000.0,5924.0,5935.0,37
2024-10-23,MESZ4,42034014,5890.25,5894.0,5801.0,5842.75,1065388
2024-10-23,MESZ4-MESH5,42024868,59.5,59.75,59.35,59.75,88
2024-10-24,MESH5,42005347,5901.75,5927.75,5882.5,5909.5,804
2024-10-24,MESM5,42003627,5949.75,5973.25,5940.0,5957.5,18
2024-10-24,MESZ4,42034014,5842.75,5870.0,5822.5,5850.75,910337
2024-10-24,MESZ4-MESH5,42024868,59.5,60.15,59.5,60.15,38
2024-10-25,MESH5,42005347,5912.5,5960.5,5895.25,5902.0,1002
2024-10-25,MESM5,42003627,5963.0,6012.25,5954.0,5954.5,14
2024-10-25,MESU5,42002651,6050.0,6050.0,6041.0,6041.0,2
2024-10-25,MESZ4,42034014,5850.75,5900.75,5835.0,5841.5,991475
2024-10-25,MESZ4-MESH5,42024868,60.25,60.55,59.95,60.3,38
2024-10-27,MESH5,42005347,5911.75,5935.0,5911.75,5931.5,98
2024-10-27,MESM5,42003627,5985.5,5985.5,5985.5,5985.5,1
2024-10-27,MESZ4,42034014,5856.0,5875.0,5856.0,5870.5,22351
2024-10-27,MESZ4-MESH5,42024868,60.7,61.0,60.7,61.0,7
2024-10-28,MESH5,42005347,5932.5,5945.25,5919.75,5921.5,871
2024-10-28,MESM5,42003627,5986.0,5986.0,5977.5,5978.0,25
2024-10-28,MESZ4,42034014,5870.5,5884.5,5858.5,5861.5,791664
2024-10-28,MESZ4-MESH5,42024868,60.9,61.3,60.6,61.25,80
2024-10-29,MESH5,42005347,5922.0,5948.0,5899.0,5946.0,852
2024-10-29,MESM5,42003627,5985.0,5995.0,5980.0,5995.0,6
2024-10-29,MESZ4,42034014,5861.5,5887.75,5837.5,5884.25,853210
2024-10-29,MESZ4-MESH5,42024868,61.1,61.45,60.6,60.95,34
2024-10-30,MESH5,42005347,5945.25,5954.0,5892.5,5893.0,1186
2024-10-30,MESM5,42003627,6005.0,6005.0,5950.0,5950.0,20
2024-10-30,MESZ4,42034014,5884.5,5893.0,5831.0,5832.0,932297
2024-10-30,MESZ4-MESH5,42024868,60.9,61.5,60.75,61.5,41
2024-10-30,MESZ4-MESM5,42028411,114.4,114.4,114.4,114.4,7
2024-10-31,MESH5,42005347,5892.25,5899.5,5790.25,5803.0,1889
2024-10-31,MESM5,42003627,5920.0,5931.0,5855.0,5857.5,89
2024-10-31,MESU5,42002651,5962.25,5962.25,5900.5,5900.5,3
2024-10-31,MESZ4,42034014,5832.0,5838.25,5730.0,5742.75,1158897
2024-10-31,MESZ4-MESH5,42024868,60.75,61.0,59.45,59.65,112
2024-10-31,MESZ4-MESM5,42028411,111.4,111.4,111.4,111.4,1
2024-11-01,MESH5,42005347,5801.0,5863.0,5797.25,5818.5,1444
2024-11-01,MESM5,42003627,5856.0,5913.0,5850.0,5869.0,64
2024-11-01,MESZ4,42034014,5742.75,5803.75,5732.25,5759.25,982910
2024-11-01,MESZ4-MESH5,42024868,59.65,59.75,58.9,58.9,28
2024-11-03,MESH5,42005347,5809.25,5813.5,5801.0,5811.5,43
2024-11-03,MESM5,42003627,5862.0,5862.0,5862.0,5862.0,3
2024-11-03,MESZ4,42034014,5748.0,5755.75,5740.0,5749.75,17516
2024-11-03,MESZ4-MESH5,42024868,59.0,59.0,59.0,59.0,1
2024-11-04,MESH5,42005347,5807.25,5835.5,5783.0,5802.0,1030
2024-11-04,MESH5-MESM5,42013621,52.0,52.0,52.0,52.0,3
2024-11-04,MESM5,42003627,5882.5,5885.0,5845.75,5853.75,34
2024-11-04,MESZ4,42034014,5750.0,5776.5,5724.25,5743.0,1020200
2024-11-04,MESZ4-MESH5,42024868,59.2,59.35,59.0,59.2,86
2024-11-04,MESZ4-MESM5,42028411,111.65,111.65,110.55,110.55,9
2024-11-05,MESH5,42005347,5801.0,5884.5,5794.5,5876.5,1272
2024-11-05,MESM5,42003627,5849.5,5930.0,5849.5,5930.0,37
2024-11-05,MESZ4,42034014,5742.75,5824.5,5735.0,5816.0,860315
2024-11-05,MESZ4-MESH5,42024868,59.3,60.35,59.3,59.9,26
2024-11-05,MESZ4-MESM5,42028411,112.5,112.5,112.5,112.5,1
2024-11-05,MESZ5,42004164,6001.5,6025.0,6001.5,6025.0,2
2024-11-06,MESH5,42005347,5882.5,6030.5,5882.25,6021.5,3210
2024-11-06,MESM5,42003627,5940.0,6089.75,5940.0,6076.75,149
2024-11-06,MESU5,42002651,6105.0,6129.5,6105.0,6129.5,2
2024-11-06,MESZ4,42034014,5816.0,5967.0,5815.25,5956.75,1168241
2024-11-06,MESZ4-MESH5,42024868,60.4,63.5,60.4,63.45,251
2024-11-06,MESZ4-MESM5,42028411,118.8,118.8,118.8,118.8,1
2024-11-06,MESZ5,42004164,6152.0,6152.0,6152.0,6152.0,1
2024-11-07,MESH5,42005347,6023.0,6076.25,6014.5,6069.5,1512
2024-11-07,MESM5,42003627,6079.0,6132.0,6079.0,6128.0,114
2024-11-07,MESU5,42002651,6132.0,6165.0,6132.0,6165.0,2
2024-11-07,MESZ4,42034014,5957.0,6013.0,5950.75,6007.25,692659
2024-11-07,MESZ4-MESH5,42024868,63.6,64.0,63.5,63.95,230
2024-11-07,MESZ5,42004164,6236.25,6236.25,6236.25,6236.25,1
2024-11-08,MESH5,42005347,6071.25,6105.25,6054.5,6090.0,1379
2024-11-08,MESH5-MESM5,42013621,57.0,57.0,57.0,57.0,1
2024-11-08,MESM5,42003627,6126.5,6160.0,6126.5,6146.5,252
2024-11-08,MESU5,42002651,6188.0,6188.0,6188.0,6188.0,1
2024-11-08,MESZ4,42034014,6007.25,6040.5,5990.25,6023.25,702564
2024-11-08,MESZ4-MESH5,42024868,63.85,64.9,63.85,64.9,87
2024-11-08,MESZ4-MESM5,42028411,122.15,122.15,122.15,122.15,1
2024-11-08,MESZ5,42004164,6230.0,6230.0,6230.0,6230.0,1
2024-11-10,MESH5,42005347,6092.75,6102.75,6092.75,6102.0,92
2024-11-10,MESZ4,42034014,6029.5,6038.5,6028.75,6037.5,14197
2024-11-11,MESH5,42005347,6101.5,6118.75,6079.25,6093.5,1215
2024-11-11,MESH5-MESM5,42013621,58.0,58.0,58.0,58.0,1
2024-11-11,MESM5,42003627,6162.5,6169.5,6140.0,6150.25,59
2024-11-11,MESZ4,42034014,6037.5,6053.25,6013.5,6028.25,619748
2024-11-11,MESZ4-MESH5,42024868,64.85,65.55,64.85,65.5,277
2024-11-11,MESZ4-MESM5,42028411,123.0,123.0,123.0,123.0,2
2024-11-12,MESH5,42005347,6094.0,6101.75,6053.0,6073.0,1566
2024-11-12,MESM5,42003627,6147.75,6159.0,6114.25,6136.25,38
2024-11-12,MESU5,42002651,6176.25,6176.25,6176.25,6176.25,1
2024-11-12,MESZ4,42034014,6027.75,6036.5,5986.5,6007.75,795563
2024-11-12,MESZ4-MESH5,42024868,65.55,66.15,65.5,66.0,55
2024-11-13,MESH5,42005347,6071.5,6101.5,6058.5,6087.0,1574
2024-11-13,MESM5,42003627,6120.0,6154.0,6120.0,6146.5,24
2024-11-13,MESZ4,42034014,6008.25,6035.5,5991.75,6020.0,878299
2024-11-13,MESZ4-MESH5,42024868,65.55,67.05,65.25,66.6,94
2024-11-13,MESZ5,42004164,6255.0,6255.0,6255.0,6255.0,1
2024-11-14,MESH5,42005347,6088.0,6091.75,6031.5,6033.5,2249
2024-11-14,MESH5-MESM5,42013621,59.0,60.0,59.0,60.0,2
2024-11-14,MESM5,42003627,6132.0,6136.25,6092.25,6092.25,39
2024-11-14,MESZ4,42034014,6020.25,6025.25,5964.25,5967.25,935803
2024-11-14,MESZ4-MESH5,42024868,66.8,67.55,66.8,67.25,33
2024-11-14,MESZ4-MESM5,42028411,127.75,127.75,127.6,127.6,2
2024-11-14,MESZ5,42004164,6216.5,6216.5,6216.5,6216.5,1
2024-11-15,MESH5,42005347,6033.5,6035.0,5943.0,5966.25,2658
2024-11-15,MESH5-MESM5,42013621,61.0,61.75,61.0,61.75,8
2024-11-15,MESM5,42003627,6087.5,6088.75,6005.5,6025.5,107
2024-11-15,MESU5,42002651,6145.0,6147.5,6055.0,6055.0,5
2024-11-15,MESZ4,42034014,5967.25,5968.0,5877.0,5899.75,1076239
2024-11-15,MESZ4-MESH5,42024868,67.25,68.75,65.9,66.55,320
2024-11-17,MESH5,42005347,5966.25,5971.5,5962.5,5969.5,50
2024-11-17,MESM5,42003627,6017.75,6019.75,6017.75,6019.75,2
2024-11-17,MESZ4,42034014,5900.0,5905.5,5891.5,5904.25,14645
2024-11-18,MESH5,42005347,5971.5,6000.0,5953.0,5981.25,1834
2024-11-18,MESM5,42003627,6035.0,6047.25,6014.25,6044.0,50
2024-11-18,MESZ4,42034014,5904.5,5933.0,5886.25,5916.75,776752
2024-11-18,MESZ4-MESH5,42024868,66.5,67.1,65.55,65.75,147
2024-11-18,MESZ5,42004164,6140.0,6140.0,6140.0,6140.0,1
2024-11-19,MESH5,42005347,5983.75,6012.0,5920.0,6009.75,2606
2024-11-19,MESM5,42003627,6046.0,6064.0,5983.0,6060.75,52
2024-11-19,MESZ4,42034014,5917.0,5947.5,5855.0,5945.0,877470
2024-11-19,MESZ4-MESH5,42024868,66.0,66.0,64.7,65.3,247
2024-11-19,MESZ4-MESM5,42028411,121.25,122.25,121.25,122.25,15
2024-11-20,MESH5,42005347,6011.0,6022.25,5945.0,6005.0,2503
2024-11-20,MESM5,42003627,6075.0,6079.75,6004.0,6064.0,52
2024-11-20,MESU5,42002651,6100.0,6100.0,6100.0,6100.0,1
2024-11-20,MESZ4,42034014,5945.25,5957.5,5880.0,5940.0,968172
2024-11-20,MESZ4-MESH5,42024868,65.05,65.1,64.5,64.5,48
2024-11-20,MESZ5,42004164,6136.0,6136.0,6136.0,6136.0,2
2024-11-21,MESH5,42005347,6006.0,6050.75,5970.0,6028.75,4799
2024-11-21,MESM5,42003627,6054.0,6107.5,6032.5,6089.5,73
2024-11-21,MESU5,42002651,6144.5,6144.5,6120.0,6120.0,3
2024-11-21,MESZ4,42034014,5940.75,5985.0,5905.25,5964.0,1215053
2024-11-21,MESZ4-MESH5,42024868,64.4,65.5,64.1,65.25,907
2024-11-22,MESH5,42005347,6027.25,6061.0,6006.0,6057.75,2633
2024-11-22,MESM5,42003627,6094.25,6119.0,6065.75,6113.75,61
2024-11-22,MESU5,42002651,6176.25,6176.25,6175.0,6175.0,2
2024-11-22,MESZ4,42034014,5964.0,5993.75,5941.0,5990.75,1031081
2024-11-22,MESZ4-MESH5,42024868,65.05,66.75,64.7,66.45,171
2024-11-22,MESZ5,42004164,6244.75,6244.75,6244.75,6244.75,1
2024-11-24,MESH5,42005347,6066.5,6078.25,6066.5,6075.75,148
2024-11-24,MESM5,42003627,6137.0,6138.5,6137.0,6137.0,6
2024-11-24,MESZ4,42034014,6005.75,6011.0,6005.0,6008.75,14229
2024-11-24,MESZ4-MESH5,42024868,67.0,67.0,67.0,67.0,5
2024-11-25,MESH5,42005347,6077.0,6107.25,6049.25,6061.0,3160
2024-11-25,MESM5,42003627,6139.75,6166.5,6117.0,6117.0,52
2024-11-25,MESU5,42002651,6179.0,6179.0,6179.0,6179.0,1
2024-11-25,MESZ4,42034014,6009.0,6040.0,5982.5,5994.0,1025770
2024-11-25,MESZ4-MESH5,42024868,67.1,67.8,66.8,67.0,306
2024-11-25,MESZ4-MESM5,42028411,128.2,128.2,128.2,128.2,5
2024-11-25,MESZ5,42004164,6250.0,6260.0,6250.0,6260.0,2
2024-11-26,MESH5,42005347,6059.5,6112.0,6044.0,6107.25,2556
2024-11-26,MESM5,42003627,6114.0,6171.0,6106.75,6169.0,63
2024-11-26,MESU5,42002651,6170.0,6225.0,6150.0,6225.0,4
2024-11-26,MESZ4,42034014,5994.25,6044.0,5976.25,6040.5,705622
2024-11-26,MESZ4-MESH5,42024868,67.15,67.5,66.45,67.25,296
2024-11-26,MESZ4-MESM5,42028411,127.1,127.1,127.1,127.1,1
2024-11-26,MESZ5,42004164,6265.0,6265.0,6265.0,6265.0,1
2024-11-27,MESH5,42005347,6107.0,6113.5,6068.0,6087.25,2408
2024-11-27,MESM5,42003627,6173.0,6173.0,6130.5,6148.5,48
2024-11-27,MESU5,42002651,6200.0,6200.0,6200.0,6200.0,2
2024-11-27,MESZ4,42034014,6040.75,6047.0,6000.75,6020.0,707603
2024-11-27,MESZ4-MESH5,42024868,67.25,67.25,66.4,66.4,320
2024-11-27,MESZ5,42004164,6285.75,6285.75,6285.75,6285.75,1
2024-11-28,MESH5,42005347,6088.0,6099.5,6087.0,6097.25,481
2024-11-28,MESM5,42003627,6156.0,6156.0,6156.0,6156.0,1
2024-11-28,MESZ4,42034014,6020.0,6032.5,6019.5,6029.75,59228
2024-11-28,MESZ4-MESH5,42024868,67.15,67.15,66.9,66.9,24
2024-11-29,MESH5,42005347,6095.0,6127.25,6085.0,6115.0,2074
2024-11-29,MESM5,42003627,6160.5,6188.0,6148.0,6181.25,69
2024-11-29,MESZ4,42034014,6029.5,6060.0,6018.0,6051.5,338081
2024-11-29,MESZ4-MESH5,42024868,66.95,67.75,66.95,67.55,37
2024-12-01,MESH5,42005347,6115.75,6123.0,6111.75,6112.5,127
2024-12-01,MESM5,42003627,6188.25,6188.25,6188.25,6188.25,2
2024-12-01,MESZ4,42034014,6051.75,6054.5,6044.0,6045.5,14927
2024-12-01,MESZ4-MESH5,42024868,67.95,67.95,67.95,67.95,1
2024-12-02,MESH5,42005347,6114.5,6137.0,6103.25,6132.25,3003
2024-12-02,MESM5,42003627,6175.0,6196.75,6165.0,6193.75,85
2024-12-02,MESZ4,42034014,6045.75,6068.5,6035.5,6063.75,631551
2024-12-02,MESZ4-MESH5,42024868,67.5,68.25,67.5,67.85,139
2024-12-02,MESZ4-MESM5,42028411,129.1,129.4,129.1,129.4,7
2024-12-03,MESH5,42005347,6131.75,6138.5,6115.5,6137.0,2513
2024-12-03,MESM5,42003627,6190.5,6198.0,6177.0,6195.0,45
2024-12-03,MESZ4,42034014,6063.75,6070.75,6047.5,6069.25,560265
2024-12-03,MESZ4-MESH5,42024868,67.45,68.0,67.45,67.95,45
2024-12-03,MESZ4-MESM5,42028411,127.8,127.8,127.8,127.8,1
2024-12-04,MESH5,42005347,6137.0,6170.25,6133.0,6162.25,4863
2024-12-04,MESM5,42003627,6196.5,6230.0,6195.0,6227.0,108
2024-12-04,MESU5,42002651,6280.25,6283.0,6264.25,6283.0,4
2024-12-04,MESZ4,42034014,6069.25,6102.25,6065.0,6094.25,648043
2024-12-04,MESZ4-MESH5,42024868,67.75,68.6,67.75,68.55,90
2024-12-04,MESZ5,42004164,6329.0,6329.0,6329.0,6329.0,1
2024-12-05,MESH5,42005347,6161.5,6175.25,6148.0,6152.5,3917
2024-12-05,MESM5,42003627,6225.5,6236.0,6210.0,6210.25,50
2024-12-05,MESU5,42002651,6288.0,6288.0,6275.0,6275.0,3
2024-12-05,MESZ4,42034014,6094.0,6107.25,6079.5,6084.25,630597
2024-12-05,MESZ4-MESH5,42024868,68.35,68.35,67.9,68.2,62
2024-12-05,MESZ5,42004164,6305.25,6354.25,6305.25,6354.25,4
2024-12-06,MESH5,42005347,6150.75,6179.75,6145.25,6164.5,6084
2024-12-06,MESH5-MESM5,42013621,62.0,62.0,61.75,61.75,11
2024-12-06,MESM5,42003627,6211.5,6239.0,6211.5,6227.25,88
2024-12-06,MESZ4,42034014,6084.5,6113.0,6075.75,6096.75,644631
2024-12-06,MESZ4-MESH5,42024868,68.3,68.55,67.7,67.9,132
2024-12-08,MESH5,42005347,6166.5,6171.0,6163.0,6169.5,279
2024-12-08,MESZ4,42034014,6096.5,6103.0,6095.25,6101.25,10400
2024-12-08,MESZ4-MESH5,42024868,68.05,68.05,68.05,68.05,1
2024-12-09,MESH5,42005347,6168.5,6173.5,6127.5,6129.75,14641
2024-12-09,MESM5,42003627,6225.0,6230.0,6187.5,6187.5,92
2024-12-09,MESU5,42002651,6262.0,6262.0,6245.0,6246.25,4
2024-12-09,MESZ4,42034014,6101.25,6105.75,6059.75,6062.0,705125
2024-12-09,MESZ4-MESH5,42024868,68.1,68.4,67.0,67.75,393
2024-12-09,MESZ5,42004164,6327.0,6327.0,6316.0,6316.0,2
2024-12-10,MESH5,42005347,6129.5,6142.75,6107.0,6118.5,9624
2024-12-10,MESH5-MESM5,42013621,58.5,58.5,58.5,58.5,20
2024-12-10,MESM5,42003627,6187.0,6204.5,6168.0,6180.0,74
2024-12-10,MESU5,42002651,6232.0,6232.0,6232.0,6232.0,5
2024-12-10,MESZ4,42034014,6061.75,6075.25,6039.5,6051.25,675337
2024-12-10,MESZ4-MESH5,42024868,67.8,68.0,67.2,67.25,569
2024-12-11,MESH5,42005347,6118.5,6170.0,6112.75,6153.0,10801
2024-12-11,MESM5,42003627,6177.0,6228.5,6172.75,6212.25,154
2024-12-11,MESU5,42002651,6245.0,6245.0,6245.0,6245.0,1
2024-12-11,MESZ4,42034014,6051.5,6102.5,6045.5,6086.75,628247
2024-12-11,MESZ4-MESH5,42024868,67.0,67.9,66.95,66.95,591
2024-12-12,MESH5,42005347,6153.25,6165.0,6122.5,6133.25,21561
2024-12-12,MESM5,42003627,6213.0,6213.5,6182.5,6190.5,132
2024-12-12,MESU5,42002651,6240.0,6240.0,6240.0,6240.0,1
2024-12-12,MESZ4,42034014,6086.75,6088.0,6054.75,6065.5,877324
2024-12-12,MESZ4-MESH5,42024868,66.9,67.65,66.85,67.05,863
2024-12-13,MESH5,42005347,6132.5,6153.5,6110.25,6121.25,58664
2024-12-13,MESH5-MESM5,42013621,58.2,58.2,57.6,57.6,8
2024-12-13,MESM5,42003627,6195.25,6211.0,6170.5,6177.75,160
2024-12-13,MESU5,42002651,6255.0,6255.0,6240.0,6240.0,2
2024-12-13,MESZ4,42034014,6065.75,6085.25,6041.25,6051.0,734234
2024-12-13,MESZ4-MESH5,42024868,67.4,70.45,67.4,70.4,9877
2024-12-13,MESZ4-MESM5,42028411,128.5,128.5,128.5,128.5,2
2024-12-13,MESZ5,42004164,6284.0,6284.0,6284.0,6284.0,1
2024-12-15,MESH5,42005347,6124.25,6129.5,6122.25,6127.5,4753
2024-12-15,MESM5,42003627,6178.75,6186.5,6178.75,6185.25,10
2024-12-15,MESZ4,42034014,6055.25,6059.0,6051.75,6057.0,4719
2024-12-15,MESZ4-MESH5,42024868,70.5,70.75,70.4,70.6,128
2024-12-16,MESH5,42005347,6127.5,6163.75,6126.5,6146.5,393289
2024-12-16,MESH5-MESM5,42013621,57.4,60.25,56.15,60.25,44
2024-12-16,MESM5,42003627,6188.0,6222.0,6185.25,6204.75,215
2024-12-16,MESU5,42002651,6229.75,6279.25,6229.75,6273.75,7
2024-12-16,MESZ4,42034014,6057.0,6090.75,6055.75,6073.5,242887
2024-12-16,MESZ4-MESH5,42024868,70.6,74.0,70.35,73.0,30546
2024-12-16,MESZ4-MESM5,42028411,125.25,130.0,125.25,130.0,2
2024-12-17,MESH5,42005347,6146.5,6152.75,6113.0,6123.5,634445
2024-12-17,MESM5,42003627,6208.25,6210.75,6174.0,6177.5,237
2024-12-17,MESU5,42002651,6270.0,6270.0,6270.0,6270.0,1
2024-12-17,MESZ4,42034014,6073.5,6079.5,6040.0,6050.0,158440
2024-12-17,MESZ4-MESH5,42024868,72.95,75.25,72.9,73.4,15585
2024-12-17,MESZ4-MESM5,42028411,133.4,133.4,133.4,133.4,1
2024-12-18,MESH5,42005347,6123.75,6148.25,5907.0,5941.25,1309103
2024-12-18,MESH5-MESM5,42013621,59.25,60.95,57.0,58.2,31
2024-12-18,MESM5,42003627,6184.0,6206.75,5965.0,6000.75,2506
2024-12-18,MESU5,42002651,6180.0,6180.0,6055.0,6055.0,3
2024-12-18,MESZ4,42034014,6049.75,6074.75,5839.5,5876.0,204393
2024-12-18,MESZ4-MESH5,42024868,73.6,74.6,64.9,65.25,7020
2024-12-18,MESZ4-MESM5,42028411,133.4,133.4,128.5,128.5,13
2024-12-18,MESZ5,42004164,6326.0,6326.0,6099.0,6103.25,4
2024-12-19,MESH5,42005347,5941.25,6005.5,5931.25,5934.25,1106090
2024-12-19,MESH5-MESM5,42013621,57.05,60.2,56.05,56.05,68
2024-12-19,MESM5,42003627,5999.5,6059.0,5989.0,5990.25,1702
2024-12-19,MESU5,42002651,6075.0,6075.0,6045.0,6045.0,8
2024-12-19,MESZ4,42034014,5876.25,5938.0,5865.0,5869.5,153506
2024-12-19,MESZ4-MESH5,42024868,65.35,68.65,64.1,65.0,7105
2024-12-19,MESZ4-MESM5,42028411,123.5,125.75,123.5,125.75,8
2024-12-19,MESZ5,42004164,6121.75,6121.75,6121.75,6121.75,1
2024-12-20,MESH5,42005347,5934.25,6050.75,5865.75,5996.5,1271118
2024-12-20,MESH5-MESM5,42013621,56.5,57.55,55.65,57.55,87
2024-12-20,MESH6,42003800,6239.5,6239.75,6239.5,6239.75,2
2024-12-20,MESM5,42003627,5992.75,6107.5,5922.25,6052.5,1706
2024-12-20,MESU5,42002651,6020.0,6145.25,5985.0,6145.25,28
2024-12-20,MESZ4,42034014,5870.5,5873.0,5801.0,5844.5,19844
2024-12-20,MESZ4-MESH5,42024868,64.6,66.75,63.2,64.0,981
2024-12-20,MESZ4-MESM5,42028411,121.75,121.75,121.75,121.75,5
2024-12-22,MESH5,42005347,6002.0,6026.25,6002.0,6021.25,22015
2024-12-22,MESM5,42003627,6079.75,6083.0,6075.0,6078.0,29
2024-12-23,MESH5,42005347,6021.25,6043.0,5965.0,6036.0,913504
2024-12-23,MESH5-MESM5,42013621,56.8,57.5,56.8,57.5,34
2024-12-23,MESM5,42003627,6077.0,6100.5,6021.75,6098.25,1059
2024-12-23,MESU5,42002651,6130.0,6150.0,6129.0,6150.0,9
2024-12-24,MESH5,42005347,6036.25,6099.5,6030.0,6099.0,330015
2024-12-24,MESH5-MESM5,42013621,57.95,57.95,57.95,57.95,1
2024-12-24,MESM5,42003627,6090.0,6157.75,6088.0,6156.0,574
2024-12-25,MESH5,42005347,6099.0,6102.75,6096.0,6097.5,8060
2024-12-25,MESH5-MESM5,42013621,58.8,58.8,58.7,58.7,16
2024-12-25,MESM5,42003627,6155.5,6160.0,6154.25,6157.0,15
2024-12-26,MESH5,42005347,6097.5,6107.5,6062.0,6095.0,587123
2024-12-26,MESH5-MESM5,42013621,58.65,58.65,58.45,58.45,3
2024-12-26,MESM5,42003627,6156.0,6165.75,6122.0,6153.0,826
2024-12-26,MESU5,42002651,6214.5,6214.5,6214.5,6214.5,1
2024-12-26,MESZ5,42004164,6274.0,6283.0,6274.0,6278.75,6
2024-12-27,MESH5,42005347,6094.75,6095.0,5982.75,6029.0,1090932
2024-12-27,MESH5-MESM5,42013621,58.25,58.25,56.7,56.9,64
2024-12-27,MESH5-MESU5,42008830,117.35,117.35,117.35,117.35,1
2024-12-27,MESM5,42003627,6145.0,6146.5,6038.5,6087.5,1439
2024-12-27,MESU5,42002651,6198.25,6198.25,6100.0,6150.25,9
2024-12-27,MESZ5,42004164,6188.5,6191.5,6149.25,6191.5,8
2024-12-29,MESH5,42005347,6028.5,6035.5,6017.25,6024.75,16254
2024-12-29,MESH5-MESM5,42013621,56.65,56.65,56.45,56.45,3
2024-12-29,MESM5,42003627,6083.0,6085.25,6074.25,6081.0,23
2024-12-30,MESH5,42005347,6024.75,6027.5,5918.25,5953.5,930564
2024-12-30,MESH5-MESM5,42013621,56.2,56.2,55.55,56.15,150
2024-12-30,MESH6,42003800,6200.0,6200.0,6200.0,6200.0,1
2024-12-30,MESM5,42003627,6081.0,6081.5,5974.25,6006.75,1450
2024-12-30,MESU5,42002651,6130.0,6130.0,6036.75,6062.0,7
2024-12-30,MESZ5,42004164,6075.0,6075.0,6075.0,6075.0,1
2024-12-31,MESH5,42005347,5953.0,5983.5,5916.5,5938.25,959695
2024-12-31,MESH5-MESM5,42013621,55.8,56.7,55.4,55.4,20
2024-12-31,MESM5,42003627,6010.0,6039.75,5974.0,5995.0,1573
2024-12-31,MESU5,42002651,6081.5,6081.5,6081.5,6081.5,1
2025-01-01,MESH5,42005347,5947.0,5955.5,5933.25,5939.5,18245
2025-01-01,MESM5,42003627,6003.75,6010.0,5990.75,5990.75,33
2025-01-01,MESU5,42002651,6071.5,6071.5,6052.25,6052.25,3
2025-01-02,MESH5,42005347,5939.0,5995.25,5874.75,5914.75,1189912
2025-01-02,MESH5-MESM5,42013621,55.45,55.7,54.55,55.35,152
2025-01-02,MESH5-MESU5,42008830,107.95,107.95,107.95,107.95,1
2025-01-02,MESM5,42003627,5992.0,6051.0,5930.0,5968.5,2755
2025-01-02,MESU5,42002651,6081.5,6100.0,5985.0,6030.0,37
2025-01-03,MESH5,42005347,5915.0,5996.75,5913.0,5985.75,764308
2025-01-03,MESH5-MESM5,42013621,55.35,55.95,55.15,55.85,112
2025-01-03,MESH5-MESU5,42008830,108.95,109.0,107.0,109.0,4
2025-01-03,MESH6,42003800,6215.0,6215.0,6215.0,6215.0,1
2025-01-03,MESM5,42003627,5978.0,6052.0,5978.0,6040.0,1026
2025-01-03,MESU5,42002651,6077.75,6097.5,6077.75,6097.5,6
2025-01-03,MESZ5,42004164,6145.0,6145.0,6145.0,6145.0,1
2025-01-05,MESH5,42005347,5993.0,5996.0,5986.0,5990.75,11062
2025-01-05,MESH5-MESM5,42013621,55.3,55.3,55.3,55.3,5
2025-01-05,MESM5,42003627,6045.25,6050.25,6044.0,6044.0,19
2025-01-06,MESH5,42005347,5991.0,6068.25,5980.75,6025.75,910216
2025-01-06,MESH5-MESM5,42013621,55.65,56.5,55.65,56.35,35
2025-01-06,MESM5,42003627,6048.0,6124.5,6038.0,6082.25,1489
2025-01-06,MESU5,42002651,6103.0,6178.0,6092.0,6135.0,37
2025-01-06,MESZ5,42004164,6230.0,6230.0,6230.0,6230.0,1
2025-01-07,MESH5,42005347,6025.5,6045.5,5935.0,5958.0,1308727
2025-01-07,MESH5-MESM5,42013621,56.8,56.8,56.0,56.0,3
2025-01-07,MESH5-MESU5,42008830,111.0,111.0,111.0,111.0,1
2025-01-07,MESM5,42003627,6082.0,6101.5,5991.0,6014.0,1497
2025-01-07,MESU5,42002651,6135.0,6140.0,6059.0,6064.0,26
2025-01-08,MESH5,42005347,5958.0,5975.0,5917.0,5949.5,1142263
2025-01-08,MESH5-MESM5,42013621,55.85,55.85,55.25,55.25,104
2025-01-08,MESH5-MESU5,42008830,110.0,110.0,110.0,110.0,1
2025-01-08,MESH6,42003800,6179.0,6179.0,6179.0,6179.0,1
2025-01-08,MESM5,42003627,6014.5,6031.25,5975.0,6006.25,1882
2025-01-08,MESU5,42002651,6077.75,6077.75,6028.0,6069.25,54
2025-01-08,MESZ5,42004164,6127.0,6127.0,6127.0,6127.0,1
2025-01-09,MESH5,42005347,5949.5,5957.25,5926.25,5930.5,135691
2025-01-09,MESH5-MESM5,42013621,55.3,55.3,55.3,55.3,4
2025-01-09,MESM5,42003627,6004.75,6011.0,5983.5,5986.0,224
2025-01-09,MESU5,42002651,6058.0,6065.0,6050.0,6050.0,8
2025-01-10,MESH5,42005347,5930.75,5959.5,5845.0,5861.25,1254924
2025-01-10,MESH5-MESM5,42013621,55.15,55.95,54.4,54.65,196
2025-01-10,MESM5,42003627,5986.25,6013.0,5900.25,5916.0,2209
2025-01-10,MESU5,42002651,6041.75,6065.0,5956.0,5970.0,80
2025-01-10,MESZ5,42004164,6053.75,6053.75,6009.0,6009.0,5
2025-01-12,MESH5,42005347,5864.5,5867.5,5848.0,5860.0,23561
2025-01-12,MESH5-MESM5,42013621,54.5,54.5,54.5,54.5,5
2025-01-12,MESM5,42003627,5925.0,5925.0,5904.75,5917.0,80
2025-01-13,MESH5,42005347,5859.75,5901.25,5809.0,5892.75,1136709
2025-01-13,MESH5-MESM5,42013621,54.85,54.95,54.3,54.95,71
2025-01-13,MESM5,42003627,5914.5,5956.75,5864.0,5948.0,1727
2025-01-13,MESU5,42002651,5965.0,6010.0,5923.5,6001.25,68
2025-01-13,MESZ5,42004164,6000.0,6000.0,5970.0,5970.0,5
2025-01-14,MESH5,42005347,5892.25,5918.75,5842.25,5886.5,1274820
2025-01-14,MESH5-MESM5,42013621,55.5,56.0,55.25,55.8,47
2025-01-14,MESH6,42003800,6092.0,6092.0,6083.0,6083.0,2
2025-01-14,MESM5,42003627,5948.0,5974.75,5898.0,5941.5,1854
2025-01-14,MESU5,42002651,6010.75,6010.75,5955.0,6000.0,57
2025-01-15,MESH5,42005347,5886.5,6001.25,5879.5,5994.25,955424
2025-01-15,MESH5-MESM5,42013621,54.25,56.25,54.25,56.15,65
2025-01-15,MESH6,42003800,6216.75,6216.75,6216.75,6216.75,2
2025-01-15,MESM5,42003627,5940.0,6056.5,5936.0,6050.75,1243
2025-01-15,MESU5,42002651,5992.5,6109.0,5992.5,6101.5,68
2025-01-15,MESZ5,42004164,6141.75,6156.5,6140.0,6156.5,6
2025-01-16,MESH5,42005347,5994.25,6017.5,5962.0,5974.5,1094914
2025-01-16,MESH5-MESM5,42013621,56.3,56.75,55.65,55.7,48
2025-01-16,MESH6,42003800,6202.25,6203.75,6202.25,6203.5,4
2025-01-16,MESM5,42003627,6051.0,6073.5,6018.0,6029.25,1228
2025-01-16,MESU5,42002651,6107.75,6110.0,6084.5,6100.0,39
2025-01-16,MESZ5,42004164,6152.75,6152.75,6148.5,6148.5,2
2025-01-17,MESH5,42005347,5974.25,6051.75,5972.0,6032.5,909544
2025-01-17,MESH5-MESM5,42013621,56.05,57.0,56.05,56.7,28
2025-01-17,MESH6,42003800,6241.0,6270.5,6241.0,6270.5,6
2025-01-17,MESM5,42003627,6027.75,6108.5,6027.75,6089.0,1319
2025-01-17,MESU5,42002651,6103.25,6162.25,6103.25,6141.25,72
2025-01-17,MESZ5,42004164,6190.25,6202.0,6190.25,6202.0,7
2025-01-19,MESH5,42005347,6032.5,6038.75,6020.25,6023.5,16065
2025-01-19,MESH5-MESM5,42013621,56.5,56.5,56.5,56.5,2
2025-01-19,MESH6,42003800,6271.75,6271.75,6271.75,6271.75,1
2025-01-19,MESM5,42003627,6090.75,6094.25,6077.0,6078.5,36
2025-01-19,MESU5,42002651,6147.5,6147.5,6133.5,6133.5,8
2025-01-19,MESZ5,42004164,6204.75,6204.75,6204.75,6204.75,1
2025-01-20,MESH5,42005347,6023.75,6078.0,6018.75,6068.0,274732
2025-01-20,MESH5-MESM5,42013621,57.0,57.1,56.9,56.9,44
2025-01-20,MESH6,42003800,6270.75,6270.75,6270.75,6270.75,1
2025-01-20,MESM5,42003627,6080.75,6134.0,6076.0,6124.0,726
2025-01-20,MESU5,42002651,6133.75,6181.75,6133.75,6173.25,17
2025-01-20,MESZ5,42004164,6200.0,6200.0,6200.0,6200.0,3
2025-01-21,MESH5,42005347,6068.0,6099.5,5994.5,6096.5,812475
2025-01-21,MESH5-MESM5,42013621,56.85,57.75,56.7,57.75,56
2025-01-21,MESM5,42003627,6124.0,6156.0,6054.25,6154.5,1612
2025-01-21,MESU5,42002651,6171.75,6209.75,6139.75,6209.75,99
2025-01-21,MESZ5,42004164,6262.0,6262.0,6262.0,6262.0,1
2025-01-22,MESH5,42005347,6096.5,6135.5,6095.25,6116.0,655218
2025-01-22,MESH5-MESM5,42013621,58.0,58.65,57.5,58.5,24
2025-01-22,MESM5,42003627,6154.25,6193.25,6154.25,6174.75,1213
2025-01-22,MESU5,42002651,6209.75,6249.0,6209.75,6231.75,98
2025-01-22,MESZ5,42004164,6288.0,6288.0,6288.0,6288.0,1
2025-01-23,MESH5,42005347,6116.25,6153.75,6101.5,6147.75,681770
2025-01-23,MESH5-MESM5,42013621,58.6,58.6,58.15,58.6,16
2025-01-23,MESM5,42003627,6174.25,6213.5,6159.75,6206.25,898
2025-01-23,MESU5,42002651,6232.0,6250.25,6224.0,6245.25,55
2025-01-24,MESH5,42005347,6148.0,6163.0,6122.0,6131.75,734181
2025-01-24,MESH5-MESM5,42013621,58.7,58.8,58.35,58.7,30
2025-01-24,MESM5,42003627,6206.0,6225.0,6181.5,6189.75,1096
2025-01-24,MESU5,42002651,6261.25,6278.5,6237.75,6237.75,111
2025-01-26,MESH5,42005347,6106.5,6106.5,6098.75,6103.25,29986
2025-01-26,MESH5-MESM5,42013621,58.35,58.35,58.05,58.05,2
2025-01-26,MESM5,42003627,6162.0,6163.0,6157.5,6162.0,78
2025-01-26,MESU5,42002651,6218.75,6218.75,6218.75,6218.75,1
2025-01-27,MESH5,42005347,6103.25,6104.0,5948.0,6052.5,1515308
2025-01-27,MESH5-MESM5,42013621,57.7,58.25,55.85,57.2,173
2025-01-27,MESM5,42003627,6159.0,6159.0,6005.0,6108.5,2812
2025-01-27,MESU5,42002651,6210.5,6212.0,6067.5,6156.25,168
2025-01-27,MESZ5,42004164,6180.0,6180.0,6180.0,6180.0,2
2025-01-28,MESH5,42005347,6052.5,6105.5,6023.5,6087.5,955301
2025-01-28,MESH5-MESM5,42013621,57.45,57.45,55.9,55.9,159
2025-01-28,MESM5,42003627,6107.75,6162.5,6082.75,6144.75,1193
2025-01-28,MESU5,42002651,6156.25,6207.0,6137.5,6199.0,82
2025-01-29,MESH5,42005347,6087.75,6111.25,6042.25,6068.75,1000178
2025-01-29,MESH5-MESM5,42013621,57.35,57.7,57.15,57.6,161
2025-01-29,MESM5,42003627,6144.0,6166.75,6099.25,6126.25,1493
2025-01-29,MESU5,42002651,6201.0,6222.75,6157.0,6180.25,50
2025-01-30,MESH5,42005347,6068.75,6116.25,6056.25,6109.25,1139838
2025-01-30,MESH5-MESM5,42013621,57.3,58.4,55.5,55.5,131
2025-01-30,MESM5,42003627,6130.0,6174.25,6113.75,6165.75,1789
2025-01-30,MESU5,42002651,6189.25,6228.5,6172.0,6213.5,68
2025-01-31,MESH5,42005347,6109.0,6147.75,6057.75,6065.5,1223794
2025-01-31,MESH5-MESM5,42013621,58.0,58.6,57.65,57.65,59
2025-01-31,MESM5,42003627,6163.25,6206.5,6115.5,6122.5,1823
2025-01-31,MESU5,42002651,6230.5,6258.75,6172.0,6172.0,80
2025-01-31,MESZ5,42004164,6307.0,6307.0,6307.0,6307.0,4
2025-02-02,MESH5,42005347,6009.0,6009.0,5940.25,5968.25,83851
2025-02-02,MESH5-MESM5,42013621,57.0,57.0,54.1,56.65,25
2025-02-02,MESM5,42003627,6059.25,6059.25,5998.5,6025.25,591
2025-02-02,MESU5,42002651,6139.75,6139.75,6050.25,6079.25,34
2025-02-03,MESH5,42005347,5967.75,6067.75,5935.5,6057.0,1415576
2025-02-03,MESH5-MESM5,42013621,56.35,57.6,55.8,57.45,71
2025-02-03,MESH6,42003800,6182.25,6182.25,6182.25,6182.25,1
2025-02-03,MESM5,42003627,6026.25,6126.0,5991.5,6113.25,2803
2025-02-03,MESM5-MESU5,42006431,53.25,53.25,53.25,53.25,1
2025-02-03,MESU5,42002651,6084.25,6173.5,6046.5,6171.75,313
2025-02-03,MESZ5,42004164,6119.25,6200.0,6119.25,6200.0,3
2025-02-04,MESH5,42005347,6056.75,6069.0,5987.0,6042.25,899268
2025-02-04,MESH5-MESM5,42013621,57.25,58.05,56.6,58.05,283
2025-02-04,MESH6,42003800,6241.5,6279.25,6238.25,6279.25,6
2025-02-04,MESM5,42003627,6110.0,6126.25,6044.25,6100.0,1830
2025-02-04,MESU5,42002651,6163.0,6180.0,6100.0,6156.25,169
2025-02-04,MESZ5,42004164,6222.5,6246.0,6213.0,6213.0,8
2025-02-05,MESH5,42005347,6042.5,6092.0,6020.0,6090.0,868329
2025-02-05,MESH5-MESM5,42013621,57.6,58.25,57.6,58.0,195
2025-02-05,MESM5,42003627,6099.5,6150.0,6079.25,6148.25,1397
2025-02-05,MESU5,42002651,6153.25,6204.25,6139.75,6203.5,87
2025-02-05,MESZ5,42004164,6250.0,6250.0,6250.0,6250.0,2
2025-02-06,MESH5,42005347,6090.25,6108.5,6070.0,6100.5,763811
2025-02-06,MESH5-MESM5,42013621,58.4,58.4,57.85,58.1,78
2025-02-06,MESM5,42003627,6149.75,6166.75,6128.75,6157.0,1410
2025-02-06,MESU5,42002651,6207.5,6221.0,6192.5,6213.0,86
2025-02-06,MESZ5,42004164,6250.25,6269.5,6250.0,6250.0,6
2025-02-07,MESH5,42005347,6100.5,6123.25,6041.25,6050.0,1152023
2025-02-07,MESH5-MESM5,42013621,58.25,58.55,57.5,57.85,54
2025-02-07,MESM5,42003627,6159.25,6181.25,6099.0,6107.5,2062
2025-02-07,MESU5,42002651,6224.0,6236.0,6157.75,6163.0,178
2025-02-09,MESH5,42005347,6016.5,6061.0,6011.5,6059.75,35204
2025-02-09,MESH5-MESM5,42013621,57.65,57.65,57.3,57.5,96
2025-02-09,MESM5,42003627,6075.5,6117.5,6072.25,6116.5,266
2025-02-09,MESU5,42002651,6147.0,6172.5,6130.0,6172.5,9
2025-02-10,MESH5,42005347,6059.75,6096.0,6057.5,6077.25,719316
2025-02-10,MESH5-MESM5,42013621,59.0,59.5,58.0,58.0,3
2025-02-10,MESM5,42003627,6120.0,6153.5,6117.0,6135.0,1188
2025-02-10,MESU5,42002651,6175.0,6207.5,6175.0,6202.0,33
2025-02-10,MESZ5,42004164,6250.0,6250.0,6250.0,6250.0,1
2025-02-11,MESH5,42005347,6077.0,6098.5,6057.75,6092.5,759485
2025-02-11,MESH5-MESM5,42013621,58.05,58.25,58.0,58.0,17
2025-02-11,MESH6,42003800,6312.5,6312.5,6312.5,6312.5,1
2025-02-11,MESM5,42003627,6132.0,6156.5,6116.75,6152.75,1077
2025-02-11,MESU5,42002651,6194.75,6209.5,6175.0,6205.5,75
2025-02-11,MESZ5,42004164,6262.0,6262.0,6262.0,6262.0,2
2025-02-12,MESH5,42005347,6092.5,6098.25,6020.75,6084.25,1111142
2025-02-12,MESH5-MESM5,42013621,58.25,58.9,57.6,58.1,173
2025-02-12,MESM5,42003627,6150.75,6154.75,6079.0,6141.75,2187
2025-02-12,MESU5,42002651,6208.5,6208.5,6140.0,6191.5,114
2025-02-13,MESH5,42005347,6084.0,6138.0,6053.5,6133.5,988445
2025-02-13,MESH5-MESM5,42013621,58.15,58.7,58.15,58.7,75
2025-02-13,MESH6,42003800,6370.25,6370.25,6356.0,6356.0,2
2025-02-13,MESM5,42003627,6141.5,6196.5,6112.25,6193.5,2259
2025-02-13,MESU5,42002651,6198.5,6251.0,6170.0,6251.0,73
2025-02-13,MESZ5,42004164,6286.75,6308.75,6286.75,6308.75,5
2025-02-14,MESH5,42005347,6133.75,6147.0,6121.25,6133.75,680426
2025-02-14,MESH5-MESM5,42013621,59.0,59.0,58.4,58.55,120
2025-02-14,MESM5,42003627,6194.0,6205.5,6180.5,6194.75,1464
2025-02-14,MESU5,42002651,6252.0,6261.0,6238.0,6246.0,32
2025-02-14,MESZ5,42004164,6309.5,6309.5,6309.5,6309.5,2
2025-02-16,MESH5,42005347,6138.25,6138.75,6131.0,6134.5,9019
2025-02-16,MESH5-MESM5,42013621,58.45,58.45,58.45,58.45,5
2025-02-16,MESH6,42003800,6358.75,6358.75,6358.75,6358.75,1
2025-02-16,MESM5,42003627,6193.75,6194.25,6189.25,6194.25,170
2025-02-16,MESU5,42002651,6249.75,6251.0,6249.5,6251.0,3
2025-02-17,MESH5,42005347,6134.5,6147.5,6132.75,6141.5,109309
2025-02-17,MESH5-MESM5,42013621,58.6,58.6,58.6,58.6,1
2025-02-17,MESM5,42003627,6194.0,6205.5,6194.0,6196.0,428
2025-02-17,MESU5,42002651,6251.0,6264.25,6250.75,6264.25,39
2025-02-17,MESZ5,42004164,6304.75,6304.75,6304.75,6304.75,1
2025-02-18,MESH5,42005347,6141.5,6157.75,6118.25,6149.75,727158
2025-02-18,MESH5-MESM5,42013621,58.65,58.85,58.55,58.8,7
2025-02-18,MESM5,42003627,6200.5,6216.5,6177.0,6208.5,1932
2025-02-18,MESU5,42002651,6254.25,6275.0,6235.75,6265.75,82
2025-02-18,MESZ5,42004164,6316.5,6316.5,6316.5,6316.5,1
2025-02-19,MESH5,42005347,6149.5,6166.25,6128.25,6155.25,735297
2025-02-19,MESH5-MESM5,42013621,58.5,58.8,58.45,58.8,33
2025-02-19,MESM5,42003627,6208.75,6225.0,6187.0,6213.5,1984
2025-02-19,MESU5,42002651,6265.75,6280.0,6248.0,6270.0,46
2025-02-19,MESZ5,42004164,6319.25,6319.25,6319.25,6319.25,2
2025-02-20,MESH5,42005347,6155.0,6157.5,6102.75,6137.75,954369
2025-02-20,MESH5-MESM5,42013621,58.7,58.7,58.2,58.4,58
2025-02-20,MESM5,42003627,6212.5,6215.25,6161.5,6196.25,2676
2025-02-20,MESU5,42002651,6262.25,6266.25,6220.0,6249.25,85
2025-02-21,MESH5,42005347,6137.25,6142.5,6024.75,6029.75,1260637
2025-02-21,MESH5-MESM5,42013621,58.05,58.4,56.6,57.2,103
2025-02-21,MESM5,42003627,6195.0,6200.5,6081.75,6083.75,3721
2025-02-21,MESU5,42002651,6251.25,6254.5,6139.0,6142.0,124
2025-02-21,MESZ5,42004164,6260.0,6260.0,6215.75,6215.75,6
2025-02-23,MESH5,42005347,6039.25,6052.5,6033.75,6050.5,26458
2025-02-23,MESH5-MESM5,42013621,56.8,56.9,56.75,56.9,24
2025-02-23,MESM5,42003627,6087.25,6109.0,6087.25,6108.5,199
2025-02-23,MESU5,42002651,6148.0,6164.75,6146.5,6162.25,21
2025-02-24,MESH5,42005347,6050.5,6067.5,5994.25,5999.0,1287285
2025-02-24,MESH5-MESM5,42013621,57.0,57.2,56.65,56.85,135
2025-02-24,MESM5,42003627,6107.0,6124.5,6051.0,6057.25,3813
2025-02-24,MESU5,42002651,6163.25,6178.0,6108.0,6110.0,194
2025-02-24,MESZ5,42004164,6230.0,6230.0,6230.0,6230.0,2
2025-02-25,MESH5,42005347,5999.25,6016.0,5924.0,5985.75,1671643
2025-02-25,MESH5-MESM5,42013621,56.8,57.25,55.75,56.4,151
2025-02-25,MESH5-MESZ5,42010278,162.7,162.7,162.7,162.7,1
2025-02-25,MESM5,42003627,6058.25,6072.5,5980.0,6041.0,5947
2025-02-25,MESM5-MESU5,42006431,54.0,54.0,54.0,54.0,1
2025-02-25,MESU5,42002651,6116.25,6127.25,6032.75,6094.25,316
2025-02-25,MESZ5,42004164,6150.0,6150.0,6117.0,6117.0,3
2025-02-26,MESH5,42005347,5985.5,6023.75,5945.5,5978.25,1453864
2025-02-26,MESH5-MESM5,42013621,56.25,59.0,56.25,57.0,298
2025-02-26,MESH5-MESU5,42008830,110.1,110.1,110.1,110.1,6
2025-02-26,MESH6,42003800,6235.5,6250.0,6235.5,6238.25,3
2025-02-26,MESM5,42003627,6042.0,6080.75,6002.25,6034.0,5209
2025-02-26,MESU5,42002651,6096.0,6132.5,6060.0,6084.0,320
2025-02-26,MESZ5,42004164,6180.0,6180.0,6131.0,6131.0,3
2025-02-27,MESH5,42005347,5978.25,6014.5,5872.75,5887.5,1828124
2025-02-27,MESH5-MESH6,42009224,224.0,224.0,224.0,224.0,2
2025-02-27,MESH5-MESM5,42013621,57.2,57.45,55.85,56.0,509
2025-02-27,MESH5-MESU5,42008830,110.0,110.0,110.0,110.0,7
2025-02-27,MESH5-MESZ5,42010278,161.35,163.0,161.35,163.0,5
2025-02-27,MESM5,42003627,6034.75,6071.0,5928.75,5943.5,8083
2025-02-27,MESU5,42002651,6083.0,6123.5,5986.5,5998.0,363
2025-02-27,MESZ5,42004164,6100.0,6100.0,6080.0,6080.0,6
2025-02-28,MESH5,42005347,5887.5,5971.25,5847.75,5957.75,1821251
2025-02-28,MESH5-MESM5,42013621,55.95,56.6,55.0,56.4,574
2025-02-28,MESH5-MESU5,42008830,108.5,108.5,108.5,108.5,5
2025-02-28,MESH6,42003800,6088.5,6088.5,6088.5,6088.5,1
2025-02-28,MESM5,42003627,5943.75,6026.5,5903.25,6017.75,8450
2025-02-28,MESU5,42002651,5999.0,6077.5,5957.75,6068.0,433
2025-02-28,MESZ5,42004164,6025.75,6026.0,6025.75,6026.0,3
2025-03-02,MESH5,42005347,5967.5,5984.5,5964.75,5974.25,31274
2025-03-02,MESH5-MESM5,42013621,56.2,56.8,56.0,56.45,24
2025-03-02,MESH5-MESZ5,42010278,163.0,163.0,163.0,163.0,2
2025-03-02,MESM5,42003627,6016.5,6041.0,6016.5,6030.25,427
2025-03-02,MESU5,42002651,6080.0,6092.0,6079.75,6081.25,35
2025-03-03,MESH5,42005347,5974.5,6000.5,5821.75,5870.5,1893812
2025-03-03,MESH5-MESM5,42013621,56.45,56.8,54.5,55.25,170
2025-03-03,MESH5-MESU5,42008830,107.5,109.35,107.5,109.35,8
2025-03-03,MESH5-MESZ5,42010278,163.1,163.1,163.1,163.1,1
2025-03-03,MESH6,42003800,6050.0,6050.0,6050.0,6050.0,1
2025-03-03,MESM5,42003627,6031.0,6056.25,5877.0,5925.5,9428
2025-03-03,MESM5-MESU5,42006431,54.0,54.0,54.0,54.0,1
2025-03-03,MESU5,42002651,6085.0,6110.0,5929.75,5976.0,386
2025-03-03,MESZ5,42004164,6077.0,6077.0,6000.0,6000.0,4
2025-03-04,MESH5,42005347,5870.25,5884.25,5741.5,5834.0,2146432
2025-03-04,MESH5-MESM5,42013621,54.95,55.0,53.0,54.55,682
2025-03-04,MESH5-MESZ5,42010278,150.3,150.3,149.3,149.3,3
2025-03-04,MESM5,42003627,5925.75,5939.75,5797.5,5888.0,13701
2025-03-04,MESU5,42002651,5977.0,5990.0,5847.75,5939.25,876
2025-03-04,MESZ5,42004164,5981.25,5985.0,5980.0,5985.0,5
2025-03-05,MESH5,42005347,5834.25,5869.75,5750.75,5845.0,1764049
2025-03-05,MESH5-MESM5,42013621,54.5,54.9,53.6,54.7,372
2025-03-05,MESH5-MESU5,42008830,106.65,106.65,106.5,106.5,7
2025-03-05,MESM5,42003627,5888.75,5924.0,5804.75,5900.25,28995
2025-03-05,MESU5,42002651,5940.25,5973.5,5857.0,5950.0,360
2025-03-05,MESZ5,42004164,5985.75,5999.0,5985.75,5999.0,7
2025-03-06,MESH5,42005347,5845.0,5850.75,5720.0,5765.0,1931294
2025-03-06,MESH5-MESM5,42013621,54.45,54.65,52.7,53.25,491
2025-03-06,MESH5-MESU5,42008830,103.0,103.0,102.0,102.0,6
2025-03-06,MESH6,42003800,5929.5,5929.5,5929.5,5929.5,1
2025-03-06,MESM5,42003627,5897.25,5905.0,5772.5,5818.0,33048
2025-03-06,MESU5,42002651,5952.0,5956.75,5822.5,5866.0,338
2025-03-06,MESZ5,42004164,6007.5,6011.0,5880.0,5902.75,9
2025-03-07,MESH5,42005347,5765.0,5791.25,5673.0,5772.5,1822914
2025-03-07,MESH5-MESM5,42013621,53.4,53.9,51.0,53.7,257
2025-03-07,MESH6,42003800,5900.0,5900.0,5900.0,5900.0,1
2025-03-07,MESM5,42003627,5819.0,5844.5,5725.25,5826.75,41802
2025-03-07,MESU5,42002651,5868.0,5892.5,5775.0,5875.0,459
2025-03-07,MESZ5,42004164,5920.0,5926.5,5920.0,5920.0,9
2025-03-09,MESH5,42005347,5753.75,5754.75,5710.25,5733.25,68374
2025-03-09,MESH5-MESM5,42013621,54.9,54.9,52.5,53.0,15
2025-03-09,MESM5,42003627,5815.0,5815.0,5763.0,5786.0,3043
2025-03-09,MESU5,42002651,5840.0,5845.0,5820.5,5837.0,72
2025-03-10,MESH5,42005347,5733.25,5757.25,5571.25,5602.0,2240263
2025-03-10,MESH5-MESH6,42009224,193.0,193.0,193.0,193.0,4
2025-03-10,MESH5-MESM5,42013621,52.95,53.45,50.45,50.95,556
2025-03-10,MESH5-MESU5,42008830,102.0,102.0,100.65,100.65,2
2025-03-10,MESH6,42003800,5870.0,5870.0,5813.5,5813.5,5
2025-03-10,MESM5,42003627,5785.25,5810.25,5621.75,5652.5,43902
2025-03-10,MESM5-MESU5,42006431,47.65,47.65,47.4,47.4,36
2025-03-10,MESU5,42002651,5838.75,5857.0,5669.25,5698.5,736
2025-03-10,MESZ5,42004164,5837.0,5837.0,5732.0,5732.0,10
2025-03-11,MESH5,42005347,5602.25,5651.5,5534.5,5593.5,2192525
2025-03-11,MESH5-MESM5,42013621,50.75,51.9,50.15,51.2,156
2025-03-11,MESM5,42003627,5653.25,5703.0,5584.5,5644.0,80482
2025-03-11,MESU5,42002651,5691.75,5746.0,5632.0,5686.5,600
2025-03-11,MESZ5,42004164,5732.0,5750.0,5700.0,5715.0,11
2025-03-12,MESH5,42005347,5593.5,5674.5,5550.25,5620.75,1727990
2025-03-12,MESH5-MESM5,42013621,51.05,52.3,50.95,51.75,1110
2025-03-12,MESM5,42003627,5645.25,5727.5,5601.5,5672.5,53540
2025-03-12,MESM5-MESU5,42006431,47.35,47.35,47.35,47.35,1
2025-03-12,MESU5,42002651,5690.5,5774.0,5649.25,5720.0,490
2025-03-13,MESH5,42005347,5620.5,5623.0,5509.25,5552.75,1933200
2025-03-13,MESH5-MESM5,42013621,51.7,52.05,50.5,50.75,2470
2025-03-13,MESH6,42003800,5726.0,5726.0,5700.0,5700.0,4
2025-03-13,MESM5,42003627,5672.75,5675.0,5559.25,5603.5,100270
2025-03-13,MESU5,42002651,5720.0,5720.0,5606.75,5655.75,728
2025-03-13,MESZ5,42004164,5716.75,5716.75,5680.0,5680.0,2
2025-03-14,MESH5,42005347,5553.0,5649.0,5547.25,5629.5,1458086
2025-03-14,MESH5-MESM5,42013621,50.9,52.3,50.9,52.15,6266
2025-03-14,MESM5,42003627,5603.5,5701.0,5598.5,5681.0,90771
2025-03-14,MESM5-MESU5,42006431,49.0,49.0,48.55,48.55,3
2025-03-14,MESU5,42002651,5647.75,5747.25,5647.75,5727.5,555
2025-03-14,MESZ5,42004164,5740.0,5785.0,5740.0,5785.0,3
2025-03-16,MESH5,42005347,5627.0,5632.25,5602.25,5608.5,33729
2025-03-16,MESH5-MESM5,42013621,52.0,52.3,51.65,52.15,2339
2025-03-16,MESH5-MESU5,42008830,100.1,100.1,100.1,100.1,1
2025-03-16,MESM5,42003627,5679.75,5684.0,5654.25,5660.75,32376
2025-03-16,MESU5,42002651,5725.0,5725.25,5701.25,5710.0,32
2025-03-17,MESH5,42005347,5608.5,5707.75,5599.0,5679.5,694486
2025-03-17,MESH5-MESM5,42013621,52.1,52.75,51.55,52.25,28819
2025-03-17,MESM5,42003627,5660.75,5759.75,5651.25,5731.5,1066180
2025-03-17,MESM5-MESU5,42006431,47.0,47.0,46.9,46.9,3
2025-03-17,MESU5,42002651,5707.5,5808.0,5700.0,5781.75,402
2025-03-17,MESZ5,42004164,5780.0,5848.75,5780.0,5848.75,11
2025-03-18,MESH5,42005347,5679.5,5683.0,5600.0,5620.75,352884
2025-03-18,MESH5-MESM5,42013621,52.2,52.55,50.85,51.4,9625
2025-03-18,MESH5-MESU5,42008830,102.0,102.0,100.45,101.5,12
2025-03-18,MESH6,42003800,5800.5,5800.5,5800.5,5800.5,3
2025-03-18,MESM5,42003627,5731.75,5735.75,5651.0,5672.5,1199225
2025-03-18,MESM5-MESU5,42006431,50.0,50.0,49.25,49.25,9
2025-03-18,MESU5,42002651,5778.75,5781.75,5700.5,5721.0,859
2025-03-18,MESZ5,42004164,5765.0,5765.0,5763.0,5763.0,4
2025-03-19,MESH5,42005347,5621.0,5718.5,5606.25,5696.25,255763
2025-03-19,MESH5-MESM5,42013621,51.4,51.9,50.8,51.3,5379
2025-03-19,MESH5-MESU5,42008830,99.15,101.95,99.15,101.95,6
2025-03-19,MESH6,42003800,5840.25,5870.0,5840.25,5870.0,2
2025-03-19,MESM5,42003627,5672.75,5770.5,5657.5,5747.75,1324007
2025-03-19,MESM5-MESU5,42006431,49.95,51.0,48.0,51.0,5
2025-03-19,MESU5,42002651,5724.0,5819.0,5705.25,5797.0,895
2025-03-19,MESZ5,42004164,5848.0,5870.0,5848.0,5870.0,2
2025-03-20,MESH5,42005347,5696.0,5714.0,5631.75,5665.25,194987
2025-03-20,MESH5-MESM5,42013621,51.5,51.9,49.4,49.65,5248
2025-03-20,MESH5-MESU5,42008830,100.5,100.5,100.5,100.5,3
2025-03-20,MESH6,42003800,5850.5,5850.5,5850.0,5850.0,2
2025-03-20,MESM5,42003627,5747.5,5765.25,5682.5,5714.25,1343075
2025-03-20,MESM5-MESU5,42006431,49.35,49.35,49.35,49.35,1
2025-03-20,MESU5,42002651,5794.0,5815.75,5732.5,5763.5,922
2025-03-20,MESZ5,42004164,5790.5,5850.0,5790.5,5825.0,5
2025-03-21,MESH5,42005347,5664.25,5674.25,5598.5,5613.75,38863
2025-03-21,MESH5-MESM5,42013621,49.65,51.5,48.0,50.0,1047
2025-03-21,MESH5-MESU5,42008830,99.4,99.4,99.4,99.4,3
2025-03-21,MESH6,42003800,5850.0,5850.0,5850.0,5850.0,1
2025-03-21,MESM5,42003627,5714.25,5723.75,5651.25,5720.0,1259029
2025-03-21,MESM5-MESU5,42006431,48.9,49.3,47.55,48.6,63
2025-03-21,MESM5-MESZ5,42004736,95.35,95.35,95.35,95.35,1
2025-03-21,MESU5,42002651,5764.75,5773.25,5700.0,5768.5,1585
2025-03-21,MESZ5,42004164,5805.0,5805.0,5745.0,5782.0,6
2025-03-23,MESM5,42003627,5740.0,5754.0,5739.75,5752.5,32940
2025-03-23,MESM5-MESU5,42006431,48.3,48.5,48.25,48.25,6
2025-03-23,MESU5,42002651,5780.0,5804.25,5780.0,5802.0,163
2025-03-23,MESZ5,42004164,5820.0,5848.75,5820.0,5840.0,7
2025-03-24,MESM5,42003627,5752.5,5825.5,5750.75,5811.5,845181
2025-03-24,MESM5-MESU5,42006431,48.6,50.25,48.6,50.25,254
2025-03-24,MESU5,42002651,5799.5,5875.25,5798.75,5864.0,1655
2025-03-24,MESZ5,42004164,5840.0,5917.75,5840.0,5909.0,75
2025-03-25,MESM5,42003627,5811.5,5837.25,5801.5,5832.75,768210
2025-03-25,MESM5-MESU5,42006431,50.45,50.85,50.35,50.75,57
2025-03-25,MESU5,42002651,5861.0,5887.75,5853.0,5884.0,1616
2025-03-25,MESZ5,42004164,5905.0,5935.0,5904.25,5930.75,28
2025-03-26,MESM5,42003627,5832.5,5836.5,5730.5,5747.25,1107719
2025-03-26,MESM5-MESU5,42006431,50.75,51.75,49.0,49.25,226
2025-03-26,MESU5,42002651,5882.0,5886.0,5779.5,5795.5,1959
2025-03-26,MESZ5,42004164,5924.25,5924.75,5841.75,5845.0,43
2025-03-27,MESH6,42003800,5887.0,5887.0,5887.0,5887.0,1
2025-03-27,MESM5,42003627,5747.25,5779.75,5720.0,5735.5,1194446
2025-03-27,MESM5-MESU5,42006431,49.3,49.65,48.5,49.3,197
2025-03-27,MESU5,42002651,5795.0,5829.5,5770.0,5786.0,1765
2025-03-27,MESZ5,42004164,5850.0,5872.25,5820.0,5830.0,41
2025-03-28,MESH6,42003800,5852.0,5852.0,5852.0,5852.0,1
2025-03-28,MESM5,42003627,5736.0,5748.0,5602.25,5602.75,1243299
2025-03-28,MESM5-MESU5,42006431,49.75,49.75,46.65,46.65,208
2025-03-28,MESU5,42002651,5781.0,5797.0,5650.0,5650.0,2415
2025-03-28,MESZ5,42004164,5824.25,5841.0,5701.5,5701.5,57
2025-03-30,MESM5,42003627,5590.0,5600.0,5580.25,5593.0,46361
2025-03-30,MESM5-MESU5,42006431,46.45,46.55,46.15,46.15,17
2025-03-30,MESU5,42002651,5639.0,5642.0,5628.0,5638.0,250
2025-03-30,MESZ5,42004164,5678.0,5680.0,5673.75,5677.5,8
2025-03-31,MESH6,42003800,5753.75,5753.75,5753.75,5753.75,1
2025-03-31,MESM5,42003627,5592.5,5672.5,5533.75,5635.5,1681316
2025-03-31,MESM5-MESU5,42006431,45.7,47.35,45.7,47.2,27
2025-03-31,MESU5,42002651,5639.0,5719.25,5580.0,5681.25,2484
2025-03-31,MESZ5,42004164,5676.0,5754.75,5625.0,5738.0,107
2025-04-01,MESM5,42003627,5635.5,5694.75,5600.25,5682.5,1607537
2025-04-01,MESM5-MESU5,42006431,47.2,47.25,46.55,47.2,13
2025-04-01,MESU5,42002651,5677.25,5742.5,5647.5,5729.75,2195
2025-04-01,MESZ5,42004164,5725.0,5781.75,5695.0,5779.0,65
2025-04-02,MESM5,42003627,5682.75,5776.25,5481.25,5512.0,2016226
2025-04-02,MESM5-MESU5,42006431,46.85,50.5,44.55,45.05,151
2025-04-02,MESU5,42002651,5727.25,5823.0,5529.0,5556.0,3985
2025-04-02,MESZ5,42004164,5756.0,5858.25,5580.0,5608.0,164
2025-04-03,MESH6,42003800,5656.0,5656.0,5656.0,5656.0,1
2025-04-03,MESM5,42003627,5512.5,5565.0,5407.25,5422.25,1934401
2025-04-03,MESM5-MESU5,42006431,44.85,45.6,43.0,43.2,159
2025-04-03,MESU5,42002651,5559.0,5610.5,5452.0,5466.75,3516
2025-04-03,MESZ5,42004164,5625.0,5650.0,5505.0,5512.0,215
2025-04-04,MESH6,42003800,5381.0,5390.0,5200.0,5200.0,6
2025-04-04,MESM5,42003627,5422.5,5435.0,5074.0,5097.0,2580058
2025-04-04,MESM5-MESU5,42006431,43.2,43.2,38.4,38.7,492
2025-04-04,MESU5,42002651,5469.25,5478.0,5111.25,5134.0,6303
2025-04-04,MESZ5,42004164,5504.0,5504.0,5165.0,5165.0,267
2025-04-06,MESH6,42003800,5125.0,5125.0,5125.0,5125.0,1
2025-04-06,MESM5,42003627,5007.0,5008.0,4832.5,4914.25,202283
2025-04-06,MESM5-MESU5,42006431,35.05,35.95,32.9,35.95,164
2025-04-06,MESU5,42002651,5050.0,5050.0,4877.75,4947.5,791
2025-04-06,MESZ5,42004164,5034.0,5034.0,4930.0,4985.0,56
2025-04-07,MESH6,42003800,4994.5,5000.0,4990.0,5000.0,5
2025-04-07,MESM5,42003627,4914.5,5285.75,4842.25,5148.5,3598020
2025-04-07,MESM5-MESU5,42006431,35.55,40.85,33.9,40.55,1941
2025-04-07,MESM5-MESZ5,42004736,73.05,76.6,73.05,76.6,6
2025-04-07,MESU5,42002651,4960.0,5326.25,4876.75,5192.0,6352
2025-04-07,MESZ5,42004164,4995.0,5349.5,4928.0,5224.5,310
2025-04-08,MESM5,42003627,5148.0,5304.5,4926.5,4956.5,2845840
2025-04-08,MESM5-MESU5,42006431,40.6,41.55,36.85,37.2,223
2025-04-08,MESM5-MESZ5,42004736,74.0,74.0,74.0,74.0,5
2025-04-08,MESU5,42002651,5186.25,5343.0,4965.25,4991.0,4529
2025-04-08,MESZ5,42004164,5224.5,5380.0,5007.5,5007.5,209
2025-04-09,MESH6,42003800,5134.0,5134.0,5134.0,5134.0,1
2025-04-09,MESM5,42003627,4956.75,5528.75,4873.5,5514.5,3002155
2025-04-09,MESM5-MESU5,42006431,37.55,46.0,35.55,45.45,780
2025-04-09,MESM5-MESZ5,42004736,73.0,73.0,73.0,73.0,5
2025-04-09,MESM6,42005163,5015.0,5015.0,5015.0,5015.0,1
2025-04-09,MESU5,42002651,4978.75,5571.5,4910.0,5558.0,6073
2025-04-09,MESZ5,42004164,5007.5,5600.0,4951.0,5600.0,277
2025-04-10,MESH6,42003800,5636.25,5636.25,5636.25,5636.25,1
2025-04-10,MESM5,42003627,5514.25,5518.25,5146.75,5274.75,2926085
2025-04-10,MESM5-MESU5,42006431,45.75,45.75,41.3,42.8,163
2025-04-10,MESU5,42002651,5553.5,5563.0,5188.0,5316.25,3871
2025-04-10,MESZ5,42004164,5558.0,5558.0,5248.0,5384.0,111
2025-04-11,MESM5,42003627,5274.5,5417.75,5206.75,5396.0,2169227
2025-04-11,MESM5-MESU5,42006431,42.65,44.15,41.7,43.85,163
2025-04-11,MESU5,42002651,5310.0,5462.0,5250.25,5436.5,3093
2025-04-11,MESZ5,42004164,5300.0,5500.0,5300.0,5478.75,30
2025-04-13,MESM5,42003627,5447.25,5477.0,5409.75,5430.0,84484
2025-04-13,MESM5-MESU5,42006431,44.7,44.85,43.9,44.75,32
2025-04-13,MESU5,42002651,5468.75,5522.5,5453.75,5474.0,241
2025-04-13,MESZ5,42004164,5520.0,5520.0,5514.25,5515.0,4
2025-04-14,MESH6,42003800,5618.25,5618.25,5618.25,5618.25,1
2025-04-14,MESM5,42003627,5430.0,5497.75,5391.0,5421.5,1673820
2025-04-14,MESM5-MESU5,42006431,44.6,45.4,43.85,44.5,45
2025-04-14,MESU5,42002651,5480.0,5541.75,5436.0,5465.0,2069
2025-04-14,MESZ5,42004164,5513.0,5580.5,5480.0,5498.0,45
2025-04-15,MESH6,42003800,5592.5,5592.5,5552.0,5552.0,2
2025-04-15,MESM5,42003627,5421.25,5485.0,5375.0,5386.25,1499112
2025-04-15,MESM5-MESU5,42006431,45.0,45.1,43.7,43.7,111
2025-04-15,MESM5-MESZ5,42004736,86.45,86.45,86.45,86.45,6
2025-04-15,MESU5,42002651,5472.5,5529.0,5419.5,5426.75,1320
2025-04-15,MESZ5,42004164,5528.5,5562.0,5470.0,5470.0,41
2025-04-16,MESH6,42003800,5435.0,5435.0,5402.0,5402.0,2
2025-04-16,MESM5,42003627,5386.25,5425.5,5250.75,5307.75,1774036
2025-04-16,MESM5-MESU5,42006431,43.9,44.5,41.9,42.55,91
2025-04-16,MESU5,42002651,5427.0,5469.75,5295.0,5347.5,1890
2025-04-16,MESZ5,42004164,5466.0,5500.0,5347.25,5384.25,67
2025-04-17,MESH6,42003800,5441.25,5441.25,5441.25,5441.25,1
2025-04-17,MESM5,42003627,5308.0,5373.75,5285.5,5325.75,1531740
2025-04-17,MESM5-MESU5,42006431,43.45,45.35,43.0,43.0,155
2025-04-17,MESU5,42002651,5350.0,5414.0,5328.75,5379.25,1578
2025-04-17,MESZ5,42004164,5395.0,5436.5,5378.5,5403.25,29
2025-04-20,MESM5,42003627,5284.25,5309.5,5273.0,5293.0,45749
2025-04-20,MESM5-MESU5,42006431,43.75,43.75,43.0,43.3,12
2025-04-20,MESU5,42002651,5326.75,5350.0,5320.0,5335.0,72
2025-04-20,MESZ5,42004164,5372.75,5372.75,5372.75,5372.75,1
2025-04-21,MESH6,42003800,5400.0,5400.0,5256.0,5281.75,5
2025-04-21,MESM5,42003627,5292.75,5303.0,5127.0,5205.5,1370270
2025-04-21,MESM5-MESU5,42006431,43.3,43.7,41.0,41.55,65
2025-04-21,MESU5,42002651,5339.75,5346.25,5169.5,5246.0,2204
2025-04-21,MESZ5,42004164,5358.0,5358.0,5210.25,5263.25,87
2025-04-22,MESH6,42003800,5420.0,5450.0,5410.0,5410.0,3
2025-04-22,MESM5,42003627,5205.5,5424.0,5198.0,5412.5,1687408
2025-04-22,MESM5-MESU5,42006431,41.3,44.45,40.8,44.35,195
2025-04-22,MESU5,42002651,5247.0,5469.75,5242.0,5456.25,3091
2025-04-22,MESZ5,42004164,5284.5,5511.0,5284.5,5496.25,90
2025-04-23,MESH6,42003800,5550.0,5550.0,5550.0,5550.0,1
2025-04-23,MESM5,42003627,5412.75,5500.0,5378.0,5412.0,1758995
2025-04-23,MESM5-MESU5,42006431,44.5,45.05,43.85,44.2,66
2025-04-23,MESU5,42002651,5459.25,5544.0,5422.75,5459.75,2978
2025-04-23,MESZ5,42004164,5470.0,5585.25,5464.0,5497.5,106
2025-04-24,MESH6,42003800,5500.0,5540.0,5500.0,5540.0,3
2025-04-24,MESM5,42003627,5411.75,5543.5,5355.5,5528.0,1577370
2025-04-24,MESM5-MESU5,42006431,44.75,46.15,44.2,45.95,59
2025-04-24,MESU5,42002651,5462.5,5589.75,5400.0,5574.0,1733
2025-04-24,MESZ5,42004164,5495.0,5625.0,5463.0,5616.0,85
2025-04-25,MESM5,42003627,5528.25,5563.25,5480.0,5552.75,1440526
2025-04-25,MESM5-MESU5,42006431,45.95,46.2,44.5,46.2,150
2025-04-25,MESU5,42002651,5575.75,5609.75,5526.0,5598.0,2595
2025-04-25,MESZ5,42004164,5625.0,5645.0,5574.5,5645.0,92
2025-04-27,MESM5,42003627,5543.75,5547.75,5526.75,5530.75,34386
2025-04-27,MESM5-MESU5,42006431,45.8,46.0,45.65,45.65,14
2025-04-27,MESU5,42002651,5586.0,5588.0,5573.5,5577.75,87
2025-04-27,MESZ5,42004164,5622.25,5622.25,5622.25,5622.25,1
2025-04-28,MESM5,42003627,5530.75,5578.75,5492.75,5555.25,1213576
2025-04-28,MESM5-MESU5,42006431,45.65,47.5,45.35,45.5,105
2025-04-28,MESU5,42002651,5574.0,5625.0,5538.25,5602.0,1911
2025-04-28,MESZ5,42004164,5617.0,5663.5,5582.0,5616.0,49
2025-04-29,MESH6,42003800,5657.5,5715.0,5657.5,5715.0,3
2025-04-29,MESM5,42003627,5555.0,5597.5,5521.0,5571.5,1299542
2025-04-29,MESM5-MESU5,42006431,45.5,46.0,45.5,46.0,25
2025-04-29,MESU5,42002651,5598.5,5643.0,5567.25,5618.0,1416
2025-04-29,MESZ5,42004164,5655.75,5680.0,5620.5,5657.0,51
2025-04-30,MESH6,42003800,5715.0,5715.0,5715.0,5715.0,1
2025-04-30,MESM5,42003627,5571.25,5639.5,5455.25,5634.5,1830938
2025-04-30,MESM5-MESU5,42006431,45.4,46.15,43.7,43.7,117
2025-04-30,MESM5-MESZ5,42004736,87.55,87.55,86.75,86.75,21
2025-04-30,MESU5,42002651,5616.5,5685.0,5499.0,5678.5,2839
2025-04-30,MESU5-MESZ5,42005309,41.0,41.0,41.0,41.0,20
2025-04-30,MESZ5,42004164,5650.0,5728.0,5541.5,5720.0,117
2025-05-01,MESH6,42003800,5800.0,5800.0,5800.0,5800.0,1
2025-05-01,MESM5,42003627,5634.5,5682.25,5600.75,5611.75,1315996
2025-05-01,MESM5-MESU5,42006431,45.95,46.0,45.45,45.95,37
2025-05-01,MESM5-MESZ5,42004736,88.2,88.2,88.2,88.2,4
2025-05-01,MESM6,42005163,5788.0,5788.0,5788.0,5788.0,2
2025-05-01,MESU5,42002651,5681.0,5727.5,5645.25,5657.5,2479
2025-05-01,MESU5-MESZ5,42005309,44.25,44.25,44.25,44.25,2
2025-05-01,MESZ5,42004164,5727.0,5766.25,5692.0,5697.5,106
2025-05-02,MESH6,42003800,5820.0,5820.0,5820.0,5820.0,1
2025-05-02,MESM5,42003627,5612.0,5724.5,5605.25,5710.75,1284779
2025-05-02,MESM5-MESU5,42006431,46.2,48.3,45.5,48.2,63
2025-05-02,MESU5,42002651,5664.75,5773.25,5664.75,5760.75,2839
2025-05-02,MESZ5,42004164,5700.0,5814.0,5700.0,5803.75,152
2025-05-04,MESM5,42003627,5705.25,5707.0,5671.0,5678.25,41372
2025-05-04,MESU5,42002651,5759.25,5759.25,5719.0,5724.25,236
2025-05-04,MESZ5,42004164,5792.0,5792.0,5763.5,5763.5,45
2025-05-05,MESM5,42003627,5678.25,5706.0,5655.25,5666.5,1011341
2025-05-05,MESM5-MESU5,42006431,47.4,48.1,47.4,47.9,15
2025-05-05,MESM6,42005163,5859.75,5863.75,5859.25,5863.75,3
2025-05-05,MESU5,42002651,5725.0,5753.75,5702.75,5713.5,1267
2025-05-05,MESZ5,42004164,5769.0,5787.75,5752.0,5760.0,40
2025-05-06,MESM5,42003627,5666.5,5690.75,5605.0,5671.75,1381680
2025-05-06,MESM5-MESU5,42006431,47.1,49.5,46.85,47.5,41
2025-05-06,MESM5-MESZ5,42004736,89.9,89.9,89.9,89.9,3
2025-05-06,MESU5,42002651,5713.5,5737.5,5651.0,5719.5,2344
2025-05-06,MESZ5,42004164,5748.0,5769.0,5696.5,5756.75,52
2025-05-07,MESH6,42003800,5766.25,5766.25,5766.25,5766.25,1
2025-05-07,MESM5,42003627,5671.5,5681.5,5596.0,5645.75,1271313
2025-05-07,MESM5-MESH6,42012240,136.0,136.0,136.0,136.0,1
2025-05-07,MESM5-MESU5,42006431,47.4,47.8,46.0,47.55,34
2025-05-07,MESU5,42002651,5720.0,5728.5,5642.0,5694.0,2891
2025-05-07,MESU5-MESZ5,42005309,44.65,44.65,44.65,44.65,1
2025-05-07,MESZ5,42004164,5768.0,5769.0,5693.75,5736.75,48
2025-05-08,MESH6,42003800,5820.0,5820.0,5820.0,5820.0,1
2025-05-08,MESM5,42003627,5646.0,5741.0,5641.0,5679.5,1387788
2025-05-08,MESM5-MESU5,42006431,47.8,48.85,47.7,48.15,52
2025-05-08,MESU5,42002651,5698.75,5789.5,5690.0,5728.0,3436
2025-05-08,MESZ5,42004164,5759.25,5834.5,5746.0,5780.75,93
2025-05-09,MESM5,42003627,5679.25,5715.75,5662.75,5683.75,1119184
2025-05-09,MESM5-MESU5,42006431,48.25,48.45,47.95,48.25,23
2025-05-09,MESM6,42005163,5867.0,5870.0,5867.0,5870.0,2
2025-05-09,MESU5,42002651,5722.25,5764.0,5711.25,5731.25,1595
2025-05-09,MESZ5,42004164,5765.25,5805.0,5761.0,5771.75,59
2025-05-11,MESH6,42003800,5914.75,5914.75,5914.75,5914.75,1
2025-05-11,MESM5,42003627,5743.5,5773.5,5734.0,5745.75,74357
2025-05-11,MESM5-MESU5,42006431,49.75,49.75,48.6,48.9,101
2025-05-11,MESU5,42002651,5777.75,5815.0,5777.75,5793.75,842
2025-05-11,MESZ5,42004164,5850.0,5851.5,5823.0,5837.25,23
2025-05-12,MESH6,42003800,6000.0,6015.0,5990.0,6015.0,5
2025-05-12,MESM5,42003627,5745.5,5876.25,5743.5,5856.5,1445722
2025-05-12,MESM5-MESU5,42006431,49.15,51.55,47.15,51.05,233
2025-05-12,MESM6,42005163,6000.0,6020.0,6000.0,6020.0,3
2025-05-12,MESU5,42002651,5795.0,5927.0,5794.75,5908.25,3754
2025-05-12,MESZ5,42004164,5843.25,5975.0,5843.25,5963.0,202
2025-05-13,MESH6,42003800,6050.0,6050.0,6050.0,6050.0,3
2025-05-13,MESM5,42003627,5856.75,5926.75,5835.75,5907.5,1046712
2025-05-13,MESM5-MESU5,42006431,51.25,52.75,51.1,52.75,48
2025-05-13,MESM5-MESZ5,42004736,102.55,102.6,102.55,102.6,2
2025-05-13,MESM6,42005163,6050.0,6050.0,6050.0,6050.0,1
2025-05-13,MESU5,42002651,5907.0,5980.0,5888.0,5961.0,3134
2025-05-13,MESZ5,42004164,5950.25,6032.75,5944.5,6008.75,123
2025-05-14,MESH6,42003800,6060.0,6070.0,6040.0,6065.0,5
2025-05-14,MESM5,42003627,5907.5,5925.0,5890.0,5896.75,1103030
2025-05-14,MESM5-MESU5,42006431,52.75,53.2,52.05,52.9,71
2025-05-14,MESU5,42002651,5958.25,5977.25,5943.75,5949.25,1926
2025-05-14,MESZ5,42004164,6005.0,6025.5,6000.0,6001.5,52
2025-05-15,MESM5,42003627,5896.5,5944.5,5867.0,5935.75,1099441
2025-05-15,MESM5-MESU5,42006431,52.95,53.75,50.6,53.75,73
2025-05-15,MESU5,42002651,5951.25,5997.5,5918.0,5989.75,2266
2025-05-15,MESZ5,42004164,6000.0,6047.75,5982.0,6039.5,75
2025-05-16,MESH6,42003800,6100.25,6135.75,6100.25,6135.75,2
2025-05-16,MESM5,42003627,5936.0,5977.75,5923.0,5948.5,873537
2025-05-16,MESM5-MESU5,42006431,53.8,54.95,53.4,54.3,45
2025-05-16,MESM5-MESZ5,42004736,106.7,106.7,106.7,106.7,7
2025-05-16,MESU5,42002651,5992.5,6031.75,5978.0,6002.5,2568
2025-05-16,MESZ5,42004164,6041.5,6082.5,6034.75,6050.0,53
2025-05-18,MESM5,42003627,5930.5,5948.0,5917.75,5940.5,40627
2025-05-18,MESM5-MESU5,42006431,54.25,54.4,53.9,54.4,28
2025-05-18,MESU5,42002651,5988.0,6002.5,5961.0,5995.0,469
2025-05-18,MESZ5,42004164,6039.0,6047.75,6032.5,6042.75,12
2025-05-19,MESH6,42003800,6100.0,6100.0,6100.0,6100.0,1
2025-05-19,MESM5,42003627,5940.75,5993.25,5892.75,5987.25,1093054
2025-05-19,MESM5-MESU5,42006431,54.1,54.8,53.95,54.35,62
2025-05-19,MESU5,42002651,5990.5,6045.75,5947.75,6040.75,2989
2025-05-19,MESZ5,42004164,6039.25,6098.0,6000.25,6097.5,179
2025-05-20,MESM5,42003627,5987.0,5991.0,5926.5,5955.0,1114672
2025-05-20,MESM5-MESU5,42006431,54.95,54.95,53.8,53.8,33
2025-05-20,MESU5,42002651,6041.25,6044.75,5981.0,6008.0,2013
2025-05-20,MESZ5,42004164,6098.0,6098.0,6034.75,6057.0,78
2025-05-21,MESH6,42003800,6025.0,6025.0,6025.0,6025.0,1
2025-05-21,MESM5,42003627,5955.0,5958.0,5847.75,5860.5,1727006
2025-05-21,MESM5-MESU5,42006431,54.3,54.7,52.6,53.1,44
2025-05-21,MESM5-MESZ5,42004736,104.5,104.5,104.5,104.5,8
2025-05-21,MESU5,42002651,6009.25,6012.0,5901.0,5914.5,3421
2025-05-21,MESU5-MESZ5,42005309,51.7,51.7,51.7,51.7,1
2025-05-21,MESZ5,42004164,6048.5,6062.5,5955.5,5960.0,119
2025-05-22,MESH6,42003800,6050.0,6050.0,6040.0,6040.0,2
2025-05-22,MESM5,42003627,5860.75,5895.0,5828.0,5859.5,1366544
2025-05-22,MESM5-MESU5,42006431,53.2,53.55,52.75,53.25,133
2025-05-22,MESM6,42005163,6066.5,6102.0,6036.75,6036.75,7
2025-05-22,MESU5,42002651,5914.25,5948.0,5881.0,5910.25,2784
2025-05-22,MESZ5,42004164,5969.0,5993.25,5938.75,5961.25,106
2025-05-23,MESM5,42003627,5859.75,5871.5,5756.5,5815.25,1505750
2025-05-23,MESM5-MESU5,42006431,53.25,53.35,51.35,52.05,121
2025-05-23,MESU5,42002651,5915.0,5925.0,5808.0,5873.0,4318
2025-05-23,MESZ5,42004164,5965.0,5968.0,5861.0,5915.0,162
2025-05-25,MESM5,42003627,5820.25,5877.0,5813.25,5865.75,45334
2025-05-25,MESM5-MESU5,42006431,52.6,53.4,52.6,53.15,11
2025-05-25,MESU5,42002651,5872.25,5927.5,5866.5,5918.25,252
2025-05-25,MESZ5,42004164,5968.75,5968.75,5966.25,5968.0,5
2025-05-26,MESM5,42003627,5865.5,5895.5,5861.5,5879.0,177615
2025-05-26,MESM5-MESU5,42006431,53.6,53.75,52.5,53.35,63
2025-05-26,MESU5,42002651,5918.0,5948.75,5915.25,5932.5,1031
2025-05-26,MESZ5,42004164,5978.0,5992.5,5973.5,5985.75,25
2025-05-27,MESH6,42003800,6094.75,6095.25,6094.75,6095.25,5
2025-05-27,MESM5,42003627,5879.0,5941.75,5862.75,5937.5,841060
2025-05-27,MESM5-MESU5,42006431,53.45,53.95,53.0,53.55,82
2025-05-27,MESM5-MESZ5,42004736,104.55,104.55,104.55,104.55,7
2025-05-27,MESU5,42002651,5931.0,5995.25,5917.0,5992.0,2541
2025-05-27,MESZ5,42004164,5983.25,6044.0,5966.75,6041.0,155
2025-05-28,MESH6,42003800,6125.0,6140.0,6122.5,6140.0,6
2025-05-28,MESM5,42003627,5937.5,5998.25,5890.0,5991.75,1097443
2025-05-28,MESM5-MESU5,42006431,54.0,54.5,53.3,54.35,141
2025-05-28,MESM6,42005163,6203.75,6203.75,6203.75,6203.75,5
2025-05-28,MESU5,42002651,5990.0,6051.75,5944.0,6046.25,3765
2025-05-28,MESZ5,42004164,6040.0,6105.0,6000.0,6095.0,108
2025-05-29,MESH6,42003800,6140.0,6155.0,6140.0,6155.0,4
2025-05-29,MESM5,42003627,5992.0,6008.0,5883.75,5904.5,1300297
2025-05-29,MESM5-MESU5,42006431,54.45,54.75,53.45,53.7,143
2025-05-29,MESM6,42005163,6205.0,6210.0,6205.0,6210.0,6
2025-05-29,MESU5,42002651,6046.5,6063.0,5938.0,5958.0,4296
2025-05-29,MESZ5,42004164,6097.0,6114.0,5990.75,6019.5,140
2025-05-30,MESM5,42003627,5904.5,5932.75,5853.0,5913.75,1376402
2025-05-30,MESM5-MESU5,42006431,53.9,53.95,52.7,53.35,105
2025-05-30,MESU5,42002651,5963.25,5986.0,5907.0,5966.75,3996
2025-05-30,MESU5-MESZ5,42005309,50.65,50.65,50.65,50.65,1
2025-05-30,MESZ5,42004164,6010.0,6037.5,5957.5,6011.75,157
2025-06-01,MESM5,42003627,5898.5,5909.5,5893.25,5898.75,29163
2025-06-01,MESM5-MESU5,42006431,53.15,53.2,52.5,53.2,17
2025-06-01,MESU5,42002651,5956.0,5962.5,5926.75,5953.0,240
2025-06-02,MESH6,42003800,6081.0,6081.0,6081.0,6081.0,1
2025-06-02,MESM5,42003627,5898.75,5955.5,5867.5,5935.25,953426
2025-06-02,MESM5-MESU5,42006431,53.55,53.7,52.5,52.85,177
2025-06-02,MESM6,42005163,6118.0,6118.0,6118.0,6118.0,1
2025-06-02,MESU5,42002651,5952.75,6008.75,5921.75,5988.25,3822
2025-06-02,MESU5-MESZ5,42005309,50.15,50.15,50.15,50.15,1
2025-06-02,MESZ5,42004164,6005.0,6057.25,5973.5,6054.0,155
2025-06-03,MESM5,42003627,5935.25,5991.25,5909.0,5983.5,890929
2025-06-03,MESM5-MESU5,42006431,53.4,53.95,53.0,53.95,83
2025-06-03,MESU5,42002651,5987.25,6046.0,5962.0,6036.25,3598
2025-06-03,MESZ5,42004164,6036.5,6094.0,6015.0,6087.0,106
2025-06-04,MESH6,42003800,6149.5,6154.0,6149.5,6154.0,2
2025-06-04,MESM5,42003627,5983.5,5999.0,5971.5,5974.0,877118
2025-06-04,MESM5-MESU5,42006431,54.0,54.45,53.55,54.2,182
2025-06-04,MESM5-MESZ5,42004736,106.2,106.2,106.2,106.2,6
2025-06-04,MESU5,42002651,6036.0,6052.5,6023.0,6028.0,3775
2025-06-04,MESZ5,42004164,6087.0,6104.25,6079.0,6079.0,134
2025-06-05,MESH6,42003800,6144.0,6144.0,6099.0,6099.0,2
2025-06-05,MESM5,42003627,5974.25,6016.0,5928.75,5946.75,1610728
2025-06-05,MESM5-MESU5,42006431,54.0,54.5,53.0,53.45,50
2025-06-05,MESU5,42002651,6028.75,6070.0,5982.0,6000.0,11790
2025-06-05,MESZ5,42004164,6081.75,6117.0,6037.0,6050.75,218
2025-06-06,MESM5,42003627,5946.75,6025.0,5946.75,6010.0,1045146
2025-06-06,MESM5-MESU5,42006431,53.35,54.0,53.35,53.9,98
2025-06-06,MESM5-MESZ5,42004736,101.05,102.1,101.05,102.1,2
2025-06-06,MESU5,42002651,6000.25,6078.75,6000.25,6064.75,12191
2025-06-06,MESZ5,42004164,6061.0,6128.0,6057.5,6115.0,205
2025-06-08,MESH6,42003800,6181.75,6181.75,6181.75,6181.75,2
2025-06-08,MESM5,42003627,6010.0,6016.0,5994.75,6002.75,39861
2025-06-08,MESM5-MESU5,42006431,53.75,54.1,53.75,54.1,15
2025-06-08,MESU5,42002651,6064.75,6075.0,6049.0,6058.0,894
2025-06-08,MESZ5,42004164,6108.75,6108.75,6103.5,6105.0,4
2025-06-09,MESH6,42003800,6163.0,6165.75,6154.75,6154.75,5
2025-06-09,MESM5,42003627,6003.0,6027.75,5992.25,6013.5,816553
2025-06-09,MESM5-MESU5,42006431,54.0,54.25,53.5,53.85,391
2025-06-09,MESU5,42002651,6056.25,6081.75,6046.5,6067.25,8708
2025-06-09,MESU5-MESZ5,42005309,50.9,50.9,50.9,50.9,1
2025-06-09,MESZ5,42004164,6110.0,6134.0,6099.0,6118.25,120
2025-06-10,MESH6,42003800,6177.0,6177.0,6177.0,6177.0,1
2025-06-10,MESM5,42003627,6013.5,6052.25,5991.0,6041.75,1044162
2025-06-10,MESM5-MESU5,42006431,53.85,54.25,53.5,53.8,172
2025-06-10,MESM6,42005163,6240.0,6240.0,6240.0,6240.0,2
2025-06-10,MESU5,42002651,6067.0,6105.75,6045.0,6095.0,23885
2025-06-10,MESZ5,42004164,6126.0,6154.75,6100.0,6151.25,187
2025-06-11,MESM5,42003627,6041.5,6074.75,6006.25,6018.5,1420648
2025-06-11,MESM5-MESU5,42006431,53.65,54.1,52.9,52.9,510
2025-06-11,MESM5-MESZ5,42004736,104.7,104.7,104.7,104.7,3
2025-06-11,MESU5,42002651,6094.75,6129.0,6059.5,6071.0,32924
2025-06-11,MESZ5,42004164,6142.5,6177.0,6112.25,6125.0,197
2025-06-12,MESM5,42003627,6018.75,6051.0,5981.75,6014.5,1187406
2025-06-12,MESM5-MESU5,42006431,52.6,53.6,52.6,53.25,711
2025-06-12,MESU5,42002651,6071.5,6104.75,6040.75,6067.5,42362
2025-06-12,MESZ5,42004164,6116.25,6153.0,6092.75,6122.0,177
2025-06-13,MESM5,42003627,6014.5,6029.75,5925.0,5978.0,1388559
2025-06-13,MESM5-MESU5,42006431,52.5,53.0,51.2,52.2,13008
2025-06-13,MESU5,42002651,6067.5,6082.5,5978.75,6030.75,162144
2025-06-13,MESZ5,42004164,6115.5,6132.75,6028.0,6083.25,478
2025-06-15,MESM5,42003627,5950.0,5992.5,5941.0,5988.25,25851
2025-06-15,MESM5-MESU5,42006431,52.25,52.25,51.5,51.65,343
2025-06-15,MESM5-MESZ5,42004736,99.35,99.35,99.35,99.35,1
2025-06-15,MESU5,42002651,6002.25,6042.75,5996.0,6040.25,42556
2025-06-15,MESU5-MESZ5,42005309,52.5,52.5,52.5,52.5,1
2025-06-15,MESZ5,42004164,6060.75,6085.0,6046.5,6073.25,29
2025-06-16,MESH6,42003800,6190.0,6190.0,6182.0,6182.0,2
2025-06-16,MESM5,42003627,5988.0,6055.5,5982.0,5999.0,364739
2025-06-16,MESM5-MESU5,42006431,51.65,54.0,51.65,53.45,34572
2025-06-16,MESM5-MESZ5,42004736,104.0,105.5,101.65,105.5,10
2025-06-16,MESU5,42002651,6039.75,6108.5,6034.75,6052.5,684512
2025-06-16,MESZ5,42004164,6087.25,6160.0,6087.25,6111.5,454
2025-06-17,MESH6,42003800,6172.0,6172.0,6172.0,6172.0,1
2025-06-17,MESM5,42003627,5999.25,6027.75,5965.0,5971.0,288348
2025-06-17,MESM5-MESU5,42006431,53.45,53.95,53.0,53.35,11513
2025-06-17,MESM5-MESZ5,42004736,102.35,102.35,102.35,102.35,59
2025-06-17,MESU5,42002651,6052.75,6081.0,6017.5,6024.5,1006320
2025-06-17,MESU5-MESZ5,42005309,50.45,50.45,50.45,50.45,2
2025-06-17,MESZ5,42004164,6108.5,6130.75,6072.25,6073.75,502
2025-06-18,MESM5,42003627,5971.25,6023.0,5970.75,5980.75,167116
2025-06-18,MESM5-MESU5,42006431,53.35,53.65,52.6,53.0,6016
2025-06-18,MESM5-MESZ5,42004736,107.2,107.2,106.5,107.0,28
2025-06-18,MESM6,42005163,6193.5,6193.5,6193.5,6193.5,1
2025-06-18,MESU5,42002651,6024.5,6073.75,6024.5,6033.5,1000450
2025-06-18,MESU5-MESZ5,42005309,51.75,53.2,51.75,53.2,35
2025-06-18,MESZ5,42004164,6081.0,6124.75,6078.25,6086.5,497
2025-06-19,MESH6,42003800,6100.0,6100.0,6100.0,6100.0,1
2025-06-19,MESM5,42003627,5981.25,5981.75,5918.25,5963.5,70232
2025-06-19,MESM5-MESU5,42006431,53.05,53.15,51.6,52.9,2579
2025-06-19,MESM5-MESZ5,42004736,105.1,105.1,103.5,103.5,29
2025-06-19,MESU5,42002651,6034.0,6034.75,5968.0,6017.25,315999
2025-06-19,MESU5-MESZ5,42005309,48.0,48.0,48.0,48.0,1
2025-06-19,MESZ5,42004164,6081.0,6081.25,6022.75,6069.0,446
2025-06-20,MESH6,42003800,6165.0,6165.0,6115.0,6115.0,4
2025-06-20,MESM5,42003627,5964.25,6020.0,5955.0,6008.0,17848
2025-06-20,MESM5-MESU5,42006431,52.75,53.4,50.55,52.5,778
2025-06-20,MESM5-MESZ5,42004736,102.0,104.0,102.0,104.0,12
2025-06-20,MESU5,42002651,6017.0,6071.0,6003.5,6025.0,1107536
2025-06-20,MESU5-MESZ5,42005309,49.9,51.3,49.9,50.2,47
2025-06-20,MESZ5,42004164,6067.25,6122.0,6055.0,6075.75,680
2025-06-22,MESU5,42002651,5964.25,6007.75,5949.0,5999.5,78097
2025-06-22,MESU5-MESZ5,42005309,52.75,52.75,49.35,50.15,29
2025-06-22,MESZ5,42004164,6014.75,6057.0,6010.0,6050.0,264
2025-06-23,MESH6,42003800,6154.5,6162.0,6120.0,6162.0,5
2025-06-23,MESU5,42002651,5999.0,6113.0,5988.75,6108.75,1208985
2025-06-23,MESU5-MESZ5,42005309,50.1,50.45,49.9,50.35,39
2025-06-23,MESZ5,42004164,6042.0,6164.5,6038.75,6158.75,1558
2025-06-24,MESH6,42003800,6194.5,6252.0,6194.5,6240.25,16
2025-06-24,MESU5,42002651,6109.0,6155.25,6099.25,6146.25,815878
2025-06-24,MESU5-MESZ5,42005309,50.1,51.05,50.1,51.0,11
2025-06-24,MESZ5,42004164,6158.5,6206.0,6150.0,6195.75,1461
2025-06-25,MESH6,42003800,6245.25,6262.5,6238.75,6253.75,13
2025-06-25,MESU5,42002651,6146.25,6160.25,6130.75,6146.75,736492
2025-06-25,MESU5-MESZ5,42005309,50.75,50.8,49.5,50.8,5
2025-06-25,MESZ5,42004164,6197.25,6210.5,6182.0,6196.75,1353
2025-06-26,MESH6,42003800,6254.0,6302.25,6254.0,6302.25,4
2025-06-26,MESU5,42002651,6146.75,6205.5,6144.5,6196.5,706917
2025-06-26,MESU5-MESZ5,42005309,50.2,51.15,50.2,50.75,38
2025-06-26,MESZ5,42004164,6196.0,6255.75,6195.75,6248.25,2003
2025-06-27,MESH6,42003800,6313.0,6335.0,6285.25,6315.5,23
2025-06-27,MESM6,42005163,6348.0,6348.0,6348.0,6348.0,4
2025-06-27,MESU5,42002651,6196.75,6239.0,6183.5,6220.5,922932
2025-06-27,MESU5-MESH6,42017651,103.5,103.5,103.5,103.5,6
2025-06-27,MESU5-MESZ5,42005309,50.75,51.65,50.75,51.3,39
2025-06-27,MESZ5,42004164,6247.0,6292.0,6234.0,6272.0,2651
2025-06-29,MESU5,42002651,6223.25,6245.25,6223.25,6238.0,39644
2025-06-29,MESZ5,42004164,6277.0,6298.0,6277.0,6291.25,101
2025-06-30,MESH6,42003800,6352.25,6365.25,6329.5,6350.0,14
2025-06-30,MESU5,42002651,6238.0,6265.5,6224.0,6250.25,938304
2025-06-30,MESU5-MESZ5,42005309,51.45,52.0,51.3,52.0,8
2025-06-30,MESZ5,42004164,6289.75,6316.5,6276.0,6300.75,1054
2025-07-01,MESH6,42003800,6342.5,6365.5,6339.5,6339.5,17
2025-07-01,MESU5,42002651,6250.25,6261.5,6227.25,6252.0,977451
2025-07-01,MESU5-MESZ5,42005309,51.25,51.45,51.2,51.2,5
2025-07-01,MESZ5,42004164,6303.0,6311.75,6279.0,6303.5,786
2025-07-02,MESH6,42003800,6348.75,6380.5,6339.75,6380.5,9
2025-07-02,MESU5,42002651,6252.0,6279.25,6235.5,6277.75,722101
2025-07-02,MESU5-MESZ5,42005309,51.25,51.5,50.25,50.25,17
2025-07-02,MESZ5,42004164,6305.0,6330.5,6288.0,6328.75,864
2025-07-03,MESH6,42003800,6380.25,6436.75,6380.25,6436.75,13
2025-07-03,MESU5,42002651,6277.5,6333.5,6270.25,6315.5,502110
2025-07-03,MESU5-MESH6,42017651,104.8,104.8,104.8,104.8,3
2025-07-03,MESU5-MESZ5,42005309,52.7,53.95,52.7,53.6,40
2025-07-03,MESZ5,42004164,6329.0,6385.5,6322.0,6368.25,1014
2025-07-04,MESH6,42003800,6420.0,6420.0,6390.0,6390.0,4
2025-07-04,MESU5,42002651,6315.25,6318.5,6276.0,6283.5,125746
2025-07-04,MESU5-MESZ5,42005309,54.0,54.0,52.5,53.0,4
2025-07-04,MESZ5,42004164,6367.5,6368.75,6332.0,6338.0,201
2025-07-06,MESU5,42002651,6307.25,6313.5,6295.0,6301.25,37823
2025-07-06,MESU5-MESZ5,42005309,53.2,53.5,53.2,53.5,17
2025-07-06,MESZ5,42004164,6349.0,6365.0,6349.0,6356.5,66
2025-07-07,MESH6,42003800,6398.5,6400.0,6359.5,6380.0,13
2025-07-07,MESU5,42002651,6301.25,6315.25,6246.25,6268.5,1092764
2025-07-07,MESU5-MESZ5,42005309,53.0,54.05,52.65,54.05,21
2025-07-07,MESZ5,42004164,6356.0,6368.5,6300.0,6321.75,1109
2025-07-08,MESH6,42003800,6384.0,6390.25,6384.0,6390.25,2
2025-07-08,MESU5,42002651,6268.25,6289.25,6262.25,6270.25,896878
2025-07-08,MESU5-MESZ5,42005309,54.05,54.05,54.05,54.05,2
2025-07-08,MESZ5,42004164,6320.0,6341.5,6317.5,6323.5,650
2025-07-09,MESH6,42003800,6365.25,6419.75,6365.25,6409.5,15
2025-07-09,MESU5,42002651,6270.25,6315.25,6259.75,6303.5,960504
2025-07-09,MESU5-MESZ5,42005309,53.4,54.05,53.25,54.05,23
2025-07-09,MESZ5,42004164,6320.0,6368.5,6313.75,6357.25,1036
2025-07-10,MESH6,42003800,6434.25,6438.25,6434.25,6435.0,4
2025-07-10,MESU5,42002651,6303.25,6335.5,6287.5,6329.75,804123
2025-07-10,MESU5-MESZ5,42005309,53.4,53.8,53.35,53.7,203
2025-07-10,MESZ5,42004164,6353.75,6389.0,6341.5,6380.75,943
2025-07-11,MESH6,42003800,6402.75,6416.5,6400.0,6407.25,12
2025-07-11,MESU5,42002651,6329.75,6329.75,6276.5,6294.25,918044
2025-07-11,MESU5-MESZ5,42005309,53.15,53.85,53.1,53.5,33
2025-07-11,MESZ5,42004164,6380.0,6380.0,6329.75,6350.25,948
2025-07-13,MESU5,42002651,6274.25,6280.5,6263.25,6275.5,48026
2025-07-13,MESZ5,42004164,6328.5,6333.75,6319.75,6324.5,138
2025-07-14,MESH6,42003800,6400.0,6420.0,6400.0,6420.0,3
2025-07-14,MESU5,42002651,6275.5,6315.0,6258.25,6304.0,717263
2025-07-14,MESU5-MESH6,42017651,109.9,109.9,109.9,109.9,2
2025-07-14,MESU5-MESZ5,42005309,53.7,54.1,53.7,54.1,7
2025-07-14,MESZ5,42004164,6329.75,6368.5,6312.75,6357.25,671
2025-07-14,MESZ5-MESH6,42015635,55.0,56.0,55.0,56.0,7
2025-07-15,MESH6,42003800,6420.0,6439.25,6387.0,6389.0,23
2025-07-15,MESU5,42002651,6304.0,6349.0,6264.5,6272.5,1110973
2025-07-15,MESU5-MESZ5,42005309,54.0,54.65,54.0,54.35,143
2025-07-15,MESZ5,42004164,6355.75,6396.75,6320.0,6326.5,1194
2025-07-15,MESZ5-MESH6,42015635,56.7,56.7,56.7,56.7,5
2025-07-16,MESH6,42003800,6379.5,6405.5,6357.0,6403.25,16
2025-07-16,MESU5,42002651,6272.25,6308.5,6240.75,6293.25,1233126
2025-07-16,MESU5-MESZ5,42005309,54.2,54.45,54.0,54.0,27
2025-07-16,MESZ5,42004164,6320.5,6363.0,6295.25,6347.0,1250
2025-07-17,MESH6,42003800,6407.5,6457.5,6398.5,6457.5,31
2025-07-17,MESU5,42002651,6293.25,6350.75,6288.25,6349.25,777560
2025-07-17,MESU5-MESZ5,42005309,54.5,55.15,54.5,54.85,72
2025-07-17,MESZ5,42004164,6346.75,6404.0,6343.0,6403.25,916
2025-07-18,MESH6,42003800,6459.75,6468.75,6444.0,6447.0,17
2025-07-18,MESU5,42002651,6349.25,6357.0,6322.0,6335.5,739645
2025-07-18,MESU5-MESZ5,42005309,54.75,54.75,54.35,54.45,8
2025-07-18,MESZ5,42004164,6403.5,6411.5,6377.0,6391.0,1170
2025-07-20,MESH6,42003800,6451.25,6451.25,6451.25,6451.25,2
2025-07-20,MESU5,42002651,6335.5,6343.0,6329.75,6342.75,23131
2025-07-20,MESZ5,42004164,6390.5,6396.25,6384.5,6395.75,59
2025-07-21,MESH6,42003800,6451.75,6484.5,6451.75,6455.0,43
2025-07-21,MESU5,42002651,6342.75,6374.0,6338.5,6348.25,710320
2025-07-21,MESU5-MESZ5,42005309,54.0,55.0,54.0,54.85,22
2025-07-21,MESZ5,42004164,6398.5,6428.5,6393.5,6402.5,1069
2025-07-22,MESH6,42003800,6455.0,6465.0,6437.25,6465.0,23
2025-07-22,MESU5,42002651,6348.0,6363.75,6318.5,6362.25,898859
2025-07-22,MESU5-MESZ5,42005309,54.8,55.15,54.4,54.9,16
2025-07-22,MESZ5,42004164,6404.75,6418.0,6372.75,6418.0,826
2025-07-23,MESH6,42003800,6474.75,6516.0,6466.75,6516.0,66
2025-07-23,MESU5,42002651,6362.0,6407.5,6349.0,6403.75,884957
2025-07-23,MESU5-MESH6,42017651,113.25,113.25,113.25,113.25,1
2025-07-23,MESU5-MESZ5,42005309,55.2,55.85,55.15,55.15,59
2025-07-23,MESZ5,42004164,6411.5,6464.0,6404.5,6459.75,1454
2025-07-23,MESZ5-MESH6,42015635,56.7,56.7,56.7,56.7,2
2025-07-24,MESH6,42003800,6505.0,6525.0,6505.0,6520.5,11
2025-07-24,MESU5,42002651,6403.75,6418.25,6391.25,6411.25,745373
2025-07-24,MESU5-MESZ5,42005309,55.6,56.0,55.6,55.95,22
2025-07-24,MESU6,42003239,6612.0,6612.0,6612.0,6612.0,2
2025-07-24,MESZ5,42004164,6457.75,6473.75,6447.0,6467.25,1032
2025-07-24,MESZ5-MESH6,42015635,58.2,58.2,58.2,58.2,5
2025-07-25,MESH6,42003800,6534.75,6543.25,6523.75,6542.0,23
2025-07-25,MESM6,42005163,6585.0,6585.0,6585.0,6585.0,1
2025-07-25,MESU5,42002651,6411.25,6431.0,6401.25,6428.5,589978
2025-07-25,MESU5-MESZ5,42005309,55.95,56.0,55.8,55.95,20
2025-07-25,MESZ5,42004164,6468.0,6488.0,6458.0,6480.25,772
2025-07-27,MESH6,42003800,6545.75,6565.0,6545.75,6563.75,16
2025-07-27,MESU5,42002651,6447.0,6456.0,6442.75,6447.5,30102
2025-07-27,MESU5-MESH6,42017651,112.5,112.5,112.5,112.5,1
2025-07-27,MESU5-MESZ5,42005309,56.25,56.55,56.25,56.55,28
2025-07-27,MESU6,42003239,6669.5,6669.5,6643.25,6643.25,2
2025-07-27,MESZ5,42004164,6501.25,6525.25,6499.5,6506.25,154
2025-07-28,MESH6,42003800,6571.0,6571.0,6530.0,6538.25,5
2025-07-28,MESM6,42005163,6600.0,6600.0,6600.0,6600.0,1
2025-07-28,MESU5,42002651,6447.75,6457.75,6409.0,6428.0,728122
2025-07-28,MESU5-MESH6,42017651,112.4,112.4,112.4,112.4,1
2025-07-28,MESU5-MESZ5,42005309,56.4,56.7,55.05,56.1,12
2025-07-28,MESU6,42003239,6641.75,6641.75,6641.75,6641.75,5
2025-07-28,MESZ5,42004164,6504.75,6514.75,6465.0,6483.75,1019
2025-07-29,MESH6,42003800,6541.75,6559.75,6514.5,6516.75,17
2025-07-29,MESU5,42002651,6428.25,6442.5,6396.25,6407.75,806276
2025-07-29,MESU5-MESZ5,42005309,56.4,56.4,55.55,55.95,15
2025-07-29,MESZ5,42004164,6481.75,6496.75,6452.0,6463.0,1027
2025-07-30,MESH6,42003800,6525.75,6556.75,6485.25,6556.75,39
2025-07-30,MESM6,42005163,6577.75,6577.75,6563.75,6563.75,2
2025-07-30,MESU5,42002651,6407.5,6446.75,6366.75,6442.25,870803
2025-07-30,MESU5-MESH6,42017651,117.75,117.75,117.75,117.75,1
2025-07-30,MESU5-MESZ5,42005309,55.5,57.0,53.65,56.6,30
2025-07-30,MESU6,42003239,6666.0,6666.0,6666.0,6666.0,1
2025-07-30,MESZ5,42004164,6465.75,6502.25,6422.25,6501.0,1308
2025-07-31,MESH6,42003800,6572.0,6575.0,6477.0,6477.0,54
2025-07-31,MESU5,42002651,6442.25,6468.5,6350.25,6362.75,1543914
2025-07-31,MESU5-MESH6,42017651,118.0,118.0,116.95,116.95,3
2025-07-31,MESU5-MESZ5,42005309,55.6,57.05,55.6,56.7,14
2025-07-31,MESZ5,42004164,6498.0,6525.75,6407.25,6419.5,2366
2025-07-31,MESZ5-MESH6,42015635,62.95,62.95,62.95,62.95,1
2025-08-01,MESH6,42003800,6474.75,6477.75,6357.25,6370.0,1538
2025-08-01,MESM6,42005163,6500.0,6500.0,6500.0,6500.0,1
2025-08-01,MESU5,42002651,6362.5,6372.5,6239.5,6263.25,1750321
2025-08-01,MESU5-MESH6,42017651,114.85,114.85,107.8,107.8,24
2025-08-01,MESU5-MESZ5,42005309,56.05,56.65,52.5,52.5,23
2025-08-01,MESZ5,42004164,6416.0,6427.5,6292.75,6315.25,3316
2025-08-01,MESZ5-MESH6,42015635,57.7,57.7,55.8,55.8,5
2025-08-03,MESH6,42003800,6365.0,6365.0,6365.0,6365.0,1
2025-08-03,MESU5,42002651,6256.75,6272.75,6251.25,6271.25,51491
2025-08-03,MESU5-MESZ5,42005309,52.05,52.05,52.05,52.05,2
2025-08-03,MESZ5,42004164,6314.5,6324.75,6303.5,6322.25,170
2025-08-04,MESH6,42003800,6385.5,6471.25,6385.5,6471.25,33
2025-08-04,MESU5,42002651,6271.0,6372.5,6269.5,6364.5,921058
2025-08-04,MESU5-MESZ5,42005309,52.05,53.55,52.05,53.3,7
2025-08-04,MESZ5,42004164,6324.0,6428.0,6324.0,6417.0,2269
2025-08-05,MESH6,42003800,6480.25,6483.75,6423.5,6435.0,34
2025-08-05,MESU5,42002651,6364.0,6377.5,6313.0,6316.75,1226493
2025-08-05,MESU5-MESZ5,42005309,53.5,53.5,53.35,53.35,14
2025-08-05,MESZ5,42004164,6416.5,6431.5,6368.0,6373.25,2138
2025-08-06,MESH6,42003800,6445.75,6485.5,6445.25,6481.5,10
2025-08-06,MESU5,42002651,6316.5,6387.75,6315.5,6380.5,1055119
2025-08-06,MESU5-MESZ5,42005309,53.8,53.85,53.25,53.85,24
2025-08-06,MESZ5,42004164,6375.0,6442.0,6374.75,6435.25,2115
2025-08-07,MESH6,42003800,6505.5,6526.0,6444.25,6484.25,24
2025-08-07,MESU5,42002651,6380.25,6426.75,6334.25,6376.75,1311462
2025-08-07,MESU5-MESZ5,42005309,54.3,55.0,53.65,53.9,16
2025-08-07,MESZ5,42004164,6432.75,6481.0,6389.0,6430.75,2183
2025-08-08,MESH6,42003800,6500.5,6535.75,6492.25,6535.75,17
2025-08-08,MESU5,42002651,6377.0,6425.75,6369.0,6425.0,849202
2025-08-08,MESU5-MESZ5,42005309,54.35,54.65,54.35,54.65,24
2025-08-08,MESZ5,42004164,6429.75,6481.5,6423.25,6479.75,1615
2025-08-10,MESU5,42002651,6424.5,6425.25,6413.25,6414.75,27027
2025-08-10,MESU5-MESZ5,42005309,54.7,54.8,54.7,54.8,5
2025-08-10,MESZ5,42004164,6478.0,6479.5,6467.5,6467.75,79
2025-08-11,MESH6,42003800,6519.0,6538.75,6519.0,6523.5,8
2025-08-11,MESU5,42002651,6415.0,6431.25,6387.75,6399.0,770665
2025-08-11,MESU5-MESH6,42017651,110.5,110.5,110.5,110.5,5
2025-08-11,MESU5-MESZ5,42005309,54.75,54.85,54.5,54.75,13
2025-08-11,MESZ5,42004164,6469.75,6486.0,6442.5,6451.75,1246
2025-08-12,MESH6,42003800,6513.0,6581.75,6509.5,6580.0,47
2025-08-12,MESU5,42002651,6398.75,6473.25,6391.25,6471.25,877755
2025-08-12,MESU5-MESZ5,42005309,54.8,54.8,54.3,54.65,201
2025-08-12,MESZ5,42004164,6455.25,6529.0,6445.75,6526.25,2434
2025-08-13,MESH6,42003800,6574.5,6612.0,6574.5,6601.0,50
2025-08-13,MESU5,42002651,6471.25,6502.5,6461.0,6487.25,794556
2025-08-13,MESU5-MESZ5,42005309,54.9,54.9,54.05,54.1,70
2025-08-13,MESZ5,42004164,6525.25,6556.25,6515.5,6541.75,1732
2025-08-14,MESH6,42003800,6592.75,6602.25,6565.0,6602.25,25
2025-08-14,MESU5,42002651,6487.5,6496.25,6453.0,6490.75,878677
2025-08-14,MESU5-MESZ5,42005309,54.4,55.2,54.4,54.85,44
2025-08-14,MESZ5,42004164,6541.75,6550.25,6507.25,6549.0,1532
2025-08-15,MESH6,42003800,6602.0,6618.0,6576.5,6576.5,54
2025-08-15,MESU5,42002651,6490.75,6509.0,6461.5,6467.25,788061
2025-08-15,MESU5-MESZ5,42005309,55.15,55.15,55.15,55.15,9
2025-08-15,MESZ5,42004164,6543.5,6563.25,6516.75,6519.0,1502
2025-08-17,MESU5,42002651,6467.0,6482.5,6466.25,6480.5,22765
2025-08-17,MESU5-MESZ5,42005309,55.9,55.95,55.9,55.95,3
2025-08-17,MESZ5,42004164,6527.5,6537.0,6517.5,6535.0,54
2025-08-18,MESH6,42003800,6595.0,6595.0,6577.75,6584.0,14
2025-08-18,MESU5,42002651,6480.5,6484.5,6455.75,6471.5,655003
2025-08-18,MESU5-MESZ5,42005309,55.1,55.9,55.1,55.9,9
2025-08-18,MESZ5,42004164,6535.0,6539.25,6513.0,6528.5,813
2025-08-19,MESH6,42003800,6571.0,6575.75,6538.0,6546.0,38
2025-08-19,MESU5,42002651,6471.5,6476.25,6419.25,6427.25,926495
2025-08-19,MESU5-MESZ5,42005309,55.3,55.3,54.2,54.6,11
2025-08-19,MESZ5,42004164,6525.0,6531.0,6475.0,6482.5,1610
2025-08-20,MESH6,42003800,6544.5,6544.5,6476.25,6525.5,62
2025-08-20,MESU5,42002651,6427.5,6430.75,6362.75,6411.25,1327726
2025-08-20,MESU5-MESH6,42017651,110.7,110.7,110.7,110.7,4
2025-08-20,MESU5-MESZ5,42005309,54.45,55.0,54.0,54.85,20
2025-08-20,MESZ5,42004164,6480.0,6485.0,6415.75,6466.0,2971
2025-08-21,MESH6,42003800,6528.0,6528.0,6483.5,6500.0,25
2025-08-21,MESM6,42005163,6575.0,6575.0,6575.0,6575.0,1
2025-08-21,MESU5,42002651,6411.0,6419.0,6370.25,6398.0,1018564
2025-08-21,MESU5-MESZ5,42005309,55.3,55.4,53.9,53.9,43
2025-08-21,MESZ5,42004164,6466.0,6474.25,6426.75,6453.75,1789
2025-08-22,MESH6,42003800,6505.5,6606.75,6490.75,6599.75,86
2025-08-22,MESU5,42002651,6398.0,6496.25,6363.75,6484.5,933908
2025-08-22,MESU5-MESH6,42017651,110.65,110.65,110.65,110.65,2
2025-08-22,MESU5-MESZ5,42005309,55.45,55.95,55.05,55.9,13
2025-08-22,MESZ5,42004164,6452.0,6551.0,6420.0,6542.75,3028
2025-08-24,MESH6,42003800,6599.0,6600.0,6593.75,6600.0,3
2025-08-24,MESU5,42002651,6493.0,6493.5,6479.0,6483.25,26750
2025-08-24,MESU5-MESZ5,42005309,55.95,56.1,55.95,56.1,16
2025-08-24,MESZ5,42004164,6547.5,6549.75,6535.0,6542.25,81
2025-08-25,MESH6,42003800,6593.5,6600.5,6580.0,6583.25,21
2025-08-25,MESU5,42002651,6483.25,6487.25,6453.0,6459.75,610026
2025-08-25,MESU5-MESZ5,42005309,56.2,56.25,55.75,56.25,50
2025-08-25,MESZ5,42004164,6542.5,6542.5,6509.25,6516.25,1396
2025-08-26,MESH6,42003800,6564.0,6600.0,6550.0,6600.0,37
2025-08-26,MESU5,42002651,6459.75,6489.0,6430.5,6486.5,763456
2025-08-26,MESU5-MESH6,42017651,115.45,115.45,115.45,115.45,4
2025-08-26,MESU5-MESZ5,42005309,55.8,56.2,55.5,55.7,167
2025-08-26,MESZ5,42004164,6512.75,6544.75,6487.0,6543.25,1704
2025-08-27,MESH6,42003800,6601.0,6616.0,6584.5,6590.0,49
2025-08-27,MESU5,42002651,6486.5,6507.0,6459.0,6476.0,671245
2025-08-27,MESU5-MESH6,42017651,113.5,113.5,113.5,113.5,1
2025-08-27,MESU5-MESZ5,42005309,55.8,56.3,55.05,55.65,56
2025-08-27,MESZ5,42004164,6540.5,6563.0,6515.5,6530.5,2355
2025-08-28,MESH6,42003800,6594.5,6636.0,6594.5,6625.5,42
2025-08-28,MESU5,42002651,6475.75,6523.0,6471.0,6514.25,760608
2025-08-28,MESU5-MESZ5,42005309,56.35,56.5,56.1,56.25,58
2025-08-28,MESU6,42003239,6702.5,6702.5,6702.5,6702.5,1
2025-08-28,MESZ5,42004164,6530.0,6583.75,6528.0,6570.75,2477
2025-08-28,MESZ5-MESH6,42015635,55.8,55.8,55.8,55.8,1
2025-08-29,MESH6,42003800,6623.5,6628.75,6578.5,6592.0,31
2025-08-29,MESU5,42002651,6514.0,6516.75,6455.25,6473.75,840000
2025-08-29,MESU5-MESH6,42017651,115.5,115.55,115.5,115.55,2
2025-08-29,MESU5-MESZ5,42005309,56.3,56.5,55.2,55.2,84
2025-08-29,MESZ5,42004164,6571.0,6572.75,6511.25,6525.0,2610
2025-08-31,MESH6,42003800,6590.0,6601.75,6590.0,6601.75,4
2025-08-31,MESU5,42002651,6479.25,6489.75,6474.25,6488.25,20021
2025-08-31,MESU5-MESZ5,42005309,55.6,56.0,55.6,55.95,29
2025-08-31,MESZ5,42004164,6535.0,6545.5,6530.75,6544.0,183
2025-09-01,MESH6,42003800,6604.75,6604.75,6578.0,6583.25,23
2025-09-01,MESU5,42002651,6488.25,6491.5,6459.25,6469.75,153088
2025-09-01,MESU5-MESZ5,42005309,55.7,56.6,55.6,56.3,35
2025-09-01,MESZ5,42004164,6545.0,6547.5,6516.25,6525.5,642
2025-09-02,MESH6,42003800,6579.0,6579.0,6490.25,6546.5,73
2025-09-02,MESU5,42002651,6470.0,6476.5,6371.5,6434.75,1177542
2025-09-02,MESU5-MESH6,42017651,112.4,112.4,111.15,111.15,2
2025-09-02,MESU5-MESZ5,42005309,56.15,56.35,54.3,54.3,105
2025-09-02,MESZ5,42004164,6527.0,6532.0,6426.5,6490.5,4933
2025-09-03,MESH6,42003800,6543.75,6576.25,6541.0,6568.0,91
2025-09-03,MESU5,42002651,6434.75,6464.5,6425.5,6455.75,915122
2025-09-03,MESU5-MESZ5,42005309,55.4,55.8,55.25,55.45,131
2025-09-03,MESZ5,42004164,6489.25,6519.75,6481.25,6511.5,3141
2025-09-04,MESH6,42003800,6573.75,6630.25,6573.75,6630.25,83
2025-09-04,MESU5,42002651,6455.75,6518.0,6454.5,6515.75,853494
2025-09-04,MESU5-MESH6,42017651,115.0,115.0,115.0,115.0,6
2025-09-04,MESU5-MESZ5,42005309,55.4,56.15,55.35,55.45,74
2025-09-04,MESZ5,42004164,6511.75,6573.5,6511.75,6572.25,6406
2025-09-05,MESH6,42003800,6633.0,6653.0,6564.0,6597.75,160
2025-09-05,MESU5,42002651,6515.75,6541.75,6452.0,6488.75,1334652
2025-09-05,MESU5-MESZ5,42005309,55.55,56.1,54.1,54.95,241
2025-09-05,MESZ5,42004164,6571.75,6597.25,6506.5,6540.5,5550
2025-09-07,MESH6,42003800,6600.0,6615.75,6600.0,6614.75,12
2025-09-07,MESU5,42002651,6484.0,6506.25,6480.0,6505.0,38661
2025-09-07,MESU5-MESZ5,42005309,54.55,54.8,54.5,54.65,18
2025-09-07,MESZ5,42004164,6540.25,6561.0,6533.0,6560.0,551
2025-09-08,MESH6,42003800,6613.0,6627.0,6606.5,6623.0,96
2025-09-08,MESU5,42002651,6505.0,6516.5,6490.0,6509.75,805294
2025-09-08,MESU5-MESZ5,42005309,54.65,55.15,54.3,54.6,367
2025-09-08,MESZ5,42004164,6559.25,6571.0,6544.75,6565.5,6204
2025-09-09,MESH6,42003800,6623.75,6647.75,6606.5,6641.0,52
2025-09-09,MESU5,42002651,6509.75,6537.25,6488.75,6530.0,864559
2025-09-09,MESU5-MESZ5,42005309,54.55,55.1,54.45,54.9,394
2025-09-09,MESZ5,42004164,6564.25,6592.25,6544.0,6584.75,8232
2025-09-09,MESZ5-MESH6,42015635,55.8,58.0,55.8,58.0,3
2025-09-10,MESH6,42003800,6652.75,6674.0,6637.75,6658.25,127
2025-09-10,MESU5,42002651,6529.75,6565.0,6522.5,6545.5,961316
2025-09-10,MESU5-MESZ5,42005309,55.0,55.25,54.5,54.75,543
2025-09-10,MESZ5,42004164,6584.25,6619.5,6577.25,6600.25,14119
2025-09-11,MESH6,42003800,6658.0,6712.0,6651.5,6709.25,163
2025-09-11,MESM6,42005163,6750.0,6750.0,6750.0,6750.0,1
2025-09-11,MESU5,42002651,6545.25,6600.0,6536.0,6592.75,942027
2025-09-11,MESU5-MESZ5,42005309,54.8,55.05,54.35,54.85,7971
2025-09-11,MESZ5,42004164,6599.75,6654.5,6590.75,6648.0,24496
2025-09-12,MESH6,42003800,6700.0,6719.25,6691.75,6704.0,123
2025-09-12,MESU5,42002651,6592.75,6605.75,6576.0,6588.5,772964
2025-09-12,MESU5-MESH6,42017651,114.2,114.2,114.2,114.2,1
2025-09-12,MESU5-MESZ5,42005309,55.0,56.85,55.0,56.55,10672
2025-09-12,MESZ5,42004164,6647.5,6662.5,6631.25,6645.25,34050
2025-09-12,MESZ5-MESH6,42015635,56.75,59.65,56.75,58.0,15
2025-09-14,MESH6,42003800,6704.25,6704.5,6704.25,6704.5,2
2025-09-14,MESU5,42002651,6588.5,6592.75,6586.0,6588.25,6618
2025-09-14,MESU5-MESZ5,42005309,56.5,56.9,56.5,56.65,351
2025-09-14,MESZ5,42004164,6645.25,6650.75,6642.5,6645.0,7883
2025-09-15,MESH6,42003800,6706.0,6739.75,6705.25,6735.0,189
2025-09-15,MESU5,42002651,6588.25,6623.75,6585.25,6620.0,245748
2025-09-15,MESU5-MESH6,42017651,114.8,115.0,114.8,115.0,2
2025-09-15,MESU5-MESZ5,42005309,56.7,58.05,56.3,57.7,32446
2025-09-15,MESZ5,42004164,6645.0,6681.25,6641.5,6677.5,526219
2025-09-15,MESZ5-MESH6,42015635,59.75,59.75,58.0,58.75,16
2025-09-16,MESH6,42003800,6736.25,6756.0,6720.75,6733.25,218
2025-09-16,MESU5,42002651,6620.25,6639.0,6604.25,6615.75,141662
2025-09-16,MESU5-MESH6,42017651,115.0,116.15,115.0,116.0,25
2025-09-16,MESU5-MESM6,42012758,169.0,169.0,169.0,169.0,2
2025-09-16,MESU5-MESZ5,42005309,57.55,58.45,56.3,57.05,16810
2025-09-16,MESZ5,42004164,6677.75,6697.0,6661.5,6672.5,648359
2025-09-16,MESZ5-MESH6,42015635,58.9,60.5,57.75,57.75,51
2025-09-17,MESH6,42003800,6732.25,6744.0,6668.75,6739.75,605
2025-09-17,MESM6,42005163,6767.0,6774.5,6767.0,6774.5,3
2025-09-17,MESU5,42002651,6615.25,6629.25,6554.0,6625.5,192290
2025-09-17,MESU5-MESH6,42017651,114.25,116.7,111.8,116.7,35
2025-09-17,MESU5-MESM6,42012758,160.9,160.9,160.9,160.9,1
2025-09-17,MESU5-MESZ5,42005309,57.05,58.0,56.75,57.5,6963
2025-09-17,MESZ5,42004164,6672.25,6686.75,6611.0,6683.25,1112878
2025-09-17,MESZ5-MESH6,42015635,59.25,59.25,56.0,56.0,28
2025-09-18,MESH6,42003800,6737.25,6777.5,6730.0,6761.75,573
2025-09-18,MESU5,42002651,6625.75,6662.0,6612.75,6646.25,119572
2025-09-18,MESU5-MESZ5,42005309,57.7,58.95,57.25,58.0,4134
2025-09-18,MESU6,42003239,6852.0,6852.0,6852.0,6852.0,2
2025-09-18,MESZ5,42004164,6683.25,6719.75,6670.25,6703.0,1128771
2025-09-18,MESZ5-MESH6,42015635,56.5,56.5,56.35,56.35,17
2025-09-19,MESH6,42003800,6762.25,6789.75,6740.0,6777.5,627
2025-09-19,MESU5,42002651,6646.25,6659.75,6622.5,6658.5,12874
2025-09-19,MESU5-MESM6,42012758,138.05,138.05,138.05,138.05,1
2025-09-19,MESU5-MESZ5,42005309,58.65,58.75,56.5,56.5,713
2025-09-19,MESZ5,42004164,6703.25,6731.5,6679.5,6719.75,767545
2025-09-19,MESZ5-MESH6,42015635,55.3,57.5,55.3,57.5,129
2025-09-21,MESH6,42003800,6790.0,6805.0,6771.25,6773.0,47
2025-09-21,MESZ5,42004164,6716.25,6721.5,6712.25,6714.75,21242
2025-09-22,MESH6,42003800,6773.0,6815.0,6753.0,6810.75,1147
2025-09-22,MESM6,42005163,6824.0,6870.25,6824.0,6855.0,9
2025-09-22,MESZ5,42004164,6714.75,6756.75,6695.0,6750.75,743062
2025-09-22,MESZ5-MESH6,42015635,57.8,59.2,57.75,59.2,62
2025-09-23,MESH6,42003800,6807.25,6814.75,6760.75,6776.5,814
2025-09-23,MESM6,42005163,6869.0,6869.0,6822.0,6835.0,14
2025-09-23,MESZ5,42004164,6750.75,6756.5,6701.5,6717.75,945804
2025-09-23,MESZ5-MESH6,42015635,58.75,59.35,58.75,59.35,17
2025-09-23,MESZ5-MESM6,42017819,113.95,114.0,113.95,114.0,2
2025-09-23,MESZ6,42001581,6958.0,6958.0,6958.0,6958.0,1
2025-09-24,MESH6,42003800,6775.5,6787.0,6736.75,6756.25,1146
2025-09-24,MESM6,42005163,6825.0,6825.0,6794.0,6813.0,21
2025-09-24,MESZ5,42004164,6717.75,6728.5,6678.0,6698.5,949768
2025-09-24,MESZ5-MESH6,42015635,58.85,59.0,58.85,59.0,6
2025-09-25,MESH6,42003800,6757.25,6763.75,6684.25,6720.0,1409
2025-09-25,MESM6,42005163,6779.0,6783.0,6740.0,6759.5,20
2025-09-25,MESZ5,42004164,6698.25,6705.5,6624.25,6658.75,1293180
2025-09-25,MESZ5-MESH6,42015635,59.0,59.45,58.4,58.4,53
2025-09-25,MESZ5-MESU6,42015828,160.0,160.0,160.0,160.0,5
2025-09-26,MESH6,42003800,6716.5,6765.5,6712.0,6765.5,1482
2025-09-26,MESM6,42005163,6800.0,6813.0,6792.0,6813.0,13
2025-09-26,MESZ5,42004164,6658.75,6703.0,6653.0,6697.5,1060332
2025-09-26,MESZ5-MESH6,42015635,58.4,59.1,58.4,59.1,5
2025-09-28,MESH6,42003800,6763.5,6765.5,6751.25,6764.0,33
2025-09-28,MESM6,42005163,6811.5,6811.5,6811.5,6811.5,2
2025-09-28,MESZ5,42004164,6697.25,6707.75,6696.75,6705.5,21638
2025-09-28,MESZ5-MESH6,42015635,59.4,59.8,59.4,59.8,15
2025-09-29,MESH6,42003800,6767.0,6795.75,6756.25,6772.25,1205
2025-09-29,MESM6,42005163,6822.0,6834.0,6822.0,6830.0,12
2025-09-29,MESZ5,42004164,6705.75,6736.25,6696.25,6711.25,935285
2025-09-29,MESZ5-MESH6,42015635,59.85,59.95,59.75,59.95,9
2025-09-30,MESH6,42003800,6768.0,6802.75,6753.0,6782.0,1100
2025-09-30,MESM6,42005163,6816.0,6847.0,6816.0,6847.0,3
2025-09-30,MESZ5,42004164,6711.25,6743.75,6692.75,6723.5,1042676
2025-09-30,MESZ5-MESH6,42015635,59.55,59.55,58.95,59.05,12
2025-10-01,MESH6,42003800,6782.75,6827.0,6740.0,6818.0,1372
2025-10-01,MESM6,42005163,6826.0,6866.0,6826.0,6866.0,9
2025-10-01,MESZ5,42004164,6723.5,6769.25,6680.0,6759.5,906001
2025-10-01,MESZ5-MESH6,42015635,58.9,58.9,57.75,57.85,40
2025-10-02,MESH6,42003800,6817.5,6840.0,6799.25,6826.25,961
2025-10-02,MESM6,42005163,6873.5,6873.5,6859.0,6861.75,20
2025-10-02,MESU6,42003239,6934.25,6935.5,6934.25,6935.5,4
2025-10-02,MESZ5,42004164,6759.75,6782.25,6741.5,6769.5,874628
2025-10-02,MESZ5-MESH6,42015635,58.1,58.1,57.8,57.8,11
2025-10-03,MESH6,42003800,6827.0,6858.0,6812.0,6823.75,1556
2025-10-03,MESM6,42005163,6886.0,6909.0,6886.0,6909.0,4
2025-10-03,MESZ5,42004164,6769.25,6800.0,6754.0,6763.0,999293
2025-10-03,MESZ5-MESH6,42015635,58.1,59.45,57.5,57.9,24
2025-10-05,MESH6,42003800,6824.5,6841.25,6824.5,6837.5,116
2025-10-05,MESZ5,42004164,6768.0,6783.5,6766.75,6778.25,33069
2025-10-05,MESZ5-MESH6,42015635,58.45,58.45,58.45,58.45,1
2025-10-06,MESH6,42003800,6836.5,6855.5,6825.0,6836.25,1101
2025-10-06,MESM6,42005163,6886.25,6902.0,6886.25,6902.0,18
2025-10-06,MESZ5,42004164,6778.5,6797.5,6766.25,6778.5,807762
2025-10-06,MESZ5-MESH6,42015635,58.45,58.45,57.5,58.2,20
2025-10-06,MESZ6,42001581,6985.0,6985.0,6985.0,6985.0,1
2025-10-07,MESH6,42003800,6836.5,6860.5,6805.25,6818.0,1761
2025-10-07,MESM6,42005163,6889.0,6915.25,6860.75,6870.0,17
2025-10-07,MESZ5,42004164,6778.25,6802.75,6747.25,6759.25,1137502
2025-10-07,MESZ5-MESH6,42015635,57.9,58.1,56.2,58.0,18
2025-10-08,MESH6,42003800,6818.0,6870.5,6817.5,6866.75,924
2025-10-08,MESM6,42005163,6886.0,6914.5,6879.0,6914.5,25
2025-10-08,MESZ5,42004164,6759.25,6812.25,6758.0,6808.75,746536
2025-10-08,MESZ5-MESH6,42015635,58.25,58.45,58.0,58.45,47
2025-10-09,MESH6,42003800,6866.5,6867.5,6820.0,6847.25,1305
2025-10-09,MESM6,42005163,6905.25,6905.25,6879.0,6893.75,17
2025-10-09,MESZ5,42004164,6808.75,6809.5,6760.75,6789.25,986372
2025-10-10,MESH6,42003800,6848.25,6868.0,6589.5,6601.25,3392
2025-10-10,MESM6,42005163,6902.5,6914.75,6693.0,6693.0,61
2025-10-10,MESZ5,42004164,6789.25,6806.5,6540.25,6550.75,1863219
2025-10-10,MESZ5-MESH6,42015635,58.05,58.05,55.1,55.1,51
2025-10-10,MESZ5-MESM6,42017819,106.5,106.5,106.5,106.5,1
2025-10-12,MESH6,42003800,6670.25,6730.0,6670.25,6725.0,323
2025-10-12,MESM6,42005163,6750.0,6775.75,6750.0,6771.0,14
2025-10-12,MESZ5,42004164,6631.5,6675.0,6630.0,6668.5,96542
2025-10-12,MESZ5-MESH6,42015635,55.0,55.1,55.0,55.05,24
2025-10-13,MESH6,42003800,6721.25,6766.0,6712.25,6746.75,3139
2025-10-13,MESM6,42005163,6776.75,6812.25,6765.0,6795.0,34
2025-10-13,MESZ5,42004164,6668.25,6711.5,6653.25,6691.5,1304533
2025-10-13,MESZ5-MESH6,42015635,56.5,56.75,55.7,55.8,26
2025-10-13,MESZ6,42001581,6875.0,6875.0,6875.0,6875.0,1
2025-10-14,MESH6,42003800,6747.0,6779.75,6648.0,6748.0,2406
2025-10-14,MESM6,42005163,6787.0,6823.75,6705.0,6796.0,57
2025-10-14,MESZ5,42004164,6691.25,6722.75,6593.5,6689.0,1691270
2025-10-14,MESZ5-MESH6,42015635,56.25,56.7,55.05,55.6,42
2025-10-14,MESZ6,42001581,6870.0,6870.0,6870.0,6870.0,1
2025-10-15,MESH6,42003800,6746.0,6823.25,6708.5,6771.5,1908
2025-10-15,MESM6,42005163,6826.0,6869.25,6775.0,6798.75,55
2025-10-15,MESZ5,42004164,6689.0,6766.75,6651.5,6714.75,1661812
2025-10-15,MESZ5-MESH6,42015635,56.1,56.1,55.5,55.9,14
2025-10-16,MESH6,42003800,6766.25,6807.0,6687.75,6704.0,2219
2025-10-16,MESM6,42005163,6810.75,6855.25,6743.0,6753.0,83
2025-10-16,MESZ5,42004164,6714.75,6750.5,6632.0,6651.25,2035461
2025-10-16,MESZ5-MESH6,42015635,55.85,57.0,54.0,54.0,16
2025-10-17,MESH6,42003800,6707.0,6772.0,6624.5,6760.0,2565
2025-10-17,MESM6,42005163,6747.0,6819.5,6689.25,6815.0,64
2025-10-17,MESZ5,42004164,6651.25,6718.0,6571.25,6711.0,1867088
2025-10-17,MESZ5-MESH6,42015635,53.85,56.25,53.85,56.25,17
2025-10-19,MESH6,42003800,6775.0,6790.0,6758.0,6758.0,71
2025-10-19,MESM6,42005163,6836.0,6836.0,6816.0,6816.0,10
2025-10-19,MESZ5,42004164,6720.75,6726.5,6701.5,6705.75,37291
2025-10-20,MESH6,42003800,6755.0,6840.0,6750.0,6835.0,1068
2025-10-20,MESM6,42005163,6818.0,6884.0,6811.0,6881.5,39
2025-10-20,MESZ5,42004164,6705.5,6783.25,6693.75,6778.0,878954
2025-10-20,MESZ5-MESH6,42015635,55.5,58.0,55.0,58.0,66
2025-10-21,MESH6,42003800,6836.0,6847.25,6817.25,6827.0,991
2025-10-21,MESM6,42005163,6879.75,6889.25,6879.75,6889.25,3
2025-10-21,MESZ5,42004164,6777.75,6790.0,6759.0,6769.75,992575
2025-10-21,MESZ5-MESH6,42015635,57.0,57.25,56.5,56.5,111
2025-10-21,MESZ6,42001581,6987.0,6987.0,6987.0,6987.0,1
2025-10-22,MESH6,42003800,6826.0,6846.0,6746.25,6784.5,4800
2025-10-22,MESM6,42005163,6870.0,6882.0,6799.5,6833.0,73
2025-10-22,MESZ5,42004164,6770.0,6788.75,6690.75,6727.0,1567766
2025-10-22,MESZ5-MESH6,42015635,56.95,57.05,55.5,56.05,139
2025-10-23,MESH6,42003800,6780.25,6843.25,6775.0,6839.5,1376
2025-10-23,MESM6,42005163,6843.75,6889.0,6843.75,6880.0,39
2025-10-23,MESZ5,42004164,6727.0,6785.75,6717.25,6780.75,1041005
2025-10-23,MESZ5-MESH6,42015635,56.6,57.65,56.6,57.65,42
2025-10-23,MESZ6,42001581,6980.0,6980.0,6980.0,6980.0,1
2025-10-24,MESH6,42003800,6835.75,6898.5,6835.75,6888.5,1512
2025-10-24,MESM6,42005163,6892.0,6953.0,6892.0,6939.0,51
2025-10-24,MESZ5,42004164,6781.0,6841.75,6777.0,6825.25,798256
2025-10-24,MESZ5-MESH6,42015635,57.55,58.15,57.35,57.75,71
2025-10-26,MESH6,42003800,6934.0,6961.25,6922.0,6928.0,133
2025-10-26,MESM6,42005163,6981.0,6987.0,6981.0,6986.5,3
2025-10-26,MESZ5,42004164,6875.0,6897.0,6865.75,6870.75,44630
2025-10-26,MESZ5-MESH6,42015635,58.15,58.75,58.15,58.75,20
2025-10-27,MESH6,42003800,6927.0,6979.0,6927.0,6972.75,1035
2025-10-27,MESH6-MESM6,42017830,49.75,49.75,49.75,49.75,1
2025-10-27,MESM6,42005163,6983.25,7026.0,6977.5,7022.25,51
2025-10-27,MESZ5,42004164,6870.75,6917.75,6867.25,6911.0,649892
2025-10-27,MESZ5-MESH6,42015635,58.9,59.55,58.35,59.5,53
2025-10-28,MESH6,42003800,6970.5,7003.0,6961.0,6988.25,1346
2025-10-28,MESM6,42005163,7019.5,7052.0,7015.75,7035.0,114
2025-10-28,MESZ5,42004164,6910.75,6944.75,6901.5,6927.75,769355
2025-10-28,MESZ5-MESH6,42015635,59.5,59.5,59.5,59.5,8
2025-10-29,MESH6,42003800,6987.0,7012.0,6943.5,6985.25,2087
2025-10-29,MESM6,42005163,7059.75,7061.75,7000.0,7022.0,61
2025-10-29,MESZ5,42004164,6928.0,6952.0,6882.5,6922.25,957048
2025-10-29,MESZ5-MESH6,42015635,59.65,63.7,58.35,60.0,50
2025-10-30,MESH6,42003800,6989.0,7015.0,6912.0,6959.25,1818
2025-10-30,MESM6,42005163,7034.0,7050.0,6968.5,7013.5,47
2025-10-30,MESZ5,42004164,6922.5,6955.0,6850.75,6898.5,1341548
2025-10-30,MESZ5-MESH6,42015635,61.0,61.7,60.3,60.5,115
2025-10-31,MESH6,42003800,6952.75,6979.5,6904.75,6932.75,1685
2025-10-31,MESM6,42005163,7004.0,7008.0,6957.75,6982.25,40
2025-10-31,MESZ5,42004164,6898.75,6918.5,6843.5,6872.0,1159935
2025-10-31,MESZ5-MESH6,42015635,60.95,61.0,60.95,61.0,54
2025-11-02,MESH6,42003800,6939.25,6955.0,6938.5,6953.75,76
2025-11-02,MESM6,42005163,7010.5,7011.5,7010.5,7011.5,10
2025-11-02,MESZ5,42004164,6877.5,6895.0,6876.25,6892.5,21406
2025-11-03,MESH6,42003800,6954.25,6968.75,6911.5,6935.5,1358
2025-11-03,MESM6,42005163,6994.75,7022.0,6967.0,7003.25,36
2025-11-03,MESZ5,42004164,6892.75,6909.5,6849.5,6876.25,932247
2025-11-03,MESZ5-MESH6,42015635,61.0,61.0,59.75,59.75,37
2025-11-04,MESH6,42003800,6935.0,6935.0,6849.0,6854.25,2010
2025-11-04,MESM6,42005163,6989.0,6989.0,6909.75,6912.0,179
2025-11-04,MESU6,42003239,6970.0,6971.25,6970.0,6971.25,2
2025-11-04,MESZ5,42004164,6876.25,6876.25,6786.25,6793.25,1394056
2025-11-04,MESZ5-MESH6,42015635,60.5,60.6,59.25,60.0,57
2025-11-05,MESH6,42003800,6851.0,6917.75,6809.25,6895.5,1664
2025-11-05,MESM6,42005163,6890.0,6971.0,6864.75,6938.0,91
2025-11-05,MESZ5,42004164,6793.5,6857.5,6748.5,6834.5,1145005
2025-11-05,MESZ5-MESH6,42015635,59.9,61.15,59.5,61.15,97
2025-11-05,MESZ6,42001581,6990.0,6995.0,6990.0,6995.0,3
2025-11-06,MESH6,42003800,6895.5,6904.25,6790.25,6826.75,2327
2025-11-06,MESM6,42005163,6924.25,6955.5,6850.75,6880.0,91
2025-11-06,MESZ5,42004164,6834.5,6843.75,6733.5,6765.0,1717035
2025-11-06,MESZ5-MESH6,42015635,61.0,61.0,58.75,59.65,25
2025-11-07,MESH6,42003800,6820.0,6831.0,6713.75,6826.0,3272
2025-11-07,MESM6,42005163,6865.75,6874.0,6769.75,6873.0,162
2025-11-07,MESU6,42003239,6850.0,6850.0,6850.0,6850.0,1
2025-11-07,MESZ5,42004164,6765.25,6771.75,6655.5,6765.25,1986822
2025-11-07,MESZ5-MESH6,42015635,58.5,59.6,57.95,59.1,50
2025-11-09,MESH6,42003800,6843.5,6858.0,6835.75,6844.75,201
2025-11-09,MESM6,42005163,6895.75,6911.5,6895.75,6900.0,13
2025-11-09,MESZ5,42004164,6786.25,6794.75,6778.25,6785.0,30975
2025-11-10,MESH6,42003800,6840.0,6925.75,6832.5,6922.0,1956
2025-11-10,MESM6,42005163,6892.0,6979.25,6892.0,6979.25,132
2025-11-10,MESU6,42003239,6967.25,7010.5,6957.0,7010.5,26
2025-11-10,MESZ5,42004164,6785.0,6866.0,6772.0,6862.0,1203761
2025-11-10,MESZ5-MESH6,42015635,59.7,61.1,59.7,60.95,150
2025-11-10,MESZ5-MESM6,42017819,115.45,116.25,115.45,116.25,2
2025-11-11,MESH6,42003800,6922.5,6941.0,6891.0,6934.5,1529
2025-11-11,MESM6,42005163,6981.25,6994.0,6949.0,6991.0,72
2025-11-11,MESZ5,42004164,6862.25,6880.25,6830.0,6871.25,1031606
2025-11-11,MESZ5-MESH6,42015635,60.75,61.2,60.45,60.75,114
2025-11-11,MESZ5-MESM6,42017819,116.5,116.5,116.5,116.5,1
2025-11-12,MESH6,42003800,6933.0,6962.0,6913.75,6919.5,1767
2025-11-12,MESM6,42005163,6996.75,7017.0,6975.0,6977.0,67
2025-11-12,MESZ5,42004164,6871.5,6900.5,6851.25,6858.0,1141978
2025-11-12,MESZ5-MESH6,42015635,61.1,61.55,60.9,61.55,79
2025-11-12,MESZ5-MESM6,42017819,115.45,116.75,115.45,116.75,2
2025-11-13,MESH6,42003800,6920.0,6954.5,6806.75,6826.5,2944
2025-11-13,MESM6,42005163,7000.0,7008.75,6861.5,6882.0,96
2025-11-13,MESZ5,42004164,6858.5,6892.25,6746.0,6767.0,1916957
2025-11-13,MESZ5-MESH6,42015635,61.45,61.95,59.9,59.9,70
2025-11-14,MESH6,42003800,6827.5,6855.5,6730.0,6825.0,3591
2025-11-14,MESM6,42005163,6876.5,6908.25,6785.0,6881.0,129
2025-11-14,MESZ5,42004164,6766.75,6795.5,6670.5,6765.0,2129903
2025-11-14,MESZ5-MESH6,42015635,60.5,60.6,59.1,60.6,36
2025-11-14,MESZ6,42001581,7000.0,7000.0,7000.0,7000.0,1
2025-11-16,MESH6,42003800,6825.0,6835.0,6801.0,6826.5,107
2025-11-16,MESM6,42005163,6857.25,6875.25,6857.25,6875.25,4
2025-11-16,MESZ5,42004164,6764.5,6770.5,6740.25,6766.5,37808
2025-11-17,MESH6,42003800,6824.5,6862.0,6718.0,6761.75,3200
2025-11-17,MESH6-MESM6,42017830,50.85,50.85,50.85,50.85,1
2025-11-17,MESM6,42005163,6884.25,6915.25,6773.5,6811.75,87
2025-11-17,MESU6,42003239,6901.5,6901.5,6850.0,6850.0,6
2025-11-17,MESZ5,42004164,6766.5,6801.5,6658.25,6701.5,1798250
2025-11-17,MESZ5-MESH6,42015635,61.05,61.05,59.15,59.2,93
2025-11-17,MESZ6,42001581,6900.0,6900.0,6900.0,6900.0,1
2025-11-18,MESH6,42003800,6760.5,6766.75,6651.75,6700.0,5920
2025-11-18,MESM6,42005163,6804.5,6820.0,6708.5,6772.75,273
2025-11-18,MESU6,42003239,6803.0,6835.0,6770.0,6835.0,3
2025-11-18,MESZ5,42004164,6701.5,6708.75,6594.0,6641.75,2316828
2025-11-18,MESZ5-MESH6,42015635,59.35,59.7,58.0,58.05,160
2025-11-18,MESZ5-MESM6,42017819,110.75,111.25,110.75,111.25,2
2025-11-18,MESZ6,42001581,6810.25,6810.25,6810.25,6810.25,1
2025-11-19,MESH6,42003800,6695.0,6792.25,6674.0,6792.0,3986
2025-11-19,MESM6,42005163,6747.5,6842.25,6747.5,6842.25,258
2025-11-19,MESZ5,42004164,6641.5,6732.75,6612.75,6732.0,1904730
2025-11-19,MESZ5-MESH6,42015635,59.15,60.25,58.55,60.1,287
2025-11-19,MESZ6,42001581,6900.0,6900.0,6850.25,6850.25,2
2025-11-20,MESH6,42003800,6792.0,6851.25,6598.75,6622.75,7649
2025-11-20,MESH6-MESM6,42017830,54.5,54.75,54.5,54.75,2
2025-11-20,MESM6,42005163,6851.0,6901.25,6650.0,6666.0,308
2025-11-20,MESU6,42003239,6904.25,6904.25,6768.75,6770.0,5
2025-11-20,MESZ5,42004164,6731.75,6791.25,6539.0,6566.0,2527427
2025-11-20,MESZ5-MESH6,42015635,60.0,60.9,57.75,57.9,129
2025-11-20,MESZ5-MESM6,42017819,113.3,115.5,108.5,108.5,12
2025-11-20,MESZ6,42001581,6770.0,6770.0,6750.0,6750.0,2
2025-11-21,MESH6,42003800,6625.0,6735.0,6582.75,6690.0,6094
2025-11-21,MESH6-MESM6,42017830,50.95,50.95,50.8,50.8,2
2025-11-21,MESM6,42005163,6684.0,6787.0,6635.0,6736.75,196
2025-11-21,MESU6,42003239,6803.75,6803.75,6803.75,6803.75,1
2025-11-21,MESZ5,42004164,6565.75,6677.75,6524.75,6631.5,2300640
2025-11-21,MESZ5-MESH6,42015635,58.0,58.3,56.75,58.25,55
2025-11-23,MESH6,42003800,6699.5,6726.25,6699.5,6711.0,131
2025-11-23,MESM6,42005163,6766.5,6767.5,6762.0,6762.0,3
2025-11-23,MESZ5,42004164,6654.5,6666.25,6650.0,6653.25,33383
2025-11-23,MESZ5-MESH6,42015635,57.8,57.95,57.8,57.95,10
2025-11-24,MESH6,42003800,6710.0,6789.5,6684.0,6780.25,3565
2025-11-24,MESM6,42005163,6759.75,6840.25,6735.0,6838.5,72
2025-11-24,MESU6,42003239,6880.0,6891.0,6880.0,6891.0,21
2025-11-24,MESZ5,42004164,6653.0,6731.75,6625.25,6722.25,1438062
2025-11-24,MESZ5-MESH6,42015635,58.2,58.5,57.85,58.0,40
2025-11-25,MESH6,42003800,6780.0,6851.0,6732.0,6842.0,3847
2025-11-25,MESM6,42005163,6830.0,6903.75,6784.0,6893.5,147
2025-11-25,MESZ5,42004164,6722.0,6792.5,6674.5,6783.5,1455136
2025-11-25,MESZ5-MESH6,42015635,58.2,58.25,56.5,57.85,69
2025-11-26,MESH6,42003800,6841.75,6905.0,6840.0,6889.25,3986
2025-11-26,MESM6,42005163,6902.0,6956.75,6898.25,6951.5,97
2025-11-26,MESZ5,42004164,6783.75,6846.5,6780.25,6829.25,1138729
2025-11-26,MESZ5-MESH6,42015635,58.25,58.5,58.05,58.3,110
2025-11-27,MESH6,42003800,6888.25,6895.5,6883.5,6895.25,625
2025-11-27,MESM6,42005163,6933.75,6946.5,6932.25,6946.5,11
2025-11-27,MESZ5,42004164,6829.25,6836.75,6824.25,6836.0,91373
2025-11-27,MESZ5-MESH6,42015635,59.0,59.0,58.55,58.6,4
2025-11-28,MESH6,42003800,6893.75,6922.5,6890.5,6912.0,1652
2025-11-28,MESM6,42005163,6949.0,6976.5,6946.0,6976.5,60
2025-11-28,MESZ5,42004164,6836.0,6863.75,6829.5,6857.5,214192
2025-11-28,MESZ5-MESH6,42015635,59.0,59.05,58.45,58.45,87
2025-11-30,MESH6,42003800,6913.75,6922.25,6908.25,6911.0,118
2025-11-30,MESZ5,42004164,6855.0,6864.5,6848.5,6853.0,25750
2025-11-30,MESZ5-MESH6,42015635,58.75,58.75,58.75,58.75,5
2025-12-01,MESH6,42003800,6912.75,6914.0,6860.75,6883.0,4701
2025-12-01,MESM6,42005163,6936.0,6964.75,6914.5,6941.75,108
2025-12-01,MESU6,42003239,6987.0,6987.0,6987.0,6987.0,1
2025-12-01,MESZ5,42004164,6853.5,6855.5,6802.0,6824.75,1249377
2025-12-01,MESZ5-MESH6,42015635,58.35,58.7,58.35,58.4,117
2025-12-01,MESZ5-MESM6,42017819,111.0,111.0,111.0,111.0,1
2025-12-02,MESH6,42003800,6881.75,6921.75,6871.75,6906.25,4542
2025-12-02,MESH6-MESM6,42017830,52.5,52.5,52.5,52.5,1
2025-12-02,MESM6,42005163,6926.25,6973.5,6925.0,6958.0,70
2025-12-02,MESZ5,42004164,6825.0,6863.5,6812.25,6845.75,1254641
2025-12-02,MESZ5-MESH6,42015635,58.3,58.75,58.0,58.35,124
2025-12-02,MESZ5-MESM6,42017819,110.75,114.0,110.75,114.0,6
2025-12-03,MESH6,42003800,6906.5,6931.5,6875.75,6921.0,5002
2025-12-03,MESM6,42005163,6960.0,6983.25,6933.0,6975.0,103
2025-12-03,MESZ5,42004164,6846.0,6873.25,6817.5,6863.25,1111679
2025-12-03,MESZ5-MESH6,42015635,58.4,58.45,57.5,58.35,132
2025-12-03,MESZ5-MESM6,42017819,111.5,111.5,111.5,111.5,7
2025-12-04,MESH6,42003800,6923.0,6938.5,6893.75,6922.0,4024
2025-12-04,MESM6,42005163,6972.0,6992.5,6948.75,6979.0,87
2025-12-04,MESZ5,42004164,6863.5,6880.75,6836.25,6863.75,1152801
2025-12-04,MESZ5-MESH6,42015635,58.2,58.7,57.95,58.2,258
2025-12-04,MESZ6,42001581,7070.75,7070.75,7070.75,7070.75,2
2025-12-05,MESH6,42003800,6922.0,6964.25,6915.0,6936.75,4999
2025-12-05,MESM6,42005163,6975.5,7015.75,6975.5,6993.25,120
2025-12-05,MESU6,42003239,7050.0,7050.0,7050.0,7050.0,1
2025-12-05,MESZ5,42004164,6863.75,6905.0,6856.5,6879.5,1153482
2025-12-05,MESZ5-MESH6,42015635,58.25,59.0,58.2,58.7,517
2025-12-07,MESH6,42003800,6941.75,6969.0,6936.5,6940.0,227
2025-12-07,MESZ5,42004164,6882.75,6886.25,6877.25,6881.0,13562
2025-12-07,MESZ5-MESH6,42015635,58.8,58.8,58.7,58.75,15
2025-12-08,MESH6,42003800,6939.0,6952.25,6892.75,6925.75,5400
2025-12-08,MESM6,42005163,7000.75,7003.5,6948.75,6971.0,131
2025-12-08,MESZ5,42004164,6881.25,6894.0,6835.25,6868.5,886241
2025-12-08,MESZ5-MESH6,42015635,58.8,58.8,57.75,58.0,1051
2025-12-08,MESZ5-MESM6,42017819,110.0,110.5,110.0,110.5,60
2025-12-08,MESZ6,42001581,7050.0,7053.0,7050.0,7053.0,16
2025-12-09,MESH6,42003800,6925.5,6931.25,6896.25,6904.5,5928
2025-12-09,MESM6,42005163,6973.25,6981.25,6952.25,6952.25,110
2025-12-09,MESZ5,42004164,6868.5,6873.0,6843.75,6846.5,910720
2025-12-09,MESZ5-MESH6,42015635,58.0,58.4,57.9,58.1,122
2025-12-09,MESZ5-MESM6,42017819,112.0,112.0,112.0,112.0,2
2025-12-10,MESH6,42003800,6904.25,6966.25,6887.75,6941.25,15256
2025-12-10,MESM6,42005163,6958.0,7015.5,6942.0,6994.75,172
2025-12-10,MESZ5,42004164,6846.5,6908.0,6830.75,6882.75,1240878
2025-12-10,MESZ5-MESH6,42015635,58.1,59.0,57.8,59.0,489
2025-12-11,MESH6,42003800,6941.5,6988.0,6875.5,6963.25,41865
2025-12-11,MESH6-MESM6,42017830,52.5,53.25,50.5,50.5,13
2025-12-11,MESM6,42005163,6983.0,7040.75,6930.5,7040.75,375
2025-12-11,MESZ5,42004164,6882.75,6929.0,6817.25,6904.0,1371580
2025-12-11,MESZ5-MESH6,42015635,58.45,59.5,58.0,59.3,1214
2025-12-11,MESZ5-MESM6,42017819,110.55,113.0,110.55,113.0,24
2025-12-12,MESH6,42003800,6963.0,6972.75,6863.75,6893.25,80367
2025-12-12,MESM6,42005163,7016.0,7025.0,6915.5,6943.25,241
2025-12-12,MESZ5,42004164,6904.0,6913.25,6805.0,6833.5,1712756
2025-12-12,MESZ5-MESH6,42015635,59.3,60.15,58.8,59.5,12462
2025-12-12,MESZ5-MESM6,42017819,112.05,112.05,112.0,112.0,8
2025-12-14,MESH6,42003800,6891.5,6897.75,6878.0,6892.25,11939
2025-12-14,MESH6-MESM6,42017830,53.0,53.0,53.0,53.0,1
2025-12-14,MESM6,42005163,6945.0,6945.25,6929.75,6945.25,13
2025-12-14,MESZ5,42004164,6832.75,6838.0,6818.5,6832.5,12298
2025-12-14,MESZ5-MESH6,42015635,59.5,59.75,59.25,59.75,146
2025-12-15,MESH6,42003800,6892.5,6932.25,6864.25,6874.75,940724
2025-12-15,MESH6-MESM6,42017830,49.75,49.75,49.75,49.75,3
2025-12-15,MESM6,42005163,6946.25,6981.25,6914.75,6927.25,329
2025-12-15,MESZ5,42004164,6832.75,6872.5,6806.0,6817.5,513037
2025-12-15,MESZ5-MESH6,42015635,59.75,60.3,57.55,57.6,40123
2025-12-15,MESZ5-MESM6,42017819,111.25,113.0,108.25,110.0,26
2025-12-15,MESZ5-MESU6,42015828,150.0,150.0,150.0,150.0,3
2025-12-15,MESZ6,42001581,7053.0,7053.0,7053.0,7053.0,1
2025-12-16,MESH6,42003800,6875.0,6891.5,6817.25,6845.5,1501440
2025-12-16,MESH6-MESM6,42017830,50.0,50.25,50.0,50.25,27
2025-12-16,MESM6,42005163,6923.75,6941.25,6869.5,6905.75,719
2025-12-16,MESZ5,42004164,6817.5,6834.0,6761.75,6790.5,344355
2025-12-16,MESZ5-MESH6,42015635,57.6,58.35,54.75,55.1,17800
2025-12-16,MESZ5-MESM6,42017819,107.5,107.75,104.75,104.75,9
2025-12-17,MESH6,42003800,6845.25,6882.75,6775.5,6782.25,1390602
2025-12-17,MESH6-MESM6,42017830,50.5,51.75,50.5,51.75,3
2025-12-17,MESM6,42005163,6895.25,6933.75,6825.75,6837.25,853
2025-12-17,MESZ5,42004164,6790.0,6826.75,6722.0,6730.0,233265
2025-12-17,MESZ5-MESH6,42015635,55.1,56.45,51.5,52.05,10618
2025-12-17,MESZ5-MESM6,42017819,107.25,107.25,102.45,102.45,17
2025-12-17,MESZ6,42001581,6985.0,6985.0,6985.0,6985.0,1
2025-12-18,MESH6,42003800,6782.5,6872.25,6771.25,6830.0,1627880
2025-12-18,MESH6-MESM6,42017830,50.25,50.25,48.75,48.75,14
2025-12-18,MESM6,42005163,6830.0,6921.5,6822.0,6878.5,817
2025-12-18,MESZ5,42004164,6730.25,6818.5,6720.25,6777.5,222467
2025-12-18,MESZ5-MESH6,42015635,52.0,53.45,50.85,52.35,5201
2025-12-18,MESZ5-MESM6,42017819,101.25,104.0,100.0,100.0,40
2025-12-18,MESZ6,42001581,6921.0,6921.0,6921.0,6921.0,1
2025-12-19,MESH6,42003800,6830.0,6895.25,6820.5,6893.25,859919
2025-12-19,MESH6-MESM6,42017830,50.85,51.1,50.35,51.0,39
2025-12-19,MESH6-MESZ6,42010387,142.0,142.0,142.0,142.0,5
2025-12-19,MESM6,42005163,6880.5,6946.75,6870.0,6942.25,801
2025-12-19,MESU6,42003239,6973.5,6973.5,6973.5,6973.5,1
2025-12-19,MESZ5,42004164,6777.75,6802.75,6769.25,6794.25,10193
2025-12-19,MESZ5-MESH6,42015635,52.2,53.2,50.0,50.75,689
2025-12-19,MESZ6,42001581,6997.0,6997.0,6997.0,6997.0,1
2025-12-21,MESH6,42003800,6905.75,6909.75,6900.75,6906.25,14444
2025-12-21,MESH6-MESM6,42017830,50.8,51.3,50.8,51.3,6
2025-12-21,MESM6,42005163,6949.0,6960.0,6949.0,6955.75,51
2025-12-22,MESH6,42003800,6906.25,6936.5,6900.25,6930.75,741391
2025-12-22,MESH6-MESM6,42017830,51.35,52.15,51.05,52.15,30
2025-12-22,MESH6-MESZ6,42010387,147.0,147.0,147.0,147.0,7
2025-12-22,MESM6,42005163,6958.5,6987.0,6953.0,6983.75,479
2025-12-22,MESU6,42003239,7021.0,7037.5,7021.0,7037.5,13
2025-12-22,MESZ6,42001581,7053.0,7099.5,7044.0,7051.5,4
2025-12-23,MESH6,42003800,6931.0,6963.75,6913.25,6957.0,622730
2025-12-23,MESH6-MESM6,42017830,51.75,52.5,51.0,51.65,29
2025-12-23,MESM6,42005163,6982.25,7015.0,6966.75,7008.75,792
2025-12-23,MESU6,42003239,7014.0,7064.0,7014.0,7064.0,19
2025-12-23,MESZ6,42001581,7093.25,7100.0,7093.25,7100.0,4
2025-12-24,MESH6,42003800,6957.0,6988.0,6952.5,6980.0,290437
2025-12-24,MESH6-MESM6,42017830,51.85,52.5,51.85,52.3,17
2025-12-24,MESM6,42005163,7010.75,7040.0,7004.75,7033.5,438
2025-12-24,MESU6,42003239,7081.5,7085.0,7081.5,7085.0,2
2025-12-24,MESZ6,42001581,7121.0,7121.0,7121.0,7121.0,1
2025-12-25,MESH6,42003800,6981.0,6995.0,6980.25,6984.75,8973
2025-12-25,MESH6-MESM6,42017830,52.65,52.65,50.65,52.1,5
2025-12-25,MESM6,42005163,7035.0,7043.0,7032.25,7037.25,26
2025-12-26,MESH6,42003800,6984.75,6994.0,6969.0,6977.0,511083
2025-12-26,MESH6-MESM6,42017830,52.2,52.75,51.35,51.65,40
2025-12-26,MESM6,42005163,7038.25,7045.25,7021.75,7028.0,347
2025-12-26,MESU6,42003239,7088.0,7088.0,7080.5,7080.5,3
2025-12-28,MESH6,42003800,6980.0,6983.75,6976.75,6979.75,8943
2025-12-28,MESH6-MESM6,42017830,51.75,51.75,51.1,51.75,7
2025-12-28,MESM6,42005163,7017.5,7033.25,7017.5,7032.0,16
2025-12-29,MESH6,42003800,6979.5,6985.0,6936.25,6950.75,749061
2025-12-29,MESH6-MESM6,42017830,51.4,51.45,50.8,50.8,26
2025-12-29,MESM6,42005163,7030.25,7036.5,6988.0,7003.0,702
2025-12-29,MESU6,42003239,7040.25,7060.5,7040.0,7060.5,8
2025-12-29,MESZ6,42001581,7115.0,7115.0,7098.0,7098.0,2
2025-12-30,MESH6,42003800,6951.0,6961.5,6939.0,6942.5,558536
2025-12-30,MESH6-MESM6,42017830,51.15,52.8,50.6,50.75,74
2025-12-30,MESM6,42005163,7004.5,7013.0,6992.5,6994.5,583
2025-12-30,MESU6,42003239,7056.0,7056.0,7045.0,7055.5,14
2025-12-31,MESH6,42003800,6942.25,6951.5,6890.0,6893.75,712747
2025-12-31,MESH6-MESM6,42017830,51.75,52.75,51.3,52.75,36
2025-12-31,MESM6,42005163,6992.0,7003.0,6941.25,6942.25,883
2025-12-31,MESU6,42003239,7035.25,7048.5,6998.0,6998.0,22
2026-01-01,MESH6,42003800,6901.0,6905.0,6897.0,6902.75,11065
2026-01-01,MESM6,42005163,6952.0,6955.25,6948.0,6953.25,24
2026-01-01,MESU6,42003239,6995.0,6995.0,6995.0,6995.0,1
2026-01-02,MESH6,42003800,6903.0,6939.75,6866.5,6900.75,1265421
2026-01-02,MESH6-MESM6,42017830,51.65,51.65,50.9,50.95,33
2026-01-02,MESM6,42005163,6953.75,6990.75,6917.5,6950.0,1199
2026-01-02,MESU6,42003239,7020.0,7036.75,6975.0,6999.0,40
2026-01-04,MESH6,42003800,6911.25,6914.5,6899.25,6907.25,22239
2026-01-04,MESH6-MESM6,42017830,51.6,51.6,51.6,51.6,4
2026-01-04,MESM6,42005163,6953.0,6960.5,6951.5,6958.25,22
2026-01-05,MESH6,42003800,6907.25,6963.5,6902.5,6942.0,897204
2026-01-05,MESH6-MESM6,42017830,51.35,51.75,51.05,51.45,32
2026-01-05,MESM6,42005163,6960.75,7014.5,6951.0,6994.0,1172
2026-01-05,MESU6,42003239,7006.0,7056.25,7006.0,7042.5,14
2026-01-06,MESH6,42003800,6941.75,6991.75,6931.0,6986.75,773334
2026-01-06,MESH6-MESM6,42017830,51.8,52.25,50.55,51.85,60
2026-01-06,MESM6,42005163,6994.0,7043.25,6983.0,7038.75,867
2026-01-06,MESU6,42003239,7055.0,7092.0,7055.0,7092.0,25
2026-01-07,MESH6,42003800,6987.0,7006.75,6957.75,6964.75,949956
2026-01-07,MESH6-MESM6,42017830,51.85,52.3,51.55,51.85,47
2026-01-07,MESM6,42005163,7040.0,7059.0,7010.75,7016.5,895
2026-01-07,MESU6,42003239,7084.5,7106.5,7065.0,7065.0,41
2026-01-07,MESZ6,42001581,7150.0,7150.0,7150.0,7150.0,2
2026-01-08,MESH6,42003800,6964.5,6977.75,6935.25,6964.0,1127608
2026-01-08,MESH6-MESM6,42017830,51.85,52.35,51.55,52.05,69
2026-01-08,MESM6,42005163,7017.75,7029.0,6988.0,7015.5,1147
2026-01-08,MESU6,42003239,7041.0,7067.0,7041.0,7067.0,7
2026-01-09,MESH6,42003800,6964.0,7017.75,6954.25,7004.25,1011926
2026-01-09,MESH6-MESM6,42017830,51.85,53.35,51.85,53.3,56
2026-01-09,MESH6-MESU6,42015844,103.5,103.95,103.5,103.95,3
2026-01-09,MESM6,42005163,7017.75,7070.75,7007.0,7058.0,1398
2026-01-09,MESU6,42003239,7080.0,7120.25,7062.0,7119.0,34
2026-01-11,MESH6,42003800,7006.75,7010.0,6992.0,6998.0,16765
2026-01-11,MESH6-MESM6,42017830,53.2,53.5,53.2,53.5,9
2026-01-11,MESM6,42005163,7060.0,7070.0,7045.75,7054.0,51
2026-01-12,MESH6,42003800,6998.25,7025.25,6949.25,7006.0,826889
2026-01-12,MESH6-MESM6,42017830,53.15,53.7,52.55,53.35,143
2026-01-12,MESH7,42003945,7175.0,7175.0,7175.0,7175.0,1
2026-01-12,MESM6,42005163,7047.0,7077.0,7003.5,7060.0,1182
2026-01-12,MESU6,42003239,7085.0,7129.5,7063.0,7118.0,43
2026-01-13,MESH6,42003800,7005.75,7036.5,6976.75,6997.75,1143310
2026-01-13,MESH6-MESM6,42017830,53.3,53.8,52.4,52.4,112
2026-01-13,MESM6,42005163,7058.75,7088.75,7030.0,7050.5,1378
2026-01-13,MESU6,42003239,7114.75,7145.75,7084.75,7101.0,59
2026-01-14,MESH6,42003800,6997.75,7002.75,6923.0,6959.75,1409611
2026-01-14,MESH6-MESM6,42017830,53.4,53.4,51.9,52.85,80
2026-01-14,MESM6,42005163,7055.0,7055.0,6970.0,7013.75,1915
2026-01-14,MESU6,42003239,7083.0,7083.0,7030.0,7058.0,41
2026-01-15,MESH6,42003800,6959.75,7017.25,6952.5,6989.5,1116541
2026-01-15,MESH6-MESM6,42017830,53.45,53.95,53.2,53.65,46
2026-01-15,MESM6,42005163,7013.0,7071.0,7005.0,7042.75,1409
2026-01-15,MESU6,42003239,7083.0,7122.75,7083.0,7084.5,57
2026-01-16,MESH6,42003800,6989.5,7006.75,6960.5,6978.0,1136687
2026-01-16,MESH6-MESM6,42017830,54.0,54.0,53.25,53.8,58
2026-01-16,MESM6,42005163,7042.25,7060.75,7015.0,7030.0,1337
2026-01-16,MESU6,42003239,7097.0,7115.25,7075.0,7093.5,21
2026-01-18,MESH6,42003800,6941.0,6941.0,6911.0,6933.5,47686
2026-01-18,MESH6-MESM6,42017830,52.95,52.95,51.95,52.75,31
2026-01-18,MESM6,42005163,7014.75,7014.75,6971.0,6986.0,476
2026-01-18,MESM6-MESU6,42012050,52.65,52.65,52.65,52.65,1
2026-01-18,MESU6,42003239,7064.0,7064.0,7028.0,7038.25,4
2026-01-19,MESH6,42003800,6933.25,6933.75,6887.25,6907.0,338002
2026-01-19,MESH6-MESM6,42017830,53.05,53.2,52.5,52.95,45
2026-01-19,MESM6,42005163,6985.0,6985.0,6940.5,6959.0,1073
2026-01-19,MESU6,42003239,7030.5,7032.0,7000.0,7017.0,16
2026-01-19,MESZ6,42001581,7100.0,7100.0,7100.0,7100.0,1
2026-01-20,MESH6,42003800,6907.25,6913.75,6822.5,6832.0,1438480
2026-01-20,MESH6-MESM6,42017830,52.95,54.0,51.85,52.55,99
2026-01-20,MESM6,42005163,6959.5,6966.0,6875.0,6884.5,2298
2026-01-20,MESU6,42003239,6994.25,6994.25,6933.75,6943.0,47
2026-01-21,MESH6,42003800,6832.5,6945.25,6814.5,6924.25,1744999
2026-01-21,MESH6-MESM6,42017830,52.55,53.8,52.15,53.35,40
2026-01-21,MESM6,42005163,6887.5,6998.75,6867.75,6978.25,2970
2026-01-21,MESU6,42003239,6950.25,7045.0,6922.75,7030.5,33
2026-01-21,MESZ6,42001581,7000.0,7030.0,7000.0,7000.0,3
2026-01-22,MESH6,42003800,6924.25,6968.75,6911.0,6941.25,1060631
2026-01-22,MESH6-MESM6,42017830,53.55,54.15,53.55,54.15,61
2026-01-22,MESM6,42005163,6976.25,7022.0,6966.25,6995.25,1634
2026-01-22,MESU6,42003239,7050.0,7065.0,7035.25,7050.0,51
2026-01-23,MESH6,42003800,6941.0,6964.0,6924.75,6934.0,981234
2026-01-23,MESH6-MESM6,42017830,54.05,54.25,53.7,53.95,48
2026-01-23,MESM6,42005163,6995.75,7017.25,6977.5,6988.25,1286
2026-01-23,MESU6,42003239,7048.0,7068.0,7035.0,7040.5,28
2026-01-23,MESZ6,42001581,7100.0,7100.0,7100.0,7100.0,1
2026-01-25,MESH6,42003800,6909.25,6916.5,6880.25,6914.0,45518
2026-01-25,MESH6-MESM6,42017830,53.6,54.4,52.95,53.25,62
2026-01-25,MESM6,42005163,6986.5,6986.5,6933.5,6967.25,178
2026-01-25,MESU6,42003239,7014.0,7014.0,7002.0,7002.0,3
2026-01-26,MESH6,42003800,6914.5,6995.25,6911.75,6981.25,816180
2026-01-26,MESH6-MESM6,42017830,53.75,54.45,52.85,54.35,135
2026-01-26,MESM6,42005163,6969.75,7049.5,6967.75,7034.75,1473
2026-01-26,MESU6,42003239,7027.5,7100.5,7027.25,7091.0,26
2026-01-26,MESZ6,42001581,7150.0,7150.0,7150.0,7150.0,3
2026-01-27,MESH6,42003800,6981.0,7018.75,6977.25,7012.75,670642
2026-01-27,MESH6-MESM6,42017830,54.15,54.8,53.35,53.35,90
2026-01-27,MESH7,42003945,7225.75,7225.75,7225.75,7225.75,1
2026-01-27,MESM6,42005163,7033.5,7073.0,7032.75,7067.75,1106
2026-01-27,MESM6-MESU6,42012050,53.35,53.35,53.35,53.35,1
2026-01-27,MESM6-MESZ6,42010423,103.0,104.5,103.0,104.5,3
2026-01-27,MESU6,42003239,7096.75,7124.75,7096.75,7119.0,28
2026-01-28,MESH6,42003800,7012.75,7043.25,6977.25,6996.25,869920
2026-01-28,MESH6-MESM6,42017830,54.75,54.75,53.55,54.35,56
2026-01-28,MESH7,42003945,7237.0,7237.0,7237.0,7237.0,1
2026-01-28,MESM6,42005163,7069.0,7097.5,7034.0,7050.5,2058
2026-01-28,MESU6,42003239,7121.0,7147.25,7104.5,7111.75,50
2026-01-28,MESZ6,42001581,7200.0,7200.0,7145.75,7145.75,5
2026-01-29,MESH6,42003800,6996.25,7029.5,6898.0,6986.75,1383866
2026-01-29,MESH6-MESM6,42017830,54.65,55.3,53.2,53.2,64
2026-01-29,MESH6-MESU6,42015844,108.6,108.6,108.6,108.6,1
2026-01-29,MESM6,42005163,7049.0,7084.0,6951.75,7041.25,2442
2026-01-29,MESU6,42003239,7102.75,7138.0,7007.75,7090.0,47
2026-01-30,MESH6,42003800,6986.75,6991.0,6917.5,6961.25,1299891
2026-01-30,MESH6-MESM6,42017830,53.7,53.7,53.05,53.45,83
2026-01-30,MESM6,42005163,7040.0,7044.0,6971.0,7011.5,2251
2026-01-30,MESU6,42003239,7082.75,7095.0,7025.75,7070.25,32
2026-01-30,MESZ6,42001581,7128.25,7128.25,7070.0,7110.0,6
2026-02-01,MESH6,42003800,6939.5,6952.5,6917.75,6946.75,54596
2026-02-01,MESH6-MESM6,42017830,53.5,53.6,53.5,53.55,9
2026-02-01,MESM6,42005163,6993.0,7005.0,6971.5,6999.25,166
2026-02-01,MESU6,42003239,7036.25,7036.25,7036.25,7036.25,1
2026-02-02,MESH6,42003800,6946.5,7022.5,6864.25,7015.75,1079343
2026-02-02,MESH6-MESM6,42017830,53.45,54.7,52.0,54.45,125
2026-02-02,MESM6,42005163,6999.0,7076.5,6917.0,7070.75,2253
2026-02-02,MESU6,42003239,7044.25,7123.25,6976.25,7123.25,63
2026-02-02,MESZ6,42001581,7090.0,7090.0,7090.0,7090.0,1
2026-02-03,MESH6,42003800,7015.25,7027.25,6886.25,6942.5,1448924
2026-02-03,MESH6-MESM6,42017830,54.4,55.5,53.8,53.8,34
2026-02-03,MESM6,42005163,7068.5,7082.75,6940.0,6996.0,2317
2026-02-03,MESU6,42003239,7124.0,7132.75,6994.75,7045.0,36
2026-02-04,MESH6,42003800,6942.5,6965.5,6862.5,6918.25,1548004
2026-02-04,MESH6-MESM6,42017830,53.4,54.05,52.8,53.5,65
2026-02-04,MESM6,42005163,6992.25,7017.75,6916.0,6970.0,2253
2026-02-04,MESU6,42003239,7046.0,7066.0,6978.0,7042.75,55
2026-02-05,MESH6,42003800,6918.25,6935.0,6764.0,6771.5,1465195
2026-02-05,MESH6-MESH7,42031137,201.6,201.6,201.6,201.6,1
2026-02-05,MESH6-MESM6,42017830,53.6,53.6,51.25,51.25,113
2026-02-05,MESH6-MESU6,42015844,103.1,103.1,102.25,102.25,18
2026-02-05,MESM6,42005163,6967.0,6987.75,6816.0,6822.5,3064
2026-02-05,MESM6-MESU6,42012050,49.1,49.1,49.1,49.1,1
2026-02-05,MESU6,42003239,7036.0,7036.0,6877.0,6877.0,39
2026-02-05,MESZ6,42001581,6913.0,6913.0,6913.0,6913.0,1
2026-02-06,MESH6,42003800,6771.25,6965.5,6751.5,6946.25,1076607
2026-02-06,MESH6-MESM6,42017830,51.2,53.8,51.05,53.3,160
2026-02-06,MESH6-MESU6,42015844,99.65,99.65,99.65,99.65,1
2026-02-06,MESM6,42005163,6815.0,7018.75,6804.0,6999.75,2998
2026-02-06,MESM6-MESU6,42012050,48.95,48.95,48.95,48.95,1
2026-02-06,MESU6,42003239,6864.0,7068.0,6864.0,7048.0,60
2026-02-08,MESH6,42003800,6960.0,6979.0,6958.0,6973.0,26517
2026-02-08,MESH6-MESM6,42017830,52.25,53.25,52.25,53.15,37
2026-02-08,MESM6,42005163,7008.75,7031.5,7008.75,7025.75,231
2026-02-08,MESU6,42003239,7074.25,7082.25,7062.5,7082.25,9
2026-02-09,MESH6,42003800,6972.75,7000.5,6921.0,6978.75,908273
2026-02-09,MESH6-MESM6,42017830,53.3,53.7,53.15,53.55,75
2026-02-09,MESH6-MESU6,42015844,104.8,104.8,104.8,104.8,3
2026-02-09,MESM6,42005163,7030.0,7054.25,6974.75,7031.0,2024
2026-02-09,MESU6,42003239,7077.25,7102.0,7030.0,7093.25,36
2026-02-10,MESH6,42003800,6978.75,7006.25,6957.0,6974.75,1057495
2026-02-10,MESH6-MESM6,42017830,53.65,53.65,53.15,53.35,34
2026-02-10,MESM6,42005163,7033.25,7059.75,7010.0,7027.5,1393
2026-02-10,MESU6,42003239,7079.75,7102.25,7060.25,7076.25,30
2026-02-10,MESZ6,42001581,7131.75,7131.75,7131.75,7131.75,1
2026-02-11,MESH6,42003800,6974.75,7011.5,6931.0,6957.5,1333989
2026-02-11,MESH6-MESM6,42017830,53.45,54.5,53.05,53.75,81
2026-02-11,MESM6,42005163,7028.75,7065.0,6986.0,7010.0,2352
2026-02-11,MESU6,42003239,7084.75,7116.5,7044.0,7059.25,64
2026-02-12,MESH6,42003800,6957.25,6992.75,6841.75,6860.5,1616857
2026-02-12,MESH6-MESM6,42017830,53.75,53.8,52.15,52.6,133
2026-02-12,MESH7,42003945,7129.0,7129.0,7129.0,7129.0,1
2026-02-12,MESM6,42005163,7010.0,7046.75,6894.75,6914.0,2774
2026-02-12,MESU6,42003239,7078.5,7097.0,6940.5,6963.25,85
2026-02-13,MESH6,42003800,6860.5,6897.75,6809.25,6845.75,1482685
2026-02-13,MESH6-MESM6,42017830,52.75,52.85,52.05,52.25,162
2026-02-13,MESM6,42005163,6912.0,6951.0,6862.0,6902.75,3369
2026-02-13,MESU6,42003239,6960.75,6999.5,6914.0,6950.0,124
2026-02-15,MESH6,42003800,6852.0,6861.5,6844.0,6860.75,21532
2026-02-15,MESH6-MESM6,42017830,52.6,52.6,52.6,52.6,6
2026-02-15,MESM6,42005163,6910.0,6912.75,6895.75,6912.75,131
2026-02-16,MESH6,42003800,6860.5,6885.5,6841.0,6864.25,322975
2026-02-16,MESM6,42005163,6913.0,6937.5,6894.0,6915.75,873
2026-02-16,MESU6,42003239,6964.0,6977.25,6959.0,6960.25,12
2026-02-17,MESH6,42003800,6864.5,6883.75,6791.0,6850.5,1759657
2026-02-17,MESH6-MESM6,42017830,52.5,52.5,52.1,52.15,40
2026-02-17,MESM6,42005163,6916.75,6936.25,6842.5,6903.5,3571
2026-02-17,MESU6,42003239,6938.0,6978.5,6898.0,6959.25,70
2026-02-17,MESZ6,42001581,6970.0,7000.0,6960.0,7000.0,4
2026-02-18,MESH6,42003800,6850.25,6925.75,6849.25,6895.0,1193925
2026-02-18,MESH6-MESM6,42017830,52.45,53.3,52.2,52.55,84
2026-02-18,MESH7,42003945,7091.75,7091.75,7091.5,7091.5,2
2026-02-18,MESM6,42005163,6904.75,6980.0,6901.75,6948.75,3100
2026-02-18,MESU6,42003239,6961.25,7024.25,6953.75,7009.25,36
2026-02-19,MESH6,42003800,6894.75,6912.5,6847.5,6880.0,1378298
2026-02-19,MESH6-MESM6,42017830,52.7,52.7,52.2,52.3,50
2026-02-19,MESM6,42005163,6946.5,6965.0,6900.0,6933.25,2492
2026-02-19,MESM6-MESU6,42012050,48.75,48.75,48.2,48.2,5
2026-02-19,MESU6,42003239,7015.25,7015.25,6953.75,6979.0,24
2026-02-20,MESH6,42003800,6880.25,6931.0,6847.25,6924.75,1727421
2026-02-20,MESH6-MESM6,42017830,52.15,53.3,52.15,53.1,106
2026-02-20,MESM6,42005163,6932.75,6984.25,6899.0,6978.0,4512
2026-02-20,MESU6,42003239,6984.5,7030.75,6947.5,7023.5,115
2026-02-20,MESZ6,42001581,7052.25,7052.25,7038.25,7038.25,4
2026-02-22,MESH6,42003800,6918.25,6922.75,6900.25,6906.5,40473
2026-02-22,MESH6-MESM6,42017830,52.85,53.15,52.85,53.15,9
2026-02-22,MESM6,42005163,6976.5,6990.0,6953.75,6959.25,180
2026-02-22,MESU6,42003239,7008.5,7008.5,7008.5,7008.5,2
2026-02-23,MESH6,42003800,6906.0,6930.5,6833.0,6857.25,1703290
2026-02-23,MESH6-MESM6,42017830,52.6,53.05,52.1,52.3,92
2026-02-23,MESH7,42003945,7039.25,7043.5,7039.25,7043.5,2
2026-02-23,MESM6,42005163,6957.5,6983.0,6885.5,6909.5,4338
2026-02-23,MESU6,42003239,7000.0,7031.0,6940.0,6958.0,61
2026-02-23,MESZ6,42001581,6999.5,7000.0,6990.0,7000.0,3
2026-02-24,MESH6,42003800,6857.25,6912.75,6828.5,6904.25,1428471
2026-02-24,MESH6-MESM6,42017830,52.0,52.7,52.0,52.4,51
2026-02-24,MESM6,42005163,6911.25,6965.25,6881.25,6956.25,3296
2026-02-24,MESU6,42003239,6972.5,7014.0,6940.0,7011.5,36
2026-02-25,MESH6,42003800,6904.25,6988.0,6892.5,6948.75,1133078
2026-02-25,MESH6-MESM6,42017830,53.0,53.65,51.85,53.35,163
2026-02-25,MESH6-MESU6,42015844,104.0,104.2,100.7,104.2,8
2026-02-25,MESH6-MESZ6,42010387,144.1,144.1,144.05,144.05,2
2026-02-25,MESH7,42003945,7150.25,7150.25,7150.25,7150.25,1
2026-02-25,MESM6,42005163,6954.5,7036.25,6946.0,7002.0,3917
2026-02-25,MESM6-MESU6,42012050,48.2,48.2,48.2,48.2,9
2026-02-25,MESM6-MESZ6,42010423,93.05,93.05,93.05,93.05,1
2026-02-25,MESU6,42003239,7008.5,7083.75,7004.0,7083.75,78
2026-02-25,MESZ6,42001581,7060.25,7120.0,7060.25,7120.0,5
2026-02-26,MESH6,42003800,6948.5,6970.5,6870.75,6892.5,1830317
2026-02-26,MESH6-MESM6,42017830,53.5,53.6,52.5,52.75,182
2026-02-26,MESM6,42005163,7000.0,7023.25,6922.25,6944.0,5132
2026-02-26,MESU6,42003239,7047.75,7052.25,6977.0,6996.0,65
2026-02-26,MESZ6,42001581,7060.0,7065.75,7060.0,7065.75,7
2026-02-27,MESH6,42003800,6892.25,6915.75,6841.5,6875.5,1824063
2026-02-27,MESH6-MESM6,42017830,52.7,53.3,52.35,52.65,141
2026-02-27,MESH7,42003945,7054.0,7054.0,7054.0,7054.0,6
2026-02-27,MESM6,42005163,6945.0,6968.0,6894.25,6926.5,4172
2026-02-27,MESU6,42003239,6996.0,7007.25,6944.5,6986.75,50
2026-02-27,MESZ6,42001581,7000.0,7000.0,7000.0,7000.0,1
2026-03-01,MESH6,42003800,6829.0,6838.25,6807.0,6816.75,65033
2026-03-01,MESH6-MESM6,42017830,51.2,51.8,51.2,51.5,24
2026-03-01,MESM6,42005163,6876.75,6890.25,6860.0,6867.75,710
2026-03-01,MESU6,42003239,6944.0,6944.0,6915.5,6926.5,16
2026-03-02,MESH6,42003800,6817.0,6911.0,6768.5,6876.75,1798224
2026-03-02,MESH6-MESM6,42017830,51.95,52.75,51.25,52.35,198
2026-03-02,MESH6-MESU6,42015844,100.75,102.0,100.75,102.0,8
2026-03-02,MESH6-MESZ6,42010387,144.15,144.15,144.15,144.15,2
2026-03-02,MESM6,42005163,6866.0,6964.0,6820.25,6928.25,7899
2026-03-02,MESU6,42003239,6922.0,7013.5,6870.0,6972.0,120
2026-03-02,MESZ6,42001581,6960.0,7031.25,6930.0,7031.25,3
2026-03-03,MESH6,42003800,6877.0,6879.75,6718.75,6810.75,2359000
2026-03-03,MESH6-MESM6,42017830,52.6,52.6,50.5,51.5,321
2026-03-03,MESH6-MESU6,42015844,100.7,102.0,100.7,102.0,26
2026-03-03,MESH7,42003945,7009.75,7009.75,7009.75,7009.75,1
2026-03-03,MESM6,42005163,6929.0,6932.0,6769.75,6862.75,12974
2026-03-03,MESU6,42003239,6961.25,6961.25,6819.25,6921.0,231
2026-03-03,MESZ6,42001581,6980.0,6980.0,6890.0,6890.0,3
2026-03-04,MESH6,42003800,6811.0,6894.5,6773.5,6885.5,1720244
2026-03-04,MESH6-MESM6,42017830,51.75,52.5,51.5,51.95,268
2026-03-04,MESH6-MESU6,42015844,103.25,103.25,103.25,103.25,2
2026-03-04,MESM6,42005163,6863.75,6946.25,6825.0,6938.25,8964
2026-03-04,MESU6,42003239,6926.0,6995.25,6874.0,6986.0,91
2026-03-05,MESH6,42003800,6885.25,6900.75,6777.0,6841.0,2352164
2026-03-05,MESH6-MESM6,42017830,52.35,52.75,50.95,51.3,354
2026-03-05,MESM6,42005163,6937.25,6953.0,6828.0,6893.0,11276
2026-03-05,MESU6,42003239,7003.0,7003.0,6880.0,6932.25,74
2026-03-05,MESZ6,42001581,6938.0,6938.0,6938.0,6938.0,1
2026-03-06,MESH6,42003800,6841.0,6854.0,6715.25,6739.75,2248328
2026-03-06,MESH6-MESM6,42017830,51.5,51.85,49.65,49.65,750
2026-03-06,MESH6-MESU6,42015844,99.5,99.5,99.5,99.5,1
2026-03-06,MESH6-MESZ6,42010387,144.1,144.1,144.1,144.1,1
2026-03-06,MESH7,42003945,6950.0,6950.0,6950.0,6950.0,1
2026-03-06,MESM6,42005163,6893.0,6904.75,6766.0,6789.5,10733
2026-03-06,MESU6,42003239,6940.25,6950.5,6810.0,6836.25,175
2026-03-06,MESZ6,42001581,6900.0,6919.25,6868.25,6868.25,7
2026-03-08,MESH6,42003800,6698.75,6698.75,6611.0,6628.25,127595
2026-03-08,MESH6-MESM6,42017830,50.0,51.1,47.1,48.35,131
2026-03-08,MESH6-MESU6,42015844,102.05,102.35,96.5,96.5,8
2026-03-08,MESH7,42003945,6816.75,6828.5,6816.75,6828.5,11
2026-03-08,MESM6,42005163,6745.0,6745.0,6663.0,6676.25,3011
2026-03-08,MESU6,42003239,6815.0,6815.0,6714.0,6719.0,47
2026-03-08,MESZ6,42001581,6800.0,6800.0,6795.0,6795.0,2
2026-03-09,MESH6,42003800,6628.25,6818.25,6584.5,6771.75,2235721
2026-03-09,MESH6-MESM6,42017830,48.4,50.95,47.0,50.85,527
2026-03-09,MESH6-MESU6,42015844,99.4,99.55,99.4,99.55,4
2026-03-09,MESM6,42005163,6677.0,6868.75,6632.0,6822.75,21213
2026-03-09,MESM6-MESU6,42012050,50.05,50.05,50.05,50.05,7
2026-03-09,MESU6,42003239,6730.0,6914.0,6679.5,6879.0,198
2026-03-09,MESZ6,42001581,6780.0,6925.5,6735.0,6925.5,9
2026-03-10,MESH6,42003800,6771.75,6852.0,6762.25,6797.25,2280255
2026-03-10,MESH6-MESM6,42017830,50.7,51.45,50.3,50.8,350
2026-03-10,MESH6-MESU6,42015844,100.3,100.4,100.3,100.4,4
2026-03-10,MESH6-MESZ6,42010387,145.0,145.0,145.0,145.0,3
2026-03-10,MESM6,42005163,6823.0,6903.25,6813.25,6848.25,14813
2026-03-10,MESU6,42003239,6865.0,6945.25,6864.0,6888.75,139
2026-03-10,MESZ6,42001581,6969.0,6975.0,6969.0,6975.0,3
2026-03-11,MESH6,42003800,6797.0,6822.75,6715.0,6729.0,1948528
2026-03-11,MESH6-MESM6,42017830,50.85,51.8,49.95,49.95,964
2026-03-11,MESH6-MESU6,42015844,100.0,100.0,100.0,100.0,1
2026-03-11,MESM6,42005163,6849.75,6873.0,6765.25,6779.25,17015
2026-03-11,MESU6,42003239,6907.0,6922.0,6816.0,6817.5,139
2026-03-12,MESH6,42003800,6729.0,6760.75,6671.75,6680.25,2263347
2026-03-12,MESH6-MESM6,42017830,49.9,50.85,49.5,49.75,1207
2026-03-12,MESM6,42005163,6779.75,6811.25,6721.0,6730.5,47497
2026-03-12,MESM6-MESU6,42012050,51.3,51.3,49.45,49.45,2
2026-03-12,MESU6,42003239,6819.5,6858.0,6771.0,6794.75,192
2026-03-12,MESZ6,42001581,6850.0,6850.0,6837.5,6837.5,2
2026-03-13,MESH6,42003800,6680.0,6737.5,6625.0,6625.25,2279985
2026-03-13,MESH6-MESH7,42031137,200.95,200.95,200.95,200.95,1
2026-03-13,MESH6-MESM6,42017830,50.0,50.1,49.35,49.5,16219
2026-03-13,MESH7,42003945,6830.0,6830.0,6830.0,6830.0,1
2026-03-13,MESM6,42005163,6729.5,6787.5,6674.25,6674.5,91700
2026-03-13,MESU6,42003239,6800.0,6831.0,6725.75,6727.25,185
2026-03-13,MESZ6,42001581,6791.0,6791.0,6791.0,6791.0,2
2026-03-15,MESH6,42003800,6610.0,6663.0,6606.0,6649.0,79114
2026-03-15,MESH6-MESM6,42017830,49.5,49.7,49.3,49.45,532
2026-03-15,MESM6,42005163,6661.25,6712.5,6658.0,6698.5,44602
2026-03-15,MESM6-MESU6,42012050,49.1,49.25,49.1,49.25,5
2026-03-15,MESU6,42003239,6725.0,6760.5,6706.0,6746.25,192
2026-03-15,MESZ6,42001581,6767.75,6795.5,6767.75,6795.5,3
2026-03-16,MESH6,42003800,6649.25,6734.25,6648.5,6701.75,907857
2026-03-16,MESH6-MESM6,42017830,49.55,50.85,49.3,50.55,35575
2026-03-16,MESH6-MESU6,42015844,100.0,100.0,100.0,100.0,3
2026-03-16,MESH7,42003945,6915.0,6915.0,6915.0,6915.0,1
2026-03-16,MESM6,42005163,6698.75,6784.75,6698.0,6752.25,1119028
2026-03-16,MESM6-MESU6,42012050,48.0,51.35,48.0,51.35,2
2026-03-16,MESU6,42003239,6752.0,6833.0,6750.25,6796.75,406
2026-03-16,MESZ6,42001581,6850.0,6850.0,6846.0,6846.0,7
2026-03-17,MESH6,42003800,6701.75,6757.5,6665.25,6715.0,271670
2026-03-17,MESH6-MESH7,42031137,201.75,201.75,201.75,201.75,3
2026-03-17,MESH6-MESM6,42017830,50.6,51.6,50.2,51.45,11438
2026-03-17,MESH6-MESU6,42015844,100.1,102.45,100.1,102.45,11
2026-03-17,MESH7,42003945,6928.0,6928.0,6919.0,6919.0,11
2026-03-17,MESM6,42005163,6752.25,6808.5,6715.75,6766.5,1220854
2026-03-17,MESM6-MESU6,42012050,49.0,49.0,49.0,49.0,10
2026-03-17,MESU6,42003239,6795.0,6855.75,6768.75,6818.5,534
2026-03-17,MESZ6,42001581,6850.0,6904.5,6850.0,6904.5,2
2026-03-18,MESH6,42003800,6715.0,6762.25,6603.75,6619.75,235808
2026-03-18,MESH6-MESM6,42017830,51.3,51.75,50.15,50.4,9078
2026-03-18,MESH6-MESU6,42015844,101.55,101.55,100.95,101.5,24
2026-03-18,MESM6,42005163,6766.5,6813.75,6654.5,6670.0,1772846
2026-03-18,MESM6-MESU6,42012050,50.05,50.6,50.0,50.5,15
2026-03-18,MESU6,42003239,6821.0,6863.75,6703.25,6720.0,1724
2026-03-18,MESZ6,42001581,6906.0,6906.0,6820.0,6820.0,2
2026-03-19,MESH6,42003800,6619.75,6644.5,6561.5,6621.25,261001
2026-03-19,MESH6-MESM6,42017830,50.55,51.8,49.65,51.65,5997
2026-03-19,MESH6-MESU6,42015844,100.7,100.7,100.6,100.6,12
2026-03-19,MESM6,42005163,6670.25,6695.0,6611.5,6673.0,2136883
2026-03-19,MESM6-MESU6,42012050,50.5,50.95,49.1,50.95,26
2026-03-19,MESU6,42003239,6718.0,6744.0,6663.25,6722.0,1401
2026-03-19,MESZ6,42001581,6804.25,6804.25,6732.5,6735.0,22
2026-03-20,MESH6,42003800,6621.75,6635.0,6558.5,6596.0,21536
2026-03-20,MESH6-MESM6,42017830,51.5,51.65,49.35,50.5,1348
2026-03-20,MESH6-MESU6,42015844,102.5,102.5,102.5,102.5,1
2026-03-20,MESH7,42003945,6766.25,6766.75,6766.25,6766.75,2
2026-03-20,MESM6,42005163,6673.25,6685.75,6523.75,6588.25,1849866
2026-03-20,MESM6-MESH7,42038354,149.0,150.5,149.0,150.5,7
2026-03-20,MESM6-MESU6,42012050,51.2,51.4,50.0,50.5,291
2026-03-20,MESU6,42003239,6724.25,6733.25,6574.0,6639.0,2140
2026-03-20,MESZ6,42001581,6741.0,6741.0,6643.25,6660.0,29
2026-03-22,MESH7,42003945,6713.5,6713.5,6713.5,6713.5,1
2026-03-22,MESM6,42005163,6520.25,6562.0,6504.0,6539.75,105216
2026-03-22,MESM6-MESU6,42012050,50.5,51.2,49.7,50.9,84
2026-03-22,MESU6,42003239,6585.75,6610.0,6556.75,6587.25,457
2026-03-23,MESH7,42003945,6682.75,6850.0,6682.75,6850.0,2
2026-03-23,MESM6,42005163,6539.75,6748.0,6482.75,6645.25,2027426
2026-03-23,MESM6-MESU6,42012050,50.9,52.5,49.6,50.9,250
2026-03-23,MESU6,42003239,6593.25,6798.0,6534.25,6691.75,5329
2026-03-23,MESZ6,42001581,6650.0,6810.0,6617.25,6746.0,41
2026-03-24,MESM6,42005163,6645.0,6679.25,6573.5,6651.0,1886019
2026-03-24,MESM6-MESU6,42012050,50.7,52.55,49.55,52.55,125
2026-03-24,MESM6-MESZ6,42010423,104.4,104.45,104.4,104.45,3
2026-03-24,MESU6,42003239,6689.5,6730.0,6625.0,6703.75,2961
2026-03-24,MESZ6,42001581,6750.0,6750.0,6690.75,6745.75,11
2026-03-25,MESH7,42003945,6788.75,6788.75,6788.75,6788.75,1
2026-03-25,MESM6,42005163,6651.25,6684.75,6616.5,6630.0,1445041
2026-03-25,MESM6-MESU6,42012050,51.25,52.1,50.0,51.7,118
2026-03-25,MESU6,42003239,6701.0,6735.0,6670.0,6680.75,1920
2026-03-25,MESZ6,42001581,6747.5,6747.5,6745.0,6745.0,2
2026-03-26,MESM6,42005163,6630.0,6647.0,6517.0,6551.25,1503371
2026-03-26,MESM6-MESH7,42038354,159.15,159.15,143.9,143.9,2
2026-03-26,MESM6-MESU6,42012050,50.65,52.0,50.65,52.0,106
2026-03-26,MESU6,42003239,6682.25,6698.0,6569.0,6602.5,2873
2026-03-26,MESZ6,42001581,6724.0,6725.0,6700.5,6705.0,5
2026-03-27,MESM6,42005163,6551.5,6568.5,6389.0,6398.0,1284789
2026-03-27,MESM6-MESU6,42012050,50.8,51.0,49.25,49.35,61
2026-03-27,MESM7,42023308,6600.0,6600.0,6600.0,6600.0,1
2026-03-27,MESU6,42003239,6608.5,6619.75,6436.0,6445.0,2778
2026-03-27,MESZ6,42001581,6557.0,6575.75,6500.0,6512.25,19
2026-03-29,MESH7,42003945,6524.75,6524.75,6524.75,6524.75,1
2026-03-29,MESM6,42005163,6379.75,6388.5,6362.0,6367.75,98995
2026-03-29,MESM6-MESU6,42012050,48.35,48.45,48.15,48.25,58
2026-03-29,MESU6,42003239,6428.5,6435.25,6412.25,6416.75,401
2026-03-29,MESZ6,42001581,6485.5,6485.5,6485.5,6485.5,1
2026-03-30,MESH7,42003945,6530.25,6530.25,6530.0,6530.0,2
2026-03-30,MESM6,42005163,6367.75,6482.0,6359.5,6373.0,1402404
2026-03-30,MESM6-MESU6,42012050,48.15,49.75,46.85,47.55,364
2026-03-30,MESM6-MESZ6,42010423,91.7,91.7,91.7,91.7,1
2026-03-30,MESU6,42003239,6415.75,6529.0,6408.0,6419.5,3357
2026-03-30,MESZ6,42001581,6485.0,6555.25,6466.5,6467.0,27
2026-03-31,MESM6,42005163,6373.0,6592.75,6352.0,6589.75,1703110
2026-03-31,MESM6-MESU6,42012050,48.4,49.5,48.4,49.5,16
2026-03-31,MESM6-MESZ6,42010423,97.5,97.6,97.5,97.6,2
2026-03-31,MESU6,42003239,6420.75,6641.75,6401.5,6641.75,3539
2026-03-31,MESZ6,42001581,6460.25,6674.5,6453.0,6674.5,20
2026-04-01,MESH7,42003945,6760.0,6760.0,6760.0,6760.0,1
2026-04-01,MESM6,42005163,6589.5,6654.75,6575.5,6614.75,1302188
2026-04-01,MESM6-MESU6,42012050,49.7,50.2,49.45,49.9,13
2026-04-01,MESM7,42023308,6800.0,6800.0,6800.0,6800.0,1
2026-04-01,MESU6,42003239,6635.5,6704.0,6625.25,6665.0,2159
2026-04-01,MESZ6,42001581,6688.0,6747.75,6688.0,6724.0,19
2026-04-02,MESM6,42005163,6614.5,6644.5,6503.5,6623.75,1595297
2026-04-02,MESM6-MESU6,42012050,50.15,50.15,49.05,49.8,166
2026-04-02,MESU6,42003239,6662.75,6695.0,6554.0,6673.0,2835
2026-04-02,MESZ6,42001581,6689.0,6712.75,6605.25,6710.0,6
2026-04-03,MESH7,42003945,6773.5,6773.5,6773.5,6773.5,1
2026-04-03,MESM6,42005163,6624.0,6638.0,6598.25,6603.75,92464
2026-04-03,MESM6-MESU6,42012050,49.95,49.95,48.55,48.55,9
2026-04-03,MESU6,42003239,6676.0,6683.0,6649.5,6653.75,369
2026-04-03,MESZ6,42001581,6720.5,6720.5,6720.5,6720.5,1
2026-04-05,MESM6,42005163,6590.25,6591.25,6566.75,6587.25,61707
2026-04-05,MESM6-MESU6,42012050,50.15,50.15,49.7,49.7,5
2026-04-05,MESU6,42003239,6642.75,6642.75,6617.0,6635.5,175
2026-04-06,MESH7,42003945,6790.0,6790.0,6790.0,6790.0,2
2026-04-06,MESM6,42005163,6587.5,6662.5,6586.25,6641.75,1235774
2026-04-06,MESM6-MESU6,42012050,50.25,50.75,50.05,50.55,38
2026-04-06,MESU6,42003239,6638.0,6710.0,6638.0,6692.25,1814
2026-04-06,MESZ6,42001581,6731.0,6757.75,6725.0,6751.0,28
2026-04-07,MESM6,42005163,6641.75,6818.75,6572.75,6804.5,2025697
2026-04-07,MESM6-MESU6,42012050,50.5,51.0,48.5,51.0,81
2026-04-07,MESU6,42003239,6692.0,6868.5,6624.0,6856.25,3298
2026-04-07,MESZ6,42001581,6730.0,6910.0,6700.0,6910.0,25
2026-04-08,MESH7,42003945,6976.0,6976.0,6967.5,6967.5,2
2026-04-08,MESM6,42005163,6804.25,6847.25,6779.75,6812.75,1415274
2026-04-08,MESM6-MESU6,42012050,51.35,52.6,51.35,52.6,55
2026-04-08,MESU6,42003239,6856.0,6898.0,6834.0,6870.0,2382
2026-04-08,MESZ6,42001581,6920.0,6935.0,6910.0,6918.0,16
2026-04-09,MESM6,42005163,6812.75,6876.0,6792.5,6856.0,1356610
2026-04-09,MESM6-MESU6,42012050,52.05,52.9,52.05,52.9,19
2026-04-09,MESU6,42003239,6864.25,6927.75,6844.75,6911.25,1477
2026-04-09,MESZ6,42001581,6920.0,6982.0,6911.0,6982.0,13
2026-04-10,MESH7,42003945,7030.0,7030.0,7030.0,7030.0,1
2026-04-10,MESM6,42005163,6856.0,6890.0,6846.25,6863.75,1132700
2026-04-10,MESM6-MESU6,42012050,52.55,52.9,51.1,51.1,45
2026-04-10,MESU6,42003239,6906.25,6947.75,6899.25,6914.75,1213
2026-04-10,MESZ6,42001581,6979.0,6979.0,6955.0,6970.0,28
2026-04-12,MESM6,42005163,6793.5,6794.75,6767.25,6784.25,88944
2026-04-12,MESM6-MESU6,42012050,52.95,52.95,52.3,52.4,40
2026-04-12,MESU6,42003239,6852.5,6852.5,6819.0,6836.5,398
2026-04-12,MESZ6,42001581,6895.5,6895.5,6895.0,6895.0,2
2026-04-13,MESM6,42005163,6784.5,6931.5,6777.25,6925.75,1229934
2026-04-13,MESM6-MESH7,42038354,154.7,154.7,154.7,154.7,1
2026-04-13,MESM6-MESU6,42012050,52.55,53.65,50.5,53.65,170
2026-04-13,MESU6,42003239,6834.0,6985.5,6831.0,6980.0,2080
2026-04-13,MESZ6,42001581,6925.0,7035.5,6925.0,7030.0,21
2026-04-14,MESH7,42003945,7170.0,7170.0,7167.5,7167.5,2
2026-04-14,MESM6,42005163,6925.5,7013.75,6920.25,7008.75,996045
2026-04-14,MESM6-MESU6,42012050,53.6,54.45,53.55,54.45,273
2026-04-14,MESU6,42003239,6977.0,7068.25,6974.5,7063.25,2159
2026-04-14,MESZ6,42001581,7030.0,7120.0,7030.0,7120.0,41
2026-04-15,MESH7,42003945,7232.0,7232.0,7232.0,7232.0,1
2026-04-15,MESM6,42005163,7008.5,7069.75,6992.0,7069.0,1088921
2026-04-15,MESM6-MESU6,42012050,54.15,55.1,54.1,55.1,133
2026-04-15,MESU6,42003239,7061.5,7125.0,7046.75,7123.75,2125
2026-04-15,MESZ6,42001581,7115.0,7178.5,7110.0,7178.5,25
2026-04-16,MESM6,42005163,7069.0,7089.0,7046.25,7083.5,1193941
2026-04-16,MESM6-MESU6,42012050,55.15,55.35,53.55,54.9,71
2026-04-16,MESM6-MESZ6,42010423,112.45,112.7,112.45,112.7,6
2026-04-16,MESU6,42003239,7123.75,7144.5,7101.25,7138.0,1706
2026-04-16,MESZ6,42001581,7184.0,7200.0,7166.75,7189.5,34
2026-04-17,MESH7,42003945,7255.0,7353.0,7255.0,7353.0,2
2026-04-17,MESM6,42005163,7083.5,7185.75,7075.25,7164.0,1310331
2026-04-17,MESM6-MESH7,42038354,169.55,169.55,169.55,169.55,1
2026-04-17,MESM6-MESU6,42012050,54.5,55.45,54.5,55.2,78
2026-04-17,MESU6,42003239,7137.0,7240.25,7130.25,7224.75,2499
2026-04-17,MESZ6,42001581,7192.75,7298.0,7192.75,7273.0,60
2026-04-19,MESM6,42005163,7103.25,7116.0,7085.25,7106.75,72777
2026-04-19,MESM6-MESU6,42012050,53.5,55.85,53.5,54.85,40
2026-04-19,MESU6,42003239,7161.5,7170.75,7141.75,7160.5,335
2026-04-19,MESU6-MESZ6,42010428,62.65,63.0,62.65,63.0,2
2026-04-19,MESZ6,42001581,7245.0,7245.0,7214.5,7219.0,8
2026-04-20,MESH7,42003945,7299.25,7299.25,7299.25,7299.25,8
2026-04-20,MESM6,42005163,7106.75,7160.75,7101.5,7155.0,1110656
2026-04-20,MESM6-MESU6,42012050,55.2,55.4,55.05,55.05,12
2026-04-20,MESU6,42003239,7160.0,7216.0,7157.0,7209.75,1703
2026-04-20,MESZ6,42001581,7230.5,7275.25,7224.75,7271.5,34
2026-04-21,MESH7,42003945,7279.0,7282.75,7279.0,7282.75,2
2026-04-21,MESM6,42005163,7155.0,7183.0,7085.0,7131.25,1603565
2026-04-21,MESM6-MESU6,42012050,55.05,55.85,54.25,54.25,67
2026-04-21,MESM7,42023308,7341.25,7341.25,7341.25,7341.25,1
2026-04-21,MESU6,42003239,7211.0,7238.0,7139.0,7185.0,1907
2026-04-21,MESZ6,42001581,7273.25,7294.75,7200.0,7241.0,71
2026-04-22,MESH7,42003945,7322.5,7339.0,7322.5,7339.0,3
2026-04-22,MESM6,42005163,7131.25,7173.0,7128.5,7162.5,1045794
2026-04-22,MESM6-MESU6,42012050,54.25,55.4,54.25,55.4,42
2026-04-22,MESU6,42003239,7188.0,7228.0,7184.25,7218.5,1434
2026-04-22,MESZ6,42001581,7251.0,7284.0,7249.0,7275.5,36
2026-04-23,MESM6,42005163,7162.25,7181.5,7079.75,7153.5,1821948
2026-04-23,MESM6-MESU6,42012050,55.25,55.25,54.65,54.7,32
2026-04-23,MESU6,42003239,7216.25,7236.0,7134.0,7208.5,2245
2026-04-23,MESZ6,42001581,7253.0,7291.5,7200.0,7260.0,61
2026-04-24,MESH7,42003945,7337.0,7337.0,7330.0,7330.0,2
2026-04-24,MESM6,42005163,7153.5,7200.5,7135.25,7196.0,1175371
2026-04-24,MESM6-MESM7,42041462,229.95,231.2,229.95,231.2,2
2026-04-24,MESM6-MESU6,42012050,55.0,55.75,55.0,55.25,48
2026-04-24,MESU6,42003239,7209.25,7255.5,7191.5,7246.0,1811
2026-04-24,MESZ6,42001581,7262.5,7310.0,7258.75,7306.0,75
2026-04-26,MESH7,42003945,7330.0,7330.0,7330.0,7330.0,2
2026-04-26,MESM6,42005163,7185.0,7190.75,7171.25,7178.5,41234
2026-04-26,MESM6-MESU6,42012050,55.2,55.7,55.2,55.4,18
2026-04-26,MESU6,42003239,7243.0,7243.5,7223.0,7231.25,161
2026-04-26,MESZ6,42001581,7290.0,7290.0,7288.0,7290.0,9
2026-04-27,MESM6,42005163,7178.75,7221.0,7177.0,7217.25,892673
2026-04-27,MESM6-MESU6,42012050,55.3,55.7,54.6,55.05,250
2026-04-27,MESU6,42003239,7235.75,7276.5,7232.75,7273.0,1640
2026-04-27,MESZ6,42001581,7289.75,7326.75,7289.75,7326.5,30
2026-04-28,MESM6,42005163,7217.25,7223.0,7146.25,7179.25,1204520
2026-04-28,MESM6-MESU6,42012050,55.05,55.25,54.6,54.95,22
2026-04-28,MESU6,42003239,7276.75,7278.75,7201.5,7234.25,1749
2026-04-28,MESZ6,42001581,7326.0,7326.0,7266.75,7279.25,123
2026-04-29,MESH7,42003945,7333.75,7333.75,7333.75,7333.75,1
2026-04-29,MESM6,42005163,7179.5,7196.5,7131.25,7192.5,1139432
2026-04-29,MESM6-MESU6,42012050,54.6,55.35,54.45,55.35,108
2026-04-29,MESU6,42003239,7234.5,7251.25,7187.0,7248.25,2015
2026-04-29,MESZ6,42001581,7292.5,7301.0,7251.75,7300.0,20
2026-04-30,MESH7,42003945,7365.25,7365.25,7325.0,7325.0,11
2026-04-30,MESM6,42005163,7193.25,7263.5,7133.75,7252.5,1381432
2026-04-30,MESM6-MESU6,42012050,54.45,55.75,54.45,55.0,71
2026-04-30,MESU6,42003239,7249.0,7319.25,7188.5,7306.75,2661
2026-04-30,MESZ6,42001581,7309.0,7372.75,7257.5,7372.75,65
2026-05-01,MESM6,42005163,7253.0,7300.75,7240.75,7247.75,1058533
2026-05-01,MESM6-MESH7,42038354,174.95,174.95,174.95,174.95,1
2026-05-01,MESM6-MESU6,42012050,55.75,56.55,55.75,56.05,87
2026-05-01,MESU6,42003239,7311.75,7358.0,7298.0,7298.0,2536
2026-05-01,MESZ6,42001581,7371.0,7414.75,7357.0,7357.0,68
2026-05-03,MESM6,42005163,7275.25,7279.5,7259.25,7262.0,39830
2026-05-03,MESM6-MESU6,42012050,55.3,55.3,55.3,55.3,1
2026-05-03,MESU6,42003239,7320.0,7333.75,7315.75,7317.25,296
2026-05-03,MESZ6,42001581,7381.0,7382.25,7381.0,7382.25,5
2026-05-04,MESM6,42005163,7261.75,7274.5,7199.25,7227.0,1380105
2026-05-04,MESM6-MESU6,42012050,56.35,56.35,55.6,55.6,22
2026-05-04,MESU6,42003239,7315.0,7330.5,7255.5,7282.25,2854
2026-05-04,MESZ6,42001581,7382.25,7382.25,7315.75,7344.25,22
2026-05-05,MESM6,42005163,7227.0,7322.25,7223.5,7314.25,828016
2026-05-05,MESM6-MESU6,42012050,56.05,56.8,55.25,56.8,62
2026-05-05,MESU6,42003239,7283.0,7377.25,7281.0,7370.5,2309
2026-05-05,MESZ6,42001581,7350.0,7429.25,7350.0,7428.0,63
2026-05-06,MESM6,42005163,7314.25,7395.75,7299.25,7379.75,1126961
2026-05-06,MESM6-MESU6,42012050,56.8,57.3,54.85,56.85,263
2026-05-06,MESU6,42003239,7371.25,7452.75,7357.75,7435.75,3795
2026-05-06,MESZ6,42001581,7424.75,7511.5,7420.0,7504.0,64
2026-05-07,MESH7,42003945,7573.25,7573.25,7573.25,7573.25,2
2026-05-07,MESM6,42005163,7379.75,7410.75,7337.0,7363.0,1470300
2026-05-07,MESM6-MESU6,42012050,56.9,57.7,56.85,57.3,37
2026-05-07,MESU6,42003239,7439.75,7467.0,7391.75,7419.25,2772
2026-05-07,MESU6-MESZ6,42010428,57.8,58.1,57.8,58.1,4
2026-05-07,MESZ6,42001581,7504.0,7526.0,7459.0,7459.0,61
2026-05-08,MESM6,42005163,7363.0,7428.25,7363.0,7421.0,967023
2026-05-08,MESM6-MESU6,42012050,57.05,57.85,55.3,57.85,63
2026-05-08,MESU6,42003239,7424.0,7484.5,7423.25,7478.25,2216
2026-05-08,MESU6-MESZ6,42010428,58.1,58.6,58.1,58.6,5
2026-05-08,MESZ6,42001581,7485.0,7545.0,7485.0,7545.0,106
2026-05-10,MESM6,42005163,7403.75,7409.75,7390.5,7402.75,46109
2026-05-10,MESM6-MESU6,42012050,57.9,57.95,57.9,57.95,2
2026-05-10,MESU6,42003239,7470.75,7470.75,7447.0,7460.75,275
2026-05-10,MESZ6,42001581,7531.5,7531.5,7512.75,7512.75,2
2026-05-11,MESH7,42003945,7600.0,7600.0,7600.0,7600.0,10
2026-05-11,MESM6,42005163,7402.75,7454.0,7397.0,7438.5,967973
2026-05-11,MESM6-MESU6,42012050,57.95,58.2,57.5,58.2,41
2026-05-11,MESU6,42003239,7461.5,7512.25,7455.0,7497.0,1970
2026-05-11,MESU6-MESZ6,42010428,59.5,59.5,59.5,59.5,1
2026-05-11,MESZ6,42001581,7524.0,7569.25,7524.0,7555.25,49
2026-05-12,MESM6,42005163,7438.5,7438.75,7363.25,7411.75,1415904
2026-05-12,MESM6-MESU6,42012050,57.65,57.65,57.5,57.5,30
2026-05-12,MESM6-MESZ6,42010423,117.85,117.85,117.85,117.85,4
2026-05-12,MESU6,42003239,7491.5,7492.5,7421.0,7470.0,2463
2026-05-12,MESZ6,42001581,7550.0,7553.25,7482.0,7534.75,71
2026-05-13,MESH7,42003945,7620.0,7620.0,7620.0,7620.0,1
2026-05-13,MESM6,42005163,7411.75,7483.75,7399.0,7480.5,1084282
2026-05-13,MESM6-MESH7,42038354,182.95,182.95,182.95,182.95,1
2026-05-13,MESM6-MESU6,42012050,55.5,58.95,55.5,58.5,47
2026-05-13,MESM6-MESZ6,42010423,117.9,117.95,117.9,117.95,4
2026-05-13,MESU6,42003239,7470.0,7542.5,7457.5,7539.25,2733
2026-05-13,MESZ6,42001581,7548.0,7603.5,7524.75,7603.5,62
2026-05-14,MESH7,42003945,7684.0,7711.0,7684.0,7710.0,24
2026-05-14,MESM6,42005163,7480.25,7540.0,7471.0,7521.0,1142335
2026-05-14,MESM6-MESH7,42038354,186.95,187.0,186.95,187.0,5
2026-05-14,MESM6-MESU6,42012050,59.0,60.0,58.5,59.35,74
2026-05-14,MESU6,42003239,7538.0,7600.0,7530.0,7580.0,3168
2026-05-14,MESU6-MESZ6,42010428,62.95,62.95,62.95,62.95,5
2026-05-14,MESZ6,42001581,7608.75,7660.25,7591.25,7640.0,65
2026-05-14,MESZ6-MESH7,42031550,66.0,66.0,66.0,66.0,5
2026-05-15,MESH7,42003945,7635.0,7635.0,7635.0,7635.0,1
2026-05-15,MESM6,42005163,7520.75,7526.75,7409.5,7418.0,1595380
2026-05-15,MESM6-MESU6,42012050,59.35,59.35,58.15,58.15,8
2026-05-15,MESM6-MESZ6,42010423,120.0,120.15,118.5,118.5,52
2026-05-15,MESU6,42003239,7577.0,7586.75,7468.25,7477.5,3446
2026-05-15,MESZ6,42001581,7633.75,7633.75,7532.5,7547.75,134
2026-05-17,MESM6,42005163,7410.25,7435.25,7397.75,7411.25,85209
2026-05-17,MESM6-MESU6,42012050,58.05,58.35,58.05,58.35,15
2026-05-17,MESU6,42003239,7471.25,7493.5,7456.75,7469.5,369
2026-05-17,MESZ6,42001581,7556.25,7556.25,7556.25,7556.25,2
2026-05-18,MESM6,42005163,7411.0,7454.25,7372.75,7429.25,1850967
2026-05-18,MESM6-MESU6,42012050,58.0,58.55,57.65,58.45,82
2026-05-18,MESU6,42003239,7469.25,7512.0,7432.0,7488.0,3784
2026-05-18,MESZ6,42001581,7510.0,7570.0,7496.25,7542.0,35
2026-05-19,MESM6,42005163,7429.25,7440.75,7353.75,7382.0,1640665
2026-05-19,MESM6-MESU6,42012050,58.05,58.15,57.5,58.05,56
2026-05-19,MESM6-MESZ6,42010423,120.05,120.05,120.05,120.05,1
2026-05-19,MESU6,42003239,7490.25,7498.75,7412.0,7441.75,3323
2026-05-19,MESZ6,42001581,7557.75,7557.75,7475.0,7506.0,35
2026-05-20,MESM6,42005163,7381.5,7458.0,7356.0,7420.75,1488258
2026-05-20,MESM6-MESU6,42012050,58.05,59.45,57.85,58.2,137
2026-05-20,MESM7,42023308,7665.0,7665.0,7665.0,7665.0,1
2026-05-20,MESU6,42003239,7437.0,7516.25,7414.0,7480.0,3715
2026-05-20,MESZ6,42001581,7480.25,7575.0,7480.25,7542.25,32
2026-05-21,MESM6,42005163,7420.5,7486.75,7407.75,7479.5,1596431
2026-05-21,MESM6-MESU6,42012050,58.25,59.15,57.9,58.95,48
2026-05-21,MESU6,42003239,7476.0,7545.0,7466.5,7539.75,3954
2026-05-21,MESZ6,42001581,7562.5,7605.0,7539.5,7600.0,54
2026-05-22,MESH7,42003945,7671.75,7671.75,7671.75,7671.75,1
2026-05-22,MESM6,42005163,7480.0,7524.0,7469.5,7484.25,1128001
2026-05-22,MESM6-MESM7,42041462,255.4,255.4,255.4,255.4,2
2026-05-22,MESM6-MESU6,42012050,59.0,60.15,58.85,60.0,294
2026-05-22,MESM6-MESZ6,42010423,122.5,122.75,122.5,122.75,4
2026-05-22,MESU6,42003239,7539.5,7584.0,7528.75,7543.5,4341
2026-05-22,MESU6-MESZ6,42010428,62.0,63.0,62.0,63.0,25
2026-05-22,MESZ6,42001581,7606.0,7640.0,7595.0,7610.0,46
2026-05-24,MESM6,42005163,7518.5,7544.25,7516.75,7537.25,44638
2026-05-24,MESM6-MESU6,42012050,59.3,60.3,59.3,60.3,9
2026-05-24,MESU6,42003239,7569.25,7603.75,7569.25,7596.5,465
2026-05-24,MESZ6,42001581,7620.0,7665.25,7620.0,7665.25,6
2026-05-25,MESH7,42003945,7738.0,7738.0,7738.0,7738.0,1
2026-05-25,MESM6,42005163,7537.5,7570.0,7535.0,7547.5,258295
2026-05-25,MESM6-MESU6,42012050,60.1,61.05,60.1,60.25,73
2026-05-25,MESU6,42003239,7598.75,7630.75,7596.25,7608.75,2850
2026-05-25,MESZ6,42001581,7664.5,7690.75,7660.25,7668.25,66
2026-05-26,MESM6,42005163,7547.75,7555.25,7517.0,7543.5,959238
2026-05-26,MESM6-MESU6,42012050,60.25,60.8,59.35,60.8,256
2026-05-26,MESM6-MESZ6,42010423,122.7,122.7,122.7,122.7,10
2026-05-26,MESU6,42003239,7607.0,7616.0,7577.5,7603.0,2888
2026-05-26,MESZ6,42001581,7671.25,7675.25,7644.5,7656.5,64
2026-05-27,MESH7,42003945,7750.0,7750.0,7750.0,7750.0,1
2026-05-27,MESM6,42005163,7543.25,7570.5,7514.75,7534.5,1148757
2026-05-27,MESM6-MESU6,42012050,61.1,61.15,59.45,59.45,185
2026-05-27,MESU6,42003239,7605.0,7632.0,7576.75,7598.0,3346
2026-05-27,MESU6-MESZ6,42010428,64.25,64.25,64.25,64.25,1
2026-05-27,MESZ6,42001581,7671.25,7690.0,7643.75,7665.0,45
2026-05-28,MESM6,42005163,7534.5,7592.75,7505.75,7585.25,1011521
2026-05-28,MESM6-MESU6,42012050,61.2,63.0,60.3,63.0,245
2026-05-28,MESM6-MESZ6,42010423,125.8,125.8,125.8,125.8,1
2026-05-28,MESU6,42003239,7594.0,7655.5,7565.0,7648.25,4058
2026-05-28,MESU6-MESZ6,42010428,64.0,64.25,64.0,64.25,16
2026-05-28,MESZ6,42001581,7650.0,7718.25,7634.25,7718.25,75
2026-05-29,MESM6,42005163,7585.25,7611.75,7572.75,7590.5,1171257
2026-05-29,MESM6-MESU6,42012050,62.75,62.8,61.55,61.55,143
2026-05-29,MESU6,42003239,7645.75,7677.25,7637.5,7650.25,3731
2026-05-29,MESU6-MESZ6,42010428,65.0,65.0,64.95,64.95,2
2026-05-29,MESZ6,42001581,7713.0,7737.0,7705.0,7720.25,63
2026-05-31,MESM6,42005163,7594.75,7606.5,7585.5,7605.25,29330
2026-05-31,MESM6-MESU6,42012050,61.5,61.75,61.25,61.25,7
2026-05-31,MESU6,42003239,7661.5,7667.5,7645.75,7667.0,199
2026-05-31,MESZ6,42001581,7749.25,7749.25,7722.25,7729.25,5
2026-06-01,MESM6,42005163,7605.25,7632.75,7576.0,7596.0,1167743
2026-06-01,MESM6-MESU6,42012050,61.3,62.9,61.3,61.75,117
2026-06-01,MESM7,42023308,7870.0,7870.0,7870.0,7870.0,1
2026-06-01,MESU6,42003239,7668.5,7694.75,7638.75,7657.0,4427
2026-06-01,MESU6-MESZ6,42010428,64.25,64.25,64.25,64.25,1
2026-06-01,MESZ6,42001581,7734.0,7755.25,7701.5,7734.0,70
2026-06-01,MESZ6-MESH7,42031550,69.0,69.0,69.0,69.0,5
2026-06-02,MESM6,42005163,7596.0,7632.0,7576.25,7624.5,875356
2026-06-02,MESM6-MESU6,42012050,62.05,62.35,61.5,62.25,288
2026-06-02,MESU6,42003239,7656.5,7694.25,7638.25,7686.25,4356
2026-06-02,MESU6-MESZ6,42010428,64.25,64.25,64.25,64.25,3
2026-06-02,MESZ6,42001581,7718.0,7758.5,7705.25,7750.0,62
2026-06-03,MESH7,42003945,7810.0,7810.0,7766.0,7766.0,2
2026-06-03,MESM6,42005163,7624.75,7627.0,7529.0,7534.5,1142042
2026-06-03,MESM6-MESU6,42012050,62.2,63.55,61.8,62.75,343
2026-06-03,MESM6-MESZ6,42010423,128.55,128.55,128.55,128.55,2
2026-06-03,MESU6,42003239,7687.25,7690.0,7591.25,7596.5,4997
2026-06-03,MESZ6,42001581,7749.25,7749.25,7661.75,7672.5,84
2026-06-04,MESH7,42003945,7806.0,7806.0,7783.0,7783.0,2
2026-06-04,MESM6,42005163,7534.25,7611.5,7524.5,7573.5,1039012
2026-06-04,MESM6-MESU6,42012050,62.8,63.9,62.15,63.75,413
2026-06-04,MESM6-MESZ6,42010423,129.25,129.25,129.25,129.25,5
2026-06-04,MESU6,42003239,7603.0,7675.0,7587.0,7637.0,5447
2026-06-04,MESZ6,42001581,7676.0,7740.0,7655.75,7713.5,147
2026-06-05,MESH7,42003945,7725.0,7725.0,7580.0,7580.0,6
2026-06-05,MESM6,42005163,7573.5,7579.0,7359.0,7368.0,1982338
2026-06-05,MESM6-MESH7,42038354,200.0,200.0,200.0,200.0,1
2026-06-05,MESM6-MESU6,42012050,63.2,63.4,60.55,61.15,398
2026-06-05,MESM6-MESZ6,42010423,126.0,127.0,126.0,126.0,5
2026-06-05,MESM7,42023308,7700.0,7700.0,7700.0,7700.0,1
2026-06-05,MESU6,42003239,7636.5,7641.5,7420.0,7429.5,12263
2026-06-05,MESZ6,42001581,7700.0,7700.0,7487.0,7495.0,393
2026-06-07,MESM6,42005163,7368.25,7404.5,7355.5,7400.25,101641
2026-06-07,MESM6-MESU6,42012050,62.95,62.95,61.0,61.4,169
2026-06-07,MESU6,42003239,7430.0,7464.25,7416.75,7462.0,1639
2026-06-07,MESZ6,42001581,7502.5,7525.0,7494.0,7523.25,33
2026-06-08,MESH7,42003945,7610.0,7640.0,7610.0,7610.0,5
2026-06-08,MESM6,42005163,7400.0,7476.75,7384.0,7410.5,1641754
2026-06-08,MESM6-MESU6,42012050,61.95,62.35,61.05,62.0,687
2026-06-08,MESU6,42003239,7461.25,7538.75,7446.0,7472.25,12000
2026-06-08,MESZ6,42001581,7537.5,7601.0,7520.75,7545.0,539
2026-06-09,MESH7,42003945,7646.0,7646.0,7450.0,7454.0,9
2026-06-09,MESM6,42005163,7410.25,7491.0,7247.0,7379.0,2292976
2026-06-09,MESM6-MESH7,42038354,200.0,200.0,200.0,200.0,1
2026-06-09,MESM6-MESU6,42012050,61.9,62.8,59.6,61.45,696
2026-06-09,MESM6-MESZ6,42010423,125.5,125.5,123.8,125.15,6
2026-06-09,MESU6,42003239,7470.5,7553.75,7306.5,7441.25,21958
2026-06-09,MESU6-MESZ6,42010428,65.0,65.0,65.0,65.0,5
2026-06-09,MESZ6,42001581,7530.0,7616.5,7375.0,7490.0,796
2026-06-10,MESM6,42005163,7379.0,7404.75,7232.5,7249.5,1981775
2026-06-10,MESM6-MESU6,42012050,61.55,61.6,59.45,59.85,1002
2026-06-10,MESU6,42003239,7441.5,7466.5,7292.0,7309.0,40794
2026-06-10,MESZ6,42001581,7510.0,7527.0,7356.75,7375.0,613
2026-06-11,MESH7,42003945,7486.0,7600.0,7486.0,7600.0,2
2026-06-11,MESM6,42005163,7249.75,7419.75,7245.75,7415.0,2101575
2026-06-11,MESM6-MESU6,42012050,59.6,62.65,59.6,62.3,3907
2026-06-11,MESM6-MESZ6,42010423,122.1,122.1,122.1,122.1,1
2026-06-11,MESU6,42003239,7310.75,7481.75,7305.5,7477.0,66645
2026-06-11,MESU6-MESZ6,42010428,62.1,65.75,62.05,62.05,10
2026-06-11,MESZ6,42001581,7400.5,7543.25,7391.75,7537.0,710
2026-06-12,MESH7,42003945,7594.0,7645.0,7583.0,7645.0,3
2026-06-12,MESM6,42005163,7414.75,7461.5,7366.5,7436.0,1453713
2026-06-12,MESM6-MESU6,42012050,62.25,63.35,61.7,62.25,7884
2026-06-12,MESU6,42003239,7477.0,7524.75,7429.0,7498.5,326960
2026-06-12,MESU6-MESZ6,42010428,61.5,63.2,61.5,63.2,5
2026-06-12,MESZ6,42001581,7532.5,7589.75,7498.0,7563.0,650
2026-06-12,MESZ6-MESH7,42031550,68.5,68.5,66.0,66.0,25
2026-06-14,MESM6,42005163,7479.75,7504.75,7474.75,7496.75,31508
2026-06-14,MESM6-MESU6,42012050,62.25,63.3,62.25,62.85,459
2026-06-14,MESM6-MESZ6,42010423,128.05,128.05,128.05,128.05,1
2026-06-14,MESU6,42003239,7542.0,7568.0,7540.0,7559.75,48938
2026-06-14,MESU6-MESZ6,42010428,61.25,61.25,61.25,61.25,3
2026-06-14,MESZ6,42001581,7602.0,7631.0,7602.0,7621.0,102
2026-06-15,MESH7,42003945,7725.0,7776.0,7720.0,7776.0,4
2026-06-15,MESM6,42005163,7496.5,7584.25,7494.25,7555.5,408362
2026-06-15,MESM6-MESU6,42012050,63.0,65.75,62.85,64.6,47434
2026-06-15,MESM6-MESZ6,42010423,128.95,130.0,128.95,130.0,16
2026-06-15,MESU6,42003239,7559.75,7648.75,7557.25,7620.25,807213
2026-06-15,MESU6-MESZ6,42010428,64.55,65.1,63.05,65.1,12
2026-06-15,MESZ6,42001581,7624.75,7714.0,7622.25,7685.0,729
2026-06-16,MESH7,42003945,7746.0,7746.0,7746.0,7746.0,1
2026-06-16,MESM6,42005163,7555.75,7570.75,7509.75,7523.75,336889
2026-06-16,MESM6-MESU6,42012050,64.5,69.1,64.4,68.0,18540
2026-06-16,MESM6-MESZ6,42010423,127.8,134.05,127.8,134.05,58
2026-06-16,MESU6,42003239,7620.25,7636.5,7577.75,7591.75,1147785
2026-06-16,MESU6-MESZ6,42010428,63.0,65.4,63.0,64.0,5
2026-06-16,MESZ6,42001581,7684.0,7700.0,7645.5,7657.75,411
2026-06-16,MESZ6-MESH7,42031550,73.0,73.0,73.0,73.0,1
2026-06-17,MESH7,42003945,7612.0,7612.0,7612.0,7612.0,1
2026-06-17,MESM6,42005163,7524.0,7544.5,7405.0,7470.5,267285
2026-06-17,MESM6-MESU6,42012050,68.0,71.0,66.3,70.2,10011
2026-06-17,MESM6-MESZ6,42010423,134.1,137.85,132.85,137.85,76
2026-06-17,MESM7,42023308,7706.5,7706.5,7706.5,7706.5,1
2026-06-17,MESU6,42003239,7592.0,7612.5,7472.25,7541.5,1487879
2026-06-17,MESU6-MESZ6,42010428,65.5,67.5,65.5,67.5,70
2026-06-17,MESZ6,42001581,7661.0,7676.0,7539.5,7606.25,1064
2026-06-18,MESM6,42005163,7471.25,7521.25,7463.0,7508.75,18314
2026-06-18,MESM6-MESU6,42012050,70.2,70.4,66.15,66.15,3469
2026-06-18,MESU6,42003239,7541.5,7583.0,7531.25,7565.75,1132226
2026-06-18,MESU6-MESZ6,42010428,68.0,70.0,68.0,69.05,81
2026-06-18,MESZ6,42001581,7613.0,7652.0,7600.0,7635.0,1554
2026-06-19,MESH7,42003945,7670.0,7670.0,7670.0,7670.0,1
2026-06-19,MESU6,42003239,7565.5,7568.5,7520.5,7557.0,266557
2026-06-19,MESU6-MESZ6,42010428,69.45,69.45,68.5,69.35,4
2026-06-19,MESZ6,42001581,7630.0,7638.0,7590.25,7624.75,426
2026-06-21,MESU6,42003239,7543.75,7549.75,7513.0,7516.0,63193
2026-06-21,MESU6-MESZ6,42010428,70.0,71.0,69.25,69.25,12
2026-06-21,MESZ6,42001581,7626.0,7636.75,7582.25,7586.0,174
2026-06-22,MESU6,42003239,7515.75,7599.25,7514.5,7532.0,1173124
2026-06-22,MESU6-MESZ6,42010428,70.15,71.85,69.0,69.2,33
2026-06-22,MESZ6,42001581,7589.25,7668.0,7589.25,7601.5,1408
2026-06-23,MESH7,42003945,7600.0,7600.0,7580.0,7580.0,3
2026-06-23,MESU6,42003239,7531.75,7545.25,7415.0,7447.0,1598773
2026-06-23,MESU6-MESZ6,42010428,68.95,68.95,67.0,68.25,59
2026-06-23,MESZ6,42001581,7602.75,7613.25,7483.0,7514.0,1980
2026-06-24,MESH7,42003945,7585.0,7612.5,7560.0,7612.5,6
2026-06-24,MESU6,42003239,7446.75,7496.5,7404.0,7471.75,1639491
2026-06-24,MESU6-MESZ6,42010428,68.6,69.85,67.6,67.6,8
2026-06-24,MESZ6,42001581,7517.25,7568.0,7472.0,7539.0,2576
2026-06-25,MESH7,42003945,7580.0,7580.0,7545.0,7545.0,4
2026-06-25,MESU6,42003239,7471.75,7496.25,7390.0,7424.0,1817632
2026-06-25,MESU6-MESZ6,42010428,68.9,69.1,67.6,67.9,20
2026-06-25,MESZ6,42001581,7536.75,7564.0,7459.5,7488.5,2962
2026-06-26,MESH7,42003945,7530.0,7530.0,7511.0,7511.0,4
2026-06-26,MESU6,42003239,7423.75,7459.25,7357.25,7397.75,1470330
2026-06-26,MESU6-MESZ6,42010428,67.55,67.55,65.9,65.9,62
2026-06-26,MESZ6,42001581,7493.0,7526.75,7426.25,7462.25,2653
2026-06-28,MESH7,42003945,7590.0,7590.0,7590.0,7590.0,1
2026-06-28,MESU6,42003239,7398.0,7455.75,7398.0,7447.25,59168
2026-06-28,MESU6-MESZ6,42010428,66.55,66.55,66.45,66.45,12
2026-06-28,MESZ6,42001581,7450.5,7522.0,7450.5,7514.0,176
2026-06-29,MESH7,42003945,7590.0,7631.0,7557.5,7631.0,13
2026-06-29,MESU6,42003239,7447.5,7505.0,7409.0,7495.5,1295747
2026-06-29,MESU6-MESZ6,42010428,65.85,68.0,65.8,67.0,23
2026-06-29,MESZ6,42001581,7513.0,7572.5,7475.75,7560.25,2716
2026-06-30,MESH7,42003945,7650.0,7700.0,7650.0,7700.0,3
2026-06-30,MESU6,42003239,7495.5,7567.75,7481.75,7545.0,939197
2026-06-30,MESU6-MESZ6,42010428,67.15,68.3,67.0,68.3,11
2026-06-30,MESZ6,42001581,7559.5,7635.5,7551.0,7609.75,1414
2026-07-01,MESH7,42003945,7680.0,7680.0,7676.0,7676.0,2
2026-07-01,MESU6,42003239,7545.0,7579.0,7506.0,7534.75,993365
2026-07-01,MESU6-MESZ6,42010428,67.75,67.75,66.75,66.75,43
2026-07-01,MESZ6,42001581,7615.75,7645.75,7573.75,7602.25,1591
2026-07-02,MESH7,42003945,7679.0,7679.0,7644.0,7671.0,3
2026-07-02,MESM7,42023308,7801.0,7801.0,7739.0,7742.0,17
2026-07-02,MESU6,42003239,7534.75,7594.0,7479.75,7536.25,1493813
2026-07-02,MESU6-MESZ6,42010428,67.95,67.95,66.05,66.05,91
2026-07-02,MESZ6,42001581,7597.0,7660.75,7546.0,7599.0,2586
2026-07-03,MESU6,42003239,7536.0,7565.25,7527.25,7557.25,182802
2026-07-03,MESU6-MESZ6,42010428,66.45,66.5,66.45,66.5,2
2026-07-03,MESZ6,42001581,7605.0,7631.0,7595.0,7622.25,419
2026-07-05,MESU6,42003239,7562.75,7570.75,7551.25,7569.75,37335
2026-07-05,MESZ6,42001581,7631.0,7637.5,7620.0,7637.5,70
2026-07-06,MESM7,42023308,7804.25,7804.25,7804.25,7804.25,1
2026-07-06,MESU6,42003239,7570.0,7602.25,7538.0,7585.75,837868
2026-07-06,MESU6-MESZ6,42010428,66.75,67.7,66.5,67.55,130
2026-07-06,MESZ6,42001581,7631.5,7669.0,7605.5,7654.0,1935
2026-07-07,MESU6,42003239,7585.5,7595.5,7529.5,7539.0,1015027
2026-07-07,MESU6-MESZ6,42010428,67.0,68.0,67.0,67.3,50
2026-07-07,MESZ6,42001581,7651.5,7662.0,7596.5,7606.0,1748
2026-07-08,MESH7,42003945,7668.0,7668.0,7610.0,7627.0,6
2026-07-08,MESM7,42023308,7699.0,7699.0,7699.0,7699.0,1
2026-07-08,MESU6,42003239,7538.75,7563.0,7468.25,7527.25,1228181
2026-07-08,MESU6-MESZ6,42010428,66.9,66.9,66.55,66.55,30
2026-07-08,MESZ6,42001581,7605.0,7630.0,7535.25,7594.75,2069
2026-07-09,MESH7,42003945,7735.25,7735.25,7734.5,7734.5,3
2026-07-09,MESU6,42003239,7527.0,7595.0,7524.75,7588.5,829683
2026-07-09,MESU6-MESZ6,42010428,66.5,67.0,66.25,67.0,62
2026-07-09,MESZ6,42001581,7595.0,7661.0,7592.5,7656.5,1660
2026-07-10,MESH7,42003945,7736.5,7760.0,7736.5,7760.0,6
2026-07-10,MESU6,42003239,7588.5,7628.75,7552.25,7626.0,802423
2026-07-10,MESU6-MESZ6,42010428,67.0,67.65,66.1,67.65,24
2026-07-10,MESZ6,42001581,7650.25,7697.25,7621.75,7694.0,1666
2026-07-12,MESU6,42003239,7607.25,7612.0,7591.5,7599.25,43853
2026-07-12,MESU6-MESZ6,42010428,68.4,68.4,67.05,67.05,2
2026-07-12,MESZ6,42001581,7675.25,7679.5,7659.75,7661.25,173
2026-07-13,MESH7,42003945,7740.0,7740.0,7735.0,7735.0,3
2026-07-13,MESU6,42003239,7599.25,7615.5,7541.5,7553.25,976037
2026-07-13,MESU6-MESZ6,42010428,67.5,68.4,67.45,67.95,41
2026-07-13,MESZ6,42001581,7669.0,7681.0,7609.5,7620.0,2038
2026-07-14,MESH7,42003945,7735.0,7735.0,7735.0,7735.0,1
2026-07-14,MESU6,42003239,7553.5,7613.75,7531.75,7602.75,950441
2026-07-14,MESU6-MESZ6,42010428,68.45,68.55,66.6,67.5,90
2026-07-14,MESZ6,42001581,7622.0,7680.0,7600.0,7669.0,2917
2026-07-15,MESH7,42003945,7750.0,7750.0,7750.0,7750.0,1
2026-07-15,MESU6,42003239,7602.75,7626.25,7571.75,7616.25,992589
2026-07-15,MESU6-MESZ6,42010428,67.4,67.4,66.55,67.4,4
2026-07-15,MESZ6,42001581,7669.25,7693.75,7640.0,7683.0,2573
2026-07-16,MESU6,42003239,7616.25,7632.0,7548.25,7560.5,1029511
2026-07-16,MESU6-MESZ6,42010428,66.7,67.55,66.65,66.8,54
2026-07-16,MESZ6,42001581,7685.0,7699.0,7617.0,7627.0,2518
2026-07-17,MESH7,42003945,7631.0,7675.0,7631.0,7640.0,10
2026-07-17,MESU6,42003239,7560.5,7563.75,7473.0,7495.0,1224724
2026-07-17,MESU6-MESZ6,42010428,67.0,67.0,65.45,66.9,107
2026-07-17,MESZ6,42001581,7628.0,7629.5,7539.5,7563.75,2562
2026-07-19,MESU6,42003239,7484.5,7505.25,7482.0,7504.25,53371
2026-07-19,MESU6-MESZ6,42010428,66.45,66.45,66.45,66.45,5
2026-07-19,MESZ6,42001581,7550.0,7570.0,7548.5,7569.5,175
2026-07-20,MESH7,42003945,7650.0,7688.25,7621.0,7621.0,4
2026-07-20,MESU6,42003239,7504.25,7552.25,7473.25,7485.25,1121962
2026-07-20,MESU6-MESZ6,42010428,66.65,67.4,66.25,67.4,49
2026-07-20,MESZ6,42001581,7569.5,7619.0,7539.25,7552.0,2398
2026-07-21,MESH7,42003945,7641.25,7680.0,7641.25,7680.0,3
2026-07-21,MESU6,42003239,7485.0,7554.25,7473.75,7543.5,906850
2026-07-21,MESU6-MESZ6,42010428,67.45,67.9,67.45,67.9,11
2026-07-21,MESZ6,42001581,7546.75,7621.5,7542.75,7611.5,1580
2026-07-22,MESH7,42003945,7675.0,7695.0,7675.0,7694.0,21
2026-07-22,MESU6,42003239,7543.0,7563.0,7503.25,7530.25,880286
2026-07-22,MESU6-MESZ6,42010428,67.95,69.1,67.95,69.1,14
2026-07-22,MESZ6,42001581,7612.25,7631.0,7574.0,7596.0,2134
2026-07-23,MESH7,42003945,7622.0,7629.25,7612.0,7629.25,3
2026-07-23,MESU6,42003239,7530.5,7550.0,7411.75,7449.0,1328978
2026-07-23,MESU6-MESZ6,42010428,67.6,67.6,66.05,66.4,84
2026-07-23,MESZ6,42001581,7599.25,7618.0,7479.0,7517.75,2818
2026-07-24,MESH7,42003945,7605.75,7630.0,7589.75,7616.0,11
2026-07-24,MESU6,42003239,7449.25,7496.5,7431.25,7444.0,1147417
2026-07-24,MESU6-MESZ6,42010428,66.65,67.25,66.0,66.05,168
2026-07-24,MESZ6,42001581,7517.75,7562.5,7499.0,7512.0,2606
2026-07-26,MESU6,42003239,7489.0,7512.25,7486.5,7510.75,43063
2026-07-26,MESZ6,42001581,7553.25,7578.75,7553.25,7578.75,353
2026-07-27,MESH7,42003945,7580.0,7580.0,7575.5,7575.5,6
2026-07-27,MESU6,42003239,7511.0,7524.5,7416.25,7447.75,1226147
2026-07-27,MESU6-MESZ6,42010428,67.3,67.4,66.6,67.4,66
2026-07-27,MESZ6,42001581,7572.0,7591.0,7484.0,7514.5,2278
2026-07-28,MESH7,42003945,7589.5,7636.0,7572.0,7627.75,16
2026-07-28,MESU6,42003239,7448.25,7495.0,7417.0,7494.75,1243261
2026-07-28,MESU6-MESZ6,42010428,66.6,66.75,65.85,66.65,43
2026-07-28,MESZ6,42001581,7515.0,7561.5,7484.0,7560.75,2313
2026-07-29,MESH7,42003945,7640.0,7640.0,7474.0,7520.0,96
2026-07-29,MESM7,42023308,7560.0,7560.0,7560.0,7560.0,1
2026-07-29,MESU6,42003239,7494.75,7501.0,7323.25,7378.25,1647096
2026-07-29,MESU6-MESZ6,42010428,67.0,67.0,63.3,63.3,115
2026-07-29,MESZ6,42001581,7562.0,7567.0,7386.0,7443.75,4032
2026-07-30,MESH7,42003945,7530.0,7629.0,7530.0,7625.0,28
2026-07-30,MESU6,42003239,7378.5,7498.0,7351.75,7487.75,1277118
2026-07-30,MESU6-MESZ6,42010428,64.0,64.95,64.0,64.95,36
2026-07-30,MESZ6,42001581,7443.25,7563.5,7417.0,7555.0,3219
2026-07-31,MESH7,42003945,7623.5,7678.0,7576.25,7678.0,12
2026-07-31,MESU6,42003239,7487.75,7541.0,7427.5,7502.5,1251550
2026-07-31,MESU6-MESZ6,42010428,65.5,66.1,65.5,65.7,41
2026-07-31,MESZ6,42001581,7551.25,7606.0,7493.25,7572.75,3859
2026-08-02,MESH7,42003945,7681.25,7694.25,7681.25,7694.25,2
2026-08-02,MESU6,42003239,7549.75,7558.25,7543.5,7551.5,40317
2026-08-02,MESU6-MESZ6,42010428,65.95,65.95,65.95,65.95,6
2026-08-02,MESZ6,42001581,7615.5,7624.0,7608.75,7617.5,263
2026-08-03,MESH7,42003945,7697.0,7778.5,7694.0,7773.0,36
2026-08-03,MESM7,42023308,7821.0,7821.0,7821.0,7821.0,2
2026-08-03,MESU6,42003239,7551.5,7638.5,7542.75,7635.75,875290
2026-08-03,MESU6-MESZ6,42010428,66.2,67.95,65.55,67.95,75
2026-08-03,MESU7,42005735,7862.0,7862.0,7862.0,7862.0,10
2026-08-03,MESZ6,42001581,7612.5,7705.75,7610.0,7700.5,2287
2026-08-04,MESH7,42003945,7780.25,7928.0,7780.25,7928.0,61
2026-08-04,MESU6,42003239,7635.5,7786.0,7629.25,7777.25,1050380
2026-08-04,MESU6-MESZ6,42010428,67.25,69.5,67.0,68.75,123
2026-08-04,MESZ6,42001581,7701.0,7854.0,7697.25,7848.75,4553
2026-08-05,MESH7,42003945,7929.5,7963.75,7900.0,7910.0,58
2026-08-05,MESU6,42003239,7777.75,7820.25,7745.75,7761.75,1038576
2026-08-05,MESU6-MESH7,42021038,151.25,151.25,151.25,151.25,1
2026-08-05,MESU6-MESZ6,42010428,69.05,69.5,66.9,68.7,53
2026-08-05,MESZ6,42001581,7848.75,7889.25,7813.25,7829.25,2828
2026-08-06,MESH7,42003945,7907.5,7915.75,7870.75,7881.75,720
2026-08-06,MESU6,42003239,7762.0,7768.5,7724.25,7740.0,1034526
2026-08-06,MESU6-MESZ6,42010428,68.75,69.8,68.4,68.55,29
2026-08-06,MESZ6,42001581,7827.75,7837.5,7794.25,7807.5,1909
2026-08-07,MESH7,42003945,7870.0,7926.0,7870.0,7926.0,120
2026-08-07,MESM7,42023308,7975.0,7975.0,7975.0,7975.0,1
2026-08-07,MESU6,42003239,7740.0,7786.75,7725.25,7777.25,958703
2026-08-07,MESU6-MESZ6,42010428,68.65,68.65,67.95,68.2,40
2026-08-07,MESZ6,42001581,7808.75,7854.75,7792.0,7847.75,2501
2026-08-09,MESH7,42003945,7921.5,7921.5,7921.5,7921.5,1
2026-08-09,MESU6,42003239,7777.0,7779.75,7763.5,7767.0,27714
2026-08-09,MESZ6,42001581,7845.5,7845.5,7832.0,7835.25,107
2026-08-10,MESH7,42003945,7925.5,7937.0,7910.0,7917.0,142
2026-08-10,MESU6,42003239,7766.75,7797.0,7763.75,7770.75,776169
2026-08-10,MESU6-MESZ6,42010428,68.05,68.8,67.9,68.35,59
2026-08-10,MESZ6,42001581,7834.25,7865.25,7832.25,7835.75,1682
2026-08-11,MESH7,42003945,7929.75,7937.25,7884.5,7902.5,45
2026-08-11,MESM7,42023308,7980.0,7980.0,7980.0,7980.0,1
2026-08-11,MESU6,42003239,7770.75,7796.0,7739.25,7755.5,878491
2026-08-11,MESU6-MESZ6,42010428,68.3,68.65,66.7,67.5,143
2026-08-11,MESZ6,42001581,7836.5,7864.0,7807.75,7822.75,1652
2026-08-12,MESH7,42003945,7931.75,7931.75,7905.0,7912.5,61
2026-08-12,MESU6,42003239,7755.25,7794.0,7748.5,7768.5,798005
2026-08-12,MESU6-MESH7,42021038,140.75,140.75,140.75,140.75,16
2026-08-12,MESU6-MESZ6,42010428,67.5,67.65,66.25,66.45,162
2026-08-12,MESZ6,42001581,7820.75,7861.0,7816.5,7835.0,1534
2026-08-13,MESH7,42003945,7910.0,7975.0,7910.0,7963.0,153
2026-08-13,MESU6,42003239,7768.25,7838.5,7764.25,7825.75,858757
2026-08-13,MESU6-MESZ6,42010428,66.65,67.05,66.2,66.55,192
2026-08-13,MESZ6,42001581,7839.0,7905.5,7831.0,7892.0,2443
2026-08-14,MESH7,42003945,7970.5,7973.0,7944.25,7950.0,93
2026-08-14,MESM7,42023308,8070.0,8075.0,8035.0,8035.0,6
2026-08-14,MESU6,42003239,7825.75,7832.0,7796.5,7802.0,683810
2026-08-14,MESU6-MESM7,42032904,233.05,235.0,233.05,235.0,2
2026-08-14,MESU6-MESZ6,42010428,66.65,66.8,65.05,65.05,93
2026-08-14,MESZ6,42001581,7894.25,7898.5,7863.25,7870.75,1358
