date,symbol,instrument_id,open,high,low,close,volume
2019-05-05,MNQM9,8078,7748.75,7750.0,7700.75,7709.5,188
2019-05-06,MNQM9,8078,7701.25,7817.5,7668.75,7763.75,93025
2019-05-06,MNQU9,8084,7787.75,7787.75,7787.75,7787.75,7
2019-05-07,MNQM9,8078,7764.5,7804.0,7581.5,7652.75,159183
2019-05-07,MNQU9,8084,7716.25,7716.25,7620.0,7701.25,10
2019-05-08,MNQM9,8078,7653.75,7697.75,7600.75,7632.75,174036
2019-05-08,MNQU9,8084,7663.0,7687.0,7645.5,7687.0,3
2019-05-09,MNQM9,8078,7632.25,7642.0,7481.25,7600.0,182615
2019-05-09,MNQU9,8084,7635.0,7635.0,7543.25,7607.0,25
2019-05-10,MNQM9,8078,7600.0,7653.5,7435.5,7610.25,164130
2019-05-10,MNQM9-MNQU9,8228,28.5,28.5,28.5,28.5,1
2019-05-10,MNQU9,8084,7650.0,7665.25,7479.5,7644.75,43
2019-05-12,MNQM9,8078,7601.0,7601.0,7518.25,7519.5,1949
2019-05-12,MNQU9,8084,7576.25,7576.25,7568.0,7568.0,5
2019-05-13,MNQM9,8078,7518.0,7533.25,7286.0,7306.75,151006
2019-05-13,MNQU9,8084,7555.0,7555.25,7329.0,7332.75,142
2019-05-14,MNQM9,8078,7306.25,7459.5,7305.75,7433.25,87797
2019-05-14,MNQU9,8084,7361.25,7458.0,7361.25,7458.0,17
2019-05-15,MNQM9,8078,7432.25,7538.5,7353.75,7518.0,104777
2019-05-15,MNQU9,8084,7463.25,7555.0,7397.25,7548.5,11
2019-05-16,MNQM9,8078,7518.0,7641.25,7473.25,7607.75,122863
2019-05-16,MNQU9,8084,7563.0,7638.5,7563.0,7625.25,22
2019-05-17,MNQM9,8078,7608.5,7619.75,7506.5,7512.0,176068
2019-05-17,MNQU9,8084,7631.25,7640.5,7542.25,7543.0,35
2019-05-19,MNQM9,8078,7512.75,7546.5,7512.25,7541.75,1941
2019-05-19,MNQU9,8084,7550.0,7550.0,7550.0,7550.0,1
2019-05-20,MNQM9,8078,7542.75,7559.5,7361.5,7415.25,204228
2019-05-20,MNQU9,8084,7570.0,7570.0,7396.25,7447.5,16
2019-05-21,MNQM9,8078,7416.0,7485.25,7400.75,7470.75,149161
2019-05-21,MNQU9,8084,7450.0,7505.0,7450.0,7489.75,19
2019-05-22,MNQM9,8078,7470.25,7474.0,7391.0,7417.75,120828
2019-05-22,MNQM9-MNQU9,8228,27.25,27.25,27.25,27.25,1
2019-05-22,MNQU9,8084,7471.75,7500.0,7450.0,7450.75,31
2019-05-23,MNQM9,8078,7418.5,7421.5,7268.25,7323.5,233329
2019-05-23,MNQU9,8084,7407.5,7407.5,7300.0,7320.0,103
2019-05-24,MNQM9,8078,7325.25,7379.5,7300.5,7312.0,135498
2019-05-24,MNQU9,8084,7370.0,7400.0,7352.0,7355.5,39
2019-05-26,MNQM9,8078,7314.75,7327.5,7307.5,7310.75,1505
2019-05-26,MNQU9,8084,7333.25,7338.25,7333.25,7338.25,2
2019-05-27,MNQM9,8078,7309.75,7338.25,7293.0,7323.25,13960
2019-05-27,MNQU9,8084,7325.5,7348.0,7325.5,7348.0,8
2019-05-28,MNQM9,8078,7324.5,7371.5,7280.75,7288.5,157219
2019-05-28,MNQU9,8084,7358.0,7390.5,7307.25,7322.25,108
2019-05-29,MNQM9,8078,7289.75,7291.25,7183.25,7221.25,208350
2019-05-29,MNQU9,8084,7300.5,7300.5,7212.5,7254.0,184
2019-05-30,MNQM9,8078,7222.25,7271.25,7183.0,7187.5,153922
2019-05-30,MNQU9,8084,7250.0,7295.0,7240.0,7272.0,101
2019-05-31,MNQM9,8078,7187.5,7217.0,7129.5,7136.25,195670
2019-05-31,MNQU9,8084,7211.25,7227.0,7158.5,7162.5,163
2019-06-02,MNQM9,8078,7114.75,7114.75,7076.75,7082.25,5006
2019-06-02,MNQU9,8084,7150.5,7150.5,7104.5,7109.0,39
2019-06-03,MNQM9,8078,7081.75,7132.5,6940.5,7001.75,266791
2019-06-03,MNQM9-MNQU9,8228,25.5,25.5,25.0,25.0,5
2019-06-03,MNQU9,8084,7109.5,7157.5,6972.0,7032.75,304
2019-06-04,MNQM9,8078,7001.75,7211.25,6981.5,7203.75,204822
2019-06-04,MNQU9,8084,7023.5,7230.0,7004.75,7230.0,399
2019-06-05,MNQM9,8078,7205.25,7245.25,7150.0,7212.25,196413
2019-06-05,MNQM9-MNQU9,8228,25.15,25.15,25.15,25.15,3
2019-06-05,MNQU9,8084,7227.25,7270.0,7187.0,7238.0,283
2019-06-06,MNQM9,8078,7212.75,7299.5,7204.25,7275.75,150975
2019-06-06,MNQU9,8084,7245.0,7321.25,7234.5,7287.0,142
2019-06-07,MNQM9,8078,7276.0,7452.5,7264.25,7428.75,167108
2019-06-07,MNQU9,8084,7296.0,7470.0,7292.0,7440.5,179
2019-06-09,MNQM9,8078,7461.25,7484.5,7455.25,7456.0,2421
2019-06-09,MNQU9,8084,7458.0,7502.5,7458.0,7484.0,21
2019-06-10,MNQM9,8078,7456.0,7578.25,7431.5,7507.75,158581
2019-06-10,MNQM9-MNQU9,8228,25.4,25.4,25.4,25.4,1
2019-06-10,MNQU9,8084,7465.0,7606.0,7459.0,7541.25,204
2019-06-11,MNQM9,8078,7508.0,7601.0,7492.5,7514.25,145405
2019-06-11,MNQU9,8084,7529.75,7624.5,7519.25,7545.0,435
2019-06-12,MNQM9,8078,7513.0,7531.0,7461.0,7490.0,109750
2019-06-12,MNQM9-MNQU9,8228,25.8,26.3,25.7,26.3,14
2019-06-12,MNQU9,8084,7554.75,7554.75,7488.25,7518.75,1195
2019-06-13,MNQM9,8078,7489.5,7536.0,7421.5,7495.75,114512
2019-06-13,MNQM9-MNQU9,8228,26.25,26.25,26.25,26.25,151
2019-06-13,MNQU9,8084,7520.0,7561.5,7450.0,7522.5,2708
2019-06-14,MNQM9,8078,7496.0,7521.0,7451.75,7484.25,58509
2019-06-14,MNQM9-MNQU9,8228,25.75,26.5,25.75,26.5,9
2019-06-14,MNQU9,8084,7523.0,7546.75,7478.0,7509.75,36976
2019-06-14,MNQZ9,8107,7525.0,7525.0,7525.0,7525.0,1
2019-06-16,MNQM9,8078,7483.75,7503.5,7480.75,7499.75,388
2019-06-16,MNQU9,8084,7510.75,7529.75,7508.0,7526.25,499
2019-06-17,MNQM9,8078,7496.0,7550.75,7482.75,7536.0,17540
2019-06-17,MNQM9-MNQU9,8228,26.3,27.0,26.3,27.0,48
2019-06-17,MNQU9,8084,7524.25,7577.5,7509.5,7563.0,59128
2019-06-17,MNQZ9,8107,7575.0,7580.25,7575.0,7580.25,2
2019-06-18,MNQM9,8078,7536.75,7693.0,7515.5,7657.5,20378
2019-06-18,MNQM9-MNQU9,8228,27.25,27.25,27.25,27.25,1
2019-06-18,MNQU9,8084,7563.5,7721.75,7541.25,7685.25,150446
2019-06-19,MNQM9,8078,7656.5,7704.0,7600.25,7699.75,10073
2019-06-19,MNQM9-MNQU9,8228,27.75,28.25,27.5,28.25,30
2019-06-19,MNQU9,8084,7686.0,7731.75,7630.0,7727.5,124815
2019-06-20,MNQM0,8204,7862.75,7862.75,7862.75,7862.75,10
2019-06-20,MNQM9,8078,7701.5,7792.75,7679.25,7737.0,7941
2019-06-20,MNQM9-MNQU9,8228,28.0,28.0,26.4,27.5,39
2019-06-20,MNQU9,8084,7726.0,7820.75,7706.5,7764.0,133085
2019-06-20,MNQZ9,8107,7750.0,7770.0,7750.0,7770.0,2
2019-06-21,MNQM9,8078,7736.75,7743.0,7702.75,7720.0,312
2019-06-21,MNQM9-MNQU9,8228,26.0,26.5,23.25,25.0,6
2019-06-21,MNQU9,8084,7764.0,7803.5,7725.75,7746.5,185715
2019-06-21,MNQZ9,8107,7771.25,7812.0,7765.75,7784.75,62
2019-06-23,MNQU9,8084,7744.0,7773.5,7716.75,7770.25,1855
2019-06-24,MNQU9,8084,7769.75,7794.0,7746.0,7759.0,100118
2019-06-24,MNQZ9,8107,7790.75,7790.75,7770.75,7774.75,83
2019-06-25,MNQU9,8084,7760.0,7779.75,7609.5,7626.25,186038
2019-06-25,MNQZ9,8107,7742.5,7760.0,7630.25,7653.0,111
2019-06-26,MNQU9,8084,7626.25,7719.0,7622.0,7653.75,157011
2019-06-26,MNQZ9,8107,7654.0,7728.5,7653.0,7667.25,80
2019-06-27,MNQH0,8196,7724.25,7724.25,7724.25,7724.25,1
2019-06-27,MNQU9,8084,7654.0,7716.75,7650.5,7695.75,122304
2019-06-27,MNQZ9,8107,7670.25,7715.5,7667.75,7711.25,116
2019-06-28,MNQU9,8084,7696.5,7726.0,7664.25,7724.0,127107
2019-06-28,MNQZ9,8107,7725.25,7733.0,7683.5,7733.0,51
2019-06-30,MNQU9,8084,7750.25,7825.75,7750.25,7802.5,5205
2019-06-30,MNQZ9,8107,7836.5,7837.0,7820.25,7820.25,14
2019-07-01,MNQU9,8084,7802.25,7850.25,7758.75,7777.5,168005
2019-07-01,MNQZ9,8107,7801.5,7852.25,7791.25,7800.0,67
2019-07-02,MNQU9,8084,7777.75,7843.25,7762.75,7835.5,134924
2019-07-02,MNQZ9,8107,7801.75,7850.75,7795.0,7845.75,50
2019-07-03,MNQU9,8084,7835.25,7900.75,7824.75,7890.0,88423
2019-07-03,MNQZ9,8107,7845.75,7905.0,7843.75,7903.0,24
2019-07-04,MNQU9,8084,7888.5,7909.25,7881.75,7904.25,13054
2019-07-04,MNQZ9,8107,7915.0,7920.5,7915.0,7920.5,3
2019-07-05,MNQU9,8084,7904.5,7908.5,7797.0,7854.75,161714
2019-07-05,MNQZ9,8107,7921.25,7921.25,7816.25,7882.75,62
2019-07-07,MNQU9,8084,7855.0,7864.25,7842.75,7842.75,1664
2019-07-07,MNQZ9,8107,7874.75,7874.75,7872.25,7873.5,4
2019-07-08,MNQU9,8084,7843.25,7846.75,7777.75,7794.0,126567
2019-07-08,MNQZ9,8107,7860.75,7864.0,7798.75,7825.25,90
2019-07-09,MNQU9,8084,7793.25,7858.75,7743.25,7847.0,176159
2019-07-09,MNQZ9,8107,7815.5,7872.25,7772.75,7872.25,78
2019-07-10,MNQU9,8084,7847.0,7949.5,7811.5,7927.25,240496
2019-07-10,MNQZ9,8107,7886.0,7969.75,7870.75,7955.0,78
2019-07-11,MNQU9,8084,7927.75,7963.25,7894.25,7921.75,242238
2019-07-11,MNQZ9,8107,7955.0,7981.75,7917.0,7937.25,90
2019-07-12,MNQH0,8196,7978.75,7978.75,7978.75,7978.75,1
2019-07-12,MNQU9,8084,7921.5,7967.75,7918.75,7958.0,166042
2019-07-12,MNQZ9,8107,7947.25,7986.75,7943.0,7986.75,35
2019-07-14,MNQU9,8084,7956.25,7966.75,7950.25,7952.0,1920
2019-07-14,MNQZ9,8107,7979.5,7979.5,7979.5,7979.5,1
2019-07-15,MNQH0,8196,8007.75,8007.75,8007.75,8007.75,1
2019-07-15,MNQU9,8084,7952.0,7998.25,7941.25,7994.5,157112
2019-07-15,MNQZ9,8107,7975.0,8012.0,7966.25,8012.0,55
2019-07-16,MNQU9,8084,7994.75,8001.5,7924.0,7941.5,190417
2019-07-16,MNQZ9,8107,8021.0,8021.0,7955.5,7958.25,77
2019-07-17,MNQU9,8084,7941.25,7966.5,7868.0,7873.0,190857
2019-07-17,MNQZ9,8107,7961.0,7988.25,7899.75,7899.75,58
2019-07-18,MNQM0,8204,7943.25,7974.25,7943.25,7974.25,2
2019-07-18,MNQU9,8084,7872.75,7974.75,7833.0,7945.75,266363
2019-07-18,MNQZ9,8107,7880.5,7985.75,7860.0,7966.25,88
2019-07-19,MNQM0,8204,8030.5,8030.5,7938.5,7938.5,2
2019-07-19,MNQU9,8084,7945.75,7980.5,7815.0,7819.0,262064
2019-07-19,MNQZ9,8107,7994.5,8001.75,7856.5,7856.5,109
2019-07-21,MNQU9,8084,7826.75,7854.25,7825.5,7851.0,4160
2019-07-22,MNQH0,8196,7942.5,7942.5,7942.5,7942.5,1
2019-07-22,MNQU9,8084,7851.0,7936.25,7833.25,7928.75,218255
2019-07-22,MNQZ9,8107,7869.0,7957.0,7869.0,7941.0,93
2019-07-23,MNQU9,8084,7928.75,7985.75,7908.25,7953.5,236231
2019-07-23,MNQZ9,8107,7976.0,7995.25,7940.5,7967.25,98
2019-07-24,MNQU9,8084,7953.75,8051.75,7925.75,8016.75,199631
2019-07-24,MNQZ9,8107,7976.75,8075.0,7952.0,8042.5,106
2019-07-25,MNQU9,8084,8017.0,8034.25,7917.25,7992.75,293468
2019-07-25,MNQZ9,8107,8039.75,8040.0,7950.0,8022.0,169
2019-07-26,MNQU9,8084,7993.25,8040.5,7990.5,8015.0,183283
2019-07-26,MNQZ9,8107,8013.75,8062.0,8013.75,8062.0,85
2019-07-28,MNQU9,8084,8015.5,8026.25,8015.5,8018.0,1557
2019-07-29,MNQU9,8084,8018.0,8031.75,7951.5,8010.0,141991
2019-07-29,MNQZ9,8107,8028.25,8050.0,7978.0,8032.5,80
2019-07-30,MNQU9,8084,8010.0,8019.75,7928.25,7989.5,181910
2019-07-30,MNQZ9,8107,8035.0,8035.0,7953.75,8012.0,80
2019-07-31,MNQU9,8084,7989.5,8001.75,7782.0,7837.5,313611
2019-07-31,MNQZ9,8107,8016.0,8021.75,7830.25,7869.75,164
2019-08-01,MNQH0,8196,7906.75,8032.0,7906.75,8032.0,8
2019-08-01,MNQM0,8204,8000.0,8000.0,8000.0,8000.0,1
2019-08-01,MNQU9,8084,7837.5,8014.5,7774.0,7785.75,425291
2019-08-01,MNQZ9,8107,7870.75,8035.0,7800.0,7808.0,321
2019-08-02,MNQH0,8196,7785.0,7785.0,7785.0,7785.0,5
2019-08-02,MNQU9,8084,7786.75,7805.0,7650.0,7708.25,331216
2019-08-02,MNQZ9,8107,7810.75,7825.0,7675.0,7728.0,134
2019-08-04,MNQU9,8084,7706.0,7706.0,7674.0,7682.0,3150
2019-08-04,MNQZ9,8107,7708.75,7709.25,7696.0,7696.0,7
2019-08-05,MNQH0,8196,7550.75,7550.75,7550.75,7550.75,4
2019-08-05,MNQU9,8084,7681.5,7705.5,7225.0,7243.5,393474
2019-08-05,MNQZ9,8107,7720.0,7720.0,7250.0,7250.0,182
2019-08-06,MNQU9,8084,7243.75,7548.75,7236.5,7501.75,381058
2019-08-06,MNQU9-MNQZ9,8351,16.0,16.0,16.0,16.0,8
2019-08-06,MNQZ9,8107,7253.5,7564.25,7253.5,7506.0,199
2019-08-07,MNQH0,8196,7518.5,7518.5,7518.5,7518.5,1
2019-08-07,MNQU9,8084,7501.75,7577.25,7387.75,7538.0,441874
2019-08-07,MNQZ9,8107,7506.0,7594.75,7415.0,7582.0,200
2019-08-08,MNQU9,8084,7538.0,7738.5,7526.25,7714.75,314083
2019-08-08,MNQU9-MNQZ9,8351,15.75,15.75,15.75,15.75,7
2019-08-08,MNQZ9,8107,7550.0,7759.25,7550.0,7701.5,239
2019-08-09,MNQU9,8084,7714.75,7724.0,7596.75,7669.25,325132
2019-08-09,MNQZ9,8107,7709.5,7730.0,7619.75,7695.0,173
2019-08-11,MNQU9,8084,7654.0,7679.75,7638.5,7641.75,3250
2019-08-11,MNQZ9,8107,7669.25,7692.0,7660.0,7660.0,6
2019-08-12,MNQU9,8084,7642.5,7709.75,7534.75,7583.0,289210
2019-08-12,MNQZ9,8107,7667.25,7724.25,7558.75,7588.0,121
2019-08-13,MNQU9,8084,7583.0,7789.25,7513.75,7754.25,314042
2019-08-13,MNQU9-MNQZ9,8351,16.9,16.9,14.7,14.7,12
2019-08-13,MNQZ9,8107,7603.0,7809.0,7530.5,7770.75,305
2019-08-14,MNQU9,8084,7755.25,7767.5,7466.75,7504.0,451569
2019-08-14,MNQZ9,8107,7772.25,7772.25,7496.75,7524.0,283
2019-08-15,MNQH0,8196,7560.0,7560.0,7560.0,7560.0,1
2019-08-15,MNQU9,8084,7504.0,7573.25,7388.5,7515.0,471751
2019-08-15,MNQZ9,8107,7527.0,7589.5,7419.0,7529.0,403
2019-08-16,MNQH0,8196,7650.0,7650.0,7650.0,7650.0,1
2019-08-16,MNQU9,8084,7514.25,7632.25,7502.25,7612.75,278393
2019-08-16,MNQZ9,8107,7540.0,7640.0,7540.0,7619.5,325
2019-08-18,MNQU9,8084,7615.0,7656.25,7613.0,7651.5,3512
2019-08-18,MNQZ9,8107,7657.0,7665.0,7656.0,7665.0,12
2019-08-19,MNQU9,8084,7651.5,7750.25,7636.75,7711.75,170695
2019-08-19,MNQZ9,8107,7670.0,7765.0,7659.25,7755.75,289
2019-08-20,MNQU9,8084,7711.25,7752.5,7651.5,7672.25,201898
2019-08-20,MNQU9-MNQZ9,8351,16.95,16.95,16.95,16.95,10
2019-08-20,MNQZ9,8107,7751.75,7757.0,7680.25,7685.0,159
2019-08-21,MNQH0,8196,7770.75,7770.75,7770.75,7770.75,1
2019-08-21,MNQU9,8084,7672.75,7782.25,7672.25,7769.75,147589
2019-08-21,MNQZ9,8107,7695.0,7799.75,7695.0,7792.25,133
2019-08-22,MNQU9,8084,7770.0,7773.75,7653.75,7712.5,212633
2019-08-22,MNQU9-MNQZ9,8351,17.45,17.45,17.45,17.45,18
2019-08-22,MNQZ9,8107,7777.0,7789.0,7680.0,7757.0,152
2019-08-23,MNQH0,8196,7565.75,7565.75,7565.75,7565.75,2
2019-08-23,MNQU9,8084,7712.25,7762.0,7448.0,7493.25,355921
2019-08-23,MNQU9-MNQZ9,8351,14.0,14.0,14.0,14.0,1
2019-08-23,MNQZ9,8107,7762.0,7775.0,7467.0,7525.0,636
2019-08-25,MNQU9,8084,7454.0,7460.0,7311.75,7410.25,5512
2019-08-25,MNQZ9,8107,7470.5,7482.5,7402.5,7418.75,34
2019-08-26,MNQU9,8084,7410.75,7626.0,7403.75,7573.25,235101
2019-08-26,MNQZ9,8107,7435.0,7639.75,7426.5,7591.0,392
2019-08-27,MNQH0,8196,7654.5,7654.5,7593.25,7593.25,2
2019-08-27,MNQU9,8084,7573.0,7648.75,7536.75,7588.0,252253
2019-08-27,MNQU9-MNQZ9,8351,16.6,16.6,16.6,16.6,7
2019-08-27,MNQZ9,8107,7590.5,7664.75,7559.25,7600.75,383
2019-08-28,MNQH0,8196,7624.5,7624.5,7624.5,7624.5,1
2019-08-28,MNQU9,8084,7587.75,7605.75,7503.75,7582.75,219250
2019-08-28,MNQZ9,8107,7610.0,7620.5,7521.5,7610.0,274
2019-08-29,MNQU9,8084,7582.25,7730.25,7548.5,7699.75,178326
2019-08-29,MNQU9-MNQZ9,8351,15.9,16.5,15.9,16.5,14
2019-08-29,MNQZ9,8107,7598.25,7745.0,7567.0,7718.75,488
2019-08-30,MNQU9,8084,7700.25,7770.25,7646.0,7676.0,184432
2019-08-30,MNQU9-MNQZ9,8351,16.7,17.25,16.7,17.25,22
2019-08-30,MNQZ9,8107,7717.0,7783.75,7663.5,7716.5,201
2019-09-01,MNQU9,8084,7644.0,7644.0,7591.5,7630.0,4006
2019-09-01,MNQU9-MNQZ9,8351,17.25,17.25,16.8,16.8,4
2019-09-01,MNQZ9,8107,7659.0,7660.0,7616.75,7637.75,39
2019-09-02,MNQU9,8084,7630.5,7695.75,7581.5,7625.25,61233
2019-09-02,MNQZ9,8107,7650.25,7710.0,7600.0,7656.25,63
2019-09-03,MNQU9,8084,7625.25,7676.75,7587.5,7612.0,225928
2019-09-03,MNQU9-MNQZ9,8351,14.9,14.9,14.9,14.9,2
2019-09-03,MNQZ9,8107,7651.5,7690.0,7604.0,7637.5,249
2019-09-04,MNQU9,8084,7612.5,7729.75,7610.5,7723.25,183286
2019-09-04,MNQU9-MNQZ9,8351,15.95,15.95,15.95,15.95,3
2019-09-04,MNQZ9,8107,7634.0,7746.0,7634.0,7734.75,260
2019-09-05,MNQH0,8196,7867.25,7909.75,7866.25,7909.75,7
2019-09-05,MNQU9,8084,7723.0,7886.5,7721.75,7873.25,194758
2019-09-05,MNQU9-MNQZ9,8351,18.5,18.5,18.25,18.5,16
2019-09-05,MNQZ9,8107,7754.0,7900.0,7754.0,7891.5,421
2019-09-06,MNQU9,8084,7873.75,7895.5,7838.5,7865.75,149676
2019-09-06,MNQU9-MNQZ9,8351,18.55,19.6,18.55,19.6,3
2019-09-06,MNQZ9,8107,7893.0,7910.0,7861.5,7875.0,234
2019-09-08,MNQU9,8084,7858.25,7875.0,7856.75,7864.5,1503
2019-09-08,MNQZ9,8107,7894.75,7894.75,7894.75,7894.75,2
2019-09-09,MNQU9,8084,7864.5,7887.25,7798.5,7843.5,138543
2019-09-09,MNQU9-MNQZ9,8351,19.6,19.6,19.0,19.0,3
2019-09-09,MNQZ9,8107,7891.0,7905.0,7825.0,7856.25,390
2019-09-10,MNQU9,8084,7844.0,7857.75,7744.25,7811.5,193300
2019-09-10,MNQU9-MNQZ9,8351,19.3,20.0,18.75,18.75,9
2019-09-10,MNQZ9,8107,7871.25,7878.25,7765.0,7826.0,574
2019-09-11,MNQH0,8196,7837.5,7920.0,7837.5,7920.0,14
2019-09-11,MNQU9,8084,7810.0,7960.0,7786.5,7952.5,155968
2019-09-11,MNQU9-MNQZ9,8351,20.25,20.75,18.25,18.25,13
2019-09-11,MNQZ9,8107,7825.75,7983.0,7811.0,7974.0,958
2019-09-12,MNQH0,8196,7990.0,7990.0,7990.0,7990.0,3
2019-09-12,MNQU9,8084,7952.75,7982.0,7903.0,7934.0,179256
2019-09-12,MNQU9-MNQZ9,8351,20.0,23.75,19.55,20.75,54
2019-09-12,MNQZ9,8107,7972.25,8000.75,7926.0,7953.75,3815
2019-09-13,MNQH0,8196,7992.75,7992.75,7992.75,7992.75,3
2019-09-13,MNQU9,8084,7932.0,7958.25,7881.25,7887.75,42138
2019-09-13,MNQU9-MNQZ9,8351,20.65,22.55,19.95,22.5,147
2019-09-13,MNQZ9,8107,7954.25,7978.75,7903.75,7912.0,102056
2019-09-15,MNQU9,8084,7864.25,7866.5,7811.75,7817.75,1820
2019-09-15,MNQU9-MNQZ9,8351,23.45,23.45,22.25,22.25,13
2019-09-15,MNQZ9,8107,7888.0,7914.0,7825.0,7840.0,2232
2019-09-16,MNQU9,8084,7819.25,7873.75,7776.5,7862.75,23402
2019-09-16,MNQU9-MNQZ9,8351,19.8,23.0,19.8,23.0,168
2019-09-16,MNQZ9,8107,7840.0,7897.0,7798.25,7885.75,111609
2019-09-17,MNQU9,8084,7864.5,7896.5,7828.0,7887.5,14658
2019-09-17,MNQU9-MNQZ9,8351,22.8,24.75,22.75,24.75,1473
2019-09-17,MNQZ9,8107,7886.0,7921.5,7850.5,7912.0,118376
2019-09-18,MNQU9,8084,7887.25,7905.75,7789.5,7885.0,12938
2019-09-18,MNQU9-MNQZ9,8351,25.0,25.0,23.25,23.75,102
2019-09-18,MNQZ9,8107,7912.75,7929.0,7813.25,7906.75,134428
2019-09-19,MNQH0,8196,7902.0,7902.0,7902.0,7902.0,6
2019-09-19,MNQU9,8084,7888.0,7950.75,7831.25,7905.25,6773
2019-09-19,MNQU9-MNQZ9,8351,23.0,23.25,19.75,19.75,228
2019-09-19,MNQZ9,8107,7907.0,7974.0,7852.75,7927.75,154890
2019-09-20,MNQH0,8196,7955.0,7955.0,7890.0,7890.0,7
2019-09-20,MNQU9,8084,7905.0,7937.5,7892.5,7916.5,429
2019-09-20,MNQU9-MNQZ9,8351,19.0,23.3,19.0,21.25,22
2019-09-20,MNQZ9,8107,7926.75,7952.25,7811.25,7832.5,169995
2019-09-22,MNQH0,8196,7906.25,7906.25,7906.25,7906.25,1
2019-09-22,MNQZ9,8107,7834.5,7897.0,7834.5,7876.75,4993
2019-09-23,MNQH0,8196,7891.0,7927.25,7855.25,7917.0,67
2019-09-23,MNQZ9,8107,7876.5,7904.25,7807.75,7885.5,150687
2019-09-24,MNQH0,8196,7906.5,7915.0,7732.0,7777.0,27
2019-09-24,MNQZ9,8107,7885.5,7894.0,7701.75,7753.0,248134
2019-09-25,MNQH0,8196,7776.5,7849.0,7689.5,7839.0,36
2019-09-25,MNQZ9,8107,7753.0,7844.25,7663.75,7816.5,229010
2019-09-26,MNQH0,8196,7828.75,7858.25,7764.25,7812.25,59
2019-09-26,MNQZ9,8107,7817.0,7842.5,7735.0,7777.5,211351
2019-09-27,MNQH0,8196,7825.0,7825.0,7687.75,7722.75,38
2019-09-27,MNQZ9,8107,7777.5,7822.0,7640.75,7715.75,257872
2019-09-27,MNQZ9-MNQH0,9185,22.5,22.5,22.5,22.5,3
2019-09-29,MNQZ9,8107,7727.75,7759.0,7705.5,7723.5,5430
2019-09-30,MNQH0,8196,7760.0,7802.75,7734.0,7780.5,31
2019-09-30,MNQZ9,8107,7723.75,7791.0,7707.25,7781.5,201807
2019-10-01,MNQH0,8196,7812.5,7857.0,7716.75,7740.0,79
2019-10-01,MNQZ9,8107,7782.0,7841.5,7691.0,7722.25,272304
2019-10-01,MNQZ9-MNQH0,9185,21.5,21.5,21.5,21.5,3
2019-10-02,MNQH0,8196,7727.75,7730.75,7546.5,7574.0,44
2019-10-02,MNQM0,8204,7571.25,7571.25,7571.25,7571.25,1
2019-10-02,MNQZ9,8107,7721.25,7730.5,7525.5,7559.25,341885
2019-10-03,MNQH0,8196,7572.0,7673.75,7500.0,7673.75,66
2019-10-03,MNQZ9,8107,7559.75,7660.0,7474.75,7644.0,319068
2019-10-04,MNQH0,8196,7664.25,7785.0,7648.0,7785.0,92
2019-10-04,MNQZ9,8107,7644.25,7773.75,7616.25,7767.0,228139
2019-10-06,MNQH0,8196,7747.0,7766.25,7746.25,7766.25,13
2019-10-06,MNQZ9,8107,7733.25,7747.0,7698.75,7738.25,4065
2019-10-07,MNQH0,8196,7745.25,7811.0,7745.25,7763.5,76
2019-10-07,MNQZ9,8107,7738.25,7799.75,7720.75,7743.0,200431
2019-10-08,MNQH0,8196,7781.0,7796.5,7635.75,7645.25,112
2019-10-08,MNQZ9,8107,7743.0,7784.5,7605.0,7617.0,258908
2019-10-08,MNQZ9-MNQH0,9185,20.7,20.7,20.7,20.7,1
2019-10-09,MNQH0,8196,7660.25,7743.75,7620.5,7635.0,122
2019-10-09,MNQZ9,8107,7617.25,7731.75,7583.0,7636.25,200034
2019-10-09,MNQZ9-MNQH0,9185,20.7,20.7,20.7,20.7,6
2019-10-10,MNQH0,8196,7674.0,7825.5,7630.0,7800.0,104
2019-10-10,MNQZ9,8107,7636.0,7815.0,7611.25,7783.25,195207
2019-10-10,MNQZ9-MNQH0,9185,16.75,16.75,16.75,16.75,1
2019-10-11,MNQH0,8196,7821.0,7938.25,7812.75,7883.75,82
2019-10-11,MNQZ9,8107,7782.25,7918.25,7767.0,7859.0,230377
2019-10-13,MNQH0,8196,7889.5,7902.0,7889.5,7902.0,3
2019-10-13,MNQZ9,8107,7853.5,7892.75,7850.0,7892.5,3644
2019-10-14,MNQH0,8196,7902.0,7902.0,7832.75,7881.5,37
2019-10-14,MNQZ9,8107,7893.0,7894.5,7807.0,7877.75,145922
2019-10-15,MNQH0,8196,7886.25,7982.0,7886.25,7975.75,66
2019-10-15,MNQZ9,8107,7877.75,7971.75,7861.5,7951.5,163755
2019-10-16,MNQH0,8196,7970.0,7971.25,7932.0,7958.75,44
2019-10-16,MNQZ9,8107,7951.5,7959.75,7907.75,7939.25,169597
2019-10-16,MNQZ9-MNQH0,9185,19.0,19.8,19.0,19.8,2
2019-10-17,MNQH0,8196,7960.0,8011.0,7940.5,7976.0,48
2019-10-17,MNQZ9,8107,7939.0,7994.75,7922.75,7948.0,162969
2019-10-18,MNQH0,8196,7955.0,7962.75,7855.5,7921.5,33
2019-10-18,MNQZ9,8107,7948.0,7958.25,7835.5,7884.5,190504
2019-10-18,MNQZ9-MNQH0,9185,19.8,19.8,19.8,19.8,1
2019-10-20,MNQH0,8196,7888.0,7888.75,7888.0,7888.75,2
2019-10-20,MNQZ9,8107,7875.75,7894.75,7865.0,7894.25,3180
2019-10-20,MNQZ9-MNQH0,9185,19.8,19.8,19.8,19.8,12
2019-10-21,MNQH0,8196,7917.25,7970.0,7915.0,7970.0,15
2019-10-21,MNQZ9,8107,7894.25,7951.25,7886.25,7945.75,156525
2019-10-21,MNQZ9-MNQH0,9185,22.45,22.45,22.45,22.45,1
2019-10-22,MNQH0,8196,7990.0,8005.0,7873.5,7875.75,39
2019-10-22,MNQM0,8204,7896.25,7896.25,7890.0,7890.0,2
2019-10-22,MNQZ9,8107,7945.5,7988.5,7837.5,7844.5,194628
2019-10-22,MNQZ9-MNQH0,9185,19.35,19.35,19.35,19.35,1
2019-10-23,MNQH0,8196,7835.0,7955.75,7830.75,7955.75,21
2019-10-23,MNQM0,8204,7942.5,7942.5,7942.5,7942.5,2
2019-10-23,MNQZ9,8107,7844.25,7932.5,7810.5,7925.0,203402
2019-10-24,MNQH0,8196,7941.5,8003.0,7941.5,7948.5,73
2019-10-24,MNQZ9,8107,7924.75,7985.0,7912.75,7924.25,190336
2019-10-25,MNQH0,8196,7955.5,8061.75,7944.75,8051.75,262
2019-10-25,MNQZ9,8107,7924.0,8041.5,7921.0,8038.5,182883
2019-10-27,MNQH0,8196,8065.75,8079.5,8065.75,8079.5,18
2019-10-27,MNQZ9,8107,8048.0,8068.0,8048.0,8057.0,3263
2019-10-27,MNQZ9-MNQH0,9185,19.6,19.6,19.6,19.6,1
2019-10-28,MNQH0,8196,8080.0,8145.0,8070.5,8132.0,307
2019-10-28,MNQM0,8204,8100.0,8108.0,8100.0,8108.0,31
2019-10-28,MNQZ9,8107,8057.25,8126.75,8050.0,8112.75,146566
2019-10-29,MNQH0,8196,8131.75,8133.75,8074.0,8080.0,135
2019-10-29,MNQM0,8204,8098.75,8098.75,8098.75,8098.75,2
2019-10-29,MNQZ9,8107,8112.5,8119.0,8050.5,8059.0,175347
2019-10-30,MNQH0,8196,8070.0,8160.0,8060.5,8141.25,137
2019-10-30,MNQM0,8204,8098.0,8098.0,8098.0,8098.0,1
2019-10-30,MNQZ9,8107,8059.0,8142.0,8020.75,8123.25,190538
2019-10-31,MNQH0,8196,8143.5,8150.25,8071.25,8110.0,102
2019-10-31,MNQM0,8204,8098.0,8098.0,8098.0,8098.0,1
2019-10-31,MNQZ9,8107,8123.5,8139.0,8046.0,8089.5,240487
2019-11-01,MNQH0,8196,8114.5,8190.0,8114.5,8190.0,222
2019-11-01,MNQM0,8204,8150.5,8177.0,8150.5,8177.0,32
2019-11-01,MNQU0,13081,8200.0,8200.0,8200.0,8200.0,1
2019-11-01,MNQZ9,8107,8089.5,8167.75,8089.5,8163.0,165198
2019-11-03,MNQH0,8196,8192.75,8199.0,8189.75,8199.0,11
2019-11-03,MNQZ9,8107,8164.0,8183.5,8164.0,8176.75,2413
2019-11-04,MNQH0,8196,8195.0,8263.75,8195.0,8261.0,165
2019-11-04,MNQZ9,8107,8176.75,8246.5,8173.5,8239.75,173813
2019-11-04,MNQZ9-MNQH0,9185,21.25,21.25,21.25,21.25,1
2019-11-05,MNQH0,8196,8261.5,8271.5,8220.5,8226.25,145
2019-11-05,MNQM0,8204,8250.0,8250.0,8250.0,8250.0,1
2019-11-05,MNQZ9,8107,8239.75,8248.25,8193.25,8213.25,168034
2019-11-05,MNQZ9-MNQH0,9185,21.15,21.15,21.15,21.15,1
2019-11-06,MNQH0,8196,8222.5,8237.0,8196.25,8237.0,67
2019-11-06,MNQZ9,8107,8213.75,8228.0,8161.25,8203.25,161706
2019-11-07,MNQH0,8196,8214.25,8303.0,8214.25,8262.5,218
2019-11-07,MNQZ9,8107,8203.25,8282.25,8190.25,8237.25,152444
2019-11-08,MNQH0,8196,8247.0,8289.25,8213.75,8274.5,102
2019-11-08,MNQZ9,8107,8237.25,8264.25,8190.25,8260.0,142517
2019-11-10,MNQZ9,8107,8258.5,8262.0,8252.0,8252.25,1299
2019-11-11,MNQH0,8196,8272.5,8276.0,8232.5,8276.0,73
2019-11-11,MNQM0,8204,8275.0,8275.0,8275.0,8275.0,2
2019-11-11,MNQZ9,8107,8252.0,8257.75,8206.5,8244.0,96564
2019-11-12,MNQH0,8196,8281.0,8320.0,8270.0,8294.0,57
2019-11-12,MNQZ9,8107,8244.5,8300.0,8228.75,8264.5,150996
2019-11-12,MNQZ9-MNQH0,9185,20.5,20.5,20.5,20.5,1
2019-11-13,MNQH0,8196,8277.0,8300.75,8249.75,8286.25,105
2019-11-13,MNQM0,8204,8310.5,8310.5,8299.0,8299.0,4
2019-11-13,MNQZ9,8107,8264.75,8281.75,8220.0,8264.25,172046
2019-11-13,MNQZ9-MNQH0,9185,22.25,22.25,22.25,22.25,4
2019-11-14,MNQH0,8196,8275.75,8290.0,8245.5,8289.25,52
2019-11-14,MNQZ9,8107,8264.75,8285.25,8216.5,8271.5,162542
2019-11-15,MNQH0,8196,8288.25,8345.0,8288.25,8345.0,243
2019-11-15,MNQM0,8204,8355.0,8355.0,8355.0,8355.0,1
2019-11-15,MNQU0,13081,8365.0,8377.0,8365.0,8377.0,2
2019-11-15,MNQZ9,8107,8271.5,8323.75,8265.0,8323.75,138685
2019-11-15,MNQZ9-MNQH0,9185,22.4,22.4,22.4,22.4,1
2019-11-17,MNQH0,8196,8333.0,8333.0,8328.5,8328.5,3
2019-11-17,MNQZ9,8107,8319.5,8322.25,8307.75,8310.25,2080
2019-11-18,MNQH0,8196,8331.75,8381.0,8300.5,8348.5,151
2019-11-18,MNQM0,8204,8367.0,8368.25,8367.0,8368.25,2
2019-11-18,MNQZ9,8107,8310.25,8366.0,8279.25,8327.75,170120
2019-11-19,MNQH0,8196,8342.25,8400.0,8333.0,8339.0,421
2019-11-19,MNQM0,8204,8410.0,8410.0,8350.0,8350.0,9
2019-11-19,MNQZ9,8107,8328.0,8379.75,8312.75,8317.75,168497
2019-11-20,MNQH0,8196,8346.0,8362.0,8250.0,8298.75,206
2019-11-20,MNQZ9,8107,8318.0,8348.0,8230.75,8270.25,236587
2019-11-20,MNQZ9-MNQH0,9185,21.05,21.25,21.05,21.25,20
2019-11-21,MNQH0,8196,8285.0,8324.0,8261.0,8303.75,112
2019-11-21,MNQM0,8204,8319.0,8319.0,8319.0,8319.0,1
2019-11-21,MNQZ9,8107,8269.75,8307.75,8239.5,8270.0,208455
2019-11-22,MNQH0,8196,8302.0,8325.75,8256.0,8300.0,80
2019-11-22,MNQZ9,8107,8270.25,8313.25,8233.25,8282.0,157478
2019-11-24,MNQH0,8196,8313.25,8320.0,8313.25,8320.0,8
2019-11-24,MNQZ9,8107,8287.5,8312.5,8287.5,8306.75,2524
2019-11-25,MNQH0,8196,8328.75,8400.0,8320.75,8389.5,152
2019-11-25,MNQM0,8204,8363.0,8416.5,8363.0,8416.5,6
2019-11-25,MNQZ9,8107,8306.5,8379.75,8301.25,8375.5,106570
2019-11-26,MNQH0,8196,8402.25,8435.75,8389.25,8417.5,160
2019-11-26,MNQM0,8204,8428.25,8428.25,8412.0,8412.0,4
2019-11-26,MNQZ9,8107,8375.25,8421.0,8366.5,8401.5,129681
2019-11-27,MNQH0,8196,8422.25,8480.0,8420.0,8438.25,165
2019-11-27,MNQM0,8204,8448.5,8476.0,8448.5,8476.0,8
2019-11-27,MNQZ9,8107,8401.75,8458.75,8397.25,8425.5,121520
2019-11-27,MNQZ9-MNQH0,9185,20.5,21.95,20.5,21.95,16
2019-11-28,MNQH0,8196,8445.0,8468.5,8437.25,8468.5,61
2019-11-28,MNQZ9,8107,8425.25,8449.75,8413.5,8449.25,29269
2019-11-28,MNQZ9-MNQH0,9185,21.95,21.95,21.95,21.95,2
2019-11-29,MNQH0,8196,8471.75,8471.75,8428.25,8444.25,99
2019-11-29,MNQZ9,8107,8449.0,8450.5,8406.25,8421.25,88542
2019-11-29,MNQZ9-MNQH0,9185,21.95,21.95,21.95,21.95,1
2019-12-01,MNQH0,8196,8449.5,8456.0,8438.75,8450.0,45
2019-12-01,MNQZ9,8107,8424.0,8434.0,8422.25,8431.0,2115
2019-12-02,MNQH0,8196,8458.5,8476.5,8296.5,8324.5,466
2019-12-02,MNQM0,8204,8487.0,8487.0,8480.0,8480.0,4
2019-12-02,MNQU0,13081,8500.0,8500.0,8345.0,8345.0,2
2019-12-02,MNQZ9,8107,8431.25,8456.75,8276.0,8304.25,258604
2019-12-02,MNQZ9-MNQH0,9185,21.95,21.95,20.25,20.75,4
2019-12-03,MNQH0,8196,8319.75,8359.75,8189.75,8277.0,494
2019-12-03,MNQM0,8204,8302.75,8302.75,8280.0,8280.0,6
2019-12-03,MNQZ9,8107,8304.75,8337.25,8168.5,8261.75,299355
2019-12-03,MNQZ9-MNQH0,9185,22.0,22.0,22.0,22.0,2
2019-12-04,MNQH0,8196,8279.0,8339.0,8242.0,8319.5,349
2019-12-04,MNQM0,8204,8298.75,8309.0,8298.75,8309.0,2
2019-12-04,MNQZ9,8107,8261.75,8319.5,8220.75,8290.75,201316
2019-12-04,MNQZ9-MNQH0,9185,20.0,20.0,20.0,20.0,10
2019-12-05,MNQH0,8196,8315.25,8359.0,8294.75,8336.5,311
2019-12-05,MNQZ9,8107,8291.0,8340.0,8273.25,8314.75,196287
2019-12-05,MNQZ9-MNQH0,9185,21.45,21.45,21.45,21.45,40
2019-12-06,MNQH0,8196,8341.25,8431.0,8340.0,8419.75,449
2019-12-06,MNQM0,8204,8365.0,8445.0,8365.0,8445.0,12
2019-12-06,MNQZ9,8107,8315.25,8409.25,8314.75,8403.25,129528
2019-12-06,MNQZ9-MNQH0,9185,21.45,21.75,21.45,21.7,17
2019-12-08,MNQH0,8196,8424.75,8434.0,8424.75,8427.5,14
2019-12-08,MNQZ9,8107,8401.5,8415.0,8399.75,8404.5,1373
2019-12-09,MNQH0,8196,8422.5,8447.75,8368.75,8384.5,386
2019-12-09,MNQM0,8204,8437.25,8437.25,8416.0,8416.0,5
2019-12-09,MNQU0,13081,8498.0,8498.0,8498.0,8498.0,1
2019-12-09,MNQZ9,8107,8404.0,8427.25,8346.25,8358.25,130587
2019-12-09,MNQZ9-MNQH0,9185,20.6,22.0,20.6,22.0,23
2019-12-10,MNQH0,8196,8379.75,8420.0,8320.25,8383.0,886
2019-12-10,MNQZ9,8107,8358.5,8398.25,8297.0,8361.0,196113
2019-12-10,MNQZ9-MNQH0,9185,21.0,22.6,21.0,22.6,11
2019-12-11,MNQH0,8196,8385.75,8439.75,8370.0,8439.75,853
2019-12-11,MNQM0,8204,8427.5,8445.5,8427.5,8445.5,17
2019-12-11,MNQZ9,8107,8360.75,8415.25,8345.0,8414.75,132271
2019-12-11,MNQZ9-MNQH0,9185,23.0,24.15,23.0,24.15,18
2019-12-12,MNQH0,8196,8439.0,8533.25,8404.0,8527.0,7054
2019-12-12,MNQM0,8204,8439.0,8529.75,8425.0,8504.0,32
2019-12-12,MNQU0,13081,8550.0,8550.0,8550.0,8550.0,8
2019-12-12,MNQZ9,8107,8414.5,8508.75,8381.0,8502.0,237931
2019-12-12,MNQZ9-MNQH0,9185,24.15,25.9,23.5,24.75,119
2019-12-13,MNQH0,8196,8527.25,8549.0,8461.5,8522.25,161022
2019-12-13,MNQM0,8204,8547.75,8547.75,8530.0,8532.25,6
2019-12-13,MNQZ9,8107,8501.75,8523.0,8436.0,8494.0,57302
2019-12-13,MNQZ9-MNQH0,9185,24.75,26.75,24.5,26.5,540
2019-12-15,MNQH0,8196,8529.0,8541.5,8522.25,8535.5,1525
2019-12-15,MNQZ9,8107,8507.25,8516.0,8503.0,8509.25,613
2019-12-15,MNQZ9-MNQH0,9185,26.3,27.45,26.3,27.45,5
2019-12-16,MNQH0,8196,8535.75,8618.0,8535.0,8598.75,100704
2019-12-16,MNQM0,8204,8578.75,8629.0,8578.75,8629.0,31
2019-12-16,MNQU0,13081,8591.75,8630.0,8591.75,8630.0,26
2019-12-16,MNQZ9,8107,8509.25,8588.25,8508.25,8570.25,12941
2019-12-16,MNQZ9-MNQH0,9185,25.75,30.25,25.75,29.95,209
2019-12-17,MNQH0,8196,8599.0,8626.25,8592.75,8603.25,109710
2019-12-17,MNQM0,8204,8614.25,8628.75,8614.25,8628.75,18
2019-12-17,MNQZ9,8107,8570.25,8598.5,8563.0,8574.75,8623
2019-12-17,MNQZ9-MNQH0,9185,29.0,31.15,28.5,29.0,206
2019-12-18,MNQH0,8196,8603.5,8641.0,8595.25,8622.0,95047
2019-12-18,MNQM0,8204,8625.0,8652.0,8625.0,8651.0,7
2019-12-18,MNQZ9,8107,8576.25,8611.5,8568.0,8589.75,5516
2019-12-18,MNQZ9-MNQH0,9185,28.25,30.5,27.25,30.1,246
2019-12-19,MNQH0,8196,8621.75,8682.75,8608.5,8680.0,102203
2019-12-19,MNQM0,8204,8630.75,8701.0,8630.75,8701.0,83
2019-12-19,MNQZ9,8107,8590.75,8655.25,8580.25,8649.5,4487
2019-12-19,MNQZ9-MNQH0,9185,30.0,30.0,26.8,30.0,210
2019-12-20,MNQH0,8196,8680.0,8724.75,8665.5,8710.25,122578
2019-12-20,MNQM0,8204,8700.0,8730.25,8700.0,8730.25,12
2019-12-20,MNQU0,13081,8730.0,8730.0,8730.0,8730.0,7
2019-12-20,MNQZ9,8107,8651.0,8742.75,8616.25,8681.25,2780
2019-12-20,MNQZ9-MNQH0,9185,29.0,29.0,25.25,29.0,36
2019-12-22,MNQH0,8196,8710.25,8723.0,8705.0,8722.25,2291
2019-12-23,MNQH0,8196,8722.0,8743.5,8712.5,8729.25,75943
2019-12-23,MNQM0,8204,8744.5,8754.5,8744.5,8754.25,13
2019-12-24,MNQH0,8196,8729.0,8736.0,8707.5,8730.0,34576
2019-12-24,MNQM0,8204,8738.25,8750.0,8738.25,8749.0,84
2019-12-25,MNQH0,8196,8730.0,8734.0,8726.0,8730.25,663
2019-12-26,MNQH0,8196,8730.5,8809.5,8729.5,8808.0,55914
2019-12-26,MNQM0,8204,8755.0,8822.25,8755.0,8822.25,86
2019-12-27,MNQH0,8196,8808.25,8843.25,8769.75,8778.75,129698
2019-12-27,MNQM0,8204,8830.0,8862.0,8799.0,8799.0,71
2019-12-29,MNQH0,8196,8780.5,8799.25,8780.5,8797.75,2317
2019-12-29,MNQM0,8204,8814.0,8814.0,8814.0,8814.0,1
2019-12-30,MNQH0,8196,8798.0,8809.75,8691.0,8735.0,168084
2019-12-30,MNQM0,8204,8780.0,8780.0,8712.75,8749.75,80
2019-12-31,MNQH0,8196,8735.0,8772.0,8692.25,8771.5,112806
2019-12-31,MNQM0,8204,8750.75,8778.0,8722.75,8777.75,42
2020-01-01,MNQH0,8196,8773.0,8783.75,8769.25,8776.0,3515
2020-01-01,MNQM0,8204,8786.25,8803.0,8786.25,8803.0,2
2020-01-02,MNQH0,8196,8777.0,8907.0,8772.5,8898.75,169274
2020-01-02,MNQH0-MNQM0,9161,18.5,18.5,18.5,18.5,11
2020-01-02,MNQM0,8204,8803.0,8923.75,8803.0,8914.75,56
2020-01-03,MNQH0,8196,8898.5,8907.75,8735.25,8810.25,312648
2020-01-03,MNQM0,8204,8919.5,8924.0,8765.0,8829.0,76
2020-01-05,MNQH0,8196,8784.5,8784.5,8747.75,8778.0,9580
2020-01-05,MNQM0,8204,8789.0,8789.0,8789.0,8789.0,4
2020-01-06,MNQH0,8196,8778.25,8872.5,8723.0,8849.0,215711
2020-01-06,MNQM0,8204,8797.0,8875.0,8745.5,8864.25,66
2020-01-07,MNQH0,8196,8849.0,8894.5,8727.0,8752.0,264606
2020-01-07,MNQM0,8204,8878.25,8909.0,8744.5,8785.0,83
2020-01-08,MNQH0,8196,8752.5,8972.5,8678.25,8952.0,383697
2020-01-08,MNQH0-MNQM0,9161,16.75,16.75,16.75,16.75,5
2020-01-08,MNQM0,8204,8765.5,8985.0,8704.0,8964.0,230
2020-01-09,MNQH0,8196,8952.25,9022.25,8932.5,9015.5,238449
2020-01-09,MNQH0-MNQM0,9161,18.6,18.6,18.6,18.6,1
2020-01-09,MNQM0,8204,8975.0,9035.5,8961.0,9027.25,76
2020-01-09,MNQU0,13081,9009.75,9009.75,9009.75,9009.75,1
2020-01-10,MNQH0,8196,9015.75,9055.25,8966.5,8978.25,231481
2020-01-10,MNQM0,8204,9051.75,9063.0,8989.25,9001.5,78
2020-01-10,MNQU0,13081,9012.0,9012.0,9012.0,9012.0,1
2020-01-12,MNQH0,8196,8978.75,9000.5,8978.75,8987.5,4094
2020-01-12,MNQM0,8204,9015.0,9015.0,9015.0,9015.0,3
2020-01-13,MNQH0,8196,8987.5,9107.25,8985.25,9105.0,170393
2020-01-13,MNQM0,8204,9009.25,9120.0,9009.25,9118.0,49
2020-01-13,MNQU0,13081,9066.25,9066.25,9066.25,9066.25,1
2020-01-14,MNQH0,8196,9105.25,9114.75,9029.0,9031.0,272234
2020-01-14,MNQM0,8204,9121.25,9132.0,9051.0,9051.0,125
2020-01-14,MNQU0,13081,9075.0,9075.0,9075.0,9075.0,1
2020-01-15,MNQH0,8196,9031.25,9096.0,9023.0,9074.25,218113
2020-01-15,MNQH0-MNQM0,9161,18.2,18.2,18.2,18.2,1
2020-01-15,MNQM0,8204,9057.75,9100.0,9045.5,9098.0,45
2020-01-15,MNQU0,13081,9110.0,9110.0,9090.0,9090.0,3
2020-01-15,MNQZ0,17706,9099.75,9099.75,9099.75,9099.75,2
2020-01-16,MNQH0,8196,9074.0,9157.75,9063.75,9145.75,175329
2020-01-16,MNQM0,8204,9091.5,9165.25,9088.25,9165.25,73
2020-01-16,MNQU0,13081,9130.0,9155.0,9130.0,9155.0,6
2020-01-17,MNQH0,8196,9145.75,9189.25,9130.0,9171.25,168454
2020-01-17,MNQM0,8204,9168.0,9205.75,9152.0,9192.5,96
2020-01-17,MNQU0,13081,9208.0,9208.0,9197.0,9197.0,7
2020-01-19,MNQH0,8196,9173.75,9184.75,9167.75,9184.75,2654
2020-01-19,MNQM0,8204,9197.5,9203.0,9197.5,9203.0,15
2020-01-20,MNQH0,8196,9184.75,9187.0,9160.0,9170.0,32883
2020-01-20,MNQM0,8204,9203.5,9203.5,9181.75,9196.0,36
2020-01-21,MNQH0,8196,9170.25,9199.75,9114.5,9178.25,198609
2020-01-21,MNQM0,8204,9180.0,9216.75,9139.75,9196.25,130
2020-01-21,MNQU0,13081,9169.25,9236.25,9169.25,9236.25,7
2020-01-22,MNQH0,8196,9178.25,9254.0,9177.75,9182.5,197663
2020-01-22,MNQM0,8204,9201.5,9273.5,9201.5,9202.75,154
2020-01-22,MNQU0,13081,9230.75,9281.5,9230.75,9281.5,4
2020-01-23,MNQH0,8196,9182.25,9272.25,9151.75,9270.0,239010
2020-01-23,MNQH0-MNQM0,9161,19.45,19.45,19.45,19.45,7
2020-01-23,MNQM0,8204,9212.0,9288.5,9180.0,9284.25,196
2020-01-24,MNQH0,8196,9270.25,9287.5,9109.75,9137.25,323347
2020-01-24,MNQM0,8204,9278.0,9307.5,9137.75,9161.75,122
2020-01-24,MNQU0,13081,9297.0,9300.0,9297.0,9300.0,4
2020-01-26,MNQH0,8196,9098.25,9098.25,8994.0,9014.5,17928
2020-01-26,MNQH0-MNQM0,9161,19.45,19.45,19.45,19.45,1
2020-01-26,MNQM0,8204,9116.0,9116.0,9020.0,9030.0,11
2020-01-27,MNQH0,8196,9014.75,9054.0,8926.0,8978.75,384929
2020-01-27,MNQH0-MNQM0,9161,18.7,18.7,18.7,18.7,2
2020-01-27,MNQM0,8204,9050.0,9065.25,8950.0,8993.0,211
2020-01-28,MNQH0,8196,8978.75,9136.0,8964.5,9100.0,310062
2020-01-28,MNQM0,8204,8995.0,9149.5,8995.0,9115.0,120
2020-01-28,MNQU0,13081,9088.25,9144.75,9088.25,9144.75,2
2020-01-29,MNQH0,8196,9100.0,9158.75,9072.25,9121.75,303846
2020-01-29,MNQM0,8204,9118.25,9176.25,9097.0,9147.25,170
2020-01-30,MNQH0,8196,9122.0,9240.0,9003.75,9218.0,394978
2020-01-30,MNQM0,8204,9130.0,9261.0,9029.0,9237.25,255
2020-01-31,MNQH0,8196,9217.75,9249.0,8965.0,9012.5,567021
2020-01-31,MNQH0-MNQM0,9161,18.7,18.7,18.7,18.7,1
2020-01-31,MNQM0,8204,9228.0,9267.5,8989.75,9027.0,239
2020-01-31,MNQU0,13081,9220.0,9220.0,9220.0,9220.0,1
2020-02-02,MNQH0,8196,8983.75,9037.75,8975.0,9020.25,11823
2020-02-02,MNQM0,8204,9044.25,9050.25,9039.0,9039.25,5
2020-02-03,MNQH0,8196,9019.5,9155.75,9011.0,9089.75,293195
2020-02-03,MNQM0,8204,9039.75,9170.25,9039.75,9115.0,90
2020-02-03,MNQU0,13081,9148.5,9170.0,9148.5,9170.0,3
2020-02-04,MNQH0,8196,9090.0,9369.0,9087.5,9338.0,273826
2020-02-04,MNQM0,8204,9126.0,9387.0,9126.0,9378.5,240
2020-02-04,MNQU0,13081,9323.5,9323.5,9323.5,9323.5,1
2020-02-05,MNQH0,8196,9338.0,9464.25,9318.25,9381.0,328511
2020-02-05,MNQM0,8204,9353.25,9483.0,9340.0,9410.0,506
2020-02-05,MNQU0,13081,9439.0,9439.0,9347.75,9347.75,5
2020-02-06,MNQH0,8196,9381.0,9477.0,9363.0,9466.75,255964
2020-02-06,MNQM0,8204,9398.0,9494.25,9388.25,9488.25,171
2020-02-07,MNQH0,8196,9466.75,9470.75,9385.0,9400.0,274272
2020-02-07,MNQH0-MNQM0,9161,18.7,18.7,18.7,18.7,2
2020-02-07,MNQM0,8204,9470.0,9483.0,9407.0,9427.75,275
2020-02-09,MNQH0,8196,9401.25,9424.5,9330.75,9356.25,16712
2020-02-09,MNQM0,8204,9438.5,9444.25,9354.5,9375.25,45
2020-02-10,MNQH0,8196,9356.25,9531.75,9356.25,9525.25,253734
2020-02-10,MNQH0-MNQM0,9161,18.6,18.6,18.6,18.6,1
2020-02-10,MNQM0,8204,9388.25,9550.5,9387.75,9544.0,224
2020-02-10,MNQU0,13081,9505.0,9565.0,9505.0,9565.0,22
2020-02-11,MNQH0,8196,9525.75,9609.5,9501.5,9541.25,259168
2020-02-11,MNQM0,8204,9540.0,9630.75,9522.75,9558.0,245
2020-02-12,MNQH0,8196,9541.25,9628.0,9524.25,9576.5,221780
2020-02-12,MNQM0,8204,9548.75,9648.75,9546.75,9597.75,196
2020-02-12,MNQU0,13081,9647.0,9650.0,9647.0,9650.0,2
2020-02-13,MNQH0,8196,9577.75,9644.75,9511.25,9609.75,288228
2020-02-13,MNQH1,6227,9600.0,9600.0,9600.0,9600.0,1
2020-02-13,MNQM0,8204,9601.25,9666.0,9540.5,9633.5,311
2020-02-13,MNQU0,13081,9610.0,9610.0,9600.5,9600.5,4
2020-02-14,MNQH0,8196,9610.0,9659.25,9588.25,9630.75,222432
2020-02-14,MNQH0-MNQM0,9161,20.45,20.45,20.4,20.4,10
2020-02-14,MNQM0,8204,9628.0,9673.75,9611.75,9651.0,191
2020-02-14,MNQU0,13081,9690.0,9690.0,9688.0,9688.0,3
2020-02-16,MNQH0,8196,9632.0,9668.75,9630.75,9664.0,5171
2020-02-16,MNQM0,8204,9670.0,9688.0,9670.0,9683.0,14
2020-02-17,MNQH0,8196,9663.75,9687.25,9579.75,9602.75,58572
2020-02-17,MNQM0,8204,9681.0,9701.5,9602.75,9620.0,133
2020-02-17,MNQU0,13081,9715.0,9715.0,9715.0,9715.0,1
2020-02-18,MNQH0,8196,9603.0,9664.75,9534.0,9664.25,249808
2020-02-18,MNQM0,8204,9620.0,9680.0,9557.0,9680.0,295
2020-02-18,MNQU0,13081,9590.0,9590.0,9590.0,9590.0,8
2020-02-19,MNQH0,8196,9664.25,9748.75,9647.5,9745.0,192250
2020-02-19,MNQH0-MNQM0,9161,20.4,20.65,20.4,20.65,2
2020-02-19,MNQM0,8204,9689.75,9769.0,9671.25,9767.0,392
2020-02-19,MNQU0,13081,9698.0,9780.0,9698.0,9780.0,63
2020-02-20,MNQH0,8196,9744.75,9763.0,9516.25,9572.75,496431
2020-02-20,MNQM0,8204,9767.75,9782.25,9542.25,9598.0,643
2020-02-20,MNQU0,13081,9773.0,9780.0,9610.0,9670.0,19
2020-02-21,MNQH0,8196,9573.5,9612.0,9411.5,9456.25,443856
2020-02-21,MNQH1,6227,9612.75,9612.75,9612.75,9612.75,1
2020-02-21,MNQM0,8204,9597.5,9625.0,9433.25,9473.5,517
2020-02-21,MNQU0,13081,9582.0,9634.0,9571.75,9571.75,5
2020-02-23,MNQH0,8196,9365.75,9365.75,9289.0,9309.75,25428
2020-02-23,MNQH0-MNQM0,9161,18.35,18.35,18.35,18.35,3
2020-02-23,MNQM0,8204,9399.75,9399.75,9311.0,9328.75,152
2020-02-24,MNQH0,8196,9310.0,9324.0,9041.0,9140.5,714456
2020-02-24,MNQH0-MNQM0,9161,18.35,18.35,18.35,18.35,2
2020-02-24,MNQM0,8204,9330.25,9332.25,9066.0,9161.5,1036
2020-02-24,MNQU0,13081,9360.0,9360.0,9080.0,9154.75,22
2020-02-24,MNQZ0,17706,9150.0,9150.0,9150.0,9150.0,5
2020-02-25,MNQH0,8196,9141.0,9224.5,8810.0,8921.25,886086
2020-02-25,MNQH0-MNQM0,9161,17.0,17.0,17.0,17.0,4
2020-02-25,MNQM0,8204,9161.5,9239.0,8833.0,8940.0,1337
2020-02-25,MNQU0,13081,9160.0,9210.0,8883.0,8893.25,52
2020-02-25,MNQZ0,17706,9090.0,9090.0,9090.0,9090.0,5
2020-02-26,MNQH0,8196,8921.5,9037.75,8709.25,8832.0,929365
2020-02-26,MNQH0-MNQM0,9161,17.75,19.05,16.0,16.0,51
2020-02-26,MNQM0,8204,8941.5,9055.0,8730.0,8849.0,1375
2020-02-26,MNQU0,13081,8955.0,8955.0,8955.0,8955.0,1
2020-02-27,MNQH0,8196,8831.25,8852.75,8313.0,8413.75,1128729
2020-02-27,MNQH0-MNQM0,9161,18.95,19.75,17.0,17.0,27
2020-02-27,MNQH1,6227,8483.75,8484.0,8483.75,8484.0,2
2020-02-27,MNQM0,8204,8852.0,8865.75,8336.0,8418.0,2180
2020-02-27,MNQU0,13081,8688.0,8770.25,8365.0,8365.0,7
2020-02-27,MNQZ0,17706,8550.0,8550.0,8400.0,8400.0,6
2020-02-28,MNQH0,8196,8414.25,8575.0,8124.25,8547.5,1543496
2020-02-28,MNQH0-MNQM0,9161,14.5,14.5,6.3,6.7,40
2020-02-28,MNQH1,6227,8440.0,8440.0,8440.0,8440.0,1
2020-02-28,MNQM0,8204,8440.0,8578.0,8140.0,8565.0,1915
2020-03-01,MNQH0,8196,8376.25,8386.5,8248.5,8355.25,24964
2020-03-01,MNQH0-MNQM0,9161,5.0,5.0,5.0,5.0,2
2020-03-01,MNQM0,8204,8450.0,8450.0,8321.5,8358.5,105
2020-03-01,MNQU0,13081,8350.0,8350.0,8350.0,8350.0,4
2020-03-02,MNQH0,8196,8355.25,8883.0,8315.75,8859.5,1038812
2020-03-02,MNQH0-MNQM0,9161,10.0,10.0,3.9,4.1,34
2020-03-02,MNQH0-MNQU0,10788,0.05,0.05,0.05,0.05,1
2020-03-02,MNQH1,6227,8800.0,8800.0,8800.0,8800.0,1
2020-03-02,MNQM0,8204,8352.75,8886.0,8319.25,8854.75,2149
2020-03-02,MNQU0,13081,8445.0,8707.25,8445.0,8698.5,14
2020-03-02,MNQZ0,17706,8511.0,8511.0,8511.0,8511.0,10
2020-03-03,MNQH0,8196,8860.0,9003.0,8507.25,8562.5,1080058
2020-03-03,MNQH0-MNQM0,9161,4.1,5.0,-0.25,0.0,54
2020-03-03,MNQM0,8204,8865.0,8996.0,8511.25,8557.25,2360
2020-03-03,MNQU0,13081,8830.0,8909.75,8575.5,8575.5,16
2020-03-03,MNQZ0,17706,8773.0,8840.25,8600.0,8600.0,21
2020-03-04,MNQH0,8196,8561.5,8950.0,8557.75,8882.75,700950
2020-03-04,MNQH0-MNQM0,9161,0.0,0.0,0.0,0.0,2
2020-03-04,MNQM0,8204,8566.0,8944.5,8566.0,8863.0,1097
2020-03-04,MNQU0,13081,8656.0,8898.75,8650.0,8898.75,11
2020-03-04,MNQZ0,17706,8774.75,8867.5,8715.0,8867.5,24
2020-03-05,MNQH0,8196,8883.25,8888.0,8610.75,8694.0,718218
2020-03-05,MNQH0-MNQM0,9161,-3.5,-2.95,-3.5,-3.25,17
2020-03-05,MNQM0,8204,8877.0,8880.75,8607.25,8690.0,1327
2020-03-05,MNQU0,13081,8838.5,8838.5,8660.0,8660.0,8
2020-03-06,MNQH0,8196,8693.5,8726.0,8312.0,8503.75,852124
2020-03-06,MNQH0-MNQM0,9161,-9.25,-7.5,-9.25,-8.3,111
2020-03-06,MNQM0,8204,8692.0,8721.0,8305.0,8490.0,1848
2020-03-06,MNQU0,13081,8444.25,8493.5,8372.5,8493.5,13
2020-03-06,MNQZ0,17706,8400.0,8400.0,8400.0,8400.0,1
2020-03-08,MNQH0,8196,8418.25,8418.25,8101.25,8115.0,42492
2020-03-08,MNQH0-MNQM0,9161,-9.75,-9.75,-19.8,-18.65,13
2020-03-08,MNQM0,8204,8400.0,8400.0,8085.25,8089.25,628
2020-03-08,MNQU0,13081,8181.75,8181.75,8161.0,8161.0,11
2020-03-09,MNQH0,8196,8114.25,8240.25,7801.0,8109.0,569921
2020-03-09,MNQH0-MNQM0,9161,-18.75,-12.7,-18.75,-15.4,185
2020-03-09,MNQH1,6227,8124.0,8124.0,8124.0,8124.0,1
2020-03-09,MNQM0,8204,8095.75,8220.0,7812.0,8097.0,1869
2020-03-09,MNQU0,13081,8012.0,8012.0,7991.25,8008.5,5
2020-03-10,MNQH0,8196,8110.5,8380.0,7931.5,8211.0,1001837
2020-03-10,MNQH0-MNQM0,9161,-9.4,-5.9,-12.3,-11.5,259
2020-03-10,MNQM0,8204,8100.0,8364.25,7921.0,8200.5,3369
2020-03-10,MNQU0,13081,8070.0,8264.25,7998.25,8264.25,4
2020-03-11,MNQH0,8196,8211.0,8250.0,7892.75,7995.0,888499
2020-03-11,MNQH0-MNQM0,9161,-12.8,-9.9,-13.5,-10.0,135
2020-03-11,MNQM0,8204,8185.0,8232.5,7884.75,7992.75,3574
2020-03-11,MNQU0,13081,8204.5,8204.5,7950.0,7950.0,7
2020-03-11,MNQZ0,17706,7980.0,7980.0,7980.0,7980.0,1
2020-03-12,MNQH0,8196,7995.25,8018.75,7058.5,7116.75,1064278
2020-03-12,MNQH0-MNQM0,9161,-10.85,-10.25,-20.3,-16.3,329
2020-03-12,MNQH1,6227,7815.0,7815.0,7815.0,7815.0,1
2020-03-12,MNQM0,8204,7999.0,8001.75,7046.0,7099.75,15103
2020-03-12,MNQU0,13081,7938.0,7938.0,7048.25,7048.25,16
2020-03-13,MNQH0,8196,7114.5,7980.0,6942.5,7821.0,252688
2020-03-13,MNQH0-MNQM0,9161,-12.35,-11.2,-24.6,-15.4,425
2020-03-13,MNQM0,8204,7101.0,7961.75,6922.5,7807.5,564433
2020-03-13,MNQU0,13081,7123.75,7884.25,6928.0,7812.75,38
2020-03-13,MNQZ0,17706,7085.0,7830.0,7085.0,7830.0,2
2020-03-15,MNQH0,8196,7900.5,7902.25,7556.0,7556.0,3120
2020-03-15,MNQM0,8204,7821.0,7890.0,7541.0,7541.0,3852
2020-03-16,MNQH0,8196,7556.0,7564.5,6926.75,7160.75,119284
2020-03-16,MNQH0-MNQM0,9161,-20.45,-12.0,-22.2,-21.25,292
2020-03-16,MNQM0,8204,7541.0,7543.75,6906.0,7137.75,496406
2020-03-16,MNQM0-MNQU0,9703,-9.75,-8.05,-9.75,-8.05,33
2020-03-16,MNQU0,13081,7233.25,7520.0,7119.25,7119.25,91
2020-03-17,MNQH0,8196,7161.0,7550.25,6946.25,7188.5,123704
2020-03-17,MNQH0-MNQM0,9161,-25.0,-10.0,-25.25,-13.0,337
2020-03-17,MNQM0,8204,7137.25,7537.0,6931.25,7176.5,925749
2020-03-17,MNQU0,13081,7300.0,7501.0,7000.0,7370.0,32
2020-03-17,MNQZ0,17706,7201.25,7201.25,7201.25,7201.25,2
2020-03-18,MNQH0,8196,7189.5,7441.5,6828.75,7377.75,85443
2020-03-18,MNQH0-MNQM0,9161,-14.25,-12.1,-20.0,-15.9,99
2020-03-18,MNQH1,6227,6926.0,6926.0,6926.0,6926.0,1
2020-03-18,MNQM0,8204,7173.75,7423.25,6810.0,7361.5,666017
2020-03-18,MNQU0,13081,7133.25,7410.0,6944.75,7410.0,35
2020-03-18,MNQZ0,17706,7186.25,7186.25,6830.0,6861.75,18
2020-03-19,MNQH0,8196,7381.25,7522.5,6896.25,7224.0,74211
2020-03-19,MNQH0-MNQM0,9161,-16.0,-15.25,-27.15,-27.15,676
2020-03-19,MNQM0,8204,7363.75,7502.0,6874.75,7197.5,1026188
2020-03-19,MNQU0,13081,7350.0,7442.0,6945.0,7141.0,36
2020-03-19,MNQZ0,17706,7305.0,7338.75,6902.0,7338.75,28
2020-03-20,MNQH0,8196,7219.25,7649.0,7187.25,7451.0,6927
2020-03-20,MNQH0-MNQM0,9161,-25.5,-16.5,-25.5,-16.5,9
2020-03-20,MNQM0,8204,7196.0,7629.0,6890.5,6929.5,931331
2020-03-20,MNQM0-MNQU0,9703,-5.3,-4.0,-5.4,-5.4,29
2020-03-20,MNQU0,13081,7267.0,7450.0,6888.0,6900.25,112
2020-03-20,MNQZ0,17706,7249.25,7249.25,6900.0,6900.0,4
2020-03-22,MNQM0,8204,6852.75,6852.75,6628.75,6685.0,9116
2020-03-22,MNQU0,13081,6630.0,6702.0,6630.0,6702.0,5
2020-03-22,MNQZ0,17706,6671.75,6671.75,6671.75,6671.75,1
2020-03-23,MNQM0,8204,6685.5,7319.25,6628.75,7083.75,926297
2020-03-23,MNQM0-MNQU0,9703,-0.25,0.0,-2.3,-2.1,26
2020-03-23,MNQU0,13081,6700.0,7300.0,6627.5,7125.0,342
2020-03-23,MNQZ0,17706,6805.25,6805.25,6805.25,6805.25,1
2020-03-24,MNQM0,8204,7081.5,7633.5,7034.75,7496.25,746144
2020-03-24,MNQM0-MNQU0,9703,-6.15,-3.85,-6.75,-4.5,19
2020-03-24,MNQU0,13081,7070.0,7613.75,7050.0,7526.5,244
2020-03-24,MNQZ0,17706,7150.0,7450.0,7150.0,7450.0,2
2020-03-25,MNQM0,8204,7496.75,7762.25,7372.5,7479.0,905852
2020-03-25,MNQM0-MNQU0,9703,0.2,1.5,0.2,0.95,15
2020-03-25,MNQU0,13081,7485.25,7739.0,7388.25,7480.0,315
2020-03-25,MNQZ0,17706,7616.5,7660.0,7616.5,7660.0,2
2020-03-26,MNQM0,8204,7477.75,7900.25,7310.0,7877.0,815182
2020-03-26,MNQM0-MNQU0,9703,2.0,3.0,0.5,0.5,7
2020-03-26,MNQU0,13081,7455.0,7895.0,7324.75,7850.0,163
2020-03-26,MNQZ0,17706,7545.0,7690.0,7545.0,7690.0,2
2020-03-27,MNQM0,8204,7877.5,7893.5,7551.0,7559.25,699499
2020-03-27,MNQM0-MNQU0,9703,2.0,2.0,1.0,1.0,6
2020-03-27,MNQU0,13081,7865.5,7865.5,7555.0,7565.0,152
2020-03-29,MNQM0,8204,7446.25,7507.75,7391.25,7465.5,27617
2020-03-29,MNQU0,13081,7409.5,7500.25,7409.5,7471.0,16
2020-03-29,MNQZ0,17706,7455.0,7455.0,7430.0,7430.0,3
2020-03-30,MNQM0,8204,7466.75,7886.0,7455.75,7875.0,621813
2020-03-30,MNQM0-MNQU0,9703,0.6,0.6,0.6,0.6,2
2020-03-30,MNQU0,13081,7471.0,7878.5,7460.0,7865.75,239
2020-03-30,MNQZ0,17706,7789.75,7789.75,7789.75,7789.75,5
2020-03-31,MNQM0,8204,7875.5,7995.0,7704.75,7712.0,645186
2020-03-31,MNQM0-MNQU0,9703,0.5,0.5,0.5,0.5,3
2020-03-31,MNQU0,13081,7895.25,7979.0,7715.0,7715.0,167
2020-04-01,MNQM0,8204,7711.0,7744.25,7403.75,7506.75,623858
2020-04-01,MNQM1,9485,7500.0,7500.0,7500.0,7500.0,1
2020-04-01,MNQU0,13081,7691.25,7726.75,7412.5,7504.25,176
2020-04-01,MNQZ0,17706,7552.5,7552.5,7418.75,7418.75,3
2020-04-02,MNQM0,8204,7507.25,7656.5,7375.5,7591.75,753334
2020-04-02,MNQM0-MNQU0,9703,-0.3,-0.2,-0.3,-0.2,16
2020-04-02,MNQM1,9485,7450.0,7450.0,7400.0,7400.0,2
2020-04-02,MNQU0,13081,7509.0,7646.0,7387.0,7636.5,118
2020-04-02,MNQZ0,17706,7440.0,7440.0,7440.0,7440.0,1
2020-04-03,MNQM0,8204,7591.75,7660.5,7423.5,7524.0,500926
2020-04-03,MNQM1,9485,7450.0,7450.0,7450.0,7450.0,1
2020-04-03,MNQU0,13081,7596.75,7631.0,7435.25,7533.0,120
2020-04-03,MNQZ0,17706,7550.0,7550.0,7550.0,7550.0,1
2020-04-05,MNQM0,8204,7531.0,7657.5,7531.0,7654.0,20531
2020-04-05,MNQU0,13081,7607.25,7644.75,7600.5,7643.0,10
2020-04-06,MNQM0,8204,7654.5,8099.0,7651.25,8080.5,518037
2020-04-06,MNQM0-MNQU0,9703,0.1,0.1,-1.0,-1.0,22
2020-04-06,MNQU0,13081,7663.0,8068.25,7663.0,8050.0,236
2020-04-07,MNQM0,8204,8081.5,8303.75,7947.75,8042.0,731589
2020-04-07,MNQM0-MNQU0,9703,-3.0,-2.75,-3.0,-2.75,6
2020-04-07,MNQU0,13081,8080.0,8300.0,7982.5,7984.25,348
2020-04-07,MNQZ0,17706,8010.0,8010.0,8010.0,8010.0,1
2020-04-08,MNQM0,8204,8041.25,8242.0,7953.0,8224.25,604574
2020-04-08,MNQM0-MNQU0,9703,-3.6,-3.6,-3.6,-3.6,5
2020-04-08,MNQU0,13081,7963.25,8241.25,7963.25,8218.25,111
2020-04-09,MNQM0,8204,8226.5,8327.0,8102.0,8239.75,624687
2020-04-09,MNQM0-MNQU0,9703,-4.5,-4.5,-6.0,-5.15,40
2020-04-09,MNQU0,13081,8205.0,8317.5,8098.0,8192.75,319
2020-04-12,MNQM0,8204,8276.0,8309.0,8075.0,8118.25,28247
2020-04-12,MNQU0,13081,8208.25,8210.0,8100.0,8144.5,7
2020-04-13,MNQM0,8204,8118.25,8374.0,8085.25,8365.5,430257
2020-04-13,MNQM0-MNQU0,9703,-6.3,-6.3,-11.0,-11.0,22
2020-04-13,MNQU0,13081,8111.25,8333.25,8095.0,8333.25,132
2020-04-13,MNQZ0,17706,8196.5,8196.5,8196.5,8196.5,1
2020-04-14,MNQM0,8204,8366.25,8708.5,8319.0,8673.5,449215
2020-04-14,MNQM0-MNQU0,9703,-8.25,-8.25,-8.25,-8.25,7
2020-04-14,MNQU0,13081,8342.25,8684.0,8331.5,8674.75,212
2020-04-14,MNQZ0,17706,8454.5,8516.0,8454.5,8516.0,8
2020-04-15,MNQM0,8204,8673.75,8682.0,8486.5,8532.75,498831
2020-04-15,MNQM0-MNQU0,9703,-9.4,-9.4,-12.5,-10.75,179
2020-04-15,MNQU0,13081,8671.0,8671.0,8488.75,8539.75,139
2020-04-16,MNQM0,8204,8533.0,8967.75,8500.5,8933.25,616762
2020-04-16,MNQU0,13081,8523.25,8950.0,8492.5,8919.5,530
2020-04-16,MNQZ0,17706,8589.5,8764.25,8583.25,8764.25,188
2020-04-17,MNQM0,8204,8933.5,8953.0,8689.0,8808.0,537724
2020-04-17,MNQM0-MNQU0,9703,-10.25,-10.25,-10.25,-10.25,5
2020-04-17,MNQU0,13081,8927.75,8938.75,8690.5,8796.5,237
2020-04-19,MNQM0,8204,8800.75,8801.5,8733.0,8747.0,17883
2020-04-19,MNQU0,13081,8758.0,8765.0,8731.25,8741.25,16
2020-04-20,MNQM0,8204,8747.5,8846.0,8686.25,8730.25,512469
2020-04-20,MNQM0-MNQU0,9703,-9.75,-9.75,-9.75,-9.75,6
2020-04-20,MNQU0,13081,8755.0,8825.0,8685.0,8722.75,147
2020-04-20,MNQZ0,17706,8745.0,8794.75,8709.0,8794.75,12
2020-04-21,MNQM0,8204,8730.5,8763.0,8342.0,8458.0,755724
2020-04-21,MNQM0-MNQU0,9703,-10.6,-10.6,-10.6,-10.6,1
2020-04-21,MNQU0,13081,8697.0,8750.0,8338.75,8426.25,389
2020-04-21,MNQZ0,17706,8610.0,8610.0,8443.0,8443.0,5
2020-04-22,MNQM0,8204,8458.5,8699.25,8399.5,8616.5,509590
2020-04-22,MNQM0-MNQU0,9703,-10.5,-10.5,-10.5,-10.5,1
2020-04-22,MNQU0,13081,8474.75,8677.25,8405.0,8596.5,200
2020-04-22,MNQZ0,17706,8412.75,8412.75,8412.75,8412.75,1
2020-04-23,MNQM0,8204,8617.0,8787.0,8531.75,8552.25,505723
2020-04-23,MNQU0,13081,8612.5,8774.75,8531.5,8549.5,231
2020-04-23,MNQZ0,17706,8690.0,8760.0,8630.0,8630.0,4
2020-04-24,MNQM0,8204,8552.75,8804.0,8498.0,8767.25,438642
2020-04-24,MNQM0-MNQU0,9703,-10.75,-10.75,-11.1,-11.1,12
2020-04-24,MNQU0,13081,8525.0,8771.5,8495.0,8762.25,173
2020-04-26,MNQM0,8204,8766.75,8814.5,8728.75,8753.5,21207
2020-04-26,MNQU0,13081,8800.0,8800.0,8730.0,8745.5,21
2020-04-27,MNQH1,6227,8820.0,8820.0,8820.0,8820.0,1
2020-04-27,MNQM0,8204,8753.75,8898.0,8736.0,8823.5,421757
2020-04-27,MNQM0-MNQU0,9703,-11.25,-9.75,-11.25,-9.75,5
2020-04-27,MNQU0,13081,8762.5,8880.0,8762.5,8813.5,156
2020-04-27,MNQZ0,17706,8800.0,8846.5,8790.0,8790.0,7
2020-04-28,MNQM0,8204,8823.25,8946.0,8654.25,8767.75,576121
2020-04-28,MNQU0,13081,8821.0,8930.0,8650.0,8727.0,245
2020-04-28,MNQZ0,17706,8759.0,8759.0,8708.5,8708.5,3
2020-04-29,MNQM0,8204,8767.5,9119.25,8764.25,9091.0,548887
2020-04-29,MNQM0-MNQU0,9703,-12.0,-12.0,-12.0,-12.0,4
2020-04-29,MNQU0,13081,8770.0,9099.0,8765.0,9090.5,370
2020-04-29,MNQZ0,17706,9036.25,9036.25,9036.25,9036.25,9
2020-04-30,MNQM0,8204,9090.75,9144.75,8803.0,8838.25,645486
2020-04-30,MNQM0-MNQU0,9703,-13.3,-13.3,-13.3,-13.3,1
2020-04-30,MNQU0,13081,9068.5,9129.0,8808.75,8825.0,220
2020-04-30,MNQZ0,17706,9045.0,9085.0,8937.0,8957.0,5
2020-05-01,MNQM0,8204,8839.5,8878.5,8671.75,8702.0,498695
2020-05-01,MNQM0-MNQU0,9703,-14.75,-14.25,-14.75,-14.25,15
2020-05-01,MNQU0,13081,8821.0,8850.5,8663.75,8686.25,214
2020-05-01,MNQZ0,17706,8800.0,8800.0,8700.0,8700.0,4
2020-05-03,MNQM0,8204,8654.25,8654.25,8561.5,8583.0,26665
2020-05-03,MNQU0,13081,8618.25,8618.25,8550.0,8550.0,38
2020-05-04,MNQM0,8204,8583.0,8827.5,8556.75,8823.75,514212
2020-05-04,MNQM0-MNQU0,9703,-14.5,-14.5,-17.5,-17.0,97
2020-05-04,MNQU0,13081,8570.5,8806.5,8545.25,8795.0,131
2020-05-04,MNQZ0,17706,8686.0,8815.0,8686.0,8815.0,2
2020-05-05,MNQM0,8204,8824.0,9019.75,8818.5,8956.25,519766
2020-05-05,MNQU0,13081,8825.0,9001.75,8804.5,8935.25,286
2020-05-06,MNQM0,8204,8956.5,9056.5,8877.75,8964.75,566047
2020-05-06,MNQM0-MNQU0,9703,-15.75,-15.75,-15.75,-15.75,10
2020-05-06,MNQU0,13081,8935.25,9039.0,8865.5,8936.75,251
2020-05-07,MNQM0,8204,8964.75,9143.75,8964.75,9141.25,498736
2020-05-07,MNQM0-MNQU0,9703,-16.0,-16.0,-17.0,-16.0,13
2020-05-07,MNQU0,13081,8955.25,9121.75,8955.25,9121.75,190
2020-05-07,MNQZ0,17706,9040.0,9085.5,9040.0,9085.5,8
2020-05-08,MNQH1,6227,9129.25,9129.25,9129.25,9129.25,1
2020-05-08,MNQM0,8204,9141.5,9238.0,9116.0,9221.25,440768
2020-05-08,MNQM0-MNQU0,9703,-13.75,-13.75,-14.0,-14.0,4
2020-05-08,MNQU0,13081,9128.5,9222.0,9102.5,9207.75,274
2020-05-08,MNQZ0,17706,9175.0,9175.0,9175.0,9175.0,6
2020-05-10,MNQM0,8204,9199.0,9257.0,9173.0,9253.5,24462
2020-05-10,MNQU0,13081,9174.0,9238.0,9160.0,9229.0,21
2020-05-10,MNQZ0,17706,9175.0,9212.5,9175.0,9212.5,2
2020-05-11,MNQM0,8204,9254.0,9338.75,9118.75,9277.25,569599
2020-05-11,MNQU0,13081,9236.25,9320.25,9112.0,9250.25,296
2020-05-11,MNQZ0,17706,9244.0,9255.0,9185.0,9255.0,4
2020-05-12,MNQM0,8204,9277.5,9345.75,9006.5,9014.25,693355
2020-05-12,MNQM0-MNQU0,9703,-15.9,-15.1,-15.9,-15.1,6
2020-05-12,MNQU0,13081,9247.0,9330.0,8991.75,8991.75,433
2020-05-12,MNQZ0,17706,9254.0,9254.0,9101.75,9101.75,5
2020-05-13,MNQM0,8204,9014.5,9202.5,8878.25,9011.5,942291
2020-05-13,MNQU0,13081,9003.0,9182.0,8864.75,9004.0,862
2020-05-13,MNQZ0,17706,8966.75,8966.75,8900.0,8900.0,3
2020-05-14,MNQH1,6227,8900.0,9034.0,8900.0,9034.0,2
2020-05-14,MNQM0,8204,9012.25,9111.5,8846.5,9107.75,845970
2020-05-14,MNQM0-MNQU0,9703,-15.5,-15.5,-15.5,-15.5,5
2020-05-14,MNQU0,13081,8974.5,9095.25,8836.25,9095.25,981
2020-05-14,MNQZ0,17706,8990.75,8990.75,8847.5,8847.5,3
2020-05-15,MNQM0,8204,9107.5,9148.75,8925.25,9119.75,791472
2020-05-15,MNQM0-MNQU0,9703,-16.1,-15.2,-16.1,-15.8,9
2020-05-15,MNQU0,13081,9100.0,9126.0,8911.0,9092.25,667
2020-05-15,MNQZ0,17706,9073.25,9073.25,9073.0,9073.0,2
2020-05-17,MNQM0,8204,9121.5,9179.0,9110.0,9164.75,29623
2020-05-17,MNQU0,13081,9105.0,9160.0,9105.0,9152.25,41
2020-05-18,MNQH1,6227,9130.0,9130.0,9130.0,9130.0,1
2020-05-18,MNQM0,8204,9165.25,9361.5,9155.75,9344.25,542805
2020-05-18,MNQM0-MNQU0,9703,-15.5,-15.3,-15.5,-15.3,2
2020-05-18,MNQU0,13081,9150.5,9345.0,9144.25,9330.25,530
2020-05-18,MNQZ0,17706,9250.0,9250.0,9248.0,9248.0,3
2020-05-19,MNQH1,6227,9298.25,9298.25,9298.25,9298.25,1
2020-05-19,MNQM0,8204,9343.5,9417.25,9273.25,9318.25,648373
2020-05-19,MNQU0,13081,9318.25,9400.0,9264.5,9302.5,493
2020-05-19,MNQZ0,17706,9300.0,9300.0,9270.0,9270.0,7
2020-05-20,MNQM0,8204,9318.5,9503.25,9310.0,9485.75,526053
2020-05-20,MNQM0-MNQU0,9703,-15.75,-15.75,-15.75,-15.75,2
2020-05-20,MNQU0,13081,9307.25,9480.0,9307.25,9469.0,419
2020-05-20,MNQZ0,17706,9400.0,9440.0,9400.0,9440.0,6
2020-05-21,MNQM0,8204,9485.75,9510.5,9349.5,9402.75,641595
2020-05-21,MNQU0,13081,9465.25,9495.0,9333.0,9377.0,564
2020-05-21,MNQZ0,17706,9400.0,9400.0,9395.0,9395.0,2
2020-05-22,MNQM0,8204,9403.75,9422.75,9241.25,9422.75,589151
2020-05-22,MNQM0-MNQU0,9703,-14.8,-14.75,-15.4,-15.1,23
2020-05-22,MNQU0,13081,9385.0,9407.0,9236.0,9407.0,636
2020-05-24,MNQM0,8204,9404.5,9463.75,9390.5,9456.0,17859
2020-05-24,MNQM0-MNQU0,9703,-15.7,-14.9,-15.7,-14.9,2
2020-05-24,MNQU0,13081,9380.0,9440.75,9380.0,9440.75,23
2020-05-25,MNQM0,8204,9456.0,9536.75,9416.25,9510.25,172942
2020-05-25,MNQM0-MNQU0,9703,-15.8,-15.75,-16.0,-16.0,6
2020-05-25,MNQU0,13081,9441.75,9520.0,9403.0,9492.25,230
2020-05-26,MNQM0,8204,9509.75,9604.0,9373.0,9394.5,566676
2020-05-26,MNQM0-MNQU0,9703,-16.0,-15.1,-16.0,-15.9,27
2020-05-26,MNQU0,13081,9490.5,9587.0,9358.75,9379.75,760
2020-05-26,MNQZ0,17706,9543.5,9543.5,9543.5,9543.5,1
2020-05-27,MNQM0,8204,9394.5,9508.0,9173.25,9442.25,771843
2020-05-27,MNQM0-MNQU0,9703,-15.1,-15.1,-15.9,-15.9,32
2020-05-27,MNQU0,13081,9388.5,9490.75,9160.0,9424.75,1425
2020-05-27,MNQZ0,17706,9400.0,9415.5,9193.5,9259.0,14
2020-05-28,MNQM0,8204,9442.0,9565.5,9320.5,9418.25,781723
2020-05-28,MNQM0-MNQU0,9703,-16.4,-16.2,-16.9,-16.2,40
2020-05-28,MNQU0,13081,9431.0,9550.0,9307.0,9408.5,1472
2020-05-28,MNQZ0,17706,9360.0,9390.5,9360.0,9390.5,6
2020-05-29,MNQM0,8204,9418.5,9590.5,9372.0,9589.0,865701
2020-05-29,MNQM0-MNQU0,9703,-19.1,-17.6,-19.1,-18.15,62
2020-05-29,MNQU0,13081,9401.75,9574.5,9360.0,9574.5,1225
2020-05-29,MNQZ0,17706,9384.75,9400.0,9360.0,9400.0,3
2020-05-31,MNQM0,8204,9541.0,9541.0,9450.0,9507.25,26023
2020-05-31,MNQU0,13081,9521.25,9521.25,9436.5,9490.75,211
2020-05-31,MNQZ0,17706,9450.0,9450.0,9450.0,9450.0,1
2020-06-01,MNQM0,8204,9507.25,9606.0,9481.25,9565.75,544784
2020-06-01,MNQM0-MNQU0,9703,-18.1,-17.9,-19.0,-18.3,17
2020-06-01,MNQU0,13081,9500.25,9588.0,9468.75,9544.0,896
2020-06-01,MNQZ0,17706,9495.0,9495.0,9495.0,9495.0,1
2020-06-02,MNQH1,6227,9592.5,9592.5,9592.5,9592.5,1
2020-06-02,MNQM0,8204,9566.0,9677.25,9505.0,9675.0,559488
2020-06-02,MNQM0-MNQU0,9703,-18.2,-17.6,-18.5,-17.7,16
2020-06-02,MNQU0,13081,9556.5,9660.5,9487.5,9653.5,1264
2020-06-02,MNQZ0,17706,9565.0,9606.25,9505.0,9600.0,10
2020-06-03,MNQM0,8204,9675.5,9728.25,9640.75,9696.75,498414
2020-06-03,MNQM0-MNQU0,9703,-17.8,-17.8,-18.2,-18.1,16
2020-06-03,MNQU0,13081,9662.5,9705.75,9625.25,9679.5,1304
2020-06-03,MNQZ0,17706,9640.0,9670.0,9640.0,9643.25,6
2020-06-04,MNQM0,8204,9696.75,9742.5,9572.5,9618.75,578148
2020-06-04,MNQM0-MNQU0,9703,-19.25,-17.0,-19.25,-17.0,27
2020-06-04,MNQU0,13081,9673.5,9722.75,9558.0,9603.0,1284
2020-06-04,MNQZ0,17706,9644.5,9720.0,9620.0,9620.0,5
2020-06-05,MNQM0,8204,9619.0,9846.75,9602.0,9807.5,542151
2020-06-05,MNQM0-MNQU0,9703,-17.5,-17.1,-17.8,-17.15,50
2020-06-05,MNQU0,13081,9606.25,9827.5,9584.75,9791.5,2074
2020-06-05,MNQZ0,17706,9638.0,9806.25,9593.0,9785.0,13
2020-06-07,MNQH1,6227,9820.0,9820.0,9820.0,9820.0,1
2020-06-07,MNQM0,8204,9819.0,9875.75,9808.0,9870.75,18467
2020-06-07,MNQM0-MNQU0,9703,-17.25,-16.6,-17.6,-16.7,12
2020-06-07,MNQU0,13081,9802.0,9855.75,9801.5,9851.25,181
2020-06-07,MNQZ0,17706,9835.0,9840.0,9835.0,9840.0,3
2020-06-08,MNQM0,8204,9871.75,9901.0,9746.75,9880.0,427771
2020-06-08,MNQM0-MNQU0,9703,-17.7,-15.55,-17.7,-16.0,194
2020-06-08,MNQU0,13081,9851.5,9881.0,9730.25,9863.25,1842
2020-06-08,MNQZ0,17706,9801.0,9862.0,9730.0,9862.0,7
2020-06-09,MNQH1,6227,9859.75,9859.75,9859.75,9859.75,1
2020-06-09,MNQM0,8204,9879.5,10007.5,9811.5,9989.25,542674
2020-06-09,MNQM0-MNQU0,9703,-16.3,-15.5,-16.45,-15.5,51
2020-06-09,MNQU0,13081,9861.75,9989.75,9795.0,9973.75,2454
2020-06-09,MNQZ0,17706,9866.5,9957.5,9800.0,9957.5,8
2020-06-10,MNQM0,8204,9989.5,10155.5,9958.5,10043.5,648341
2020-06-10,MNQM0-MNQU0,9703,-14.9,-14.0,-15.15,-14.6,64
2020-06-10,MNQU0,13081,9971.5,10141.0,9943.5,10026.75,3774
2020-06-10,MNQZ0,17706,10000.0,10050.0,10000.0,10022.5,24
2020-06-11,MNQM0,8204,10043.5,10096.0,9584.5,9678.75,1055307
2020-06-11,MNQM0-MNQU0,9703,-14.4,-11.75,-15.15,-12.6,272
2020-06-11,MNQU0,13081,10032.75,10080.75,9573.0,9664.75,34997
2020-06-11,MNQZ0,17706,10042.0,10053.75,9589.5,9667.5,37
2020-06-12,MNQM0,8204,9678.5,9849.0,9495.0,9642.25,549445
2020-06-12,MNQM0-MNQU0,9703,-12.7,-11.25,-13.4,-12.8,594
2020-06-12,MNQU0,13081,9665.5,9837.0,9481.5,9630.0,381349
2020-06-12,MNQZ0,17706,9650.0,9825.0,9490.0,9623.0,16
2020-06-14,MNQM0,8204,9540.25,9585.75,9502.75,9551.5,15923
2020-06-14,MNQM0-MNQU0,9703,3.75,3.75,-13.45,-12.5,49
2020-06-14,MNQU0,13081,9564.75,9573.0,9490.5,9538.25,45624
2020-06-14,MNQZ0,17706,9547.0,9547.0,9539.5,9539.5,3
2020-06-15,MNQH1,6227,9403.5,9403.5,9403.5,9403.5,3
2020-06-15,MNQM0,8204,9552.25,9879.5,9381.0,9877.5,280605
2020-06-15,MNQM0-MNQU0,9703,-13.25,-10.05,-13.4,-12.05,206
2020-06-15,MNQU0,13081,9538.0,9868.0,9367.0,9865.25,439755
2020-06-15,MNQU0-MNQZ0,6870,-8.5,-8.5,-8.5,-8.5,2
2020-06-15,MNQZ0,17706,9548.25,9844.0,9379.0,9844.0,35
2020-06-16,MNQH1,6227,9980.0,9980.0,9980.0,9980.0,1
2020-06-16,MNQM0,8204,9876.5,10015.5,9797.0,9994.5,116469
2020-06-16,MNQM0-MNQU0,9703,-12.0,-8.4,-12.0,-10.85,773
2020-06-16,MNQU0,13081,9865.0,10002.25,9786.0,9984.0,658689
2020-06-16,MNQU0-MNQZ0,6870,-9.5,-9.5,-9.5,-9.5,1
2020-06-16,MNQZ0,17706,9858.0,9974.75,9800.0,9950.0,40
2020-06-17,MNQM0,8204,9994.5,10061.25,9926.0,9962.25,49805
2020-06-17,MNQM0-MNQU0,9703,-10.7,-10.6,-11.8,-11.75,227
2020-06-17,MNQU0,13081,9984.5,10047.5,9915.0,9949.5,448895
2020-06-17,MNQZ0,17706,9950.0,10034.0,9915.0,10015.0,20
2020-06-18,MNQM0,8204,9963.75,10042.5,9879.0,10029.5,24946
2020-06-18,MNQM0-MNQU0,9703,-11.75,-11.15,-14.15,-11.75,449
2020-06-18,MNQU0,13081,9949.75,10029.25,9867.0,10020.75,467654
2020-06-18,MNQZ0,17706,9902.25,10001.5,9872.0,10001.5,58
2020-06-19,MNQH1,6227,10050.0,10050.0,10050.0,10050.0,1
2020-06-19,MNQM0,8204,10028.75,10130.0,9995.25,10130.0,3009
2020-06-19,MNQM0-MNQU0,9703,-11.55,-11.55,-19.75,-19.75,90
2020-06-19,MNQU0,13081,10020.5,10112.5,9912.75,9924.5,514716
2020-06-19,MNQU0-MNQZ0,6870,-7.5,-7.5,-11.3,-11.3,13
2020-06-19,MNQZ0,17706,9979.5,10095.75,9914.0,9915.5,407
2020-06-21,MNQU0,13081,9884.5,9907.25,9841.25,9905.0,26054
2020-06-21,MNQZ0,17706,9901.0,9901.0,9831.25,9887.5,34
2020-06-22,MNQU0,13081,9905.25,10158.0,9895.0,10149.75,399312
2020-06-22,MNQZ0,17706,9904.5,10134.0,9904.0,10134.0,187
2020-06-23,MNQH1,6227,10126.5,10126.5,10126.5,10126.5,1
2020-06-23,MNQU0,13081,10149.75,10296.0,9972.5,10180.75,511665
2020-06-23,MNQU0-MNQZ0,6870,-11.5,-10.0,-11.5,-10.0,2
2020-06-23,MNQZ0,17706,10131.75,10280.0,9977.25,10156.75,217
2020-06-24,MNQU0,13081,10180.0,10241.75,9927.25,9973.5,691715
2020-06-24,MNQU0-MNQZ0,6870,-10.0,-10.0,-11.25,-11.25,4
2020-06-24,MNQZ0,17706,10204.0,10216.75,9926.75,9978.0,461
2020-06-25,MNQU0,13081,9974.25,10120.5,9885.5,10106.25,658425
2020-06-25,MNQU0-MNQZ0,6870,-11.25,-11.25,-11.25,-11.25,1
2020-06-25,MNQZ0,17706,9967.75,10100.0,9877.0,10100.0,329
2020-06-26,MNQH1,6227,9900.0,9910.0,9870.0,9870.0,3
2020-06-26,MNQU0,13081,10106.0,10120.0,9824.0,9844.0,651163
2020-06-26,MNQU0-MNQZ0,6870,-11.45,-11.45,-11.45,-11.45,10
2020-06-26,MNQZ0,17706,10090.75,10107.25,9818.0,9827.25,511
2020-06-28,MNQU0,13081,9796.5,9839.5,9777.75,9827.0,25031
2020-06-28,MNQZ0,17706,9799.75,9825.0,9770.0,9817.5,23
2020-06-29,MNQH1,6227,9785.25,9900.0,9785.25,9900.0,8
2020-06-29,MNQU0,13081,9827.25,10008.25,9729.0,9992.75,574995
2020-06-29,MNQU0-MNQZ0,6870,-11.5,-11.5,-11.5,-11.5,10
2020-06-29,MNQZ0,17706,9816.5,9989.0,9720.0,9982.25,387
2020-06-30,MNQH1,6227,9964.75,10000.0,9964.75,10000.0,2
2020-06-30,MNQU0,13081,9993.5,10171.5,9940.0,10136.5,479392
2020-06-30,MNQU0-MNQZ0,6870,-11.5,-11.5,-11.5,-11.5,1
2020-06-30,MNQZ0,17706,9975.0,10155.0,9930.25,10126.75,296
2020-07-01,MNQH1,6227,10200.25,10210.75,10200.25,10210.75,2
2020-07-01,MNQU0,13081,10129.5,10309.0,10075.75,10269.5,450273
2020-07-01,MNQU0-MNQZ0,6870,-10.0,-9.55,-10.0,-9.55,32
2020-07-01,MNQZ0,17706,10111.5,10295.25,10065.0,10255.5,303
2020-07-02,MNQH1,6227,10282.0,10347.25,10282.0,10347.25,4
2020-07-02,MNQU0,13081,10268.5,10422.5,10252.25,10350.0,418267
2020-07-02,MNQU0-MNQZ0,6870,-11.1,-10.65,-11.1,-10.65,15
2020-07-02,MNQZ0,17706,10240.0,10409.0,10240.0,10347.5,233
2020-07-03,MNQU0,13081,10349.75,10389.75,10309.0,10325.25,125052
2020-07-03,MNQZ0,17706,10339.25,10372.25,10303.75,10338.0,70
2020-07-05,MNQU0,13081,10334.0,10399.75,10334.0,10393.0,15702
2020-07-05,MNQZ0,17706,10361.25,10384.0,10361.25,10381.25,6
2020-07-06,MNQU0,13081,10393.25,10648.25,10391.25,10640.0,480218
2020-07-06,MNQU0-MNQZ0,6870,-10.75,-9.25,-14.2,-9.25,11
2020-07-06,MNQZ0,17706,10399.75,10626.25,10399.75,10626.25,292
2020-07-07,MNQU0,13081,10640.0,10694.5,10506.0,10550.25,557824
2020-07-07,MNQU0-MNQZ0,6870,-9.0,-9.0,-9.0,-9.0,5
2020-07-07,MNQZ0,17706,10623.0,10683.0,10500.0,10538.75,282
2020-07-08,MNQH1,6227,10525.25,10525.25,10525.25,10525.25,1
2020-07-08,MNQU0,13081,10550.0,10698.0,10505.25,10682.5,569983
2020-07-08,MNQU0-MNQZ0,6870,-8.0,-8.0,-8.0,-8.0,6
2020-07-08,MNQZ0,17706,10529.25,10681.25,10501.0,10660.0,279
2020-07-09,MNQU0,13081,10682.25,10774.25,10560.25,10754.25,656171
2020-07-09,MNQU0-MNQZ0,6870,-10.75,-9.8,-11.6,-11.6,3
2020-07-09,MNQZ0,17706,10667.25,10762.5,10564.75,10744.5,293
2020-07-10,MNQU0,13081,10754.5,10847.25,10625.5,10842.75,596937
2020-07-10,MNQU0-MNQZ0,6870,-9.75,-9.75,-10.95,-10.95,3
2020-07-10,MNQZ0,17706,10737.0,10836.0,10618.0,10835.0,443
2020-07-12,MNQM1,9485,10900.75,10900.75,10895.0,10895.0,2
2020-07-12,MNQU0,13081,10847.5,10909.25,10846.5,10876.75,25822
2020-07-12,MNQU0-MNQZ0,6870,-11.25,-11.25,-11.25,-11.25,2
2020-07-12,MNQZ0,17706,10838.0,10890.75,10838.0,10882.25,54
2020-07-13,MNQH1,6227,10635.0,10635.0,10635.0,10635.0,1
2020-07-13,MNQM1,9485,10944.5,10950.0,10635.5,10635.5,4
2020-07-13,MNQU0,13081,10877.0,11058.25,10562.0,10645.5,821706
2020-07-13,MNQU0-MNQZ0,6870,-9.75,-9.75,-11.9,-11.9,9
2020-07-13,MNQZ0,17706,10859.5,11042.25,10551.0,10640.0,905
2020-07-14,MNQH1,6227,10611.75,10682.75,10465.25,10682.75,9
2020-07-14,MNQM1,9485,10635.5,10635.5,10607.5,10607.5,2
2020-07-14,MNQU0,13081,10645.25,10740.0,10358.75,10717.5,1149809
2020-07-14,MNQU0-MNQH1,95550,-24.75,-24.75,-24.75,-24.75,1
2020-07-14,MNQU0-MNQZ0,6870,-13.25,-13.25,-15.45,-13.25,12
2020-07-14,MNQZ0,17706,10630.0,10722.75,10348.0,10701.0,1502
2020-07-15,MNQH1,6227,10683.75,10683.75,10670.0,10670.0,2
2020-07-15,MNQM1,9485,10710.0,10710.0,10646.25,10646.25,2
2020-07-15,MNQU0,13081,10717.75,10766.5,10551.5,10647.25,841737
2020-07-15,MNQU0-MNQZ0,6870,-13.5,-13.4,-13.5,-13.4,15
2020-07-15,MNQZ0,17706,10708.75,10750.0,10540.75,10630.5,2169
2020-07-16,MNQH1,6227,10512.0,10536.5,10512.0,10536.5,2
2020-07-16,MNQU0,13081,10647.0,10647.0,10475.5,10566.75,781858
2020-07-16,MNQZ0,17706,10630.5,10630.5,10467.75,10556.0,845
2020-07-17,MNQU0,13081,10567.25,10669.0,10538.0,10623.5,550738
2020-07-17,MNQZ0,17706,10566.25,10649.75,10525.5,10602.5,318
2020-07-19,MNQU0,13081,10622.0,10657.0,10612.0,10647.5,14810
2020-07-19,MNQU0-MNQZ0,6870,-14.25,-14.25,-14.25,-14.25,1
2020-07-19,MNQZ0,17706,10608.0,10638.0,10608.0,10634.0,30
2020-07-20,MNQH1,6227,10541.0,10880.0,10541.0,10880.0,14
2020-07-20,MNQM1,9485,10670.5,10700.0,10670.5,10700.0,2
2020-07-20,MNQU0,13081,10647.25,10980.0,10545.5,10949.75,563182
2020-07-20,MNQU0-MNQZ0,6870,-14.25,-13.45,-15.75,-15.3,37
2020-07-20,MNQZ0,17706,10633.5,10950.0,10534.25,10934.5,773
2020-07-21,MNQH1,6227,10799.25,10840.0,10799.25,10840.0,2
2020-07-21,MNQU0,13081,10950.25,11057.75,10784.75,10873.25,719828
2020-07-21,MNQU0-MNQZ0,6870,-15.3,-15.3,-15.3,-15.3,1
2020-07-21,MNQZ0,17706,10947.0,11044.5,10774.75,10853.0,1038
2020-07-22,MNQH1,6227,10790.0,10864.0,10790.0,10864.0,4
2020-07-22,MNQM1,9485,10829.0,10829.0,10829.0,10829.0,1
2020-07-22,MNQU0,13081,10873.75,10916.25,10761.75,10823.0,649944
2020-07-22,MNQZ0,17706,10865.0,10900.0,10750.0,10831.75,674
2020-07-23,MNQH1,6227,10800.25,10825.75,10563.75,10563.75,5
2020-07-23,MNQM1,9485,10831.0,10880.0,10524.0,10558.0,5
2020-07-23,MNQU0,13081,10822.75,10938.5,10514.5,10582.75,828102
2020-07-23,MNQU0-MNQZ0,6870,-15.3,-15.3,-16.25,-15.65,13
2020-07-23,MNQU1,3601,10551.75,10551.75,10527.0,10527.0,2
2020-07-23,MNQZ0,17706,10814.0,10918.75,10498.25,10563.0,956
2020-07-24,MNQH1,6227,10462.0,10480.25,10351.0,10480.25,12
2020-07-24,MNQM1,9485,10520.0,10520.0,10520.0,10520.0,1
2020-07-24,MNQU0,13081,10581.75,10597.75,10301.25,10463.0,882767
2020-07-24,MNQU0-MNQZ0,6870,-14.75,-14.75,-16.75,-16.75,42
2020-07-24,MNQZ0,17706,10568.0,10573.0,10300.0,10447.0,1079
2020-07-26,MNQU0,13081,10488.25,10517.0,10400.5,10439.0,36918
2020-07-26,MNQZ0,17706,10504.0,10504.0,10395.0,10425.25,40
2020-07-27,MNQH1,6227,10499.0,10658.5,10499.0,10658.5,2
2020-07-27,MNQM1,9485,10535.0,10540.0,10535.0,10540.0,2
2020-07-27,MNQU0,13081,10439.75,10707.0,10433.25,10698.5,641137
2020-07-27,MNQU0-MNQZ0,6870,-16.8,-16.55,-17.0,-16.6,33
2020-07-27,MNQZ0,17706,10435.75,10687.0,10435.75,10665.5,486
2020-07-28,MNQH1,6227,10583.25,10583.25,10538.0,10538.0,2
2020-07-28,MNQM1,9485,10705.0,10705.0,10705.0,10705.0,2
2020-07-28,MNQU0,13081,10698.75,10758.5,10513.75,10564.0,713647
2020-07-28,MNQU0-MNQZ0,6870,-16.55,-16.55,-16.55,-16.55,10
2020-07-28,MNQZ0,17706,10694.75,10736.75,10500.0,10543.5,405
2020-07-29,MNQH1,6227,10600.75,10604.5,10600.75,10604.5,3
2020-07-29,MNQU0,13081,10563.5,10702.75,10512.0,10679.5,545335
2020-07-29,MNQU0-MNQZ0,6870,-15.0,-15.0,-16.4,-16.4,18
2020-07-29,MNQZ0,17706,10562.5,10683.5,10499.5,10666.0,432
2020-07-30,MNQH1,6227,10536.0,10862.0,10502.0,10862.0,11
2020-07-30,MNQU0,13081,10680.0,10928.75,10502.75,10905.5,829199
2020-07-30,MNQZ0,17706,10650.0,10906.0,10490.0,10888.0,961
2020-07-31,MNQH1,6227,10872.25,10872.25,10685.5,10860.25,12
2020-07-31,MNQU0,13081,10905.5,10939.25,10691.0,10915.5,881778
2020-07-31,MNQU0-MNQZ0,6870,-16.35,-16.05,-16.75,-16.3,23
2020-07-31,MNQZ0,17706,10895.5,10922.75,10675.75,10900.0,1283
2020-08-02,MNQH1,6227,10862.25,10877.0,10862.25,10877.0,4
2020-08-02,MNQU0,13081,10928.75,10950.0,10876.25,10911.75,17924
2020-08-02,MNQZ0,17706,10920.0,10920.0,10863.5,10898.75,45
2020-08-03,MNQH1,6227,10945.0,10992.0,10945.0,10992.0,4
2020-08-03,MNQU0,13081,10912.25,11073.0,10894.25,11036.5,519859
2020-08-03,MNQU0-MNQZ0,6870,-16.35,-16.35,-16.35,-16.35,2
2020-08-03,MNQZ0,17706,10893.75,11056.5,10888.25,11020.0,767
2020-08-04,MNQU0,13081,11036.5,11094.75,10982.75,11073.75,656848
2020-08-04,MNQU0-MNQZ0,6870,-16.35,-16.25,-16.35,-16.25,11
2020-08-04,MNQZ0,17706,11017.5,11079.0,10968.75,11065.0,631
2020-08-05,MNQU0,13081,11073.5,11143.5,11055.75,11089.25,467275
2020-08-05,MNQU0-MNQZ0,6870,-16.5,-16.5,-16.5,-16.5,10
2020-08-05,MNQZ0,17706,11053.25,11125.5,11044.0,11080.75,441
2020-08-06,MNQH1,6227,11060.0,11234.0,11060.0,11234.0,8
2020-08-06,MNQM1,9485,11070.0,11105.75,11070.0,11105.75,2
2020-08-06,MNQU0,13081,11089.0,11271.5,11051.5,11252.5,623632
2020-08-06,MNQU0-MNQZ0,6870,-14.65,-14.65,-16.75,-16.75,12
2020-08-06,MNQZ0,17706,11072.25,11253.0,11037.0,11241.5,505
2020-08-07,MNQH1,6227,11224.0,11224.0,11075.75,11075.75,3
2020-08-07,MNQU0,13081,11252.0,11283.25,11035.25,11131.0,749444
2020-08-07,MNQZ0,17706,11230.25,11266.5,11021.0,11105.0,656
2020-08-09,MNQH1,6227,11069.75,11069.75,11069.75,11069.75,3
2020-08-09,MNQU0,13081,11140.0,11159.25,11073.75,11107.25,18251
2020-08-09,MNQZ0,17706,11110.0,11120.0,11059.75,11092.0,36
2020-08-10,MNQH1,6227,11056.0,11056.0,10947.0,10991.25,6
2020-08-10,MNQU0,13081,11107.75,11146.5,10928.5,11074.0,605318
2020-08-10,MNQU0-MNQZ0,6870,-16.25,-16.25,-16.25,-16.25,14
2020-08-10,MNQZ0,17706,11092.5,11126.0,10918.0,11047.0,566
2020-08-11,MNQH1,6227,11008.25,11074.75,10866.75,10872.25,15
2020-08-11,MNQU0,13081,11073.5,11157.5,10845.25,10922.75,734666
2020-08-11,MNQU0-MNQZ0,6870,-16.25,-16.25,-16.55,-16.55,39
2020-08-11,MNQZ0,17706,11057.75,11138.0,10830.0,10911.0,1643
2020-08-12,MNQH1,6227,10960.0,11144.0,10960.0,11134.0,11
2020-08-12,MNQU0,13081,10922.75,11184.5,10878.25,11131.75,624516
2020-08-12,MNQU0-MNQZ0,6870,-16.3,-16.3,-16.4,-16.4,4
2020-08-12,MNQZ0,17706,10911.5,11169.25,10864.75,11115.0,1260
2020-08-13,MNQH1,6227,11146.5,11209.75,11114.5,11152.0,20
2020-08-13,MNQU0,13081,11131.75,11265.75,11094.25,11205.25,608451
2020-08-13,MNQU0-MNQZ0,6870,-16.2,-16.2,-16.9,-16.6,32
2020-08-13,MNQZ0,17706,11118.0,11246.75,11084.25,11182.25,684
2020-08-14,MNQH1,6227,11145.0,11145.0,11093.0,11093.0,3
2020-08-14,MNQU0,13081,11205.5,11237.25,11096.0,11145.75,558058
2020-08-14,MNQZ0,17706,11190.0,11215.0,11080.5,11129.5,679
2020-08-16,MNQU0,13081,11145.25,11164.25,11145.0,11161.5,6993
2020-08-16,MNQZ0,17706,11136.25,11143.75,11136.25,11143.75,4
2020-08-17,MNQH1,6227,11207.75,11250.0,11207.75,11249.0,13
2020-08-17,MNQU0,13081,11161.25,11309.0,11153.25,11305.0,375996
2020-08-17,MNQU0-MNQZ0,6870,-15.1,-15.1,-16.75,-16.75,8
2020-08-17,MNQZ0,17706,11143.0,11290.0,11140.0,11287.0,508
2020-08-18,MNQH1,6227,11337.0,11355.75,11335.25,11355.75,3
2020-08-18,MNQU0,13081,11305.25,11444.75,11268.5,11416.5,491258
2020-08-18,MNQU0-MNQZ0,6870,-16.8,-16.8,-16.85,-16.85,2
2020-08-18,MNQZ0,17706,11287.75,11415.0,11252.75,11397.75,673
2020-08-19,MNQH1,6227,11361.0,11388.25,11297.75,11302.5,11
2020-08-19,MNQU0,13081,11416.0,11437.75,11284.0,11290.5,601856
2020-08-19,MNQU0-MNQZ0,6870,-16.6,-16.35,-16.6,-16.35,14
2020-08-19,MNQZ0,17706,11391.5,11420.5,11273.25,11275.0,848
2020-08-20,MNQH1,6227,11277.0,11430.0,11245.25,11430.0,23
2020-08-20,MNQU0,13081,11290.5,11502.25,11221.5,11499.5,525206
2020-08-20,MNQU0-MNQH1,95550,-25.0,-25.0,-25.25,-25.25,2
2020-08-20,MNQU0-MNQZ0,6870,-16.1,-16.1,-16.9,-16.5,15
2020-08-20,MNQZ0,17706,11270.25,11486.0,11210.0,11486.0,952
2020-08-21,MNQH1,6227,11465.25,11516.25,11405.0,11516.25,18
2020-08-21,MNQU0,13081,11499.75,11573.5,11407.0,11563.0,505530
2020-08-21,MNQU0-MNQZ0,6870,-16.15,-15.5,-16.65,-16.6,35
2020-08-21,MNQZ0,17706,11488.0,11557.5,11393.0,11546.0,906
2020-08-23,MNQU0,13081,11580.0,11593.0,11572.5,11583.5,10244
2020-08-23,MNQZ0,17706,11570.0,11575.25,11555.5,11560.5,210
2020-08-24,MNQH1,6227,11592.0,11615.0,11568.75,11615.0,3
2020-08-24,MNQM1,9485,11553.0,11554.0,11544.0,11544.0,3
2020-08-24,MNQU0,13081,11583.25,11722.5,11528.25,11646.75,664319
2020-08-24,MNQU0-MNQZ0,6870,-16.45,-15.9,-16.5,-16.5,28
2020-08-24,MNQU1,3601,11584.0,11584.0,11516.5,11578.0,8
2020-08-24,MNQZ0,17706,11561.5,11705.0,11515.0,11618.5,2235
2020-08-25,MNQH1,6227,11614.25,11711.0,11590.0,11711.0,4
2020-08-25,MNQU0,13081,11647.25,11754.0,11574.75,11746.75,564674
2020-08-25,MNQU0-MNQZ0,6870,-16.6,-15.8,-16.6,-15.8,10
2020-08-25,MNQU1,3601,11587.5,11587.5,11587.5,11587.5,1
2020-08-25,MNQZ0,17706,11630.0,11739.5,11559.25,11729.75,1807
2020-08-26,MNQH1,6227,11746.75,11939.5,11746.75,11939.5,6
2020-08-26,MNQU0,13081,11747.5,12002.0,11726.5,11967.75,639504
2020-08-26,MNQU0-MNQZ0,6870,-15.8,-15.8,-16.0,-16.0,36
2020-08-26,MNQZ0,17706,11733.75,11985.0,11714.5,11950.0,2042
2020-08-27,MNQH1,6227,11940.0,11966.0,11832.0,11906.0,12
2020-08-27,MNQU0,13081,11967.25,12046.25,11834.5,11969.25,888827
2020-08-27,MNQU0-MNQZ0,6870,-15.6,-15.4,-15.8,-15.4,38
2020-08-27,MNQZ0,17706,11942.75,12031.0,11818.0,11957.0,2506
2020-08-28,MNQH1,6227,11936.25,11936.25,11936.25,11936.25,2
2020-08-28,MNQU0,13081,11969.5,12018.0,11920.25,12003.75,645416
2020-08-28,MNQU0-MNQZ0,6870,-14.9,-14.9,-15.4,-15.15,34
2020-08-28,MNQZ0,17706,11953.0,12000.5,11907.75,11988.0,1489
2020-08-30,MNQH1,6227,11994.75,11994.75,11994.75,11994.75,10
2020-08-30,MNQU0,13081,12003.0,12049.0,11995.0,12047.75,11599
2020-08-30,MNQZ0,17706,11990.25,12031.0,11984.5,12031.0,133
2020-08-31,MNQH1,6227,12000.0,12000.0,12000.0,12000.0,1
2020-08-31,MNQU0,13081,12048.25,12165.0,11988.25,12125.25,669832
2020-08-31,MNQU0-MNQZ0,6870,-14.25,-14.25,-14.7,-14.5,69
2020-08-31,MNQZ0,17706,12030.75,12150.0,11975.0,12110.75,2350
2020-09-01,MNQH1,6227,12152.75,12311.0,12125.0,12311.0,24
2020-09-01,MNQU0,13081,12126.0,12362.75,12125.0,12360.5,684334
2020-09-01,MNQU0-MNQZ0,6870,-15.8,-13.2,-16.0,-13.2,137
2020-09-01,MNQZ0,17706,12115.5,12348.75,12111.75,12348.75,3275
2020-09-02,MNQH1,6227,12347.25,12410.75,12174.5,12396.0,218
2020-09-02,MNQU0,13081,12360.25,12466.0,12172.25,12421.75,1180958
2020-09-02,MNQU0-MNQZ0,6870,-13.3,-13.3,-15.1,-14.3,63
2020-09-02,MNQZ0,17706,12341.0,12450.0,12160.0,12408.0,5679
2020-09-03,MNQH1,6227,12383.25,12383.25,11640.0,11640.0,110
2020-09-03,MNQM1,9485,11863.25,11863.25,11863.25,11863.25,1
2020-09-03,MNQU0,13081,12421.5,12421.5,11582.25,11601.0,1905680
2020-09-03,MNQU0-MNQZ0,6870,-14.55,-12.6,-14.55,-14.4,22
2020-09-03,MNQZ0,17706,12405.25,12405.25,11566.25,11580.0,11136
2020-09-04,MNQH1,6227,11610.0,11800.0,11125.0,11565.0,819
2020-09-04,MNQM1,9485,11610.0,11706.5,11600.0,11600.0,5
2020-09-04,MNQU0,13081,11601.25,11843.25,11141.25,11540.5,1593387
2020-09-04,MNQU0-MNQZ0,6870,-12.6,-12.2,-13.1,-13.1,18
2020-09-04,MNQZ0,17706,11592.25,11828.0,11128.0,11528.0,11405
2020-09-06,MNQU0,13081,11531.5,11548.5,11308.0,11417.25,40827
2020-09-06,MNQU0-MNQZ0,6870,-12.3,-12.3,-12.3,-12.3,1
2020-09-06,MNQZ0,17706,11504.25,11533.25,11294.25,11393.75,752
2020-09-07,MNQH1,6227,11428.0,11544.0,11428.0,11530.0,8
2020-09-07,MNQU0,13081,11418.25,11585.5,11371.0,11559.5,311981
2020-09-07,MNQU0-MNQZ0,6870,-13.0,-12.1,-14.1,-13.5,6
2020-09-07,MNQZ0,17706,11403.25,11573.25,11360.0,11545.5,1964
2020-09-08,MNQH1,6227,11500.0,11500.0,10910.25,10992.25,962
2020-09-08,MNQM1,9485,11177.75,11177.75,11038.5,11038.5,2
2020-09-08,MNQU0,13081,11559.5,11577.25,10935.0,11041.25,1415980
2020-09-08,MNQU0-MNQZ0,6870,-13.5,-12.0,-13.7,-12.8,167
2020-09-08,MNQZ0,17706,11551.0,11565.25,10925.0,11029.5,9874
2020-09-09,MNQH1,6227,11066.5,11450.0,11066.5,11412.0,66
2020-09-09,MNQM1,9485,11248.5,11300.0,11248.5,11300.0,2
2020-09-09,MNQU0,13081,11040.25,11478.75,11037.25,11443.5,974746
2020-09-09,MNQU0-MNQZ0,6870,-13.0,-12.2,-14.1,-13.0,32
2020-09-09,MNQZ0,17706,11030.5,11465.0,11030.5,11429.0,7973
2020-09-09,MNQZ0-MNQH1,95846,-8.5,-8.5,-9.0,-9.0,2
2020-09-10,MNQH1,6227,11353.0,11542.0,11103.75,11135.0,73
2020-09-10,MNQM1,9485,11297.75,11438.5,11297.75,11388.0,3
2020-09-10,MNQU0,13081,11444.25,11567.0,11087.75,11202.75,1128737
2020-09-10,MNQU0-MNQH1,95550,-23.25,-23.0,-23.25,-23.0,41
2020-09-10,MNQU0-MNQZ0,6870,-12.9,-11.4,-13.3,-12.5,271
2020-09-10,MNQZ0,17706,11428.25,11555.0,11076.0,11190.75,23838
2020-09-10,MNQZ0-MNQH1,95846,-10.0,-10.0,-10.0,-10.0,1
2020-09-11,MNQH1,6227,11212.0,11305.0,10921.25,11041.0,453
2020-09-11,MNQM1,9485,10984.0,10984.0,10984.0,10984.0,1
2020-09-11,MNQU0,13081,11203.0,11356.75,10937.5,11073.0,674178
2020-09-11,MNQU0-MNQZ0,6870,-12.5,-12.0,-13.4,-13.3,659
2020-09-11,MNQZ0,17706,11190.75,11344.0,10924.25,11063.0,315205
2020-09-11,MNQZ0-MNQH1,95846,-10.25,-10.25,-10.25,-10.25,1
2020-09-13,MNQH1,6227,11054.5,11155.0,11054.5,11155.0,24
2020-09-13,MNQU0,13081,11094.75,11194.5,11094.75,11185.5,10981
2020-09-13,MNQU0-MNQZ0,6870,-13.0,-12.75,-14.35,-14.3,18
2020-09-13,MNQZ0,17706,11082.75,11182.75,11082.75,11173.0,11211
2020-09-14,MNQH1,6227,11160.0,11327.0,11150.5,11280.0,145
2020-09-14,MNQM1,9485,11255.5,11300.0,11180.0,11220.0,22
2020-09-14,MNQU0,13081,11185.75,11362.25,11163.25,11298.0,280589
2020-09-14,MNQU0-MNQZ0,6870,-12.8,-11.45,-14.0,-13.0,936
2020-09-14,MNQZ0,17706,11174.25,11349.25,11150.0,11284.75,391283
2020-09-14,MNQZ0-MNQH1,95846,-5.8,-5.55,-5.8,-5.55,2
2020-09-15,MNQH1,6227,11240.75,11470.5,11226.0,11408.75,269
2020-09-15,MNQM1,9485,11280.0,11415.0,11280.0,11370.0,23
2020-09-15,MNQU0,13081,11297.5,11495.25,11247.25,11435.25,175083
2020-09-15,MNQU0-MNQZ0,6870,-13.5,-13.5,-15.05,-14.0,555
2020-09-15,MNQZ0,17706,11285.75,11481.5,11233.5,11421.5,487985
2020-09-16,MNQH1,6227,11418.25,11524.5,11219.0,11260.5,398
2020-09-16,MNQM1,9485,11450.0,11450.0,11250.0,11250.0,2
2020-09-16,MNQU0,13081,11436.0,11550.0,11237.25,11279.0,142638
2020-09-16,MNQU0-MNQZ0,6870,-14.3,-13.3,-14.45,-13.9,592
2020-09-16,MNQZ0,17706,11421.25,11536.75,11223.25,11268.75,653252
2020-09-17,MNQH1,6227,11258.0,11258.0,10894.75,11078.25,2567
2020-09-17,MNQM1,9485,11140.0,11140.0,10929.75,10995.5,28
2020-09-17,MNQU0,13081,11282.25,11286.5,10918.0,11085.0,139371
2020-09-17,MNQU0-MNQZ0,6870,-13.9,-13.1,-16.25,-15.45,971
2020-09-17,MNQU1,3601,11000.0,11000.0,11000.0,11000.0,1
2020-09-17,MNQZ0,17706,11268.0,11273.0,10903.5,11069.25,1025414
2020-09-17,MNQZ0-MNQH1,95846,-5.0,-5.0,-7.5,-6.75,11
2020-09-18,MNQH1,6227,11080.75,11150.0,10729.5,10924.0,3646
2020-09-18,MNQM1,9485,10807.25,10849.0,10807.25,10849.0,2
2020-09-18,MNQU0,13081,11082.0,11179.5,11036.5,11121.75,8744
2020-09-18,MNQU0-MNQZ0,6870,-15.7,-14.6,-20.2,-20.2,153
2020-09-18,MNQZ0,17706,11069.25,11162.5,10742.0,10938.0,1044131
2020-09-18,MNQZ0-MNQH1,95846,-8.3,-8.15,-9.0,-9.0,11
2020-09-20,MNQH1,6227,10895.75,10948.25,10844.25,10923.25,177
2020-09-20,MNQM1,9485,10860.75,10860.75,10860.75,10860.75,3
2020-09-20,MNQZ0,17706,10927.0,10966.0,10852.0,10931.25,30877
2020-09-21,MNQH1,6227,10920.25,11010.25,10647.25,11010.25,2510
2020-09-21,MNQM1,9485,10740.0,10740.0,10740.0,10740.0,1
2020-09-21,MNQU1,3601,10782.0,10782.0,10730.0,10760.0,4
2020-09-21,MNQZ0,17706,10931.5,11017.0,10656.75,11012.0,1213266
2020-09-21,MNQZ0-MNQH1,95846,-10.15,-7.65,-10.15,-7.65,41
2020-09-21,MNQZ1,1447,10800.0,10800.0,10800.0,10800.0,1
2020-09-22,MNQH1,6227,11000.5,11181.25,10895.75,11114.75,1605
2020-09-22,MNQM1,9485,10973.5,11066.5,10973.5,11066.5,3
2020-09-22,MNQZ0,17706,11012.25,11192.25,10897.25,11120.5,913461
2020-09-22,MNQZ0-MNQH1,95846,-7.45,-7.45,-7.45,-7.45,2
2020-09-23,MNQH1,6227,11112.0,11211.25,10725.5,10739.0,3675
2020-09-23,MNQM1,9485,11151.0,11151.0,10808.75,10808.75,4
2020-09-23,MNQZ0,17706,11121.0,11222.5,10725.0,10749.0,1013787
2020-09-23,MNQZ0-MNQH1,95846,-8.75,-7.65,-10.95,-10.95,100
2020-09-24,MNQH1,6227,10747.0,11005.75,10650.0,10941.5,2134
2020-09-24,MNQM1,9485,10767.75,10767.75,10767.75,10767.75,2
2020-09-24,MNQZ0,17706,10749.0,11011.75,10657.75,10950.75,1172714
2020-09-24,MNQZ0-MNQH1,95846,-8.35,-8.15,-8.35,-8.2,18
2020-09-24,MNQZ1,1447,10700.0,10700.0,10700.0,10700.0,1
2020-09-25,MNQH1,6227,10947.0,11158.25,10808.25,11122.0,1635
2020-09-25,MNQM1,9485,11010.75,11097.75,11010.75,11097.75,3
2020-09-25,MNQZ0,17706,10951.5,11169.0,10813.75,11135.75,873979
2020-09-25,MNQZ0-MNQH1,95846,-8.75,-8.75,-8.75,-8.75,6
2020-09-27,MNQH1,6227,11155.5,11173.25,11143.25,11148.0,134
2020-09-27,MNQZ0,17706,11140.0,11181.0,11136.0,11159.25,16649
2020-09-28,MNQH1,6227,11151.0,11409.5,11136.5,11409.5,1642
2020-09-28,MNQM1,9485,11224.0,11350.0,11224.0,11279.75,5
2020-09-28,MNQZ0,17706,11158.5,11423.0,11140.75,11418.25,681305
2020-09-28,MNQZ0-MNQH1,95846,-8.75,-8.75,-9.25,-9.25,3
2020-09-29,MNQH1,6227,11405.5,11438.0,11286.0,11328.5,925
2020-09-29,MNQM1,9485,11410.0,11410.0,11410.0,11410.0,1
2020-09-29,MNQZ0,17706,11418.75,11449.0,11289.75,11340.25,639269
2020-09-29,MNQZ0-MNQH1,95846,-9.5,-9.5,-9.6,-9.6,8
2020-09-30,MNQH1,6227,11335.0,11514.75,11157.75,11429.5,3018
2020-09-30,MNQM1,9485,11440.0,11484.5,11330.0,11370.0,15
2020-09-30,MNQZ0,17706,11339.75,11525.25,11167.5,11444.0,930521
2020-10-01,MNQH1,6227,11425.0,11594.25,11410.0,11558.5,2500
2020-10-01,MNQM1,9485,11490.0,11568.0,11490.0,11557.0,54
2020-10-01,MNQZ0,17706,11444.0,11604.75,11409.0,11571.5,741747
2020-10-01,MNQZ0-MNQH1,95846,-8.8,-8.8,-8.8,-8.8,5
2020-10-02,MNQH1,6227,11575.5,11576.0,11198.5,11244.5,3254
2020-10-02,MNQM1,9485,11380.0,11397.25,11300.0,11300.0,4
2020-10-02,MNQZ0,17706,11571.0,11589.75,11205.0,11254.25,1140544
2020-10-02,MNQZ0-MNQH1,95846,-9.4,-8.95,-9.4,-9.0,17
2020-10-04,MNQH1,6227,11300.0,11325.75,11274.5,11323.0,304
2020-10-04,MNQM1,9485,11304.75,11304.75,11304.75,11304.75,1
2020-10-04,MNQZ0,17706,11285.25,11337.0,11275.75,11331.75,24069
2020-10-05,MNQH1,6227,11322.5,11482.75,11276.75,11416.25,907
2020-10-05,MNQM1,9485,11333.0,11414.5,11333.0,11400.0,7
2020-10-05,MNQZ0,17706,11332.25,11496.75,11268.0,11435.0,633771
2020-10-05,MNQZ0-MNQH1,95846,-8.75,-8.75,-8.75,-8.75,4
2020-10-06,MNQH1,6227,11425.0,11514.25,11190.0,11250.0,1565
2020-10-06,MNQM1,9485,11420.0,11481.75,11393.75,11430.5,9
2020-10-06,MNQZ0,17706,11435.0,11524.25,11197.5,11256.0,1008071
2020-10-06,MNQZ0-MNQH1,95846,-9.0,-9.0,-9.0,-9.0,17
2020-10-07,MNQH1,6227,11243.75,11497.0,11240.0,11495.5,919
2020-10-07,MNQM1,9485,11333.0,11454.25,11333.0,11454.25,3
2020-10-07,MNQZ0,17706,11256.0,11507.5,11243.0,11500.75,656726
2020-10-07,MNQZ0-MNQH1,95846,-8.6,-7.65,-8.6,-8.35,4
2020-10-08,MNQH1,6227,11483.0,11573.75,11470.75,11570.25,951
2020-10-08,MNQM1,9485,11538.25,11538.25,11538.25,11538.25,1
2020-10-08,MNQZ0,17706,11500.75,11585.0,11473.5,11579.5,590925
2020-10-08,MNQZ0-MNQH1,95846,-8.85,-8.85,-8.85,-8.85,10
2020-10-09,MNQH1,6227,11573.75,11719.5,11545.0,11719.5,1143
2020-10-09,MNQM1,9485,11625.5,11625.5,11625.5,11625.5,1
2020-10-09,MNQZ0,17706,11579.25,11740.0,11553.0,11724.25,482380
2020-10-11,MNQH1,6227,11711.25,11740.25,11680.5,11740.0,234
2020-10-11,MNQZ0,17706,11728.75,11758.0,11691.75,11743.5,18541
2020-10-12,MNQH1,6227,11727.5,12189.5,11712.5,12103.75,2688
2020-10-12,MNQM1,9485,11850.5,12117.75,11850.5,12117.75,11
2020-10-12,MNQU1,3601,11970.0,11970.0,11970.0,11970.0,1
2020-10-12,MNQZ0,17706,11743.5,12197.0,11718.0,12109.25,909186
2020-10-12,MNQZ0-MNQH1,95846,-8.8,-8.8,-8.8,-8.8,5
2020-10-12,MNQZ0-MNQM1,77547,-29.45,-29.45,-31.35,-30.0,21
2020-10-13,MNQH1,6227,12077.25,12241.75,12011.25,12107.5,2477
2020-10-13,MNQM1,9485,12027.25,12224.75,12027.25,12155.25,60
2020-10-13,MNQZ0,17706,12109.25,12249.0,12018.0,12114.75,1028168
2020-10-14,MNQH1,6227,12101.0,12170.75,11900.0,11949.25,1441
2020-10-14,MNQM1,9485,12033.0,12033.0,11920.0,11943.25,6
2020-10-14,MNQZ0,17706,12115.0,12177.75,11901.75,11961.0,940487
2020-10-14,MNQZ0-MNQH1,95846,-8.3,-8.3,-8.3,-8.3,1
2020-10-14,MNQZ0-MNQM1,77547,-17.75,-17.75,-17.75,-17.75,20
2020-10-15,MNQH1,6227,11951.25,11951.25,11737.25,11912.0,1639
2020-10-15,MNQM1,9485,11768.5,11841.25,11768.5,11833.5,9
2020-10-15,MNQU1,3601,11833.75,11860.0,11833.75,11860.0,2
2020-10-15,MNQZ0,17706,11960.5,11968.5,11737.0,11915.5,910780
2020-10-16,MNQH1,6227,11902.75,12010.75,11783.25,11783.25,1040
2020-10-16,MNQM1,9485,11863.25,11973.25,11783.75,11783.75,9
2020-10-16,MNQU1,3601,11815.0,11815.0,11815.0,11815.0,1
2020-10-16,MNQZ0,17706,11915.25,12021.75,11792.25,11793.25,741366
2020-10-16,MNQZ0-MNQH1,95846,-8.3,-8.3,-8.5,-8.5,3
2020-10-18,MNQH1,6227,11827.0,11880.0,11822.5,11872.5,69
2020-10-18,MNQM1,9485,11865.0,11865.0,11865.0,11865.0,1
2020-10-18,MNQZ0,17706,11815.75,11888.75,11815.0,11873.0,20496
2020-10-19,MNQH1,6227,11866.75,11941.5,11587.0,11704.25,1887
2020-10-19,MNQM1,9485,11880.0,11920.0,11620.0,11701.25,32
2020-10-19,MNQU1,3601,11865.0,11865.0,11865.0,11865.0,1
2020-10-19,MNQZ0,17706,11872.75,11950.75,11592.0,11715.0,899157
2020-10-19,MNQZ0-MNQH1,95846,-8.75,-8.75,-8.75,-8.75,15
2020-10-19,MNQZ1,1447,11865.0,11865.0,11865.0,11865.0,1
2020-10-20,MNQH1,6227,11712.25,11777.0,11595.0,11689.25,1678
2020-10-20,MNQM1,9485,11701.25,11734.0,11601.25,11689.0,15
2020-10-20,MNQZ0,17706,11715.25,11792.0,11598.75,11703.75,913415
2020-10-20,MNQZ0-MNQH1,95846,-8.7,-8.6,-8.7,-8.6,6
2020-10-20,MNQZ0-MNQM1,77547,-20.0,-20.0,-20.0,-20.0,10
2020-10-21,MNQH1,6227,11700.5,11767.75,11575.0,11618.0,1275
2020-10-21,MNQM1,9485,11688.25,11688.25,11600.0,11600.0,25
2020-10-21,MNQZ0,17706,11704.25,11779.25,11581.25,11625.25,940705
2020-10-22,MNQH1,6227,11621.25,11710.0,11500.75,11659.0,1109
2020-10-22,MNQM1,9485,11588.0,11656.75,11528.0,11606.25,43
2020-10-22,MNQZ0,17706,11625.0,11723.75,11511.0,11664.75,894262
2020-10-22,MNQZ0-MNQH1,95846,-9.1,-9.1,-11.45,-11.45,3
2020-10-23,MNQH1,6227,11651.25,11682.75,11539.25,11662.75,943
2020-10-23,MNQM1,9485,11629.0,11644.5,11560.0,11644.5,26
2020-10-23,MNQZ0,17706,11664.25,11691.5,11550.5,11669.5,717641
2020-10-23,MNQZ0-MNQH1,95846,-6.25,-6.25,-8.35,-8.35,3
2020-10-25,MNQH1,6227,11625.0,11628.0,11569.75,11615.5,169
2020-10-25,MNQM1,9485,11581.75,11607.75,11581.75,11607.75,2
2020-10-25,MNQZ0,17706,11650.25,11651.0,11574.0,11627.25,26513
2020-10-25,MNQZ0-MNQH1,95846,-8.35,-8.35,-8.35,-8.35,2
2020-10-26,MNQH1,6227,11617.75,11685.5,11335.25,11482.0,1903
2020-10-26,MNQM1,9485,11550.0,11645.0,11350.0,11466.5,17
2020-10-26,MNQU1,3601,11603.5,11603.5,11603.5,11603.5,1
2020-10-26,MNQZ0,17706,11627.0,11695.75,11343.25,11489.25,929723
2020-10-26,MNQZ0-MNQH1,95846,-9.0,-9.0,-9.0,-9.0,1
2020-10-27,MNQH1,6227,11485.75,11610.5,11473.75,11530.0,1075
2020-10-27,MNQM1,9485,11500.0,11593.0,11477.5,11593.0,7
2020-10-27,MNQU1,3601,11522.25,11522.25,11522.25,11522.25,1
2020-10-27,MNQZ0,17706,11489.5,11623.0,11482.75,11537.75,800744
2020-10-28,MNQH1,6227,11530.75,11556.25,11113.5,11175.0,1327
2020-10-28,MNQM1,9485,11372.0,11372.0,11155.0,11160.0,29
2020-10-28,MNQZ0,17706,11538.25,11566.5,11124.0,11189.25,1051601
2020-10-28,MNQZ0-MNQH1,95846,-6.2,-6.1,-9.5,-9.5,4
2020-10-29,MNQH1,6227,11170.5,11446.0,11138.75,11205.25,1993
2020-10-29,MNQM1,9485,11179.0,11400.5,11176.75,11188.5,40
2020-10-29,MNQZ0,17706,11189.0,11457.75,11145.0,11214.25,958848
2020-10-29,MNQZ0-MNQH1,95846,-9.5,-9.5,-10.35,-10.35,7
2020-10-29,MNQZ1,1447,11150.0,11175.0,11150.0,11175.0,2
2020-10-30,MNQH1,6227,11197.5,11270.0,10936.75,11080.25,2299
2020-10-30,MNQM1,9485,11188.25,11216.0,10950.0,11005.0,11
2020-10-30,MNQU1,3601,11100.0,11100.0,11100.0,11100.0,1
2020-10-30,MNQZ0,17706,11214.0,11281.25,10944.25,11087.25,1342532
2020-10-30,MNQZ0-MNQH1,95846,-10.3,-10.3,-10.3,-10.3,3
2020-10-30,MNQZ0-MNQM1,77547,-23.4,-23.4,-23.4,-23.4,10
2020-11-01,MNQH1,6227,11014.5,11054.75,10978.5,10987.75,79
2020-11-01,MNQZ0,17706,11039.0,11069.0,10982.0,10999.0,26345
2020-11-02,MNQH1,6227,10990.25,11202.5,10937.0,11078.25,1995
2020-11-02,MNQM1,9485,10985.0,11112.0,10959.0,10959.0,17
2020-11-02,MNQU1,3601,10950.0,10950.0,10950.0,10950.0,1
2020-11-02,MNQZ0,17706,10999.25,11212.0,10942.25,11087.75,1093616
2020-11-02,MNQZ0-MNQH1,95846,-9.95,-9.85,-9.95,-9.95,26
2020-11-03,MNQH1,6227,11082.0,11337.75,11060.0,11309.5,1519
2020-11-03,MNQM1,9485,11129.5,11277.0,11099.25,11270.0,16
2020-11-03,MNQU1,3601,11072.25,11072.25,11072.25,11072.25,1
2020-11-03,MNQZ0,17706,11088.0,11347.25,11066.25,11318.0,932845
2020-11-03,MNQZ0-MNQH1,95846,-11.65,-11.65,-11.65,-11.65,1
2020-11-04,MNQH1,6227,11310.0,11837.75,11230.0,11782.25,4721
2020-11-04,MNQM1,9485,11692.0,11770.0,11438.75,11770.0,61
2020-11-04,MNQZ0,17706,11317.75,11845.25,11230.0,11795.75,1333534
2020-11-04,MNQZ0-MNQH1,95846,-9.2,-7.55,-9.2,-7.55,3
2020-11-05,MNQH1,6227,11790.5,12103.25,11770.25,12058.5,3133
2020-11-05,MNQM1,9485,11777.0,12080.0,11777.0,12026.75,59
2020-11-05,MNQU1,3601,11870.0,12060.75,11870.0,12060.75,3
2020-11-05,MNQZ0,17706,11795.25,12118.5,11771.25,12067.5,1092851
2020-11-05,MNQZ0-MNQH1,95846,-8.5,-8.5,-8.5,-8.5,4
2020-11-06,MNQH1,6227,12045.5,12098.75,11863.25,12079.75,1285
2020-11-06,MNQM1,9485,12017.0,12082.25,11885.0,12082.25,26
2020-11-06,MNQU1,3601,11960.25,11960.25,11960.25,11960.25,2
2020-11-06,MNQZ0,17706,12067.0,12109.0,11869.5,12095.5,1258774
2020-11-08,MNQH1,6227,12111.0,12249.25,12111.0,12229.25,217
2020-11-08,MNQM1,9485,12145.0,12199.75,12145.0,12199.75,6
2020-11-08,MNQZ0,17706,12134.75,12258.5,12122.0,12233.25,39737
2020-11-08,MNQZ0-MNQH1,95846,-11.95,-11.95,-11.95,-11.95,2
2020-11-09,MNQH1,6227,12230.0,12399.0,11814.75,11843.25,4054
2020-11-09,MNQM1,9485,12210.0,12355.0,11857.75,11867.0,79
2020-11-09,MNQU1,3601,12236.0,12245.0,12152.25,12231.75,7
2020-11-09,MNQZ0,17706,12233.0,12408.0,11812.75,11855.0,1571270
2020-11-09,MNQZ0-MNQH1,95846,-7.9,-7.9,-9.0,-8.0,22
2020-11-09,MNQZ1,1447,11990.0,11990.0,11990.0,11990.0,1
2020-11-10,MNQH1,6227,11836.0,11883.5,11496.0,11579.0,2267
2020-11-10,MNQM1,9485,11730.0,11730.0,11500.0,11596.5,6
2020-11-10,MNQU1,3601,11626.75,11699.25,11553.0,11606.5,6
2020-11-10,MNQZ0,17706,11855.75,11893.75,11503.0,11598.25,1851319
2020-11-10,MNQZ0-MNQH1,95846,-9.2,-7.8,-9.2,-8.0,64
2020-11-11,MNQH1,6227,11586.0,11909.0,11570.0,11880.5,1555
2020-11-11,MNQM1,9485,11656.5,11880.0,11580.0,11876.5,21
2020-11-11,MNQU1,3601,11700.0,11890.75,11700.0,11890.75,2
2020-11-11,MNQZ0,17706,11597.75,11919.5,11575.0,11897.25,1105847
2020-11-11,MNQZ0-MNQH1,95846,-7.8,-7.45,-7.8,-7.45,7
2020-11-11,MNQZ1,1447,11745.0,11750.0,11745.0,11750.0,2
2020-11-12,MNQH1,6227,11892.0,11962.5,11770.0,11847.75,1196
2020-11-12,MNQM1,9485,11786.0,11934.75,11760.0,11840.0,21
2020-11-12,MNQZ0,17706,11896.5,11975.0,11775.75,11852.25,1082839
2020-11-12,MNQZ0-MNQH1,95846,-7.4,-7.1,-7.4,-7.35,19
2020-11-13,MNQH1,6227,11843.0,11945.0,11795.0,11936.0,884
2020-11-13,MNQM1,9485,11811.0,11910.0,11781.5,11910.0,12
2020-11-13,MNQU1,3601,11830.0,11830.0,11830.0,11830.0,1
2020-11-13,MNQZ0,17706,11853.5,11952.75,11801.75,11947.0,873421
2020-11-13,MNQZ0-MNQH1,95846,-7.2,-7.1,-7.2,-7.1,11
2020-11-13,MNQZ1,1447,11899.0,11899.0,11855.0,11855.0,2
2020-11-15,MNQH1,6227,11950.0,12052.0,11950.0,12037.0,138
2020-11-15,MNQM1,9485,11975.25,12040.25,11975.25,12040.25,4
2020-11-15,MNQZ0,17706,11953.5,12065.25,11953.5,12046.25,22130
2020-11-16,MNQH1,6227,12037.5,12085.0,11850.0,12045.0,1170
2020-11-16,MNQM1,9485,12005.0,12050.0,11878.25,12050.0,13
2020-11-16,MNQZ0,17706,12046.5,12093.0,11853.25,12049.5,882013
2020-11-16,MNQZ0-MNQH1,95846,-6.4,-6.2,-6.4,-6.2,63
2020-11-17,MNQH1,6227,12049.25,12050.25,11949.0,11978.5,558
2020-11-17,MNQM1,9485,12007.0,12025.0,12007.0,12025.0,3
2020-11-17,MNQZ0,17706,12050.0,12058.5,11954.25,11980.0,865096
2020-11-17,MNQZ0-MNQH1,95846,-6.1,-5.75,-6.1,-5.75,9
2020-11-17,MNQZ1,1447,11965.0,11965.0,11965.0,11965.0,2
2020-11-18,MNQH1,6227,11964.25,12021.0,11861.5,11878.5,980
2020-11-18,MNQM1,9485,11935.0,11935.0,11877.5,11877.5,3
2020-11-18,MNQZ0,17706,11980.25,12027.75,11862.5,11881.25,915576
2020-11-18,MNQZ0-MNQH1,95846,-5.75,-5.75,-5.75,-5.75,5
2020-11-19,MNQH1,6227,11870.0,11992.75,11800.0,11934.5,1109
2020-11-19,MNQM1,9485,11858.0,11890.5,11839.25,11890.5,8
2020-11-19,MNQZ0,17706,11881.25,12000.0,11804.5,11938.25,847383
2020-11-19,MNQZ0-MNQH1,95846,-5.35,-5.35,-5.35,-5.35,7
2020-11-20,MNQH1,6227,11938.0,12015.75,11867.25,11898.25,636
2020-11-20,MNQM1,9485,11923.5,11963.25,11873.25,11873.25,8
2020-11-20,MNQZ0,17706,11938.0,12021.5,11873.25,11912.0,713308
2020-11-20,MNQZ1,1447,11970.0,11970.0,11970.0,11970.0,1
2020-11-22,MNQH1,6227,11893.5,11930.0,11893.5,11929.25,49
2020-11-22,MNQZ0,17706,11907.75,11935.5,11882.5,11932.25,11426
2020-11-23,MNQH1,6227,11925.25,11990.0,11804.75,11945.0,1229
2020-11-23,MNQM1,9485,11948.0,11956.25,11800.0,11862.5,8
2020-11-23,MNQZ0,17706,11932.0,12001.75,11808.25,11952.75,780302
2020-11-23,MNQZ0-MNQH1,95846,-5.6,-5.6,-6.0,-6.0,6
2020-11-24,MNQH1,6227,11950.0,12121.0,11868.5,12118.5,1378
2020-11-24,MNQM1,9485,11936.0,12019.75,11923.75,12009.25,16
2020-11-24,MNQZ0,17706,11952.5,12128.25,11872.5,12127.0,673668
2020-11-24,MNQZ0-MNQH1,95846,-7.0,-5.2,-7.0,-5.2,3
2020-11-25,MNQH1,6227,12118.5,12180.25,12072.5,12180.25,1203
2020-11-25,MNQM1,9485,12149.0,12170.5,12074.25,12170.5,14
2020-11-25,MNQU1,3601,12100.0,12100.0,12100.0,12100.0,1
2020-11-25,MNQZ0,17706,12126.5,12187.0,12078.5,12180.5,640940
2020-11-25,MNQZ0-MNQH1,95846,-5.9,-5.9,-7.0,-7.0,2
2020-11-26,MNQH1,6227,12178.0,12215.0,12125.0,12150.0,432
2020-11-26,MNQM1,9485,12173.0,12173.0,12173.0,12173.0,1
2020-11-26,MNQZ0,17706,12180.5,12222.5,12126.5,12155.5,137586
2020-11-26,MNQZ0-MNQH1,95846,0.5,0.5,0.5,0.5,2
2020-11-27,MNQH1,6227,12146.75,12302.75,12132.0,12264.25,690
2020-11-27,MNQM1,9485,12179.0,12292.5,12179.0,12266.25,15
2020-11-27,MNQZ0,17706,12155.5,12307.75,12137.0,12274.5,378962
2020-11-29,MNQH1,6227,12272.5,12328.0,12272.5,12315.0,115
2020-11-29,MNQM1,9485,12305.0,12305.0,12305.0,12305.0,1
2020-11-29,MNQZ0,17706,12286.25,12336.75,12286.0,12317.75,14383
2020-11-29,MNQZ0-MNQH1,95846,-5.45,-4.4,-5.45,-4.4,5
2020-11-30,MNQH1,6227,12313.25,12343.25,12080.75,12341.25,2217
2020-11-30,MNQM1,9485,12254.75,12308.75,12100.0,12308.75,35
2020-11-30,MNQZ0,17706,12317.75,12350.5,12085.75,12349.75,932580
2020-11-30,MNQZ0-MNQH1,95846,-4.9,-2.7,-6.0,-5.05,678
2020-12-01,MNQH1,6227,12345.0,12507.25,12330.75,12446.75,3066
2020-12-01,MNQM1,9485,12330.0,12490.0,12319.25,12444.75,427
2020-12-01,MNQZ0,17706,12349.75,12512.5,12334.0,12451.75,947676
2020-12-01,MNQZ0-MNQH1,95846,-5.0,-4.0,-5.0,-4.1,86
2020-12-01,MNQZ1,1447,12400.0,12400.0,12400.0,12400.0,1
2020-12-02,MNQH1,6227,12446.75,12484.75,12310.75,12463.0,2555
2020-12-02,MNQM1,9485,12433.0,12460.0,12300.0,12454.75,230
2020-12-02,MNQZ0,17706,12451.75,12486.0,12313.75,12467.0,852967
2020-12-02,MNQZ0-MNQH1,95846,-4.2,-3.1,-4.2,-3.1,3
2020-12-02,MNQZ0-MNQM1,77547,-14.25,-14.25,-14.25,-14.25,1
2020-12-03,MNQH1,6227,12463.5,12536.5,12443.5,12486.25,2034
2020-12-03,MNQM1,9485,12452.0,12520.0,12430.0,12474.5,693
2020-12-03,MNQU1,3601,12506.25,12506.25,12463.0,12463.0,2
2020-12-03,MNQZ0,17706,12466.75,12540.25,12443.5,12486.0,714377
2020-12-03,MNQZ0-MNQH1,95846,-3.1,-2.05,-3.1,-2.45,64
2020-12-04,MNQH1,6227,12487.5,12533.25,12445.25,12504.25,1889
2020-12-04,MNQM1,9485,12479.0,12508.75,12440.75,12485.0,72
2020-12-04,MNQU1,3601,12461.0,12461.0,12460.0,12460.0,2
2020-12-04,MNQZ0,17706,12486.5,12535.5,12448.5,12511.0,588089
2020-12-04,MNQZ0-MNQH1,95846,-2.9,-2.6,-3.15,-2.6,50
2020-12-06,MNQH1,6227,12516.75,12567.25,12516.75,12545.25,162
2020-12-06,MNQM1,9485,12535.0,12540.5,12535.0,12538.0,162
2020-12-06,MNQZ0,17706,12523.75,12569.0,12522.5,12545.5,15017
2020-12-06,MNQZ0-MNQH1,95846,-2.7,-2.5,-2.7,-2.5,5
2020-12-07,MNQH1,6227,12544.0,12609.25,12473.25,12572.75,2215
2020-12-07,MNQM1,9485,12533.75,12596.5,12500.75,12570.0,294
2020-12-07,MNQU1,3601,12542.5,12542.5,12542.5,12542.5,1
2020-12-07,MNQZ0,17706,12545.25,12612.25,12475.0,12576.0,633000
2020-12-07,MNQZ0-MNQH1,95846,-2.3,-2.0,-2.9,-2.0,136
2020-12-08,MNQH1,6227,12573.5,12670.0,12500.5,12646.5,3683
2020-12-08,MNQM1,9485,12554.25,12640.25,12495.0,12638.0,641
2020-12-08,MNQZ0,17706,12575.75,12674.75,12502.5,12648.0,721319
2020-12-08,MNQZ0-MNQH1,95846,-2.45,-1.8,-2.6,-2.45,143
2020-12-09,MNQH1,6227,12647.0,12663.75,12306.0,12360.75,7818
2020-12-09,MNQM1,9485,12646.25,12654.0,12295.0,12348.0,474
2020-12-09,MNQU1,3601,12608.0,12637.5,12310.0,12310.0,6
2020-12-09,MNQZ0,17706,12648.25,12665.75,12306.5,12364.0,1244395
2020-12-09,MNQZ0-MNQH1,95846,-2.65,-1.2,-2.65,-1.4,269
2020-12-09,MNQZ0-MNQM1,77547,-15.0,-15.0,-15.0,-15.0,10
2020-12-10,MNQH1,6227,12363.25,12447.5,12217.0,12402.0,38830
2020-12-10,MNQM1,9485,12352.25,12432.0,12209.5,12377.5,307
2020-12-10,MNQU1,3601,12333.25,12397.0,12245.0,12397.0,6
2020-12-10,MNQZ0,17706,12364.0,12449.0,12218.0,12404.0,1051432
2020-12-10,MNQZ0-MNQH1,95846,-1.6,-0.9,-2.1,-0.9,300
2020-12-10,MNQZ0-MNQM1,77547,-15.9,-15.9,-15.9,-15.9,2
2020-12-11,MNQH1,6227,12401.75,12413.5,12233.75,12367.25,471454
2020-12-11,MNQH1-MNQM1,77550,-14.95,-14.95,-14.95,-14.95,1
2020-12-11,MNQM1,9485,12394.5,12395.0,12220.0,12362.5,146
2020-12-11,MNQU1,3601,12255.0,12262.25,12255.0,12262.25,2
2020-12-11,MNQZ0,17706,12405.0,12414.5,12234.25,12368.25,391889
2020-12-11,MNQZ0-MNQH1,95846,-0.9,0.6,-1.5,0.35,802
2020-12-13,MNQH1,6227,12393.75,12443.25,12393.75,12417.25,7783
2020-12-13,MNQM1,9485,12402.5,12414.75,12390.0,12390.0,20
2020-12-13,MNQZ0,17706,12392.75,12445.0,12392.75,12417.0,6590
2020-12-13,MNQZ0-MNQH1,95846,0.65,2.25,-0.2,1.1,438
2020-12-14,MNQH1,6227,12417.75,12549.75,12388.75,12480.25,573873
2020-12-14,MNQH1-MNQM1,77550,-15.5,-15.5,-15.5,-15.5,6
2020-12-14,MNQM1,9485,12400.0,12532.75,12380.0,12465.5,341
2020-12-14,MNQU1,3601,12421.0,12421.0,12421.0,12421.0,1
2020-12-14,MNQZ0,17706,12417.5,12549.25,12386.5,12474.5,232444
2020-12-14,MNQZ0-MNQH1,95846,1.0,7.2,0.7,7.2,1776
2020-12-15,MNQH1,6227,12481.0,12611.5,12423.5,12595.75,626764
2020-12-15,MNQH1-MNQM1,77550,-15.95,-15.95,-15.95,-15.95,1
2020-12-15,MNQM1,9485,12459.75,12592.0,12426.75,12576.75,393
2020-12-15,MNQU1,3601,12554.0,12554.0,12554.0,12554.0,1
2020-12-15,MNQZ0,17706,12474.75,12607.0,12417.0,12593.0,187014
2020-12-15,MNQZ0-MNQH1,95846,6.85,10.5,2.2,2.2,1952
2020-12-16,MNQH1,6227,12595.75,12704.75,12571.25,12683.5,567737
2020-12-16,MNQH1-MNQM1,77550,-15.7,-15.7,-15.7,-15.7,1
2020-12-16,MNQM1,9485,12580.75,12688.0,12560.0,12670.25,683
2020-12-16,MNQU1,3601,12602.0,12660.0,12570.0,12660.0,5
2020-12-16,MNQZ0,17706,12593.0,12700.0,12567.0,12678.25,110455
2020-12-16,MNQZ0-MNQH1,95846,2.25,6.25,1.65,5.5,1909
2020-12-17,MNQH1,6227,12683.5,12766.75,12672.0,12750.75,551206
2020-12-17,MNQH1-MNQM1,77550,-15.9,-12.75,-15.9,-12.75,2
2020-12-17,MNQM1,9485,12662.75,12752.25,12656.75,12731.0,532
2020-12-17,MNQU1,3601,12678.75,12729.75,12678.75,12729.75,3
2020-12-17,MNQZ0,17706,12678.25,12766.5,12667.5,12750.75,54104
2020-12-17,MNQZ0-MNQH1,95846,5.5,5.5,-1.2,0.15,1070
2020-12-17,MNQZ0-MNQM1,77547,-15.5,-15.25,-15.5,-15.25,3
2020-12-18,MNQH1,6227,12750.75,12789.25,12610.0,12749.0,747146
2020-12-18,MNQH1-MNQM1,77550,-12.0,-12.0,-13.0,-12.95,22
2020-12-18,MNQM1,9485,12725.0,12771.25,12597.75,12739.75,970
2020-12-18,MNQU1,3601,12720.0,12728.75,12661.25,12661.25,6
2020-12-18,MNQZ0,17706,12750.75,12820.0,12710.0,12820.0,6372
2020-12-18,MNQZ0-MNQH1,95846,0.15,0.5,-6.0,-1.25,98
2020-12-18,MNQZ1,1447,12622.0,12622.0,12594.0,12594.0,2
2020-12-20,MNQH1,6227,12756.0,12783.5,12725.0,12749.75,13859
2020-12-20,MNQM1,9485,12750.0,12750.0,12715.0,12739.75,40
2020-12-21,MNQH1,6227,12749.5,12775.0,12461.0,12702.0,1055918
2020-12-21,MNQM1,9485,12739.0,12757.75,12447.0,12688.5,1247
2020-12-21,MNQU1,3601,12712.5,12731.25,12528.5,12667.5,12
2020-12-22,MNQH1,6227,12702.25,12760.0,12593.75,12721.0,845842
2020-12-22,MNQM1,9485,12689.0,12744.0,12577.5,12705.0,1171
2020-12-22,MNQU1,3601,12710.25,12710.25,12588.75,12690.25,19
2020-12-23,MNQH1,6227,12720.75,12739.0,12621.5,12655.5,597991
2020-12-23,MNQH1-MNQM1,77550,-15.0,-15.0,-15.35,-15.35,30
2020-12-23,MNQM1,9485,12700.25,12722.0,12607.0,12635.75,900
2020-12-23,MNQU1,3601,12690.25,12690.25,12630.0,12630.0,7
2020-12-24,MNQH1,6227,12655.75,12724.0,12631.5,12704.75,282466
2020-12-24,MNQM1,9485,12638.25,12708.0,12628.0,12689.0,375
2020-12-24,MNQU1,3601,12661.5,12681.0,12661.5,12681.0,2
2020-12-27,MNQH1,6227,12677.0,12751.0,12651.75,12735.0,12756
2020-12-27,MNQM1,9485,12700.0,12735.0,12700.0,12722.5,67
2020-12-28,MNQH1,6227,12735.0,12855.75,12725.25,12852.5,516995
2020-12-28,MNQH2,7575,12830.0,12830.0,12830.0,12830.0,1
2020-12-28,MNQM1,9485,12724.25,12837.0,12714.75,12835.0,933
2020-12-28,MNQU1,3601,12735.0,12820.0,12735.0,12820.0,15
2020-12-28,MNQZ1,1447,12761.0,12780.0,12760.0,12777.25,5
2020-12-29,MNQH1,6227,12852.5,12918.25,12807.75,12845.25,675208
2020-12-29,MNQH1-MNQM1,77550,-15.4,-15.4,-15.4,-15.4,10
2020-12-29,MNQM1,9485,12841.0,12902.25,12797.0,12835.0,1270
2020-12-29,MNQU1,3601,12839.5,12869.75,12830.0,12830.0,8
2020-12-29,MNQZ1,1447,12879.5,12879.5,12879.5,12879.5,1
2020-12-30,MNQH1,6227,12846.25,12909.75,12820.5,12849.25,487357
2020-12-30,MNQH1-MNQM1,77550,-15.1,-15.1,-15.2,-15.2,30
2020-12-30,MNQM1,9485,12825.25,12893.25,12806.75,12836.0,779
2020-12-30,MNQU1,3601,12863.0,12863.0,12863.0,12863.0,1
2020-12-30,MNQZ1,1447,12865.0,12865.0,12865.0,12865.0,1
2020-12-31,MNQH1,6227,12850.0,12895.5,12796.25,12885.0,372700
2020-12-31,MNQH1-MNQM1,77550,-14.75,-14.75,-14.75,-14.75,11
2020-12-31,MNQM1,9485,12837.75,12884.25,12785.0,12867.0,502
2021-01-03,MNQH1,6227,12888.25,12905.0,12852.25,12864.5,14426
2021-01-03,MNQM1,9485,12884.5,12885.75,12840.0,12845.25,87
2021-01-04,MNQH1,6227,12864.5,12960.0,12522.0,12675.5,910435
2021-01-04,MNQH1-MNQM1,77550,-15.45,-15.25,-15.45,-15.25,22
2021-01-04,MNQM1,9485,12845.25,12941.0,12507.0,12662.25,2288
2021-01-04,MNQU1,3601,12897.5,12925.0,12595.0,12650.0,10
2021-01-04,MNQZ1,1447,12820.0,12860.5,12820.0,12860.5,3
2021-01-05,MNQH1,6227,12675.25,12810.0,12611.75,12795.5,790064
2021-01-05,MNQH1-MNQM1,77550,-15.5,-14.55,-15.5,-14.55,26
2021-01-05,MNQM1,9485,12666.0,12793.5,12598.75,12778.5,1235
2021-01-05,MNQU1,3601,12690.0,12777.75,12670.0,12777.75,4
2021-01-05,MNQZ1,1447,12690.5,12690.5,12690.5,12690.5,2
2021-01-06,MNQH1,6227,12795.25,12844.5,12491.25,12673.5,1327034
2021-01-06,MNQM1,9485,12785.75,12825.25,12485.0,12646.0,2239
2021-01-06,MNQU1,3601,12666.0,12757.5,12517.5,12652.0,11
2021-01-06,MNQZ1,1447,12701.0,12701.0,12701.0,12701.0,1
2021-01-07,MNQH1,6227,12673.25,12958.75,12656.5,12939.0,787396
2021-01-07,MNQM1,9485,12665.0,12944.5,12646.0,12924.0,1589
2021-01-07,MNQU1,3601,12712.0,12712.0,12712.0,12712.0,3
2021-01-07,MNQZ1,1447,12860.0,12867.0,12860.0,12867.0,3
2021-01-08,MNQH1,6227,12939.25,13125.25,12927.5,13125.25,945335
2021-01-08,MNQM1,9485,12930.0,13107.0,12915.0,13106.25,2991
2021-01-08,MNQU1,3601,12930.0,13023.75,12930.0,12980.0,26
2021-01-08,MNQZ1,1447,12972.75,13003.0,12972.75,13003.0,6
2021-01-10,MNQH1,6227,13098.75,13105.5,13070.5,13083.25,12991
2021-01-10,MNQM1,9485,13080.25,13085.5,13060.75,13063.75,43
2021-01-11,MNQH1,6227,13082.25,13095.75,12872.0,12922.75,819338
2021-01-11,MNQH1-MNQM1,77550,-13.4,-13.4,-13.8,-13.8,22
2021-01-11,MNQM1,9485,13064.0,13075.0,12856.25,12906.0,1129
2021-01-11,MNQU1,3601,13025.0,13025.0,12900.0,12901.5,36
2021-01-11,MNQZ1,1447,12900.25,12900.25,12875.0,12875.0,2
2021-01-12,MNQH1,6227,12923.0,12959.0,12767.0,12897.5,686761
2021-01-12,MNQH1-MNQM1,77550,-13.7,-13.7,-13.7,-13.7,2
2021-01-12,MNQM1,9485,12905.75,12944.0,12755.0,12886.75,967
2021-01-12,MNQU1,3601,12890.0,12941.75,12783.75,12783.75,6
2021-01-12,MNQZ1,1447,12800.0,12800.0,12800.0,12800.0,1
2021-01-13,MNQH1,6227,12897.75,13003.0,12820.5,12970.75,588938
2021-01-13,MNQH1-MNQM1,77550,-13.75,-13.75,-13.75,-13.75,3
2021-01-13,MNQM1,9485,12887.25,12987.75,12807.0,12962.75,934
2021-01-13,MNQU1,3601,12888.0,12960.0,12888.0,12952.0,33
2021-01-13,MNQZ1,1447,12950.0,12950.0,12950.0,12950.0,2
2021-01-14,MNQH1,6227,12971.25,13028.75,12880.75,12917.75,625455
2021-01-14,MNQH1-MNQM1,77550,-12.75,-12.75,-13.15,-13.15,12
2021-01-14,MNQM1,9485,12968.0,13013.25,12868.5,12906.5,850
2021-01-14,MNQU1,3601,12962.0,12990.0,12900.0,12900.0,8
2021-01-14,MNQZ1,1447,12918.0,12918.0,12918.0,12918.0,1
2021-01-15,MNQH1,6227,12917.25,12930.75,12743.25,12764.5,769568
2021-01-15,MNQH1-MNQM1,77550,-13.15,-13.15,-13.15,-13.15,1
2021-01-15,MNQM1,9485,12901.0,12915.0,12734.0,12742.0,1329
2021-01-15,MNQU1,3601,12835.0,12841.5,12747.0,12802.0,6
2021-01-15,MNQZ1,1447,12850.0,12850.0,12797.75,12797.75,2
2021-01-17,MNQH1,6227,12774.0,12796.25,12734.0,12746.75,18367
2021-01-17,MNQM1,9485,12760.5,12781.0,12722.0,12734.5,104
2021-01-18,MNQH1,6227,12746.25,12835.25,12727.0,12832.25,153072
2021-01-18,MNQM1,9485,12721.75,12816.0,12714.0,12816.0,296
2021-01-18,MNQU1,3601,12760.25,12760.25,12760.25,12760.25,1
2021-01-19,MNQH1,6227,12832.0,13056.25,12831.75,13050.5,697278
2021-01-19,MNQM1,9485,12825.0,13040.0,12823.0,13033.0,1394
2021-01-19,MNQU1,3601,12808.25,12993.75,12808.25,12993.75,7
2021-01-19,MNQZ1,1447,12819.0,13002.75,12819.0,13002.75,4
2021-01-20,MNQH1,6227,13050.25,13327.25,13018.0,13315.25,633211
2021-01-20,MNQH1-MNQM1,77550,-13.95,-13.95,-13.95,-13.95,1
2021-01-20,MNQM1,9485,13028.75,13313.0,13006.0,13302.0,5015
2021-01-20,MNQU1,3601,13026.0,13292.0,13026.0,13292.0,21
2021-01-20,MNQZ1,1447,13060.0,13282.0,13033.0,13282.0,10
2021-01-21,MNQH1,6227,13314.75,13423.75,13283.0,13384.5,672924
2021-01-21,MNQH1-MNQM1,77550,-14.05,-14.05,-15.55,-15.55,3
2021-01-21,MNQM1,9485,13297.5,13408.5,13270.0,13369.75,2937
2021-01-21,MNQU1,3601,13300.0,13375.0,13300.0,13375.0,12
2021-01-21,MNQZ1,1447,13315.75,13341.5,13255.0,13255.0,7
2021-01-22,MNQH1,6227,13384.0,13396.0,13300.0,13352.5,628286
2021-01-22,MNQM1,9485,13372.0,13380.75,13288.0,13339.0,1149
2021-01-22,MNQU1,3601,13347.0,13372.25,13302.0,13339.75,20
2021-01-24,MNQH1,6227,13366.0,13408.75,13365.5,13398.75,10779
2021-01-24,MNQM1,9485,13352.5,13392.0,13352.5,13384.0,78
2021-01-25,MNQH1,6227,13398.75,13555.0,13189.0,13462.75,1107987
2021-01-25,MNQH1-MNQM1,77550,-13.25,-12.65,-13.5,-13.1,73
2021-01-25,MNQM1,9485,13384.0,13539.0,13181.0,13450.0,3691
2021-01-25,MNQU1,3601,13430.5,13510.0,13196.0,13350.0,32
2021-01-26,MNQH1,6227,13462.25,13599.75,13380.75,13560.0,868135
2021-01-26,MNQM1,9485,13447.25,13585.0,13370.0,13545.0,2003
2021-01-26,MNQU1,3601,13430.0,13555.5,13380.0,13555.5,8
2021-01-26,MNQZ1,1447,13445.0,13453.0,13430.5,13430.5,3
2021-01-27,MNQH1,6227,13560.25,13573.0,12882.5,12978.75,1303612
2021-01-27,MNQH1-MNQM1,77550,-13.3,-13.0,-13.3,-13.25,31
2021-01-27,MNQM1,9485,13547.0,13556.75,12867.0,12965.0,2879
2021-01-27,MNQU1,3601,13546.0,13546.0,12987.0,12987.0,30
2021-01-27,MNQZ1,1447,13397.0,13397.0,13000.0,13000.0,5
2021-01-28,MNQH1,6227,12979.0,13394.0,12906.25,13137.5,1198668
2021-01-28,MNQH1-MNQM1,77550,-13.3,-13.3,-13.95,-13.3,19
2021-01-28,MNQM1,9485,12982.5,13379.75,12894.75,13119.25,2463
2021-01-28,MNQU1,3601,12981.25,13350.0,12980.0,13110.0,19
2021-01-28,MNQZ1,1447,13000.0,13332.0,13000.0,13332.0,5
2021-01-29,MNQH1,6227,13137.75,13166.25,12830.0,12871.5,1697036
2021-01-29,MNQH1-MNQM1,77550,-13.65,-13.65,-13.65,-13.65,5
2021-01-29,MNQM1,9485,13129.0,13151.0,12816.75,12860.0,2977
2021-01-29,MNQU1,3601,13057.25,13057.25,12849.0,12900.75,21
2021-01-29,MNQZ1,1447,13130.0,13130.0,12850.0,12850.0,10
2021-01-31,MNQH1,6227,12850.0,12862.75,12726.75,12794.0,40016
2021-01-31,MNQH1-MNQM1,77550,-13.7,-13.7,-13.8,-13.8,3
2021-01-31,MNQM1,9485,12847.0,12852.5,12711.75,12772.0,382
2021-01-31,MNQU1,3601,12732.25,12774.0,12727.5,12774.0,3
2021-01-31,MNQZ1,1447,12750.0,12777.0,12750.0,12777.0,2
2021-02-01,MNQH1,6227,12794.5,13276.5,12783.5,13262.0,1017833
2021-02-01,MNQH1-MNQM1,77550,-13.85,-13.85,-14.15,-14.15,7
2021-02-01,MNQM1,9485,12782.5,13258.75,12775.75,13250.0,2367
2021-02-01,MNQU1,3601,12880.0,13250.0,12880.0,13250.0,12
2021-02-01,MNQZ1,1447,12910.0,13235.0,12910.0,13235.0,6
2021-02-02,MNQH1,6227,13261.5,13515.0,13231.5,13488.25,792674
2021-02-02,MNQH1-MNQM1,77550,-13.8,-13.0,-14.2,-13.0,14
2021-02-02,MNQM1,9485,13242.75,13495.0,13220.0,13475.25,1783
2021-02-02,MNQU1,3601,13311.5,13461.0,13311.5,13461.0,6
2021-02-02,MNQZ1,1447,13344.0,13435.25,13344.0,13435.25,2
2021-02-03,MNQH1,6227,13488.75,13584.25,13387.0,13444.0,835725
2021-02-03,MNQH1-MNQM1,77550,-13.0,-13.0,-14.1,-14.1,6
2021-02-03,MNQM1,9485,13470.0,13572.5,13373.5,13430.0,1596
2021-02-03,MNQU1,3601,13520.0,13524.75,13404.25,13404.25,12
2021-02-03,MNQZ1,1447,13420.0,13420.0,13420.0,13420.0,1
2021-02-04,MNQH1,6227,13444.0,13572.0,13345.75,13553.75,635026
2021-02-04,MNQH1-MNQM1,77550,-13.9,-13.9,-14.1,-14.1,2
2021-02-04,MNQM1,9485,13428.0,13557.0,13333.0,13542.0,1199
2021-02-04,MNQU1,3601,13334.25,13527.75,13334.25,13526.75,15
2021-02-04,MNQZ1,1447,13427.5,13464.0,13427.5,13464.0,5
2021-02-05,MNQH1,6227,13553.0,13638.5,13519.25,13603.75,597420
2021-02-05,MNQH1-MNQM1,77550,-13.5,-12.7,-14.1,-12.7,8
2021-02-05,MNQM1,9485,13537.5,13625.0,13506.5,13591.0,2748
2021-02-05,MNQU1,3601,13580.0,13600.0,13520.0,13580.0,18
2021-02-05,MNQZ1,1447,13555.75,13564.0,13538.75,13538.75,5
2021-02-07,MNQH1,6227,13620.75,13646.5,13604.75,13638.75,11392
2021-02-07,MNQM1,9485,13603.75,13632.75,13601.75,13622.5,441
2021-02-07,MNQU1,3601,13601.5,13614.0,13601.5,13614.0,2
2021-02-08,MNQH1,6227,13639.25,13698.0,13596.0,13681.5,619150
2021-02-08,MNQH1-MNQM1,77550,-13.3,-13.0,-13.3,-13.0,8
2021-02-08,MNQM1,9485,13620.25,13680.25,13585.0,13665.75,2042
2021-02-08,MNQU1,3601,13625.0,13650.0,13607.5,13650.0,15
2021-02-08,MNQZ1,1447,13606.25,13606.25,13606.25,13606.25,2
2021-02-09,MNQH1,6227,13682.0,13735.25,13634.0,13687.5,587423
2021-02-09,MNQH1-MNQM1,77550,-12.8,-12.8,-12.8,-12.8,6
2021-02-09,MNQM1,9485,13666.25,13721.5,13624.0,13676.0,1915
2021-02-09,MNQU1,3601,13641.0,13690.0,13620.0,13670.5,17
2021-02-10,MNQH1,6227,13687.75,13769.25,13517.25,13653.75,972392
2021-02-10,MNQH1-MNQM1,77550,-12.1,-12.1,-12.1,-12.1,1
2021-02-10,MNQM1,9485,13668.75,13755.0,13507.75,13641.75,2374
2021-02-10,MNQU1,3601,13684.25,13730.75,13512.75,13575.0,21
2021-02-10,MNQZ1,1447,13680.0,13680.0,13680.0,13680.0,1
2021-02-11,MNQH1,6227,13654.0,13744.0,13613.5,13731.0,812496
2021-02-11,MNQH1-MNQM1,77550,-12.3,-12.3,-12.3,-12.3,1
2021-02-11,MNQM1,9485,13630.5,13731.25,13601.25,13713.75,1176
2021-02-11,MNQU1,3601,13699.0,13710.0,13630.0,13630.0,5
2021-02-12,MNQH1,6227,13731.5,13822.5,13646.0,13821.75,563146
2021-02-12,MNQM1,9485,13715.25,13809.0,13635.0,13806.25,1504
2021-02-12,MNQU1,3601,13700.0,13772.5,13630.0,13772.5,14
2021-02-14,MNQH1,6227,13829.0,13848.0,13819.0,13825.75,7556
2021-02-14,MNQM1,9485,13813.75,13832.0,13800.0,13807.25,398
2021-02-14,MNQU1,3601,13798.0,13798.0,13798.0,13798.0,1
2021-02-15,MNQH1,6227,13826.25,13879.25,13823.0,13858.0,88616
2021-02-15,MNQH1-MNQM1,77550,-11.75,-11.75,-11.75,-11.75,1
2021-02-15,MNQM1,9485,13821.0,13866.0,13821.0,13851.25,1992
2021-02-15,MNQU1,3601,13816.0,13837.25,13816.0,13837.25,2
2021-02-16,MNQH1,6227,13857.75,13900.75,13715.75,13731.5,789682
2021-02-16,MNQH1-MNQM1,77550,-12.0,-12.0,-12.0,-12.0,69
2021-02-16,MNQM1,9485,13851.25,13889.0,13705.0,13718.75,2076
2021-02-16,MNQU1,3601,13870.0,13870.0,13720.0,13720.0,20
2021-02-17,MNQH1,6227,13731.0,13785.5,13543.0,13703.0,858842
2021-02-17,MNQH1-MNQM1,77550,-11.1,-9.6,-11.7,-11.6,97
2021-02-17,MNQM1,9485,13718.0,13772.0,13532.0,13692.0,1639
2021-02-17,MNQU1,3601,13752.0,13752.0,13550.0,13642.5,9
2021-02-17,MNQZ1,1447,13606.0,13625.0,13606.0,13625.0,2
2021-02-18,MNQH1,6227,13704.0,13724.75,13468.75,13615.5,940659
2021-02-18,MNQH1-MNQM1,77550,-11.2,-11.2,-11.2,-11.2,1
2021-02-18,MNQM1,9485,13692.75,13711.0,13460.0,13601.0,1685
2021-02-18,MNQU1,3601,13542.0,13573.75,13470.0,13573.75,10
2021-02-18,MNQZ1,1447,13672.5,13672.5,13470.0,13614.0,6
2021-02-19,MNQH1,6227,13615.5,13729.0,13534.25,13572.0,894808
2021-02-19,MNQH1-MNQM1,77550,-11.2,-11.2,-11.2,-11.2,4
2021-02-19,MNQM1,9485,13603.0,13715.5,13523.75,13561.75,1745
2021-02-19,MNQU1,3601,13540.0,13700.0,13539.75,13586.5,15
2021-02-21,MNQH1,6227,13584.5,13618.0,13548.25,13592.0,19720
2021-02-21,MNQM1,9485,13577.5,13607.25,13541.0,13575.0,90
2021-02-22,MNQH1,6227,13592.0,13629.0,13215.0,13228.5,1132075
2021-02-22,MNQH1-MNQM1,77550,-11.4,-11.4,-11.7,-11.6,33
2021-02-22,MNQH2,7575,13200.0,13200.0,13200.0,13200.0,1
2021-02-22,MNQM1,9485,13583.25,13616.5,13203.25,13218.5,2705
2021-02-22,MNQU1,3601,13559.5,13559.5,13200.0,13203.0,46
2021-02-22,MNQZ1,1447,13505.5,13505.5,13200.0,13200.0,5
2021-02-23,MNQH1,6227,13228.5,13335.75,12757.5,13169.0,1589278
2021-02-23,MNQH1-MNQM1,77550,-11.35,-11.35,-11.5,-11.5,45
2021-02-23,MNQH2,7575,13000.0,13000.0,12800.0,12800.0,2
2021-02-23,MNQM1,9485,13214.5,13324.0,12744.75,13157.5,5455
2021-02-23,MNQU1,3601,13252.5,13300.0,12801.0,13174.0,42
2021-02-24,MNQH1,6227,13168.75,13339.0,12958.0,13328.0,1281002
2021-02-24,MNQH1-MNQM1,77550,-11.4,-11.3,-11.45,-11.3,10
2021-02-24,MNQM1,9485,13168.0,13327.5,12950.0,13321.75,4295
2021-02-24,MNQU1,3601,13225.0,13311.0,12950.0,13311.0,57
2021-02-24,MNQZ1,1447,13170.0,13279.5,13170.0,13279.5,4
2021-02-25,MNQH1,6227,13328.5,13354.25,12756.25,12778.25,1908615
2021-02-25,MNQH1-MNQM1,77550,-10.8,-10.5,-11.5,-10.5,40
2021-02-25,MNQM1,9485,13315.0,13343.5,12745.25,12774.25,6155
2021-02-25,MNQU1,3601,13300.0,13310.0,12755.0,12800.0,67
2021-02-25,MNQZ1,1447,12908.25,12908.25,12808.0,12808.0,2
2021-02-26,MNQH1,6227,12778.25,13089.75,12663.25,12912.0,1848654
2021-02-26,MNQH1-MNQM1,77550,-10.95,-10.7,-11.65,-10.7,47
2021-02-26,MNQM1,9485,12765.25,13077.75,12651.75,12880.75,6351
2021-02-26,MNQU1,3601,12749.75,13045.25,12700.0,12985.0,55
2021-02-26,MNQZ1,1447,12861.75,12927.25,12808.0,12927.25,3
2021-02-28,MNQH1,6227,12955.75,13008.75,12946.75,13004.25,29074
2021-02-28,MNQM1,9485,12912.25,12996.75,12912.25,12996.75,157
2021-03-01,MNQH1,6227,13004.25,13328.0,12996.75,13318.25,1006911
2021-03-01,MNQH1-MNQM1,77550,-11.5,-10.5,-11.6,-10.5,32
2021-03-01,MNQM1,9485,12998.0,13315.5,12990.0,13306.25,3282
2021-03-01,MNQU1,3601,13015.0,13289.25,13015.0,13289.25,71
2021-03-02,MNQH1,6227,13318.0,13326.0,13048.0,13094.5,1084915
2021-03-02,MNQH1-MNQM1,77550,-10.2,-9.4,-11.0,-9.7,96
2021-03-02,MNQM1,9485,13302.0,13312.75,13039.0,13089.5,4089
2021-03-02,MNQU1,3601,13288.0,13288.0,13050.0,13097.0,30
2021-03-03,MNQH1,6227,13094.75,13191.0,12582.75,12594.0,1471380
2021-03-03,MNQH1-MNQM1,77550,-9.5,-8.75,-9.8,-9.2,142
2021-03-03,MNQM1,9485,13081.25,13180.0,12579.25,12579.5,6841
2021-03-03,MNQU1,3601,13096.75,13156.75,12600.0,12600.0,51
2021-03-03,MNQZ1,1447,12985.0,12985.0,12650.0,12650.0,12
2021-03-04,MNQH1,6227,12593.25,12797.0,12306.25,12407.0,2093999
2021-03-04,MNQH1-MNQM1,77550,-9.55,-9.2,-10.1,-10.1,73
2021-03-04,MNQM1,9485,12579.75,12787.75,12297.0,12403.75,12002
2021-03-04,MNQU1,3601,12595.0,12772.0,12326.0,12400.75,83
2021-03-04,MNQZ1,1447,12430.0,12432.0,12430.0,12432.0,3
2021-03-05,MNQH1,6227,12406.5,12697.75,12207.5,12659.25,1768240
2021-03-05,MNQH1-MNQM1,77550,-8.3,-6.6,-11.4,-11.4,122
2021-03-05,MNQM1,9485,12395.0,12687.5,12199.25,12638.0,11520
2021-03-05,MNQU1,3601,12388.0,12663.5,12200.0,12657.25,102
2021-03-07,MNQH1,6227,12714.0,12761.25,12657.0,12670.25,31284
2021-03-07,MNQH1-MNQM1,77550,-9.45,-9.45,-9.45,-9.45,3
2021-03-07,MNQM1,9485,12703.0,12750.0,12648.75,12665.0,588
2021-03-08,MNQH1,6227,12670.75,12715.75,12283.75,12371.25,1735361
2021-03-08,MNQH1-MNQM1,77550,-11.45,-10.25,-13.5,-11.4,84
2021-03-08,MNQM1,9485,12654.0,12705.5,12275.0,12358.5,9741
2021-03-08,MNQU1,3601,12618.0,12650.0,12272.0,12318.0,60
2021-03-09,MNQH1,6227,12371.0,12867.25,12325.5,12809.5,1197948
2021-03-09,MNQH1-MNQM1,77550,-11.4,-9.5,-11.6,-11.25,101
2021-03-09,MNQM1,9485,12365.25,12856.0,12315.0,12800.75,10522
2021-03-09,MNQU1,3601,12360.0,12838.75,12360.0,12750.0,52
2021-03-09,MNQZ1,1447,12650.0,12760.0,12650.0,12760.0,5
2021-03-10,MNQH1,6227,12809.75,12993.0,12704.25,12770.5,1459453
2021-03-10,MNQH1-MNQM1,77550,-9.4,-9.4,-10.25,-10.0,128
2021-03-10,MNQM1,9485,12796.0,12982.0,12698.0,12761.5,12071
2021-03-10,MNQU1,3601,12774.25,12960.0,12690.0,12755.0,171
2021-03-10,MNQZ1,1447,12712.0,12712.0,12712.0,12712.0,1
2021-03-11,MNQH1,6227,12770.25,13119.5,12724.25,13069.5,1130817
2021-03-11,MNQH1-MNQM1,77550,-9.9,-8.25,-10.25,-9.0,397
2021-03-11,MNQM1,9485,12765.75,13110.5,12714.75,13061.25,47219
2021-03-11,MNQU1,3601,12731.0,13091.0,12731.0,13068.5,597
2021-03-12,MNQH1,6227,13069.0,13095.0,12767.75,12934.25,638853
2021-03-12,MNQH1-MNQM1,77550,-8.6,-7.8,-9.65,-9.2,1039
2021-03-12,MNQM1,9485,13060.25,13087.0,12759.75,12925.0,631940
2021-03-12,MNQU1,3601,13050.5,13075.0,12750.5,12906.75,246
2021-03-14,MNQH1,6227,12939.0,12976.25,12920.75,12960.75,11909
2021-03-14,MNQH1-MNQM1,77550,-8.7,-5.55,-9.2,-9.0,455
2021-03-14,MNQM1,9485,12929.25,12967.0,12914.75,12950.75,14091
2021-03-14,MNQU1,3601,12931.0,12940.0,12919.0,12940.0,6
2021-03-15,MNQH1,6227,12960.25,13099.0,12872.75,13064.0,300932
2021-03-15,MNQH1-MNQM1,77550,-9.8,-8.5,-10.1,-9.1,1510
2021-03-15,MNQM1,9485,12950.75,13089.5,12863.25,13055.0,959454
2021-03-15,MNQU1,3601,12942.5,13075.0,12848.25,13049.75,165
2021-03-15,MNQZ1,1447,12907.0,12930.25,12907.0,12930.25,2
2021-03-16,MNQH1,6227,13064.0,13296.75,13056.75,13158.25,243370
2021-03-16,MNQH1-MNQM1,77550,-9.1,-8.75,-10.9,-10.5,821
2021-03-16,MNQM1,9485,13055.25,13287.25,13047.75,13147.75,845141
2021-03-16,MNQU1,3601,13085.0,13270.25,13081.75,13161.0,238
2021-03-16,MNQZ1,1447,13060.25,13190.0,13060.25,13190.0,3
2021-03-17,MNQH1,6227,13158.5,13283.0,12946.25,13235.0,214145
2021-03-17,MNQH1-MNQM1,77550,-10.5,-10.0,-13.45,-12.3,1349
2021-03-17,MNQH1-MNQU1,61370,-19.5,-19.5,-19.5,-19.5,13
2021-03-17,MNQM1,9485,13148.25,13271.0,12934.25,13222.5,1272973
2021-03-17,MNQM1-MNQU1,68227,-11.65,-11.65,-11.65,-11.65,1
2021-03-17,MNQU1,3601,13118.0,13258.5,12925.0,13203.0,428
2021-03-17,MNQZ1,1447,12977.75,12986.0,12945.5,12986.0,4
2021-03-18,MNQH1,6227,13235.25,13279.75,12774.5,12802.0,139576
2021-03-18,MNQH1-MNQM1,77550,-13.0,-8.5,-18.0,-15.6,875
2021-03-18,MNQM1,9485,13222.75,13266.75,12762.0,12783.75,1282893
2021-03-18,MNQU1,3601,13229.75,13250.0,12755.0,12777.0,871
2021-03-18,MNQZ1,1447,13219.75,13219.75,12800.0,12804.0,8
2021-03-19,MNQH1,6227,12799.5,12917.5,12730.5,12781.0,9394
2021-03-19,MNQH1-MNQM1,77550,-15.55,-15.55,-21.45,-17.5,228
2021-03-19,MNQM1,9485,12783.25,12898.0,12681.75,12825.75,1308082
2021-03-19,MNQM1-MNQU1,68227,-8.5,-8.5,-10.2,-10.2,11
2021-03-19,MNQU1,3601,12790.0,12882.75,12686.5,12816.75,1126
2021-03-21,MNQM1,9485,12820.75,12870.5,12789.5,12861.75,30423
2021-03-21,MNQU1,3601,12800.0,12855.25,12784.5,12855.25,181
2021-03-22,MNQM1,9485,12862.5,13157.0,12819.5,13085.75,928797
2021-03-22,MNQM1-MNQU1,68227,-10.5,-10.35,-10.5,-10.5,7
2021-03-22,MNQU1,3601,12853.75,13146.25,12814.75,13071.0,1564
2021-03-22,MNQZ1,1447,12968.0,13050.25,12968.0,13050.25,4
2021-03-23,MNQM1,9485,13085.5,13172.0,12978.75,13029.0,1211621
2021-03-23,MNQM1-MNQU1,68227,-10.15,-10.15,-10.35,-10.35,4
2021-03-23,MNQU1,3601,13078.25,13154.5,12970.0,13010.5,1135
2021-03-23,MNQZ1,1447,12985.0,13000.0,12985.0,13000.0,5
2021-03-24,MNQM1,9485,13029.25,13145.0,12781.5,12804.75,1190916
2021-03-24,MNQM1-MNQU1,68227,-12.9,-12.5,-12.9,-12.5,5
2021-03-24,MNQU1,3601,13031.5,13134.0,12774.75,12795.25,1186
2021-03-24,MNQZ1,1447,12939.0,12939.0,12798.0,12798.0,6
2021-03-25,MNQM1,9485,12805.25,12859.5,12609.75,12800.25,1508218
2021-03-25,MNQM1-MNQU1,68227,-9.5,-9.5,-9.5,-9.5,1
2021-03-25,MNQU1,3601,12800.0,12845.5,12600.0,12794.25,1579
2021-03-25,MNQZ1,1447,12614.5,12618.5,12605.0,12605.0,37
2021-03-26,MNQM1,9485,12800.25,12988.5,12675.75,12961.25,1220741
2021-03-26,MNQM1-MNQU1,68227,-10.25,-10.25,-11.95,-11.95,4
2021-03-26,MNQU1,3601,12791.0,12975.0,12673.0,12951.0,1693
2021-03-28,MNQM1,9485,12967.0,12986.25,12915.25,12920.0,22256
2021-03-28,MNQU1,3601,12952.5,12952.5,12900.25,12920.0,52
2021-03-29,MNQM1,9485,12920.25,13002.75,12807.0,12978.75,1352826
2021-03-29,MNQU1,3601,12916.0,12987.25,12800.0,12964.0,844
2021-03-29,MNQZ1,1447,12830.0,12830.0,12830.0,12830.0,1
2021-03-30,MNQM1,9485,12978.25,12978.25,12776.75,12895.0,1106365
2021-03-30,MNQU1,3601,12955.0,12962.0,12767.0,12882.0,906
2021-03-31,MNQM1,9485,12895.25,13158.25,12860.25,13121.25,829288
2021-03-31,MNQM1-MNQU1,68227,-11.65,-11.65,-12.75,-12.75,6
2021-03-31,MNQU1,3601,12873.75,13145.0,12856.75,13105.75,931
2021-03-31,MNQZ1,1447,12940.0,13120.0,12940.0,13081.0,8
2021-04-01,MNQM1,9485,13121.5,13349.5,13104.25,13345.75,805590
2021-04-01,MNQM1-MNQU1,68227,-12.75,-12.75,-12.75,-12.75,5
2021-04-01,MNQU1,3601,13109.75,13336.0,13094.0,13336.0,1204
2021-04-01,MNQZ1,1447,13170.0,13260.0,13170.0,13260.0,2
2021-04-02,MNQM1,9485,13345.75,13390.75,13340.75,13349.25,73449
2021-04-02,MNQM1-MNQU1,68227,-9.0,-9.0,-9.0,-9.0,7
2021-04-02,MNQU1,3601,13334.0,13376.0,13330.5,13338.0,300
2021-04-04,MNQM1,9485,13344.0,13356.0,13304.25,13351.75,26067
2021-04-04,MNQU1,3601,13317.75,13344.25,13304.0,13344.25,57
2021-04-05,MNQM1,9485,13351.5,13622.5,13311.25,13616.5,660917
2021-04-05,MNQM1-MNQU1,68227,-9.0,-9.0,-11.0,-11.0,3
2021-04-05,MNQU1,3601,13333.0,13610.0,13297.5,13604.0,1051
2021-04-05,MNQZ1,1447,13452.0,13585.5,13452.0,13585.5,44
2021-04-06,MNQM1,9485,13616.0,13654.25,13524.5,13594.5,876016
2021-04-06,MNQM1-MNQU1,68227,-12.75,-12.75,-12.75,-12.75,1
2021-04-06,MNQU1,3601,13598.0,13640.75,13515.75,13577.25,766
2021-04-06,MNQZ1,1447,13560.75,13585.5,13560.25,13561.0,8
2021-04-07,MNQM1,9485,13594.0,13653.75,13513.0,13638.25,798263
2021-04-07,MNQM1-MNQU1,68227,-12.75,-12.75,-12.8,-12.8,2
2021-04-07,MNQU1,3601,13573.25,13641.0,13501.0,13624.75,789
2021-04-07,MNQZ1,1447,13570.0,13570.0,13570.0,13570.0,1
2021-04-08,MNQM1,9485,13638.75,13802.25,13629.0,13802.25,775991
2021-04-08,MNQU1,3601,13622.75,13789.0,13622.75,13789.0,828
2021-04-08,MNQZ1,1447,13620.0,13770.0,13620.0,13770.0,12
2021-04-09,MNQM1,9485,13802.25,13841.0,13648.5,13809.0,815253
2021-04-09,MNQM1-MNQU1,68227,-11.0,-11.0,-11.0,-11.0,1
2021-04-09,MNQU1,3601,13791.5,13826.5,13640.0,13800.0,1043
2021-04-09,MNQZ1,1447,13800.0,13800.0,13780.0,13783.75,17
2021-04-11,MNQM1,9485,13817.25,13832.0,13774.5,13779.0,22526
2021-04-11,MNQU1,3601,13792.5,13816.0,13766.0,13767.5,120
2021-04-11,MNQZ1,1447,13780.0,13780.0,13780.0,13780.0,1
2021-04-12,MNQM1,9485,13779.0,13833.0,13731.75,13817.5,763497
2021-04-12,MNQU1,3601,13767.75,13822.5,13723.0,13809.0,634
2021-04-13,MNQH2,7575,13900.0,13900.0,13900.0,13900.0,1
2021-04-13,MNQM1,9485,13817.5,13993.75,13772.5,13967.0,781633
2021-04-13,MNQM1-MNQU1,68227,-12.3,-10.8,-13.05,-10.8,19
2021-04-13,MNQU1,3601,13799.5,13980.75,13764.5,13954.0,932
2021-04-13,MNQZ1,1447,13790.25,13914.0,13790.25,13914.0,3
2021-04-14,MNQM1,9485,13967.0,14029.0,13772.75,13811.75,1051221
2021-04-14,MNQU1,3601,13956.25,14014.25,13762.5,13794.0,1125
2021-04-14,MNQZ1,1447,13940.0,14000.0,13770.0,13813.25,14
2021-04-15,MNQM1,9485,13812.0,14034.25,13789.5,14010.5,789023
2021-04-15,MNQM1-MNQU1,68227,-12.9,-12.9,-12.9,-12.9,1
2021-04-15,MNQU1,3601,13810.0,14020.0,13782.75,13995.25,1260
2021-04-15,MNQZ1,1447,14000.0,14000.0,14000.0,14000.0,2
2021-04-16,MNQM1,9485,14010.25,14059.0,13953.0,14022.25,774220
2021-04-16,MNQM1-MNQU1,68227,-12.95,-12.95,-12.95,-12.95,1
2021-04-16,MNQM2,13505,14000.0,14000.0,14000.0,14000.0,1
2021-04-16,MNQU1,3601,13994.25,14045.0,13942.25,14012.25,876
2021-04-16,MNQZ1,1447,13982.75,14005.0,13940.0,14005.0,3
2021-04-18,MNQM1,9485,13989.25,14005.5,13973.25,13991.0,14916
2021-04-18,MNQU1,3601,13993.75,13993.75,13965.25,13979.5,35
2021-04-19,MNQH2,7575,13900.0,13900.0,13900.0,13900.0,1
2021-04-19,MNQM1,9485,13990.75,14052.5,13821.0,13917.25,1162485
2021-04-19,MNQM1-MNQU1,68227,-12.25,-12.25,-12.25,-12.25,10
2021-04-19,MNQU1,3601,13979.0,14038.25,13810.0,13906.75,952
2021-04-19,MNQZ1,1447,14005.0,14007.0,13859.0,13859.0,7
2021-04-20,MNQM1,9485,13917.5,13933.75,13719.0,13746.0,1186935
2021-04-20,MNQM1-MNQU1,68227,-10.0,-10.0,-12.9,-12.85,28
2021-04-20,MNQM2,13505,13700.0,13700.0,13700.0,13700.0,1
2021-04-20,MNQU1,3601,13909.25,13920.0,13706.75,13731.75,1012
2021-04-20,MNQZ1,1447,13705.0,13705.0,13705.0,13705.0,15
2021-04-21,MNQM1,9485,13746.0,13926.75,13700.25,13883.25,881297
2021-04-21,MNQM1-MNQU1,68227,-12.1,-12.1,-12.25,-12.25,12
2021-04-21,MNQU1,3601,13731.75,13911.25,13689.0,13867.75,717
2021-04-22,MNQM1,9485,13884.0,13944.0,13701.75,13759.5,1193421
2021-04-22,MNQM1-MNQU1,68227,-12.6,-12.6,-13.15,-13.15,6
2021-04-22,MNQU1,3601,13872.0,13930.75,13690.0,13746.25,1284
2021-04-22,MNQZ1,1447,13880.0,13880.0,13690.25,13690.25,9
2021-04-23,MNQM1,9485,13759.5,13981.25,13738.0,13905.5,774684
2021-04-23,MNQM1-MNQU1,68227,-12.1,-12.1,-12.1,-12.1,15
2021-04-23,MNQM2,13505,13900.0,13900.0,13900.0,13900.0,1
2021-04-23,MNQU1,3601,13753.0,13969.25,13729.25,13896.0,915
2021-04-23,MNQZ1,1447,13812.0,13917.5,13812.0,13884.25,12
2021-04-25,MNQM1,9485,13915.0,13928.0,13906.75,13910.25,12192
2021-04-25,MNQM1-MNQU1,68227,-11.75,-11.75,-11.75,-11.75,1
2021-04-25,MNQU1,3601,13905.0,13914.5,13899.0,13899.0,19
2021-04-26,MNQM1,9485,13910.75,14038.0,13865.75,14027.5,678788
2021-04-26,MNQU1,3601,13918.5,14025.0,13860.5,14018.0,831
2021-04-26,MNQZ1,1447,13883.75,13985.0,13883.75,13985.0,22
2021-04-27,MNQM1,9485,14027.0,14050.0,13912.75,13963.0,709165
2021-04-27,MNQM1-MNQU1,68227,-12.5,-12.0,-12.5,-12.0,20
2021-04-27,MNQU1,3601,14010.0,14037.25,13901.25,13951.5,695
2021-04-27,MNQZ1,1447,14000.0,14000.0,13930.0,13932.25,3
2021-04-28,MNQM1,9485,13963.0,13993.5,13878.0,13972.0,816850
2021-04-28,MNQM1-MNQU1,68227,-12.0,-12.0,-12.0,-12.0,10
2021-04-28,MNQU1,3601,13950.25,13978.5,13870.0,13960.0,870
2021-04-28,MNQZ1,1447,13870.0,13960.0,13870.0,13950.0,14
2021-04-29,MNQM1,9485,13971.75,14064.0,13818.25,13915.75,1075835
2021-04-29,MNQM1-MNQU1,68227,-12.85,-8.75,-12.85,-8.75,8
2021-04-29,MNQU1,3601,13965.75,14053.0,13810.0,13900.0,2675
2021-04-29,MNQZ1,1447,13980.0,14004.0,13800.0,13918.75,46
2021-04-30,MNQM1,9485,13915.75,13957.0,13819.5,13865.75,934042
2021-04-30,MNQM1-MNQU1,68227,-11.05,-11.05,-11.25,-11.25,50
2021-04-30,MNQU1,3601,13900.5,13946.5,13810.0,13859.0,732
2021-04-30,MNQZ1,1447,13890.0,13890.0,13825.0,13825.0,4
2021-05-02,MNQM1,9485,13879.25,13889.0,13867.5,13880.0,10668
2021-05-02,MNQU1,3601,13868.75,13872.25,13865.0,13869.5,18
2021-05-03,MNQH2,7575,13783.75,13783.75,13783.75,13783.75,1
2021-05-03,MNQM1,9485,13880.25,13947.5,13763.0,13769.25,776612
2021-05-03,MNQM1-MNQU1,68227,-11.25,-11.25,-11.25,-11.25,3
2021-05-03,MNQU1,3601,13881.5,13934.75,13752.25,13753.25,1046
2021-05-03,MNQZ1,1447,13826.0,13903.25,13781.0,13781.0,7
2021-05-04,MNQM1,9485,13769.0,13777.5,13380.75,13524.75,1202078
2021-05-04,MNQM1-MNQU1,68227,-11.25,-10.0,-11.25,-10.0,9
2021-05-04,MNQM2,13505,13700.0,13700.0,13700.0,13700.0,1
2021-05-04,MNQU1,3601,13762.75,13764.75,13370.75,13510.0,1913
2021-05-04,MNQZ1,1447,13730.0,13730.0,13380.75,13510.0,22
2021-05-05,MNQM1,9485,13524.75,13665.5,13462.5,13500.5,942134
2021-05-05,MNQM1-MNQU1,68227,-10.8,-10.8,-11.25,-11.25,16
2021-05-05,MNQU1,3601,13514.5,13650.25,13453.75,13487.75,1044
2021-05-05,MNQZ1,1447,13526.0,13620.0,13450.0,13450.0,10
2021-05-06,MNQM1,9485,13499.75,13621.0,13389.0,13612.0,1205734
2021-05-06,MNQM1-MNQU1,68227,-8.25,-8.25,-8.25,-8.25,4
2021-05-06,MNQU1,3601,13500.0,13608.25,13376.5,13600.0,1334
2021-05-06,MNQZ1,1447,13508.25,13508.25,13370.0,13400.0,5
2021-05-07,MNQM1,9485,13612.25,13818.0,13588.25,13717.5,997722
2021-05-07,MNQM1-MNQU1,68227,-10.05,-10.05,-10.05,-10.05,5
2021-05-07,MNQU1,3601,13600.0,13805.5,13581.5,13712.0,1913
2021-05-07,MNQZ1,1447,13624.75,13770.0,13600.0,13690.0,6
2021-05-09,MNQM1,9485,13718.25,13745.5,13713.0,13738.75,12045
2021-05-09,MNQU1,3601,13710.0,13730.75,13710.0,13729.0,53
2021-05-10,MNQM1,9485,13739.0,13751.75,13302.25,13334.5,1086175
2021-05-10,MNQM1-MNQU1,68227,-11.35,-10.9,-11.35,-10.9,24
2021-05-10,MNQU1,3601,13723.5,13742.0,13263.5,13323.75,1820
2021-05-10,MNQZ1,1447,13706.5,13706.5,13306.0,13307.0,45
2021-05-11,MNQM1,9485,13333.75,13375.75,13065.5,13337.5,1825150
2021-05-11,MNQM1-MNQU1,68227,-11.45,-9.55,-12.6,-11.65,42
2021-05-11,MNQU1,3601,13326.0,13361.25,13055.0,13323.75,2958
2021-05-11,MNQZ1,1447,13233.5,13291.0,13075.0,13275.0,209
2021-05-12,MNQM1,9485,13338.0,13352.0,12959.75,13015.75,1718120
2021-05-12,MNQM1-MNQU1,68227,-11.8,-8.8,-13.25,-11.5,155
2021-05-12,MNQU1,3601,13330.0,13339.0,12948.25,13004.5,3113
2021-05-12,MNQZ1,1447,13230.0,13250.0,12962.0,12964.0,55
2021-05-13,MNQM1,9485,13015.75,13225.0,12914.75,13112.0,1610283
2021-05-13,MNQM1-MNQU1,68227,-10.8,-10.8,-11.1,-11.1,34
2021-05-13,MNQU1,3601,13007.75,13210.75,12905.0,13098.5,2563
2021-05-13,MNQZ1,1447,12950.0,13150.0,12936.0,13050.0,12
2021-05-14,MNQM1,9485,13112.0,13426.0,13104.5,13400.0,1022128
2021-05-14,MNQM1-MNQU1,68227,-11.1,-11.1,-11.1,-11.1,7
2021-05-14,MNQU1,3601,13110.0,13412.5,13102.25,13389.0,1766
2021-05-14,MNQZ1,1447,13134.0,13398.75,13134.0,13368.25,12
2021-05-16,MNQM1,9485,13380.5,13452.5,13376.25,13393.75,24322
2021-05-16,MNQM1-MNQU1,68227,-8.65,-8.65,-11.95,-11.5,22
2021-05-16,MNQU1,3601,13375.5,13436.25,13370.75,13385.0,1211
2021-05-17,MNQM1,9485,13393.5,13398.75,13182.5,13329.5,1052309
2021-05-17,MNQM1-MNQU1,68227,-11.5,-10.9,-11.75,-11.2,97
2021-05-17,MNQU1,3601,13376.5,13385.0,13169.5,13318.75,2282
2021-05-17,MNQZ1,1447,13336.0,13336.0,13176.25,13300.0,106
2021-05-18,MNQM1,9485,13329.5,13433.0,13165.5,13170.75,863802
2021-05-18,MNQM1-MNQU1,68227,-11.35,-11.35,-12.2,-11.35,28
2021-05-18,MNQM1-MNQZ1,39485,-24.85,-24.85,-24.85,-24.85,1
2021-05-18,MNQU1,3601,13321.75,13420.5,13154.5,13157.25,2240
2021-05-18,MNQZ1,1447,13310.0,13381.25,13173.5,13173.5,72
2021-05-19,MNQM1,9485,13171.0,13242.75,12954.25,13185.75,1404277
2021-05-19,MNQM1-MNQU1,68227,-11.3,-11.3,-12.35,-11.65,36
2021-05-19,MNQU1,3601,13166.0,13231.5,12944.0,13171.5,3015
2021-05-19,MNQZ1,1447,13197.5,13198.0,12940.0,13198.0,75
2021-05-20,MNQM1,9485,13185.75,13524.0,13151.25,13519.5,923372
2021-05-20,MNQM1-MNQU1,68227,-12.05,-11.7,-12.05,-11.7,35
2021-05-20,MNQU1,3601,13179.25,13511.75,13137.5,13504.0,3380
2021-05-20,MNQZ1,1447,13168.0,13498.25,13168.0,13467.75,45
2021-05-21,MNQM1,9485,13520.0,13569.75,13395.5,13411.75,872095
2021-05-21,MNQM1-MNQU1,68227,-11.75,-10.9,-11.75,-10.9,33
2021-05-21,MNQU1,3601,13506.0,13555.0,13383.0,13411.75,2050
2021-05-21,MNQZ1,1447,13512.25,13519.75,13382.0,13382.0,441
2021-05-23,MNQM1,9485,13390.0,13396.0,13356.25,13366.5,22644
2021-05-23,MNQM1-MNQU1,68227,-12.5,-12.5,-12.5,-12.5,3
2021-05-23,MNQU1,3601,13376.5,13382.0,13350.0,13356.25,174
2021-05-23,MNQZ1,1447,13350.0,13350.0,13350.0,13350.0,5
2021-05-24,MNQM1,9485,13367.25,13686.25,13362.0,13656.75,564380
2021-05-24,MNQM1-MNQU1,68227,-11.05,-10.8,-11.5,-11.5,4
2021-05-24,MNQU1,3601,13353.5,13674.5,13353.5,13647.0,2249
2021-05-24,MNQZ1,1447,13437.25,13657.5,13437.25,13630.5,136
2021-05-25,MNQM1,9485,13657.0,13738.5,13606.5,13695.25,715641
2021-05-25,MNQM1-MNQU1,68227,-10.75,-10.65,-11.4,-11.15,22
2021-05-25,MNQU1,3601,13643.0,13728.0,13598.0,13684.0,1486
2021-05-25,MNQZ1,1447,13620.0,13691.75,13585.25,13677.0,204
2021-05-26,MNQM1,9485,13694.75,13728.25,13656.0,13708.0,605941
2021-05-26,MNQM1-MNQU1,68227,-10.55,-10.5,-12.15,-12.15,45
2021-05-26,MNQU1,3601,13687.75,13718.0,13645.0,13691.0,1181
2021-05-26,MNQZ1,1447,13682.25,13700.75,13659.0,13659.0,10
2021-05-27,MNQM1,9485,13707.75,13720.75,13620.25,13703.25,715229
2021-05-27,MNQM1-MNQU1,68227,-10.8,-10.8,-11.15,-11.15,24
2021-05-27,MNQM2,13505,13651.75,13652.0,13651.75,13652.0,2
2021-05-27,MNQU1,3601,13697.0,13708.75,13611.0,13693.25,1453
2021-05-27,MNQZ1,1447,13657.75,13693.5,13613.25,13669.0,42
2021-05-28,MNQM1,9485,13703.25,13763.25,13662.5,13684.5,565887
2021-05-28,MNQM1-MNQU1,68227,-10.95,-10.9,-11.2,-11.0,111
2021-05-28,MNQU1,3601,13699.0,13751.5,13655.0,13677.25,1381
2021-05-28,MNQZ1,1447,13680.0,13720.0,13669.0,13670.0,15
2021-05-30,MNQM1,9485,13698.75,13722.0,13693.75,13712.5,8549
2021-05-30,MNQU1,3601,13693.25,13707.0,13693.25,13702.75,91
2021-05-31,MNQM1,9485,13712.75,13718.0,13651.5,13686.25,94135
2021-05-31,MNQM1-MNQU1,68227,-11.2,-10.85,-11.5,-11.5,5
2021-05-31,MNQU1,3601,13701.5,13703.0,13643.5,13673.25,380
2021-05-31,MNQZ1,1447,13669.0,13684.0,13640.0,13640.0,6
2021-06-01,MNQM1,9485,13686.0,13773.0,13592.75,13634.5,697885
2021-06-01,MNQM1-MNQU1,68227,-10.85,-10.7,-11.3,-10.7,25
2021-06-01,MNQU1,3601,13676.25,13762.0,13584.25,13619.0,2428
2021-06-01,MNQZ1,1447,13710.0,13726.0,13600.0,13625.0,15
2021-06-02,MNQM1,9485,13634.5,13712.5,13603.0,13686.75,571065
2021-06-02,MNQM1-MNQU1,68227,-11.2,-10.6,-11.2,-10.9,22
2021-06-02,MNQU1,3601,13625.25,13700.25,13595.0,13677.0,1578
2021-06-02,MNQZ1,1447,13601.0,13678.0,13601.0,13620.0,24
2021-06-03,MNQM1,9485,13686.5,13707.0,13462.25,13504.25,901881
2021-06-03,MNQM1-MNQU1,68227,-10.6,-10.35,-11.35,-10.95,10
2021-06-03,MNQU1,3601,13675.0,13695.0,13452.0,13490.0,3729
2021-06-03,MNQZ1,1447,13615.0,13615.0,13450.0,13485.0,410
2021-06-04,MNQM1,9485,13503.75,13784.0,13467.75,13764.25,633360
2021-06-04,MNQM1-MNQU1,68227,-11.4,-10.7,-12.0,-11.5,636
2021-06-04,MNQM1-MNQZ1,39485,-23.5,-23.5,-23.5,-23.5,1
2021-06-04,MNQM2,13505,13720.0,13720.0,13720.0,13720.0,1
2021-06-04,MNQU1,3601,13485.75,13772.25,13457.5,13754.75,4190
2021-06-04,MNQZ1,1447,13475.0,13758.5,13450.0,13739.0,246
2021-06-06,MNQM1,9485,13772.25,13786.75,13766.0,13767.75,9064
2021-06-06,MNQU1,3601,13763.75,13778.25,13756.0,13756.0,107
2021-06-07,MNQM1,9485,13767.5,13834.5,13691.5,13823.0,592383
2021-06-07,MNQM1-MNQU1,68227,-11.5,-10.8,-12.2,-11.65,143
2021-06-07,MNQM2,13505,13710.0,13750.0,13710.0,13750.0,2
2021-06-07,MNQU1,3601,13755.0,13823.5,13680.0,13810.0,3720
2021-06-07,MNQZ1,1447,13736.25,13805.0,13680.0,13791.5,118
2021-06-08,MNQH2,7575,13802.5,13802.5,13802.5,13802.5,1
2021-06-08,MNQM1,9485,13822.75,13916.75,13742.0,13817.25,743738
2021-06-08,MNQM1-MNQU1,68227,-11.5,-9.3,-12.1,-9.3,286
2021-06-08,MNQU1,3601,13809.0,13905.0,13732.5,13806.75,5400
2021-06-08,MNQZ1,1447,13810.0,13890.75,13720.0,13796.0,250
2021-06-09,MNQM1,9485,13817.75,13904.0,13806.5,13815.25,600131
2021-06-09,MNQM1-MNQU1,68227,-9.75,-9.75,-10.6,-10.6,111
2021-06-09,MNQU1,3601,13800.0,13894.5,13795.0,13805.0,5369
2021-06-09,MNQZ1,1447,13796.0,13879.0,13786.0,13800.0,191
2021-06-10,MNQH2,7575,13825.0,13825.0,13825.0,13825.0,1
2021-06-10,MNQM1,9485,13815.0,13980.0,13726.5,13968.0,700310
2021-06-10,MNQM1-MNQU1,68227,-10.0,-8.4,-10.7,-8.9,327
2021-06-10,MNQU1,3601,13804.75,13970.5,13717.0,13958.75,53035
2021-06-10,MNQZ1,1447,13785.0,13956.25,13709.0,13945.25,405
2021-06-11,MNQM1,9485,13968.0,13998.5,13931.75,13993.25,252614
2021-06-11,MNQM1-MNQU1,68227,-8.8,-7.1,-9.0,-8.25,914
2021-06-11,MNQU1,3601,13959.0,13990.25,13924.0,13985.0,270005
2021-06-11,MNQZ1,1447,13944.0,13971.5,13916.0,13971.0,147
2021-06-13,MNQM1,9485,13996.5,14024.75,13995.0,14018.75,3760
2021-06-13,MNQM1-MNQU1,68227,-8.1,-8.05,-8.85,-8.7,36
2021-06-13,MNQU1,3601,13993.0,14017.5,13989.5,14009.75,6896
2021-06-13,MNQZ1,1447,13993.0,14001.0,13993.0,13999.75,9
2021-06-14,MNQM1,9485,14019.0,14133.5,13965.0,14114.25,154878
2021-06-14,MNQM1-MNQU1,68227,-8.9,-7.0,-9.25,-7.0,1111
2021-06-14,MNQM2,13505,14000.0,14000.0,14000.0,14000.0,1
2021-06-14,MNQU1,3601,14010.0,14125.75,13957.0,14106.5,400753
2021-06-14,MNQZ1,1447,14003.5,14111.0,13949.75,14099.0,251
2021-06-15,MNQM1,9485,14114.5,14163.0,14009.25,14039.75,125479
2021-06-15,MNQM1-MNQU1,68227,-7.5,-7.2,-9.3,-7.9,1123
2021-06-15,MNQU1,3601,14107.0,14155.25,14000.5,14031.5,577613
2021-06-15,MNQU1-MNQZ1,36738,-18.0,-18.0,-18.0,-18.0,2
2021-06-15,MNQZ1,1447,14113.0,14141.0,13993.5,14024.25,444
2021-06-16,MNQH2,7575,13990.0,13990.0,13970.0,13970.0,2
2021-06-16,MNQM1,9485,14039.75,14104.0,13834.0,13895.0,109140
2021-06-16,MNQM1-MNQU1,68227,-8.3,-7.4,-10.9,-8.7,783
2021-06-16,MNQM1-MNQZ1,39485,-21.0,-21.0,-21.0,-21.0,11
2021-06-16,MNQU1,3601,14031.75,14095.5,13830.0,13886.75,753616
2021-06-16,MNQZ1,1447,14025.0,14078.0,13816.75,13876.0,1257
2021-06-17,MNQH2,7575,14150.0,14150.0,14140.0,14140.0,2
2021-06-17,MNQM1,9485,13895.5,14213.0,13850.5,14188.5,85131
2021-06-17,MNQM1-MNQU1,68227,-8.6,-8.6,-11.1,-9.6,540
2021-06-17,MNQM1-MNQZ1,39485,-24.0,-21.0,-24.0,-21.0,25
2021-06-17,MNQU1,3601,13887.0,14199.25,13842.0,14175.75,913512
2021-06-17,MNQZ1,1447,13870.0,14185.0,13831.5,14171.0,1751
2021-06-18,MNQM1,9485,14187.0,14213.25,14064.75,14116.75,6255
2021-06-18,MNQM1-MNQU1,68227,-11.1,-9.0,-14.65,-14.65,189
2021-06-18,MNQM1-MNQZ1,39485,-24.95,-24.95,-24.95,-24.95,1
2021-06-18,MNQU1,3601,14176.0,14205.75,14010.0,14018.0,833873
2021-06-18,MNQU1-MNQZ1,36738,-13.3,-12.8,-13.4,-12.8,11
2021-06-18,MNQZ1,1447,14160.25,14190.0,13995.25,14005.0,1465
2021-06-20,MNQU1,3601,14022.25,14047.25,14013.25,14038.25,15847
2021-06-20,MNQZ1,1447,14000.0,14038.0,14000.0,14025.5,43
2021-06-21,MNQH2,7575,14017.0,14027.0,14017.0,14027.0,2
2021-06-21,MNQU1,3601,14037.75,14149.0,13958.75,14135.0,779657
2021-06-21,MNQU1-MNQZ1,36738,-13.9,-13.9,-13.9,-13.9,3
2021-06-21,MNQZ1,1447,14030.0,14131.0,13950.0,14125.0,1581
2021-06-22,MNQH2,7575,14060.5,14060.5,14060.5,14060.5,1
2021-06-22,MNQM2,13505,14070.5,14070.5,14070.5,14070.5,1
2021-06-22,MNQU1,3601,14134.75,14279.25,14066.25,14272.5,621040
2021-06-22,MNQU1-MNQZ1,36738,-13.0,-13.0,-13.0,-13.0,3
2021-06-22,MNQZ1,1447,14129.0,14271.75,14055.0,14259.25,1444
2021-06-23,MNQM2,13505,14260.0,14260.0,14260.0,14260.0,1
2021-06-23,MNQU1,3601,14272.25,14316.75,14231.75,14286.25,585988
2021-06-23,MNQU1-MNQZ1,36738,-12.85,-12.3,-12.85,-12.3,33
2021-06-23,MNQZ1,1447,14270.0,14301.5,14219.75,14268.25,1292
2021-06-24,MNQU1,3601,14286.0,14422.0,14284.75,14346.5,607885
2021-06-24,MNQU1-MNQZ1,36738,-12.55,-12.55,-12.55,-12.55,1
2021-06-24,MNQZ1,1447,14275.0,14408.5,14275.0,14337.75,2530
2021-06-25,MNQH2,7575,14340.25,14340.25,14340.25,14340.25,1
2021-06-25,MNQU1,3601,14347.25,14394.25,14313.25,14331.25,587611
2021-06-25,MNQU1-MNQZ1,36738,-12.65,-12.45,-12.65,-12.45,13
2021-06-25,MNQU2,7688,14325.5,14325.5,14325.5,14325.5,1
2021-06-25,MNQZ1,1447,14339.5,14382.25,14305.0,14319.0,834
2021-06-27,MNQU1,3601,14347.75,14366.25,14337.0,14354.75,9640
2021-06-27,MNQZ1,1447,14331.25,14353.5,14331.25,14340.5,73
2021-06-28,MNQU1,3601,14355.0,14519.5,14333.25,14491.75,467299
2021-06-28,MNQU1-MNQZ1,36738,-13.0,-13.0,-13.0,-13.0,5
2021-06-28,MNQZ1,1447,14344.25,14506.5,14322.0,14477.5,1158
2021-06-29,MNQH2,7575,14550.0,14550.0,14550.0,14550.0,7
2021-06-29,MNQM2,13505,14495.0,14550.0,14495.0,14550.0,2
2021-06-29,MNQU1,3601,14492.0,14591.0,14468.75,14587.75,543481
2021-06-29,MNQU1-MNQZ1,36738,-12.95,-12.95,-12.95,-12.95,1
2021-06-29,MNQZ1,1447,14476.5,14578.25,14459.0,14576.25,774
2021-06-30,MNQH2,7575,14555.75,14555.75,14505.0,14522.0,12
2021-06-30,MNQU1,3601,14587.75,14599.0,14518.0,14560.5,547695
2021-06-30,MNQU1-MNQZ1,36738,-13.0,-9.2,-13.0,-10.0,59
2021-06-30,MNQZ1,1447,14580.0,14585.0,14507.0,14544.25,534
2021-07-01,MNQH2,7575,14516.75,14516.75,14470.0,14470.0,4
2021-07-01,MNQU1,3601,14560.5,14606.5,14470.75,14533.0,598050
2021-07-01,MNQU1-MNQZ1,36738,-13.0,-13.0,-13.0,-13.0,2
2021-07-01,MNQZ1,1447,14541.0,14585.25,14458.25,14522.0,790
2021-07-02,MNQH2,7575,14515.0,14702.0,14515.0,14702.0,21
2021-07-02,MNQM2,13505,14640.0,14640.0,14640.0,14640.0,3
2021-07-02,MNQU1,3601,14533.25,14728.75,14513.5,14700.5,539928
2021-07-02,MNQZ1,1447,14520.0,14715.0,14500.0,14688.75,1003
2021-07-04,MNQH2,7575,14695.0,14707.0,14695.0,14707.0,34
2021-07-04,MNQU1,3601,14702.25,14722.0,14698.0,14714.5,5587
2021-07-04,MNQZ1,1447,14708.25,14708.25,14700.0,14706.0,19
2021-07-05,MNQH2,7575,14675.0,14675.0,14675.0,14675.0,1
2021-07-05,MNQU1,3601,14714.75,14718.75,14674.75,14714.25,89331
2021-07-05,MNQZ1,1447,14694.5,14705.0,14666.0,14705.0,109
2021-07-06,MNQH2,7575,14673.75,14761.0,14660.0,14761.0,41
2021-07-06,MNQU1,3601,14714.5,14789.75,14625.25,14764.75,749978
2021-07-06,MNQZ1,1447,14705.0,14777.75,14616.75,14755.0,1298
2021-07-07,MNQH2,7575,14761.0,14855.75,14761.0,14778.25,9
2021-07-07,MNQU1,3601,14764.5,14883.75,14726.25,14810.25,842305
2021-07-07,MNQU1-MNQZ1,36738,-11.7,-11.7,-12.3,-12.3,9
2021-07-07,MNQZ1,1447,14753.5,14869.0,14715.75,14802.75,1658
2021-07-08,MNQH2,7575,14700.0,14700.0,14557.0,14698.5,11
2021-07-08,MNQU1,3601,14810.5,14821.75,14540.0,14692.0,1005740
2021-07-08,MNQU2,7688,14750.0,14750.0,14750.0,14750.0,1
2021-07-08,MNQZ1,1447,14805.75,14807.5,14530.0,14684.25,2171
2021-07-09,MNQH2,7575,14639.75,14788.0,14639.75,14788.0,13
2021-07-09,MNQU1,3601,14691.75,14832.0,14640.5,14814.5,685958
2021-07-09,MNQU1-MNQZ1,36738,-10.5,-10.5,-11.95,-11.95,6
2021-07-09,MNQU2,7688,14775.0,14775.0,14775.0,14775.0,1
2021-07-09,MNQZ1,1447,14695.25,14819.5,14630.0,14801.0,1253
2021-07-11,MNQU1,3601,14823.75,14845.0,14822.25,14829.5,9610
2021-07-11,MNQZ1,1447,14812.0,14831.75,14811.25,14814.75,109
2021-07-12,MNQH2,7575,14772.5,14772.5,14772.5,14772.5,1
2021-07-12,MNQU1,3601,14829.25,14888.75,14785.25,14879.75,558680
2021-07-12,MNQU1-MNQZ1,36738,-11.75,-11.75,-12.95,-12.7,16
2021-07-12,MNQZ1,1447,14813.5,14877.75,14774.5,14869.5,1400
2021-07-13,MNQH2,7575,14841.0,14962.5,14841.0,14962.5,2
2021-07-13,MNQU1,3601,14879.75,14994.5,14794.25,14845.0,828445
2021-07-13,MNQU1-MNQZ1,36738,-12.55,-12.55,-12.95,-12.95,10
2021-07-13,MNQZ1,1447,14868.75,14980.25,14785.0,14834.75,1945
2021-07-14,MNQU1,3601,14844.25,14996.0,14841.0,14904.25,813470
2021-07-14,MNQU1-MNQZ1,36738,-12.5,-11.85,-12.5,-12.0,51
2021-07-14,MNQU2,7688,14925.0,14925.0,14925.0,14925.0,1
2021-07-14,MNQZ1,1447,14839.5,14981.0,14832.0,14892.5,2167
2021-07-15,MNQH2,7575,14878.5,14878.5,14705.0,14705.0,114
2021-07-15,MNQU1,3601,14903.75,14962.5,14708.25,14757.0,1019704
2021-07-15,MNQU1-MNQZ1,36738,-12.0,-11.55,-12.0,-11.55,21
2021-07-15,MNQZ1,1447,14883.25,14948.0,14699.75,14743.75,1964
2021-07-16,MNQH2,7575,14695.0,14695.0,14695.0,14695.0,4
2021-07-16,MNQU1,3601,14757.0,14869.5,14657.25,14670.75,886325
2021-07-16,MNQU1-MNQZ1,36738,-11.55,-11.55,-11.55,-11.55,1
2021-07-16,MNQU2,7688,14675.0,14675.0,14675.0,14675.0,1
2021-07-16,MNQZ1,1447,14742.75,14856.5,14648.75,14650.0,1802
2021-07-18,MNQU1,3601,14675.75,14683.25,14612.5,14643.25,25414
2021-07-18,MNQZ1,1447,14641.5,14668.75,14603.0,14634.5,250
2021-07-19,MNQH2,7575,14517.0,14521.75,14515.0,14515.0,10
2021-07-19,MNQU1,3601,14643.5,14666.75,14444.25,14590.0,1309039
2021-07-19,MNQU1-MNQZ1,36738,-10.85,-10.0,-10.85,-10.5,15
2021-07-19,MNQZ1,1447,14636.25,14654.25,14436.25,14581.0,2180
2021-07-20,MNQH2,7575,14595.0,14724.25,14595.0,14689.0,11
2021-07-20,MNQU1,3601,14590.25,14782.25,14516.75,14743.5,867652
2021-07-20,MNQU1-MNQZ1,36738,-10.85,-10.85,-12.05,-12.05,7
2021-07-20,MNQZ1,1447,14584.5,14770.0,14509.25,14730.75,1848
2021-07-21,MNQH2,7575,14708.75,14790.0,14708.75,14790.0,11
2021-07-21,MNQU1,3601,14742.75,14846.5,14666.75,14836.0,778140
2021-07-21,MNQU1-MNQZ1,36738,-10.95,-10.95,-12.45,-12.45,2
2021-07-21,MNQU2,7688,14675.0,14675.0,14675.0,14675.0,1
2021-07-21,MNQZ1,1447,14725.0,14830.25,14661.75,14823.75,1052
2021-07-22,MNQH2,7575,14821.25,14960.0,14821.25,14960.0,12
2021-07-22,MNQU1,3601,14835.75,14984.75,14829.0,14971.25,858976
2021-07-22,MNQU1-MNQZ1,36738,-11.65,-10.55,-12.25,-11.95,47
2021-07-22,MNQZ1,1447,14827.75,14970.25,14818.75,14960.75,1348
2021-07-23,MNQH2,7575,15080.0,15089.0,15080.0,15089.0,2
2021-07-23,MNQU1,3601,14971.5,15117.5,14934.25,15093.0,799884
2021-07-23,MNQU1-MNQZ1,36738,-11.95,-11.95,-12.4,-12.4,2
2021-07-23,MNQU2,7688,15000.0,15000.0,15000.0,15000.0,1
2021-07-23,MNQZ1,1447,14955.75,15105.25,14925.0,15080.0,1298
2021-07-25,MNQU1,3601,15098.0,15127.75,15091.25,15121.5,10933
2021-07-25,MNQZ1,1447,15088.75,15114.5,15083.25,15107.5,53
2021-07-26,MNQH2,7575,15090.0,15096.75,15090.0,15096.75,5
2021-07-26,MNQU1,3601,15121.75,15134.25,15038.75,15112.0,679032
2021-07-26,MNQU1-MNQZ1,36738,-11.0,-11.0,-11.85,-11.75,51
2021-07-26,MNQZ1,1447,15108.75,15122.5,15027.25,15104.0,788
2021-07-27,MNQH2,7575,15080.0,15105.0,14870.75,14880.75,17
2021-07-27,MNQU1,3601,15112.0,15131.5,14774.5,14920.75,1010408
2021-07-27,MNQU1-MNQZ1,36738,-11.25,-11.2,-11.3,-11.25,12
2021-07-27,MNQU2,7688,14775.0,14775.0,14775.0,14775.0,1
2021-07-27,MNQZ1,1447,15104.75,15118.25,14763.5,14907.0,3104
2021-07-28,MNQH2,7575,14940.0,15010.0,14940.0,14965.0,21
2021-07-28,MNQU1,3601,14920.5,15074.75,14893.25,14988.75,1003695
2021-07-28,MNQU1-MNQZ1,36738,-11.4,-11.4,-11.4,-11.4,15
2021-07-28,MNQZ1,1447,14912.5,15057.0,14887.0,14979.0,1578
2021-07-29,MNQH2,7575,14950.0,15060.25,14900.0,14900.0,24
2021-07-29,MNQU1,3601,14989.0,15084.0,14862.25,14870.5,737037
2021-07-29,MNQU1-MNQZ1,36738,-11.6,-11.6,-11.6,-11.6,20
2021-07-29,MNQZ1,1447,14977.25,15071.0,14851.0,14859.25,1590
2021-07-30,MNQH2,7575,14875.0,14941.5,14875.0,14941.5,3
2021-07-30,MNQU1,3601,14871.0,14979.75,14811.5,14967.25,795929
2021-07-30,MNQU1-MNQZ1,36738,-14.0,-11.0,-14.0,-11.0,27
2021-07-30,MNQU2,7688,14925.0,14925.0,14925.0,14925.0,1
2021-07-30,MNQZ1,1447,14858.5,14968.0,14800.5,14950.25,1572
2021-08-01,MNQU1,3601,14972.25,15012.0,14970.0,15001.75,12530
2021-08-01,MNQU1-MNQZ1,36738,-11.6,-10.0,-11.6,-10.0,2
2021-08-01,MNQZ1,1447,14962.25,14999.0,14962.25,14992.0,56
2021-08-02,MNQH2,7575,15000.0,15015.75,14935.0,14935.0,16
2021-08-02,MNQU1,3601,15002.0,15056.0,14932.5,14961.25,737898
2021-08-02,MNQU1-MNQZ1,36738,-10.0,-9.0,-11.45,-11.45,8
2021-08-02,MNQZ1,1447,14993.0,15044.0,14921.25,14946.0,1758
2021-08-03,MNQH2,7575,14900.0,15023.0,14875.0,15000.0,21
2021-08-03,MNQU1,3601,14962.0,15050.0,14848.75,15031.0,886968
2021-08-03,MNQU1-MNQZ1,36738,-9.75,-9.75,-11.65,-11.65,21
2021-08-03,MNQU2,7688,15000.0,15000.0,15000.0,15000.0,1
2021-08-03,MNQZ1,1447,14957.25,15037.0,14839.0,15023.75,1658
2021-08-04,MNQH2,7575,15035.0,15079.5,15020.75,15059.5,11
2021-08-04,MNQU1,3601,15030.75,15108.0,14996.75,15083.75,738019
2021-08-04,MNQU1-MNQZ1,36738,-11.65,-11.6,-11.65,-11.6,4
2021-08-04,MNQZ1,1447,15018.5,15095.0,14990.0,15068.0,1210
2021-08-05,MNQH2,7575,15106.0,15149.0,15105.75,15149.0,14
2021-08-05,MNQU1,3601,15083.25,15172.25,15069.5,15160.5,553771
2021-08-05,MNQZ1,1447,15074.0,15160.0,15058.75,15151.0,1351
2021-08-06,MNQH2,7575,15141.5,15141.5,15071.5,15094.0,13
2021-08-06,MNQU1,3601,15160.5,15169.5,15047.5,15092.75,692705
2021-08-06,MNQU1-MNQZ1,36738,-11.1,-8.0,-12.25,-9.25,9
2021-08-06,MNQU2,7688,15050.0,15050.0,15050.0,15050.0,2
2021-08-06,MNQZ1,1447,15148.0,15158.0,15040.0,15084.75,924
2021-08-08,MNQU1,3601,15091.25,15095.5,15003.5,15022.0,23287
2021-08-08,MNQZ1,1447,15081.25,15081.25,14994.75,15014.75,103
2021-08-09,MNQH2,7575,15079.0,15100.0,15079.0,15100.0,4
2021-08-09,MNQU1,3601,15021.75,15146.0,15012.25,15118.75,615170
2021-08-09,MNQU1-MNQZ1,36738,-11.0,-11.0,-12.0,-12.0,11
2021-08-09,MNQU2,7688,15070.0,15070.0,15070.0,15070.0,1
2021-08-09,MNQZ1,1447,15012.5,15134.0,15009.25,15106.75,691
2021-08-10,MNQH2,7575,15128.75,15128.75,15065.25,15065.25,4
2021-08-10,MNQU1,3601,15118.5,15157.25,14994.75,15035.5,753757
2021-08-10,MNQU2,7688,15080.0,15080.0,15080.0,15080.0,1
2021-08-10,MNQZ1,1447,15108.0,15145.0,14984.0,15025.5,1142
2021-08-11,MNQH2,7575,15005.0,15005.0,14968.75,14968.75,5
2021-08-11,MNQU1,3601,15035.5,15119.0,14963.0,14995.75,830915
2021-08-11,MNQU1-MNQZ1,36738,-12.0,-11.8,-12.1,-12.1,14
2021-08-11,MNQU2,7688,15015.0,15015.0,15015.0,15015.0,1
2021-08-11,MNQZ1,1447,15031.25,15105.0,14953.75,14984.75,1793
2021-08-12,MNQH2,7575,14973.75,15063.25,14943.75,15063.25,9
2021-08-12,MNQU1,3601,14995.25,15090.5,14941.0,15067.75,637135
2021-08-12,MNQU1-MNQZ1,36738,-12.0,-12.0,-12.0,-12.0,1
2021-08-12,MNQU2,7688,14925.5,14987.25,14925.5,14987.25,2
2021-08-12,MNQZ1,1447,14989.5,15078.0,14929.0,15057.25,1619
2021-08-13,MNQH2,7575,15066.75,15066.75,15063.75,15063.75,2
2021-08-13,MNQU1,3601,15067.75,15141.5,15055.25,15123.75,459503
2021-08-13,MNQU1-MNQZ1,36738,-12.4,-12.0,-12.4,-12.0,7
2021-08-13,MNQZ1,1447,15053.0,15128.75,15045.0,15102.25,1100
2021-08-15,MNQU1,3601,15120.0,15123.0,15105.0,15114.0,7234
2021-08-15,MNQZ1,1447,15098.75,15111.0,15093.5,15101.25,31
2021-08-16,MNQH2,7575,15063.0,15118.25,14925.0,15118.25,21
2021-08-16,MNQU1,3601,15114.0,15139.0,14917.0,15130.5,764268
2021-08-16,MNQU1-MNQZ1,36738,-11.9,-11.6,-11.9,-11.9,41
2021-08-16,MNQZ1,1447,15096.25,15128.0,14904.25,15120.0,2076
2021-08-17,MNQH2,7575,15100.0,15100.0,14900.0,14965.25,24
2021-08-17,MNQU1,3601,15130.0,15132.0,14897.0,14957.0,960508
2021-08-17,MNQU1-MNQZ1,36738,-11.7,-11.7,-13.1,-12.0,47
2021-08-17,MNQZ1,1447,15112.75,15114.25,14884.75,14948.0,1996
2021-08-18,MNQH2,7575,14983.25,15000.0,14800.0,14800.0,12
2021-08-18,MNQU1,3601,14956.75,15037.0,14806.5,14845.5,899772
2021-08-18,MNQU1-MNQZ1,36738,-13.0,-12.5,-13.0,-12.5,41
2021-08-18,MNQZ1,1447,14939.5,15024.25,14794.75,14828.75,2135
2021-08-19,MNQH2,7575,14836.0,14980.0,14700.0,14865.0,17
2021-08-19,MNQU1,3601,14845.25,14999.0,14711.0,14916.75,1141310
2021-08-19,MNQU1-MNQZ1,36738,-12.2,-12.2,-12.7,-12.55,23
2021-08-19,MNQZ1,1447,14834.0,14985.0,14700.0,14899.75,4017
2021-08-20,MNQH2,7575,14851.25,15079.5,14846.25,15079.5,17
2021-08-20,MNQU1,3601,14917.0,15100.0,14851.75,15095.0,711521
2021-08-20,MNQZ1,1447,14921.75,15088.0,14842.75,15088.0,2655
2021-08-22,MNQU1,3601,15092.25,15120.75,15087.5,15107.25,12454
2021-08-22,MNQZ1,1447,15087.75,15107.0,15087.75,15096.0,165
2021-08-23,MNQH2,7575,15100.0,15310.0,15100.0,15308.0,27
2021-08-23,MNQU1,3601,15107.5,15338.0,15103.25,15329.5,653964
2021-08-23,MNQU1-MNQZ1,36738,-12.6,-12.05,-12.6,-12.05,16
2021-08-23,MNQU2,7688,15200.0,15200.0,15200.0,15200.0,1
2021-08-23,MNQZ1,1447,15096.0,15325.0,15092.5,15316.75,3327
2021-08-24,MNQH2,7575,15320.75,15370.5,15293.75,15335.75,16
2021-08-24,MNQU1,3601,15329.75,15384.0,15309.25,15357.75,539809
2021-08-24,MNQU1-MNQZ1,36738,-12.05,-12.0,-12.05,-12.0,2
2021-08-24,MNQZ1,1447,15318.75,15371.75,15298.0,15342.5,1913
2021-08-25,MNQH2,7575,15334.75,15375.0,15334.5,15355.0,8
2021-08-25,MNQU1,3601,15357.5,15397.0,15333.0,15361.75,578027
2021-08-25,MNQU1-MNQZ1,36738,-11.65,-11.2,-11.65,-11.2,14
2021-08-25,MNQU2,7688,15310.5,15352.0,15310.5,15352.0,4
2021-08-25,MNQZ1,1447,15350.0,15384.25,15322.75,15354.0,1405
2021-08-26,MNQH2,7575,15341.5,15341.5,15252.0,15265.25,26
2021-08-26,MNQU1,3601,15361.75,15364.75,15255.5,15278.25,784477
2021-08-26,MNQU1-MNQZ1,36738,-11.8,-11.3,-11.8,-11.3,33
2021-08-26,MNQZ1,1447,15348.0,15352.0,15245.25,15268.25,1810
2021-08-27,MNQH2,7575,15319.0,15417.25,15272.0,15417.25,23
2021-08-27,MNQU1,3601,15278.0,15443.75,15265.5,15428.0,667944
2021-08-27,MNQU1-MNQZ1,36738,-10.65,-10.2,-11.3,-11.2,24
2021-08-27,MNQZ1,1447,15268.5,15439.75,15256.0,15425.25,2264
2021-08-29,MNQH2,7575,15410.75,15410.75,15410.75,15410.75,1
2021-08-29,MNQU1,3601,15431.75,15459.75,15426.0,15452.5,10950
2021-08-29,MNQZ1,1447,15423.75,15446.0,15415.25,15439.0,190
2021-08-30,MNQH2,7575,15404.25,15600.0,15404.25,15592.5,114
2021-08-30,MNQU1,3601,15452.5,15617.75,15420.0,15598.25,553423
2021-08-30,MNQU1-MNQZ1,36738,-10.6,-10.55,-12.95,-11.05,58
2021-08-30,MNQU2,7688,15400.0,15400.0,15400.0,15400.0,1
2021-08-30,MNQZ1,1447,15442.5,15605.75,15410.0,15589.25,3174
2021-08-31,MNQH2,7575,15605.0,15663.25,15520.25,15585.0,98
2021-08-31,MNQU1,3601,15598.75,15677.25,15514.0,15597.0,733602
2021-08-31,MNQU1-MNQH2,23909,-13.5,-13.5,-15.3,-15.3,20
2021-08-31,MNQU1-MNQZ1,36738,-11.05,-10.0,-11.05,-10.6,82
2021-08-31,MNQZ1,1447,15586.25,15667.75,15505.5,15587.25,2956
2021-09-01,MNQH2,7575,15595.5,15674.75,15573.75,15590.0,87
2021-09-01,MNQU1,3601,15596.75,15698.0,15577.75,15618.5,633290
2021-09-01,MNQU1-MNQH2,23909,-15.5,-14.5,-16.1,-15.6,5
2021-09-01,MNQU1-MNQZ1,36738,-10.4,-10.2,-11.0,-10.75,128
2021-09-01,MNQZ1,1447,15588.0,15685.5,15566.0,15605.0,3227
2021-09-02,MNQH2,7575,15620.0,15663.25,15537.75,15581.75,31
2021-09-02,MNQU1,3601,15619.0,15682.25,15551.25,15597.0,681654
2021-09-02,MNQU1-MNQH2,23909,-14.55,-14.55,-14.55,-14.55,1
2021-09-02,MNQU1-MNQZ1,36738,-10.35,-10.2,-10.9,-10.6,12
2021-09-02,MNQU2,7688,15571.5,15571.5,15571.5,15571.5,1
2021-09-02,MNQZ1,1447,15610.0,15671.0,15541.75,15586.25,2557
2021-09-02,MNQZ1-MNQH2,41023,-4.7,-4.7,-4.7,-4.7,7
2021-09-03,MNQH2,7575,15591.75,15650.0,15555.25,15650.0,31
2021-09-03,MNQM2,13505,15620.0,15620.0,15620.0,15620.0,1
2021-09-03,MNQU1,3601,15597.0,15677.5,15552.0,15653.5,648130
2021-09-03,MNQU1-MNQZ1,36738,-10.2,-10.1,-11.35,-10.6,77
2021-09-03,MNQU2,7688,15620.0,15620.0,15620.0,15620.0,1
2021-09-03,MNQZ1,1447,15599.25,15666.0,15542.0,15635.25,5688
2021-09-05,MNQU1,3601,15653.75,15663.75,15648.75,15650.25,6015
2021-09-05,MNQZ1,1447,15650.75,15652.5,15637.25,15638.5,118
2021-09-06,MNQH2,7575,15660.0,15690.0,15655.0,15690.0,13
2021-09-06,MNQU1,3601,15650.5,15708.75,15642.0,15689.25,87701
2021-09-06,MNQU1-MNQZ1,36738,-10.5,-10.2,-10.6,-10.2,59
2021-09-06,MNQZ1,1447,15640.5,15698.75,15631.0,15676.75,2356
2021-09-07,MNQH2,7575,15675.5,15689.0,15599.75,15645.0,72
2021-09-07,MNQU1,3601,15688.75,15701.5,15607.0,15662.0,683850
2021-09-07,MNQU1-MNQZ1,36738,-10.25,-9.5,-10.3,-9.9,714
2021-09-07,MNQZ1,1447,15676.75,15691.75,15597.25,15651.5,6471
2021-09-08,MNQH2,7575,15667.0,15667.0,15514.25,15599.0,109
2021-09-08,MNQU1,3601,15662.5,15691.0,15523.5,15600.0,862486
2021-09-08,MNQU1-MNQZ1,36738,-10.1,-9.0,-10.3,-9.0,169
2021-09-08,MNQZ1,1447,15655.75,15680.25,15515.0,15591.5,15071
2021-09-09,MNQH2,7575,15582.5,15660.0,15538.0,15553.5,88
2021-09-09,MNQU1,3601,15600.25,15676.5,15545.75,15564.0,802312
2021-09-09,MNQU1-MNQZ1,36738,-9.3,-6.5,-9.3,-8.25,566
2021-09-09,MNQZ1,1447,15591.0,15667.25,15538.25,15555.25,93206
2021-09-10,MNQH2,7575,15546.5,15652.75,15438.5,15440.75,122
2021-09-10,MNQU1,3601,15563.75,15667.5,15433.5,15443.5,432992
2021-09-10,MNQU1-MNQZ1,36738,-8.15,-7.25,-8.9,-7.3,1665
2021-09-10,MNQZ1,1447,15555.5,15659.75,15426.0,15437.75,554232
2021-09-10,MNQZ1-MNQH2,41023,-2.0,-2.0,-2.0,-2.0,4
2021-09-12,MNQH2,7575,15390.75,15491.25,15390.75,15491.25,22
2021-09-12,MNQU1,3601,15449.75,15495.5,15443.75,15491.75,8957
2021-09-12,MNQU1-MNQZ1,36738,-7.3,-6.45,-7.45,-7.4,93
2021-09-12,MNQZ1,1447,15445.0,15488.0,15438.25,15484.5,13181
2021-09-13,MNQH2,7575,15468.5,15550.0,15342.25,15438.0,260
2021-09-13,MNQM2,13505,15500.0,15500.0,15400.0,15400.0,4
2021-09-13,MNQU1,3601,15492.0,15565.0,15350.5,15452.0,315398
2021-09-13,MNQU1-MNQZ1,36738,-7.35,-6.2,-8.2,-6.85,1916
2021-09-13,MNQU2,7688,15400.0,15400.0,15400.0,15400.0,1
2021-09-13,MNQZ1,1447,15484.5,15557.5,15343.25,15445.25,816649
2021-09-14,MNQH2,7575,15455.0,15512.0,15341.5,15399.0,354
2021-09-14,MNQU1,3601,15452.0,15530.75,15352.25,15414.0,225348
2021-09-14,MNQU1-MNQH2,23909,-14.0,-10.0,-14.0,-10.0,147
2021-09-14,MNQU1-MNQZ1,36738,-6.6,-6.6,-7.75,-7.45,796
2021-09-14,MNQZ1,1447,15444.75,15523.75,15344.25,15407.0,734721
2021-09-15,MNQH2,7575,15405.75,15514.5,15310.0,15501.0,279
2021-09-15,MNQU1,3601,15414.5,15522.0,15314.5,15509.75,155778
2021-09-15,MNQU1-MNQH2,23909,-10.0,-10.0,-10.0,-10.0,10
2021-09-15,MNQU1-MNQZ1,36738,-6.95,-6.95,-8.25,-7.8,879
2021-09-15,MNQZ1,1447,15406.75,15514.5,15308.0,15501.75,700574
2021-09-16,MNQH2,7575,15502.5,15536.0,15362.25,15486.5,1046
2021-09-16,MNQU1,3601,15510.0,15542.0,15368.75,15491.0,123535
2021-09-16,MNQU1-MNQH2,23909,-10.5,-10.5,-10.5,-10.5,1
2021-09-16,MNQU1-MNQZ1,36738,-8.0,-8.0,-12.6,-9.25,994
2021-09-16,MNQZ1,1447,15501.75,15533.0,15359.0,15481.5,682177
2021-09-17,MNQH2,7575,15474.75,15526.0,15276.75,15281.75,2103
2021-09-17,MNQM2,13505,15480.0,15480.0,15365.75,15365.75,6
2021-09-17,MNQU1,3601,15491.75,15541.5,15474.0,15524.0,6187
2021-09-17,MNQU1-MNQZ1,36738,-9.25,-9.25,-15.0,-14.4,537
2021-09-17,MNQZ1,1447,15481.5,15528.25,15276.0,15285.0,852892
2021-09-17,MNQZ1-MNQH2,41023,3.25,4.85,2.75,3.5,126
2021-09-19,MNQH2,7575,15309.25,15328.0,15294.0,15328.0,32
2021-09-19,MNQZ1,1447,15285.0,15328.5,15282.5,15326.0,17898
2021-09-20,MNQH2,7575,15328.0,15333.25,14810.0,15034.5,2174
2021-09-20,MNQM2,13505,15039.25,15039.25,14866.0,14956.0,5
2021-09-20,MNQU2,7688,15300.0,15300.0,15300.0,15300.0,1
2021-09-20,MNQZ1,1447,15325.5,15338.0,14807.5,15028.75,1202455
2021-09-20,MNQZ1-MNQH2,41023,2.55,2.55,2.55,2.55,2
2021-09-20,MNQZ2,20332,15206.0,15206.0,14900.0,14900.0,2
2021-09-21,MNQH2,7575,15030.0,15160.0,14974.75,14975.0,1530
2021-09-21,MNQM2,13505,15000.0,15000.0,14966.0,14966.0,2
2021-09-21,MNQZ1,1447,15029.0,15163.5,14963.75,14973.0,999664
2021-09-22,MNQH2,7575,14965.5,15229.5,14935.0,15193.5,1454
2021-09-22,MNQM2,13505,14938.0,15150.0,14938.0,15150.0,11
2021-09-22,MNQZ1,1447,14972.75,15227.0,14929.25,15191.75,879708
2021-09-22,MNQZ1-MNQH2,41023,4.0,4.0,0.55,0.6,5
2021-09-23,MNQH2,7575,15198.25,15345.75,15180.0,15310.25,1367
2021-09-23,MNQM2,13505,15200.0,15300.0,15200.0,15300.0,5
2021-09-23,MNQZ1,1447,15191.5,15346.75,15175.5,15304.5,678667
2021-09-23,MNQZ1-MNQH2,41023,1.5,1.5,1.5,1.5,1
2021-09-24,MNQH2,7575,15305.0,15333.5,15184.5,15316.75,767
2021-09-24,MNQM2,13505,15175.0,15300.0,15175.0,15300.0,9
2021-09-24,MNQZ1,1447,15304.5,15334.0,15176.75,15317.25,651751
2021-09-24,MNQZ1-MNQH2,41023,1.0,1.0,1.0,1.0,2
2021-09-26,MNQH2,7575,15332.25,15332.25,15304.0,15321.0,25
2021-09-26,MNQZ1,1447,15318.75,15330.0,15301.25,15318.0,13742
2021-09-27,MNQH2,7575,15319.0,15399.0,15088.0,15181.25,1397
2021-09-27,MNQM2,13505,15209.75,15209.75,15095.5,15190.0,11
2021-09-27,MNQZ1,1447,15319.0,15399.5,15084.0,15168.5,793860
2021-09-27,MNQZ2,20332,15300.0,15300.0,15300.0,15300.0,1
2021-09-28,MNQH2,7575,15167.0,15192.75,14745.25,14799.0,2523
2021-09-28,MNQM2,13505,15106.0,15106.0,14764.5,14764.5,9
2021-09-28,MNQZ1,1447,15169.0,15192.25,14740.75,14801.75,1288903
2021-09-28,MNQZ1-MNQH2,41023,3.5,3.5,2.15,3.5,29
2021-09-28,MNQZ2,20332,14750.0,14750.0,14750.0,14750.0,1
2021-09-29,MNQH2,7575,14806.75,14924.0,14713.75,14791.5,1827
2021-09-29,MNQM2,13505,14752.0,14752.0,14741.0,14741.0,3
2021-09-29,MNQU2,7688,14742.75,14742.75,14742.75,14742.75,2
2021-09-29,MNQZ1,1447,14801.5,14926.25,14711.0,14789.25,1266950
2021-09-29,MNQZ1-MNQH2,41023,1.55,2.0,1.55,2.0,13
2021-09-30,MNQH2,7575,14795.0,14882.0,14672.75,14709.75,1561
2021-09-30,MNQM2,13505,14777.75,14800.0,14697.0,14697.0,5
2021-09-30,MNQZ1,1447,14788.75,14884.0,14670.0,14714.5,1249420
2021-09-30,MNQZ1-MNQH2,41023,1.75,3.0,1.75,3.0,8
2021-10-01,MNQH2,7575,14725.25,14817.0,14543.0,14780.5,1925
2021-10-01,MNQM2,13505,14650.0,14680.0,14538.25,14675.0,21
2021-10-01,MNQU2,7688,14518.5,14518.5,14518.5,14518.5,1
2021-10-01,MNQZ1,1447,14714.0,14818.0,14537.0,14779.5,1355839
2021-10-01,MNQZ1-MNQH2,41023,1.8,1.8,1.65,1.65,6
2021-10-03,MNQH2,7575,14791.25,14833.5,14782.25,14817.75,50
2021-10-03,MNQZ1,1447,14781.0,14835.75,14773.5,14814.75,32223
2021-10-04,MNQH2,7575,14812.75,14816.0,14371.0,14483.0,2132
2021-10-04,MNQM2,13505,14750.0,14750.0,14405.0,14433.0,16
2021-10-04,MNQZ1,1447,14815.0,14818.5,14367.75,14485.75,1592183
2021-10-04,MNQZ1-MNQH2,41023,1.8,2.15,0.75,2.1,27
2021-10-04,MNQZ2,20332,14600.0,14600.0,14500.0,14500.0,2
2021-10-05,MNQH2,7575,14479.75,14752.0,14412.5,14640.25,1607
2021-10-05,MNQM2,13505,14500.0,14713.0,14500.0,14710.0,15
2021-10-05,MNQZ1,1447,14486.5,14754.5,14410.0,14637.75,997247
2021-10-05,MNQZ1-MNQH2,41023,1.2,1.85,1.0,1.85,11
2021-10-05,MNQZ2,20332,14500.0,14500.0,14500.0,14500.0,1
2021-10-06,MNQH2,7575,14641.5,14830.0,14426.75,14814.5,2378
2021-10-06,MNQM2,13505,14466.0,14700.0,14453.0,14686.0,55
2021-10-06,MNQZ1,1447,14638.0,14829.75,14422.25,14809.0,1430774
2021-10-06,MNQZ1-MNQH2,41023,1.85,2.3,1.2,1.2,55
2021-10-07,MNQH2,7575,14813.0,15000.0,14800.25,14925.0,1418
2021-10-07,MNQM2,13505,14890.0,14932.25,14868.5,14880.0,17
2021-10-07,MNQZ1,1447,14809.25,15001.25,14798.75,14924.5,874705
2021-10-07,MNQZ1-MNQH2,41023,1.6,1.6,0.0,0.8,50
2021-10-08,MNQH2,7575,14919.25,14994.0,14790.0,14819.0,1191
2021-10-08,MNQM2,13505,14900.0,14952.5,14799.5,14850.0,7
2021-10-08,MNQZ1,1447,14924.25,14998.0,14791.0,14804.5,1055226
2021-10-08,MNQZ1-MNQH2,41023,1.0,1.4,0.7,1.4,12
2021-10-08,MNQZ2,20332,14790.5,14790.5,14790.5,14790.5,4
2021-10-10,MNQH2,7575,14816.25,14826.25,14709.0,14715.0,117
2021-10-10,MNQM2,13505,14746.25,14746.25,14746.25,14746.25,5
2021-10-10,MNQZ1,1447,14810.0,14828.75,14703.5,14717.25,41336
2021-10-10,MNQZ1-MNQH2,41023,1.05,1.05,1.05,1.05,1
2021-10-11,MNQH2,7575,14710.0,14897.25,14666.0,14688.25,1073
2021-10-11,MNQM2,13505,14700.0,14850.0,14700.0,14702.0,365
2021-10-11,MNQZ1,1447,14717.0,14896.75,14664.25,14684.75,906471
2021-10-12,MNQH2,7575,14685.25,14783.5,14589.0,14605.25,1797
2021-10-12,MNQM2,13505,14645.0,14750.0,14600.0,14600.0,22
2021-10-12,MNQZ1,1447,14684.75,14783.25,14585.5,14604.75,1139761
2021-10-12,MNQZ1-MNQH2,41023,1.0,1.0,0.25,0.7,35
2021-10-13,MNQH2,7575,14615.25,14807.0,14596.0,14803.25,1122
2021-10-13,MNQM2,13505,14600.0,14750.0,14600.0,14724.5,15
2021-10-13,MNQZ1,1447,14605.5,14809.75,14591.5,14804.25,1067189
2021-10-13,MNQZ1-MNQH2,41023,0.55,0.55,0.45,0.45,3
2021-10-14,MNQH2,7575,14808.0,15075.0,14807.75,15071.5,1477
2021-10-14,MNQM2,13505,14800.0,15040.25,14800.0,15040.25,32
2021-10-14,MNQU2,7688,14885.0,14885.0,14885.0,14885.0,1
2021-10-14,MNQZ1,1447,14804.0,15077.75,14802.25,15071.25,716481
2021-10-14,MNQZ1-MNQH2,41023,0.4,0.4,0.3,0.3,3
2021-10-14,MNQZ1-MNQM2,55989,-10.0,-10.0,-10.0,-10.0,1
2021-10-15,MNQH2,7575,15060.0,15147.0,15025.0,15143.0,858
2021-10-15,MNQM2,13505,15040.0,15123.0,15040.0,15123.0,4
2021-10-15,MNQZ1,1447,15071.25,15145.0,15020.75,15145.0,656448
2021-10-15,MNQZ1-MNQH2,41023,-0.8,-0.8,-0.8,-0.8,1
2021-10-17,MNQH2,7575,15155.0,15162.0,15079.0,15087.0,144
2021-10-17,MNQZ1,1447,15146.25,15166.75,15076.25,15082.0,24025
2021-10-18,MNQH2,7575,15087.0,15299.75,15042.0,15293.5,1032
2021-10-18,MNQM2,13505,15108.5,15276.75,15108.5,15276.75,13
2021-10-18,MNQZ1,1447,15082.0,15300.0,15038.5,15292.0,670035
2021-10-18,MNQZ1-MNQH2,41023,1.15,1.15,0.15,0.15,8
2021-10-19,MNQH2,7575,15294.5,15431.25,15275.5,15412.0,1033
2021-10-19,MNQM2,13505,15287.5,15399.0,15287.5,15399.0,4
2021-10-19,MNQZ1,1447,15292.25,15428.5,15275.25,15409.25,678543
2021-10-19,MNQZ1-MNQH2,41023,-0.8,0.9,-0.8,0.9,6
2021-10-20,MNQH2,7575,15402.5,15445.0,15322.0,15340.0,712
2021-10-20,MNQM2,13505,15395.0,15419.0,15340.0,15340.0,6
2021-10-20,MNQZ1,1447,15409.5,15446.75,15319.25,15335.25,684914
2021-10-20,MNQZ1-MNQH2,41023,1.0,1.1,1.0,1.1,7
2021-10-20,MNQZ2,20332,15350.0,15350.0,15350.0,15350.0,1
2021-10-21,MNQH2,7575,15338.5,15485.0,15305.0,15399.25,902
2021-10-21,MNQZ1,1447,15335.25,15483.75,15300.75,15391.75,665690
2021-10-21,MNQZ1-MNQH2,41023,1.1,1.1,1.1,1.1,1
2021-10-22,MNQH2,7575,15405.0,15460.75,15280.0,15325.0,1045
2021-10-22,MNQM2,13505,15410.5,15426.0,15300.0,15300.0,12
2021-10-22,MNQZ1,1447,15392.0,15463.75,15273.75,15324.0,935415
2021-10-24,MNQH2,7575,15330.0,15338.75,15297.25,15308.5,29
2021-10-24,MNQZ1,1447,15325.5,15337.25,15296.5,15306.25,21485
2021-10-25,MNQH2,7575,15305.5,15550.0,15305.5,15541.0,1287
2021-10-25,MNQM2,13505,15361.75,15512.5,15344.5,15511.0,28
2021-10-25,MNQZ1,1447,15306.0,15545.75,15304.75,15539.0,648432
2021-10-25,MNQZ1-MNQH2,41023,1.7,1.95,1.7,1.95,8
2021-10-26,MNQH2,7575,15544.0,15702.0,15506.0,15567.25,1505
2021-10-26,MNQM2,13505,15546.0,15685.0,15512.25,15512.25,124
2021-10-26,MNQU2,7688,15555.0,15670.0,15555.0,15640.0,10
2021-10-26,MNQZ1,1447,15539.75,15701.0,15502.75,15560.0,920328
2021-10-26,MNQZ1-MNQH2,41023,2.4,2.4,1.5,1.5,2
2021-10-27,MNQH2,7575,15560.5,15719.75,15511.25,15628.75,1284
2021-10-27,MNQM2,13505,15555.0,15634.5,15555.0,15601.5,6
2021-10-27,MNQZ1,1447,15560.25,15717.25,15507.25,15626.25,832891
2021-10-27,MNQZ1-MNQH2,41023,2.3,2.5,2.3,2.5,28
2021-10-28,MNQH2,7575,15629.0,15780.0,15596.25,15678.0,1427
2021-10-28,MNQM2,13505,15590.0,15747.5,15590.0,15680.0,23
2021-10-28,MNQZ1,1447,15626.5,15777.75,15591.25,15672.25,774154
2021-10-28,MNQZ1-MNQH2,41023,5.55,5.55,4.25,4.25,2
2021-10-28,MNQZ2,20332,15700.0,15700.0,15700.0,15700.0,2
2021-10-29,MNQH2,7575,15678.5,15868.0,15601.0,15868.0,1408
2021-10-29,MNQM2,13505,15656.0,15799.75,15618.25,15799.75,116
2021-10-29,MNQZ1,1447,15672.75,15869.0,15595.0,15869.0,814831
2021-10-29,MNQZ1-MNQH2,41023,5.55,5.55,5.55,5.55,10
2021-10-31,MNQH2,7575,15880.0,15900.0,15862.0,15885.5,151
2021-10-31,MNQZ1,1447,15875.0,15897.0,15855.0,15880.5,27271
2021-11-01,MNQH2,7575,15882.25,15922.25,15775.25,15880.25,1191
2021-11-01,MNQM2,13505,15887.25,15887.75,15775.0,15819.25,21
2021-11-01,MNQU2,7688,15820.0,15820.0,15820.0,15820.0,1
2021-11-01,MNQZ1,1447,15880.5,15914.75,15768.75,15876.25,669831
2021-11-01,MNQZ1-MNQH2,41023,3.75,3.75,3.75,3.75,12
2021-11-02,MNQH2,7575,15880.25,15985.0,15849.25,15950.0,947
2021-11-02,MNQM2,13505,15865.0,15970.0,15865.0,15956.0,42
2021-11-02,MNQU2,7688,15935.0,15935.0,15933.0,15933.0,6
2021-11-02,MNQZ1,1447,15876.5,15980.25,15849.5,15942.75,768454
2021-11-02,MNQZ1-MNQH2,41023,3.9,3.9,3.9,3.9,1
2021-11-03,MNQH2,7575,15948.25,16188.75,15939.0,16188.75,1194
2021-11-03,MNQM2,13505,15953.0,16172.0,15936.0,16172.0,41
2021-11-03,MNQZ1,1447,15943.0,16187.0,15935.0,16186.0,825115
2021-11-03,MNQZ1-MNQH2,41023,4.0,4.0,3.3,3.3,4
2021-11-04,MNQH2,7575,16186.5,16380.0,16157.0,16342.75,2051
2021-11-04,MNQM2,13505,16165.5,16350.0,16145.5,16350.0,43
2021-11-04,MNQU2,7688,16300.0,16350.0,16300.0,16350.0,3
2021-11-04,MNQZ1,1447,16185.25,16378.5,16152.75,16340.25,923257
2021-11-04,MNQZ2,20332,16300.0,16300.0,16300.0,16300.0,1
2021-11-05,MNQH2,7575,16345.0,16451.75,16299.5,16357.75,1527
2021-11-05,MNQM2,13505,16315.0,16432.0,16300.0,16343.5,44
2021-11-05,MNQZ1,1447,16340.0,16448.5,16292.25,16343.25,1039812
2021-11-05,MNQZ1-MNQH2,41023,3.95,5.55,3.5,3.5,5
2021-11-05,MNQZ2,20332,16400.0,16400.0,16342.5,16342.5,2
2021-11-07,MNQH2,7575,16337.75,16337.75,16285.0,16315.25,105
2021-11-07,MNQZ1,1447,16300.0,16334.5,16265.0,16312.25,20211
2021-11-08,MNQH2,7575,16319.5,16396.25,16279.0,16316.0,784
2021-11-08,MNQM2,13505,16280.0,16375.0,16277.5,16353.0,10
2021-11-08,MNQZ1,1447,16312.75,16394.25,16272.0,16310.75,893353
2021-11-08,MNQZ1-MNQH2,41023,4.2,4.2,3.35,3.35,7
2021-11-08,MNQZ2,20332,16325.0,16325.0,16325.0,16325.0,1
2021-11-09,MNQH2,7575,16317.0,16393.25,16165.0,16191.75,1365
2021-11-09,MNQM2,13505,16347.5,16375.0,16171.25,16171.25,34
2021-11-09,MNQZ1,1447,16310.75,16391.75,16160.0,16185.75,1212240
2021-11-09,MNQZ1-MNQH2,41023,3.3,3.5,3.3,3.45,68
2021-11-09,MNQZ2,20332,16175.0,16175.0,16175.0,16175.0,1
2021-11-10,MNQH2,7575,16191.25,16243.75,15902.0,15993.75,2765
2021-11-10,MNQM2,13505,16175.5,16200.0,15900.0,15972.75,66
2021-11-10,MNQZ1,1447,16185.5,16243.0,15897.75,15990.5,1339333
2021-11-10,MNQZ1-MNQH2,41023,3.5,3.5,2.6,3.0,14
2021-11-10,MNQZ1-MNQM2,55989,-10.95,-10.95,-10.95,-10.95,1
2021-11-10,MNQZ2,20332,16100.0,16100.0,15975.0,15975.0,2
2021-11-11,MNQH2,7575,16001.0,16115.0,15985.25,16059.0,1126
2021-11-11,MNQM2,13505,16040.0,16112.0,16040.0,16083.0,7
2021-11-11,MNQZ1,1447,15990.75,16113.5,15980.5,16064.5,828521
2021-11-11,MNQZ1-MNQH2,41023,2.8,3.3,2.75,3.05,64
2021-11-12,MNQH2,7575,16074.5,16218.75,16008.0,16201.5,1089
2021-11-12,MNQM2,13505,16050.0,16200.0,16038.75,16200.0,23
2021-11-12,MNQU2,7688,16160.0,16160.0,16160.0,16160.0,1
2021-11-12,MNQZ1,1447,16064.75,16213.5,16001.75,16201.75,785720
2021-11-12,MNQZ1-MNQH2,41023,2.8,2.8,2.6,2.6,14
2021-11-14,MNQH2,7575,16211.25,16241.5,16211.25,16225.75,110
2021-11-14,MNQM2,13505,16215.0,16215.0,16215.0,16215.0,1
2021-11-14,MNQZ1,1447,16211.0,16241.25,16210.0,16226.25,14621
2021-11-15,MNQH2,7575,16240.75,16280.0,16085.0,16193.0,1663
2021-11-15,MNQM2,13505,16215.0,16245.0,16086.5,16140.0,15
2021-11-15,MNQU2,7688,16130.0,16130.0,16130.0,16130.0,1
2021-11-15,MNQZ1,1447,16227.0,16276.5,16082.75,16189.75,888178
2021-11-15,MNQZ1-MNQH2,41023,3.2,3.2,3.2,3.2,1
2021-11-15,MNQZ2,20332,16160.0,16160.0,16160.0,16160.0,1
2021-11-16,MNQH2,7575,16193.0,16326.75,16141.5,16310.0,1510
2021-11-16,MNQM2,13505,16210.0,16309.5,16210.0,16292.0,16
2021-11-16,MNQU2,7688,16248.0,16248.0,16248.0,16248.0,1
2021-11-16,MNQZ1,1447,16189.75,16323.75,16142.5,16305.25,755041
2021-11-16,MNQZ1-MNQH2,41023,3.05,3.7,2.9,3.6,82
2021-11-17,MNQH2,7575,16310.0,16400.5,16274.25,16332.0,1705
2021-11-17,MNQM2,13505,16310.0,16365.0,16304.0,16315.5,27
2021-11-17,MNQZ1,1447,16305.25,16398.75,16269.75,16329.5,772696
2021-11-17,MNQZ1-MNQH2,41023,3.6,4.15,3.5,4.15,15
2021-11-18,MNQH2,7575,16335.25,16511.25,16310.0,16502.0,2193
2021-11-18,MNQM2,13505,16329.75,16493.0,16316.75,16493.0,47
2021-11-18,MNQZ1,1447,16329.25,16509.25,16303.75,16496.0,880566
2021-11-18,MNQZ1-MNQH2,41023,2.9,3.6,2.9,3.1,5
2021-11-19,MNQH2,7575,16501.5,16631.5,16497.25,16586.25,2653
2021-11-19,MNQM2,13505,16566.75,16612.5,16503.0,16581.0,29
2021-11-19,MNQZ1,1447,16495.75,16628.5,16492.75,16588.25,831219
2021-11-19,MNQZ1-MNQH2,41023,3.5,3.5,3.5,3.5,2
2021-11-19,MNQZ2,20332,16496.0,16600.0,16496.0,16600.0,3
2021-11-21,MNQH2,7575,16595.25,16622.5,16593.5,16593.5,83
2021-11-21,MNQZ1,1447,16599.75,16619.0,16587.75,16588.75,11110
2021-11-22,MNQH2,7575,16590.0,16770.0,16369.75,16401.5,3324
2021-11-22,MNQM2,13505,16614.0,16753.75,16370.0,16405.0,105
2021-11-22,MNQU2,7688,16650.0,16705.0,16450.0,16450.0,8
2021-11-22,MNQZ1,1447,16588.75,16767.5,16364.75,16396.75,1071487
2021-11-22,MNQZ1-MNQH2,41023,3.7,4.45,3.2,4.45,9
2021-11-22,MNQZ2,20332,16600.0,16700.0,16450.0,16450.0,6
2021-11-23,MNQH2,7575,16403.0,16422.0,16125.0,16291.0,3696
2021-11-23,MNQM2,13505,16385.0,16400.0,16120.0,16271.5,159
2021-11-23,MNQU2,7688,16340.0,16340.0,16150.0,16186.0,5
2021-11-23,MNQZ1,1447,16397.5,16418.75,16118.5,16286.5,1480693
2021-11-23,MNQZ1-MNQH2,41023,4.5,5.2,4.5,4.6,82
2021-11-23,MNQZ1-MNQM2,55989,-5.0,-5.0,-7.0,-7.0,2
2021-11-23,MNQZ2,20332,16225.0,16225.0,16125.0,16125.0,2
2021-11-24,MNQH2,7575,16295.5,16374.5,16108.5,16364.75,3205
2021-11-24,MNQM2,13505,16276.25,16350.25,16092.75,16344.25,146
2021-11-24,MNQU2,7688,16292.25,16350.0,16150.0,16350.0,3
2021-11-24,MNQZ1,1447,16287.0,16368.5,16102.0,16357.75,1084139
2021-11-24,MNQZ1-MNQH2,41023,4.85,4.85,4.85,4.85,1
2021-11-24,MNQZ2,20332,16225.0,16225.0,16225.0,16225.0,1
2021-11-25,MNQH2,7575,16364.0,16440.25,16364.0,16375.0,776
2021-11-25,MNQM2,13505,16375.0,16414.0,16370.0,16395.5,25
2021-11-25,MNQZ1,1447,16358.0,16435.75,16356.75,16371.0,171774
2021-11-25,MNQZ1-MNQH2,41023,4.85,4.85,4.85,4.85,1
2021-11-26,MNQH2,7575,16370.75,16375.75,15994.25,16046.25,4084
2021-11-26,MNQM2,13505,16300.0,16309.0,15992.25,16040.0,145
2021-11-26,MNQU2,7688,16320.0,16320.0,16320.0,16320.0,1
2021-11-26,MNQZ1,1447,16370.25,16373.0,15988.0,16044.75,1164308
2021-11-26,MNQZ1-MNQH2,41023,5.6,5.6,5.0,5.4,207
2021-11-26,MNQZ2,20332,16200.0,16200.0,16060.0,16060.0,2
2021-11-28,MNQH2,7575,16041.25,16183.0,16038.25,16174.5,455
2021-11-28,MNQM2,13505,16125.0,16160.0,16125.0,16160.0,5
2021-11-28,MNQZ1,1447,16046.25,16178.0,16037.0,16168.75,45648
2021-11-29,MNQH2,7575,16187.5,16447.25,16172.25,16430.0,3941
2021-11-29,MNQM2,13505,16175.0,16421.25,16175.0,16391.5,100
2021-11-29,MNQZ1,1447,16169.25,16441.0,16166.75,16431.0,1097096
2021-11-29,MNQZ1-MNQH2,41023,5.15,5.3,4.9,5.0,16
2021-11-30,MNQH2,7575,16437.75,16466.0,16072.0,16226.5,4973
2021-11-30,MNQM2,13505,16430.0,16435.0,16080.5,16250.0,179
2021-11-30,MNQU2,7688,16375.0,16387.25,16325.5,16325.5,3
2021-11-30,MNQZ1,1447,16431.0,16456.5,16068.25,16224.75,1686713
2021-11-30,MNQZ1-MNQH2,41023,5.2,5.9,4.75,5.1,94
2021-11-30,MNQZ2,20332,16150.0,16150.0,16150.0,16150.0,1
2021-12-01,MNQH2,7575,16226.25,16432.5,15837.75,15951.0,6324
2021-12-01,MNQM2,13505,16235.0,16400.75,15820.0,15920.0,313
2021-12-01,MNQU2,7688,16312.5,16312.5,16100.0,16100.0,4
2021-12-01,MNQZ1,1447,16223.75,16427.75,15826.5,15948.5,1472856
2021-12-01,MNQZ1-MNQH2,41023,5.2,7.5,3.95,6.6,156
2021-12-01,MNQZ2,20332,16000.0,16000.0,15985.0,15985.0,3
2021-12-02,MNQH2,7575,15954.5,16070.75,15768.5,15941.5,9870
2021-12-02,MNQM2,13505,15945.0,16038.0,15800.0,15945.5,164
2021-12-02,MNQU2,7688,15850.25,15850.25,15850.25,15850.25,2
2021-12-02,MNQZ1,1447,15948.75,16066.5,15763.25,15937.5,1742256
2021-12-02,MNQZ1-MNQH2,41023,8.0,8.0,5.15,5.15,53
2021-12-02,MNQZ2,20332,15801.0,15801.0,15800.0,15800.0,3
2021-12-03,MNQH2,7575,15941.5,16125.0,15545.0,15684.25,16070
2021-12-03,MNQM2,13505,15953.25,16100.0,15540.0,15690.0,288
2021-12-03,MNQU2,7688,16100.0,16100.0,15587.25,15587.25,6
2021-12-03,MNQZ1,1447,15936.75,16121.75,15538.0,15686.0,1482511
2021-12-03,MNQZ1-MNQH2,41023,4.05,6.3,4.05,6.0,40
2021-12-03,MNQZ2,20332,15775.0,15775.0,15600.0,15600.0,6
2021-12-05,MNQH2,7575,15724.0,15756.75,15687.25,15744.75,710
2021-12-05,MNQM2,13505,15717.0,15725.25,15696.5,15725.25,5
2021-12-05,MNQZ1,1447,15703.75,15752.75,15681.75,15738.75,30421
2021-12-06,MNQH2,7575,15743.75,15901.0,15566.25,15848.25,25379
2021-12-06,MNQM2,13505,15728.5,15888.0,15569.5,15828.5,220
2021-12-06,MNQU2,7688,15850.0,15850.0,15850.0,15850.0,1
2021-12-06,MNQZ1,1447,15738.75,15897.0,15559.25,15842.5,1325133
2021-12-06,MNQZ1-MNQH2,41023,6.0,6.05,3.9,4.5,63
2021-12-07,MNQH2,7575,15847.5,16380.0,15829.0,16343.75,46916
2021-12-07,MNQM2,13505,15837.25,16341.5,15837.25,16335.25,246
2021-12-07,MNQZ1,1447,15842.5,16375.0,15825.0,16343.0,904671
2021-12-07,MNQZ1-MNQH2,41023,3.85,4.85,1.9,4.3,3065
2021-12-08,MNQH2,7575,16347.5,16440.0,16256.25,16379.75,45469
2021-12-08,MNQM2,13505,16344.0,16420.0,16255.5,16387.0,174
2021-12-08,MNQU2,7688,16290.0,16290.0,16290.0,16290.0,1
2021-12-08,MNQZ1,1447,16343.0,16436.0,16251.5,16377.75,859955
2021-12-08,MNQZ1-MNQH2,41023,4.3,5.5,2.9,5.5,1216
2021-12-09,MNQH2,7575,16380.75,16422.75,16123.0,16178.5,167416
2021-12-09,MNQM2,13505,16366.75,16410.0,16112.75,16157.0,217
2021-12-09,MNQZ1,1447,16377.75,16420.0,16120.25,16175.0,973693
2021-12-09,MNQZ1-MNQH2,41023,3.5,3.7,-0.4,3.05,1535
2021-12-09,MNQZ2,20332,16300.0,16300.0,16200.0,16200.0,2
2021-12-10,MNQH2,7575,16177.75,16337.25,16135.75,16324.25,725910
2021-12-10,MNQH2-MNQM2,41550,-10.0,-9.25,-10.0,-9.25,2
2021-12-10,MNQM2,13505,16167.0,16325.0,16136.5,16310.0,334
2021-12-10,MNQU2,7688,16168.25,16230.75,16168.25,16230.75,2
2021-12-10,MNQZ1,1447,16174.75,16336.0,16127.5,16318.25,484934
2021-12-10,MNQZ1-MNQH2,41023,3.05,3.4,-0.15,1.8,1638
2021-12-12,MNQH2,7575,16324.0,16368.75,16324.0,16361.75,9623
2021-12-12,MNQH2-MNQM2,41550,-7.6,-7.6,-7.6,-7.6,1
2021-12-12,MNQM2,13505,16335.5,16356.0,16323.5,16332.75,121
2021-12-12,MNQZ1,1447,16321.0,16365.25,16321.0,16360.5,4960
2021-12-12,MNQZ1-MNQH2,41023,2.45,2.45,1.2,1.2,31
2021-12-12,MNQZ2,20332,16300.0,16300.0,16300.0,16300.0,1
2021-12-13,MNQH2,7575,16361.5,16413.75,16063.5,16090.75,865978
2021-12-13,MNQH2-MNQM2,41550,-6.8,-6.8,-6.8,-6.8,4
2021-12-13,MNQM2,13505,16354.0,16404.0,16060.0,16085.0,707
2021-12-13,MNQU2,7688,16200.0,16200.0,16200.0,16200.0,1
2021-12-13,MNQZ1,1447,16360.0,16411.75,16064.0,16091.0,363160
2021-12-13,MNQZ1-MNQH2,41023,1.75,2.6,-0.75,-0.2,1415
2021-12-13,MNQZ2,20332,16150.0,16150.0,16150.0,16150.0,1
2021-12-14,MNQH2,7575,16091.0,16133.0,15734.5,15914.25,1078312
2021-12-14,MNQH2-MNQM2,41550,-5.65,-4.1,-5.65,-4.1,11
2021-12-14,MNQM2,13505,16098.75,16118.5,15736.0,15901.0,640
2021-12-14,MNQZ1,1447,16091.75,16133.5,15738.75,15916.25,363004
2021-12-14,MNQZ1-MNQH2,41023,0.0,0.25,-6.15,-1.5,1248
2021-12-14,MNQZ2,20332,15810.0,15810.0,15810.0,15810.0,1
2021-12-15,MNQH2,7575,15914.25,16338.0,15740.25,16323.5,1420229
2021-12-15,MNQM2,13505,15926.25,16325.0,15750.0,16315.0,1502
2021-12-15,MNQU2,7688,15913.75,15999.0,15905.25,15999.0,3
2021-12-15,MNQZ1,1447,15917.25,16342.25,15744.5,16327.5,234383
2021-12-15,MNQZ1-MNQH2,41023,-1.85,-1.3,-10.0,-4.1,1683
2021-12-15,MNQZ1-MNQM2,55989,-7.75,-7.75,-7.75,-7.75,1
2021-12-15,MNQZ2,20332,15800.0,15800.0,15800.0,15800.0,1
2021-12-16,MNQH2,7575,16323.25,16457.0,15792.75,15838.75,1358656
2021-12-16,MNQM2,13505,16311.0,16453.5,15793.25,15837.25,1655
2021-12-16,MNQU2,7688,16150.0,16150.0,15848.25,15848.25,6
2021-12-16,MNQZ1,1447,16326.75,16459.25,15800.25,15840.25,255412
2021-12-16,MNQZ1-MNQH2,41023,-4.5,-2.1,-7.4,-2.75,1935
2021-12-16,MNQZ2,20332,16050.0,16050.0,15850.0,15850.0,2
2021-12-17,MNQH2,7575,15839.0,15956.75,15651.0,15830.0,1509607
2021-12-17,MNQH2-MNQM2,41550,3.45,3.45,-1.2,0.4,959
2021-12-17,MNQM2,13505,15842.25,15957.5,15660.0,15822.5,2237
2021-12-17,MNQU2,7688,15699.75,15699.75,15699.75,15699.75,3
2021-12-17,MNQZ1,1447,15844.5,15902.0,15668.5,15712.0,9818
2021-12-17,MNQZ1-MNQH2,41023,-3.5,-2.75,-9.4,-7.5,212
2021-12-19,MNQH2,7575,15810.0,15851.75,15695.0,15706.75,38448
2021-12-19,MNQM2,13505,15820.5,15850.0,15696.5,15708.25,201
2021-12-20,MNQH2,7575,15707.25,15732.75,15491.75,15720.25,1193509
2021-12-20,MNQH2-MNQM2,41550,0.25,0.7,-0.25,0.15,31
2021-12-20,MNQH2-MNQU2,41248,-0.05,-0.05,-0.05,-0.05,1
2021-12-20,MNQM2,13505,15715.25,15730.0,15495.0,15714.0,2040
2021-12-20,MNQU2,7688,15559.25,15646.0,15500.0,15646.0,7
2021-12-20,MNQZ2,20332,15610.0,15610.0,15610.0,15610.0,1
2021-12-21,MNQH2,7575,15720.5,15995.0,15605.25,15960.0,998467
2021-12-21,MNQH2-MNQM2,41550,1.5,1.5,1.5,1.5,1
2021-12-21,MNQM2,13505,15709.5,15986.25,15608.0,15959.0,2467
2021-12-21,MNQU2,7688,15800.0,15800.0,15700.0,15800.0,6
2021-12-22,MNQH2,7575,15960.25,16195.0,15882.25,16185.0,830259
2021-12-22,MNQH2-MNQM2,41550,-0.05,-0.05,-0.05,-0.05,1
2021-12-22,MNQM2,13505,15963.0,16192.75,15878.75,16180.0,2782
2021-12-22,MNQU2,7688,15940.25,15940.25,15900.0,15900.0,3
2021-12-23,MNQH2,7575,16185.25,16355.75,16145.25,16302.5,581894
2021-12-23,MNQH2-MNQM2,41550,-0.25,-0.25,-0.65,-0.55,100
2021-12-23,MNQM2,13505,16183.5,16364.0,16150.0,16298.75,1693
2021-12-23,MNQU2,7688,16177.5,16335.75,16177.5,16335.75,5
2021-12-26,MNQH2,7575,16304.25,16349.5,16304.25,16342.25,11532
2021-12-26,MNQH2-MNQM2,41550,-0.65,-0.65,-0.65,-0.65,1
2021-12-26,MNQM2,13505,16333.25,16347.75,16320.5,16333.25,62
2021-12-27,MNQH2,7575,16342.25,16580.75,16304.5,16554.75,554008
2021-12-27,MNQH2-MNQM2,41550,-2.8,-2.05,-2.8,-2.05,7
2021-12-27,MNQM2,13505,16343.0,16578.5,16303.75,16549.75,2042
2021-12-27,MNQZ2,20332,16480.0,16480.0,16480.0,16480.0,2
2021-12-28,MNQH2,7575,16555.0,16658.5,16453.25,16539.25,785045
2021-12-28,MNQH2-MNQM2,41550,-2.45,-2.4,-3.0,-2.8,45
2021-12-28,MNQH3,8071,16525.0,16525.0,16525.0,16525.0,1
2021-12-28,MNQM2,13505,16546.0,16656.0,16454.0,16521.75,1729
2021-12-28,MNQU2,7688,16650.5,16650.5,16650.5,16650.5,1
2021-12-29,MNQH2,7575,16538.75,16564.0,16387.75,16463.25,653479
2021-12-29,MNQH3,8071,16450.0,16450.0,16450.0,16450.0,1
2021-12-29,MNQM2,13505,16540.25,16560.0,16386.0,16462.25,983
2021-12-30,MNQH2,7575,16462.75,16567.5,16411.25,16438.25,557315
2021-12-30,MNQH3,8071,16450.0,16450.0,16450.0,16450.0,1
2021-12-30,MNQM2,13505,16457.0,16562.75,16414.25,16431.75,1076
2021-12-31,MNQH2,7575,16437.75,16464.0,16313.25,16333.5,546010
2021-12-31,MNQH2-MNQM2,41550,-2.8,-2.8,-3.75,-3.6,27
2021-12-31,MNQH3,8071,16375.0,16375.0,16375.0,16375.0,1
2021-12-31,MNQM2,13505,16422.0,16460.0,16320.0,16333.75,769
2022-01-02,MNQH2,7575,16355.0,16420.0,16355.0,16384.25,13160
2022-01-02,MNQM2,13505,16336.0,16391.0,16336.0,16379.5,58
2022-01-03,MNQH2,7575,16384.25,16509.5,16291.5,16484.0,864953
2022-01-03,MNQM2,13505,16387.25,16505.0,16291.25,16478.0,1533
2022-01-03,MNQU2,7688,16366.25,16366.25,16366.25,16366.25,2
2022-01-04,MNQH2,7575,16484.25,16564.0,16139.75,16233.0,971657
2022-01-04,MNQH2-MNQM2,41550,-3.3,-0.75,-4.95,-3.45,69
2022-01-04,MNQH3,8071,16300.0,16300.0,16300.0,16300.0,1
2022-01-04,MNQM2,13505,16481.75,16560.0,16138.0,16231.25,2323
2022-01-04,MNQU2,7688,16410.0,16410.0,16200.0,16200.0,3
2022-01-04,MNQZ2,20332,16167.25,16167.25,16166.0,16166.0,2
2022-01-05,MNQH2,7575,16233.25,16259.0,15712.0,15784.5,1310966
2022-01-05,MNQH2-MNQM2,41550,-4.95,-3.3,-4.95,-3.3,2
2022-01-05,MNQH3,8071,16150.0,16150.0,15800.0,15800.0,3
2022-01-05,MNQM2,13505,16224.75,16252.75,15709.5,15784.75,2314
2022-01-05,MNQU2,7688,16120.25,16120.25,15799.0,15799.0,6
2022-01-06,MNQH2,7575,15784.5,15895.75,15598.5,15817.5,1467841
2022-01-06,MNQH2-MNQM2,41550,-4.95,-1.8,-4.95,-1.8,93
2022-01-06,MNQH3,8071,15700.0,15700.0,15700.0,15700.0,1
2022-01-06,MNQM2,13505,15781.0,15891.25,15595.5,15816.0,3043
2022-01-06,MNQU2,7688,15666.5,15888.0,15629.0,15758.0,8
2022-01-07,MNQH2,7575,15817.25,15853.25,15510.25,15572.75,1374479
2022-01-07,MNQH2-MNQM2,41550,-3.5,-0.5,-3.85,-3.75,151
2022-01-07,MNQM2,13505,15821.0,15849.5,15507.0,15571.75,2966
2022-01-07,MNQU2,7688,15830.0,15833.75,15575.5,15612.75,31
2022-01-09,MNQH2,7575,15589.5,15611.25,15514.25,15559.0,34017
2022-01-09,MNQM2,13505,15592.25,15593.75,15515.0,15557.25,173
2022-01-10,MNQH2,7575,15559.75,15668.75,15152.5,15627.75,1865102
2022-01-10,MNQH2-MNQM2,41550,-4.0,-3.0,-4.0,-3.4,73
2022-01-10,MNQM2,13505,15558.25,15660.5,15150.0,15621.75,5411
2022-01-10,MNQU2,7688,15631.0,15656.0,15196.0,15428.75,38
2022-01-10,MNQZ2,20332,15580.0,15580.0,15228.0,15228.0,4
2022-01-11,MNQH2,7575,15627.75,15842.0,15474.5,15820.75,1462567
2022-01-11,MNQM2,13505,15629.5,15836.0,15470.75,15814.0,2808
2022-01-11,MNQU2,7688,15699.0,15836.0,15500.0,15800.0,19
2022-01-12,MNQH2,7575,15820.75,16009.5,15762.5,15893.0,1460594
2022-01-12,MNQH2-MNQM2,41550,-3.35,-3.35,-3.35,-3.35,20
2022-01-12,MNQH3,8071,15833.75,15833.75,15833.75,15833.75,1
2022-01-12,MNQM2,13505,15821.0,16003.75,15762.25,15882.75,2640
2022-01-12,MNQU2,7688,15819.5,16005.0,15800.0,15900.0,21
2022-01-13,MNQH2,7575,15892.75,15979.25,15458.25,15498.0,1516854
2022-01-13,MNQH2-MNQM2,41550,-2.85,-2.8,-3.0,-2.9,90
2022-01-13,MNQH3,8071,15570.0,15570.0,15570.0,15570.0,1
2022-01-13,MNQM2,13505,15882.75,15975.0,15456.5,15492.75,3052
2022-01-13,MNQU2,7688,15850.0,15950.0,15500.0,15500.0,27
2022-01-14,MNQH2,7575,15497.75,15620.0,15312.25,15619.75,1643836
2022-01-14,MNQH2-MNQM2,41550,-2.75,-2.2,-2.75,-2.25,40
2022-01-14,MNQH3,8071,15537.25,15537.5,15537.25,15537.5,2
2022-01-14,MNQM2,13505,15484.5,15616.0,15310.0,15616.0,3200
2022-01-14,MNQU2,7688,15525.0,15613.0,15363.0,15613.0,22
2022-01-14,MNQZ2,20332,15537.5,15537.5,15537.5,15537.5,2
2022-01-16,MNQH2,7575,15616.75,15653.75,15565.75,15581.75,21854
2022-01-16,MNQM2,13505,15617.5,15646.25,15574.25,15584.0,114
2022-01-17,MNQH2,7575,15582.5,15636.25,15507.5,15588.25,328013
2022-01-17,MNQH2-MNQM2,41550,-1.25,-1.15,-1.6,-1.15,9
2022-01-17,MNQH3,8071,15650.25,15650.25,15650.25,15650.25,1
2022-01-17,MNQM2,13505,15580.0,15630.0,15510.0,15585.0,616
2022-01-17,MNQZ2,20332,15593.25,15604.5,15593.25,15604.5,2
2022-01-18,MNQH2,7575,15587.75,15602.75,15170.75,15193.75,1655726
2022-01-18,MNQM2,13505,15582.25,15600.0,15180.0,15200.0,2528
2022-01-18,MNQU2,7688,15501.0,15505.0,15180.0,15250.25,32
2022-01-18,MNQZ2,20332,15560.5,15560.5,15248.0,15248.0,4
2022-01-19,MNQH2,7575,15194.25,15372.25,14993.25,15005.5,1907317
2022-01-19,MNQH2-MNQM2,41550,-1.5,-0.25,-1.5,-1.05,37
2022-01-19,MNQH3,8071,15163.25,15163.25,15163.25,15163.25,1
2022-01-19,MNQM2,13505,15197.0,15373.75,14995.75,15011.75,3636
2022-01-19,MNQU2,7688,15183.0,15368.0,15030.0,15058.0,107
2022-01-20,MNQH2,7575,15005.25,15340.5,14646.75,14744.75,1613605
2022-01-20,MNQH2-MNQM2,41550,-1.9,-1.9,-1.9,-1.9,20
2022-01-20,MNQH3,8071,14900.0,14900.0,14900.0,14900.0,1
2022-01-20,MNQM2,13505,15013.0,15335.0,14643.5,14735.25,4973
2022-01-20,MNQU2,7688,15058.0,15299.0,14700.0,14750.0,59
2022-01-20,MNQZ2,20332,15091.5,15091.5,14713.0,14713.0,2
2022-01-21,MNQH2,7575,14744.75,14858.5,14408.25,14412.5,2334116
2022-01-21,MNQH2-MNQM2,41550,-1.45,-0.85,-1.8,-1.45,110
2022-01-21,MNQH2-MNQU2,41248,10.45,10.95,10.45,10.95,2
2022-01-21,MNQM2,13505,14750.0,14854.75,14404.5,14410.0,6885
2022-01-21,MNQU2,7688,14750.0,14808.75,14440.75,14440.75,36
2022-01-23,MNQH2,7575,14409.75,14562.5,14377.75,14550.75,55648
2022-01-23,MNQM2,13505,14420.5,14564.0,14380.0,14552.0,461
2022-01-23,MNQZ2,20332,14430.0,14540.0,14430.0,14540.0,8
2022-01-24,MNQH2,7575,14550.0,14579.75,13706.25,14480.5,3004362
2022-01-24,MNQH2-MNQM2,41550,-1.3,0.0,-4.6,-3.05,222
2022-01-24,MNQH3,8071,14400.0,14400.0,14400.0,14400.0,8
2022-01-24,MNQM2,13505,14542.25,14575.0,13704.75,14476.5,12441
2022-01-24,MNQU2,7688,14205.0,14513.25,13780.0,14513.25,44
2022-01-24,MNQZ2,20332,14550.0,14550.0,13804.5,13888.5,31
2022-01-25,MNQH2,7575,14481.25,14490.0,13890.0,14192.25,2511648
2022-01-25,MNQH2-MNQM2,41550,-1.6,-1.15,-1.9,-1.5,58
2022-01-25,MNQM2,13505,14484.0,14484.0,13888.0,14190.0,6316
2022-01-25,MNQU2,7688,14450.0,14450.0,13984.25,13984.25,13
2022-01-25,MNQZ2,20332,14080.25,14080.25,14080.25,14080.25,1
2022-01-26,MNQH2,7575,14192.5,14642.25,13976.75,14267.75,2256939
2022-01-26,MNQH2-MNQM2,41550,-4.75,-0.45,-4.75,-0.45,25
2022-01-26,MNQH3,8071,14450.0,14455.0,14450.0,14450.0,4
2022-01-26,MNQM2,13505,14171.5,14635.0,13983.25,14268.0,4857
2022-01-26,MNQU2,7688,14306.75,14580.0,14115.0,14180.0,42
2022-01-26,MNQZ2,20332,14253.0,14253.0,14100.0,14230.0,5
2022-01-27,MNQH2,7575,14267.0,14409.75,13845.25,14096.75,2134306
2022-01-27,MNQH2-MNQM2,41550,3.2,3.2,-0.2,0.25,22
2022-01-27,MNQM2,13505,14268.25,14402.5,13847.0,14100.0,6824
2022-01-27,MNQU2,7688,13900.0,14395.0,13875.0,14123.0,50
2022-01-28,MNQH2,7575,14095.75,14442.5,13830.75,14429.5,2084604
2022-01-28,MNQH2-MNQM2,41550,1.0,4.05,0.5,0.5,41
2022-01-28,MNQM2,13505,14101.0,14441.25,13831.75,14433.75,5080
2022-01-28,MNQU2,7688,14150.0,14340.0,13930.0,14340.0,59
2022-01-28,MNQZ2,20332,13950.0,13950.0,13942.0,13942.0,2
2022-01-30,MNQH2,7575,14450.0,14473.75,14353.5,14398.5,34223
2022-01-30,MNQM2,13505,14451.0,14454.75,14355.5,14392.25,173
2022-01-31,MNQH2,7575,14397.0,14914.5,14367.25,14869.75,1453108
2022-01-31,MNQH2-MNQM2,41550,0.8,1.35,0.8,1.25,31
2022-01-31,MNQM2,13505,14398.5,14911.25,14371.5,14866.75,4067
2022-01-31,MNQU2,7688,14498.75,14728.0,14465.0,14728.0,19
2022-01-31,MNQZ2,20332,14485.0,14552.5,14485.0,14500.0,3
2022-02-01,MNQH2,7575,14870.25,15138.0,14729.25,15120.75,1510633
2022-02-01,MNQH2-MNQM2,41550,1.3,1.4,1.3,1.4,23
2022-02-01,MNQM2,13505,14871.5,15138.0,14733.0,15118.25,5024
2022-02-01,MNQU2,7688,14852.0,15145.0,14756.0,15145.0,35
2022-02-01,MNQZ2,20332,14948.5,14948.5,14948.5,14948.5,1
2022-02-02,MNQH2,7575,15120.25,15261.5,14755.75,14765.5,1491721
2022-02-02,MNQH2-MNQM2,41550,-1.45,1.5,-1.45,1.0,47
2022-02-02,MNQH3,8071,15291.5,15300.0,15291.5,15294.25,9
2022-02-02,MNQM2,13505,15125.5,15262.5,14759.75,14764.75,5682
2022-02-02,MNQU2,7688,15210.25,15250.0,14800.0,14800.0,45
2022-02-02,MNQZ2,20332,15077.0,15077.0,15077.0,15077.0,1
2022-02-03,MNQH2,7575,14766.25,14870.0,14456.5,14762.75,1543597
2022-02-03,MNQH2-MNQM2,41550,1.0,4.0,1.0,1.55,61
2022-02-03,MNQM2,13505,14770.25,14871.0,14459.75,14764.0,4254
2022-02-03,MNQU2,7688,14760.25,14800.0,14500.0,14800.0,49
2022-02-03,MNQZ2,20332,14587.0,14587.0,14550.25,14550.25,2
2022-02-04,MNQH2,7575,14763.25,14825.75,14363.25,14645.0,1769904
2022-02-04,MNQH2-MNQM2,41550,1.35,2.05,1.35,2.05,71
2022-02-04,MNQH2-MNQU2,41248,19.85,19.95,19.85,19.95,2
2022-02-04,MNQM2,13505,14760.0,14825.75,14365.5,14646.5,4677
2022-02-04,MNQU2,7688,14790.0,14837.0,14400.0,14700.0,95
2022-02-06,MNQH2,7575,14674.5,14717.5,14633.25,14710.75,23609
2022-02-06,MNQM2,13505,14672.5,14715.75,14640.0,14711.5,101
2022-02-06,MNQU2,7688,14725.0,14725.0,14725.0,14725.0,2
2022-02-07,MNQH2,7575,14710.25,14806.5,14511.25,14610.75,1373974
2022-02-07,MNQH2-MNQM2,41550,2.15,2.7,2.1,2.25,46
2022-02-07,MNQH3,8071,14728.75,14728.75,14728.75,14728.75,2
2022-02-07,MNQM2,13505,14715.5,14805.0,14518.0,14610.25,2682
2022-02-07,MNQU2,7688,14700.0,14800.0,14580.0,14580.0,73
2022-02-08,MNQH2,7575,14610.5,14787.75,14467.75,14778.25,1275513
2022-02-08,MNQH2-MNQM2,41550,2.7,2.75,2.55,2.55,30
2022-02-08,MNQH3,8071,14587.5,14587.5,14554.5,14554.5,5
2022-02-08,MNQM2,13505,14616.75,14780.5,14471.5,14774.5,2558
2022-02-08,MNQU2,7688,14590.0,14750.0,14500.0,14683.0,69
2022-02-09,MNQH2,7575,14778.0,15068.0,14745.75,15043.25,1029748
2022-02-09,MNQH2-MNQM2,41550,2.5,2.5,1.85,1.85,7
2022-02-09,MNQM2,13505,14782.0,15069.5,14749.75,15037.25,3837
2022-02-09,MNQU2,7688,14770.0,15030.25,14770.0,15030.25,20
2022-02-10,MNQH2,7575,15043.25,15052.25,14622.0,14661.0,1821989
2022-02-10,MNQH2-MNQM2,41550,2.6,5.8,2.6,4.9,5
2022-02-10,MNQM2,13505,15042.5,15052.0,14630.0,14665.0,4994
2022-02-10,MNQU2,7688,15000.0,15054.0,14660.0,14660.0,82
2022-02-11,MNQH2,7575,14660.5,14766.75,14181.0,14252.75,1855044
2022-02-11,MNQH2-MNQM2,41550,5.45,5.45,4.85,5.1,116
2022-02-11,MNQH3,8071,14414.0,14414.0,14414.0,14414.0,1
2022-02-11,MNQM2,13505,14665.0,14767.75,14186.5,14258.75,4954
2022-02-11,MNQU2,7688,14690.0,14780.0,14229.5,14296.0,143
2022-02-11,MNQZ2,20332,14570.0,14570.0,14300.0,14300.0,3
2022-02-13,MNQH2,7575,14250.25,14263.0,14184.5,14246.25,35826
2022-02-13,MNQM2,13505,14255.0,14263.0,14191.75,14256.0,346
2022-02-13,MNQU2,7688,14267.25,14267.25,14240.0,14240.0,2
2022-02-14,MNQH2,7575,14247.75,14394.0,14030.75,14297.25,1770329
2022-02-14,MNQH2-MNQM2,41550,5.3,6.0,5.3,6.0,20
2022-02-14,MNQM2,13505,14258.25,14399.5,14038.0,14300.25,4498
2022-02-14,MNQU2,7688,14104.0,14404.0,14102.0,14266.25,50
2022-02-14,MNQZ2,20332,14347.0,14347.0,14347.0,14347.0,1
2022-02-15,MNQH2,7575,14297.25,14615.0,14223.25,14563.5,1318659
2022-02-15,MNQH2-MNQM2,41550,6.4,6.4,5.45,5.9,71
2022-02-15,MNQH3,8071,14600.0,14600.0,14600.0,14600.0,1
2022-02-15,MNQM2,13505,14305.75,14618.0,14228.5,14569.75,3430
2022-02-15,MNQU2,7688,14317.25,14640.0,14317.25,14640.0,87
2022-02-16,MNQH2,7575,14563.25,14668.5,14381.0,14572.25,1249749
2022-02-16,MNQH2-MNQM2,41550,6.2,6.2,4.5,4.5,5
2022-02-16,MNQM2,13505,14569.75,14673.0,14388.0,14571.25,3396
2022-02-16,MNQU2,7688,14655.0,14684.0,14445.25,14645.0,29
2022-02-17,MNQH2,7575,14572.75,14600.25,14133.5,14173.0,1380713
2022-02-17,MNQH2-MNQM2,41550,5.2,5.2,4.2,4.9,148
2022-02-17,MNQH3,8071,14242.0,14272.0,14242.0,14272.0,2
2022-02-17,MNQM2,13505,14578.0,14603.75,14123.0,14181.25,4183
2022-02-17,MNQU2,7688,14600.0,14617.0,14180.0,14188.5,72
2022-02-17,MNQZ2,20332,14350.5,14350.5,14350.25,14350.25,2
2022-02-18,MNQH2,7575,14173.75,14299.0,13906.0,13993.75,1709454
2022-02-18,MNQH2-MNQM2,41550,4.45,4.7,4.2,4.7,59
2022-02-18,MNQM2,13505,14177.0,14303.0,13912.0,14001.5,4809
2022-02-18,MNQU2,7688,14188.0,14294.5,13950.0,14049.25,61
2022-02-18,MNQZ2,20332,14000.0,14000.0,14000.0,14000.0,1
2022-02-20,MNQH2,7575,13953.25,13956.25,13840.25,13852.0,39826
2022-02-20,MNQH2-MNQM2,41550,4.45,4.45,4.45,4.45,1
2022-02-20,MNQH3,8071,14000.0,14000.0,14000.0,14000.0,1
2022-02-20,MNQM2,13505,13960.75,13960.75,13841.75,13855.5,410
2022-02-20,MNQU2,7688,13916.25,13916.25,13916.25,13916.25,1
2022-02-21,MNQH2,7575,13851.75,14157.0,13592.25,13680.25,845641
2022-02-21,MNQH2-MNQM2,41550,3.7,4.8,3.6,3.6,36
2022-02-21,MNQM2,13505,13850.5,14160.75,13597.5,13687.0,4859
2022-02-21,MNQU2,7688,13854.5,14132.25,13640.0,13708.75,52
2022-02-21,MNQZ2,20332,13750.0,13750.0,13720.0,13720.0,2
2022-02-22,MNQH2,7575,13680.5,14108.75,13613.5,13972.25,1891576
2022-02-22,MNQH2-MNQM2,41550,4.0,4.4,3.6,4.4,37
2022-02-22,MNQM2,13505,13686.25,14111.0,13620.0,13979.25,7182
2022-02-22,MNQU2,7688,13680.0,14110.0,13670.0,14000.0,93
2022-02-22,MNQZ2,20332,13800.0,14000.0,13800.0,14000.0,4
2022-02-23,MNQH2,7575,13973.0,14069.0,13457.25,13500.0,1819010
2022-02-23,MNQH2-MNQM2,41550,4.5,4.5,3.3,4.4,234
2022-02-23,MNQH3,8071,13900.5,13900.5,13900.5,13900.5,1
2022-02-23,MNQM2,13505,13981.0,14067.75,13462.25,13500.0,5781
2022-02-23,MNQU2,7688,13970.0,14100.0,13500.0,13530.0,64
2022-02-23,MNQZ2,20332,14000.0,14000.0,13600.0,13600.0,6
2022-02-24,MNQH2,7575,13499.75,13983.5,13025.75,13859.75,3075892
2022-02-24,MNQH2-MNQM2,41550,3.05,3.3,-0.75,0.7,121
2022-02-24,MNQH3,8071,13300.0,13300.0,13300.0,13300.0,1
2022-02-24,MNQM2,13505,13504.5,13988.0,13026.0,13859.5,11166
2022-02-24,MNQU2,7688,13460.0,13977.0,13093.0,13893.75,223
2022-02-24,MNQZ2,20332,13200.0,13850.0,13100.0,13850.0,7
2022-02-25,MNQH2,7575,13859.5,14198.0,13759.25,14191.25,1837334
2022-02-25,MNQH2-MNQM2,41550,3.55,3.55,2.0,3.1,7
2022-02-25,MNQH3,8071,14175.0,14175.0,14175.0,14175.0,1
2022-02-25,MNQM2,13505,13869.25,14199.0,13763.5,14192.5,7415
2022-02-25,MNQU2,7688,13851.75,14200.0,13810.0,14195.0,52
2022-02-25,MNQZ2,20332,14000.0,14000.0,14000.0,14000.0,1
2022-02-27,MNQH2,7575,14005.0,14006.0,13691.0,13854.5,63065
2022-02-27,MNQM2,13505,14081.0,14081.0,13730.0,13859.5,883
2022-02-27,MNQU2,7688,13750.0,13840.0,13750.0,13840.0,7
2022-02-28,MNQH2,7575,13854.5,14292.5,13753.75,14256.5,1907543
2022-02-28,MNQH2-MNQM2,41550,1.8,2.3,0.05,0.55,115
2022-02-28,MNQM2,13505,13854.0,14295.0,13758.0,14261.5,8853
2022-02-28,MNQU2,7688,13869.25,14288.0,13800.0,14288.0,69
2022-03-01,MNQH2,7575,14257.5,14327.5,13900.0,14052.25,1742956
2022-03-01,MNQH2-MNQM2,41550,0.05,0.05,-1.0,-0.85,191
2022-03-01,MNQH3,8071,14000.0,14000.0,14000.0,14000.0,2
2022-03-01,MNQM2,13505,14254.75,14325.0,13900.0,14051.0,6598
2022-03-01,MNQU2,7688,14285.0,14349.25,13945.0,14050.0,50
2022-03-02,MNQH2,7575,14052.25,14293.25,13912.0,14205.25,1448208
2022-03-02,MNQH2-MNQM2,41550,-1.2,-0.3,-1.6,-0.7,163
2022-03-02,MNQH3,8071,14300.0,14300.0,14300.0,14300.0,1
2022-03-02,MNQM2,13505,14050.5,14290.0,13912.0,14205.75,7602
2022-03-02,MNQU2,7688,14004.0,14298.0,13970.25,14205.5,39
2022-03-03,MNQH2,7575,14206.5,14391.25,13955.0,14079.75,1230357
2022-03-03,MNQH2-MNQM2,41550,-0.8,-0.1,-0.9,-0.9,255
2022-03-03,MNQM2,13505,14207.75,14388.0,13958.0,14081.0,9957
2022-03-03,MNQU2,7688,14260.5,14379.25,14009.0,14100.0,46
2022-03-04,MNQH2,7575,14080.5,14086.0,13733.5,13802.75,1540794
2022-03-04,MNQH2-MNQM2,41550,-0.6,0.0,-1.4,-0.7,391
2022-03-04,MNQM2,13505,14083.0,14085.0,13734.25,13798.0,12789
2022-03-04,MNQU2,7688,14000.0,14050.0,13760.0,13815.25,81
2022-03-04,MNQZ2,20332,14000.0,14000.0,13850.25,13850.25,2
2022-03-06,MNQH2,7575,13778.5,13778.5,13563.5,13583.75,41939
2022-03-06,MNQH2-MNQM2,41550,-1.45,-1.3,-1.8,-1.3,11
2022-03-06,MNQM2,13505,13748.5,13771.0,13561.5,13582.0,1257
2022-03-06,MNQU2,7688,13680.0,13680.0,13600.0,13600.0,4
2022-03-06,MNQZ2,20332,13750.0,13750.0,13750.0,13750.0,1
2022-03-07,MNQH2,7575,13583.25,13879.75,13252.5,13270.0,1566586
2022-03-07,MNQH2-MNQM2,41550,-0.9,-0.5,-4.2,-1.05,555
2022-03-07,MNQH3,8071,13800.0,13800.0,13800.0,13800.0,1
2022-03-07,MNQM2,13505,13580.0,13876.0,13255.5,13268.25,17107
2022-03-07,MNQU2,7688,13600.0,13850.0,13274.5,13274.5,202
2022-03-07,MNQZ2,20332,13600.0,13600.0,13400.0,13400.0,3
2022-03-08,MNQH2,7575,13270.25,13666.25,13105.25,13251.25,2211682
2022-03-08,MNQH2-MNQM2,41550,-1.9,-1.0,-2.7,-1.85,650
2022-03-08,MNQM2,13505,13265.75,13663.75,13104.5,13251.0,40221
2022-03-08,MNQU2,7688,13310.0,13660.0,13150.0,13254.0,296
2022-03-08,MNQZ2,20332,13606.75,13606.75,13250.0,13250.0,3
2022-03-09,MNQH2,7575,13250.5,13822.5,13223.0,13747.5,1386171
2022-03-09,MNQH2-MNQM2,41550,-2.1,-1.8,-3.0,-1.8,104
2022-03-09,MNQM2,13505,13246.75,13819.0,13220.75,13744.0,26491
2022-03-09,MNQU2,7688,13289.25,13820.0,13289.25,13735.75,82
2022-03-10,MNQH2,7575,13747.25,13765.25,13396.25,13596.75,1380970
2022-03-10,MNQH2-MNQM2,41550,-2.2,-2.0,-4.0,-2.7,845
2022-03-10,MNQH3,8071,13564.25,13564.25,13564.25,13564.25,2
2022-03-10,MNQM2,13505,13746.5,13762.0,13392.5,13592.75,164748
2022-03-10,MNQU2,7688,13760.75,13764.75,13420.75,13636.25,177
2022-03-10,MNQZ2,20332,13550.0,13550.0,13517.5,13517.5,2
2022-03-11,MNQH2,7575,13596.0,13861.5,13282.0,13306.75,705089
2022-03-11,MNQH2-MNQM2,41550,-2.8,-1.55,-4.35,-3.0,1549
2022-03-11,MNQM2,13505,13592.75,13858.0,13279.5,13298.0,629327
2022-03-11,MNQU2,7688,13602.25,13864.0,13317.25,13332.75,248
2022-03-11,MNQZ2,20332,13500.0,13500.0,13400.0,13400.0,2
2022-03-13,MNQH2,7575,13330.75,13405.0,13330.75,13371.75,12541
2022-03-13,MNQH2-MNQM2,41550,15.25,15.25,-3.95,-3.95,161
2022-03-13,MNQM2,13505,13330.25,13398.75,13330.25,13367.5,23452
2022-03-13,MNQU2,7688,13336.0,13405.0,13336.0,13405.0,20
2022-03-13,MNQZ2,20332,13405.5,13405.5,13405.5,13405.5,1
2022-03-14,MNQH2,7575,13371.0,13446.5,13013.0,13108.0,513149
2022-03-14,MNQH2-MNQM2,41550,-4.4,-1.3,-7.8,-2.0,3160
2022-03-14,MNQH3,8071,13400.0,13400.0,13400.0,13400.0,1
2022-03-14,MNQM2,13505,13367.25,13441.5,13013.5,13105.0,892926
2022-03-14,MNQU2,7688,13410.5,13450.0,13060.0,13135.5,404
2022-03-14,MNQZ2,20332,13300.0,13300.0,13100.0,13100.0,3
2022-03-15,MNQH2,7575,13108.75,13489.0,12943.0,13456.5,442261
2022-03-15,MNQH2-MNQM2,41550,-2.1,0.35,-4.15,-3.2,1532
2022-03-15,MNQM2,13505,13105.25,13486.75,12941.75,13454.5,1149420
2022-03-15,MNQM2-MNQU2,35625,31.7,31.7,31.7,31.7,1
2022-03-15,MNQU2,7688,13138.0,13510.0,12957.5,13505.0,427
2022-03-15,MNQZ2,20332,13040.0,13502.0,13040.0,13502.0,10
2022-03-16,MNQH2,7575,13456.25,14031.75,13420.25,13980.25,357209
2022-03-16,MNQH2-MNQM2,41550,-2.9,-1.0,-3.85,-2.2,2434
2022-03-16,MNQM2,13505,13453.75,14025.75,13417.0,13978.25,1329538
2022-03-16,MNQU2,7688,13470.0,14050.0,13455.75,13998.25,988
2022-03-16,MNQZ2,20332,13496.0,14025.5,13496.0,14025.5,15
2022-03-17,MNQH2,7575,13979.5,14136.0,13822.25,14027.25,219703
2022-03-17,MNQH2-MNQM2,41550,-2.5,-0.6,-4.8,-4.8,2331
2022-03-17,MNQM2,13505,13978.0,14132.5,13819.0,14023.5,1076797
2022-03-17,MNQM2-MNQU2,35625,23.9,32.0,23.9,32.0,30
2022-03-17,MNQU2,7688,14018.75,14161.0,13850.0,14055.0,659
2022-03-17,MNQZ2,20332,14079.5,14180.0,14041.5,14180.0,7
2022-03-18,MNQH2,7575,14029.5,14080.0,13971.0,14070.0,9523
2022-03-18,MNQH2-MNQM2,41550,-2.5,-2.05,-6.85,-5.0,429
2022-03-18,MNQH3,8071,14200.0,14525.0,14200.0,14525.0,7
2022-03-18,MNQM2,13505,14023.75,14441.25,13967.25,14434.5,1034667
2022-03-18,MNQM2-MNQU2,35625,30.7,30.7,29.85,29.9,106
2022-03-18,MNQU2,7688,14056.0,14473.75,14000.0,14473.75,1305
2022-03-18,MNQZ2,20332,14080.0,14425.0,14080.0,14425.0,5
2022-03-20,MNQM2,13505,14404.5,14434.75,14395.0,14405.0,18582
2022-03-20,MNQU2,7688,14438.5,14450.0,14430.0,14431.25,32
2022-03-20,MNQZ2,20332,14524.75,14524.75,14524.75,14524.75,1
2022-03-21,MNQH3,8071,14500.0,14500.0,14500.0,14500.0,2
2022-03-21,MNQM2,13505,14405.0,14466.75,14183.75,14340.75,1183854
2022-03-21,MNQM2-MNQU2,35625,29.9,32.1,29.45,32.1,19
2022-03-21,MNQM3,4973,14450.0,14600.0,14450.0,14600.0,8
2022-03-21,MNQU2,7688,14430.0,14493.75,14216.0,14375.0,1470
2022-03-21,MNQZ2,20332,14370.25,14370.25,14370.25,14370.25,1
2022-03-22,MNQM2,13505,14340.75,14692.0,14292.5,14666.75,1072112
2022-03-22,MNQM3,4973,14543.75,14600.0,14543.75,14600.0,4
2022-03-22,MNQU2,7688,14372.0,14718.0,14331.25,14700.0,1494
2022-03-22,MNQZ2,20332,14671.5,14774.0,14671.5,14750.0,12
2022-03-23,MNQM2,13505,14666.0,14682.75,14441.5,14474.0,1187327
2022-03-23,MNQU2,7688,14708.75,14713.5,14472.25,14510.0,1397
2022-03-23,MNQZ2,20332,14550.0,14645.0,14550.0,14645.0,5
2022-03-24,MNQM2,13505,14474.5,14775.0,14433.25,14750.0,1093029
2022-03-24,MNQM2-MNQU2,35625,33.35,33.35,33.35,33.35,20
2022-03-24,MNQU2,7688,14513.5,14808.5,14470.0,14786.75,1628
2022-03-24,MNQZ2,20332,14645.0,14850.0,14645.0,14850.0,3
2022-03-25,MNQM2,13505,14750.25,14841.25,14572.5,14752.5,1131355
2022-03-25,MNQM2-MNQU2,35625,35.6,35.6,34.4,34.4,30
2022-03-25,MNQU2,7688,14781.0,14873.0,14610.0,14783.75,1579
2022-03-25,MNQZ2,20332,14898.75,14899.0,14700.0,14700.0,3
2022-03-27,MNQM2,13505,14755.25,14777.25,14720.75,14721.0,18524
2022-03-27,MNQM2-MNQU2,35625,38.0,38.0,38.0,38.0,1
2022-03-27,MNQU2,7688,14775.0,14807.5,14758.5,14758.5,45
2022-03-28,MNQH3,8071,14999.75,15000.0,14999.75,15000.0,3
2022-03-28,MNQM2,13505,14720.5,14996.5,14658.75,14973.0,1053722
2022-03-28,MNQM2-MNQU2,35625,34.85,35.95,34.45,35.95,52
2022-03-28,MNQU2,7688,14751.0,15033.0,14698.5,15012.75,1779
2022-03-28,MNQZ2,20332,14788.0,15040.0,14772.0,15040.0,11
2022-03-29,MNQM2,13505,14973.5,15269.0,14956.25,15221.5,1117338
2022-03-29,MNQU2,7688,15010.0,15303.5,14991.5,15257.25,2504
2022-03-29,MNQZ2,20332,15091.5,15348.0,15091.5,15294.25,19
2022-03-30,MNQH3,8071,15200.0,15200.0,15200.0,15200.0,2
2022-03-30,MNQM2,13505,15221.75,15262.5,15012.0,15103.75,1002689
2022-03-30,MNQM2-MNQU2,35625,36.05,36.05,35.55,35.55,40
2022-03-30,MNQU2,7688,15247.25,15292.0,15050.0,15138.25,1348
2022-03-30,MNQZ2,20332,15352.25,15352.25,15153.5,15160.0,10
2022-03-31,MNQM2,13505,15104.25,15181.0,14855.5,14912.5,1055960
2022-03-31,MNQM2-MNQU2,35625,34.15,34.15,34.15,34.15,10
2022-03-31,MNQU2,7688,15149.75,15214.5,14896.25,14950.25,1422
2022-03-31,MNQZ2,20332,15056.5,15056.5,14995.75,14995.75,4
2022-04-01,MNQH3,8071,15040.0,15040.0,15000.0,15000.0,5
2022-04-01,MNQM2,13505,14912.75,14959.25,14725.5,14853.25,1044285
2022-04-01,MNQM2-MNQU2,35625,34.5,34.75,34.15,34.75,140
2022-04-01,MNQU2,7688,14942.0,14990.5,14759.75,14870.25,1407
2022-04-01,MNQZ2,20332,15050.0,15050.0,14817.0,14817.0,5
2022-04-03,MNQM2,13505,14847.5,14861.0,14809.75,14818.75,14641
2022-04-03,MNQU2,7688,14882.0,14884.75,14847.75,14847.75,25
2022-04-04,MNQM2,13505,14819.0,15174.0,14802.0,15152.0,758868
2022-04-04,MNQM2-MNQU2,35625,34.5,34.5,34.5,34.5,1
2022-04-04,MNQM3,4973,15400.0,15400.0,15400.0,15400.0,1
2022-04-04,MNQU2,7688,14851.0,15206.0,14850.0,15193.25,927
2022-04-04,MNQZ2,20332,15010.0,15222.25,15010.0,15211.0,7
2022-04-05,MNQM2,13505,15152.0,15199.25,14780.0,14834.75,1004042
2022-04-05,MNQM2-MNQU2,35625,33.0,36.0,33.0,36.0,57
2022-04-05,MNQU2,7688,15186.0,15232.0,14820.0,14878.5,1374
2022-04-05,MNQZ2,20332,15220.0,15220.0,14967.25,14970.0,11
2022-04-06,MNQH3,8071,14978.0,15017.5,14978.0,15017.25,17
2022-04-06,MNQM2,13505,14835.25,14844.75,14395.5,14448.5,1460215
2022-04-06,MNQM2-MNQU2,35625,34.0,35.85,34.0,35.85,27
2022-04-06,MNQM3,4973,14800.0,14800.0,14800.0,14800.0,1
2022-04-06,MNQU2,7688,14865.0,14877.0,14435.0,14481.75,3330
2022-04-06,MNQZ2,20332,14800.0,14800.0,14513.25,14666.75,26
2022-04-07,MNQH3,8071,14570.0,14570.0,14570.0,14570.0,1
2022-04-07,MNQM2,13505,14448.25,14634.0,14318.25,14565.75,1291457
2022-04-07,MNQU2,7688,14475.25,14668.5,14356.75,14590.0,2717
2022-04-07,MNQZ2,20332,14560.0,14725.0,14446.75,14603.75,30
2022-04-08,MNQM2,13505,14565.5,14642.5,14310.5,14328.25,1147363
2022-04-08,MNQU2,7688,14605.0,14675.0,14348.75,14365.75,2135
2022-04-08,MNQZ2,20332,14650.0,14650.0,14439.0,14443.25,23
2022-04-10,MNQM2,13505,14334.0,14379.75,14313.0,14314.5,21481
2022-04-10,MNQU2,7688,14401.0,14405.0,14351.0,14351.0,67
2022-04-10,MNQZ2,20332,14464.0,14464.0,14464.0,14464.0,2
2022-04-11,MNQM2,13505,14314.25,14314.25,13974.25,13982.75,1098661
2022-04-11,MNQM2-MNQU2,35625,38.5,38.5,36.3,36.6,101
2022-04-11,MNQU2,7688,14350.0,14350.0,14011.25,14018.25,2722
2022-04-11,MNQZ2,20332,14288.0,14369.25,14088.75,14088.75,15
2022-04-12,MNQH3,8071,14113.5,14113.5,14113.5,14113.5,1
2022-04-12,MNQM2,13505,13982.5,14284.0,13880.0,13996.75,1369556
2022-04-12,MNQM2-MNQU2,35625,36.5,36.5,35.9,35.9,22
2022-04-12,MNQM3,4973,14560.0,14560.0,14560.0,14560.0,1
2022-04-12,MNQU2,7688,14018.5,14318.0,13915.0,14028.5,3540
2022-04-12,MNQZ2,20332,14050.0,14312.5,14000.0,14000.25,15
2022-04-13,MNQM2,13505,13996.25,14266.75,13921.5,14217.0,1077781
2022-04-13,MNQM2-MNQU2,35625,33.45,33.9,33.45,33.9,80
2022-04-13,MNQU2,7688,14028.5,14300.0,13959.0,14254.5,1520
2022-04-13,MNQZ2,20332,14105.25,14343.0,14105.25,14343.0,2
2022-04-14,MNQM2,13505,14217.25,14296.0,13876.0,13894.0,1032436
2022-04-14,MNQM2-MNQU2,35625,34.0,38.0,34.0,34.6,82
2022-04-14,MNQM3,4973,14376.5,14376.5,14376.5,14376.5,1
2022-04-14,MNQU2,7688,14252.0,14328.5,13912.25,13927.5,1966
2022-04-14,MNQZ2,20332,14171.75,14171.75,13970.0,13985.0,8
2022-04-17,MNQM2,13505,13894.0,13894.5,13729.25,13736.0,41336
2022-04-17,MNQU2,7688,13920.0,13920.0,13764.75,13773.25,196
2022-04-17,MNQZ2,20332,13963.25,13963.25,13900.0,13900.0,2
2022-04-18,MNQM2,13505,13736.5,14019.5,13731.75,14017.25,1029613
2022-04-18,MNQM2-MNQU2,35625,34.2,34.2,34.2,34.2,40
2022-04-18,MNQU2,7688,13771.0,14054.0,13770.25,14054.0,1883
2022-04-18,MNQZ2,20332,13915.0,14077.75,13900.0,14010.0,10
2022-04-19,MNQH3,8071,14320.0,14320.0,14320.0,14320.0,1
2022-04-19,MNQM2,13505,14016.5,14240.75,13828.0,14079.25,1088618
2022-04-19,MNQM2-MNQU2,35625,33.25,35.25,33.25,35.25,44
2022-04-19,MNQU2,7688,14050.0,14275.0,13865.0,14116.0,1547
2022-04-19,MNQZ2,20332,14123.5,14278.0,14026.0,14224.75,14
2022-04-20,MNQM2,13505,14079.25,14298.0,13958.25,14083.5,1226566
2022-04-20,MNQM2-MNQU2,35625,35.25,38.0,35.25,35.95,12
2022-04-20,MNQU2,7688,14102.5,14330.5,13997.25,14121.5,1761
2022-04-20,MNQZ2,20332,14186.0,14393.5,14100.0,14100.5,13
2022-04-21,MNQH3,8071,14200.0,14200.0,14200.0,14200.0,1
2022-04-21,MNQM2,13505,14083.0,14283.0,13667.25,13682.0,1376031
2022-04-21,MNQM2-MNQU2,35625,36.5,38.2,36.5,36.75,57
2022-04-21,MNQM3,4973,14200.0,14200.0,14200.0,14200.0,1
2022-04-21,MNQU2,7688,14125.0,14319.25,13706.0,13713.75,3098
2022-04-21,MNQZ2,20332,14325.0,14325.0,13795.0,13820.0,26
2022-04-22,MNQM2,13505,13682.25,13779.0,13295.75,13308.0,1546840
2022-04-22,MNQM2-MNQU2,35625,35.7,38.25,35.7,38.25,82
2022-04-22,MNQU2,7688,13721.75,13817.0,13344.0,13352.0,3375
2022-04-22,MNQZ2,20332,13750.0,13830.0,13500.0,13500.0,34
2022-04-24,MNQM2,13505,13323.5,13360.0,13289.0,13328.0,41581
2022-04-24,MNQU2,7688,13390.0,13393.75,13327.75,13367.25,240
2022-04-25,MNQM2,13505,13328.0,13550.0,13183.75,13525.0,1816321
2022-04-25,MNQM2-MNQU2,35625,37.75,38.25,37.75,38.2,22
2022-04-25,MNQU2,7688,13360.0,13588.0,13223.25,13558.0,3222
2022-04-25,MNQZ2,20332,13438.5,13606.75,13330.0,13606.75,11
2022-04-26,MNQM2,13505,13524.75,13584.5,12803.0,12997.0,1627847
2022-04-26,MNQM2-MNQU2,35625,38.3,38.5,35.8,35.8,51
2022-04-26,MNQM3,4973,13400.0,13400.0,13400.0,13400.0,1
2022-04-26,MNQU2,7688,13550.0,13620.75,12839.75,13035.5,4231
2022-04-26,MNQZ2,20332,13584.5,13603.75,12915.5,13086.0,25
2022-04-27,MNQM2,13505,12997.5,13255.0,12930.5,13173.75,1894890
2022-04-27,MNQM2-MNQU2,35625,39.8,39.8,36.8,36.8,24
2022-04-27,MNQU2,7688,13040.0,13291.5,12968.75,13201.25,3126
2022-04-27,MNQZ2,20332,13150.0,13326.0,13088.75,13174.0,38
2022-04-28,MNQH3,8071,13650.0,13650.0,13650.0,13650.0,2
2022-04-28,MNQM2,13505,13174.0,13542.25,13033.5,13248.25,1694064
2022-04-28,MNQM2-MNQU2,35625,35.75,40.0,35.75,40.0,173
2022-04-28,MNQU2,7688,13202.5,13578.75,13072.5,13288.5,2655
2022-04-28,MNQZ2,20332,13255.0,13591.25,13199.0,13345.25,30
2022-04-29,MNQH3,8071,13190.0,13190.0,13180.0,13180.0,2
2022-04-29,MNQM2,13505,13248.0,13433.5,12831.75,12892.5,1588344
2022-04-29,MNQM2-MNQU2,35625,39.9,40.45,38.7,38.7,163
2022-04-29,MNQU2,7688,13288.0,13470.25,12874.25,12922.0,2841
2022-04-29,MNQZ2,20332,13500.0,13500.0,13000.0,13000.0,26
2022-05-01,MNQM2,13505,12892.5,12926.0,12806.25,12881.75,61744
2022-05-01,MNQM2-MNQU2,35625,38.15,38.15,38.15,38.15,1
2022-05-01,MNQU2,7688,12919.25,12963.0,12841.0,12923.0,265
2022-05-01,MNQZ2,20332,13000.0,13010.0,12950.0,12950.25,4
2022-05-02,MNQH3,8071,12900.0,12900.0,12900.0,12900.0,1
2022-05-02,MNQM2,13505,12881.25,13084.5,12709.5,13057.25,1800855
2022-05-02,MNQM2-MNQU2,35625,39.9,41.75,37.65,38.25,147
2022-05-02,MNQU2,7688,12916.0,13123.75,12749.0,13094.25,3600
2022-05-02,MNQU2-MNQZ2,135820,60.0,65.0,60.0,65.0,12
2022-05-02,MNQZ2,20332,13025.0,13180.0,12830.0,13180.0,20
2022-05-03,MNQM2,13505,13056.5,13184.0,12968.0,13120.5,1450362
2022-05-03,MNQM2-MNQU2,35625,37.45,39.15,37.45,39.0,179
2022-05-03,MNQU2,7688,13097.0,13220.0,13008.0,13165.0,1679
2022-05-03,MNQU2-MNQZ2,135820,64.75,67.0,64.75,67.0,9
2022-05-03,MNQZ2,20332,13200.0,13265.0,13120.0,13150.0,9
2022-05-04,MNQM2,13505,13118.75,13555.25,12882.0,13512.0,1403485
2022-05-04,MNQM2-MNQU2,35625,37.05,39.0,37.0,37.0,62
2022-05-04,MNQU2,7688,13154.25,13586.0,12924.0,13551.25,2535
2022-05-04,MNQU2-MNQZ2,135820,67.25,67.25,61.5,61.5,18
2022-05-04,MNQZ2,20332,13195.25,13615.0,13015.0,13615.0,30
2022-05-05,MNQM2,13505,13512.25,13547.75,12704.0,12884.0,1849429
2022-05-05,MNQM2-MNQU2,35625,36.95,36.95,36.4,36.4,28
2022-05-05,MNQU2,7688,13551.25,13581.0,12742.0,12920.0,3958
2022-05-05,MNQZ2,20332,13560.0,13560.0,12862.0,12862.0,26
2022-05-06,MNQM2,13505,12885.0,12929.25,12519.25,12663.5,1989929
2022-05-06,MNQM2-MNQU2,35625,36.3,36.3,33.65,34.8,82
2022-05-06,MNQM3,4973,12950.0,12950.0,12950.0,12950.0,1
2022-05-06,MNQU2,7688,12925.0,12963.75,12556.0,12709.0,3962
2022-05-06,MNQZ2,20332,12957.25,13020.0,12668.0,12783.75,34
2022-05-08,MNQM2,13505,12606.5,12636.75,12551.25,12577.75,41058
2022-05-08,MNQU2,7688,12648.5,12667.5,12587.5,12609.75,166
2022-05-09,MNQM2,13505,12577.0,12623.75,12131.5,12235.25,1784712
2022-05-09,MNQM2-MNQU2,35625,35.0,37.5,33.65,33.9,145
2022-05-09,MNQU2,7688,12619.5,12654.0,12170.75,12270.5,5216
2022-05-09,MNQZ2,20332,12625.0,12662.0,12250.0,12342.75,18
2022-05-10,MNQM2,13505,12235.0,12547.25,12101.75,12339.25,2226012
2022-05-10,MNQM2-MNQU2,35625,32.7,34.05,32.4,33.95,231
2022-05-10,MNQU2,7688,12259.25,12580.0,12140.0,12358.75,4721
2022-05-10,MNQZ2,20332,12200.0,12586.5,12200.0,12425.0,13
2022-05-11,MNQM2,13505,12339.25,12553.75,11938.5,12009.0,2081250
2022-05-11,MNQM2-MNQU2,35625,37.1,37.1,33.4,33.4,128
2022-05-11,MNQU2,7688,12359.0,12587.0,11972.5,12032.0,6923
2022-05-11,MNQZ2,20332,12360.0,12500.0,12028.0,12050.0,24
2022-05-12,MNQH3,8071,12000.0,12000.0,12000.0,12000.0,2
2022-05-12,MNQM2,13505,12008.75,12132.75,11689.25,12023.25,2113196
2022-05-12,MNQM2-MNQU2,35625,32.15,32.15,31.2,31.45,98
2022-05-12,MNQU2,7688,12041.25,12160.0,11722.25,12058.25,6227
2022-05-12,MNQZ2,20332,12005.0,12178.0,11812.5,11900.0,15
2022-05-13,MNQH3,8071,12500.0,12500.0,12500.0,12500.0,1
2022-05-13,MNQM2,13505,12022.75,12432.0,12007.0,12363.5,1417973
2022-05-13,MNQM2-MNQU2,35625,32.2,32.85,31.9,32.85,110
2022-05-13,MNQU2,7688,12047.5,12462.75,12038.75,12388.0,3867
2022-05-13,MNQZ2,20332,12217.5,12511.75,12217.5,12475.0,29
2022-05-15,MNQM2,13505,12410.0,12499.0,12392.0,12468.75,43017
2022-05-15,MNQU2,7688,12435.0,12530.75,12427.5,12500.25,356
2022-05-16,MNQM2,13505,12468.5,12471.5,12189.75,12267.75,1655632
2022-05-16,MNQM2-MNQU2,35625,33.85,33.85,32.05,33.0,94
2022-05-16,MNQU2,7688,12500.0,12502.75,12225.0,12299.75,2965
2022-05-16,MNQZ2,20332,12465.75,12465.75,12300.0,12316.25,16
2022-05-17,MNQM2,13505,12268.0,12593.5,12252.5,12563.0,1500192
2022-05-17,MNQM2-MNQU2,35625,32.85,33.85,32.85,33.85,73
2022-05-17,MNQU2,7688,12299.75,12628.25,12289.5,12598.5,2871
2022-05-17,MNQZ2,20332,12370.0,12650.0,12370.0,12635.0,18
2022-05-18,MNQM2,13505,12562.5,12574.0,11821.5,11826.75,1667979
2022-05-18,MNQM2-MNQU2,35625,33.6,33.6,32.2,32.35,268
2022-05-18,MNQU2,7688,12598.5,12606.0,11852.25,11857.25,5309
2022-05-18,MNQZ2,20332,12533.5,12533.5,11950.0,11950.0,18
2022-05-19,MNQH3,8071,12070.0,12070.0,12070.0,12070.0,1
2022-05-19,MNQM2,13505,11826.75,12077.0,11704.25,11933.75,2055426
2022-05-19,MNQM2-MNQU2,35625,32.0,32.0,31.0,31.0,408
2022-05-19,MNQU2,7688,11852.0,12108.75,11737.0,11965.5,8061
2022-05-19,MNQZ2,20332,11902.75,12150.0,11820.0,12007.75,32
2022-05-20,MNQM2,13505,11934.75,12096.5,11491.25,11841.0,1838744
2022-05-20,MNQM2-MNQU2,35625,31.9,31.9,29.7,29.75,211
2022-05-20,MNQU2,7688,11970.0,12130.0,11522.5,11866.75,6162
2022-05-20,MNQZ2,20332,12176.5,12176.5,11600.0,11923.0,82
2022-05-22,MNQM2,13505,11858.5,11988.0,11857.0,11972.25,39962
2022-05-22,MNQM2-MNQU2,35625,32.75,32.75,29.9,29.9,2
2022-05-22,MNQU2,7688,11870.5,12014.5,11870.5,12001.0,436
2022-05-22,MNQZ2,20332,11983.25,11983.25,11971.25,11971.25,3
2022-05-23,MNQM2,13505,11972.0,12075.5,11783.75,11888.25,1755190
2022-05-23,MNQM2-MNQU2,35625,29.9,33.75,29.9,32.5,37
2022-05-23,MNQU2,7688,11998.75,12103.25,11815.0,11922.25,5399
2022-05-23,MNQZ2,20332,12057.75,12122.0,11930.0,11935.0,51
2022-05-24,MNQM2,13505,11888.5,11898.0,11576.25,11854.0,1783695
2022-05-24,MNQM2-MNQU2,35625,32.5,32.5,30.0,30.15,67
2022-05-24,MNQU2,7688,11920.5,11928.0,11610.0,11876.5,4422
2022-05-24,MNQZ2,20332,11900.0,11955.0,11685.25,11950.0,44
2022-05-25,MNQH3,8071,12050.0,12050.0,12050.0,12050.0,1
2022-05-25,MNQM2,13505,11853.75,12033.25,11671.0,11892.5,1740443
2022-05-25,MNQM2-MNQU2,35625,30.25,30.8,29.55,30.1,119
2022-05-25,MNQU2,7688,11879.5,12063.0,11708.0,11927.75,3119
2022-05-25,MNQZ2,20332,11905.0,12112.0,11804.25,11938.25,33
2022-05-26,MNQM2,13505,11892.0,12343.5,11848.5,12290.0,1326291
2022-05-26,MNQM2-MNQU2,35625,29.8,32.75,29.55,30.4,122
2022-05-26,MNQU2,7688,11925.25,12374.25,11879.0,12319.75,5831
2022-05-26,MNQZ2,20332,12050.0,12424.0,11975.0,12391.5,41
2022-05-27,MNQH3,8071,12500.0,12500.0,12500.0,12500.0,3
2022-05-27,MNQM2,13505,12290.25,12723.75,12222.0,12723.0,1153782
2022-05-27,MNQM2-MNQU2,35625,28.5,35.0,28.5,31.6,77
2022-05-27,MNQU2,7688,12321.0,12753.75,12259.5,12753.5,4903
2022-05-27,MNQZ2,20332,12355.0,12795.25,12325.0,12785.0,73
2022-05-29,MNQM2,13505,12705.5,12757.5,12673.0,12737.75,26480
2022-05-29,MNQM2-MNQU2,35625,31.7,31.7,31.7,31.7,2
2022-05-29,MNQU2,7688,12747.25,12790.25,12706.25,12770.0,271
2022-05-30,MNQM2,13505,12738.0,12882.5,12720.0,12815.0,366837
2022-05-30,MNQM2-MNQU2,35625,31.5,32.8,31.1,31.9,87
2022-05-30,MNQU2,7688,12763.0,12911.0,12753.25,12853.0,2547
2022-05-30,MNQZ2,20332,12891.0,12950.0,12836.0,12836.0,16
2022-05-31,MNQM2,13505,12815.25,12822.5,12480.0,12704.5,1636758
2022-05-31,MNQM2-MNQU2,35625,31.9,32.6,31.9,32.5,121
2022-05-31,MNQU2,7688,12839.25,12853.25,12513.0,12736.0,5513
2022-05-31,MNQZ2,20332,12800.0,12819.0,12633.5,12730.0,58
2022-06-01,MNQM2,13505,12704.75,12823.25,12454.75,12509.0,1480453
2022-06-01,MNQM2-MNQU2,35625,32.35,32.4,31.65,31.65,100
2022-06-01,MNQU2,7688,12737.25,12855.0,12486.0,12542.5,5985
2022-06-01,MNQZ2,20332,12800.0,12877.75,12526.0,12638.75,29
2022-06-02,MNQH3,8071,13000.0,13000.0,13000.0,13000.0,1
2022-06-02,MNQM2,13505,12509.5,12945.0,12442.25,12922.0,1196327
2022-06-02,MNQM2-MNQU2,35625,31.65,31.65,30.4,31.6,132
2022-06-02,MNQU2,7688,12549.75,12975.0,12474.0,12951.75,7734
2022-06-02,MNQZ2,20332,12638.75,13020.0,12590.0,13020.0,28
2022-06-03,MNQM2,13505,12921.5,12926.75,12503.0,12550.0,1317336
2022-06-03,MNQM2-MNQU2,35625,30.35,30.9,29.5,29.5,232
2022-06-03,MNQU2,7688,12950.75,12956.0,12532.25,12579.5,8802
2022-06-03,MNQZ2,20332,12984.0,12990.5,12594.0,12633.75,44
2022-06-05,MNQM2,13505,12548.0,12591.25,12527.0,12550.0,26259
2022-06-05,MNQU2,7688,12580.0,12615.5,12560.0,12578.25,291
2022-06-05,MNQZ2,20332,12650.0,12665.0,12644.75,12645.0,14
2022-06-06,MNQM2,13505,12549.5,12810.5,12531.0,12603.25,1101492
2022-06-06,MNQM2-MNQU2,35625,29.85,30.4,29.4,30.0,333
2022-06-06,MNQU2,7688,12578.5,12839.0,12562.0,12634.5,10396
2022-06-06,MNQZ2,20332,12665.0,12886.0,12631.25,12656.25,71
2022-06-07,MNQM2,13505,12603.5,12740.5,12412.0,12670.75,1089781
2022-06-07,MNQM2-MNQU2,35625,30.0,30.9,28.0,30.75,544
2022-06-07,MNQU2,7688,12633.75,12771.0,12442.0,12703.0,11675
2022-06-07,MNQZ2,20332,12590.0,12800.0,12507.5,12785.0,139
2022-06-08,MNQM2,13505,12671.5,12783.5,12579.0,12624.5,1204733
2022-06-08,MNQM2-MNQU2,35625,30.4,30.9,29.7,30.3,254
2022-06-08,MNQU2,7688,12700.0,12813.25,12609.0,12651.75,8452
2022-06-08,MNQZ2,20332,12760.0,12866.75,12693.5,12750.25,123
2022-06-09,MNQM2,13505,12624.75,12726.0,12255.5,12288.5,1426241
2022-06-09,MNQM2-MNQU2,35625,30.0,30.75,28.1,30.75,1196
2022-06-09,MNQU2,7688,12656.75,12755.0,12285.75,12318.5,106190
2022-06-09,MNQZ2,20332,12686.0,12800.0,12350.0,12360.0,97
2022-06-10,MNQM2,13505,12288.25,12339.5,11822.75,11861.75,988595
2022-06-10,MNQM2-MNQU2,35625,30.75,30.75,25.75,27.3,1372
2022-06-10,MNQU2,7688,12319.5,12368.5,11849.0,11891.0,737926
2022-06-10,MNQZ2,20332,12390.0,12415.5,11920.75,11938.0,141
2022-06-12,MNQM2,13505,11803.75,11803.75,11648.0,11666.5,22554
2022-06-12,MNQM2-MNQU2,35625,27.3,28.45,27.1,27.25,39
2022-06-12,MNQU2,7688,11828.0,11829.25,11676.25,11694.0,30818
2022-06-12,MNQZ2,20332,11800.0,11832.25,11735.25,11750.0,30
2022-06-13,MNQH3,8071,11510.0,11510.0,11510.0,11510.0,1
2022-06-13,MNQM2,13505,11666.5,11668.0,11254.5,11341.0,983182
2022-06-13,MNQM2-MNQU2,35625,27.2,31.85,20.0,29.8,2718
2022-06-13,MNQU2,7688,11693.25,11696.0,11284.25,11372.0,1241208
2022-06-13,MNQZ2,20332,11755.0,11757.75,11362.5,11434.25,415
2022-06-14,MNQM2,13505,11341.5,11505.25,11204.75,11398.0,771216
2022-06-14,MNQM2-MNQU2,35625,30.3,35.25,26.6,32.7,4286
2022-06-14,MNQU2,7688,11371.0,11534.5,11236.0,11431.5,1429631
2022-06-14,MNQZ2,20332,11430.0,11584.0,11310.0,11500.0,358
2022-06-15,MNQH3,8071,11636.75,11636.75,11636.75,11636.75,1
2022-06-15,MNQM2,13505,11398.0,11759.25,11327.0,11690.25,448556
2022-06-15,MNQM2-MNQU2,35625,33.35,36.15,31.5,35.7,2538
2022-06-15,MNQU2,7688,11431.75,11794.25,11359.25,11725.5,1526506
2022-06-15,MNQU2-MNQZ2,135820,62.0,62.0,62.0,62.0,10
2022-06-15,MNQZ2,20332,11501.75,11859.75,11441.75,11785.25,602
2022-06-16,MNQM2,13505,11689.0,11737.75,11037.0,11156.75,429581
2022-06-16,MNQM2-MNQU2,35625,35.7,37.6,31.0,35.0,1550
2022-06-16,MNQM2-MNQZ2,134129,100.0,100.0,100.0,100.0,185
2022-06-16,MNQU2,7688,11725.25,11774.0,11068.75,11193.25,1601702
2022-06-16,MNQU2-MNQZ2,135820,62.0,62.0,62.0,62.0,2
2022-06-16,MNQZ2,20332,11784.75,11833.0,11134.0,11255.0,947
2022-06-17,MNQM2,13505,11157.75,11288.75,11124.0,11134.5,18257
2022-06-17,MNQM2-MNQU2,35625,34.45,39.9,26.25,33.0,437
2022-06-17,MNQU2,7688,11193.0,11396.25,11120.25,11321.5,1579330
2022-06-17,MNQU2-MNQZ2,135820,73.7,73.7,68.6,68.6,3
2022-06-17,MNQZ2,20332,11250.0,11459.75,11195.5,11366.75,1127
2022-06-19,MNQU2,7688,11331.25,11437.5,11320.0,11428.25,35910
2022-06-19,MNQZ2,20332,11419.0,11505.75,11394.0,11505.75,74
2022-06-20,MNQU2,7688,11428.0,11443.5,11274.0,11424.75,445990
2022-06-20,MNQZ2,20332,11453.5,11507.25,11345.75,11500.5,538
2022-06-21,MNQU2,7688,11424.0,11678.5,11410.5,11576.25,1112674
2022-06-21,MNQU2-MNQZ2,135820,69.25,70.0,69.25,69.25,21
2022-06-21,MNQZ2,20332,11490.0,11748.0,11482.75,11643.5,1738
2022-06-22,MNQH3,8071,11738.5,11800.0,11738.5,11756.0,3
2022-06-22,MNQU2,7688,11576.0,11746.5,11320.5,11485.25,1481482
2022-06-22,MNQU2-MNQZ2,135820,69.25,69.8,69.25,69.8,31
2022-06-22,MNQZ2,20332,11643.5,11813.0,11400.0,11548.25,2065
2022-06-23,MNQH3,8071,11815.0,11831.5,11720.0,11720.0,3
2022-06-23,MNQU2,7688,11484.75,11767.25,11482.5,11695.75,1525003
2022-06-23,MNQU2-MNQZ2,135820,65.2,65.2,65.2,65.2,3
2022-06-23,MNQZ2,20332,11554.0,11834.5,11553.75,11768.25,1701
2022-06-24,MNQH3,8071,12023.75,12033.0,11967.0,12033.0,4
2022-06-24,MNQU2,7688,11695.5,12149.0,11684.25,12132.75,1183798
2022-06-24,MNQZ2,20332,11773.75,12204.75,11773.75,12195.0,2962
2022-06-26,MNQU2,7688,12140.0,12165.5,12091.5,12093.75,37507
2022-06-26,MNQZ2,20332,12230.0,12240.0,12165.0,12165.0,112
2022-06-27,MNQU2,7688,12093.25,12262.75,11994.25,12067.5,1498270
2022-06-27,MNQU2-MNQZ2,135820,70.0,71.0,70.0,71.0,2
2022-06-27,MNQZ2,20332,12160.25,12326.0,12069.75,12130.25,1485
2022-06-28,MNQH3,8071,11968.0,11968.0,11856.25,11856.25,3
2022-06-28,MNQU2,7688,12066.75,12174.25,11661.5,11687.0,1563435
2022-06-28,MNQZ2,20332,12139.0,12234.0,11728.75,11765.0,1451
2022-06-29,MNQH3,8071,11856.0,11856.0,11768.0,11768.0,2
2022-06-29,MNQU2,7688,11686.75,11749.0,11564.0,11677.0,1438329
2022-06-29,MNQU2-MNQZ2,135820,68.25,68.45,68.25,68.45,32
2022-06-29,MNQZ2,20332,11753.25,11815.75,11640.25,11748.5,1191
2022-06-30,MNQH3,8071,11680.0,11680.0,11530.75,11650.0,5
2022-06-30,MNQU2,7688,11676.75,11688.0,11350.75,11544.0,1687523
2022-06-30,MNQZ2,20332,11747.0,11752.5,11418.5,11606.0,1713
2022-07-01,MNQH3,8071,11614.5,11678.5,11614.5,11678.5,2
2022-07-01,MNQU2,7688,11543.75,11629.75,11381.75,11613.25,1501422
2022-07-01,MNQU2-MNQZ2,135820,68.5,68.5,63.5,65.9,92
2022-07-01,MNQZ2,20332,11610.0,11688.5,11450.0,11678.75,1212
2022-07-03,MNQU2,7688,11613.0,11648.75,11560.25,11571.0,20641
2022-07-03,MNQU2-MNQZ2,135820,66.4,66.4,66.4,66.4,2
2022-07-03,MNQZ2,20332,11677.0,11677.0,11633.0,11633.75,29
2022-07-04,MNQU2,7688,11570.5,11748.75,11501.0,11696.0,332236
2022-07-04,MNQZ2,20332,11625.75,11801.75,11568.25,11757.0,307
2022-07-05,MNQH3,8071,11743.75,11876.25,11743.75,11876.25,4
2022-07-05,MNQU2,7688,11695.25,11866.0,11388.75,11783.5,1668144
2022-07-05,MNQU2-MNQZ2,135820,64.0,64.0,64.0,64.0,20
2022-07-05,MNQZ2,20332,11763.75,11895.5,11458.5,11840.0,1544
2022-07-06,MNQH3,8071,12000.0,12000.0,11918.5,11918.5,5
2022-07-06,MNQU2,7688,11783.5,11974.0,11728.25,11898.25,1682946
2022-07-06,MNQU2-MNQZ2,135820,64.0,67.85,64.0,67.85,11
2022-07-06,MNQZ2,20332,11850.0,12039.75,11793.75,11967.25,1476
2022-07-07,MNQH3,8071,12084.0,12250.0,12084.0,12250.0,3
2022-07-07,MNQU2,7688,11897.75,12168.75,11837.25,12104.75,1114020
2022-07-07,MNQU2-MNQZ2,135820,66.5,66.5,66.5,66.5,1
2022-07-07,MNQZ2,20332,11952.25,12232.0,11907.0,12173.0,984
2022-07-08,MNQH3,8071,12204.0,12204.0,12149.75,12149.75,4
2022-07-08,MNQU2,7688,12104.25,12211.0,11952.75,12161.25,1330271
2022-07-08,MNQU2-MNQZ2,135820,69.7,74.6,69.7,74.6,13
2022-07-08,MNQZ2,20332,12180.0,12283.25,12030.0,12226.25,1273
2022-07-10,MNQU2,7688,12148.75,12155.0,12092.25,12117.25,28167
2022-07-10,MNQZ2,20332,12200.0,12204.5,12166.0,12194.75,52
2022-07-11,MNQH3,8071,12050.0,12050.0,12050.0,12050.0,5
2022-07-11,MNQU2,7688,12117.0,12124.0,11853.0,11903.25,1198432
2022-07-11,MNQZ2,20332,12170.0,12188.75,11927.0,11973.25,1123
2022-07-12,MNQH3,8071,11988.0,12102.5,11930.75,11939.75,28
2022-07-12,MNQU2,7688,11903.75,12025.5,11712.0,11773.5,1367902
2022-07-12,MNQU2-MNQZ2,135820,69.6,70.1,69.6,69.7,52
2022-07-12,MNQZ2,20332,11979.5,12092.0,11780.75,11851.75,1319
2022-07-13,MNQH3,8071,11954.25,11991.0,11666.75,11950.0,21
2022-07-13,MNQU2,7688,11773.75,11998.0,11478.0,11676.0,1668088
2022-07-13,MNQU2-MNQZ2,135820,66.0,76.95,65.25,76.95,9
2022-07-13,MNQU3,9235,12131.25,12159.5,12131.25,12159.5,2
2022-07-13,MNQZ2,20332,11849.75,12074.0,11552.0,11756.25,1853
2022-07-14,MNQH3,8071,11865.0,11954.75,11750.0,11954.75,9
2022-07-14,MNQU2,7688,11675.25,11866.75,11511.0,11862.25,1387880
2022-07-14,MNQU2-MNQZ2,135820,77.0,77.45,73.6,73.6,30
2022-07-14,MNQZ2,20332,11750.0,11939.75,11595.25,11939.75,1499
2022-07-15,MNQH3,8071,12004.75,12075.0,12004.75,12057.5,9
2022-07-15,MNQU2,7688,11862.75,12021.75,11741.0,12019.5,1218295
2022-07-15,MNQU2-MNQZ2,135820,73.1,73.1,72.85,72.85,30
2022-07-15,MNQZ2,20332,11938.5,12096.75,11831.0,12093.5,1303
2022-07-17,MNQU2,7688,12040.75,12080.0,12040.0,12059.75,21489
2022-07-17,MNQZ2,20332,12110.25,12150.0,12110.25,12140.0,57
2022-07-18,MNQH3,8071,12190.75,12325.75,12050.25,12071.0,66
2022-07-18,MNQU2,7688,12059.75,12186.75,11857.75,11940.25,1127087
2022-07-18,MNQU2-MNQZ2,135820,75.8,75.8,72.0,75.55,4
2022-07-18,MNQZ2,20332,12129.0,12260.75,11938.25,12015.0,1301
2022-07-19,MNQU2,7688,11940.0,12405.0,11889.5,12312.75,1128009
2022-07-19,MNQU2-MNQZ2,135820,72.55,72.95,72.55,72.95,41
2022-07-19,MNQZ2,20332,12004.75,12403.25,11970.25,12385.5,1994
2022-07-20,MNQH3,8071,12500.0,12617.0,12420.0,12545.0,8
2022-07-20,MNQU2,7688,12312.5,12517.5,12236.0,12435.75,1276403
2022-07-20,MNQU2-MNQZ2,135820,74.7,74.7,74.7,74.7,2
2022-07-20,MNQZ2,20332,12385.0,12593.0,12312.75,12508.25,2125
2022-07-21,MNQU2,7688,12435.5,12655.5,12373.5,12547.75,1297084
2022-07-21,MNQU2-MNQZ2,135820,72.6,77.45,72.6,77.45,32
2022-07-21,MNQZ2,20332,12505.25,12732.75,12448.25,12633.5,2325
2022-07-22,MNQH3,8071,12729.0,12729.0,12545.0,12555.0,5
2022-07-22,MNQU2,7688,12547.5,12697.0,12344.5,12427.0,1268860
2022-07-22,MNQZ2,20332,12620.0,12768.75,12420.0,12501.0,1844
2022-07-24,MNQU2,7688,12440.0,12455.25,12400.5,12403.0,21115
2022-07-24,MNQZ2,20332,12504.25,12525.0,12475.25,12488.25,32
2022-07-25,MNQU2,7688,12403.25,12498.75,12266.5,12298.25,1136744
2022-07-25,MNQU2-MNQZ2,135820,74.1,74.1,71.5,72.75,34
2022-07-25,MNQZ2,20332,12500.0,12570.0,12342.5,12364.25,897
2022-07-26,MNQH3,8071,12300.0,12310.0,12300.0,12300.5,6
2022-07-26,MNQU2,7688,12298.5,12334.0,12070.0,12280.0,1106461
2022-07-26,MNQU2-MNQZ2,135820,72.0,72.0,71.5,71.5,2
2022-07-26,MNQZ2,20332,12365.25,12405.25,12145.75,12356.0,1433
2022-07-27,MNQH3,8071,12500.5,12700.0,12500.5,12700.0,3
2022-07-27,MNQU2,7688,12280.5,12690.0,12257.25,12577.0,1272292
2022-07-27,MNQU2-MNQZ2,135820,71.6,73.8,71.6,72.2,96
2022-07-27,MNQZ2,20332,12354.5,12761.0,12328.0,12657.0,1806
2022-07-28,MNQH3,8071,12750.0,12877.0,12750.0,12877.0,5
2022-07-28,MNQU2,7688,12576.75,12948.0,12449.25,12892.75,1391153
2022-07-28,MNQU2-MNQZ2,135820,73.9,73.95,70.05,70.05,100
2022-07-28,MNQZ2,20332,12655.0,13019.5,12524.75,12965.0,2002
2022-07-29,MNQH3,8071,13040.0,13150.0,13000.0,13150.0,9
2022-07-29,MNQU2,7688,12892.75,13012.5,12744.25,12974.5,1241847
2022-07-29,MNQU2-MNQZ2,135820,74.0,74.2,72.35,73.75,63
2022-07-29,MNQZ2,20332,12962.5,13080.0,12820.5,13037.0,1663
2022-07-31,MNQH3,8071,13075.0,13080.0,13075.0,13080.0,2
2022-07-31,MNQU2,7688,12980.0,12997.75,12912.25,12919.25,28317
2022-07-31,MNQU2-MNQZ2,135820,74.2,74.2,74.2,74.2,1
2022-07-31,MNQZ2,20332,13047.0,13047.5,12987.0,12987.0,136
2022-08-01,MNQH3,8071,13105.0,13262.0,13075.0,13142.5,53
2022-08-01,MNQU2,7688,12919.5,13108.5,12851.25,12950.75,1286500
2022-08-01,MNQU2-MNQZ2,135820,73.95,73.95,72.15,72.15,7
2022-08-01,MNQU3,9235,13350.0,13350.0,13350.0,13350.0,1
2022-08-01,MNQZ2,20332,12989.25,13179.75,12926.25,13027.5,1936
2022-08-02,MNQH3,8071,13083.0,13083.0,13025.25,13060.0,5
2022-08-02,MNQU2,7688,12951.5,13097.0,12816.25,12903.0,1442567
2022-08-02,MNQU2-MNQZ2,135820,72.15,72.15,72.15,72.15,2
2022-08-02,MNQZ2,20332,13019.0,13165.75,12892.75,12976.25,1308
2022-08-03,MNQH3,8071,13205.5,13480.0,13205.5,13480.0,10
2022-08-03,MNQM3,4973,13345.0,13345.0,13345.0,13345.0,3
2022-08-03,MNQU2,7688,12902.75,13310.5,12867.25,13234.25,1207556
2022-08-03,MNQU2-MNQZ2,135820,73.5,76.65,73.5,76.55,16
2022-08-03,MNQZ2,20332,12975.75,13386.0,12942.0,13312.0,2767
2022-08-04,MNQH3,8071,13498.5,13500.25,13396.75,13400.0,15
2022-08-04,MNQM3,4973,13500.0,13599.0,13500.0,13599.0,4
2022-08-04,MNQU2,7688,13234.0,13356.0,13184.5,13333.25,1244191
2022-08-04,MNQU2-MNQZ2,135820,76.65,77.05,76.65,77.05,15
2022-08-04,MNQZ2,20332,13310.25,13429.0,13265.0,13409.5,2024
2022-08-05,MNQH3,8071,13530.0,13530.0,13330.0,13330.0,9
2022-08-05,MNQU2,7688,13333.5,13385.0,13085.5,13214.75,1343835
2022-08-05,MNQU2-MNQZ2,135820,78.95,80.05,76.35,79.9,19
2022-08-05,MNQZ2,20332,13416.0,13459.5,13169.0,13290.25,1925
2022-08-07,MNQU2,7688,13226.0,13289.75,13168.0,13177.75,23333
2022-08-07,MNQU2-MNQZ2,135820,79.9,79.9,79.9,79.9,7
2022-08-07,MNQZ2,20332,13315.0,13340.0,13248.75,13258.0,144
2022-08-08,MNQH3,8071,13500.0,13505.0,13330.0,13360.0,8
2022-08-08,MNQU2,7688,13178.25,13419.5,13120.5,13220.75,1371211
2022-08-08,MNQU2-MNQZ2,135820,80.0,82.45,80.0,82.4,15
2022-08-08,MNQU3,9235,13600.0,13600.0,13600.0,13600.0,1
2022-08-08,MNQZ2,20332,13263.25,13500.0,13203.75,13303.5,2109
2022-08-09,MNQH3,8071,13315.0,13315.0,13177.75,13227.75,17
2022-08-09,MNQU2,7688,13220.0,13226.75,12963.25,13052.75,1204242
2022-08-09,MNQU2-MNQZ2,135820,79.9,79.9,79.8,79.8,12
2022-08-09,MNQZ2,20332,13303.5,13308.25,13047.5,13130.0,1709
2022-08-10,MNQH3,8071,13210.0,13547.75,13210.0,13547.75,8
2022-08-10,MNQU2,7688,13052.25,13408.0,12981.75,13399.0,1174380
2022-08-10,MNQU2-MNQZ2,135820,77.15,80.0,77.15,80.0,54
2022-08-10,MNQZ2,20332,13126.5,13495.5,13063.0,13481.25,3031
2022-08-11,MNQH3,8071,13619.75,13707.25,13509.25,13509.25,16
2022-08-11,MNQU2,7688,13399.5,13575.75,13284.75,13335.75,1299560
2022-08-11,MNQU2-MNQZ2,135820,80.6,80.6,79.3,80.2,26
2022-08-11,MNQZ2,20332,13479.0,13653.0,13350.0,13416.0,3169
2022-08-12,MNQH3,8071,13601.75,13720.0,13601.75,13720.0,8
2022-08-12,MNQU2,7688,13335.75,13583.0,13312.25,13580.5,994645
2022-08-12,MNQU2-MNQZ2,135820,79.2,80.7,79.2,80.05,37
2022-08-12,MNQU3,9235,14000.0,14000.0,14000.0,14000.0,1
2022-08-12,MNQZ2,20332,13416.25,13663.5,13392.5,13658.75,2325
2022-08-14,MNQU2,7688,13572.0,13577.0,13538.5,13540.25,17759
2022-08-14,MNQZ2,20332,13656.75,13656.75,13621.25,13621.25,105
2022-08-15,MNQH3,8071,13720.0,13863.0,13720.0,13863.0,13
2022-08-15,MNQM3,4973,13840.75,14000.0,13840.75,14000.0,2
2022-08-15,MNQU2,7688,13541.0,13705.75,13495.75,13681.25,898046
2022-08-15,MNQU2-MNQZ2,135820,80.15,81.0,80.0,81.0,4
2022-08-15,MNQZ2,20332,13626.75,13785.0,13577.0,13761.75,2314
2022-08-16,MNQH3,8071,13825.75,13881.5,13825.75,13881.5,5
2022-08-16,MNQM3,4973,14000.0,14000.0,14000.0,14000.0,1
2022-08-16,MNQU2,7688,13681.25,13740.5,13522.75,13652.0,1044394
2022-08-16,MNQU2-MNQZ2,135820,80.0,80.8,80.0,80.7,15
2022-08-16,MNQZ2,20332,13761.0,13821.5,13605.25,13735.0,2605
2022-08-17,MNQH3,8071,13785.0,13786.0,13607.0,13770.0,16
2022-08-17,MNQU2,7688,13652.0,13673.25,13406.25,13455.5,1237853
2022-08-17,MNQU2-MNQZ2,135820,80.9,80.9,80.1,80.75,33
2022-08-17,MNQZ2,20332,13733.5,13752.0,13489.25,13530.5,2247
2022-08-18,MNQH3,8071,13644.0,13762.0,13613.75,13734.0,36
2022-08-18,MNQU2,7688,13455.0,13575.5,13411.25,13527.25,1080682
2022-08-18,MNQU2-MNQZ2,135820,81.8,81.8,80.4,80.7,39
2022-08-18,MNQZ2,20332,13536.0,13654.75,13495.0,13603.5,1701
2022-08-19,MNQH3,8071,13574.0,13593.5,13441.25,13468.0,24
2022-08-19,MNQU2,7688,13527.5,13532.75,13227.0,13249.75,1057091
2022-08-19,MNQU2-MNQZ2,135820,79.4,79.4,79.4,79.4,1
2022-08-19,MNQZ2,20332,13596.0,13600.5,13307.0,13330.0,1974
2022-08-21,MNQH3,8071,13390.0,13399.0,13390.0,13399.0,2
2022-08-21,MNQU2,7688,13227.5,13229.0,13175.0,13187.5,27029
2022-08-21,MNQU2-MNQZ2,135820,78.1,78.1,77.1,77.1,11
2022-08-21,MNQZ2,20332,13312.0,13312.0,13256.0,13265.0,278
2022-08-22,MNQH3,8071,13404.75,13412.25,13067.75,13119.25,57
2022-08-22,MNQU2,7688,13187.75,13222.5,12875.5,12955.75,1112679
2022-08-22,MNQU2-MNQZ2,135820,76.7,76.8,76.5,76.5,14
2022-08-22,MNQZ2,20332,13263.5,13296.0,12953.25,13030.75,3117
2022-08-23,MNQH3,8071,13110.0,13199.25,13030.0,13107.25,21
2022-08-23,MNQU2,7688,12955.25,13019.0,12823.5,12895.5,1228354
2022-08-23,MNQZ2,20332,13031.0,13093.5,12900.0,12968.25,3680
2022-08-24,MNQH3,8071,13107.25,13195.5,13107.25,13162.25,33
2022-08-24,MNQU2,7688,12895.0,13012.0,12825.75,12934.5,1005453
2022-08-24,MNQU2-MNQZ2,135820,75.5,76.2,74.25,76.2,64
2022-08-24,MNQZ2,20332,12977.5,13086.0,12902.0,13005.5,2214
2022-08-25,MNQH3,8071,13180.0,13331.0,13174.0,13304.0,12
2022-08-25,MNQU2,7688,12934.75,13183.0,12925.0,13144.5,1156870
2022-08-25,MNQU2-MNQZ2,135820,77.0,77.7,76.75,77.1,26
2022-08-25,MNQZ2,20332,13005.5,13241.75,13002.5,13224.5,3157
2022-08-26,MNQH3,8071,13325.0,13380.0,12741.75,12741.75,90
2022-08-26,MNQU2,7688,13145.0,13220.0,12555.25,12558.25,1375069
2022-08-26,MNQU2-MNQZ2,135820,77.1,77.1,75.4,76.4,47
2022-08-26,MNQU3,9235,13000.0,13000.0,13000.0,13000.0,1
2022-08-26,MNQZ2,20332,13222.5,13295.0,12632.0,12632.5,5891
2022-08-28,MNQH3,8071,12685.0,12685.0,12650.0,12650.0,4
2022-08-28,MNQU2,7688,12484.25,12512.0,12412.25,12419.25,57903
2022-08-28,MNQU2-MNQZ2,135820,75.65,75.65,75.65,75.65,2
2022-08-28,MNQZ2,20332,12593.0,12593.0,12488.75,12490.0,799
2022-08-29,MNQH3,8071,12595.0,12773.0,12595.0,12694.25,23
2022-08-29,MNQU2,7688,12419.25,12610.0,12401.5,12532.5,1477402
2022-08-29,MNQU2-MNQZ2,135820,75.6,75.6,73.2,74.6,48
2022-08-29,MNQZ2,20332,12495.75,12686.0,12481.5,12601.5,4340
2022-08-30,MNQH3,8071,12675.0,12822.0,12465.0,12550.0,54
2022-08-30,MNQU2,7688,12532.75,12659.0,12247.5,12366.25,1780306
2022-08-30,MNQU2-MNQZ2,135820,73.05,75.3,72.4,74.15,85
2022-08-30,MNQZ2,20332,12609.25,12730.5,12321.5,12437.0,5520
2022-08-31,MNQH3,8071,12578.0,12670.0,12366.75,12366.75,68
2022-08-31,MNQU2,7688,12365.75,12513.0,12152.5,12177.75,1468371
2022-08-31,MNQU2-MNQZ2,135820,74.15,75.15,72.55,74.4,270
2022-08-31,MNQZ2,20332,12444.0,12585.25,12225.25,12255.0,6784
2022-09-01,MNQH3,8071,12300.25,12429.25,12200.0,12397.0,80
2022-09-01,MNQU2,7688,12178.5,12319.5,12018.25,12298.75,1552625
2022-09-01,MNQU2-MNQZ2,135820,74.7,75.3,72.7,75.3,181
2022-09-01,MNQZ2,20332,12248.5,12392.75,12091.75,12370.5,8514
2022-09-02,MNQH3,8071,12450.0,12636.5,12250.0,12250.0,48
2022-09-02,MNQU2,7688,12298.75,12462.0,12040.5,12129.75,1570922
2022-09-02,MNQU2-MNQZ2,135820,74.9,74.9,71.6,71.6,420
2022-09-02,MNQZ2,20332,12369.25,12535.0,12112.25,12200.0,9390
2022-09-04,MNQH3,8071,12228.75,12228.75,12214.25,12214.25,2
2022-09-04,MNQU2,7688,12111.5,12131.0,12055.0,12123.5,30874
2022-09-04,MNQU2-MNQZ2,135820,74.65,74.65,70.75,72.0,8
2022-09-04,MNQZ2,20332,12188.5,12200.5,12126.75,12194.5,605
2022-09-05,MNQH3,8071,12295.0,12295.0,12295.0,12295.0,3
2022-09-05,MNQU2,7688,12123.5,12185.75,12053.75,12148.25,361721
2022-09-05,MNQU2-MNQZ2,135820,73.2,73.5,70.65,71.35,64
2022-09-05,MNQZ2,20332,12195.25,12255.5,12127.0,12215.0,2570
2022-09-06,MNQH3,8071,12345.0,12404.75,12123.5,12189.5,40
2022-09-06,MNQU2,7688,12148.0,12244.75,11930.0,12006.75,1561174
2022-09-06,MNQU2-MNQZ2,135820,70.55,73.85,70.5,73.4,194
2022-09-06,MNQZ2,20332,12212.5,12315.0,12003.0,12080.75,15657
2022-09-07,MNQH3,8071,12150.0,12479.0,12111.5,12445.75,64
2022-09-07,MNQU2,7688,12006.25,12306.25,11922.25,12258.5,1332141
2022-09-07,MNQU2-MNQZ2,135820,73.6,75.4,70.75,75.1,506
2022-09-07,MNQZ2,20332,12083.25,12380.0,11997.0,12333.0,12701
2022-09-08,MNQH3,8071,12450.0,12553.0,12319.5,12530.0,134
2022-09-08,MNQU2,7688,12258.75,12379.5,12117.0,12351.0,1476517
2022-09-08,MNQU2-MNQZ2,135820,75.1,76.9,73.25,75.65,1077
2022-09-08,MNQU3,9235,12700.0,12700.0,12700.0,12700.0,1
2022-09-08,MNQZ2,20332,12333.5,12454.0,12191.75,12426.5,225981
2022-09-08,MNQZ2-MNQH3,80242,108.4,108.4,108.4,108.4,1
2022-09-09,MNQH3,8071,12556.75,12803.75,12543.0,12785.0,233
2022-09-09,MNQU2,7688,12350.75,12614.25,12345.75,12591.25,689667
2022-09-09,MNQU2-MNQZ2,135820,75.7,78.4,74.5,77.2,1194
2022-09-09,MNQZ2,20332,12426.0,12691.75,12421.0,12668.5,522772
2022-09-09,MNQZ2-MNQH3,80242,110.3,113.0,110.3,113.0,9
2022-09-11,MNQH3,8071,12817.0,12851.25,12817.0,12822.5,40
2022-09-11,MNQU2,7688,12614.75,12679.5,12614.75,12631.5,15483
2022-09-11,MNQU2-MNQZ2,135820,77.3,78.8,75.4,77.0,250
2022-09-11,MNQZ2,20332,12700.0,12755.75,12697.5,12708.5,12643
2022-09-12,MNQH3,8071,12779.0,12980.75,12760.0,12948.0,156
2022-09-12,MNQM3,4973,13060.0,13060.0,13060.0,13060.0,1
2022-09-12,MNQU2,7688,12631.75,12783.0,12573.25,12762.25,603008
2022-09-12,MNQU2-MNQZ2,135820,76.4,84.8,75.1,82.1,3886
2022-09-12,MNQU3,9235,13100.0,13100.0,13100.0,13100.0,1
2022-09-12,MNQZ2,20332,12708.5,12865.5,12648.25,12845.5,843322
2022-09-13,MNQH3,8071,12948.0,13047.5,12201.0,12259.25,684
2022-09-13,MNQM3,4973,12688.25,12688.25,12500.0,12500.0,3
2022-09-13,MNQU2,7688,12762.75,12889.0,12002.75,12058.5,571748
2022-09-13,MNQU2-MNQZ2,135820,85.35,85.35,77.9,80.15,3039
2022-09-13,MNQU3,9235,13200.0,13200.0,12517.25,12517.25,3
2022-09-13,MNQZ2,20332,12845.75,12976.5,12082.25,12138.75,1299910
2022-09-13,MNQZ2-MNQH3,80242,115.0,117.0,115.0,117.0,2
2022-09-14,MNQH3,8071,12241.5,12372.25,12200.75,12362.25,387
2022-09-14,MNQM3,4973,12348.25,12348.25,12348.25,12348.25,1
2022-09-14,MNQU2,7688,12058.75,12187.75,12001.0,12168.25,392891
2022-09-14,MNQU2-MNQZ2,135820,80.8,82.45,78.25,80.25,3984
2022-09-14,MNQZ2,20332,12138.5,12267.75,12080.75,12248.0,1401543
2022-09-15,MNQH3,8071,12351.0,12375.25,12010.5,12037.5,833
2022-09-15,MNQM3,4973,12275.0,12275.0,12275.0,12275.0,1
2022-09-15,MNQU2,7688,12168.0,12179.5,11821.25,11845.5,203390
2022-09-15,MNQU2-MNQZ2,135820,81.1,81.1,69.15,71.25,3576
2022-09-15,MNQZ2,20332,12248.25,12260.0,11891.75,11915.5,1334155
2022-09-15,MNQZ2-MNQH3,80242,116.0,122.0,115.75,122.0,4
2022-09-16,MNQH3,8071,12045.75,12078.0,11891.25,12069.0,1319
2022-09-16,MNQM3,4973,12060.25,12175.0,12060.25,12175.0,4
2022-09-16,MNQU2,7688,11847.5,11864.75,11740.0,11777.5,10981
2022-09-16,MNQU2-MNQZ2,135820,71.0,73.6,68.0,71.5,396
2022-09-16,MNQZ2,20332,11916.0,11960.0,11778.0,11958.0,1414573
2022-09-16,MNQZ2-MNQH3,80242,117.1,117.1,113.9,113.9,21
2022-09-18,MNQH3,8071,12035.0,12054.5,11995.25,12041.0,115
2022-09-18,MNQZ2,20332,11920.5,11944.0,11881.0,11930.25,30034
2022-09-19,MNQH3,8071,12054.0,12190.5,11910.0,12190.25,1369
2022-09-19,MNQM3,4973,12200.0,12200.0,12200.0,12200.0,2
2022-09-19,MNQU3,9235,12345.0,12345.0,12345.0,12345.0,1
2022-09-19,MNQZ2,20332,11930.5,12078.75,11792.25,12078.25,1220206
2022-09-19,MNQZ2-MNQH3,80242,113.9,113.9,113.9,113.9,1
2022-09-20,MNQH3,8071,12199.75,12208.75,11945.25,12048.5,1793
2022-09-20,MNQM3,4973,12341.0,12341.0,12101.75,12136.25,4
2022-09-20,MNQU3,9235,12270.0,12270.0,12270.0,12270.0,1
2022-09-20,MNQZ2,20332,12077.75,12092.5,11828.5,11927.0,1333258
2022-09-20,MNQZ2-MNQH3,80242,113.9,113.9,113.9,113.9,1
2022-09-20,MNQZ3,34070,12330.0,12330.0,12330.0,12330.0,1
2022-09-21,MNQH3,8071,12037.0,12258.5,11723.25,11735.0,2473
2022-09-21,MNQM3,4973,12170.25,12262.5,11888.0,11888.0,8
2022-09-21,MNQU3,9235,12025.0,12025.0,12000.0,12000.0,3
2022-09-21,MNQZ2,20332,11926.75,12139.0,11606.5,11612.5,1575000
2022-09-21,MNQZ3,34070,12100.0,12100.0,12100.0,12100.0,1
2022-09-22,MNQH3,8071,11721.25,11905.0,11625.0,11703.0,2649
2022-09-22,MNQM3,4973,11966.25,11966.25,11760.0,11800.0,11
2022-09-22,MNQU3,9235,11900.0,11900.0,11900.0,11900.0,1
2022-09-22,MNQZ2,20332,11612.0,11795.75,11510.0,11587.25,1573785
2022-09-22,MNQZ2-MNQH3,80242,115.7,115.75,115.35,115.35,82
2022-09-23,MNQH3,8071,11704.25,11706.25,11345.0,11506.5,3264
2022-09-23,MNQM3,4973,11754.5,11754.5,11500.0,11500.0,17
2022-09-23,MNQU3,9235,11700.0,11700.0,11700.0,11700.0,1
2022-09-23,MNQZ2,20332,11587.5,11600.0,11228.75,11388.0,1506744
2022-09-23,MNQZ2-MNQH3,80242,111.5,111.5,111.5,111.5,25
2022-09-25,MNQH3,8071,11494.0,11505.0,11425.0,11459.25,157
2022-09-25,MNQZ2,20332,11362.5,11396.25,11309.25,11345.0,44093
2022-09-25,MNQZ2-MNQH3,80242,114.75,114.75,114.75,114.75,1
2022-09-26,MNQH3,8071,11462.5,11644.5,11375.0,11459.0,2541
2022-09-26,MNQM3,4973,11661.0,11665.0,11550.0,11550.0,9
2022-09-26,MNQZ2,20332,11345.0,11537.75,11256.5,11348.75,1746710
2022-09-26,MNQZ3,34070,11820.0,11830.0,11820.0,11830.0,2
2022-09-27,MNQH3,8071,11461.25,11678.0,11341.75,11459.75,2853
2022-09-27,MNQM3,4973,11630.0,11716.0,11600.0,11600.0,18
2022-09-27,MNQZ2,20332,11349.25,11568.0,11233.5,11347.0,1657939
2022-09-27,MNQZ2-MNQH3,80242,105.25,105.25,105.25,105.25,1
2022-09-28,MNQH3,8071,11457.25,11720.0,11255.0,11643.75,2747
2022-09-28,MNQM3,4973,11543.5,11831.25,11543.5,11831.25,4
2022-09-28,MNQU3,9235,11505.0,11505.0,11505.0,11505.0,2
2022-09-28,MNQZ2,20332,11347.5,11612.5,11141.75,11533.75,1662719
2022-09-28,MNQZ2-MNQH3,80242,105.5,106.45,105.5,106.45,42
2022-09-29,MNQH3,8071,11640.0,11673.25,11198.0,11373.0,2874
2022-09-29,MNQM3,4973,11620.0,11640.0,11400.0,11455.0,42
2022-09-29,MNQU3,9235,11530.0,11555.0,11530.0,11555.0,2
2022-09-29,MNQZ2,20332,11534.0,11566.25,11091.5,11265.0,1525133
2022-09-29,MNQZ2-MNQH3,80242,109.2,109.2,109.2,109.2,1
2022-09-30,MNQH3,8071,11361.25,11461.5,11132.0,11155.25,2768
2022-09-30,MNQM3,4973,11550.0,11553.0,11470.0,11470.0,9
2022-09-30,MNQU3,9235,11370.0,11370.0,11370.0,11370.0,1
2022-09-30,MNQZ2,20332,11265.75,11357.0,11024.5,11056.5,1599620
2022-09-30,MNQZ2-MNQH3,80242,105.85,106.1,105.15,105.15,38
2022-10-02,MNQH3,8071,11130.0,11151.25,11039.25,11049.5,325
2022-10-02,MNQM3,4973,11161.0,11161.0,11160.0,11160.0,2
2022-10-02,MNQZ2,20332,11028.75,11051.25,10930.25,10943.25,65103
2022-10-03,MNQH3,8071,11045.0,11460.75,10997.5,11445.5,2067
2022-10-03,MNQM3,4973,11191.0,11500.0,11160.0,11500.0,11
2022-10-03,MNQZ2,20332,10944.0,11357.75,10890.5,11344.0,1423008
2022-10-03,MNQZ2-MNQH3,80242,104.55,105.5,102.05,102.05,12
2022-10-04,MNQH3,8071,11450.0,11784.0,11445.0,11728.5,1830
2022-10-04,MNQM3,4973,11600.0,11890.75,11600.0,11833.0,5
2022-10-04,MNQU3,9235,11704.0,11704.0,11704.0,11704.0,1
2022-10-04,MNQZ2,20332,11344.25,11676.25,11334.75,11620.75,1402508
2022-10-04,MNQZ2-MNQH3,80242,105.95,110.15,105.95,108.5,42
2022-10-05,MNQH3,8071,11729.5,11820.0,11480.0,11810.5,1908
2022-10-05,MNQM3,4973,11603.75,11886.0,11603.75,11886.0,2
2022-10-05,MNQZ2,20332,11620.75,11711.0,11368.0,11699.25,1403300
2022-10-05,MNQZ2-MNQH3,80242,108.55,108.55,108.55,108.55,20
2022-10-06,MNQH3,8071,11800.25,11840.0,11598.0,11613.0,2120
2022-10-06,MNQM3,4973,11800.0,11843.25,11774.5,11774.5,4
2022-10-06,MNQZ2,20332,11699.75,11730.0,11477.25,11498.75,1575664
2022-10-07,MNQH3,8071,11617.5,11680.75,11158.0,11208.75,2473
2022-10-07,MNQM3,4973,11700.0,11760.0,11325.0,11325.0,6
2022-10-07,MNQZ2,20332,11498.75,11577.0,11043.25,11096.25,1438859
2022-10-07,MNQZ2-MNQH3,80242,110.25,110.55,110.0,110.55,58
2022-10-09,MNQH3,8071,11165.25,11170.25,11100.0,11155.0,274
2022-10-09,MNQZ2,20332,11066.75,11068.75,10985.5,11035.75,60102
2022-10-10,MNQH3,8071,11146.5,11245.0,10988.0,11125.25,3652
2022-10-10,MNQM3,4973,11300.0,11300.0,11170.0,11206.75,8
2022-10-10,MNQZ2,20332,11036.25,11136.5,10876.75,11014.5,1369039
2022-10-11,MNQH3,8071,11107.75,11145.0,10876.5,10965.0,3742
2022-10-11,MNQM3,4973,11226.25,11226.25,11000.0,11000.0,20
2022-10-11,MNQZ2,20332,11014.25,11039.75,10767.25,10865.0,1706451
2022-10-11,MNQZ2-MNQH3,80242,107.95,107.95,107.95,107.95,40
2022-10-12,MNQH3,8071,10957.25,11075.0,10915.0,10975.0,2218
2022-10-12,MNQM3,4973,11110.75,11110.75,11087.0,11087.0,3
2022-10-12,MNQZ2,20332,10865.0,10976.75,10805.75,10869.25,1473279
2022-10-12,MNQZ2-MNQH3,80242,108.0,108.0,106.55,107.8,73
2022-10-13,MNQH3,8071,10971.0,11254.0,10597.0,11179.75,5189
2022-10-13,MNQM3,4973,11120.0,11325.0,10750.0,11314.25,37
2022-10-13,MNQZ2,20332,10868.5,11142.25,10484.5,11064.75,2066690
2022-10-13,MNQZ2-MNQH3,80242,106.5,112.25,102.05,112.25,117
2022-10-14,MNQH3,8071,11177.0,11363.25,10834.75,10850.75,2812
2022-10-14,MNQM3,4973,11300.0,11325.0,11000.0,11000.0,11
2022-10-14,MNQZ2,20332,11064.25,11253.75,10726.75,10748.75,1767917
2022-10-14,MNQZ2-MNQH3,80242,112.25,112.25,110.2,110.2,99
2022-10-14,MNQZ3,34070,11526.0,11527.0,11526.0,11527.0,2
2022-10-16,MNQH3,8071,10852.75,10910.0,10849.0,10907.75,133
2022-10-16,MNQM3,4973,11041.0,11041.0,11041.0,11041.0,1
2022-10-16,MNQZ2,20332,10720.5,10802.5,10705.0,10791.5,33806
2022-10-17,MNQH3,8071,10902.5,11330.75,10876.0,11316.0,2066
2022-10-17,MNQM3,4973,11111.0,11350.0,11111.0,11350.0,7
2022-10-17,MNQZ2,20332,10792.0,11218.25,10761.5,11211.25,1318622
2022-10-17,MNQZ2-MNQH3,80242,114.0,114.5,114.0,114.5,4
2022-10-18,MNQH3,8071,11326.0,11546.5,11200.0,11458.25,3323
2022-10-18,MNQM3,4973,11460.0,11630.0,11338.25,11585.0,31
2022-10-18,MNQZ2,20332,11211.0,11431.75,11081.5,11343.75,1739567
2022-10-18,MNQZ2-MNQH3,80242,115.9,115.9,115.9,115.9,100
2022-10-19,MNQH3,8071,11455.0,11485.0,11170.0,11203.0,1997
2022-10-19,MNQM3,4973,11588.0,11588.0,11400.0,11423.0,5
2022-10-19,MNQU3,9235,11477.75,11477.75,11477.75,11477.75,1
2022-10-19,MNQZ2,20332,11343.75,11377.75,11050.25,11089.0,1516785
2022-10-19,MNQZ2-MNQH3,80242,117.85,117.85,117.85,117.85,5
2022-10-20,MNQH3,8071,11209.0,11445.5,11107.0,11128.25,2343
2022-10-20,MNQM3,4973,11280.0,11520.0,11280.0,11326.0,10
2022-10-20,MNQZ2,20332,11088.25,11329.0,10995.25,11020.5,1467531
2022-10-20,MNQZ2-MNQH3,80242,114.85,114.85,114.85,114.85,41
2022-10-21,MNQH3,8071,11132.5,11502.25,11052.0,11502.25,2342
2022-10-21,MNQM3,4973,11201.75,11577.5,11201.75,11577.5,16
2022-10-21,MNQZ2,20332,11020.75,11386.25,10937.0,11379.25,1608586
2022-10-21,MNQZ2-MNQH3,80242,114.3,114.45,114.3,114.45,40
2022-10-23,MNQH3,8071,11520.0,11643.0,11520.0,11568.0,245
2022-10-23,MNQM3,4973,11777.0,11777.0,11730.0,11730.0,2
2022-10-23,MNQZ2,20332,11393.75,11530.75,11389.0,11452.0,63958
2022-10-23,MNQZ2-MNQH3,80242,115.1,115.1,115.1,115.1,2
2022-10-24,MNQH3,8071,11567.0,11632.25,11323.5,11592.5,2501
2022-10-24,MNQM3,4973,11613.0,11650.0,11490.0,11650.0,4
2022-10-24,MNQZ2,20332,11452.0,11515.5,11207.75,11474.5,1370645
2022-10-24,MNQZ2-MNQH3,80242,115.1,117.9,115.1,117.9,102
2022-10-25,MNQH3,8071,11592.75,11850.0,11555.0,11591.5,2550
2022-10-25,MNQM3,4973,11671.0,11939.5,11671.0,11935.0,9
2022-10-25,MNQZ2,20332,11475.25,11732.75,11430.5,11469.0,1257419
2022-10-25,MNQZ2-MNQH3,80242,118.5,119.9,118.5,119.9,26
2022-10-26,MNQH3,8071,11588.0,11821.0,11501.5,11610.5,2585
2022-10-26,MNQM3,4973,11760.0,11915.0,11709.5,11915.0,6
2022-10-26,MNQZ2,20332,11469.25,11703.5,11413.5,11498.75,1493966
2022-10-26,MNQZ2-MNQH3,80242,119.9,120.2,115.6,115.6,108
2022-10-27,MNQH3,8071,11614.0,11647.75,11037.5,11240.0,2980
2022-10-27,MNQM3,4973,11680.0,11680.0,11232.5,11400.0,24
2022-10-27,MNQZ2,20332,11498.25,11537.75,10924.5,11135.0,1609174
2022-10-27,MNQZ2-MNQH3,80242,119.45,119.45,112.9,112.9,302
2022-10-28,MNQH3,8071,11248.0,11742.75,11178.0,11740.0,2887
2022-10-28,MNQM3,4973,11398.25,11838.75,11398.25,11838.75,11
2022-10-28,MNQZ2,20332,11135.25,11627.0,11062.0,11626.75,1298513
2022-10-28,MNQZ2-MNQH3,80242,113.0,115.9,113.0,115.3,103
2022-10-30,MNQH3,8071,11700.0,11700.75,11664.0,11675.0,138
2022-10-30,MNQZ2,20332,11593.5,11600.0,11545.5,11557.5,27353
2022-10-31,MNQH3,8071,11670.0,11696.0,11491.0,11585.25,1819
2022-10-31,MNQM3,4973,11770.0,11770.0,11620.0,11700.0,4
2022-10-31,MNQZ2,20332,11557.5,11581.5,11367.0,11468.75,1102643
2022-10-31,MNQZ2-MNQH3,80242,116.55,116.55,116.2,116.2,21
2022-11-01,MNQH3,8071,11581.75,11730.0,11410.25,11448.0,1730
2022-11-01,MNQM3,4973,11805.0,11805.0,11589.5,11589.5,6
2022-11-01,MNQZ2,20332,11468.75,11619.0,11288.75,11332.75,1300305
2022-11-01,MNQZ2-MNQH3,80242,117.9,117.9,115.75,115.75,110
2022-11-02,MNQH3,8071,11457.75,11567.0,11013.75,11032.75,2974
2022-11-02,MNQM3,4973,11600.0,11627.0,11145.75,11145.75,22
2022-11-02,MNQZ2,20332,11332.75,11459.75,10901.0,10919.25,1321764
2022-11-02,MNQZ2-MNQH3,80242,114.85,114.85,110.0,110.0,209
2022-11-03,MNQH3,8071,11029.0,11104.75,10800.0,10812.75,2971
2022-11-03,MNQM3,4973,11161.0,11224.0,10955.0,10955.0,23
2022-11-03,MNQZ2,20332,10919.25,10995.75,10692.75,10710.75,1405284
2022-11-03,MNQZ2-MNQH3,80242,110.05,110.05,110.0,110.0,5
2022-11-04,MNQH3,8071,10818.5,11081.5,10748.0,10979.0,4043
2022-11-04,MNQM3,4973,10948.25,11070.0,10943.75,11024.0,17
2022-11-04,MNQZ2,20332,10710.75,10974.25,10636.0,10874.75,1838777
2022-11-04,MNQZ2-MNQH3,80242,110.75,113.95,108.5,110.35,26
2022-11-06,MNQH3,8071,10966.0,10966.0,10897.5,10909.75,188
2022-11-06,MNQZ2,20332,10829.25,10829.25,10775.75,10796.25,21237
2022-11-07,MNQH3,8071,10900.25,11148.0,10896.5,11133.25,2174
2022-11-07,MNQM3,4973,11125.0,11171.75,11125.0,11171.75,2
2022-11-07,MNQZ2,20332,10796.25,11038.5,10784.25,11024.75,1232928
2022-11-07,MNQZ2-MNQH3,80242,108.9,109.9,108.9,109.9,2
2022-11-08,MNQH3,8071,11138.0,11343.0,11038.75,11237.5,3459
2022-11-08,MNQH3-MNQM3,352954,117.95,117.95,117.95,117.95,1
2022-11-08,MNQM3,4973,11276.0,11443.25,11164.5,11264.75,18
2022-11-08,MNQU3,9235,11550.0,11550.0,11500.0,11500.0,2
2022-11-08,MNQZ2,20332,11025.0,11231.5,10928.25,11125.25,1327174
2022-11-08,MNQZ2-MNQH3,80242,111.05,111.95,110.9,110.9,12
2022-11-09,MNQH3,8071,11232.0,11271.0,10909.0,10951.25,3059
2022-11-09,MNQM3,4973,11200.0,11200.0,11094.0,11126.0,33
2022-11-09,MNQZ2,20332,11125.25,11164.75,10822.0,10844.75,1374951
2022-11-09,MNQZ2-MNQH3,80242,111.5,111.5,107.9,107.9,52
2022-11-10,MNQH3,8071,10949.5,11798.5,10937.25,11788.75,4273
2022-11-10,MNQM3,4973,11090.0,11899.0,11090.0,11890.0,48
2022-11-10,MNQU3,9235,11200.0,11200.0,11200.0,11200.0,1
2022-11-10,MNQZ2,20332,10844.5,11684.75,10809.0,11675.0,1440484
2022-11-10,MNQZ2-MNQH3,80242,106.4,113.0,103.4,113.0,124
2022-11-10,MNQZ3,34070,11270.0,11270.0,11270.0,11270.0,1
2022-11-11,MNQH3,8071,11790.5,11992.0,11686.0,11959.5,3496
2022-11-11,MNQM3,4973,11890.0,12100.0,11828.0,12071.0,48
2022-11-11,MNQZ2,20332,11675.25,11876.75,11569.5,11835.25,1478264
2022-11-11,MNQZ2-MNQH3,80242,115.9,117.6,115.7,116.65,121
2022-11-13,MNQH3,8071,11916.75,11930.5,11880.75,11927.75,125
2022-11-13,MNQM3,4973,12043.5,12043.5,12028.0,12032.0,3
2022-11-13,MNQZ2,20332,11796.0,11819.0,11765.0,11811.25,25479
2022-11-13,MNQZ2-MNQH3,80242,117.0,117.0,117.0,117.0,1
2022-11-14,MNQH3,8071,11924.5,12015.0,11820.0,11883.0,2843
2022-11-14,MNQM3,4973,12040.0,12103.0,11998.25,12103.0,7
2022-11-14,MNQU3,9235,12103.5,12103.5,12103.5,12103.5,3
2022-11-14,MNQZ2,20332,11810.75,11898.5,11702.0,11767.0,1134195
2022-11-14,MNQZ2-MNQH3,80242,116.55,117.9,116.0,117.9,122
2022-11-15,MNQH3,8071,11884.0,12238.25,11878.0,12015.5,3887
2022-11-15,MNQH3-MNQM3,352954,120.4,120.4,120.4,120.4,1
2022-11-15,MNQM3,4973,12020.5,12300.0,12020.5,12139.75,30
2022-11-15,MNQU3,9235,12300.0,12300.0,12270.0,12270.0,2
2022-11-15,MNQZ2,20332,11767.0,12118.5,11761.5,11898.75,1658477
2022-11-15,MNQZ2-MNQH3,80242,115.75,120.0,115.5,117.4,128
2022-11-16,MNQH3,8071,12020.0,12076.0,11824.5,11895.75,2204
2022-11-16,MNQM3,4973,12150.75,12192.25,11978.0,12025.75,32
2022-11-16,MNQZ2,20332,11898.5,11962.25,11706.0,11780.0,1282902
2022-11-16,MNQZ2-MNQH3,80242,117.3,119.5,117.3,117.4,29
2022-11-17,MNQH3,8071,11903.5,11943.75,11643.0,11844.5,2759
2022-11-17,MNQM3,4973,11966.5,12000.0,11818.0,12000.0,31
2022-11-17,MNQZ2,20332,11779.75,11828.25,11528.0,11719.75,1294615
2022-11-17,MNQZ2-MNQH3,80242,115.55,118.25,115.55,118.25,19
2022-11-17,MNQZ3,34070,12210.0,12210.0,12210.0,12210.0,1
2022-11-18,MNQH3,8071,11836.75,11960.5,11724.25,11828.0,1971
2022-11-18,MNQM3,4973,12046.25,12046.25,11888.0,11888.0,7
2022-11-18,MNQZ2,20332,11719.75,11844.0,11606.5,11709.5,1222968
2022-11-18,MNQZ2-MNQH3,80242,118.0,118.3,117.0,117.0,5
2022-11-20,MNQH3,8071,11806.75,11870.75,11806.75,11829.5,92
2022-11-20,MNQZ2,20332,11720.0,11755.25,11701.75,11709.0,12309
2022-11-21,MNQH3,8071,11829.5,11829.5,11670.0,11711.0,1806
2022-11-21,MNQM3,4973,11780.0,11780.0,11780.0,11780.0,1
2022-11-21,MNQZ2,20332,11709.0,11714.5,11553.25,11594.0,973036
2022-11-21,MNQZ2-MNQH3,80242,116.9,116.9,116.9,116.9,2
2022-11-21,MNQZ3,34070,12089.5,12089.5,12089.5,12089.5,1
2022-11-22,MNQH3,8071,11713.75,11875.75,11646.0,11864.0,1940
2022-11-22,MNQM3,4973,11837.0,12006.0,11800.0,12006.0,19
2022-11-22,MNQZ2,20332,11594.25,11759.25,11525.5,11745.0,910910
2022-11-22,MNQZ2-MNQH3,80242,115.5,117.65,115.5,116.0,5
2022-11-22,MNQZ3,34070,12195.0,12195.0,12195.0,12195.0,1
2022-11-23,MNQH3,8071,11872.75,12011.25,11840.0,12006.25,2182
2022-11-23,MNQH3-MNQM3,352954,116.0,124.25,116.0,124.25,3
2022-11-23,MNQM3,4973,12006.0,12131.75,12006.0,12131.75,28
2022-11-23,MNQZ2,20332,11745.0,11898.25,11720.25,11888.5,910824
2022-11-23,MNQZ2-MNQH3,80242,119.3,119.3,116.5,116.5,4
2022-11-23,MNQZ3,34070,12300.0,12300.0,12300.0,12300.0,1
2022-11-24,MNQH3,8071,12008.25,12049.5,11997.5,12036.5,749
2022-11-24,MNQM3,4973,12158.0,12160.25,12146.0,12160.25,5
2022-11-24,MNQZ2,20332,11888.5,11932.75,11873.75,11917.75,146262
2022-11-25,MNQH3,8071,12035.25,12035.25,11885.0,11902.0,1073
2022-11-25,MNQM3,4973,12079.5,12079.5,12035.0,12054.0,4
2022-11-25,MNQZ2,20332,11918.0,11919.75,11766.25,11784.0,384456
2022-11-25,MNQZ2-MNQH3,80242,118.4,119.0,118.4,119.0,2
2022-11-27,MNQH3,8071,11857.0,11862.0,11829.75,11844.0,220
2022-11-27,MNQZ2,20332,11735.25,11748.0,11715.0,11726.75,14466
2022-11-27,MNQZ2-MNQH3,80242,120.25,120.25,117.95,117.95,3
2022-11-28,MNQH3,8071,11846.75,11904.75,11690.0,11737.25,2436
2022-11-28,MNQH3-MNQM3,352954,124.25,124.25,124.25,124.25,1
2022-11-28,MNQM3,4973,11979.75,12029.0,11830.0,11835.0,7
2022-11-28,MNQZ2,20332,11726.25,11788.25,11574.75,11618.75,900086
2022-11-28,MNQZ2-MNQH3,80242,117.95,117.95,114.3,115.15,57
2022-11-28,MNQZ3,34070,12225.0,12225.0,12075.0,12075.0,3
2022-11-29,MNQH3,8071,11728.0,11820.0,11581.0,11613.25,4342
2022-11-29,MNQH3-MNQM3,352954,124.25,124.25,124.25,124.25,1
2022-11-29,MNQM3,4973,11910.0,11910.0,11718.0,11766.0,10
2022-11-29,MNQZ2,20332,11618.5,11704.25,11465.0,11503.25,1025759
2022-11-29,MNQZ2-MNQH3,80242,115.15,116.3,114.0,114.3,15
2022-11-29,MNQZ3,34070,12150.0,12150.0,11950.0,11950.0,4
2022-11-30,MNQH3,8071,11618.75,12202.75,11612.0,12194.25,22593
2022-11-30,MNQH3-MNQM3,352954,133.25,133.25,133.25,133.25,1
2022-11-30,MNQM3,4973,11738.0,12335.25,11735.0,12302.0,60
2022-11-30,MNQZ2,20332,11503.5,12087.5,11498.0,12073.0,1345551
2022-11-30,MNQZ2-MNQH3,80242,112.9,118.7,112.9,117.0,284
2022-11-30,MNQZ3,34070,12075.0,12375.0,12075.0,12375.0,5
2022-12-01,MNQH3,8071,12192.0,12256.0,12061.25,12155.0,24447
2022-12-01,MNQM3,4973,12291.5,12395.5,12220.0,12321.0,67
2022-12-01,MNQZ2,20332,12073.0,12144.75,11943.75,12040.0,1241832
2022-12-01,MNQZ2-MNQH3,80242,112.9,117.0,112.5,116.8,493
2022-12-01,MNQZ3,34070,12495.0,12606.0,12450.0,12525.0,8
2022-12-02,MNQH3,8071,12151.75,12185.75,11858.0,12100.75,8186
2022-12-02,MNQM3,4973,12292.25,12292.25,12063.5,12240.0,60
2022-12-02,MNQZ2,20332,12039.25,12068.0,11740.25,11979.75,1087803
2022-12-02,MNQZ2-MNQH3,80242,114.6,119.1,114.6,116.7,226
2022-12-02,MNQZ3,34070,12450.0,12525.0,12300.0,12525.0,8
2022-12-04,MNQH3,8071,12102.25,12128.0,12096.75,12118.75,255
2022-12-04,MNQZ2,20332,12000.0,12015.0,11981.0,12001.5,13428
2022-12-05,MNQH3,8071,12116.25,12123.5,11860.0,11934.75,8755
2022-12-05,MNQM3,4973,12264.0,12296.75,12000.0,12041.0,47
2022-12-05,MNQU3,9235,12133.5,12133.5,12133.5,12133.5,1
2022-12-05,MNQZ2,20332,12001.75,12009.5,11745.25,11819.25,935050
2022-12-05,MNQZ2-MNQH3,80242,112.65,117.0,112.65,113.9,104
2022-12-05,MNQZ3,34070,12450.0,12450.0,12300.0,12300.0,3
2022-12-06,MNQH3,8071,11935.0,11958.5,11614.25,11690.5,27780
2022-12-06,MNQM3,4973,12060.5,12068.0,11748.25,11800.0,46
2022-12-06,MNQZ2,20332,11820.0,11846.0,11502.0,11578.25,1125552
2022-12-06,MNQZ2-MNQH3,80242,113.7,114.0,111.5,111.65,603
2022-12-06,MNQZ3,34070,12225.0,12225.0,12000.0,12000.0,4
2022-12-07,MNQH3,8071,11690.25,11707.5,11534.0,11620.75,42101
2022-12-07,MNQM3,4973,11851.25,11858.5,11670.0,11716.75,43
2022-12-07,MNQU3,9235,11900.0,11900.0,11845.0,11852.0,4
2022-12-07,MNQZ2,20332,11578.75,11596.0,11423.25,11510.5,1197848
2022-12-07,MNQZ2-MNQH3,80242,111.5,113.1,110.4,112.2,144
2022-12-07,MNQZ3,34070,12075.0,12075.0,12000.0,12000.0,2
2022-12-08,MNQH3,8071,11623.75,11799.25,11547.75,11750.5,105155
2022-12-08,MNQM3,4973,11758.75,11900.0,11744.0,11900.0,34
2022-12-08,MNQZ2,20332,11510.5,11685.5,11434.25,11637.5,952959
2022-12-08,MNQZ2-MNQH3,80242,112.8,114.3,112.05,112.8,1217
2022-12-08,MNQZ3,34070,12075.0,12150.0,12000.0,12150.0,4
2022-12-09,MNQH3,8071,11749.75,11874.75,11611.25,11667.75,344483
2022-12-09,MNQH3-MNQM3,352954,125.55,125.55,125.55,125.55,4
2022-12-09,MNQM3,4973,11953.5,11953.5,11767.0,11808.0,60
2022-12-09,MNQZ2,20332,11637.25,11748.0,11516.5,11553.0,900109
2022-12-09,MNQZ2-MNQH3,80242,113.5,115.8,112.4,113.7,973
2022-12-09,MNQZ3,34070,12075.0,12150.0,12075.0,12075.0,3
2022-12-11,MNQH3,8071,11666.75,11688.0,11641.5,11650.25,7660
2022-12-11,MNQM3,4973,11785.25,11785.25,11785.25,11785.25,1
2022-12-11,MNQZ2,20332,11555.0,11573.0,11527.0,11536.0,9025
2022-12-11,MNQZ2-MNQH3,80242,112.4,116.0,111.6,114.0,239
2022-12-12,MNQH3,8071,11650.25,11834.25,11635.75,11827.75,466967
2022-12-12,MNQM3,4973,11775.0,11945.25,11770.0,11945.25,114
2022-12-12,MNQZ2,20332,11536.0,11717.25,11523.0,11710.5,436311
2022-12-12,MNQZ2-MNQH3,80242,114.5,118.95,111.2,116.95,4441
2022-12-12,MNQZ3,34070,12150.0,12150.0,12150.0,12150.0,1
2022-12-13,MNQH3,8071,11827.75,12330.0,11797.0,11959.75,1143184
2022-12-13,MNQM3,4973,11958.0,12453.5,11930.0,12094.5,334
2022-12-13,MNQZ2,20332,11711.25,12228.25,11675.5,11839.0,587688
2022-12-13,MNQZ2-MNQH3,80242,117.4,125.4,111.1,120.55,5224
2022-12-13,MNQZ2-MNQM3,355431,243.0,243.0,243.0,243.0,180
2022-12-13,MNQZ3,34070,12225.0,12635.0,12225.0,12300.0,13
2022-12-14,MNQH3,8071,11959.25,12069.5,11728.75,11883.0,1030320
2022-12-14,MNQM3,4973,12080.75,12197.0,11883.5,12013.5,305
2022-12-14,MNQU3,9235,12197.75,12197.75,12197.75,12197.75,1
2022-12-14,MNQZ2,20332,11838.25,11948.5,11611.5,11764.0,310632
2022-12-14,MNQZ2-MNQH3,80242,120.4,122.25,116.85,118.5,1745
2022-12-14,MNQZ3,34070,12375.0,12375.0,12150.0,12225.0,7
2022-12-15,MNQH3,8071,11883.5,11898.0,11404.0,11458.75,1114276
2022-12-15,MNQH3-MNQM3,352954,120.55,120.55,120.1,120.1,10
2022-12-15,MNQM3,4973,12004.25,12022.75,11536.0,11584.75,862
2022-12-15,MNQU3,9235,11970.0,11970.0,11700.0,11700.0,5
2022-12-15,MNQZ2,20332,11763.0,11779.0,11298.25,11349.25,218041
2022-12-15,MNQZ2-MNQH3,80242,118.9,119.45,105.7,110.0,1248
2022-12-15,MNQZ2-MNQM3,355431,231.55,231.55,231.55,231.55,1
2022-12-15,MNQZ3,34070,12150.0,12150.0,11775.0,11850.0,7
2022-12-16,MNQH3,8071,11458.75,11491.5,11275.5,11319.25,1101404
2022-12-16,MNQH3-MNQM3,352954,122.0,123.45,120.6,120.6,277
2022-12-16,MNQM3,4973,11587.75,11616.0,11400.0,11435.5,1222
2022-12-16,MNQU3,9235,11539.25,11539.25,11539.25,11539.25,1
2022-12-16,MNQZ2,20332,11350.5,11381.5,11205.5,11283.0,15233
2022-12-16,MNQZ2-MNQH3,80242,110.0,112.25,102.35,105.0,361
2022-12-16,MNQZ3,34070,11775.0,11775.0,11700.0,11700.0,7
2022-12-18,MNQH3,8071,11327.0,11366.25,11322.25,11352.75,16440
2022-12-18,MNQM3,4973,11458.5,11482.0,11458.5,11474.0,22
2022-12-19,MNQH3,8071,11352.75,11411.0,11131.5,11213.5,917557
2022-12-19,MNQH3-MNQM3,352954,120.05,120.05,118.55,118.55,34
2022-12-19,MNQM3,4973,11478.0,11525.0,11252.0,11335.0,1060
2022-12-19,MNQU3,9235,11500.0,11500.0,11390.0,11433.0,8
2022-12-19,MNQZ3,34070,11625.0,11625.0,11550.0,11550.0,4
2022-12-20,MNQH3,8071,11213.5,11247.25,11042.75,11223.25,1133448
2022-12-20,MNQH3-MNQM3,352954,118.5,118.5,118.2,118.2,17
2022-12-20,MNQM3,4973,11329.5,11364.25,11169.75,11335.0,1466
2022-12-20,MNQU3,9235,11331.75,11402.75,11331.75,11402.75,3
2022-12-20,MNQZ3,34070,11475.0,11550.0,11475.0,11550.0,5
2022-12-21,MNQH3,8071,11223.25,11389.75,11181.0,11352.75,957684
2022-12-21,MNQH3-MNQM3,352954,120.0,120.0,120.0,120.0,31
2022-12-21,MNQM3,4973,11340.25,11506.75,11301.5,11471.0,1355
2022-12-21,MNQU3,9235,11587.0,11587.0,11587.0,11587.0,1
2022-12-21,MNQZ3,34070,11625.0,11700.0,11625.0,11700.0,3
2022-12-22,MNQH3,8071,11352.75,11384.25,10870.5,11048.75,1042160
2022-12-22,MNQH3-MNQM3,352954,122.15,122.15,116.75,116.75,61
2022-12-22,MNQM3,4973,11461.0,11500.0,10991.0,11163.0,1728
2022-12-22,MNQU3,9235,11356.0,11356.0,11110.0,11200.0,14
2022-12-22,MNQZ3,34070,11625.0,11625.0,11250.0,11400.0,9
2022-12-23,MNQH3,8071,11048.5,11143.25,10915.75,11066.25,1019437
2022-12-23,MNQH3-MNQM3,352954,115.05,117.0,114.75,117.0,6
2022-12-23,MNQM3,4973,11163.75,11255.0,11036.25,11186.25,1775
2022-12-23,MNQU3,9235,11283.0,11283.0,11210.0,11210.0,2
2022-12-23,MNQZ3,34070,11475.0,11475.0,11325.0,11445.25,6
2022-12-26,MNQH3,8071,11101.75,11163.5,11101.75,11156.5,15596
2022-12-26,MNQH3-MNQM3,352954,114.75,114.75,114.75,114.75,1
2022-12-26,MNQM3,4973,11200.0,11278.0,11200.0,11273.75,88
2022-12-26,MNQZ3,34070,11475.0,11475.0,11475.0,11475.0,1
2022-12-27,MNQH3,8071,11156.75,11184.0,10895.75,10913.0,838415
2022-12-27,MNQH3-MNQM3,352954,118.1,118.1,118.1,118.1,1
2022-12-27,MNQM3,4973,11277.0,11300.0,11018.0,11028.0,1242
2022-12-27,MNQZ3,34070,11400.0,11400.0,11325.0,11325.0,3
2022-12-28,MNQH3,8071,10913.5,10996.5,10758.25,10793.0,927601
2022-12-28,MNQH3-MNQM3,352954,116.0,116.0,116.0,116.0,1
2022-12-28,MNQM3,4973,11032.5,11107.25,10875.25,10910.25,1781
2022-12-28,MNQU3,9235,11120.0,11120.25,11000.0,11000.0,12
2022-12-28,MNQZ3,34070,11250.0,11325.0,11125.0,11125.0,5
2022-12-29,MNQH3,8071,10793.75,11071.5,10777.5,11022.5,768686
2022-12-29,MNQH3-MNQM3,352954,116.4,116.6,116.1,116.6,71
2022-12-29,MNQH4,7101,11520.0,11520.0,11520.0,11520.0,1
2022-12-29,MNQM3,4973,10913.25,11185.0,10894.5,11138.75,1111
2022-12-29,MNQU3,9235,11050.5,11250.5,11050.5,11250.5,5
2022-12-29,MNQZ3,34070,11250.0,11400.0,11250.0,11400.0,3
2022-12-30,MNQH3,8071,11022.75,11051.75,10855.5,11040.75,864714
2022-12-30,MNQH3-MNQM3,352954,118.0,118.0,116.45,116.5,41
2022-12-30,MNQM3,4973,11138.0,11165.75,10973.5,11157.25,1551
2022-12-30,MNQU3,9235,11160.0,11177.5,11160.0,11177.5,2
2022-12-30,MNQZ3,34070,11325.0,11400.0,11250.0,11400.0,5
2023-01-02,MNQH3,8071,11117.0,11151.0,11037.5,11052.75,24498
2023-01-02,MNQM3,4973,11208.75,11240.0,11157.25,11167.0,112
2023-01-03,MNQH3,8071,11052.25,11181.75,10844.25,10949.25,1062145
2023-01-03,MNQH3-MNQM3,352954,116.25,117.0,114.0,117.0,16
2023-01-03,MNQM3,4973,11164.0,11295.0,10967.25,11066.0,1891
2023-01-03,MNQU3,9235,11165.0,11165.0,11123.0,11123.0,2
2023-01-03,MNQZ3,34070,11475.0,11475.0,11325.0,11325.0,4
2023-01-04,MNQH3,8071,10949.0,11068.0,10863.25,10995.75,1217334
2023-01-04,MNQH3-MNQM3,352954,118.9,118.9,118.9,118.9,1
2023-01-04,MNQH4,7101,11416.0,11466.5,11416.0,11466.5,2
2023-01-04,MNQM3,4973,11064.75,11184.25,10983.0,11115.75,1741
2023-01-04,MNQU3,9235,11134.0,11174.0,11134.0,11174.0,2
2023-01-04,MNQZ3,34070,11400.0,11400.0,11250.0,11325.0,6
2023-01-05,MNQH3,8071,10995.75,11046.25,10804.75,10839.25,1113646
2023-01-05,MNQM3,4973,11104.5,11160.75,10928.0,10962.5,1433
2023-01-05,MNQU3,9235,11137.0,11143.5,11050.0,11070.0,8
2023-01-05,MNQZ3,34070,11250.0,11250.0,11175.0,11175.0,4
2023-01-06,MNQH3,8071,10839.5,11166.0,10751.0,11107.75,1275205
2023-01-06,MNQH3-MNQM3,352954,115.7,116.4,115.7,116.3,31
2023-01-06,MNQM3,4973,10959.0,11280.0,10863.5,11225.75,2026
2023-01-06,MNQU3,9235,11189.75,11390.0,11189.75,11390.0,5
2023-01-06,MNQZ3,34070,11250.0,11475.0,11175.0,11470.25,8
2023-01-08,MNQH3,8071,11128.75,11160.5,11123.25,11143.5,17219
2023-01-08,MNQM3,4973,11260.5,11278.75,11251.0,11258.0,52
2023-01-09,MNQH3,8071,11143.5,11385.5,11120.25,11174.0,1069795
2023-01-09,MNQH3-MNQM3,352954,116.3,119.85,116.3,119.0,34
2023-01-09,MNQM3,4973,11248.0,11500.0,11242.75,11294.75,1819
2023-01-09,MNQU3,9235,11452.0,11606.25,11452.0,11470.0,8
2023-01-09,MNQZ3,34070,11550.0,11730.5,11521.5,11521.5,16
2023-01-10,MNQH3,8071,11174.0,11289.25,11094.25,11285.0,1175006
2023-01-10,MNQH4,7101,11750.0,11750.0,11750.0,11750.0,1
2023-01-10,MNQM3,4973,11293.0,11406.25,11216.0,11406.25,1481
2023-01-10,MNQU3,9235,11438.5,11483.5,11353.5,11483.5,6
2023-01-10,MNQZ3,34070,11562.0,11625.0,11475.0,11625.0,12
2023-01-11,MNQH3,8071,11284.75,11480.0,11239.5,11474.75,968451
2023-01-11,MNQH3-MNQM3,352954,119.95,123.1,119.95,123.1,7
2023-01-11,MNQM3,4973,11404.75,11597.5,11362.75,11596.25,1636
2023-01-11,MNQU3,9235,11616.0,11686.0,11568.25,11684.5,11
2023-01-11,MNQZ3,34070,11700.0,11775.0,11700.0,11775.0,2
2023-01-12,MNQH3,8071,11475.0,11580.0,11288.5,11524.5,1513528
2023-01-12,MNQH3-MNQM3,352954,120.25,120.25,119.8,119.8,7
2023-01-12,MNQH4,7101,12000.0,12000.0,12000.0,12000.0,1
2023-01-12,MNQM3,4973,11586.25,11699.0,11406.75,11644.75,2162
2023-01-12,MNQU3,9235,11711.5,11773.0,11618.0,11758.0,18
2023-01-12,MNQZ3,34070,11850.0,11925.0,11700.0,11873.5,18
2023-01-13,MNQH3,8071,11524.0,11619.25,11389.5,11601.25,1030203
2023-01-13,MNQH3-MNQM3,352954,117.0,120.0,117.0,118.8,22
2023-01-13,MNQH4,7101,11950.0,11950.0,11950.0,11950.0,1
2023-01-13,MNQM3,4973,11646.0,11737.5,11514.0,11720.5,1592
2023-01-13,MNQU3,9235,11740.0,11850.0,11707.0,11820.75,14
2023-01-13,MNQZ3,34070,11850.0,11925.0,11775.0,11925.0,7
2023-01-15,MNQH3,8071,11612.5,11620.0,11582.75,11587.0,11397
2023-01-15,MNQM3,4973,11721.75,11736.25,11705.0,11705.0,69
2023-01-16,MNQH3,8071,11587.25,11638.25,11510.25,11585.5,225291
2023-01-16,MNQM3,4973,11709.0,11751.5,11628.25,11706.0,518
2023-01-16,MNQU3,9235,11845.0,11845.0,11845.0,11845.0,6
2023-01-17,MNQH3,8071,11585.25,11685.0,11530.0,11594.5,978292
2023-01-17,MNQM3,4973,11691.25,11803.5,11650.0,11710.0,1049
2023-01-17,MNQU3,9235,11800.0,11909.0,11800.0,11890.25,11
2023-01-17,MNQZ3,34070,11975.0,12000.0,11975.0,12000.0,4
2023-01-18,MNQH3,8071,11594.5,11759.5,11464.75,11479.25,1277244
2023-01-18,MNQH3-MNQM3,352954,120.5,121.25,118.8,119.9,107
2023-01-18,MNQM3,4973,11710.0,11880.0,11589.5,11605.75,2209
2023-01-18,MNQU3,9235,11895.5,11929.25,11750.0,11777.5,16
2023-01-18,MNQZ3,34070,12000.75,12075.0,11840.0,11840.0,7
2023-01-19,MNQH3,8071,11479.75,11486.5,11308.5,11383.75,1189421
2023-01-19,MNQH3-MNQM3,352954,119.25,121.0,118.5,120.0,4
2023-01-19,MNQM3,4973,11583.0,11605.0,11430.0,11504.5,1836
2023-01-19,MNQU3,9235,11700.0,11700.0,11700.0,11700.0,1
2023-01-19,MNQZ3,34070,11775.0,11775.0,11689.0,11750.0,5
2023-01-20,MNQH3,8071,11384.0,11686.0,11365.25,11676.25,1031379
2023-01-20,MNQH3-MNQM3,352954,119.0,121.6,119.0,120.5,18
2023-01-20,MNQH4,7101,12000.0,12000.0,12000.0,12000.0,1
2023-01-20,MNQM3,4973,11505.0,11804.0,11489.0,11792.25,1515
2023-01-20,MNQU3,9235,11677.25,11905.0,11606.25,11896.75,8
2023-01-20,MNQZ3,34070,11850.0,12000.0,11850.0,12000.0,15
2023-01-22,MNQH3,8071,11677.75,11687.0,11650.25,11658.25,10689
2023-01-22,MNQM3,4973,11804.25,11804.25,11772.0,11775.0,106
2023-01-22,MNQU3,9235,11875.0,11875.0,11875.0,11875.0,1
2023-01-23,MNQH3,8071,11658.0,11983.0,11650.75,11918.5,1076561
2023-01-23,MNQH3-MNQM3,352954,119.85,124.25,119.85,124.25,19
2023-01-23,MNQH4,7101,12300.0,12300.0,12300.0,12300.0,1
2023-01-23,MNQM3,4973,11776.0,12104.75,11767.25,12049.75,2326
2023-01-23,MNQU3,9235,11901.5,12210.5,11901.5,12179.75,31
2023-01-23,MNQZ3,34070,12075.0,12337.5,12075.0,12280.0,23
2023-01-24,MNQH3,8071,11918.5,12010.0,11821.25,11840.0,1018842
2023-01-24,MNQH3-MNQM3,352954,124.0,124.75,124.0,124.0,12
2023-01-24,MNQM3,4973,12042.0,12128.0,11949.75,11959.0,1368
2023-01-24,MNQU3,9235,12191.75,12250.0,12100.0,12145.0,21
2023-01-24,MNQZ3,34070,12225.0,12375.0,12225.0,12225.0,12
2023-01-25,MNQH3,8071,11840.25,11917.75,11604.5,11907.25,1230943
2023-01-25,MNQH3-MNQM3,352954,122.7,122.8,122.25,122.8,80
2023-01-25,MNQM3,4973,11970.0,12039.75,11726.0,12034.5,1911
2023-01-25,MNQU3,9235,12060.0,12174.75,11880.0,12174.75,31
2023-01-25,MNQZ3,34070,12150.0,12225.0,12000.0,12225.0,6
2023-01-26,MNQH3,8071,11907.75,12113.25,11879.25,12039.75,1144201
2023-01-26,MNQH3-MNQM3,352954,124.85,125.95,124.85,125.95,12
2023-01-26,MNQM3,4973,12036.75,12235.5,12006.25,12166.25,2445
2023-01-26,MNQU3,9235,12183.25,12330.0,12159.75,12323.75,20
2023-01-26,MNQZ3,34070,12300.0,12450.0,12300.0,12435.0,7
2023-01-27,MNQH3,8071,12039.5,12308.0,12016.0,12219.75,1138933
2023-01-27,MNQH3-MNQM3,352954,126.55,127.95,126.55,127.75,73
2023-01-27,MNQH4,7101,12750.0,12750.0,12750.0,12750.0,1
2023-01-27,MNQM3,4973,12164.0,12435.5,12130.0,12349.0,2290
2023-01-27,MNQU3,9235,12271.75,12520.0,12271.75,12483.75,28
2023-01-27,MNQZ3,34070,12426.25,12622.0,12426.25,12587.75,19
2023-01-29,MNQH3,8071,12213.25,12252.0,12191.75,12205.5,19745
2023-01-29,MNQM3,4973,12325.0,12377.75,12324.0,12330.0,120
2023-01-30,MNQH3,8071,12205.0,12224.0,11960.0,12002.25,1148477
2023-01-30,MNQH3-MNQM3,352954,130.0,130.0,126.5,126.5,30
2023-01-30,MNQM3,4973,12333.0,12345.0,12087.75,12123.0,1458
2023-01-30,MNQU3,9235,12390.75,12390.75,12250.0,12250.0,13
2023-01-30,MNQZ3,34070,12450.0,12450.0,12375.0,12430.0,6
2023-01-31,MNQH3,8071,12002.75,12156.0,11871.25,12103.25,1069532
2023-01-31,MNQH3-MNQM3,352954,125.15,125.15,124.05,124.25,10
2023-01-31,MNQM3,4973,12122.25,12280.0,11999.0,12233.75,1504
2023-01-31,MNQU3,9235,12212.0,12383.25,12125.0,12383.25,20
2023-01-31,MNQZ3,34070,12300.0,12450.0,12300.0,12445.0,6
2023-02-01,MNQH3,8071,12103.0,12559.75,12055.0,12545.25,1092402
2023-02-01,MNQH3-MNQM3,352954,129.0,130.0,127.0,127.0,10
2023-02-01,MNQM3,4973,12230.25,12692.0,12170.0,12659.0,2694
2023-02-01,MNQU3,9235,12347.25,12811.75,12330.0,12811.75,41
2023-02-01,MNQZ3,34070,12525.0,12924.0,12450.0,12900.0,30
2023-02-02,MNQH3,8071,12544.75,12950.0,12501.25,12663.5,1404048
2023-02-02,MNQH3-MNQM3,352954,130.0,132.6,130.0,130.6,100
2023-02-02,MNQH4,7101,13198.25,13198.25,13198.25,13198.25,1
2023-02-02,MNQM3,4973,12672.0,13075.0,12632.0,12790.0,4366
2023-02-02,MNQU3,9235,12753.0,13216.5,12753.0,12919.0,90
2023-02-02,MNQZ3,34070,12939.75,13205.0,12939.75,13090.25,30
2023-02-03,MNQH3,8071,12663.75,12877.75,12550.5,12616.75,1478712
2023-02-03,MNQH3-MNQM3,352954,134.95,135.0,132.7,134.4,141
2023-02-03,MNQH4,7101,13350.0,13350.0,13248.0,13248.0,2
2023-02-03,MNQM3,4973,12800.5,13013.25,12687.75,12752.0,3425
2023-02-03,MNQU3,9235,12911.0,13159.0,12844.0,12885.0,58
2023-02-05,MNQH3,8071,12578.25,12605.0,12550.75,12591.0,23260
2023-02-05,MNQH3-MNQM3,352954,138.0,138.0,138.0,138.0,5
2023-02-05,MNQM3,4973,12717.5,12743.5,12690.0,12740.75,121
2023-02-05,MNQU3,9235,12813.0,12813.0,12813.0,12813.0,1
2023-02-06,MNQH3,8071,12590.75,12608.75,12456.5,12536.25,1071546
2023-02-06,MNQH3-MNQM3,352954,135.5,136.0,133.0,134.35,171
2023-02-06,MNQM3,4973,12726.5,12742.0,12592.0,12670.0,1353
2023-02-06,MNQU3,9235,12882.5,12882.5,12740.0,12775.0,11
2023-02-06,MNQZ3,34070,12877.0,12987.0,12877.0,12970.0,6
2023-02-07,MNQH3,8071,12535.75,12818.75,12459.25,12750.25,1284426
2023-02-07,MNQH3-MNQM3,352954,133.5,136.1,133.5,136.0,22
2023-02-07,MNQM3,4973,12669.75,12954.0,12596.25,12885.5,2017
2023-02-07,MNQU3,9235,12825.0,13100.0,12778.5,13100.0,15
2023-02-07,MNQZ3,34070,12926.25,13181.75,12926.25,13181.75,2
2023-02-08,MNQH3,8071,12750.25,12809.0,12512.5,12561.25,1054167
2023-02-08,MNQH3-MNQM3,352954,136.3,140.0,136.3,140.0,92
2023-02-08,MNQM3,4973,12889.5,12944.75,12650.0,12698.0,1779
2023-02-08,MNQU3,9235,13049.0,13049.0,12836.5,12836.5,10
2023-02-08,MNQZ3,34070,13157.0,13157.0,13157.0,13157.0,1
2023-02-09,MNQH3,8071,12562.0,12729.5,12366.0,12435.0,1185544
2023-02-09,MNQH3-MNQM3,352954,137.15,137.4,136.6,137.4,4
2023-02-09,MNQH4,7101,13000.0,13000.0,13000.0,13000.0,1
2023-02-09,MNQM3,4973,12702.5,12861.5,12507.25,12567.5,1954
2023-02-09,MNQU3,9235,12899.0,13004.25,12809.0,12815.25,12
2023-02-09,MNQZ3,34070,12825.0,12830.0,12800.0,12830.0,5
2023-02-10,MNQH3,8071,12435.25,12446.25,12243.0,12336.75,1151312
2023-02-10,MNQH3-MNQM3,352954,134.0,134.0,132.5,132.6,184
2023-02-10,MNQM3,4973,12568.0,12580.0,12379.0,12477.0,2286
2023-02-10,MNQU3,9235,12646.25,12646.25,12521.0,12588.0,8
2023-02-10,MNQZ3,34070,12750.0,12825.0,12675.0,12750.0,5
2023-02-12,MNQH3,8071,12353.25,12367.0,12294.25,12307.0,15429
2023-02-12,MNQM3,4973,12485.0,12487.5,12429.5,12442.75,38
2023-02-13,MNQH3,8071,12307.25,12567.75,12265.0,12539.0,890566
2023-02-13,MNQH3-MNQM3,352954,134.6,135.3,134.6,135.3,24
2023-02-13,MNQM3,4973,12437.25,12702.75,12400.25,12672.0,1781
2023-02-13,MNQU3,9235,12693.5,12796.0,12693.5,12785.5,4
2023-02-13,MNQZ3,34070,12825.0,12975.0,12825.0,12975.0,6
2023-02-14,MNQH3,8071,12539.25,12685.75,12390.5,12608.0,1519139
2023-02-14,MNQH3-MNQM3,352954,136.2,137.5,135.0,135.0,13
2023-02-14,MNQH4,7101,13072.5,13072.5,13070.0,13070.0,6
2023-02-14,MNQM3,4973,12674.5,12819.0,12529.0,12741.25,3333
2023-02-14,MNQU3,9235,12830.5,12927.75,12720.0,12901.5,24
2023-02-14,MNQZ3,34070,12900.0,13050.0,12825.0,13050.0,12
2023-02-15,MNQH3,8071,12607.5,12756.75,12524.25,12746.75,1061489
2023-02-15,MNQH3-MNQM3,352954,136.55,137.2,136.0,137.2,9
2023-02-15,MNQM3,4973,12742.0,12895.0,12663.0,12881.75,2361
2023-02-15,MNQU3,9235,12855.5,12999.0,12855.5,12999.0,11
2023-02-15,MNQZ3,34070,13008.75,13200.0,13008.75,13200.0,2
2023-02-16,MNQH3,8071,12746.75,12792.5,12421.0,12427.75,1206598
2023-02-16,MNQH3-MNQM3,352954,136.0,138.0,136.0,136.9,86
2023-02-16,MNQH4,7101,13220.0,13220.0,13220.0,13220.0,1
2023-02-16,MNQM3,4973,12888.25,12927.0,12560.0,12562.25,3288
2023-02-16,MNQU3,9235,13027.0,13051.25,12760.0,12760.0,22
2023-02-16,MNQZ3,34070,13200.0,13200.0,12813.0,12813.0,5
2023-02-17,MNQH3,8071,12427.75,12450.0,12265.5,12383.5,1103110
2023-02-17,MNQH3-MNQM3,352954,139.95,139.95,133.0,135.7,25
2023-02-17,MNQM3,4973,12571.75,12586.25,12402.5,12519.25,2734
2023-02-17,MNQU3,9235,12698.25,12698.25,12550.0,12550.0,9
2023-02-17,MNQZ3,34070,12876.25,12876.25,12741.5,12741.5,5
2023-02-19,MNQH3,8071,12383.0,12385.0,12346.25,12359.75,10280
2023-02-19,MNQM3,4973,12519.75,12520.0,12485.25,12496.0,84
2023-02-19,MNQU3,9235,12650.0,12650.0,12618.5,12618.5,2
2023-02-20,MNQH3,8071,12359.5,12418.0,12346.75,12379.0,163223
2023-02-20,MNQH3-MNQM3,352954,135.0,137.0,135.0,136.2,6
2023-02-20,MNQM3,4973,12493.25,12554.0,12482.25,12511.5,704
2023-02-20,MNQU3,9235,12651.25,12672.0,12651.25,12672.0,2
2023-02-20,MNQZ3,34070,12825.0,12825.0,12825.0,12825.0,1
2023-02-21,MNQH3,8071,12378.75,12379.5,12091.5,12114.5,887419
2023-02-21,MNQH3-MNQM3,352954,135.5,136.95,133.7,133.7,31
2023-02-21,MNQH4,7101,12682.5,12682.5,12682.5,12682.5,5
2023-02-21,MNQM3,4973,12515.25,12515.25,12227.75,12250.25,3254
2023-02-21,MNQU3,9235,12540.0,12573.25,12371.75,12371.75,11
2023-02-21,MNQZ3,34070,12770.5,12770.5,12525.0,12525.0,8
2023-02-22,MNQH3,8071,12114.25,12190.75,12034.25,12167.75,1077551
2023-02-22,MNQH3-MNQM3,352954,133.65,133.65,133.5,133.5,9
2023-02-22,MNQM3,4973,12249.0,12323.75,12166.0,12294.0,3583
2023-02-22,MNQU3,9235,12353.0,12453.0,12319.5,12427.75,26
2023-02-22,MNQZ3,34070,12502.0,12600.0,12462.0,12525.0,6
2023-02-23,MNQH3,8071,12167.0,12261.0,12028.0,12174.0,1011123
2023-02-23,MNQH3-MNQM3,352954,132.0,135.3,132.0,134.0,21
2023-02-23,MNQH4,7101,12680.0,12680.0,12680.0,12680.0,1
2023-02-23,MNQM3,4973,12298.75,12396.0,12162.75,12313.25,3520
2023-02-23,MNQU3,9235,12450.0,12520.0,12328.75,12497.5,19
2023-02-23,MNQZ3,34070,12600.0,12675.0,12525.0,12600.0,5
2023-02-24,MNQH3,8071,12173.75,12214.25,11922.75,11999.0,1018209
2023-02-24,MNQH3-MNQM3,352954,135.4,135.4,133.35,134.3,17
2023-02-24,MNQM3,4973,12307.0,12345.0,12060.0,12132.5,3393
2023-02-24,MNQU3,9235,12482.0,12482.0,12231.5,12238.75,24
2023-02-24,MNQZ3,34070,12599.25,12599.25,12375.0,12425.0,7
2023-02-26,MNQH3,8071,12002.25,12025.75,11987.75,12017.5,12253
2023-02-26,MNQM3,4973,12111.75,12157.25,12111.75,12152.0,126
2023-02-27,MNQH3,8071,12017.25,12189.5,12003.75,12093.5,844593
2023-02-27,MNQH3-MNQM3,352954,132.75,134.55,132.5,133.5,180
2023-02-27,MNQM3,4973,12151.0,12322.5,12137.25,12228.5,2415
2023-02-27,MNQU3,9235,12297.5,12451.0,12285.75,12342.0,29
2023-02-27,MNQZ3,34070,12450.0,12600.0,12450.0,12525.0,5
2023-02-28,MNQH3,8071,12093.25,12173.75,12011.75,12022.25,917927
2023-02-28,MNQH3-MNQM3,352954,133.2,134.0,130.75,130.75,12
2023-02-28,MNQM3,4973,12228.5,12305.0,12146.5,12155.0,3408
2023-02-28,MNQU3,9235,12378.0,12412.0,12312.0,12312.0,33
2023-02-28,MNQZ3,34070,12450.0,12550.0,12450.0,12450.0,4
2023-03-01,MNQH3,8071,12022.25,12142.0,11925.0,11971.5,964357
2023-03-01,MNQH3-MNQM3,352954,135.0,135.0,132.3,132.5,109
2023-03-01,MNQM3,4973,12155.0,12275.25,12058.25,12105.25,5109
2023-03-01,MNQU3,9235,12318.0,12405.0,12203.0,12240.5,74
2023-03-01,MNQZ3,34070,12525.0,12525.0,12375.0,12375.0,8
2023-03-02,MNQH3,8071,11971.5,12096.25,11831.5,12037.25,979089
2023-03-02,MNQH3-MNQM3,352954,132.25,133.25,130.5,132.7,129
2023-03-02,MNQM3,4973,12110.75,12227.5,11966.25,12170.75,7399
2023-03-02,MNQU3,9235,12227.5,12352.75,12119.5,12345.0,72
2023-03-02,MNQZ3,34070,12300.0,12496.25,12300.0,12496.25,5
2023-03-03,MNQH3,8071,12036.5,12329.75,12012.25,12326.5,868224
2023-03-03,MNQH3-MNQM3,352954,133.7,136.1,132.8,135.5,213
2023-03-03,MNQM3,4973,12170.75,12468.25,12145.75,12462.25,6992
2023-03-03,MNQU3,9235,12300.25,12612.0,12280.0,12612.0,139
2023-03-03,MNQZ3,34070,12525.0,12675.0,12498.25,12675.0,13
2023-03-05,MNQH3,8071,12307.75,12314.75,12276.0,12292.25,14521
2023-03-05,MNQH3-MNQM3,352954,135.0,136.7,135.0,136.7,6
2023-03-05,MNQM3,4973,12441.25,12452.5,12410.0,12428.25,299
2023-03-05,MNQU3,9235,12546.0,12550.5,12545.25,12545.25,3
2023-03-06,MNQH3,8071,12292.0,12485.75,12284.25,12330.5,892843
2023-03-06,MNQH3-MNQM3,352954,136.25,137.4,135.0,137.4,68
2023-03-06,MNQH4,7101,13050.0,13060.0,12940.0,12940.0,3
2023-03-06,MNQM3,4973,12429.5,12623.75,12419.0,12470.0,11490
2023-03-06,MNQM3-MNQU3,16653,145.0,145.0,145.0,145.0,3
2023-03-06,MNQU3,9235,12561.0,12742.0,12561.0,12605.0,62
2023-03-06,MNQZ3,34070,12750.0,12900.0,12750.0,12825.0,4
2023-03-07,MNQH3,8071,12330.5,12381.75,12142.25,12176.5,1075579
2023-03-07,MNQH3-MNQM3,352954,138.6,139.4,137.75,139.3,910
2023-03-07,MNQH3-MNQU3,15433,291.3,291.3,291.3,291.3,1
2023-03-07,MNQM3,4973,12467.5,12519.25,12281.25,12316.0,50300
2023-03-07,MNQU3,9235,12638.0,12669.25,12435.0,12455.0,106
2023-03-07,MNQZ3,34070,12750.0,12750.0,12600.0,12600.0,4
2023-03-08,MNQH3,8071,12176.5,12254.5,12108.5,12225.0,1022670
2023-03-08,MNQH3-MNQM3,352954,138.9,140.95,138.6,139.35,2300
2023-03-08,MNQM3,4973,12315.0,12394.0,12247.75,12364.75,86216
2023-03-08,MNQU3,9235,12467.25,12537.75,12401.5,12516.0,64
2023-03-08,MNQZ3,34070,12595.0,12695.0,12595.0,12675.0,6
2023-03-09,MNQH3,8071,12225.5,12353.75,11955.0,11985.75,1212102
2023-03-09,MNQH3-MNQM3,352954,139.25,140.9,136.05,137.05,828
2023-03-09,MNQM3,4973,12364.0,12493.25,12092.5,12122.25,45327
2023-03-09,MNQU3,9235,12511.75,12638.0,12259.25,12273.75,151
2023-03-09,MNQZ3,34070,12750.0,12750.0,12450.0,12450.0,6
2023-03-10,MNQH3,8071,11985.75,12112.0,11796.5,11885.25,1648295
2023-03-10,MNQH3-MNQM3,352954,136.7,136.7,128.0,128.1,1384
2023-03-10,MNQM3,4973,12121.5,12244.5,11925.75,12007.5,274188
2023-03-10,MNQU3,9235,12257.75,12377.0,12070.75,12161.5,389
2023-03-10,MNQZ3,34070,12375.0,12525.0,12276.75,12276.75,14
2023-03-12,MNQH3,8071,11888.0,12044.5,11850.25,11990.0,45232
2023-03-12,MNQH3-MNQM3,352954,128.1,129.25,119.0,123.3,132
2023-03-12,MNQM3,4973,12008.75,12163.25,11977.25,12113.0,66150
2023-03-12,MNQU3,9235,12120.75,12275.0,12120.75,12247.0,45
2023-03-13,MNQH3,8071,11990.0,12095.75,11677.0,11947.25,812402
2023-03-13,MNQH3-MNQM3,352954,124.2,128.05,115.7,123.3,5491
2023-03-13,MNQH4,7101,12450.0,12510.75,12450.0,12510.75,6
2023-03-13,MNQM3,4973,12112.25,12223.25,11806.25,12070.5,1167424
2023-03-13,MNQU3,9235,12281.75,12343.5,11938.0,12183.25,392
2023-03-13,MNQZ3,34070,12427.5,12427.5,12172.5,12297.75,28
2023-03-14,MNQH3,8071,11947.25,12223.0,11903.0,12196.25,357643
2023-03-14,MNQH3-MNQM3,352954,123.1,134.2,119.4,129.75,2880
2023-03-14,MNQH4,7101,12443.0,12555.5,12443.0,12555.5,3
2023-03-14,MNQM3,4973,12070.75,12356.5,12025.0,12326.0,1064643
2023-03-14,MNQM3-MNQU3,16653,114.0,118.9,114.0,118.9,9
2023-03-14,MNQU3,9235,12178.75,12487.0,12170.25,12460.0,441
2023-03-14,MNQZ3,34070,12297.75,12606.0,12297.75,12525.0,27
2023-03-15,MNQH3,8071,12195.75,12301.5,11971.5,12275.75,300653
2023-03-15,MNQH3-MNQM3,352954,130.3,132.25,120.45,128.15,2235
2023-03-15,MNQH4,7101,12559.25,12559.25,12559.25,12559.25,1
2023-03-15,MNQM3,4973,12325.75,12429.5,12093.25,12404.0,1306768
2023-03-15,MNQU3,9235,12467.75,12545.0,12228.0,12508.0,617
2023-03-15,MNQZ3,34070,12558.0,12615.0,12375.0,12600.0,49
2023-03-16,MNQH3,8071,12274.75,12600.0,12189.0,12593.0,149941
2023-03-16,MNQH3-MNQM3,352954,128.0,136.55,125.3,131.0,1383
2023-03-16,MNQH4,7101,12750.0,13000.0,12750.0,13000.0,3
2023-03-16,MNQM3,4973,12403.5,12734.0,12314.0,12723.5,1180797
2023-03-16,MNQM3-MNQU3,16653,118.9,118.9,118.9,118.9,1
2023-03-16,MNQU3,9235,12517.5,12864.25,12440.0,12853.0,744
2023-03-16,MNQZ3,34070,12650.0,12950.0,12650.0,12950.0,22
2023-03-17,MNQH3,8071,12592.75,12636.0,12531.75,12623.0,11634
2023-03-17,MNQH3-MNQM3,352954,131.0,132.65,126.05,127.8,407
2023-03-17,MNQH4,7101,13100.0,13100.0,12973.25,12973.25,2
2023-03-17,MNQM3,4973,12723.0,12810.0,12569.0,12649.75,1261852
2023-03-17,MNQM3-MNQU3,16653,126.5,126.5,122.65,123.15,40
2023-03-17,MNQU3,9235,12837.75,12933.0,12700.0,12772.0,1244
2023-03-17,MNQZ3,34070,12950.0,13000.0,12825.0,12859.0,18
2023-03-19,MNQM3,4973,12689.25,12750.0,12663.0,12706.0,35867
2023-03-19,MNQU3,9235,12790.0,12850.5,12790.0,12834.0,81
2023-03-20,MNQM3,4973,12707.25,12727.0,12525.5,12693.0,1139173
2023-03-20,MNQM3-MNQU3,16653,124.25,124.45,124.25,124.25,30
2023-03-20,MNQU3,9235,12848.25,12852.0,12651.0,12810.25,1724
2023-03-20,MNQZ3,34070,12920.0,12920.0,12820.0,12858.0,7
2023-03-21,MNQH4,7101,13140.0,13195.0,13140.0,13195.0,2
2023-03-21,MNQM3,4973,12692.0,12897.5,12676.25,12868.5,877479
2023-03-21,MNQU3,9235,12812.0,13034.25,12808.25,13000.0,1068
2023-03-21,MNQZ3,34070,13000.0,13125.0,12978.75,13125.0,24
2023-03-22,MNQM3,4973,12868.25,13081.75,12677.5,12718.75,1126364
2023-03-22,MNQU3,9235,12994.0,13212.75,12805.5,12856.75,1545
2023-03-22,MNQZ3,34070,13166.0,13262.0,12960.0,12960.0,13
2023-03-23,MNQM3,4973,12718.75,13031.5,12705.25,12865.0,1368544
2023-03-23,MNQU3,9235,12846.25,13160.0,12840.0,12982.5,2004
2023-03-23,MNQZ3,34070,13200.0,13265.0,13086.75,13115.0,8
2023-03-24,MNQM3,4973,12866.0,12925.25,12726.0,12924.25,1260065
2023-03-24,MNQM3-MNQU3,16653,128.2,128.2,128.2,128.2,1
2023-03-24,MNQU3,9235,12982.0,13050.75,12852.5,13045.0,1523
2023-03-24,MNQZ3,34070,13123.5,13123.5,13005.5,13066.5,13
2023-03-26,MNQM3,4973,12916.0,12965.0,12902.5,12947.75,21891
2023-03-26,MNQU3,9235,13029.0,13086.5,13029.0,13078.25,87
2023-03-27,MNQM3,4973,12948.0,12976.25,12765.75,12822.5,961446
2023-03-27,MNQU3,9235,13073.0,13101.0,12900.0,12959.5,1461
2023-03-27,MNQZ3,34070,13173.0,13173.0,13035.5,13095.25,17
2023-03-28,MNQH4,7101,13058.25,13058.25,13058.25,13058.25,1
2023-03-28,MNQM3,4973,12822.75,12833.5,12634.75,12759.5,823008
2023-03-28,MNQM3-MNQU3,16653,136.15,136.15,136.15,136.15,1
2023-03-28,MNQU3,9235,12950.0,12964.5,12770.0,12894.0,1103
2023-03-28,MNQZ3,34070,13045.0,13045.0,12900.0,12900.0,8
2023-03-29,MNQH4,7101,13273.25,13273.25,13242.5,13242.5,2
2023-03-29,MNQM3,4973,12760.0,12993.0,12758.75,12943.0,823722
2023-03-29,MNQU3,9235,12895.0,13127.0,12895.0,13089.0,1302
2023-03-29,MNQZ3,34070,13080.0,13190.0,13080.0,13190.0,6
2023-03-30,MNQH4,7101,13478.75,13478.75,13478.75,13478.75,2
2023-03-30,MNQM3,4973,12944.0,13112.0,12931.25,13096.0,853588
2023-03-30,MNQU3,9235,13078.75,13250.0,13072.75,13233.0,1214
2023-03-30,MNQZ3,34070,13311.0,13348.25,13311.0,13325.0,13
2023-03-31,MNQM3,4973,13095.75,13311.5,13056.5,13308.5,807449
2023-03-31,MNQM3-MNQU3,16653,136.15,139.95,134.9,139.95,9
2023-03-31,MNQM4,10,13725.0,13730.0,13725.0,13730.0,4
2023-03-31,MNQU3,9235,13236.25,13449.75,13200.0,13449.75,1404
2023-03-31,MNQZ3,34070,13399.0,13575.0,13399.0,13575.0,13
2023-04-02,MNQM3,4973,13262.5,13275.5,13236.25,13240.0,26234
2023-04-02,MNQU3,9235,13435.5,13435.5,13379.75,13383.75,75
2023-04-03,MNQM3,4973,13240.0,13278.75,13154.25,13247.0,800612
2023-04-03,MNQM3-MNQU3,16653,140.8,140.8,140.8,140.8,5
2023-04-03,MNQU3,9235,13377.25,13416.0,13295.75,13391.5,884
2023-04-03,MNQZ3,34070,13510.0,13514.5,13440.5,13440.5,9
2023-04-04,MNQM3,4973,13247.5,13348.75,13168.75,13240.75,906851
2023-04-04,MNQM3-MNQU3,16653,143.5,144.5,135.25,135.25,64
2023-04-04,MNQU3,9235,13382.25,13490.25,13308.0,13379.25,1135
2023-04-04,MNQZ3,34070,13575.0,13575.0,13425.0,13448.0,6
2023-04-05,MNQH4,7101,13600.0,13600.0,13600.0,13600.0,1
2023-04-05,MNQM3,4973,13240.25,13247.25,13006.0,13057.0,846533
2023-04-05,MNQM3-MNQU3,16653,135.45,140.0,132.25,136.75,113
2023-04-05,MNQU3,9235,13383.0,13383.25,13140.0,13192.5,1424
2023-04-05,MNQZ3,34070,13400.0,13400.0,13280.0,13350.0,39
2023-04-06,MNQM3,4973,13057.0,13191.25,12952.5,13159.5,881115
2023-04-06,MNQM3-MNQU3,16653,135.6,136.5,135.6,136.0,11
2023-04-06,MNQM4,10,13625.0,13625.0,13625.0,13625.0,1
2023-04-06,MNQU3,9235,13190.0,13327.75,13089.0,13297.25,1769
2023-04-06,MNQZ3,34070,13269.5,13439.5,13200.0,13420.0,29
2023-04-07,MNQM3,4973,13159.75,13190.5,13126.0,13180.75,80410
2023-04-07,MNQM3-MNQU3,16653,137.8,137.8,137.45,137.45,2
2023-04-07,MNQU3,9235,13299.0,13328.75,13262.75,13322.25,202
2023-04-07,MNQZ3,34070,13366.75,13461.5,13366.75,13461.5,2
2023-04-09,MNQM3,4973,13178.0,13206.25,13151.25,13156.25,18514
2023-04-09,MNQU3,9235,13315.0,13337.0,13296.0,13300.0,66
2023-04-09,MNQZ3,34070,13460.0,13460.0,13460.0,13460.0,4
2023-04-10,MNQM3,4973,13156.5,13174.5,12967.5,13172.25,757628
2023-04-10,MNQM3-MNQU3,16653,139.15,142.5,139.15,142.5,4
2023-04-10,MNQM4,10,13500.0,13500.0,13500.0,13500.0,1
2023-04-10,MNQU3,9235,13295.25,13315.0,13108.25,13310.75,1842
2023-04-10,MNQZ3,34070,13275.0,13350.0,13240.0,13350.0,13
2023-04-11,MNQM3,4973,13171.75,13209.25,13051.75,13089.5,828519
2023-04-11,MNQU3,9235,13303.0,13348.75,13196.0,13233.0,1393
2023-04-11,MNQZ3,34070,13360.0,13360.0,13360.0,13360.0,1
2023-04-12,MNQH4,7101,13496.0,13496.0,13496.0,13496.0,1
2023-04-12,MNQM3,4973,13089.5,13241.0,12925.25,12931.5,1153187
2023-04-12,MNQM3-MNQU3,16653,143.0,143.0,143.0,143.0,4
2023-04-12,MNQU3,9235,13226.5,13380.5,13067.25,13068.75,2184
2023-04-12,MNQZ3,34070,13295.0,13365.0,13230.0,13230.0,39
2023-04-13,MNQH4,7101,13610.0,13610.0,13610.0,13610.0,2
2023-04-13,MNQM3,4973,12931.75,13228.5,12930.0,13191.75,845891
2023-04-13,MNQM3-MNQU3,16653,140.0,140.0,140.0,140.0,13
2023-04-13,MNQM4,10,13650.0,13650.0,13650.0,13650.0,2
2023-04-13,MNQU3,9235,13071.0,13368.75,13071.0,13330.75,1626
2023-04-13,MNQZ3,34070,13260.0,13497.5,13260.0,13478.75,18
2023-04-14,MNQM3,4973,13191.75,13255.0,13056.0,13199.25,1006759
2023-04-14,MNQU3,9235,13337.0,13399.75,13200.25,13344.25,1873
2023-04-14,MNQZ3,34070,13465.0,13525.0,13357.5,13404.25,6
2023-04-16,MNQM3,4973,13210.0,13214.75,13177.0,13186.5,14717
2023-04-16,MNQU3,9235,13347.75,13355.0,13325.25,13328.0,45
2023-04-17,MNQH4,7101,13500.0,13500.0,13499.0,13499.0,2
2023-04-17,MNQM3,4973,13187.0,13218.0,13077.0,13178.75,874002
2023-04-17,MNQM3-MNQU3,16653,145.4,145.4,145.35,145.35,4
2023-04-17,MNQU3,9235,13333.0,13360.0,13224.75,13323.0,1650
2023-04-17,MNQZ3,34070,13457.0,13457.0,13387.75,13387.75,2
2023-04-18,MNQH4,7101,13601.5,13685.0,13582.25,13582.25,5
2023-04-18,MNQM3,4973,13178.25,13298.5,13138.25,13175.0,914664
2023-04-18,MNQM3-MNQU3,16653,145.35,149.65,145.3,149.65,15
2023-04-18,MNQM4,10,13800.0,13800.0,13725.0,13725.0,3
2023-04-18,MNQU3,9235,13323.75,13445.0,13283.5,13322.25,2126
2023-04-18,MNQZ3,34070,13526.25,13526.25,13460.0,13460.0,4
2023-04-19,MNQM3,4973,13174.25,13227.0,13065.0,13128.0,834506
2023-04-19,MNQU3,9235,13326.0,13373.5,13215.0,13276.0,1591
2023-04-19,MNQZ3,34070,13351.0,13500.0,13345.75,13411.0,13
2023-04-20,MNQH4,7101,13480.0,13480.0,13475.0,13475.0,3
2023-04-20,MNQM3,4973,13128.0,13199.75,13022.0,13082.25,964618
2023-04-20,MNQU3,9235,13275.25,13345.0,13169.25,13225.0,2228
2023-04-20,MNQZ3,34070,13375.75,13440.0,13315.0,13386.0,17
2023-04-21,MNQH4,7101,13489.0,13489.0,13489.0,13489.0,1
2023-04-21,MNQM3,4973,13081.5,13121.75,12982.75,13075.25,888798
2023-04-21,MNQM3-MNQU3,16653,146.0,146.0,146.0,146.0,1
2023-04-21,MNQU3,9235,13230.0,13266.75,13129.25,13220.0,1722
2023-04-21,MNQZ3,34070,13325.0,13392.0,13315.0,13370.0,12
2023-04-23,MNQM3,4973,13071.25,13074.75,13060.5,13068.25,10343
2023-04-23,MNQU3,9235,13210.0,13219.25,13204.0,13218.0,70
2023-04-24,MNQM3,4973,13068.25,13134.0,12967.25,13049.5,832448
2023-04-24,MNQM3-MNQU3,16653,146.35,146.35,146.35,146.35,2
2023-04-24,MNQM4,10,13550.0,13550.0,13550.0,13550.0,1
2023-04-24,MNQU3,9235,13213.25,13280.0,13116.5,13202.5,1587
2023-04-24,MNQZ3,34070,13322.5,13400.0,13320.25,13320.25,4
2023-04-25,MNQH4,7101,13400.0,13400.0,13287.5,13287.5,3
2023-04-25,MNQM3,4973,13049.0,13059.75,12801.0,12960.0,1023430
2023-04-25,MNQM3-MNQU3,16653,145.5,145.5,136.3,141.4,6
2023-04-25,MNQM4,10,13375.0,13375.0,13375.0,13375.0,1
2023-04-25,MNQU3,9235,13200.0,13203.25,12947.0,13100.25,2375
2023-04-25,MNQZ3,34070,13240.0,13240.0,13113.5,13238.75,19
2023-04-26,MNQM3,4973,12960.25,13012.5,12863.0,12957.0,1048388
2023-04-26,MNQM3-MNQU3,16653,136.5,143.5,136.5,139.05,12
2023-04-26,MNQU3,9235,13099.75,13152.75,13007.5,13097.5,2536
2023-04-26,MNQZ3,34070,13235.5,13275.0,13153.75,13249.5,38
2023-04-27,MNQH4,7101,13700.0,13700.0,13700.0,13700.0,4
2023-04-27,MNQM3,4973,12957.0,13331.5,12936.0,13210.25,985560
2023-04-27,MNQM3-MNQU3,16653,141.35,147.0,141.35,147.0,9
2023-04-27,MNQM4,10,13850.0,13850.0,13850.0,13850.0,1
2023-04-27,MNQU3,9235,13090.75,13475.5,13080.0,13354.25,2902
2023-04-27,MNQZ3,34070,13242.75,13588.0,13242.75,13580.0,44
2023-04-28,MNQM3,4973,13209.75,13336.75,13168.75,13327.0,935284
2023-04-28,MNQM3-MNQU3,16653,146.95,147.0,145.25,146.75,111
2023-04-28,MNQM4,10,13845.0,13845.0,13725.0,13725.0,2
2023-04-28,MNQU3,9235,13351.75,13483.5,13313.75,13483.25,2035
2023-04-28,MNQZ3,34070,13460.0,13592.0,13460.0,13592.0,19
2023-04-30,MNQM3,4973,13316.25,13324.5,13304.0,13307.25,15223
2023-04-30,MNQU3,9235,13460.0,13469.0,13453.75,13455.5,121
2023-04-30,MNQZ3,34070,13610.25,13610.25,13610.25,13610.25,1
2023-05-01,MNQM3,4973,13307.0,13367.25,13258.75,13285.75,802782
2023-05-01,MNQM3-MNQU3,16653,147.3,148.5,145.0,148.5,6
2023-05-01,MNQU3,9235,13454.5,13513.0,13408.25,13436.5,1290
2023-05-01,MNQZ3,34070,13610.0,13627.25,13560.0,13615.0,19
2023-05-02,MNQM3,4973,13285.0,13334.5,13111.0,13182.25,933270
2023-05-02,MNQM3-MNQU3,16653,148.3,148.3,142.35,144.2,10
2023-05-02,MNQU3,9235,13433.75,13481.0,13257.25,13324.25,2602
2023-05-02,MNQZ3,34070,13560.0,13560.0,13408.75,13483.0,16
2023-05-03,MNQH4,7101,13477.75,13477.75,13477.75,13477.75,5
2023-05-03,MNQM3,4973,13182.25,13310.0,13043.0,13097.75,1032909
2023-05-03,MNQM3-MNQU3,16653,142.25,146.75,142.25,146.75,10
2023-05-03,MNQU3,9235,13322.0,13454.0,13189.0,13240.0,2785
2023-05-03,MNQZ3,34070,13466.5,13521.5,13350.0,13350.0,18
2023-05-04,MNQH4,7101,13455.5,13455.5,13403.25,13404.5,5
2023-05-04,MNQM3,4973,13098.0,13172.0,13001.75,13093.75,1005668
2023-05-04,MNQM3-MNQU3,16653,143.4,143.4,139.85,139.85,6
2023-05-04,MNQM4,10,13650.0,13650.0,13550.0,13550.0,2
2023-05-04,MNQU3,9235,13238.25,13313.0,13144.0,13233.25,2286
2023-05-04,MNQZ3,34070,13401.5,13435.25,13274.75,13330.75,50
2023-05-05,MNQM3,4973,13093.75,13358.75,13076.25,13310.5,766272
2023-05-05,MNQM3-MNQU3,16653,144.3,145.95,144.3,145.95,32
2023-05-05,MNQU3,9235,13233.75,13503.0,13221.0,13455.5,3325
2023-05-05,MNQZ3,34070,13383.0,13637.5,13344.0,13570.0,38
2023-05-07,MNQM3,4973,13315.5,13332.75,13302.5,13304.25,12976
2023-05-07,MNQU3,9235,13460.25,13477.25,13450.0,13450.0,98
2023-05-08,MNQM3,4973,13304.25,13368.0,13254.5,13337.0,667159
2023-05-08,MNQM3-MNQU3,16653,146.0,146.95,146.0,146.95,8
2023-05-08,MNQU3,9235,13444.0,13512.5,13401.0,13480.5,1562
2023-05-08,MNQZ3,34070,13600.0,13635.0,13538.25,13608.5,10
2023-05-09,MNQH4,7101,13730.0,13730.0,13730.0,13730.0,2
2023-05-09,MNQM3,4973,13336.75,13347.25,13249.25,13275.5,665995
2023-05-09,MNQM3-MNQU3,16653,146.45,146.45,145.9,145.9,13
2023-05-09,MNQU3,9235,13480.5,13491.25,13397.5,13421.5,1428
2023-05-09,MNQZ3,34070,13620.75,13620.75,13540.5,13540.5,8
2023-05-10,MNQH4,7101,13717.25,13717.25,13717.25,13717.25,5
2023-05-10,MNQM3,4973,13274.75,13448.0,13202.0,13421.75,1151021
2023-05-10,MNQM3-MNQU3,16653,148.15,148.15,148.15,148.15,4
2023-05-10,MNQM4,10,13925.0,13925.0,13925.0,13925.0,1
2023-05-10,MNQU3,9235,13418.0,13596.0,13351.0,13569.0,4005
2023-05-10,MNQZ3,34070,13553.0,13731.75,13553.0,13699.75,69
2023-05-11,MNQH4,7101,13845.0,13845.0,13845.0,13845.0,6
2023-05-11,MNQM3,4973,13422.25,13472.0,13361.5,13454.75,946183
2023-05-11,MNQM3-MNQU3,16653,148.45,148.45,147.65,147.95,9
2023-05-11,MNQU3,9235,13572.0,13618.75,13509.25,13605.0,3429
2023-05-11,MNQZ3,34070,13709.75,13750.0,13661.5,13713.0,30
2023-05-12,MNQH4,7101,13900.0,13900.0,13900.0,13900.0,1
2023-05-12,MNQM3,4973,13454.75,13494.75,13310.0,13369.5,845326
2023-05-12,MNQM3-MNQU3,16653,148.25,149.05,147.95,149.05,13
2023-05-12,MNQU3,9235,13606.25,13641.75,13459.25,13527.5,3375
2023-05-12,MNQZ3,34070,13770.25,13770.25,13609.75,13678.0,21
2023-05-14,MNQM3,4973,13379.25,13379.75,13356.0,13366.25,9405
2023-05-14,MNQM3-MNQU3,16653,147.25,148.55,147.25,148.55,5
2023-05-14,MNQU3,9235,13524.0,13524.0,13506.25,13516.25,108
2023-05-14,MNQZ3,34070,13658.0,13658.0,13658.0,13658.0,1
2023-05-15,MNQM3,4973,13366.0,13479.0,13350.0,13458.25,716792
2023-05-15,MNQM3-MNQU3,16653,148.25,150.45,148.25,150.45,7
2023-05-15,MNQM4,10,13988.75,13988.75,13988.75,13988.75,1
2023-05-15,MNQU3,9235,13516.25,13628.0,13497.5,13607.25,2728
2023-05-15,MNQZ3,34070,13677.75,13764.0,13657.75,13754.0,22
2023-05-16,MNQH4,7101,13905.0,13950.0,13905.0,13950.0,3
2023-05-16,MNQM3,4973,13457.75,13554.25,13426.25,13499.5,788738
2023-05-16,MNQU3,9235,13609.25,13705.5,13578.5,13650.0,3492
2023-05-16,MNQZ3,34070,13753.0,13849.75,13744.0,13766.25,57
2023-05-17,MNQH4,7101,13970.0,14100.0,13970.0,14100.0,6
2023-05-17,MNQM3,4973,13500.0,13669.25,13474.0,13643.25,801314
2023-05-17,MNQM3-MNQU3,16653,152.95,152.95,152.95,152.95,1
2023-05-17,MNQU3,9235,13652.25,13820.5,13627.0,13793.0,3973
2023-05-17,MNQZ3,34070,13820.0,13968.25,13774.0,13939.25,148
2023-05-18,MNQH4,7101,14100.0,14350.0,14100.0,14350.0,20
2023-05-18,MNQM3,4973,13643.25,13960.5,13628.25,13929.5,987607
2023-05-18,MNQM3-MNQU3,16653,153.55,156.35,153.55,155.85,51
2023-05-18,MNQU3,9235,13792.5,14115.75,13781.5,14087.5,5564
2023-05-18,MNQZ3,34070,13938.0,14243.25,13927.5,14221.75,150
2023-05-19,MNQH4,7101,14355.0,14355.0,14355.0,14355.0,1
2023-05-19,MNQM3,4973,13930.0,13942.75,13814.25,13841.5,891558
2023-05-19,MNQM3-MNQU3,16653,158.2,158.2,154.75,156.5,101
2023-05-19,MNQU3,9235,14092.0,14100.0,13972.5,13996.75,3499
2023-05-19,MNQZ3,34070,14239.75,14250.0,14143.25,14156.75,59
2023-05-21,MNQM3,4973,13813.75,13857.5,13794.25,13853.75,14495
2023-05-21,MNQU3,9235,13967.5,14010.0,13967.5,14010.0,159
2023-05-22,MNQH4,7101,14350.0,14350.0,14350.0,14350.0,1
2023-05-22,MNQM3,4973,13853.25,13952.5,13824.25,13943.25,778978
2023-05-22,MNQM3-MNQU3,16653,156.85,158.15,156.85,157.35,11
2023-05-22,MNQU3,9235,14007.0,14111.0,13983.0,14099.0,2499
2023-05-22,MNQZ3,34070,14182.25,14302.0,14152.25,14302.0,28
2023-05-23,MNQM3,4973,13943.0,13977.25,13711.0,13748.5,873396
2023-05-23,MNQM3-MNQU3,16653,159.45,160.3,158.9,159.55,25
2023-05-23,MNQU3,9235,14103.0,14135.5,13871.25,13909.75,3860
2023-05-23,MNQZ3,34070,14260.0,14260.0,14034.75,14034.75,67
2023-05-24,MNQH4,7101,14166.25,14295.0,14166.25,14295.0,10
2023-05-24,MNQM3,4973,13748.0,13884.0,13566.75,13847.25,1001267
2023-05-24,MNQM3-MNQU3,16653,159.55,159.55,157.95,158.35,118
2023-05-24,MNQU3,9235,13905.25,14051.75,13725.0,14006.75,5638
2023-05-24,MNQZ3,34070,14064.5,14123.0,13889.25,14123.0,53
2023-05-25,MNQH4,7101,14450.0,14450.0,14446.5,14446.5,2
2023-05-25,MNQM3,4973,13847.5,14031.5,13823.0,13965.25,1110885
2023-05-25,MNQM3-MNQU3,16653,159.5,165.95,159.5,165.35,250
2023-05-25,MNQM4,10,14450.0,14625.0,14438.0,14625.0,8
2023-05-25,MNQU3,9235,14005.25,14199.0,13983.25,14128.75,6655
2023-05-25,MNQZ3,34070,14155.0,14353.0,14135.75,14298.0,90
2023-05-26,MNQH4,7101,14645.0,14850.0,14645.0,14850.0,9
2023-05-26,MNQM3,4973,13965.0,14372.5,13924.75,14371.25,969289
2023-05-26,MNQM3-MNQU3,16653,166.6,170.65,164.55,169.45,125
2023-05-26,MNQM4,10,14700.0,15000.0,14700.0,15000.0,23
2023-05-26,MNQU3,9235,14131.5,14541.25,14090.0,14534.0,8503
2023-05-26,MNQZ3,34070,14296.0,14709.75,14279.5,14709.75,199
2023-05-28,MNQM3,4973,14418.25,14442.0,14401.25,14416.75,22516
2023-05-28,MNQM3-MNQU3,16653,166.4,166.4,166.4,166.4,1
2023-05-28,MNQU3,9235,14570.25,14603.5,14570.25,14587.0,496
2023-05-28,MNQZ3,34070,14750.75,14763.5,14748.0,14763.5,25
2023-05-29,MNQM3,4973,14416.75,14446.0,14367.5,14386.25,157130
2023-05-29,MNQM3-MNQU3,16653,166.7,171.75,166.7,171.75,18
2023-05-29,MNQU3,9235,14586.0,14615.25,14542.75,14559.5,1858
2023-05-29,MNQZ3,34070,14760.0,14770.0,14712.5,14740.0,40
2023-05-30,MNQH4,7101,14950.0,15040.0,14950.0,14980.0,9
2023-05-30,MNQM3,4973,14386.5,14570.0,14336.25,14422.0,1054981
2023-05-30,MNQM3-MNQU3,16653,175.0,175.0,169.75,173.25,268
2023-05-30,MNQU3,9235,14559.25,14745.0,14510.0,14596.0,11297
2023-05-30,MNQZ3,34070,14720.0,14918.75,14690.0,14754.25,197
2023-05-31,MNQH4,7101,14800.0,14800.0,14800.0,14800.0,1
2023-05-31,MNQM3,4973,14422.75,14424.75,14252.5,14310.25,1030841
2023-05-31,MNQM3-MNQU3,16653,172.25,172.55,169.5,169.55,60
2023-05-31,MNQM4,10,14975.0,14975.0,14975.0,14975.0,1
2023-05-31,MNQU3,9235,14597.0,14598.0,14422.0,14480.0,7588
2023-05-31,MNQZ3,34070,14765.75,14766.75,14589.0,14642.0,107
2023-06-01,MNQH4,7101,14787.25,15000.0,14787.25,15000.0,6
2023-06-01,MNQM3,4973,14310.5,14528.25,14248.0,14483.5,943814
2023-06-01,MNQM3-MNQU3,16653,170.55,171.5,169.25,171.5,62
2023-06-01,MNQM4,10,15070.0,15100.0,15070.0,15100.0,4
2023-06-01,MNQU3,9235,14479.25,14700.0,14420.0,14654.75,8700
2023-06-01,MNQZ3,34070,14642.0,14864.25,14578.75,14835.75,114
2023-06-02,MNQM3,4973,14483.5,14627.75,14470.0,14586.75,952576
2023-06-02,MNQM3-MNQU3,16653,172.1,173.95,170.25,173.95,63
2023-06-02,MNQU3,9235,14654.0,14799.75,14641.5,14761.5,9483
2023-06-02,MNQZ3,34070,14826.0,14972.5,14826.0,14937.5,279
2023-06-04,MNQM3,4973,14582.75,14584.25,14522.0,14536.75,21442
2023-06-04,MNQM3-MNQU3,16653,173.5,173.5,173.5,173.5,7
2023-06-04,MNQU3,9235,14752.0,14757.5,14695.0,14709.25,441
2023-06-04,MNQZ3,34070,14925.25,14925.25,14895.5,14895.5,3
2023-06-05,MNQH4,7101,15060.5,15060.5,15060.5,15060.5,1
2023-06-05,MNQM3,4973,14537.0,14695.25,14512.75,14566.0,944043
2023-06-05,MNQM3-MNQU3,16653,173.95,175.4,172.9,174.85,190
2023-06-05,MNQU3,9235,14703.0,14872.0,14684.75,14740.0,11929
2023-06-05,MNQZ3,34070,14864.25,15044.5,14864.25,14937.0,167
2023-06-06,MNQM3,4973,14566.0,14624.0,14505.0,14595.25,824938
2023-06-06,MNQM3-MNQU3,16653,174.85,176.25,173.95,176.25,109
2023-06-06,MNQM4,10,15272.0,15272.0,15272.0,15272.0,1
2023-06-06,MNQU3,9235,14741.25,14799.5,14678.75,14772.5,11437
2023-06-06,MNQZ3,34070,14931.25,14970.0,14862.0,14942.5,161
2023-06-07,MNQM3,4973,14595.0,14675.5,14305.5,14330.5,1113838
2023-06-07,MNQM3-MNQU3,16653,176.3,178.1,171.7,171.7,443
2023-06-07,MNQU3,9235,14770.5,14850.5,14478.0,14501.0,31416
2023-06-07,MNQZ3,34070,14922.5,15020.0,14658.0,14668.0,277
2023-06-08,MNQM3,4973,14329.5,14527.0,14257.0,14500.25,954299
2023-06-08,MNQM3-MNQU3,16653,171.7,175.85,168.0,174.95,1494
2023-06-08,MNQM3-MNQZ3,54676,345.85,346.75,345.85,346.75,2
2023-06-08,MNQU3,9235,14502.75,14702.0,14425.5,14675.5,36339
2023-06-08,MNQZ3,34070,14689.75,14875.5,14609.75,14858.5,334
2023-06-09,MNQM3,4973,14501.25,14688.0,14460.25,14563.25,978527
2023-06-09,MNQM3-MNQU3,16653,174.75,180.75,173.85,178.45,1540
2023-06-09,MNQM3-MNQZ3,54676,350.75,355.1,350.75,355.1,2
2023-06-09,MNQU3,9235,14677.0,14868.0,14635.5,14742.0,99357
2023-06-09,MNQZ3,34070,14847.25,15039.75,14820.0,14931.75,471
2023-06-11,MNQM3,4973,14561.5,14610.0,14553.75,14591.5,11426
2023-06-11,MNQM3-MNQU3,16653,178.45,180.45,175.6,177.85,334
2023-06-11,MNQU3,9235,14738.25,14786.25,14732.25,14770.0,10084
2023-06-11,MNQZ3,34070,14929.75,14953.5,14929.75,14941.0,5
2023-06-12,MNQH4,7101,15200.0,15330.0,15200.0,15329.0,6
2023-06-12,MNQM3,4973,14592.25,14839.25,14577.5,14820.0,334690
2023-06-12,MNQM3-MNQU3,16653,177.85,187.15,175.85,183.0,6123
2023-06-12,MNQM3-MNQZ3,54676,365.0,365.0,365.0,365.0,1
2023-06-12,MNQM4,10,15488.0,15500.0,15488.0,15500.0,3
2023-06-12,MNQU3,9235,14769.5,15025.75,14754.0,15003.0,504604
2023-06-12,MNQU3-MNQZ3,47123,176.4,176.4,176.4,176.4,4
2023-06-12,MNQZ3,34070,14943.0,15198.25,14930.0,15175.25,434
2023-06-13,MNQH4,7101,15525.25,15525.25,15333.0,15471.0,5
2023-06-13,MNQM3,4973,14820.75,14968.25,14779.5,14921.0,314486
2023-06-13,MNQM3-MNQU3,16653,183.0,186.55,180.7,185.2,2713
2023-06-13,MNQM3-MNQZ3,54676,366.0,366.0,366.0,366.0,15
2023-06-13,MNQU3,9235,15003.25,15151.75,14962.75,15105.5,849389
2023-06-13,MNQZ3,34070,15175.25,15327.0,15150.0,15302.25,651
2023-06-14,MNQH4,7101,15495.5,15571.0,15400.0,15571.0,5
2023-06-14,MNQM3,4973,14920.25,15059.5,14793.0,15030.25,199102
2023-06-14,MNQM3-MNQU3,16653,184.9,187.15,182.5,184.35,1725
2023-06-14,MNQM3-MNQZ3,54676,369.7,377.15,369.7,377.15,8
2023-06-14,MNQM4,10,15682.5,15682.5,15682.5,15682.5,1
2023-06-14,MNQU3,9235,15105.0,15244.0,14976.0,15214.5,1065525
2023-06-14,MNQZ3,34070,15289.25,15428.0,15167.0,15410.0,915
2023-06-15,MNQH4,7101,15500.0,15700.0,15500.0,15691.5,12
2023-06-15,MNQM3,4973,15030.5,15252.0,14883.0,15174.5,149765
2023-06-15,MNQM3-MNQU3,16653,184.05,189.0,181.75,184.15,2384
2023-06-15,MNQM3-MNQZ3,54676,376.95,379.75,376.95,379.75,19
2023-06-15,MNQM4,10,15910.0,15910.0,15910.0,15910.0,1
2023-06-15,MNQU3,9235,15214.75,15441.0,15066.25,15359.5,1030939
2023-06-15,MNQU3-MNQZ3,47123,187.5,187.5,187.5,187.5,1
2023-06-15,MNQZ3,34070,15400.5,15632.0,15267.25,15554.0,1463
2023-06-16,MNQH4,7101,15821.0,15821.0,15730.0,15730.0,3
2023-06-16,MNQM3,4973,15174.5,15326.0,15130.25,15326.0,18976
2023-06-16,MNQM3-MNQU3,16653,184.0,186.2,154.5,154.5,337
2023-06-16,MNQM3-MNQZ3,54676,379.75,379.75,379.75,379.75,16
2023-06-16,MNQM4,10,15950.0,15953.5,15950.0,15953.5,2
2023-06-16,MNQU3,9235,15359.5,15475.5,15258.75,15301.5,989082
2023-06-16,MNQU3-MNQZ3,47123,193.65,195.25,193.55,193.55,22
2023-06-16,MNQZ3,34070,15553.0,15668.0,15457.5,15490.0,1383
2023-06-18,MNQU3,9235,15302.5,15321.75,15298.25,15303.25,15164
2023-06-18,MNQZ3,34070,15507.75,15514.25,15493.25,15500.5,50
2023-06-19,MNQU3,9235,15302.5,15306.25,15230.5,15248.75,177272
2023-06-19,MNQZ3,34070,15497.5,15497.5,15425.5,15440.0,400
2023-06-20,MNQH4,7101,15590.0,15605.0,15590.0,15605.0,3
2023-06-20,MNQU3,9235,15248.25,15310.25,15126.25,15262.0,870457
2023-06-20,MNQU3-MNQZ3,47123,190.0,190.0,190.0,190.0,1
2023-06-20,MNQZ3,34070,15443.0,15500.0,15316.0,15450.0,1763
2023-06-21,MNQH4,7101,15600.0,15600.0,15600.0,15600.0,1
2023-06-21,MNQU3,9235,15261.0,15273.0,15002.5,15041.0,945047
2023-06-21,MNQU3-MNQZ3,47123,191.25,191.25,188.75,188.75,13
2023-06-21,MNQZ3,34070,15450.0,15466.0,15192.0,15230.0,2257
2023-06-22,MNQH4,7101,15500.0,15600.0,15480.0,15600.0,5
2023-06-22,MNQU3,9235,15041.0,15238.0,14964.0,15221.75,992649
2023-06-22,MNQU3-MNQZ3,47123,188.0,189.7,188.0,189.7,13
2023-06-22,MNQZ3,34070,15229.25,15425.0,15153.0,15408.75,2368
2023-06-23,MNQH4,7101,15420.0,15460.0,15420.0,15460.0,3
2023-06-23,MNQU3,9235,15222.25,15222.75,14984.75,15055.5,990944
2023-06-23,MNQU3-MNQZ3,47123,187.05,187.5,187.05,187.5,9
2023-06-23,MNQZ3,34070,15408.75,15409.0,15173.5,15249.75,2182
2023-06-25,MNQU3,9235,15058.25,15104.25,15054.0,15100.75,15708
2023-06-25,MNQZ3,34070,15241.0,15290.25,15241.0,15282.75,57
2023-06-26,MNQH4,7101,15380.0,15400.0,15282.5,15282.5,3
2023-06-26,MNQM4,10,15550.0,15550.0,15438.0,15438.0,2
2023-06-26,MNQU3,9235,15100.5,15152.25,14853.5,14893.0,1034521
2023-06-26,MNQU3-MNQZ3,47123,187.5,187.5,185.0,185.0,12
2023-06-26,MNQZ3,34070,15285.5,15338.75,15040.0,15073.25,2018
2023-06-27,MNQH4,7101,15473.75,15488.0,15473.75,15488.0,2
2023-06-27,MNQM4,10,15500.0,15500.0,15500.0,15500.0,1
2023-06-27,MNQU3,9235,14892.75,15139.75,14863.0,15059.25,970816
2023-06-27,MNQU3-MNQZ3,47123,186.65,186.65,186.65,186.65,20
2023-06-27,MNQZ3,34070,15078.0,15325.0,15050.0,15251.25,2368
2023-06-28,MNQH4,7101,15474.0,15474.0,15474.0,15474.0,1
2023-06-28,MNQU3,9235,15059.75,15218.75,15021.25,15172.25,1089350
2023-06-28,MNQU3-MNQZ3,47123,192.0,192.0,188.5,188.5,7
2023-06-28,MNQZ3,34070,15254.25,15409.5,15211.75,15363.25,2948
2023-06-29,MNQU3,9235,15173.0,15202.75,15028.5,15116.75,985546
2023-06-29,MNQU3-MNQZ3,47123,191.5,192.5,190.25,192.25,17
2023-06-29,MNQZ3,34070,15362.25,15392.0,15221.5,15305.0,3177
2023-06-30,MNQH4,7101,15657.25,15730.5,15657.25,15710.0,7
2023-06-30,MNQM4,10,15900.25,15917.0,15900.0,15917.0,3
2023-06-30,MNQU3,9235,15116.5,15376.5,15099.75,15317.5,775035
2023-06-30,MNQU3-MNQZ3,47123,191.85,195.35,191.85,195.35,46
2023-06-30,MNQU4,13941,16100.0,16100.0,16100.0,16100.0,3
2023-06-30,MNQZ3,34070,15304.25,15568.0,15292.75,15510.0,2645
2023-07-02,MNQU3,9235,15331.5,15362.5,15328.0,15351.0,13584
2023-07-02,MNQU3-MNQZ3,47123,195.5,195.5,195.5,195.5,1
2023-07-02,MNQZ3,34070,15530.0,15555.25,15530.0,15544.25,49
2023-07-03,MNQH4,7101,15759.75,15759.75,15759.75,15759.75,1
2023-07-03,MNQM4,10,16000.0,16000.0,16000.0,16000.0,1
2023-07-03,MNQU3,9235,15350.75,15392.0,15307.5,15337.75,421601
2023-07-03,MNQU3-MNQZ3,47123,196.0,196.25,196.0,196.25,3
2023-07-03,MNQU4,13941,16130.0,16130.0,16130.0,16130.0,1
2023-07-03,MNQZ3,34070,15553.0,15587.5,15503.25,15531.75,795
2023-07-04,MNQU3,9235,15337.5,15368.25,15334.5,15340.5,80444
2023-07-04,MNQZ3,34070,15531.5,15563.75,15531.5,15533.5,116
2023-07-05,MNQH4,7101,15740.0,15785.5,15740.0,15747.25,3
2023-07-05,MNQM4,10,16000.0,16000.0,16000.0,16000.0,1
2023-07-05,MNQU3,9235,15341.25,15431.75,15255.25,15358.0,789002
2023-07-05,MNQU3-MNQZ3,47123,196.25,196.25,194.8,194.85,18
2023-07-05,MNQZ3,34070,15537.5,15626.5,15453.75,15550.0,2430
2023-07-06,MNQH4,7101,15616.5,15620.0,15505.0,15620.0,18
2023-07-06,MNQU3,9235,15358.5,15359.5,15112.0,15226.5,956908
2023-07-06,MNQU3-MNQZ3,47123,193.35,193.35,193.35,193.35,20
2023-07-06,MNQZ3,34070,15545.0,15549.25,15307.25,15421.75,3714
2023-07-07,MNQH4,7101,15701.0,15701.0,15560.75,15560.75,2
2023-07-07,MNQU3,9235,15226.0,15359.75,15172.0,15191.75,1033156
2023-07-07,MNQU3-MNQZ3,47123,194.5,194.9,192.3,194.9,44
2023-07-07,MNQZ3,34070,15417.0,15552.0,15367.5,15380.25,2460
2023-07-09,MNQU3,9235,15195.75,15207.0,15151.75,15181.0,20549
2023-07-09,MNQZ3,34070,15380.0,15390.0,15349.75,15375.25,90
2023-07-10,MNQH4,7101,15590.0,15590.0,15508.0,15508.0,2
2023-07-10,MNQU3,9235,15181.5,15219.75,15063.5,15192.5,1014991
2023-07-10,MNQU3-MNQZ3,47123,192.0,192.0,190.95,190.95,3
2023-07-10,MNQZ3,34070,15367.0,15405.25,15256.0,15381.75,3552
2023-07-11,MNQU3,9235,15192.25,15280.75,15109.0,15264.75,932350
2023-07-11,MNQU3-MNQZ3,47123,190.3,190.3,188.0,188.0,9
2023-07-11,MNQZ3,34070,15384.0,15467.5,15303.0,15456.75,2844
2023-07-12,MNQH4,7101,15768.75,15875.5,15768.75,15826.75,9
2023-07-12,MNQU3,9235,15264.25,15507.75,15254.5,15472.0,1076820
2023-07-12,MNQU3-MNQZ3,47123,188.25,190.7,186.55,190.7,24
2023-07-12,MNQU4,13941,16060.0,16250.0,16060.0,16250.0,2
2023-07-12,MNQZ3,34070,15456.75,15699.0,15445.0,15661.0,3004
2023-07-13,MNQH4,7101,15896.25,16108.75,15896.25,16083.0,107
2023-07-13,MNQM4,10,16088.0,16300.0,16088.0,16300.0,20
2023-07-13,MNQU3,9235,15471.75,15741.25,15470.0,15712.5,872642
2023-07-13,MNQU3-MNQZ3,47123,190.7,195.65,190.7,195.65,425
2023-07-13,MNQU4,13941,16250.0,16460.0,16250.0,16460.0,4
2023-07-13,MNQZ3,34070,15667.75,15936.0,15661.5,15903.0,2698
2023-07-14,MNQH4,7101,16096.75,16228.25,16088.25,16088.25,12
2023-07-14,MNQU3,9235,15712.25,15857.5,15658.0,15692.5,981521
2023-07-14,MNQU3-MNQZ3,47123,195.5,198.2,195.5,197.25,173
2023-07-14,MNQZ3,34070,15899.0,16053.75,15856.5,15889.25,2273
2023-07-16,MNQU3,9235,15690.25,15691.0,15661.0,15667.0,13431
2023-07-16,MNQZ3,34070,15900.25,15900.25,15862.25,15864.0,51
2023-07-17,MNQH4,7101,16166.25,16180.5,16166.25,16180.5,2
2023-07-17,MNQM4,10,16448.0,16448.0,16448.0,16448.0,1
2023-07-17,MNQU3,9235,15666.5,15886.75,15662.0,15818.25,792520
2023-07-17,MNQU3-MNQZ3,47123,197.5,198.95,196.05,196.05,21
2023-07-17,MNQZ3,34070,15865.0,16077.75,15861.0,16016.0,1812
2023-07-18,MNQH4,7101,16182.25,16420.0,16129.75,16420.0,16
2023-07-18,MNQM4,10,16472.0,16472.0,16472.0,16472.0,3
2023-07-18,MNQU3,9235,15819.0,16030.0,15733.5,15961.25,956874
2023-07-18,MNQU3-MNQZ3,47123,195.95,200.75,195.05,199.0,75
2023-07-18,MNQU4,13941,16617.0,16650.0,16617.0,16650.0,2
2023-07-18,MNQZ3,34070,16016.0,16225.75,15932.0,16161.5,2901
2023-07-19,MNQH4,7101,16377.25,16423.25,16250.0,16250.0,12
2023-07-19,MNQM4,10,16570.0,16570.0,16570.0,16570.0,1
2023-07-19,MNQU3,9235,15961.0,16062.5,15841.25,15857.0,1115438
2023-07-19,MNQU3-MNQZ3,47123,201.65,201.8,198.55,198.55,18
2023-07-19,MNQU4,13941,16725.0,16725.0,16725.0,16725.0,1
2023-07-19,MNQZ3,34070,16161.5,16261.0,16042.25,16055.0,3390
2023-07-20,MNQH4,7101,16247.0,16286.0,16074.25,16074.25,32
2023-07-20,MNQM4,10,16470.0,16470.0,16162.5,16162.5,3
2023-07-20,MNQU3,9235,15857.5,15904.5,15547.5,15580.0,1191172
2023-07-20,MNQU3-MNQZ3,47123,198.45,198.45,195.85,198.25,30
2023-07-20,MNQU4,13941,16503.5,16503.5,16310.0,16310.0,3
2023-07-20,MNQZ3,34070,16062.5,16103.75,15744.25,15775.0,3577
2023-07-21,MNQH4,7101,16017.0,16050.0,15949.0,15960.0,13
2023-07-21,MNQU3,9235,15580.5,15719.5,15522.25,15555.0,1137510
2023-07-21,MNQU3-MNQZ3,47123,196.5,196.5,194.05,194.5,23
2023-07-21,MNQZ3,34070,15770.25,15913.25,15720.0,15750.0,1983
2023-07-23,MNQU3,9235,15555.75,15571.0,15540.0,15549.25,13114
2023-07-23,MNQZ3,34070,15765.0,15765.0,15736.0,15738.75,55
2023-07-24,MNQH4,7101,15944.0,15944.5,15889.0,15925.0,13
2023-07-24,MNQU3,9235,15549.25,15618.25,15484.5,15567.5,906067
2023-07-24,MNQU3-MNQZ3,47123,197.0,197.6,194.4,197.2,17
2023-07-24,MNQU4,13941,16293.0,16293.0,16293.0,16293.0,1
2023-07-24,MNQZ3,34070,15745.75,15816.75,15681.0,15763.25,1518
2023-07-25,MNQH4,7101,16008.0,16120.0,15987.0,16072.5,8
2023-07-25,MNQU3,9235,15567.5,15739.5,15549.0,15637.75,855872
2023-07-25,MNQU3-MNQZ3,47123,196.0,199.55,196.0,199.55,18
2023-07-25,MNQU4,13941,16392.5,16392.5,16392.5,16392.5,1
2023-07-25,MNQZ3,34070,15763.5,15935.0,15748.0,15836.25,1737
2023-07-26,MNQH4,7101,16027.75,16067.0,15930.25,16032.5,30
2023-07-26,MNQU3,9235,15638.0,15710.0,15515.0,15653.25,1084406
2023-07-26,MNQU3-MNQZ3,47123,196.7,198.95,196.5,196.5,20
2023-07-26,MNQU4,13941,16400.0,16400.0,16400.0,16400.0,1
2023-07-26,MNQZ3,34070,15841.5,15901.0,15716.5,15845.5,2504
2023-07-27,MNQH4,7101,16047.5,16250.0,15936.75,15937.0,20
2023-07-27,MNQU3,9235,15653.25,15904.0,15512.5,15586.5,1357156
2023-07-27,MNQU3-MNQZ3,47123,198.95,201.05,196.9,197.6,27
2023-07-27,MNQU4,13941,16490.0,16622.0,16380.0,16400.0,6
2023-07-27,MNQZ3,34070,15848.5,16103.25,15712.5,15781.5,3884
2023-07-28,MNQH4,7101,16068.5,16294.0,16068.5,16240.0,9
2023-07-28,MNQU3,9235,15587.5,15895.75,15546.5,15845.5,1139630
2023-07-28,MNQU3-MNQZ3,47123,199.7,201.5,198.5,201.5,15
2023-07-28,MNQU4,13941,16640.0,16640.0,16639.0,16639.0,3
2023-07-28,MNQZ3,34070,15788.5,16095.0,15749.0,16052.5,3671
2023-07-30,MNQH4,7101,16324.25,16324.25,16324.25,16324.25,1
2023-07-30,MNQU3,9235,15849.5,15916.5,15840.5,15887.25,29975
2023-07-30,MNQU3-MNQZ3,47123,201.6,204.2,201.6,204.2,19
2023-07-30,MNQZ3,34070,16047.25,16112.25,16047.25,16088.25,74
2023-07-31,MNQH4,7101,16262.5,16282.5,16251.75,16271.0,15
2023-07-31,MNQU3,9235,15886.75,15905.0,15791.25,15860.25,892187
2023-07-31,MNQU3-MNQZ3,47123,202.0,202.0,199.9,199.9,11
2023-07-31,MNQU4,13941,16640.0,16640.0,16640.0,16640.0,1
2023-07-31,MNQZ3,34070,16086.0,16105.0,15995.5,16060.5,2255
2023-08-01,MNQH4,7101,16235.25,16235.25,16143.25,16143.25,9
2023-08-01,MNQU3,9235,15860.5,15889.0,15684.0,15753.0,912500
2023-08-01,MNQU3-MNQZ3,47123,200.3,203.25,199.9,203.25,13
2023-08-01,MNQU4,13941,16540.0,16550.0,16540.0,16550.0,2
2023-08-01,MNQZ3,34070,16060.5,16086.0,15892.25,15957.0,2523
2023-08-02,MNQH4,7101,16174.25,16174.25,15867.0,15890.0,37
2023-08-02,MNQU3,9235,15753.5,15790.0,15413.25,15492.0,1248943
2023-08-02,MNQU3-MNQZ3,47123,200.75,200.75,197.5,199.0,41
2023-08-02,MNQU4,13941,16493.0,16493.0,16300.0,16300.0,2
2023-08-02,MNQZ3,34070,15952.75,15986.5,15612.5,15686.5,4017
2023-08-03,MNQH4,7101,15880.75,15926.0,15770.0,15869.75,31
2023-08-03,MNQU3,9235,15491.75,15552.25,15339.25,15481.25,1211975
2023-08-03,MNQU3-MNQZ3,47123,197.4,198.5,196.75,198.5,13
2023-08-03,MNQZ3,34070,15684.25,15746.0,15540.0,15671.0,3419
2023-08-04,MNQH4,7101,15950.0,16004.75,15740.0,15740.0,31
2023-08-04,MNQU3,9235,15481.0,15610.25,15336.5,15365.0,1381380
2023-08-04,MNQU3-MNQZ3,47123,200.25,200.25,196.45,196.45,7
2023-08-04,MNQZ3,34070,15677.5,15808.0,15535.0,15568.0,3909
2023-08-06,MNQU3,9235,15369.75,15403.0,15365.0,15401.5,20722
2023-08-06,MNQZ3,34070,15580.0,15599.0,15572.0,15597.25,184
2023-08-07,MNQH4,7101,15820.0,15901.25,15800.75,15869.25,14
2023-08-07,MNQU3,9235,15401.75,15498.0,15334.5,15488.0,1052684
2023-08-07,MNQU3-MNQZ3,47123,197.2,197.2,196.75,197.15,12
2023-08-07,MNQZ3,34070,15602.0,15690.0,15535.0,15682.25,2911
2023-08-08,MNQH4,7101,15860.0,15860.0,15617.5,15719.25,23
2023-08-08,MNQM4,10,15877.0,15877.0,15876.75,15876.75,2
2023-08-08,MNQU3,9235,15487.75,15492.0,15216.25,15353.0,1059598
2023-08-08,MNQU3-MNQZ3,47123,196.0,196.75,192.65,192.65,34
2023-08-08,MNQZ3,34070,15686.75,15686.75,15411.75,15545.5,3647
2023-08-09,MNQH4,7101,15750.0,15812.25,15550.25,15581.75,59
2023-08-09,MNQM4,10,15733.0,15733.0,15733.0,15733.0,1
2023-08-09,MNQU3,9235,15353.0,15432.75,15145.0,15219.0,1122247
2023-08-09,MNQU3-MNQZ3,47123,193.0,194.0,192.05,192.45,79
2023-08-09,MNQZ3,34070,15540.75,15620.0,15339.75,15418.0,3803
2023-08-10,MNQH4,7101,15614.0,15833.5,15526.0,15598.0,69
2023-08-10,MNQU3,9235,15218.5,15441.75,15136.0,15239.5,1457416
2023-08-10,MNQU3-MNQZ3,47123,194.25,194.75,191.35,191.35,26
2023-08-10,MNQZ3,34070,15412.25,15635.0,15328.25,15432.5,5848
2023-08-11,MNQH4,7101,15609.75,15621.25,15444.0,15494.0,56
2023-08-11,MNQU3,9235,15240.0,15266.75,15037.25,15103.5,1121977
2023-08-11,MNQU3-MNQZ3,47123,192.0,192.0,190.75,191.5,26
2023-08-11,MNQU4,13941,15800.0,15800.0,15800.0,15800.0,1
2023-08-11,MNQZ3,34070,15432.5,15458.0,15230.0,15296.0,3987
2023-08-13,MNQH4,7101,15479.25,15479.25,15479.25,15479.25,1
2023-08-13,MNQU3,9235,15105.0,15146.0,15100.25,15137.25,17293
2023-08-13,MNQU3-MNQZ3,47123,191.05,191.05,191.05,191.05,1
2023-08-13,MNQZ3,34070,15293.25,15337.25,15293.25,15328.0,155
2023-08-14,MNQH4,7101,15479.5,15639.0,15430.5,15598.0,77
2023-08-14,MNQU3,9235,15138.0,15316.25,15020.0,15301.25,1050707
2023-08-14,MNQU3-MNQZ3,47123,191.15,192.95,190.85,191.05,35
2023-08-14,MNQZ3,34070,15330.0,15508.0,15215.0,15492.0,3773
2023-08-15,MNQH4,7101,15608.0,15619.5,15483.0,15497.0,36
2023-08-15,MNQM4,10,15725.0,15752.5,15705.5,15705.5,3
2023-08-15,MNQU3,9235,15301.0,15335.0,15076.0,15121.75,1159317
2023-08-15,MNQU3-MNQZ3,47123,190.55,190.85,190.25,190.25,13
2023-08-15,MNQU4,13941,16000.0,16000.0,16000.0,16000.0,1
2023-08-15,MNQZ3,34070,15491.25,15525.0,15268.0,15317.0,4030
2023-08-16,MNQH4,7101,15514.0,15517.5,15320.0,15332.25,50
2023-08-16,MNQM4,10,15733.0,15733.0,15733.0,15733.0,2
2023-08-16,MNQU3,9235,15122.25,15165.5,14921.75,14930.25,1132624
2023-08-16,MNQU3-MNQZ3,47123,189.8,191.8,188.0,188.0,78
2023-08-16,MNQZ3,34070,15308.25,15355.5,15103.0,15117.0,5291
2023-08-17,MNQH4,7101,15311.0,15400.0,15130.0,15130.0,51
2023-08-17,MNQM4,10,15433.0,15433.0,15433.0,15433.0,1
2023-08-17,MNQU3,9235,14930.0,15018.0,14730.25,14754.75,1194853
2023-08-17,MNQU3-MNQZ3,47123,186.9,188.1,183.55,183.55,63
2023-08-17,MNQZ3,34070,15111.25,15209.0,14915.25,14942.25,5679
2023-08-18,MNQH4,7101,15141.25,15172.0,14995.0,15110.75,100
2023-08-18,MNQU3,9235,14754.25,14802.75,14609.25,14744.0,1298702
2023-08-18,MNQU3-MNQZ3,47123,184.0,184.0,179.35,183.65,47
2023-08-18,MNQU4,13941,15500.0,15500.0,15500.0,15500.0,1
2023-08-18,MNQZ3,34070,14938.0,14980.0,14793.0,14924.0,4724
2023-08-20,MNQU3,9235,14763.25,14788.0,14756.25,14779.0,17420
2023-08-20,MNQZ3,34070,14947.5,14968.0,14945.0,14961.5,119
2023-08-21,MNQH4,7101,15157.5,15400.0,15118.25,15357.75,54
2023-08-21,MNQU3,9235,14778.75,15013.75,14720.5,14954.5,1100509
2023-08-21,MNQU3-MNQZ3,47123,182.25,186.2,182.25,186.2,48
2023-08-21,MNQZ3,34070,14955.0,15199.0,14904.0,15139.25,4764
2023-08-22,MNQH4,7101,15370.0,15496.75,15351.75,15356.0,139
2023-08-22,MNQU3,9235,14954.5,15118.5,14931.0,14964.25,1137319
2023-08-22,MNQU3-MNQZ3,47123,186.75,188.35,184.85,184.85,18
2023-08-22,MNQZ3,34070,15140.0,15306.5,15117.75,15144.0,5221
2023-08-23,MNQH4,7101,15405.0,15745.25,15391.5,15715.0,225
2023-08-23,MNQM4,10,15890.0,15890.0,15811.75,15811.75,2
2023-08-23,MNQU3,9235,14964.5,15355.75,14958.0,15334.75,1043160
2023-08-23,MNQU3-MNQZ3,47123,188.45,190.85,187.45,189.95,67
2023-08-23,MNQZ3,34070,15150.25,15545.75,15145.75,15524.75,5491
2023-08-24,MNQH4,7101,15732.5,15809.75,15230.0,15239.75,339
2023-08-24,MNQM4,10,15850.0,15900.0,15790.0,15814.5,4
2023-08-24,MNQU3,9235,15334.75,15417.75,14816.75,14852.5,1506192
2023-08-24,MNQU3-MNQZ3,47123,190.0,191.15,185.15,185.15,43
2023-08-24,MNQU4,13941,16200.0,16200.0,16200.0,16200.0,1
2023-08-24,MNQZ3,34070,15519.75,15605.25,15005.0,15038.0,9922
2023-08-25,MNQH4,7101,15253.5,15412.0,15142.75,15356.5,156
2023-08-25,MNQU3,9235,14852.5,15049.0,14752.75,14971.25,1568132
2023-08-25,MNQU3-MNQZ3,47123,185.15,188.85,185.15,186.85,33
2023-08-25,MNQZ3,34070,15038.75,15233.0,14939.75,15148.5,8054
2023-08-27,MNQH4,7101,15398.0,15422.5,15398.0,15401.0,12
2023-08-27,MNQU3,9235,14991.75,15030.0,14982.5,15010.5,19305
2023-08-27,MNQU3-MNQZ3,47123,188.45,188.9,186.5,188.9,10
2023-08-27,MNQZ3,34070,15175.0,15217.0,15175.0,15199.0,202
2023-08-28,MNQH4,7101,15365.0,15518.25,15364.75,15480.0,74
2023-08-28,MNQM4,10,15645.0,15645.0,15645.0,15645.0,3
2023-08-28,MNQU3,9235,15010.0,15126.75,14973.25,15096.5,1161111
2023-08-28,MNQU3-MNQZ3,47123,188.55,189.65,188.2,189.1,33
2023-08-28,MNQU4,13941,15775.0,15775.0,15775.0,15775.0,1
2023-08-28,MNQZ3,34070,15197.0,15315.25,15163.25,15285.75,4747
2023-08-29,MNQH4,7101,15490.0,15839.5,15448.5,15826.25,278
2023-08-29,MNQM4,10,15926.5,16000.0,15926.5,16000.0,3
2023-08-29,MNQU3,9235,15097.0,15443.25,15050.0,15434.75,1021565
2023-08-29,MNQU3-MNQZ3,47123,188.45,193.15,188.45,193.15,117
2023-08-29,MNQU4,13941,16000.0,16000.0,16000.0,16000.0,2
2023-08-29,MNQZ3,34070,15281.25,15634.75,15239.25,15625.75,7153
2023-08-30,MNQH4,7101,15838.0,15922.5,15765.0,15906.0,151
2023-08-30,MNQU3,9235,15434.5,15524.5,15361.25,15502.75,1110876
2023-08-30,MNQU3-MNQH4,375817,397.5,397.5,397.5,397.5,1
2023-08-30,MNQU3-MNQZ3,47123,192.95,194.6,192.35,194.05,56
2023-08-30,MNQU4,13941,16200.0,16200.0,16130.0,16165.0,8
2023-08-30,MNQZ3,34070,15625.25,15720.0,15555.0,15696.25,7696
2023-08-31,MNQH4,7101,15923.5,16004.0,15873.25,15948.5,136
2023-08-31,MNQM4,10,16170.0,16170.0,16049.25,16049.25,5
2023-08-31,MNQU3,9235,15503.0,15606.75,15458.5,15536.25,1119514
2023-08-31,MNQU3-MNQH4,375817,401.95,401.95,401.95,401.95,1
2023-08-31,MNQU3-MNQZ3,47123,194.4,195.2,192.9,195.2,55
2023-08-31,MNQU4,13941,16288.0,16330.0,16280.0,16330.0,6
2023-08-31,MNQZ3,34070,15697.5,15800.75,15655.0,15730.25,7929
2023-09-01,MNQH4,7101,15939.25,16067.75,15860.0,15927.75,166
2023-09-01,MNQM4,10,16102.75,16102.75,16102.75,16102.75,3
2023-09-01,MNQU3,9235,15536.75,15661.25,15453.5,15512.25,1055045
2023-09-01,MNQU3-MNQH4,375817,408.0,408.0,408.0,408.0,2
2023-09-01,MNQU3-MNQZ3,47123,193.95,195.05,192.25,194.05,75
2023-09-01,MNQZ3,34070,15731.25,15855.5,15648.0,15714.0,9958
2023-09-03,MNQH4,7101,15920.0,15920.0,15920.0,15920.0,1
2023-09-03,MNQU3,9235,15517.75,15526.5,15500.75,15516.5,8295
2023-09-03,MNQZ3,34070,15710.25,15715.0,15695.0,15709.5,148
2023-09-04,MNQH4,7101,15923.25,15970.0,15922.75,15940.5,25
2023-09-04,MNQU3,9235,15516.5,15578.5,15511.0,15526.0,170177
2023-09-04,MNQU3-MNQZ3,47123,193.15,195.0,193.15,195.0,38
2023-09-04,MNQZ3,34070,15708.5,15772.0,15705.25,15721.5,1784
2023-09-05,MNQH4,7101,15925.5,15979.5,15837.0,15925.0,116
2023-09-05,MNQU3,9235,15526.25,15587.0,15418.5,15521.75,996031
2023-09-05,MNQU3-MNQZ3,47123,194.05,197.5,192.75,197.25,160
2023-09-05,MNQZ3,34070,15720.0,15784.0,15611.75,15719.75,10915
2023-09-06,MNQH4,7101,15928.0,15928.0,15721.25,15788.0,199
2023-09-06,MNQM4,10,16017.75,16017.75,16017.75,16017.75,1
2023-09-06,MNQU3,9235,15522.0,15532.75,15310.5,15391.0,1021515
2023-09-06,MNQU3-MNQZ3,47123,196.65,197.95,195.5,196.05,98
2023-09-06,MNQZ3,34070,15719.75,15730.25,15506.75,15587.25,14258
2023-09-07,MNQH4,7101,15805.0,15805.0,15563.75,15674.0,356
2023-09-07,MNQU3,9235,15390.25,15395.5,15157.5,15280.5,1159810
2023-09-07,MNQU3-MNQZ3,47123,195.85,195.85,193.35,195.05,361
2023-09-07,MNQZ3,34070,15588.0,15591.25,15352.0,15476.5,41151
2023-09-08,MNQH4,7101,15685.0,15790.0,15640.0,15719.0,125
2023-09-08,MNQM4,10,15910.0,15910.0,15910.0,15910.0,4
2023-09-08,MNQU3,9235,15280.75,15390.5,15222.75,15314.75,1019403
2023-09-08,MNQU3-MNQZ3,47123,195.5,197.45,194.8,196.75,2201
2023-09-08,MNQZ3,34070,15475.5,15587.25,15418.75,15509.75,72574
2023-09-10,MNQH4,7101,15709.25,15712.5,15709.25,15712.5,3
2023-09-10,MNQU3,9235,15308.0,15325.5,15298.25,15323.0,10358
2023-09-10,MNQU3-MNQZ3,47123,196.75,197.45,195.0,196.45,108
2023-09-10,MNQZ3,34070,15503.25,15521.0,15494.25,15519.0,6892
2023-09-11,MNQH4,7101,15730.0,15900.0,15704.75,15868.0,236
2023-09-11,MNQM4,10,16047.25,16047.25,16047.25,16047.25,1
2023-09-11,MNQU3,9235,15323.25,15498.0,15297.75,15460.75,449781
2023-09-11,MNQU3-MNQZ3,47123,196.45,199.95,195.0,198.75,4721
2023-09-11,MNQZ3,34070,15520.0,15696.0,15492.5,15658.75,586903
2023-09-12,MNQH4,7101,15862.25,15888.25,15693.25,15713.25,255
2023-09-12,MNQM4,10,15872.5,15872.5,15872.5,15872.5,1
2023-09-12,MNQU3,9235,15460.25,15480.75,15289.5,15310.5,284530
2023-09-12,MNQU3-MNQZ3,47123,198.1,199.3,194.2,195.15,2660
2023-09-12,MNQZ3,34070,15658.0,15680.0,15484.0,15505.75,790674
2023-09-13,MNQH4,7101,15713.0,15822.0,15600.0,15784.5,449
2023-09-13,MNQM4,10,15867.5,15961.75,15867.5,15943.5,21
2023-09-13,MNQU3,9235,15310.0,15424.25,15212.5,15384.25,238285
2023-09-13,MNQU3-MNQZ3,47123,195.4,196.15,192.95,195.2,2439
2023-09-13,MNQZ3,34070,15505.5,15620.0,15406.25,15579.75,1071704
2023-09-13,MNQZ3-MNQH4,375743,203.0,203.0,203.0,203.0,5
2023-09-14,MNQH4,7101,15787.0,15914.0,15740.25,15878.5,700
2023-09-14,MNQM4,10,16050.0,16104.5,16050.0,16104.5,3
2023-09-14,MNQU3,9235,15384.25,15517.75,15336.75,15484.25,141591
2023-09-14,MNQU3-MNQZ3,47123,195.1,197.85,191.9,191.9,2062
2023-09-14,MNQU4,13941,16200.0,16200.0,16200.0,16200.0,2
2023-09-14,MNQZ3,34070,15579.25,15714.75,15531.0,15677.25,1113670
2023-09-15,MNQH4,7101,15881.75,15923.25,15563.0,15584.0,1706
2023-09-15,MNQM4,10,15987.0,15987.0,15800.0,15800.0,5
2023-09-15,MNQU3,9235,15483.75,15524.0,15400.0,15421.5,17398
2023-09-15,MNQU3-MNQZ3,47123,192.05,197.0,175.0,191.2,332
2023-09-15,MNQZ3,34070,15677.5,15719.75,15356.75,15383.25,1174962
2023-09-15,MNQZ3-MNQH4,375743,205.65,206.5,203.75,203.75,41
2023-09-17,MNQH4,7101,15594.75,15615.75,15593.5,15615.75,28
2023-09-17,MNQZ3,34070,15383.75,15414.75,15379.0,15413.25,12706
2023-09-18,MNQH4,7101,15618.0,15660.0,15537.75,15626.25,1257
2023-09-18,MNQM4,10,15775.0,15830.0,15775.0,15830.0,4
2023-09-18,MNQZ3,34070,15413.0,15460.75,15330.5,15424.5,974333
2023-09-19,MNQH4,7101,15630.0,15643.25,15450.0,15578.75,2041
2023-09-19,MNQM4,10,15795.0,15810.0,15669.0,15810.0,10
2023-09-19,MNQU4,13941,15950.0,15950.0,15950.0,15950.0,1
2023-09-19,MNQZ3,34070,15424.5,15442.5,15248.5,15383.5,1052337
2023-09-19,MNQZ3-MNQH4,375743,200.55,200.55,199.65,199.65,10
2023-09-20,MNQH4,7101,15577.75,15638.0,15312.0,15316.75,2331
2023-09-20,MNQM4,10,15805.0,15809.25,15533.0,15533.0,10
2023-09-20,MNQZ3,34070,15383.5,15436.5,15108.75,15113.75,1192513
2023-09-20,MNQZ3-MNQH4,375743,201.75,201.95,198.8,198.8,49
2023-09-21,MNQH4,7101,15316.0,15333.5,15030.25,15046.75,3031
2023-09-21,MNQM4,10,15433.0,15433.0,15239.0,15255.0,28
2023-09-21,MNQZ3,34070,15113.0,15134.75,14838.5,14851.5,1252285
2023-09-21,MNQZ3-MNQH4,375743,198.75,198.75,193.1,194.05,66
2023-09-22,MNQH4,7101,15059.5,15220.0,15031.25,15076.75,2330
2023-09-22,MNQM4,10,15288.0,15385.0,15275.0,15275.25,13
2023-09-22,MNQZ3,34070,14851.5,15027.25,14835.75,14877.0,1121177
2023-09-22,MNQZ3-MNQH4,375743,193.9,195.15,191.75,193.55,64
2023-09-22,MNQZ4,42008411,15650.0,15650.0,15650.0,15650.0,1
2023-09-24,MNQH4,7101,15064.0,15103.25,15064.0,15090.75,47
2023-09-24,MNQM4,10,15257.0,15257.0,15257.0,15257.0,1
2023-09-24,MNQZ3,34070,14879.0,14915.0,14878.0,14897.75,17283
2023-09-25,MNQH4,7101,15079.0,15149.5,14976.0,15130.0,2388
2023-09-25,MNQM4,10,15240.25,15323.0,15203.75,15323.0,4
2023-09-25,MNQZ3,34070,14897.75,14956.0,14782.5,14932.0,1163021
2023-09-25,MNQZ3-MNQH4,375743,192.6,192.6,190.45,190.45,2
2023-09-26,MNQH4,7101,15117.25,15117.25,14860.25,14932.0,2864
2023-09-26,MNQM4,10,15303.0,15303.0,15102.0,15102.0,12
2023-09-26,MNQZ3,34070,14931.75,14933.0,14666.25,14739.25,1260619
2023-09-26,MNQZ3-MNQH4,375743,193.7,193.7,191.0,192.55,74
2023-09-27,MNQH4,7101,14933.0,15009.5,14777.75,14963.75,2420
2023-09-27,MNQM4,10,15149.0,15199.0,14979.25,15199.0,18
2023-09-27,MNQZ3,34070,14739.0,14821.25,14587.25,14774.5,1373234
2023-09-27,MNQZ3-MNQH4,375743,191.3,191.3,189.95,190.4,46
2023-09-28,MNQH4,7101,14964.5,15138.75,14848.75,15054.75,2934
2023-09-28,MNQM4,10,15170.0,15266.0,15170.0,15266.0,19
2023-09-28,MNQZ3,34070,14774.5,14948.0,14656.25,14867.5,1426395
2023-09-28,MNQZ3-MNQH4,375743,190.55,191.7,189.15,191.7,93
2023-09-29,MNQH4,7101,15056.0,15250.25,15003.75,15086.25,3031
2023-09-29,MNQM4,10,15221.0,15422.0,15221.0,15246.5,13
2023-09-29,MNQZ3,34070,14867.25,15060.75,14811.0,14892.0,1460046
2023-09-29,MNQZ3-MNQH4,375743,191.1,192.95,190.55,191.15,78
2023-10-01,MNQH4,7101,15133.5,15185.0,15124.0,15147.0,162
2023-10-01,MNQZ3,34070,14962.25,15007.25,14934.5,14953.0,36914
2023-10-02,MNQH4,7101,15148.0,15237.25,15018.5,15187.5,2936
2023-10-02,MNQZ3,34070,14953.0,15046.25,14824.75,14993.75,1533967
2023-10-02,MNQZ3-MNQH4,375743,191.5,193.85,191.2,193.85,86
2023-10-02,MNQZ4,42008411,15800.0,15800.0,15800.0,15800.0,1
2023-10-03,MNQH4,7101,15179.75,15222.0,14845.75,14910.5,4006
2023-10-03,MNQM4,10,15230.75,15230.75,15055.0,15055.0,11
2023-10-03,MNQU4,13941,15548.0,15548.0,15320.0,15320.0,3
2023-10-03,MNQZ3,34070,14994.0,15031.0,14651.5,14716.25,1496435
2023-10-03,MNQZ3-MNQH4,375743,194.45,194.45,193.2,193.2,6
2023-10-04,MNQH4,7101,14911.0,15146.5,14781.5,15102.75,3106
2023-10-04,MNQM4,10,15200.0,15326.0,15195.0,15326.0,10
2023-10-04,MNQZ3,34070,14716.5,14955.75,14589.25,14915.0,1522097
2023-10-04,MNQZ3-MNQH4,375743,191.0,192.6,190.35,192.6,25
2023-10-05,MNQH4,7101,15087.5,15150.0,14908.0,15040.5,2528
2023-10-05,MNQM4,10,15233.0,15233.0,15136.0,15224.0,12
2023-10-05,MNQZ3,34070,14914.25,14958.75,14716.0,14851.75,1355930
2023-10-05,MNQZ3-MNQH4,375743,192.0,192.0,190.05,190.65,20
2023-10-06,MNQH4,7101,15045.5,15355.5,14851.0,15340.5,3746
2023-10-06,MNQM4,10,15295.0,15551.0,15096.75,15551.0,22
2023-10-06,MNQZ3,34070,14851.75,15160.5,14660.25,15141.5,1570989
2023-10-06,MNQZ3-MNQH4,375743,190.65,194.1,190.65,190.7,102
2023-10-08,MNQH4,7101,15240.0,15251.5,15182.5,15209.75,300
2023-10-08,MNQM4,10,15415.0,15415.0,15400.0,15400.0,2
2023-10-08,MNQZ3,34070,15076.0,15076.0,14990.5,15028.0,40390
2023-10-08,MNQZ3-MNQH4,375743,191.85,191.85,190.65,191.05,20
2023-10-09,MNQH4,7101,15209.5,15405.0,15142.75,15391.75,2550
2023-10-09,MNQM4,10,15410.0,15590.0,15410.0,15589.0,15
2023-10-09,MNQU4,13941,15776.0,15776.0,15733.0,15733.0,2
2023-10-09,MNQZ3,34070,15027.5,15212.75,14949.25,15199.25,1094368
2023-10-09,MNQZ3-MNQH4,375743,190.8,192.0,190.2,192.0,29
2023-10-10,MNQH4,7101,15391.75,15577.75,15368.0,15484.5,2243
2023-10-10,MNQM4,10,15615.0,15742.25,15566.75,15672.5,19
2023-10-10,MNQZ3,34070,15199.25,15383.5,15173.0,15287.5,1162108
2023-10-10,MNQZ3-MNQH4,375743,195.3,196.6,193.25,196.6,57
2023-10-11,MNQH4,7101,15484.25,15610.25,15448.0,15610.0,1853
2023-10-11,MNQM4,10,15670.0,15777.25,15669.0,15711.5,14
2023-10-11,MNQU4,13941,15895.0,15895.0,15895.0,15895.0,1
2023-10-11,MNQZ3,34070,15287.75,15417.5,15253.0,15415.25,1168248
2023-10-11,MNQZ3-MNQH4,375743,194.55,196.05,193.5,194.0,50
2023-10-12,MNQH4,7101,15604.25,15668.0,15415.0,15527.5,2425
2023-10-12,MNQM4,10,15815.75,15825.75,15685.0,15685.0,9
2023-10-12,MNQU4,13941,16000.0,16000.0,16000.0,16000.0,5
2023-10-12,MNQZ3,34070,15414.75,15469.5,15216.25,15330.0,1325399
2023-10-12,MNQZ3-MNQH4,375743,196.1,199.35,195.05,197.95,109
2023-10-13,MNQH4,7101,15534.25,15564.0,15258.25,15304.75,2681
2023-10-13,MNQM4,10,15719.0,15719.0,15500.0,15515.0,24
2023-10-13,MNQU4,13941,15897.25,15897.25,15840.0,15840.0,10
2023-10-13,MNQZ3,34070,15330.0,15367.0,15062.0,15106.75,1486930
2023-10-13,MNQZ3-MNQH4,375743,199.0,199.05,194.25,194.25,48
2023-10-13,MNQZ4,42008411,16100.0,16100.0,16000.0,16000.0,3
2023-10-15,MNQH4,7101,15325.25,15358.0,15325.25,15358.0,121
2023-10-15,MNQM4,10,15551.0,15551.0,15551.0,15551.0,1
2023-10-15,MNQZ3,34070,15119.75,15166.25,15118.25,15166.25,24388
2023-10-15,MNQZ3-MNQH4,375743,194.1,194.1,193.5,193.9,7
2023-10-16,MNQH4,7101,15360.0,15534.25,15280.25,15487.0,2044
2023-10-16,MNQM4,10,15566.0,15704.25,15494.0,15704.25,13
2023-10-16,MNQZ3,34070,15166.25,15338.0,15083.0,15290.75,1199240
2023-10-16,MNQZ3-MNQH4,375743,195.05,196.5,193.4,196.15,49
2023-10-17,MNQH4,7101,15487.5,15505.25,15246.0,15407.0,3007
2023-10-17,MNQM4,10,15674.0,15700.0,15485.0,15619.0,48
2023-10-17,MNQZ3,34070,15290.25,15309.25,15050.0,15211.0,1308174
2023-10-17,MNQZ3-MNQH4,375743,196.15,198.0,194.9,198.0,64
2023-10-18,MNQH4,7101,15406.5,15422.25,15173.75,15228.0,3069
2023-10-18,MNQM4,10,15606.0,15606.0,15387.25,15430.0,34
2023-10-18,MNQZ3,34070,15210.0,15228.75,14979.0,15037.75,1575661
2023-10-18,MNQZ3-MNQH4,375743,194.85,195.95,193.35,194.7,56
2023-10-18,MNQZ4,42008411,15750.0,15750.0,15750.0,15750.0,1
2023-10-19,MNQH4,7101,15235.0,15330.0,15013.0,15030.0,4215
2023-10-19,MNQM4,10,15456.0,15500.0,15260.0,15260.0,13
2023-10-19,MNQZ3,34070,15037.75,15138.0,14821.0,14843.25,1982187
2023-10-19,MNQZ3-MNQH4,375743,195.4,195.4,190.95,190.95,141
2023-10-20,MNQH4,7101,15026.75,15079.0,14828.25,14838.0,3813
2023-10-20,MNQM4,10,15229.75,15260.0,15037.25,15037.25,46
2023-10-20,MNQZ3,34070,14843.25,14887.75,14645.0,14648.25,1452234
2023-10-20,MNQZ3-MNQH4,375743,190.8,191.05,187.05,187.05,71
2023-10-22,MNQH4,7101,14862.5,14899.25,14852.5,14899.25,195
2023-10-22,MNQM4,10,15075.0,15092.25,15075.0,15092.25,2
2023-10-22,MNQZ3,34070,14678.75,14711.0,14662.5,14710.0,20883
2023-10-22,MNQZ3-MNQH4,375743,187.7,187.7,187.5,187.7,13
2023-10-23,MNQH4,7101,14897.0,15040.0,14705.0,14948.25,3098
2023-10-23,MNQM4,10,15084.75,15210.0,14913.0,15120.0,73
2023-10-23,MNQZ3,34070,14709.75,14854.25,14514.25,14762.75,1371427
2023-10-23,MNQZ3-MNQH4,375743,188.5,188.5,185.7,186.65,14
2023-10-24,MNQH4,7101,14945.75,15132.75,14894.25,15004.25,2643
2023-10-24,MNQM4,10,15201.0,15309.0,15145.0,15179.5,48
2023-10-24,MNQZ3,34070,14761.75,14950.0,14705.75,14815.25,1363224
2023-10-24,MNQZ3-MNQH4,375743,188.0,190.95,184.05,187.0,63
2023-10-24,MNQZ4,42008411,15549.25,15549.25,15549.25,15549.25,1
2023-10-25,MNQH4,7101,14998.0,15001.5,14518.25,14532.0,3798
2023-10-25,MNQM4,10,15190.0,15190.0,14736.5,14745.0,179
2023-10-25,MNQZ3,34070,14815.25,14817.0,14331.5,14350.25,1428851
2023-10-25,MNQZ3-MNQH4,375743,187.05,188.9,185.0,185.4,60
2023-10-26,MNQH4,7101,14539.0,14644.0,14320.0,14494.25,4750
2023-10-26,MNQM4,10,14750.0,14813.0,14550.0,14575.0,214
2023-10-26,MNQU4,13941,14738.5,14852.75,14738.5,14738.5,3
2023-10-26,MNQZ3,34070,14350.0,14459.25,14136.5,14314.75,1777672
2023-10-26,MNQZ3-MNQH4,375743,184.8,184.85,180.2,181.7,112
2023-10-26,MNQZ4,42008411,15100.0,15100.0,14875.0,14875.0,2
2023-10-27,MNQH4,7101,14496.5,14589.25,14391.25,14450.75,2887
2023-10-27,MNQM4,10,14695.0,14765.25,14612.5,14630.75,73
2023-10-27,MNQU4,13941,14815.25,14900.0,14810.0,14810.0,4
2023-10-27,MNQZ3,34070,14315.0,14407.5,14209.5,14271.0,1443312
2023-10-27,MNQZ3-MNQH4,375743,181.8,182.4,177.3,179.55,27
2023-10-27,MNQZ4,42008411,15033.75,15033.75,15033.75,15033.75,1
2023-10-29,MNQH4,7101,14500.0,14525.0,14485.0,14513.0,129
2023-10-29,MNQM4,10,14677.25,14677.25,14677.25,14677.25,1
2023-10-29,MNQZ3,34070,14329.0,14345.75,14302.25,14331.75,24033
2023-10-30,MNQH4,7101,14513.25,14658.25,14488.75,14585.0,2275
2023-10-30,MNQM4,10,14727.75,14835.0,14685.0,14768.75,29
2023-10-30,MNQU4,13941,15000.0,15000.0,15000.0,15000.0,2
2023-10-30,MNQZ3,34070,14332.0,14476.25,14306.25,14398.0,1178656
2023-10-30,MNQZ3-MNQH4,375743,181.9,182.1,181.6,181.6,11
2023-10-30,MNQZ4,42008411,15125.25,15125.25,15125.25,15125.25,1
2023-10-31,MNQH4,7101,14579.0,14686.0,14493.5,14637.0,2774
2023-10-31,MNQM4,10,14768.75,14868.0,14753.75,14842.0,35
2023-10-31,MNQZ3,34070,14398.0,14503.5,14311.25,14453.25,1251212
2023-10-31,MNQZ3-MNQH4,375743,181.8,183.1,180.9,182.0,44
2023-10-31,MNQZ4,42008411,15083.75,15083.75,15083.75,15083.75,1
2023-11-01,MNQH4,7101,14638.25,14982.25,14596.0,14975.0,3358
2023-11-01,MNQM4,10,14835.0,15150.0,14795.75,15150.0,83
2023-11-01,MNQZ3,34070,14453.0,14796.75,14411.0,14792.75,1297249
2023-11-01,MNQZ3-MNQH4,375743,182.45,183.6,182.35,183.2,25
2023-11-01,MNQZ4,42008411,15325.0,15336.5,15325.0,15336.5,2
2023-11-02,MNQH4,7101,14975.0,15200.0,14960.25,15130.75,2519
2023-11-02,MNQM4,10,15170.0,15384.0,15158.0,15333.0,95
2023-11-02,MNQU4,13941,15427.0,15490.0,15427.0,15490.0,2
2023-11-02,MNQZ3,34070,14793.0,15015.75,14776.75,14943.0,1045074
2023-11-02,MNQZ3-MNQH4,375743,183.95,187.65,182.75,184.5,94
2023-11-02,MNQZ4,42008411,15596.5,15596.5,15596.5,15596.5,1
2023-11-03,MNQH4,7101,15140.0,15415.25,15118.5,15368.5,2480
2023-11-03,MNQH4-MNQM4,27299,192.15,192.15,192.15,192.15,1
2023-11-03,MNQM4,10,15335.0,15604.75,15325.0,15567.0,228
2023-11-03,MNQU4,13941,15700.0,15700.0,15700.0,15700.0,2
2023-11-03,MNQZ3,34070,14943.5,15228.5,14931.25,15184.5,1068885
2023-11-03,MNQZ3-MNQH4,375743,187.2,188.85,186.25,188.55,40
2023-11-03,MNQZ4,42008411,15825.0,15840.0,15825.0,15840.0,3
2023-11-05,MNQH4,7101,15380.0,15388.5,15364.0,15367.0,63
2023-11-05,MNQM4,10,15592.5,15592.5,15567.0,15567.0,4
2023-11-05,MNQZ3,34070,15187.0,15203.0,15172.5,15175.75,13583
2023-11-05,MNQZ3-MNQH4,375743,189.0,189.0,188.9,188.9,12
2023-11-06,MNQH4,7101,15362.75,15447.5,15330.0,15400.25,1730
2023-11-06,MNQM4,10,15561.75,15622.5,15544.75,15609.75,17
2023-11-06,MNQU4,13941,15738.0,15738.0,15738.0,15738.0,1
2023-11-06,MNQZ3,34070,15175.75,15257.5,15138.0,15208.75,850913
2023-11-06,MNQZ3-MNQH4,375743,188.3,191.05,188.3,190.4,39
2023-11-06,MNQZ4,42008411,15903.0,15903.0,15903.0,15903.0,1
2023-11-07,MNQH4,7101,15402.0,15605.25,15369.0,15562.5,2766
2023-11-07,MNQM4,10,15600.0,15797.0,15579.0,15760.0,159
2023-11-07,MNQU4,13941,15750.0,15950.0,15750.0,15950.0,2
2023-11-07,MNQZ3,34070,15208.75,15412.75,15175.75,15368.25,988328
2023-11-07,MNQZ3-MNQH4,375743,190.45,193.45,190.2,193.45,41
2023-11-08,MNQH4,7101,15563.0,15612.5,15482.0,15550.75,1562
2023-11-08,MNQM4,10,15756.0,15800.0,15682.0,15750.5,43
2023-11-08,MNQZ3,34070,15368.5,15417.75,15286.5,15358.0,941702
2023-11-08,MNQZ3-MNQH4,375743,193.15,195.15,192.15,192.15,35
2023-11-09,MNQH4,7101,15556.75,15647.25,15419.0,15425.25,2705
2023-11-09,MNQM4,10,15780.5,15827.75,15615.5,15661.25,94
2023-11-09,MNQU4,13941,15972.0,15972.0,15930.0,15930.0,2
2023-11-09,MNQZ3,34070,15358.0,15453.25,15223.75,15232.75,1245794
2023-11-09,MNQZ3-MNQH4,375743,192.65,193.4,191.9,192.85,25
2023-11-09,MNQZ4,42008411,16000.0,16000.0,16000.0,16000.0,1
2023-11-10,MNQH4,7101,15425.5,15810.0,15401.0,15779.5,3954
2023-11-10,MNQM4,10,15650.0,15999.0,15600.0,15985.0,150
2023-11-10,MNQU4,13941,15814.25,15814.25,15814.25,15814.25,1
2023-11-10,MNQZ3,34070,15232.75,15616.25,15207.0,15581.25,1080270
2023-11-10,MNQZ3-MNQH4,375743,192.85,196.0,191.8,194.65,115
2023-11-12,MNQH4,7101,15772.5,15797.0,15748.0,15757.0,183
2023-11-12,MNQM4,10,15972.5,15982.25,15958.0,15958.0,7
2023-11-12,MNQZ3,34070,15585.75,15601.0,15548.5,15560.25,16388
2023-11-12,MNQZ3-MNQH4,375743,195.0,195.25,194.7,195.0,16
2023-11-13,MNQH4,7101,15756.75,15785.25,15660.5,15754.75,2320
2023-11-13,MNQM4,10,15953.0,15972.0,15850.25,15946.75,80
2023-11-13,MNQU4,13941,16175.0,16175.0,16150.0,16150.0,2
2023-11-13,MNQZ3,34070,15560.5,15589.5,15465.25,15558.5,862895
2023-11-13,MNQZ3-MNQH4,375743,195.15,196.8,194.7,196.8,38
2023-11-14,MNQH4,7101,15753.0,16115.5,15752.5,16100.75,4194
2023-11-14,MNQM4,10,15953.0,16311.0,15949.5,16311.0,181
2023-11-14,MNQU4,13941,16480.0,16480.0,16480.0,16480.0,2
2023-11-14,MNQZ3,34070,15558.5,15918.75,15551.75,15904.75,1019454
2023-11-14,MNQZ3-MNQH4,375743,196.95,198.95,196.95,198.85,81
2023-11-15,MNQH4,7101,16104.5,16243.0,16034.25,16063.5,2644
2023-11-15,MNQM4,10,16284.5,16411.0,16243.0,16268.75,166
2023-11-15,MNQU4,13941,16575.0,16575.0,16430.0,16430.0,5
2023-11-15,MNQZ3,34070,15905.0,16049.0,15832.0,15865.0,1081641
2023-11-15,MNQZ3-MNQH4,375743,199.05,200.35,197.25,197.6,190
2023-11-16,MNQH4,7101,16066.5,16105.5,15995.25,16086.0,2485
2023-11-16,MNQM4,10,16287.25,16313.75,16211.0,16286.25,149
2023-11-16,MNQU4,13941,16463.0,16463.0,16463.0,16463.0,1
2023-11-16,MNQZ3,34070,15864.75,15907.25,15797.75,15885.75,1061211
2023-11-16,MNQZ3-MNQH4,375743,199.0,199.15,197.7,198.6,104
2023-11-17,MNQH4,7101,16091.5,16138.0,16024.5,16077.0,1671
2023-11-17,MNQM4,10,16284.0,16343.25,16240.0,16285.0,96
2023-11-17,MNQU4,13941,16500.0,16500.0,16500.0,16500.0,1
2023-11-17,MNQZ3,34070,15885.75,15940.0,15824.5,15874.0,866242
2023-11-17,MNQZ3-MNQH4,375743,198.15,199.4,198.15,198.25,39
2023-11-19,MNQH4,7101,16121.25,16121.25,16048.75,16064.25,93
2023-11-19,MNQZ3,34070,15891.25,15903.75,15848.0,15863.75,14432
2023-11-19,MNQZ3-MNQH4,375743,200.2,200.25,200.2,200.25,5
2023-11-20,MNQH4,7101,16056.75,16317.0,16037.5,16300.5,2898
2023-11-20,MNQM4,10,16267.25,16521.25,16250.0,16510.0,285
2023-11-20,MNQU4,13941,16500.0,16500.0,16485.0,16485.0,2
2023-11-20,MNQZ3,34070,15864.25,16116.75,15837.5,16100.75,854343
2023-11-20,MNQZ3-MNQH4,375743,199.4,202.05,198.9,201.1,411
2023-11-21,MNQH4,7101,16301.25,16328.0,16114.5,16150.75,2887
2023-11-21,MNQM4,10,16510.0,16538.25,16326.25,16361.25,106
2023-11-21,MNQU4,13941,16650.0,16650.0,16650.0,16650.0,1
2023-11-21,MNQZ3,34070,16100.75,16122.5,15912.0,15954.25,868787
2023-11-21,MNQZ3-MNQH4,375743,201.45,201.8,200.05,200.7,134
2023-11-22,MNQH4,7101,16158.0,16377.75,16144.0,16245.75,3908
2023-11-22,MNQM4,10,16371.75,16577.0,16368.25,16454.75,105
2023-11-22,MNQZ3,34070,15954.5,16173.25,15942.75,16045.75,1061621
2023-11-22,MNQZ3-MNQH4,375743,200.4,202.35,199.65,202.35,67
2023-11-23,MNQH4,7101,16245.75,16286.75,16241.5,16266.5,401
2023-11-23,MNQM4,10,16470.0,16500.0,16470.0,16476.0,5
2023-11-23,MNQZ3,34070,16045.75,16086.75,16038.75,16064.5,136610
2023-11-23,MNQZ3-MNQH4,375743,200.95,201.0,200.95,201.0,16
2023-11-24,MNQH4,7101,16262.0,16272.0,16185.0,16210.0,1233
2023-11-24,MNQM4,10,16476.0,16487.0,16400.0,16429.75,171
2023-11-24,MNQZ3,34070,16064.5,16071.5,15981.75,16010.75,404592
2023-11-24,MNQZ3-MNQH4,375743,201.2,202.05,201.15,201.6,27
2023-11-26,MNQH4,7101,16202.25,16202.25,16186.0,16190.25,61
2023-11-26,MNQM4,10,16394.0,16405.25,16394.0,16405.25,4
2023-11-26,MNQZ3,34070,16008.5,16010.0,15982.75,15986.25,10014
2023-11-26,MNQZ3-MNQH4,375743,201.35,201.35,201.35,201.35,1
2023-11-27,MNQH4,7101,16186.25,16290.25,16141.75,16208.75,2909
2023-11-27,MNQM4,10,16393.75,16500.0,16350.25,16419.75,95
2023-11-27,MNQU4,13941,16669.0,16670.0,16669.0,16670.0,2
2023-11-27,MNQZ3,34070,15986.75,16089.0,15938.75,16009.75,906402
2023-11-27,MNQZ3-MNQH4,375743,201.5,203.7,201.15,201.6,137
2023-11-27,MNQZ4,42008411,16850.0,16850.0,16850.0,16850.0,1
2023-11-28,MNQH4,7101,16209.5,16271.5,16147.0,16257.5,3848
2023-11-28,MNQM4,10,16419.5,16480.0,16366.0,16464.25,88
2023-11-28,MNQU4,13941,16618.0,16618.0,16614.0,16614.0,21
2023-11-28,MNQZ3,34070,16010.0,16071.5,15945.0,16053.25,1040316
2023-11-28,MNQZ3-MNQH4,375743,201.3,201.75,200.35,200.75,426
2023-11-29,MNQH4,7101,16255.25,16410.0,16216.25,16249.0,15825
2023-11-29,MNQM4,10,16471.0,16618.0,16425.0,16463.25,180
2023-11-29,MNQU4,13941,16720.0,16750.0,16690.0,16690.0,3
2023-11-29,MNQZ3,34070,16053.0,16207.75,16013.5,16047.0,1040226
2023-11-29,MNQZ3-MNQH4,375743,199.95,203.0,199.9,203.0,158
2023-11-30,MNQH4,7101,16251.75,16315.75,16057.25,16164.25,15708
2023-11-30,MNQM4,10,16469.75,16500.0,16270.0,16344.75,215
2023-11-30,MNQU4,13941,16480.0,16500.0,16470.0,16470.0,3
2023-11-30,MNQZ3,34070,16047.25,16098.0,15855.75,15964.5,1142482
2023-11-30,MNQZ3-MNQH4,375743,203.1,203.55,201.45,201.55,112
2023-12-01,MNQH4,7101,16164.25,16251.5,16066.5,16236.25,18537
2023-12-01,MNQM4,10,16377.0,16450.0,16280.75,16433.0,210
2023-12-01,MNQU4,13941,16620.0,16620.0,16620.0,16620.0,1
2023-12-01,MNQZ3,34070,15963.75,16050.0,15864.5,16031.0,1117288
2023-12-01,MNQZ3-MNQH4,375743,201.25,202.2,201.2,201.5,77
2023-12-03,MNQH4,7101,16231.5,16231.5,16190.25,16196.0,362
2023-12-03,MNQM4,10,16404.25,16406.25,16400.0,16406.25,7
2023-12-03,MNQZ3,34070,16021.75,16027.0,15988.25,15992.0,13232
2023-12-03,MNQZ3-MNQH4,375743,201.5,201.5,201.5,201.5,3
2023-12-04,MNQH4,7101,16192.75,16205.0,15922.25,16049.0,27347
2023-12-04,MNQM4,10,16393.75,16409.5,16132.75,16247.5,397
2023-12-04,MNQU4,13941,16418.0,16418.0,16350.0,16350.0,11
2023-12-04,MNQZ3,34070,15991.75,16003.25,15721.25,15849.5,1080010
2023-12-04,MNQZ3-MNQH4,375743,201.55,201.9,200.0,200.05,151
2023-12-05,MNQH4,7101,16051.0,16162.5,15961.5,16130.25,32456
2023-12-05,MNQM4,10,16245.75,16360.0,16168.0,16322.0,213
2023-12-05,MNQZ3,34070,15850.0,15961.75,15761.25,15928.0,1156588
2023-12-05,MNQZ3-MNQH4,375743,200.05,203.0,199.0,201.3,200
2023-12-06,MNQH4,7101,16130.0,16240.0,16003.75,16017.25,35034
2023-12-06,MNQM4,10,16340.0,16439.0,16210.0,16221.75,443
2023-12-06,MNQU4,13941,16440.0,16440.0,16440.0,16440.0,1
2023-12-06,MNQZ3,34070,15928.0,16039.0,15800.0,15816.5,1152932
2023-12-06,MNQZ3-MNQH4,375743,201.1,203.3,201.1,202.1,281
2023-12-07,MNQH4,7101,16019.25,16270.75,15993.0,16223.5,50089
2023-12-07,MNQM4,10,16210.25,16469.5,16202.5,16442.5,588
2023-12-07,MNQZ3,34070,15816.5,16065.75,15791.25,16020.0,1052414
2023-12-07,MNQZ3-MNQH4,375743,201.95,206.45,201.65,205.1,222
2023-12-08,MNQH4,7101,16226.25,16329.0,16090.0,16303.25,131162
2023-12-08,MNQM4,10,16446.75,16534.0,16325.5,16512.5,389
2023-12-08,MNQU4,13941,16590.0,16590.0,16590.0,16590.0,1
2023-12-08,MNQZ3,34070,16019.75,16119.0,15890.0,16092.5,1036141
2023-12-08,MNQZ3-MNQH4,375743,205.75,210.5,205.1,209.45,1645
2023-12-10,MNQH4,7101,16308.0,16323.25,16291.75,16314.25,7470
2023-12-10,MNQM4,10,16513.0,16520.75,16504.75,16509.25,19
2023-12-10,MNQZ3,34070,16092.0,16114.0,16082.0,16104.5,11354
2023-12-10,MNQZ3-MNQH4,375743,205.0,209.85,205.0,209.45,141
2023-12-11,MNQH4,7101,16314.0,16459.75,16256.0,16454.75,488705
2023-12-11,MNQM4,10,16523.5,16678.0,16470.0,16658.5,409
2023-12-11,MNQU4,13941,16634.75,16875.0,16634.75,16840.5,32
2023-12-11,MNQZ3,34070,16104.0,16249.75,16044.5,16241.25,486398
2023-12-11,MNQZ3-MNQH4,375743,209.85,214.15,208.75,212.7,4542
2023-12-11,MNQZ4,42008411,16850.0,16987.0,16850.0,16980.0,3
2023-12-12,MNQH4,7101,16454.5,16613.5,16396.5,16609.5,555602
2023-12-12,MNQH4-MNQM4,27299,216.75,216.75,215.5,215.5,6
2023-12-12,MNQM4,10,16662.25,16832.0,16615.0,16824.5,683
2023-12-12,MNQU4,13941,16850.0,17008.25,16840.0,17008.25,46
2023-12-12,MNQZ3,34070,16241.5,16401.25,16185.0,16396.5,315877
2023-12-12,MNQZ3-MNQH4,375743,213.1,214.65,206.75,212.7,3092
2023-12-12,MNQZ4,42008411,17000.0,17000.0,17000.0,17000.0,1
2023-12-13,MNQH4,7101,16609.25,16817.25,16576.0,16816.0,787799
2023-12-13,MNQH4-MNQM4,27299,205.5,209.0,205.5,209.0,10
2023-12-13,MNQM4,10,16826.0,17031.25,16770.0,17029.5,1006
2023-12-13,MNQU4,13941,17050.0,17130.0,16990.0,17123.5,27
2023-12-13,MNQZ3,34070,16396.25,16607.0,16365.25,16605.5,219313
2023-12-13,MNQZ3-MNQH4,375743,212.95,214.95,210.0,211.2,1986
2023-12-14,MNQH4,7101,16816.25,16885.5,16627.25,16760.5,1096830
2023-12-14,MNQM4,10,17035.0,17093.0,16833.5,16968.0,1154
2023-12-14,MNQZ3,34070,16605.0,16674.5,16418.5,16550.5,148483
2023-12-14,MNQZ3-MNQH4,375743,210.65,215.0,208.05,210.75,2439
2023-12-14,MNQZ3-MNQM4,22697,423.15,423.15,419.25,419.25,6
2023-12-14,MNQZ4,42008411,17450.0,17450.0,17300.0,17300.0,6
2023-12-15,MNQH4,7101,16760.25,16887.25,16747.0,16816.0,918886
2023-12-15,MNQH4-MNQM4,27299,209.95,213.95,202.05,211.25,129
2023-12-15,MNQM4,10,16979.75,17095.25,16955.75,17025.0,1036
2023-12-15,MNQZ3,34070,16550.0,16609.25,16530.0,16583.25,14409
2023-12-15,MNQZ3-MNQH4,375743,210.75,217.2,203.0,211.5,329
2023-12-17,MNQH4,7101,16820.25,16838.0,16802.25,16823.75,10956
2023-12-17,MNQH4-MNQM4,27299,212.55,212.55,212.55,212.55,2
2023-12-17,MNQM4,10,17042.5,17045.0,17017.5,17030.75,55
2023-12-18,MNQH4,7101,16823.75,16974.25,16808.25,16924.25,727902
2023-12-18,MNQH4-MNQM4,27299,212.35,212.65,212.0,212.3,35
2023-12-18,MNQM4,10,17037.5,17184.5,17027.5,17135.75,1553
2023-12-18,MNQU4,13941,17223.75,17370.0,17223.75,17360.0,42
2023-12-19,MNQH4,7101,16924.0,17034.25,16911.0,17027.75,769731
2023-12-19,MNQH4-MNQM4,27299,212.95,212.95,212.95,212.95,6
2023-12-19,MNQM4,10,17135.0,17242.25,17123.0,17241.25,1245
2023-12-19,MNQU4,13941,17315.0,17400.0,17315.0,17360.75,7
2023-12-20,MNQH4,7101,17027.75,17073.5,16757.25,16811.75,1067555
2023-12-20,MNQH4-MNQM4,27299,213.35,213.35,207.4,209.0,129
2023-12-20,MNQM4,10,17246.75,17286.25,16966.75,17014.75,4211
2023-12-20,MNQU4,13941,17440.5,17450.0,17198.75,17209.75,90
2023-12-20,MNQZ4,42008411,17350.0,17350.0,17350.0,17350.0,1
2023-12-21,MNQH4,7101,16811.75,16971.25,16800.5,16942.0,1121197
2023-12-21,MNQH4-MNQM4,27299,209.05,209.1,207.4,208.15,14
2023-12-21,MNQM4,10,17014.75,17177.0,17008.0,17146.75,4394
2023-12-21,MNQU4,13941,17215.0,17365.25,17214.0,17353.0,81
2023-12-21,MNQZ4,42008411,17432.0,17480.5,17432.0,17480.5,2
2023-12-22,MNQH4,7101,16942.0,17041.25,16891.5,16962.5,840213
2023-12-22,MNQM4,10,17149.75,17248.5,17102.0,17173.25,1462
2023-12-22,MNQU4,13941,17298.75,17420.0,17290.0,17420.0,96
2023-12-25,MNQH4,7101,16963.5,17011.5,16963.5,17004.0,11857
2023-12-25,MNQM4,10,17190.0,17221.5,17190.0,17211.25,31
2023-12-26,MNQH4,7101,17004.0,17111.5,16985.0,17089.5,510632
2023-12-26,MNQH4-MNQM4,27299,208.45,209.95,206.9,209.95,23
2023-12-26,MNQM4,10,17209.25,17313.5,17194.0,17297.0,753
2023-12-26,MNQU4,13941,17443.0,17470.25,17419.75,17470.25,5
2023-12-27,MNQH4,7101,17089.5,17132.25,17055.5,17121.75,682004
2023-12-27,MNQH4-MNQM4,27299,209.9,209.9,209.6,209.6,6
2023-12-27,MNQM4,10,17300.75,17345.75,17268.75,17331.25,1181
2023-12-27,MNQU4,13941,17509.0,17509.0,17482.0,17482.0,15
2023-12-27,MNQZ4,42008411,17622.75,17622.75,17622.75,17622.75,1
2023-12-28,MNQH4,7101,17121.5,17165.5,17078.0,17100.75,617242
2023-12-28,MNQH4-MNQM4,27299,209.4,209.4,208.8,209.0,8
2023-12-28,MNQM4,10,17332.25,17370.25,17287.5,17308.0,1030
2023-12-28,MNQU4,13941,17520.25,17525.25,17492.75,17492.75,8
2023-12-29,MNQH4,7101,17100.25,17130.5,16937.75,17004.0,820173
2023-12-29,MNQH4-MNQM4,27299,208.9,208.9,208.9,208.9,1
2023-12-29,MNQM4,10,17310.0,17339.5,17149.75,17211.75,1213
2023-12-29,MNQU4,13941,17432.0,17461.75,17368.0,17413.75,22
2023-12-29,MNQZ4,42008411,17670.0,17670.0,17550.0,17586.0,8
2024-01-01,MNQH4,7101,17018.75,17037.0,17013.75,17029.75,9741
2024-01-01,MNQM4,10,17229.0,17239.5,17228.0,17238.0,19
2024-01-02,MNQH4,7101,17029.75,17038.5,16622.0,16724.5,1065562
2024-01-02,MNQH4-MNQM4,27299,206.65,207.35,206.4,206.4,12
2024-01-02,MNQH5,42003617,17419.25,17419.25,17419.25,17419.25,1
2024-01-02,MNQM4,10,17235.25,17244.0,16823.25,16931.0,3314
2024-01-02,MNQU4,13941,17260.0,17260.0,17075.0,17125.0,11
2024-01-03,MNQH4,7101,16724.75,16729.5,16522.25,16549.5,1155662
2024-01-03,MNQH4-MNQM4,27299,206.8,206.8,206.8,206.8,3
2024-01-03,MNQM4,10,16933.25,16937.0,16730.0,16754.0,2815
2024-01-03,MNQU4,13941,17100.0,17100.0,16950.0,17000.0,12
2024-01-04,MNQH4,7101,16549.5,16587.25,16435.75,16456.5,965530
2024-01-04,MNQH4-MNQM4,27299,205.6,208.2,204.9,204.9,98
2024-01-04,MNQM4,10,16750.0,16792.25,16642.5,16663.5,2458
2024-01-04,MNQU4,13941,16902.0,16949.0,16845.0,16890.0,12
2024-01-05,MNQH4,7101,16456.75,16577.0,16334.25,16466.0,1092589
2024-01-05,MNQH4-MNQM4,27299,205.85,205.85,203.25,204.75,5
2024-01-05,MNQM4,10,16664.25,16780.5,16542.0,16665.25,2368
2024-01-05,MNQU4,13941,16790.0,16940.0,16755.0,16855.5,79
2024-01-07,MNQH4,7101,16472.25,16490.0,16458.25,16482.75,11697
2024-01-07,MNQH4-MNQM4,27299,203.8,203.8,203.8,203.8,1
2024-01-07,MNQM4,10,16675.0,16693.5,16675.0,16688.0,53
2024-01-07,MNQU4,13941,16886.0,16886.0,16875.5,16875.5,2
2024-01-08,MNQH4,7101,16482.25,16811.5,16378.25,16785.25,874965
2024-01-08,MNQH4-MNQM4,27299,205.2,206.9,204.55,206.9,20
2024-01-08,MNQM4,10,16690.25,17019.75,16587.5,16991.0,3185
2024-01-08,MNQU4,13941,16810.25,17189.25,16800.0,17184.75,135
2024-01-09,MNQH4,7101,16785.0,16868.5,16658.5,16838.0,1023393
2024-01-09,MNQH4-MNQM4,27299,207.0,207.4,207.0,207.4,33
2024-01-09,MNQH5,42003617,17530.0,17530.0,17530.0,17530.0,1
2024-01-09,MNQM4,10,16993.0,17075.25,16865.0,17045.0,3031
2024-01-09,MNQU4,13941,17198.75,17236.0,17198.75,17201.25,113
2024-01-09,MNQZ4,42008411,17399.75,17400.0,17399.75,17400.0,2
2024-01-10,MNQH4,7101,16838.0,16983.25,16801.75,16960.75,987282
2024-01-10,MNQH4-MNQM4,27299,207.05,207.9,203.45,203.45,202
2024-01-10,MNQM4,10,17049.75,17190.0,17010.0,17166.5,3305
2024-01-10,MNQU4,13941,17223.75,17366.0,17200.0,17330.0,109
2024-01-10,MNQZ4,42008411,17445.0,17445.0,17445.0,17445.0,1
2024-01-11,MNQH4,7101,16960.5,17056.0,16753.0,16951.75,1371361
2024-01-11,MNQH4-MNQM4,27299,206.7,209.0,206.7,207.8,46
2024-01-11,MNQM4,10,17168.5,17260.0,16965.75,17154.5,3878
2024-01-11,MNQU4,13941,17380.0,17404.0,17129.25,17260.0,42
2024-01-11,MNQZ4,42008411,17490.0,17490.0,17428.0,17428.0,10
2024-01-12,MNQH4,7101,16951.75,17042.5,16866.25,16955.0,1128013
2024-01-12,MNQH4-MNQM4,27299,208.6,208.9,206.75,208.0,141
2024-01-12,MNQH5,42003617,17680.0,17685.0,17650.0,17650.0,7
2024-01-12,MNQM4,10,17160.0,17251.5,17074.25,17162.75,2585
2024-01-12,MNQU4,13941,17346.0,17425.0,17301.5,17317.5,107
2024-01-12,MNQZ4,42008411,17555.0,17555.0,17555.0,17555.0,3
2024-01-14,MNQH4,7101,16962.0,16963.75,16938.5,16945.25,8084
2024-01-14,MNQM4,10,17168.75,17172.5,17148.0,17157.25,58
2024-01-14,MNQU4,13941,17350.0,17350.0,17350.0,17350.0,3
2024-01-15,MNQH4,7101,16945.5,17023.25,16933.0,16935.25,243943
2024-01-15,MNQH4-MNQM4,27299,208.45,209.7,208.4,209.45,62
2024-01-15,MNQM4,10,17154.5,17229.25,17141.75,17147.75,618
2024-01-15,MNQU4,13941,17359.75,17372.0,17334.0,17334.0,19
2024-01-16,MNQH4,7101,16935.75,17034.0,16812.0,16979.25,1344840
2024-01-16,MNQH4-MNQM4,27299,209.55,210.4,208.85,210.4,22
2024-01-16,MNQM4,10,17138.5,17242.75,17024.0,17186.0,2947
2024-01-16,MNQU4,13941,17328.0,17349.25,17264.5,17298.0,54
2024-01-16,MNQZ4,42008411,17418.0,17418.0,17418.0,17418.0,5
2024-01-17,MNQH4,7101,16979.25,16981.25,16689.0,16853.75,1237527
2024-01-17,MNQH4-MNQM4,27299,210.3,210.3,208.95,209.7,23
2024-01-17,MNQM4,10,17187.25,17190.75,16899.5,17066.75,3300
2024-01-17,MNQU4,13941,17245.0,17261.0,17126.5,17182.5,28
2024-01-17,MNQZ4,42008411,17500.0,17500.0,17311.0,17311.0,2
2024-01-18,MNQH4,7101,16853.75,17152.0,16839.25,17148.75,1387266
2024-01-18,MNQH4-MNQM4,27299,209.15,213.6,209.15,212.7,46
2024-01-18,MNQM4,10,17060.0,17363.0,17056.25,17363.0,4329
2024-01-18,MNQU4,13941,17275.75,17523.25,17275.75,17520.0,259
2024-01-18,MNQZ4,42008411,17649.75,17650.0,17649.75,17650.0,3
2024-01-19,MNQH4,7101,17148.25,17472.0,17131.5,17463.25,1264752
2024-01-19,MNQH4-MNQM4,27299,213.0,219.95,213.0,219.95,22
2024-01-19,MNQH5,42003617,18000.0,18143.5,17997.5,18143.5,4
2024-01-19,MNQM4,10,17358.5,17692.25,17348.5,17684.5,4007
2024-01-19,MNQU4,13941,17532.0,17867.0,17532.0,17867.0,302
2024-01-21,MNQH4,7101,17465.75,17501.5,17464.0,17483.75,19918
2024-01-21,MNQH4-MNQM4,27299,219.55,220.1,219.55,219.85,31
2024-01-21,MNQM4,10,17687.0,17718.75,17687.0,17705.0,119
2024-01-21,MNQU4,13941,17921.75,17921.75,17900.0,17900.0,25
2024-01-22,MNQH4,7101,17484.25,17584.75,17434.25,17464.5,1151686
2024-01-22,MNQH4-MNQM4,27299,219.1,222.95,219.1,222.95,22
2024-01-22,MNQH5,42003617,18265.0,18265.0,18265.0,18265.0,1
2024-01-22,MNQM4,10,17705.0,17804.75,17654.75,17687.0,2753
2024-01-22,MNQU4,13941,17925.0,17965.25,17845.75,17874.75,73
2024-01-22,MNQZ4,42008411,18152.25,18152.25,18152.25,18152.25,1
2024-01-23,MNQH4,7101,17464.25,17578.25,17409.25,17576.0,966692
2024-01-23,MNQH4-MNQM4,27299,222.95,223.85,222.25,223.5,44
2024-01-23,MNQH5,42003617,18190.75,18190.75,18190.75,18190.75,4
2024-01-23,MNQM4,10,17693.0,17800.75,17631.75,17796.0,2430
2024-01-23,MNQU4,13941,17889.0,17980.0,17850.0,17975.0,142
2024-01-24,MNQH4,7101,17575.75,17794.0,17568.75,17617.0,1277785
2024-01-24,MNQH4-MNQM4,27299,223.3,227.2,222.95,225.4,39
2024-01-24,MNQM4,10,17800.25,18020.0,17792.75,17838.0,4023
2024-01-24,MNQM4-MNQU4,59361,200.0,200.1,200.0,200.1,4
2024-01-24,MNQU4,13941,18018.75,18200.0,17979.0,17979.0,319
2024-01-25,MNQH4,7101,17616.75,17752.0,17530.75,17542.5,1309961
2024-01-25,MNQH4-MNQM4,27299,226.5,226.95,224.8,226.95,154
2024-01-25,MNQH5,42003617,18350.0,18350.0,18350.0,18350.0,1
2024-01-25,MNQM4,10,17839.75,17977.0,17758.75,17773.5,2567
2024-01-25,MNQU4,13941,18020.0,18150.0,17979.0,17995.0,138
2024-01-26,MNQH4,7101,17542.75,17631.25,17465.75,17504.75,1167053
2024-01-26,MNQH4-MNQM4,27299,225.1,226.0,224.95,225.75,32
2024-01-26,MNQM4,10,17770.0,17858.25,17693.0,17730.0,2625
2024-01-26,MNQU4,13941,17950.0,18025.75,17905.25,17922.25,43
2024-01-26,MNQZ4,42008411,18137.25,18201.0,18100.0,18201.0,4
2024-01-28,MNQH4,7101,17502.5,17507.5,17456.25,17479.75,17475
2024-01-28,MNQH4-MNQM4,27299,225.2,225.25,225.2,225.25,5
2024-01-28,MNQM4,10,17722.5,17722.5,17680.5,17703.0,347
2024-01-29,MNQH4,7101,17480.0,17731.5,17479.0,17722.0,996454
2024-01-29,MNQH4-MNQM4,27299,224.9,226.9,224.5,226.9,18
2024-01-29,MNQM4,10,17713.0,17958.25,17704.25,17944.0,1957
2024-01-29,MNQU4,13941,18003.5,18133.75,17989.0,18114.0,219
2024-01-30,MNQH4,7101,17722.0,17735.75,17409.0,17448.25,1005954
2024-01-30,MNQH4-MNQM4,27299,226.85,227.45,226.4,227.15,24
2024-01-30,MNQH5,42003617,18445.0,18445.0,18445.0,18445.0,1
2024-01-30,MNQM4,10,17945.0,17963.25,17638.25,17676.0,2084
2024-01-30,MNQU4,13941,18117.25,18138.0,17860.0,17860.0,64
2024-01-31,MNQH4,7101,17448.25,17483.75,17221.75,17282.5,1380660
2024-01-31,MNQH4-MNQM4,27299,227.15,227.15,220.3,220.5,241
2024-01-31,MNQH5,42003617,18043.0,18043.0,18043.0,18043.0,5
2024-01-31,MNQM4,10,17675.5,17705.0,17445.0,17504.75,3211
2024-01-31,MNQU4,13941,17862.75,17886.25,17646.75,17654.75,58
2024-01-31,MNQZ4,42008411,17955.0,18000.0,17765.25,17802.75,8
2024-02-01,MNQH4,7101,17282.5,17645.5,17262.75,17593.5,1260888
2024-02-01,MNQH4-MNQM4,27299,221.0,223.35,220.65,222.5,201
2024-02-01,MNQM4,10,17505.0,17868.0,17485.0,17816.25,2946
2024-02-01,MNQU4,13941,17700.0,18032.0,17688.0,18019.0,45
2024-02-01,MNQZ4,42008411,17921.0,18165.25,17905.0,18165.25,10
2024-02-02,MNQH4,7101,17593.25,17775.5,17465.75,17686.0,1326684
2024-02-02,MNQH4-MNQM4,27299,225.15,226.75,225.15,226.4,27
2024-02-02,MNQH5,42003617,18400.0,18400.0,18400.0,18400.0,1
2024-02-02,MNQM4,10,17815.5,18003.25,17693.25,17919.0,3814
2024-02-02,MNQU4,13941,18044.0,18188.25,17906.5,18118.5,259
2024-02-02,MNQZ4,42008411,18180.0,18368.0,18180.0,18368.0,4
2024-02-04,MNQH4,7101,17695.25,17723.5,17691.5,17707.5,13005
2024-02-04,MNQH4-MNQM4,27299,226.55,226.55,226.55,226.55,6
2024-02-04,MNQM4,10,17919.25,17952.75,17918.75,17937.75,138
2024-02-04,MNQU4,13941,18135.0,18140.0,18131.0,18131.0,22
2024-02-05,MNQH4,7101,17708.0,17745.0,17553.75,17696.25,1051775
2024-02-05,MNQH4-MNQM4,27299,227.15,228.95,227.0,228.95,67
2024-02-05,MNQM4,10,17927.5,17973.25,17785.0,17923.0,2621
2024-02-05,MNQU4,13941,18138.0,18162.0,18001.25,18120.0,113
2024-02-05,MNQZ4,42008411,18322.5,18322.5,18258.75,18258.75,4
2024-02-06,MNQH4,7101,17696.5,17768.25,17560.75,17652.0,1224734
2024-02-06,MNQH4-MNQM4,27299,228.5,228.5,227.05,227.4,21
2024-02-06,MNQM4,10,17929.25,17998.0,17789.0,17879.0,2664
2024-02-06,MNQU4,13941,18125.25,18194.0,18000.5,18073.25,41
2024-02-07,MNQH4,7101,17652.0,17876.0,17629.5,17842.5,1138761
2024-02-07,MNQH4-MNQM4,27299,226.7,229.6,226.7,228.15,39
2024-02-07,MNQM4,10,17876.5,18104.0,17860.0,18070.0,3742
2024-02-07,MNQU4,13941,18073.0,18297.0,18050.5,18258.75,308
2024-02-07,MNQZ4,42008411,18372.75,18425.0,18372.75,18425.0,3
2024-02-08,MNQH4,7101,17842.25,17896.5,17791.5,17867.25,893582
2024-02-08,MNQH4-MNQM4,27299,229.35,229.95,228.0,228.55,60
2024-02-08,MNQM4,10,18071.0,18126.0,18024.0,18094.0,2722
2024-02-08,MNQU4,13941,18278.0,18325.0,18230.0,18300.0,160
2024-02-08,MNQZ4,42008411,18495.0,18495.0,18455.0,18455.0,2
2024-02-09,MNQH4,7101,17867.5,18071.0,17852.0,18037.75,882093
2024-02-09,MNQH4-MNQM4,27299,228.45,233.4,228.4,232.0,41
2024-02-09,MNQH5,42003617,18797.25,18823.5,18797.25,18823.5,2
2024-02-09,MNQM4,10,18095.25,18305.0,18082.25,18268.25,3170
2024-02-09,MNQU4,13941,18308.0,18500.0,18308.0,18452.0,74
2024-02-09,MNQZ4,42008411,18500.0,18650.0,18500.0,18650.0,4
2024-02-11,MNQH4,7101,18039.25,18042.5,18003.25,18035.0,13940
2024-02-11,MNQH4-MNQM4,27299,230.8,230.8,230.8,230.8,3
2024-02-11,MNQM4,10,18267.75,18270.75,18232.5,18267.25,86
2024-02-12,MNQH4,7101,18034.75,18121.5,17911.0,17937.25,954386
2024-02-12,MNQH4-MNQM4,27299,232.05,235.65,232.05,234.7,96
2024-02-12,MNQH5,42003617,18828.0,18829.0,18828.0,18829.0,2
2024-02-12,MNQM4,10,18267.0,18357.0,18145.25,18174.75,2716
2024-02-12,MNQU4,13941,18474.75,18545.0,18366.0,18366.0,238
2024-02-12,MNQZ4,42008411,18650.0,18673.5,18650.0,18673.5,5
2024-02-13,MNQH4,7101,17938.0,17963.5,17546.25,17690.25,1478609
2024-02-13,MNQH4-MNQM4,27299,234.55,236.25,231.4,232.9,254
2024-02-13,MNQH5,42003617,18453.0,18453.0,18453.0,18453.0,5
2024-02-13,MNQM4,10,18172.75,18194.0,17780.0,17915.5,4867
2024-02-13,MNQM4-MNQU4,59361,215.0,215.0,215.0,215.0,1
2024-02-13,MNQU4,13941,18375.25,18386.25,18000.0,18127.25,114
2024-02-13,MNQZ4,42008411,18272.5,18290.0,18178.0,18290.0,6
2024-02-14,MNQH4,7101,17690.25,17887.0,17669.25,17878.75,1281692
2024-02-14,MNQH4-MNQM4,27299,232.95,235.1,231.85,234.95,425
2024-02-14,MNQM4,10,17923.25,18121.0,17902.25,18113.5,4043
2024-02-14,MNQU4,13941,18130.0,18321.0,18102.75,18310.0,103
2024-02-14,MNQZ4,42008411,18416.25,18509.5,18416.25,18509.5,16
2024-02-15,MNQH4,7101,17879.0,17968.5,17780.25,17952.5,1222552
2024-02-15,MNQH4-MNQM4,27299,234.5,236.6,234.35,236.0,60
2024-02-15,MNQM4,10,18111.0,18204.25,18017.0,18187.75,3182
2024-02-15,MNQU4,13941,18310.0,18386.75,18233.5,18386.75,32
2024-02-15,MNQZ4,42008411,18457.5,18457.5,18457.5,18457.5,1
2024-02-16,MNQH4,7101,17952.0,18026.25,17713.75,17721.25,1363318
2024-02-16,MNQH4-MNQM4,27299,235.85,236.8,233.15,233.15,152
2024-02-16,MNQM4,10,18187.75,18263.75,17946.5,17952.25,4337
2024-02-16,MNQU4,13941,18385.0,18470.5,18168.25,18168.25,211
2024-02-16,MNQZ4,42008411,18650.0,18655.0,18361.5,18361.5,19
2024-02-18,MNQH4,7101,17728.5,17793.0,17725.25,17777.5,15228
2024-02-18,MNQH4-MNQM4,27299,233.3,233.3,233.3,233.3,1
2024-02-18,MNQM4,10,17968.75,18018.25,17968.75,18009.0,107
2024-02-18,MNQU4,13941,18228.0,18228.0,18207.75,18207.75,11
2024-02-19,MNQH4,7101,17777.75,17807.25,17738.5,17748.25,246069
2024-02-19,MNQH4-MNQM4,27299,235.0,235.45,234.45,235.05,37
2024-02-19,MNQM4,10,18012.25,18041.5,17975.75,17977.0,680
2024-02-19,MNQU4,13941,18228.25,18228.25,18184.25,18184.25,8
2024-02-20,MNQH4,7101,17747.75,17752.75,17452.5,17568.25,1476713
2024-02-20,MNQH4-MNQM4,27299,235.7,235.7,230.1,231.9,203
2024-02-20,MNQH5,42003617,18478.0,18478.0,18300.0,18300.0,11
2024-02-20,MNQM4,10,17981.0,17985.0,17685.75,17801.25,5322
2024-02-20,MNQM4-MNQU4,59361,213.0,213.0,213.0,213.0,1
2024-02-20,MNQU4,13941,18181.5,18186.75,17896.5,18037.0,85
2024-02-20,MNQZ4,42008411,18378.0,18378.0,18190.0,18220.0,53
2024-02-21,MNQH4,7101,17568.75,17715.5,17373.0,17704.0,1397071
2024-02-21,MNQH4-MNQM4,27299,230.8,236.6,230.1,230.15,321
2024-02-21,MNQH4-MNQU4,61129,440.0,440.0,440.0,440.0,1
2024-02-21,MNQM4,10,17802.25,17949.0,17603.5,17935.0,5298
2024-02-21,MNQU4,13941,18028.75,18150.0,17827.5,18119.25,84
2024-02-21,MNQZ4,42008411,18140.0,18297.0,18026.25,18297.0,34
2024-02-22,MNQH4,7101,17703.5,18087.0,17702.5,18041.5,1304319
2024-02-22,MNQH4-MNQM4,27299,231.65,241.2,231.6,239.5,614
2024-02-22,MNQM4,10,17936.5,18325.5,17936.5,18281.0,7740
2024-02-22,MNQU4,13941,18148.5,18542.25,18145.25,18499.75,220
2024-02-22,MNQZ4,42008411,18360.0,18650.0,18360.0,18650.0,10
2024-02-23,MNQH4,7101,18041.0,18145.0,17946.0,17961.0,1260457
2024-02-23,MNQH4-MNQM4,27299,239.95,240.7,239.25,240.2,160
2024-02-23,MNQM4,10,18281.0,18383.25,18186.25,18200.0,6341
2024-02-23,MNQU4,13941,18475.0,18587.75,18405.0,18414.25,262
2024-02-23,MNQZ4,42008411,18700.0,18759.0,18619.0,18619.0,20
2024-02-25,MNQH4,7101,17962.75,17988.5,17941.25,17982.5,13466
2024-02-25,MNQH4-MNQM4,27299,240.6,240.75,240.6,240.75,4
2024-02-25,MNQM4,10,18196.5,18227.25,18188.0,18225.25,145
2024-02-25,MNQU4,13941,18410.0,18419.5,18401.25,18415.75,10
2024-02-26,MNQH4,7101,17982.5,18059.75,17922.0,17963.0,1066193
2024-02-26,MNQH4-MNQM4,27299,241.3,242.4,237.9,239.65,255
2024-02-26,MNQM4,10,18218.25,18298.0,18162.0,18205.5,3655
2024-02-26,MNQU4,13941,18396.25,18509.75,18396.25,18421.25,159
2024-02-26,MNQZ4,42008411,18671.0,18700.0,18640.0,18640.0,7
2024-02-27,MNQH4,7101,17962.5,18040.5,17908.5,18005.0,1109837
2024-02-27,MNQH4-MNQM4,27299,238.5,240.95,237.9,240.25,181
2024-02-27,MNQH4-MNQU4,61129,451.0,451.0,451.0,451.0,2
2024-02-27,MNQH5,42003617,18850.0,18850.0,18850.0,18850.0,1
2024-02-27,MNQM4,10,18200.75,18278.0,18149.75,18248.25,5052
2024-02-27,MNQU4,13941,18410.0,18482.0,18371.5,18482.0,125
2024-02-27,MNQZ4,42008411,18570.0,18670.0,18570.0,18592.0,8
2024-02-28,MNQH4,7101,18004.75,18017.25,17846.25,17869.75,1152283
2024-02-28,MNQH4-MNQM4,27299,239.55,240.45,238.8,240.45,233
2024-02-28,MNQM4,10,18244.25,18255.75,18086.25,18109.0,13270
2024-02-28,MNQU4,13941,18462.75,18465.0,18300.0,18300.0,79
2024-02-28,MNQZ4,42008411,18623.0,18623.0,18515.0,18515.0,31
2024-02-29,MNQH4,7101,17869.75,18109.0,17826.25,18059.5,1273737
2024-02-29,MNQH4-MNQM4,27299,239.6,242.4,238.0,242.4,374
2024-02-29,MNQM4,10,18111.5,18350.25,18065.25,18303.25,20788
2024-02-29,MNQU4,13941,18357.5,18566.5,18298.75,18511.5,308
2024-03-01,MNQH4,7101,18060.0,18372.5,18030.25,18321.5,1235163
2024-03-01,MNQH4-MNQM4,27299,241.5,246.1,241.05,244.9,334
2024-03-01,MNQH5,42003617,19150.0,19150.0,19150.0,19150.0,1
2024-03-01,MNQM4,10,18303.25,18618.0,18272.5,18570.5,24205
2024-03-01,MNQU4,13941,18518.0,18831.25,18502.75,18795.75,390
2024-03-01,MNQZ4,42008411,18745.0,19000.0,18745.0,18982.0,10
2024-03-03,MNQH4,7101,18335.0,18365.75,18327.75,18343.5,23247
2024-03-03,MNQH4-MNQM4,27299,244.9,246.3,244.9,246.3,111
2024-03-03,MNQH5,42003617,19155.25,19155.25,19155.25,19155.25,1
2024-03-03,MNQM4,10,18557.75,18611.75,18557.75,18585.5,309
2024-03-03,MNQU4,13941,18793.5,18800.0,18792.0,18800.0,9
2024-03-04,MNQH4,7101,18344.0,18378.25,18217.5,18223.25,901814
2024-03-04,MNQH4-MNQM4,27299,246.1,248.3,245.85,247.5,353
2024-03-04,MNQH5,42003617,19200.25,19200.25,19157.5,19157.5,4
2024-03-04,MNQM4,10,18588.75,18624.75,18467.0,18471.0,18419
2024-03-04,MNQU4,13941,18788.5,18830.0,18689.0,18695.0,132
2024-03-04,MNQZ4,42008411,19000.0,19000.0,18891.75,18900.0,10
2024-03-05,MNQH4,7101,18223.25,18238.5,17832.5,17962.5,1398473
2024-03-05,MNQH4-MNQM4,27299,247.5,248.0,240.15,241.8,350
2024-03-05,MNQM4,10,18470.25,18485.0,18075.0,18203.25,40858
2024-03-05,MNQU4,13941,18693.0,18693.0,18296.0,18422.0,384
2024-03-05,MNQZ4,42008411,18795.0,18795.0,18520.0,18580.75,34
2024-03-06,MNQH4,7101,17962.25,18174.25,17942.5,18018.5,1547786
2024-03-06,MNQH4-MNQM4,27299,242.0,244.5,241.2,244.25,273
2024-03-06,MNQH4-MNQU4,61129,460.0,460.0,460.0,460.0,2
2024-03-06,MNQH5,42003617,19000.0,19000.0,19000.0,19000.0,2
2024-03-06,MNQM4,10,18200.0,18417.5,18185.0,18262.75,61252
2024-03-06,MNQU4,13941,18411.75,18630.0,18399.75,18485.0,542
2024-03-06,MNQZ4,42008411,18788.0,18788.0,18678.75,18678.75,9
2024-03-07,MNQH4,7101,18018.75,18360.0,17915.5,18266.25,1389270
2024-03-07,MNQH4-MNQM4,27299,244.0,250.35,243.35,250.1,459
2024-03-07,MNQM4,10,18262.5,18610.0,18160.75,18516.5,52568
2024-03-07,MNQU4,13941,18449.5,18828.0,18390.0,18732.5,503
2024-03-07,MNQZ4,42008411,18816.0,19020.0,18816.0,18898.0,16
2024-03-08,MNQH4,7101,18266.25,18436.25,18012.25,18055.25,1792166
2024-03-08,MNQH4-MNQM4,27299,250.55,255.45,247.35,249.75,1697
2024-03-08,MNQH5,42003617,19275.0,19275.0,19275.0,19275.0,1
2024-03-08,MNQM4,10,18516.5,18691.25,18260.5,18303.0,230664
2024-03-08,MNQU4,13941,18733.0,18904.0,18480.25,18514.25,626
2024-03-08,MNQZ4,42008411,18970.0,19000.0,18690.0,18753.0,16
2024-03-10,MNQH4,7101,18058.0,18060.25,17974.75,18042.75,38015
2024-03-10,MNQH4-MNQM4,27299,255.25,255.25,243.4,247.55,631
2024-03-10,MNQM4,10,18300.25,18308.5,18221.25,18290.5,25085
2024-03-10,MNQU4,13941,18500.0,18510.0,18446.0,18499.0,38
2024-03-10,MNQZ4,42008411,18658.0,18658.0,18633.75,18633.75,6
2024-03-11,MNQH4,7101,18042.25,18055.5,17890.0,18048.25,685102
2024-03-11,MNQH4-MNQM4,27299,247.8,255.25,242.5,245.95,8062
2024-03-11,MNQM4,10,18290.25,18304.0,18137.75,18294.0,819962
2024-03-11,MNQM4-MNQU4,59361,213.0,213.0,213.0,213.0,6
2024-03-11,MNQU4,13941,18498.5,18519.25,18358.0,18509.25,548
2024-03-11,MNQZ4,42008411,18726.0,18726.0,18566.0,18566.0,3
2024-03-12,MNQH4,7101,18047.75,18242.0,17929.75,18230.75,490940
2024-03-12,MNQH4-MNQM4,27299,245.95,249.75,242.65,248.25,4047
2024-03-12,MNQH4-MNQU4,61129,467.5,467.5,467.5,467.5,1
2024-03-12,MNQM4,10,18293.5,18491.0,18174.0,18478.5,1202022
2024-03-12,MNQM4-MNQU4,59361,218.0,218.0,218.0,218.0,3
2024-03-12,MNQU4,13941,18508.0,18711.75,18394.5,18705.25,614
2024-03-12,MNQZ4,42008411,18630.0,18900.0,18630.0,18900.0,17
2024-03-13,MNQH4,7101,18230.5,18257.0,18033.75,18122.0,278177
2024-03-13,MNQH4-MNQM4,27299,247.45,252.8,245.35,250.55,2739
2024-03-13,MNQM4,10,18478.5,18506.75,18281.5,18373.0,1261983
2024-03-13,MNQM4-MNQU4,59361,222.0,222.0,222.0,222.0,1
2024-03-13,MNQU4,13941,18699.75,18729.75,18504.25,18596.0,522
2024-03-13,MNQZ4,42008411,18890.0,18890.0,18890.0,18890.0,1
2024-03-14,MNQH4,7101,18122.75,18178.25,17915.25,17990.0,200523
2024-03-14,MNQH4-MNQM4,27299,250.45,251.75,245.0,247.55,2555
2024-03-14,MNQH4-MNQU4,61129,468.0,468.0,466.4,466.45,26
2024-03-14,MNQM4,10,18373.0,18428.25,18161.25,18238.5,1469741
2024-03-14,MNQM4-MNQU4,59361,224.0,226.75,224.0,226.75,3
2024-03-14,MNQU4,13941,18593.75,18639.0,18385.0,18456.0,819
2024-03-14,MNQZ4,42008411,18755.5,18755.5,18755.5,18755.5,1
2024-03-15,MNQH4,7101,17990.25,18075.0,17856.0,17883.0,27589
2024-03-15,MNQH4-MNQM4,27299,247.45,251.8,243.0,243.0,833
2024-03-15,MNQH4-MNQU4,61129,466.45,466.45,464.75,464.75,19
2024-03-15,MNQM4,10,18238.5,18323.0,18006.25,18063.5,1423878
2024-03-15,MNQM4-MNQU4,59361,219.0,220.6,217.5,220.5,74
2024-03-15,MNQU4,13941,18457.0,18541.5,18227.75,18283.75,2548
2024-03-15,MNQZ4,42008411,18524.0,18541.75,18470.0,18497.25,5
2024-03-17,MNQM4,10,18072.75,18103.5,18062.25,18079.0,27629
2024-03-17,MNQU4,13941,18291.0,18321.75,18285.0,18303.5,101
2024-03-18,MNQM4,10,18079.0,18380.75,18063.75,18191.5,1435618
2024-03-18,MNQM4-MNQU4,59361,219.5,223.8,216.4,222.4,210
2024-03-18,MNQU4,13941,18294.0,18600.0,18285.25,18413.5,2223
2024-03-18,MNQZ4,42008411,18800.0,18800.0,18800.0,18800.0,1
2024-03-19,MNQM4,10,18192.25,18289.5,18053.25,18268.5,1395984
2024-03-19,MNQM4-MNQU4,59361,221.35,224.3,219.55,223.5,211
2024-03-19,MNQU4,13941,18411.5,18513.0,18277.25,18504.0,2495
2024-03-19,MNQZ4,42008411,18600.0,18650.0,18600.0,18650.0,9
2024-03-20,MNQM4,10,18268.5,18589.25,18227.5,18578.75,1346603
2024-03-20,MNQM4-MNQU4,59361,224.3,224.3,222.0,223.2,90
2024-03-20,MNQM5,42009475,19400.0,19400.0,19400.0,19400.0,1
2024-03-20,MNQU4,13941,18490.0,18812.0,18458.5,18796.0,2740
2024-03-20,MNQZ4,42008411,18689.5,18955.25,18689.5,18955.25,41
2024-03-21,MNQM4,10,18578.75,18708.5,18552.25,18589.0,1403558
2024-03-21,MNQM4-MNQU4,59361,222.9,227.35,222.9,226.9,122
2024-03-21,MNQU4,13941,18794.25,18933.0,18779.5,18816.25,2598
2024-03-21,MNQZ4,42008411,18999.0,19100.0,18999.0,19000.0,30
2024-03-22,MNQM4,10,18588.75,18626.0,18492.75,18564.0,1191059
2024-03-22,MNQM4-MNQU4,59361,227.4,227.65,224.4,225.2,115
2024-03-22,MNQU4,13941,18815.75,18848.75,18721.0,18789.0,1635
2024-03-22,MNQZ4,42008411,19005.0,19030.0,18950.0,18950.0,8
2024-03-24,MNQM4,10,18566.75,18588.5,18552.5,18586.0,23763
2024-03-24,MNQM4-MNQU4,59361,225.5,225.5,225.5,225.5,3
2024-03-24,MNQU4,13941,18792.25,18812.25,18778.75,18810.25,125
2024-03-24,MNQZ4,42008411,18989.0,18990.0,18989.0,18990.0,2
2024-03-25,MNQM4,10,18586.0,18601.25,18415.0,18540.5,1064448
2024-03-25,MNQM4-MNQU4,59361,226.4,226.4,223.75,225.5,29
2024-03-25,MNQU4,13941,18816.5,18825.0,18643.25,18767.0,1527
2024-03-25,MNQZ4,42008411,18890.0,18965.25,18890.0,18965.25,4
2024-03-26,MNQM4,10,18540.25,18618.75,18439.25,18489.25,1074177
2024-03-26,MNQU4,13941,18770.0,18840.75,18665.0,18714.75,1486
2024-03-26,MNQZ4,42008411,19030.0,19030.0,18967.0,18967.0,7
2024-03-27,MNQH5,42003617,19090.0,19090.0,19090.0,19090.0,1
2024-03-27,MNQM4,10,18489.0,18572.25,18378.5,18480.25,1236034
2024-03-27,MNQM4-MNQU4,59361,225.6,225.8,225.3,225.3,37
2024-03-27,MNQU4,13941,18713.0,18791.0,18605.25,18704.0,1498
2024-03-27,MNQZ4,42008411,18930.0,18990.0,18830.0,18865.0,16
2024-03-28,MNQM4,10,18480.5,18539.25,18447.25,18465.25,1009571
2024-03-28,MNQM4-MNQU4,59361,227.7,229.0,227.7,229.0,34
2024-03-28,MNQU4,13941,18705.75,18765.75,18675.0,18689.5,1724
2024-03-28,MNQZ4,42008411,18936.25,18950.0,18893.0,18893.0,13
2024-03-31,MNQM4,10,18500.0,18611.75,18496.0,18608.5,43897
2024-03-31,MNQM4-MNQU4,59361,229.05,229.7,229.05,229.7,14
2024-03-31,MNQU4,13941,18745.5,18839.25,18745.5,18837.5,194
2024-03-31,MNQZ4,42008411,18931.25,18931.25,18931.25,18931.25,1
2024-04-01,MNQH5,42003617,19141.5,19141.5,19141.5,19141.5,1
2024-04-01,MNQM4,10,18608.5,18611.25,18414.5,18470.25,1191031
2024-04-01,MNQM4-MNQU4,59361,227.55,229.95,227.55,229.95,48
2024-04-01,MNQU4,13941,18836.25,18837.75,18645.0,18700.5,2081
2024-04-01,MNQZ4,42008411,19009.0,19029.25,18845.0,18943.0,42
2024-04-02,MNQM4,10,18470.25,18514.0,18201.0,18328.5,1189659
2024-04-02,MNQM4-MNQU4,59361,229.55,230.0,225.55,225.55,109
2024-04-02,MNQU4,13941,18696.25,18740.0,18428.5,18553.75,3022
2024-04-02,MNQZ4,42008411,18915.0,18930.0,18646.0,18749.5,107
2024-04-03,MNQM4,10,18328.5,18485.25,18232.75,18445.75,1293371
2024-04-03,MNQM4-MNQU4,59361,226.5,227.8,225.5,226.45,76
2024-04-03,MNQU4,13941,18553.75,18708.5,18460.0,18670.75,2826
2024-04-03,MNQZ4,42008411,18750.0,18907.0,18708.5,18907.0,80
2024-04-04,MNQH5,42003617,19141.5,19141.5,18850.5,18850.5,2
2024-04-04,MNQM4,10,18445.75,18568.25,18055.0,18091.5,1467765
2024-04-04,MNQM4-MNQU4,59361,227.3,227.7,222.5,224.2,66
2024-04-04,MNQM5,42009475,19100.0,19100.0,19100.0,19100.0,1
2024-04-04,MNQU4,13941,18667.75,18793.25,18279.75,18315.5,4108
2024-04-04,MNQZ4,42008411,18885.5,19000.0,18492.0,18539.75,110
2024-04-05,MNQM4,10,18091.5,18407.75,18043.5,18310.5,1727616
2024-04-05,MNQM4-MNQU4,59361,223.05,225.1,222.9,224.0,162
2024-04-05,MNQU4,13941,18311.0,18630.0,18278.5,18530.5,4632
2024-04-05,MNQZ4,42008411,18521.25,18800.0,18521.25,18772.5,79
2024-04-07,MNQM4,10,18346.5,18373.5,18305.0,18319.0,29533
2024-04-07,MNQU4,13941,18580.0,18587.5,18529.25,18543.75,127
2024-04-07,MNQZ4,42008411,18777.0,18777.0,18777.0,18777.0,1
2024-04-08,MNQM4,10,18319.25,18377.5,18237.75,18301.75,1317558
2024-04-08,MNQM4-MNQU4,59361,223.85,225.0,223.85,224.25,54
2024-04-08,MNQU4,13941,18539.5,18598.5,18461.25,18527.5,2038
2024-04-08,MNQZ4,42008411,18775.0,18775.0,18700.0,18720.0,5
2024-04-09,MNQH5,42003617,18851.25,18851.25,18851.25,18851.25,1
2024-04-09,MNQM4,10,18301.5,18407.5,18160.25,18368.0,1614826
2024-04-09,MNQM4-MNQU4,59361,225.95,225.95,224.6,225.25,83
2024-04-09,MNQU4,13941,18527.0,18630.0,18386.75,18595.0,2728
2024-04-09,MNQZ4,42008411,18720.0,18816.0,18670.0,18798.75,60
2024-04-10,MNQM4,10,18368.25,18470.0,18054.0,18158.5,1729210
2024-04-10,MNQM4-MNQU4,59361,224.35,229.05,223.7,228.65,54
2024-04-10,MNQU4,13941,18595.0,18689.0,18279.75,18384.25,4338
2024-04-10,MNQZ4,42008411,18803.25,18880.0,18500.0,18618.5,189
2024-04-11,MNQH5,42003617,18838.0,18838.0,18838.0,18838.0,1
2024-04-11,MNQM4,10,18159.0,18519.25,18085.0,18490.25,1551862
2024-04-11,MNQM4-MNQU4,59361,227.75,230.85,227.75,230.45,61
2024-04-11,MNQU4,13941,18390.0,18747.75,18315.75,18721.5,3159
2024-04-11,MNQZ4,42008411,18550.0,18950.5,18550.0,18935.25,107
2024-04-12,MNQH5,42003617,19116.5,19116.5,19116.5,19116.5,3
2024-04-12,MNQM4,10,18490.25,18507.75,18120.0,18171.5,1583047
2024-04-12,MNQM4-MNQU4,59361,230.95,231.15,226.5,226.5,50
2024-04-12,MNQU4,13941,18714.5,18738.0,18347.0,18403.5,3452
2024-04-12,MNQZ4,42008411,18935.25,18935.25,18573.75,18625.25,92
2024-04-14,MNQM4,10,18151.75,18255.0,18147.5,18237.75,58351
2024-04-14,MNQM4-MNQU4,59361,225.4,225.4,225.4,225.4,7
2024-04-14,MNQU4,13941,18372.5,18480.0,18372.5,18465.5,304
2024-04-14,MNQZ4,42008411,18613.25,18675.5,18613.25,18669.75,50
2024-04-15,MNQM4,10,18238.0,18351.0,17841.5,17870.5,1626844
2024-04-15,MNQM4-MNQU4,59361,229.0,229.5,226.45,226.45,72
2024-04-15,MNQU4,13941,18467.5,18577.25,18069.75,18096.75,4993
2024-04-15,MNQZ4,42008411,18669.75,18781.5,18298.0,18298.0,372
2024-04-16,MNQM4,10,17871.75,17988.0,17791.25,17935.75,1688897
2024-04-16,MNQM4-MNQU4,59361,225.9,225.9,225.4,225.5,55
2024-04-16,MNQU4,13941,18098.25,18211.0,18022.0,18165.5,4225
2024-04-16,MNQZ4,42008411,18320.0,18415.5,18272.75,18364.0,242
2024-04-17,MNQM4,10,17936.0,17968.25,17616.0,17686.25,1767590
2024-04-17,MNQM4-MNQU4,59361,227.8,229.9,223.7,224.6,153
2024-04-17,MNQM5,42009475,18550.0,18550.0,18550.0,18550.0,1
2024-04-17,MNQU4,13941,18152.5,18193.5,17844.0,17911.5,5514
2024-04-17,MNQZ4,42008411,18383.5,18394.5,18075.5,18120.5,817
2024-04-18,MNQM4,10,17686.0,17771.0,17474.0,17489.5,1616746
2024-04-18,MNQM4-MNQU4,59361,225.75,226.5,223.05,224.25,109
2024-04-18,MNQM5,42009475,18471.0,18480.0,18383.25,18383.25,7
2024-04-18,MNQU4,13941,17911.75,17992.25,17702.25,17714.75,5581
2024-04-18,MNQZ4,42008411,18138.25,18182.5,17917.5,17930.0,1208
2024-04-19,MNQH5,42003617,17864.0,17874.5,17864.0,17874.5,2
2024-04-19,MNQM4,10,17489.5,17552.5,17113.75,17180.0,2047558
2024-04-19,MNQM4-MNQU4,59361,224.85,225.15,215.85,216.95,300
2024-04-19,MNQM5,42009475,18191.0,18191.0,18001.0,18001.0,2
2024-04-19,MNQU4,13941,17708.25,17771.0,17333.0,17399.25,11163
2024-04-19,MNQZ4,42008411,17930.0,17965.75,17555.0,17605.0,1610
2024-04-21,MNQM4,10,17228.25,17273.0,17196.0,17270.0,33910
2024-04-21,MNQU4,13941,17415.75,17488.0,17412.75,17488.0,244
2024-04-21,MNQZ4,42008411,17697.0,17705.75,17639.5,17685.0,59
2024-04-22,MNQM4,10,17269.5,17448.0,17148.75,17322.5,1423719
2024-04-22,MNQM4-MNQU4,59361,217.9,220.55,216.05,219.3,155
2024-04-22,MNQM5,42009475,17852.75,17852.75,17852.75,17852.75,1
2024-04-22,MNQU4,13941,17487.5,17667.75,17370.0,17538.0,4003
2024-04-22,MNQZ4,42008411,17700.0,17883.5,17588.0,17750.0,297
2024-04-23,MNQH5,42003617,18099.25,18099.25,18099.25,18099.25,1
2024-04-23,MNQM4,10,17322.5,17717.5,17292.0,17700.0,1288575
2024-04-23,MNQM4-MNQU4,59361,219.1,221.65,219.1,221.6,52
2024-04-23,MNQU4,13941,17555.0,17937.5,17515.0,17922.75,2913
2024-04-23,MNQZ4,42008411,17746.0,18119.25,17722.0,18119.25,127
2024-04-24,MNQM4,10,17700.0,17795.75,17437.25,17462.25,1576996
2024-04-24,MNQM4-MNQU4,59361,221.75,222.95,220.6,221.1,139
2024-04-24,MNQU4,13941,17919.75,18016.25,17665.0,17683.0,3439
2024-04-24,MNQZ4,42008411,18146.25,18220.0,17890.0,17890.0,97
2024-04-25,MNQH5,42003617,18210.0,18210.0,18210.0,18210.0,1
2024-04-25,MNQM4,10,17463.5,17827.75,17308.0,17759.0,1731538
2024-04-25,MNQM4-MNQU4,59361,221.1,223.35,220.55,223.35,162
2024-04-25,MNQU4,13941,17688.0,18050.0,17530.0,17981.0,5829
2024-04-25,MNQZ4,42008411,17909.75,18260.0,17745.0,18188.75,170
2024-04-26,MNQH5,42003617,18400.0,18400.0,18400.0,18400.0,1
2024-04-26,MNQM4,10,17759.25,17901.25,17668.25,17837.0,1357564
2024-04-26,MNQM4-MNQU4,59361,223.45,223.65,220.75,222.0,94
2024-04-26,MNQM5,42009475,18550.0,18555.5,18550.0,18555.5,2
2024-04-26,MNQU4,13941,17971.5,18122.25,17895.0,18064.25,3175
2024-04-26,MNQZ4,42008411,18188.75,18325.75,18127.25,18311.25,79
2024-04-28,MNQM4,10,17864.5,17890.0,17852.5,17886.5,20108
2024-04-28,MNQU4,13941,18088.0,18111.0,18075.0,18106.75,88
2024-04-28,MNQZ4,42008411,18304.0,18308.5,18304.0,18308.5,3
2024-04-29,MNQM4,10,17886.5,17949.0,17791.25,17909.5,1130841
2024-04-29,MNQM4-MNQU4,59361,221.7,223.5,220.6,220.75,88
2024-04-29,MNQM5,42009475,18700.0,18700.0,18700.0,18700.0,1
2024-04-29,MNQU4,13941,18110.0,18168.0,18016.25,18132.0,2255
2024-04-29,MNQZ4,42008411,18324.25,18361.25,18258.25,18335.25,54
2024-04-30,MNQM4,10,17908.75,17921.0,17453.75,17507.5,1432547
2024-04-30,MNQM4-MNQU4,59361,221.25,221.55,218.95,219.75,72
2024-04-30,MNQU4,13941,18120.0,18140.5,17695.0,17723.25,3927
2024-04-30,MNQZ4,42008411,18335.0,18335.0,17904.25,17934.5,74
2024-05-01,MNQH5,42003617,18260.0,18260.0,18260.0,18260.0,1
2024-05-01,MNQM4,10,17507.75,17791.75,17399.0,17530.25,1607769
2024-05-01,MNQM4-MNQU4,59361,220.0,221.25,217.45,218.85,198
2024-05-01,MNQU4,13941,17733.0,18010.5,17619.5,17752.0,5004
2024-05-01,MNQZ4,42008411,17937.0,18218.5,17841.25,17940.0,292
2024-05-02,MNQM4,10,17530.0,17808.0,17386.0,17754.0,1479271
2024-05-02,MNQM4-MNQU4,59361,218.5,219.45,217.35,218.15,85
2024-05-02,MNQU4,13941,17750.5,18025.25,17606.0,17973.25,4072
2024-05-02,MNQZ4,42008411,17949.0,18215.0,17850.0,18175.0,420
2024-05-03,MNQM4,10,17754.25,18050.0,17719.0,18027.75,1136067
2024-05-03,MNQM4-MNQU4,59361,218.5,223.0,218.5,221.75,131
2024-05-03,MNQU4,13941,17968.75,18255.0,17940.5,18247.0,3342
2024-05-03,MNQZ4,42008411,18190.0,18471.0,18190.0,18471.0,71
2024-05-05,MNQM4,10,18046.75,18063.25,18000.5,18004.5,19736
2024-05-05,MNQM4-MNQU4,59361,224.0,224.0,223.3,223.3,10
2024-05-05,MNQU4,13941,18258.5,18280.25,18225.75,18225.75,94
2024-05-05,MNQZ4,42008411,18490.0,18490.0,18450.0,18450.0,14
2024-05-06,MNQH5,42003617,18725.0,18725.0,18725.0,18725.0,1
2024-05-06,MNQM4,10,18005.0,18201.75,17983.75,18184.0,877315
2024-05-06,MNQM4-MNQU4,59361,222.85,224.75,222.85,222.9,89
2024-05-06,MNQU4,13941,18229.75,18421.0,18207.25,18407.0,1995
2024-05-06,MNQZ4,42008411,18442.75,18630.0,18439.5,18607.0,44
2024-05-07,MNQM4,10,18184.0,18267.75,18150.75,18204.5,961252
2024-05-07,MNQM4-MNQU4,59361,225.0,225.75,223.4,223.4,33
2024-05-07,MNQU4,13941,18410.25,18492.0,18376.5,18430.0,1880
2024-05-07,MNQZ4,42008411,18614.5,18702.5,18607.0,18640.75,49
2024-05-08,MNQM4,10,18204.75,18242.25,18072.5,18162.0,969665
2024-05-08,MNQM4-MNQU4,59361,224.45,224.9,221.75,222.75,70
2024-05-08,MNQU4,13941,18435.0,18465.25,18297.5,18388.25,2324
2024-05-08,MNQZ4,42008411,18630.25,18656.0,18511.75,18600.0,62
2024-05-09,MNQM4,10,18161.75,18245.5,18104.25,18231.5,988655
2024-05-09,MNQM4-MNQU4,59361,224.3,224.5,222.85,224.25,117
2024-05-09,MNQU4,13941,18388.5,18465.75,18324.0,18458.5,2552
2024-05-09,MNQZ4,42008411,18565.0,18681.75,18541.5,18681.75,83
2024-05-10,MNQM4,10,18232.0,18348.0,18188.25,18239.75,1007969
2024-05-10,MNQM4-MNQU4,59361,224.5,226.7,223.75,224.55,89
2024-05-10,MNQM5,42009475,19140.0,19140.0,19140.0,19140.0,1
2024-05-10,MNQU4,13941,18454.25,18572.25,18418.0,18469.0,2584
2024-05-10,MNQZ4,42008411,18670.75,18784.5,18628.75,18710.0,88
2024-05-12,MNQM4,10,18237.5,18254.75,18229.0,18245.75,11003
2024-05-12,MNQU4,13941,18477.0,18478.0,18457.5,18475.5,64
2024-05-13,MNQM4,10,18245.75,18336.75,18234.75,18284.0,831264
2024-05-13,MNQM4-MNQU4,59361,226.7,226.85,225.25,226.6,96
2024-05-13,MNQU4,13941,18470.0,18560.0,18463.25,18512.75,1717
2024-05-13,MNQZ4,42008411,18690.0,18770.75,18689.75,18725.0,17
2024-05-14,MNQH5,42003617,19068.0,19068.0,19068.0,19068.0,10
2024-05-14,MNQM4,10,18284.0,18433.75,18167.5,18417.25,1096276
2024-05-14,MNQM4-MNQU4,59361,226.7,230.05,226.2,229.05,108
2024-05-14,MNQM5,42009475,19149.0,19149.0,19149.0,19149.0,1
2024-05-14,MNQU4,13941,18510.25,18660.0,18400.0,18645.0,3309
2024-05-14,MNQZ4,42008411,18650.0,18882.5,18600.0,18862.0,64
2024-05-15,MNQH5,42003617,19280.0,19280.0,19280.0,19280.0,10
2024-05-15,MNQM4,10,18417.0,18728.0,18392.75,18721.25,1147679
2024-05-15,MNQM4-MNQU4,59361,228.8,233.7,227.3,233.7,247
2024-05-15,MNQM4-MNQZ4,42035335,449.0,449.0,449.0,449.0,1
2024-05-15,MNQM5,42009475,19451.0,19451.0,19450.0,19450.0,2
2024-05-15,MNQU4,13941,18647.0,18961.5,18622.0,18955.25,5176
2024-05-15,MNQZ4,42008411,18867.0,19185.5,18843.0,19185.5,222
2024-05-16,MNQM4,10,18721.25,18760.75,18633.0,18651.5,1023080
2024-05-16,MNQM4-MNQU4,59361,232.65,234.7,232.65,233.65,180
2024-05-16,MNQU4,13941,18957.5,18993.5,18866.5,18883.75,3413
2024-05-16,MNQZ4,42008411,19180.0,19213.5,19086.0,19110.0,74
2024-05-17,MNQM4,10,18651.5,18686.5,18545.0,18634.0,904112
2024-05-17,MNQM4-MNQU4,59361,234.1,236.35,234.1,234.85,172
2024-05-17,MNQU4,13941,18885.0,18921.25,18777.5,18873.25,2372
2024-05-17,MNQZ4,42008411,19126.25,19140.0,19000.25,19080.0,35
2024-05-19,MNQM4,10,18633.75,18671.25,18631.5,18667.25,12406
2024-05-19,MNQM4-MNQU4,59361,235.3,235.3,235.3,235.3,29
2024-05-19,MNQU4,13941,18874.0,18904.5,18874.0,18904.5,137
2024-05-19,MNQZ4,42008411,19113.75,19125.0,19113.75,19125.0,2
2024-05-20,MNQH5,42003617,19455.0,19470.0,19450.0,19470.0,15
2024-05-20,MNQM4,10,18667.5,18794.5,18635.25,18752.0,809057
2024-05-20,MNQM4-MNQU4,59361,236.55,239.65,236.55,239.65,109
2024-05-20,MNQU4,13941,18895.75,19033.25,18873.75,18990.5,2911
2024-05-20,MNQZ4,42008411,19120.0,19250.0,19097.25,19236.75,70
2024-05-21,MNQM4,10,18752.0,18815.75,18678.0,18813.75,797147
2024-05-21,MNQM4-MNQU4,59361,239.65,242.35,239.0,242.35,109
2024-05-21,MNQM5,42009475,19430.0,19430.0,19430.0,19430.0,1
2024-05-21,MNQU4,13941,18989.25,19058.75,18919.5,19057.0,2505
2024-05-21,MNQZ4,42008411,19208.0,19274.5,19133.25,19274.5,68
2024-05-22,MNQH5,42003617,19490.0,19510.0,19480.0,19505.0,15
2024-05-22,MNQM4,10,18813.5,18892.0,18684.0,18875.0,1013169
2024-05-22,MNQM4-MNQU4,59361,241.65,243.9,239.4,241.05,183
2024-05-22,MNQM5,42009475,19609.0,19609.0,19609.0,19609.0,1
2024-05-22,MNQU4,13941,19054.0,19127.0,18930.0,19114.5,4734
2024-05-22,MNQZ4,42008411,19277.0,19340.0,19170.0,19340.0,217
2024-05-23,MNQH5,42003617,19350.0,19350.0,19350.0,19350.0,3
2024-05-23,MNQM4,10,18875.0,19022.5,18621.5,18701.25,1542987
2024-05-23,MNQM4-MNQU4,59361,240.35,247.0,239.95,240.5,355
2024-05-23,MNQM4-MNQZ4,42035335,482.45,484.45,482.45,484.45,5
2024-05-23,MNQM5,42009475,19706.0,19706.0,19619.5,19619.5,2
2024-05-23,MNQU4,13941,19114.25,19267.0,18862.25,18936.0,9148
2024-05-23,MNQU4-MNQZ4,42034319,240.0,240.0,240.0,240.0,1
2024-05-23,MNQZ4,42008411,19346.0,19500.0,19109.0,19185.75,334
2024-05-24,MNQM4,10,18700.25,18926.0,18683.0,18871.75,985836
2024-05-24,MNQM4-MNQU4,59361,239.85,243.5,238.85,243.1,254
2024-05-24,MNQU4,13941,18937.75,19167.5,18922.25,19116.0,5066
2024-05-24,MNQZ4,42008411,19203.5,19403.0,19200.0,19358.0,79
2024-05-26,MNQM4,10,18875.0,18886.75,18836.25,18836.5,15449
2024-05-26,MNQU4,13941,19117.75,19128.25,19078.5,19079.25,146
2024-05-26,MNQZ4,42008411,19359.75,19360.0,19358.0,19358.0,4
2024-05-27,MNQM4,10,18837.0,18957.25,18834.0,18908.25,169466
2024-05-27,MNQM4-MNQU4,59361,242.85,244.9,242.85,243.3,27
2024-05-27,MNQU4,13941,19080.0,19199.0,19077.5,19150.0,1151
2024-05-27,MNQZ4,42008411,19320.0,19432.25,19320.0,19391.0,46
2024-05-28,MNQM4,10,18907.5,18980.5,18819.5,18930.0,1065688
2024-05-28,MNQM4-MNQU4,59361,244.5,246.2,243.35,245.0,190
2024-05-28,MNQU4,13941,19149.75,19227.75,19064.75,19172.25,4175
2024-05-28,MNQU4-MNQZ4,42034319,240.5,241.0,240.5,241.0,2
2024-05-28,MNQZ4,42008411,19400.5,19456.75,19310.5,19433.5,89
2024-05-29,MNQM4,10,18929.5,18934.75,18704.0,18723.5,1126105
2024-05-29,MNQM4-MNQU4,59361,245.3,245.5,243.5,244.1,116
2024-05-29,MNQU4,13941,19173.0,19176.0,18950.0,18969.75,10080
2024-05-29,MNQZ4,42008411,19395.5,19405.25,19200.0,19208.5,115
2024-05-30,MNQH5,42003617,19360.0,19360.0,19360.0,19360.0,1
2024-05-30,MNQM4,10,18723.25,18787.0,18548.0,18559.0,1233093
2024-05-30,MNQM4-MNQU4,59361,245.15,245.15,240.95,242.25,245
2024-05-30,MNQU4,13941,18969.25,19039.0,18794.0,18800.0,9056
2024-05-30,MNQU4-MNQZ4,42034319,240.0,240.0,240.0,240.0,1
2024-05-30,MNQZ4,42008411,19200.0,19252.0,19035.0,19059.0,107
2024-05-31,MNQH5,42003617,19227.0,19227.0,19227.0,19227.0,1
2024-05-31,MNQM4,10,18558.5,18668.0,18241.25,18571.75,1598950
2024-05-31,MNQM4-MNQU4,59361,241.05,243.7,239.35,243.1,622
2024-05-31,MNQM4-MNQZ4,42035335,474.35,474.35,474.35,474.35,7
2024-05-31,MNQM5,42009475,19145.0,19299.0,19145.0,19299.0,2
2024-05-31,MNQU4,13941,18805.0,18911.5,18483.25,18815.0,9919
2024-05-31,MNQZ4,42008411,19030.0,19152.25,18727.0,19060.0,414
2024-06-02,MNQM4,10,18589.25,18599.0,18539.0,18592.0,30389
2024-06-02,MNQM4-MNQU4,59361,241.2,241.2,241.2,241.2,1
2024-06-02,MNQU4,13941,18835.0,18842.0,18781.0,18836.0,680
2024-06-02,MNQU4-MNQZ4,42034319,240.5,240.5,240.5,240.5,1
2024-06-02,MNQZ4,42008411,19081.75,19081.75,19019.5,19071.0,24
2024-06-03,MNQM4,10,18592.0,18755.5,18436.0,18650.5,1408107
2024-06-03,MNQM4-MNQU4,59361,242.85,244.0,240.25,241.05,393
2024-06-03,MNQM5,42009475,19344.75,19344.75,19344.75,19344.75,1
2024-06-03,MNQU4,13941,18836.0,18997.25,18676.25,18890.25,9712
2024-06-03,MNQZ4,42008411,19080.0,19209.0,18930.0,19139.0,233
2024-06-04,MNQH5,42003617,19227.0,19400.0,19227.0,19400.0,3
2024-06-04,MNQM4,10,18650.25,18753.25,18511.25,18737.75,1364655
2024-06-04,MNQM4-MNQU4,59361,241.0,244.6,240.0,244.35,278
2024-06-04,MNQM4-MNQZ4,42035335,472.75,472.75,472.75,472.75,2
2024-06-04,MNQU4,13941,18895.5,18997.0,18753.0,18981.75,25465
2024-06-04,MNQZ4,42008411,19135.75,19227.25,19000.0,19195.5,367
2024-06-05,MNQH5,42003617,19560.0,19782.0,19560.0,19782.0,6
2024-06-05,MNQM4,10,18737.75,19108.25,18703.0,19091.25,1125838
2024-06-05,MNQM4-MNQU4,59361,243.95,250.0,243.15,249.6,491
2024-06-05,MNQM5,42009475,19550.0,19800.0,19550.0,19800.0,4
2024-06-05,MNQU4,13941,18983.5,19356.25,18947.5,19340.25,26901
2024-06-05,MNQU4-MNQZ4,42034319,235.0,235.0,235.0,235.0,5
2024-06-05,MNQZ4,42008411,19204.5,19586.25,19199.75,19571.25,1034
2024-06-06,MNQH5,42003617,19780.5,19780.5,19780.5,19780.5,2
2024-06-06,MNQM4,10,19091.25,19124.25,19017.75,19075.0,1099999
2024-06-06,MNQM4-MNQU4,59361,249.55,253.4,249.0,251.35,389
2024-06-06,MNQM5,42009475,20000.0,20000.0,20000.0,20000.0,1
2024-06-06,MNQU4,13941,19338.5,19376.0,19269.0,19324.75,9771
2024-06-06,MNQZ4,42008411,19571.0,19596.75,19511.0,19550.75,594
2024-06-07,MNQH5,42003617,19781.0,19801.5,19781.0,19790.5,4
2024-06-07,MNQM4,10,19075.25,19155.25,18940.0,19031.0,1234180
2024-06-07,MNQM4-MNQU4,59361,251.85,254.35,251.2,252.05,1079
2024-06-07,MNQU4,13941,19328.0,19406.25,19192.25,19282.5,35887
2024-06-07,MNQZ4,42008411,19551.0,19643.0,19422.25,19501.25,842
2024-06-09,MNQM4,10,19026.25,19060.0,19008.75,19027.0,21540
2024-06-09,MNQM4-MNQU4,59361,251.8,251.8,250.9,251.45,25
2024-06-09,MNQU4,13941,19279.75,19310.0,19264.0,19280.0,515
2024-06-09,MNQZ4,42008411,19500.5,19533.25,19500.5,19517.0,7
2024-06-10,MNQH5,42003617,19746.0,19830.0,19746.0,19830.0,4
2024-06-10,MNQM4,10,19027.25,19129.75,18973.25,19084.75,1079243
2024-06-10,MNQM4-MNQU4,59361,251.5,254.0,251.5,253.3,396
2024-06-10,MNQM4-MNQZ4,42035335,486.0,486.0,486.0,486.0,4
2024-06-10,MNQM5,42009475,20000.0,20000.0,20000.0,20000.0,1
2024-06-10,MNQU4,13941,19285.0,19382.0,19227.0,19339.5,22476
2024-06-10,MNQZ4,42008411,19513.75,19611.0,19460.0,19586.5,482
2024-06-11,MNQH5,42003617,19819.0,19819.0,19819.0,19819.0,1
2024-06-11,MNQM4,10,19084.5,19269.75,18994.75,19256.75,1056892
2024-06-11,MNQM4-MNQU4,59361,253.55,255.65,253.1,255.65,408
2024-06-11,MNQM4-MNQZ4,42035335,490.9,500.0,490.9,500.0,5
2024-06-11,MNQU4,13941,19338.75,19524.25,19248.0,19512.5,28374
2024-06-11,MNQZ4,42008411,19577.0,19759.0,19485.0,19747.25,942
2024-06-12,MNQH5,42003617,20000.0,20261.0,19999.0,20260.5,27
2024-06-12,MNQM4,10,19256.5,19612.0,19238.0,19600.25,1242275
2024-06-12,MNQM4-MNQU4,59361,255.7,260.4,255.7,259.35,753
2024-06-12,MNQM4-MNQZ4,42035335,488.5,488.5,488.5,488.5,1
2024-06-12,MNQU4,13941,19513.0,19869.0,19494.75,19859.25,65408
2024-06-12,MNQZ4,42008411,19745.0,20113.75,19733.5,20103.75,1231
2024-06-13,MNQH5,42003617,20390.0,20390.0,20390.0,20390.0,1
2024-06-13,MNQM4,10,19600.25,19690.0,19500.0,19618.5,1255595
2024-06-13,MNQM4-MNQU4,59361,259.3,266.05,259.3,261.4,777
2024-06-13,MNQM5,42009475,20485.0,20485.0,20485.0,20485.0,2
2024-06-13,MNQU4,13941,19858.5,19951.0,19760.25,19879.5,78628
2024-06-13,MNQZ4,42008411,20106.25,20192.5,20016.0,20128.5,575
2024-06-14,MNQH5,42003617,20390.0,20390.0,20390.0,20390.0,1
2024-06-14,MNQM4,10,19618.75,19700.0,19501.5,19696.25,1252554
2024-06-14,MNQM4-MNQU4,59361,261.15,263.05,258.25,260.3,1535
2024-06-14,MNQM4-MNQZ4,42035335,506.65,507.3,505.5,505.5,8
2024-06-14,MNQM5,42009475,20620.0,20630.0,20600.0,20630.0,11
2024-06-14,MNQU4,13941,19880.5,19959.0,19762.75,19956.75,153154
2024-06-14,MNQZ4,42008411,20125.75,20204.0,20010.0,20203.75,1017
2024-06-16,MNQM4,10,19696.0,19725.5,19670.0,19711.5,14127
2024-06-16,MNQM4-MNQU4,59361,260.0,261.0,259.0,260.5,172
2024-06-16,MNQU4,13941,19954.75,19986.25,19930.0,19972.0,10747
2024-06-16,MNQZ4,42008411,20203.75,20228.0,20180.75,20217.0,237
2024-06-17,MNQH5,42003617,20575.0,20575.0,20575.0,20575.0,1
2024-06-17,MNQM4,10,19711.75,20001.0,19640.25,19932.75,485235
2024-06-17,MNQM4-MNQU4,59361,260.35,272.05,259.4,272.05,6806
2024-06-17,MNQM4-MNQZ4,42035335,516.05,516.05,515.9,515.9,5
2024-06-17,MNQM5,42009475,20700.0,20700.0,20700.0,20700.0,2
2024-06-17,MNQU4,13941,19972.25,20271.5,19904.0,20205.0,816382
2024-06-17,MNQU4-MNQZ4,42034319,249.95,250.75,249.95,250.75,11
2024-06-17,MNQZ4,42008411,20219.25,20514.75,20152.0,20453.5,1754
2024-06-18,MNQH5,42003617,20675.0,20675.0,20675.0,20675.0,3
2024-06-18,MNQM4,10,19933.0,19995.0,19851.75,19945.75,248762
2024-06-18,MNQM4-MNQU4,59361,271.45,277.95,270.0,277.95,5349
2024-06-18,MNQU4,13941,20204.5,20270.0,20127.0,20223.25,855326
2024-06-18,MNQU4-MNQZ4,42034319,244.55,250.0,243.5,250.0,15
2024-06-18,MNQZ4,42008411,20452.25,20530.0,20382.0,20470.0,761
2024-06-19,MNQM4,10,19946.0,19976.5,19931.5,19959.75,38576
2024-06-19,MNQM4-MNQU4,59361,277.65,278.35,274.4,276.1,863
2024-06-19,MNQU4,13941,20223.5,20252.25,20208.5,20236.0,149136
2024-06-19,MNQU4-MNQZ4,42034319,246.25,246.25,242.45,242.45,12
2024-06-19,MNQZ4,42008411,20465.25,20496.5,20456.25,20478.5,427
2024-06-20,MNQH5,42003617,20740.25,20740.25,20600.0,20600.0,3
2024-06-20,MNQM4,10,19959.75,20095.25,19693.75,19802.0,171853
2024-06-20,MNQM4-MNQU4,59361,276.1,280.0,264.6,269.0,3725
2024-06-20,MNQM5,42009475,20975.5,20975.5,20975.5,20975.5,1
2024-06-20,MNQU4,13941,20236.0,20371.5,19958.5,20069.5,1455732
2024-06-20,MNQU4-MNQZ4,42034319,242.75,254.55,242.45,254.55,121
2024-06-20,MNQZ4,42008411,20484.5,20614.75,20216.0,20324.0,2139
2024-06-21,MNQM4,10,19801.5,19821.25,19685.75,19770.0,16604
2024-06-21,MNQM4-MNQU4,59361,269.0,269.45,259.3,266.0,327
2024-06-21,MNQM4-MNQZ4,42035335,510.5,510.5,510.5,510.5,2
2024-06-21,MNQU4,13941,20069.25,20085.5,19914.0,20009.0,1192505
2024-06-21,MNQU4-MNQZ4,42034319,252.95,254.5,250.05,253.55,72
2024-06-21,MNQZ4,42008411,20318.25,20336.5,20170.25,20261.5,2488
2024-06-23,MNQU4,13941,20014.25,20030.0,20002.5,20008.25,16336
2024-06-23,MNQZ4,42008411,20270.0,20283.25,20254.5,20266.0,49
2024-06-24,MNQH5,42003617,20474.0,20474.0,20288.0,20288.0,7
2024-06-24,MNQU4,13941,20008.5,20030.0,19728.0,19771.75,1434320
2024-06-24,MNQU4-MNQZ4,42034319,253.5,253.85,252.45,252.6,86
2024-06-24,MNQZ4,42008411,20260.0,20282.0,19982.0,20021.25,4826
2024-06-25,MNQH5,42003617,20242.0,20300.0,20242.0,20300.0,3
2024-06-25,MNQM5,42009475,20500.0,20500.0,20500.0,20500.0,1
2024-06-25,MNQU4,13941,19771.5,19988.75,19725.25,19965.75,1215629
2024-06-25,MNQU4-MNQZ4,42034319,251.35,252.05,250.65,252.0,85
2024-06-25,MNQZ4,42008411,20025.0,20239.75,19977.0,20218.5,2599
2024-06-26,MNQU4,13941,19966.75,20070.5,19901.0,19918.75,1299178
2024-06-26,MNQU4-MNQZ4,42034319,252.0,252.85,251.6,251.6,37
2024-06-26,MNQZ4,42008411,20219.5,20322.5,20157.5,20171.75,2965
2024-06-27,MNQU4,13941,19918.5,20116.5,19873.5,20095.5,1302614
2024-06-27,MNQU4-MNQZ4,42034319,252.0,252.6,251.45,251.95,28
2024-06-27,MNQZ4,42008411,20167.0,20368.0,20127.25,20345.5,2395
2024-06-28,MNQH5,42003617,20606.0,20606.0,20429.0,20429.0,4
2024-06-28,MNQU4,13941,20095.75,20273.25,19906.0,19967.0,1536268
2024-06-28,MNQU4-MNQZ4,42034319,252.3,254.7,251.5,251.5,128
2024-06-28,MNQZ4,42008411,20348.0,20528.25,20166.5,20219.25,4654
2024-06-30,MNQU4,13941,19971.25,19985.0,19934.25,19946.0,34607
2024-06-30,MNQU4-MNQZ4,42034319,252.85,252.85,252.85,252.85,1
2024-06-30,MNQZ4,42008411,20213.25,20237.0,20190.0,20205.75,141
2024-07-01,MNQH5,42003617,20428.75,20550.25,20419.0,20550.25,6
2024-07-01,MNQU4,13941,19946.0,20074.0,19811.5,20019.0,1479056
2024-07-01,MNQU4-MNQZ4,42034319,252.9,253.05,252.25,252.25,82
2024-07-01,MNQZ4,42008411,20192.0,20326.0,20065.0,20269.75,3074
2024-07-02,MNQH5,42003617,20579.0,20750.0,20579.0,20749.0,6
2024-07-02,MNQU4,13941,20019.5,20259.5,19909.75,20237.75,1383904
2024-07-02,MNQU4-MNQZ4,42034319,251.85,255.0,250.6,255.0,44
2024-07-02,MNQZ4,42008411,20278.0,20512.75,20164.0,20492.75,3300
2024-07-03,MNQH5,42003617,20749.0,20879.5,20749.0,20879.5,4
2024-07-03,MNQU4,13941,20237.75,20435.5,20205.0,20402.25,861065
2024-07-03,MNQU4-MNQZ4,42034319,254.6,254.95,253.45,254.95,42
2024-07-03,MNQU5,42003472,21370.0,21370.0,21370.0,21370.0,1
2024-07-03,MNQZ4,42008411,20492.5,20689.75,20460.5,20666.0,3363
2024-07-04,MNQH5,42003617,20880.25,20880.25,20880.0,20880.0,4
2024-07-04,MNQU4,13941,20402.25,20417.5,20361.0,20390.5,131300
2024-07-04,MNQU4-MNQZ4,42034319,253.85,253.85,252.5,252.5,9
2024-07-04,MNQZ4,42008411,20659.5,20670.25,20618.0,20649.75,764
2024-07-05,MNQH5,42003617,20947.25,21156.75,20947.25,21096.0,32
2024-07-05,MNQU4,13941,20390.75,20639.75,20380.75,20590.25,1106548
2024-07-05,MNQU4-MNQZ4,42034319,254.85,255.1,252.75,255.1,98
2024-07-05,MNQZ4,42008411,20649.0,20895.75,20646.5,20849.0,4551
2024-07-07,MNQU4,13941,20591.0,20618.25,20581.25,20590.5,21209
2024-07-07,MNQZ4,42008411,20851.25,20871.5,20843.75,20847.25,122
2024-07-08,MNQH5,42003617,21148.0,21152.25,21106.0,21152.25,8
2024-07-08,MNQU4,13941,20590.5,20740.0,20579.25,20738.25,1071071
2024-07-08,MNQU4-MNQZ4,42034319,255.65,256.1,255.05,255.45,44
2024-07-08,MNQZ4,42008411,20850.0,20995.0,20834.0,20995.0,3115
2024-07-09,MNQH5,42003617,21200.0,21241.75,21150.0,21150.0,15
2024-07-09,MNQU4,13941,20738.0,20771.75,20616.0,20697.5,1214506
2024-07-09,MNQU4-MNQZ4,42034319,256.05,257.25,256.05,256.75,42
2024-07-09,MNQZ4,42008411,20996.0,21025.0,20873.25,20953.5,2813
2024-07-10,MNQH5,42003617,21223.0,21400.25,21206.0,21370.75,19
2024-07-10,MNQU4,13941,20697.25,20917.5,20696.0,20881.25,1065360
2024-07-10,MNQU4-MNQZ4,42034319,257.1,260.65,257.1,259.5,31
2024-07-10,MNQZ4,42008411,20955.5,21175.0,20955.5,21140.0,4018
2024-07-11,MNQH5,42003617,21368.0,21388.0,20919.25,20926.0,43
2024-07-11,MNQU4,13941,20881.25,20983.5,20376.25,20414.5,1808345
2024-07-11,MNQU4-MNQZ4,42034319,259.9,259.9,252.05,252.05,111
2024-07-11,MNQZ4,42008411,21140.25,21245.0,20631.25,20671.75,5342
2024-07-12,MNQH5,42003617,20895.75,21168.25,20895.75,21030.0,24
2024-07-12,MNQM5,42009475,21410.5,21410.5,21410.5,21410.5,1
2024-07-12,MNQU4,13941,20415.0,20741.0,20332.25,20539.75,1386003
2024-07-12,MNQU4-MNQZ4,42034319,253.55,254.9,253.4,254.0,34
2024-07-12,MNQZ4,42008411,20665.0,20996.25,20550.0,20795.25,3906
2024-07-14,MNQU4,13941,20578.75,20592.25,20506.25,20560.0,34322
2024-07-14,MNQZ4,42008411,20807.75,20824.0,20765.25,20814.25,102
2024-07-15,MNQH5,42003617,21128.25,21195.5,21033.0,21033.0,20
2024-07-15,MNQU4,13941,20560.0,20796.5,20506.25,20631.75,1450767
2024-07-15,MNQU4-MNQZ4,42034319,254.4,255.3,252.2,252.75,26
2024-07-15,MNQZ4,42008411,20813.0,21049.75,20760.0,20883.5,3572
2024-07-16,MNQH5,42003617,21032.0,21093.0,21011.75,21093.0,10
2024-07-16,MNQU4,13941,20632.0,20684.0,20464.0,20565.25,1429056
2024-07-16,MNQU4-MNQZ4,42034319,253.35,254.05,252.95,253.95,113
2024-07-16,MNQZ4,42008411,20883.25,20936.0,20720.0,20820.0,4509
2024-07-17,MNQH5,42003617,21000.0,21000.0,20499.0,20548.75,118
2024-07-17,MNQU4,13941,20565.25,20579.25,19965.75,20058.5,1786083
2024-07-17,MNQU4-MNQZ4,42034319,252.25,252.25,251.0,251.8,117
2024-07-17,MNQZ4,42008411,20817.75,20831.5,20214.5,20310.5,7910
2024-07-18,MNQH5,42003617,20588.0,20640.0,20300.0,20452.5,106
2024-07-18,MNQM5,42009475,20502.25,20502.25,20502.25,20502.25,1
2024-07-18,MNQU4,13941,20057.5,20162.75,19758.75,19945.75,1992438
2024-07-18,MNQU4-MNQZ4,42034319,252.5,252.5,247.8,247.8,50
2024-07-18,MNQZ4,42008411,20312.25,20414.25,20008.0,20205.75,6439
2024-07-19,MNQH5,42003617,20383.75,20385.0,20170.0,20170.25,65
2024-07-19,MNQM5,42009475,20505.5,20505.5,20505.5,20505.5,1
2024-07-19,MNQU4,13941,19945.75,19979.5,19654.0,19701.5,1781877
2024-07-19,MNQU4-MNQZ4,42034319,248.5,248.5,245.1,245.55,44
2024-07-19,MNQZ4,42008411,20190.0,20227.25,19900.75,19941.75,4873
2024-07-21,MNQH5,42003617,20310.0,20320.0,20310.0,20320.0,14
2024-07-21,MNQU4,13941,19747.75,19841.25,19727.0,19816.75,48485
2024-07-21,MNQU4-MNQZ4,42034319,245.95,245.95,245.95,245.95,7
2024-07-21,MNQZ4,42008411,19981.5,20085.5,19978.5,20057.5,359
2024-07-22,MNQH5,42003617,20250.0,20530.0,20249.0,20466.0,48
2024-07-22,MNQM5,42009475,20620.0,20620.0,20620.0,20620.0,1
2024-07-22,MNQU4,13941,19816.75,20044.25,19718.75,19954.5,1666430
2024-07-22,MNQU4-MNQZ4,42034319,246.95,250.0,245.6,249.75,162
2024-07-22,MNQZ4,42008411,20068.5,20292.5,19970.0,20207.25,4557
2024-07-23,MNQH5,42003617,20438.25,20566.0,20305.0,20305.0,63
2024-07-23,MNQU4,13941,19955.0,20085.0,19786.0,19792.5,1582832
2024-07-23,MNQU4-MNQZ4,42034319,250.2,252.1,249.65,252.1,52
2024-07-23,MNQZ4,42008411,20203.0,20333.5,20038.0,20043.0,3612
2024-07-24,MNQH5,42003617,20332.0,20332.0,19670.0,19765.25,157
2024-07-24,MNQM5,42009475,20400.0,20400.0,19900.0,19900.0,3
2024-07-24,MNQU4,13941,19793.0,19838.0,19166.5,19271.25,1793218
2024-07-24,MNQU4-MNQZ4,42034319,249.45,249.45,239.6,239.6,111
2024-07-24,MNQZ4,42008411,20044.5,20088.0,19408.0,19513.0,7020
2024-07-25,MNQH5,42003617,19759.0,19847.5,19354.5,19500.75,220
2024-07-25,MNQM5,42009475,19770.0,19800.5,19700.0,19800.5,3
2024-07-25,MNQU4,13941,19271.0,19390.5,18883.5,19023.5,2462465
2024-07-25,MNQU4-MNQZ4,42034319,240.25,243.85,233.75,242.15,165
2024-07-25,MNQZ4,42008411,19506.0,19634.25,19119.75,19265.25,7347
2024-07-26,MNQH5,42003617,19522.5,19758.0,19522.5,19658.0,120
2024-07-26,MNQM5,42009475,19750.0,19750.0,19750.0,19750.0,1
2024-07-26,MNQU4,13941,19023.5,19299.0,19018.25,19175.75,1795493
2024-07-26,MNQU4-MNQZ4,42034319,241.5,243.25,240.65,242.0,99
2024-07-26,MNQZ4,42008411,19270.0,19538.5,19270.0,19417.75,5016
2024-07-28,MNQH5,42003617,19674.25,19708.0,19674.25,19695.0,6
2024-07-28,MNQU4,13941,19172.75,19253.75,19168.0,19241.5,29997
2024-07-28,MNQU5,42003472,20190.0,20190.0,20190.0,20190.0,1
2024-07-28,MNQZ4,42008411,19415.5,19495.0,19415.5,19486.75,132
2024-07-29,MNQH5,42003617,19745.0,19850.0,19600.0,19650.0,84
2024-07-29,MNQM5,42009475,19970.0,19970.0,19869.75,19869.75,4
2024-07-29,MNQU4,13941,19242.0,19377.25,19113.0,19133.0,1725706
2024-07-29,MNQU4-MNQZ4,42034319,243.4,243.6,240.85,241.2,58
2024-07-29,MNQZ4,42008411,19485.75,19620.0,19355.5,19369.5,4194
2024-07-30,MNQH5,42003617,19636.0,19784.0,19208.0,19480.0,275
2024-07-30,MNQM5,42009475,19850.0,19850.0,19500.0,19500.0,3
2024-07-30,MNQU4,13941,19132.75,19319.25,18726.75,19060.75,2014946
2024-07-30,MNQU4-MNQZ4,42034319,240.9,241.75,234.5,237.55,111
2024-07-30,MNQZ4,42008411,19380.5,19560.0,18964.0,19299.25,6764
2024-07-31,MNQH5,42003617,19512.25,20167.75,19512.25,20149.0,302
2024-07-31,MNQM5,42009475,20100.0,20100.0,20100.0,20100.0,1
2024-07-31,MNQU4,13941,19060.5,19686.75,19014.25,19674.25,1841268
2024-07-31,MNQU4-MNQZ4,42034319,237.95,243.7,237.95,239.0,146
2024-07-31,MNQZ4,42008411,19297.5,19928.75,19254.0,19915.75,8665
2024-08-01,MNQH5,42003617,20119.5,20174.75,19320.0,19394.25,233
2024-08-01,MNQU4,13941,19674.5,19716.75,18841.25,18913.5,2304027
2024-08-01,MNQU4-MNQH5,42019395,470.65,470.65,470.65,470.65,1
2024-08-01,MNQU4-MNQZ4,42034319,243.4,243.5,231.2,231.2,80
2024-08-01,MNQZ4,42008411,19915.25,19955.0,19084.25,19145.25,10606
2024-08-02,MNQH5,42003617,19363.75,19363.75,18854.75,19005.0,392
2024-08-02,MNQM5,42009475,19100.0,19127.25,19100.0,19127.25,2
2024-08-02,MNQU4,13941,18914.0,18934.25,18385.75,18509.75,2332848
2024-08-02,MNQU4-MNQZ4,42034319,231.2,231.25,212.8,214.0,180
2024-08-02,MNQZ4,42008411,19135.25,19163.0,18604.0,18721.75,7636
2024-08-04,MNQH5,42003617,18714.25,18785.0,18659.75,18659.75,20
2024-08-04,MNQU4,13941,18391.75,18394.0,18214.25,18264.5,105869
2024-08-04,MNQU4-MNQZ4,42034319,212.55,212.55,209.05,209.05,85
2024-08-04,MNQU5,42003472,19130.0,19130.0,19130.0,19130.0,1
2024-08-04,MNQZ4,42008411,18635.25,18635.25,18428.5,18467.25,1004
2024-08-05,MNQH5,42003617,18650.0,18682.25,17859.75,18663.75,492
2024-08-05,MNQM5,42009475,18800.0,18800.0,18193.75,18650.0,11
2024-08-05,MNQU4,13941,18263.25,18289.25,17346.0,18286.0,3357554
2024-08-05,MNQU4-MNQZ4,42034319,209.5,209.5,182.55,201.05,427
2024-08-05,MNQU5,42003472,18501.0,18501.0,18501.0,18501.0,1
2024-08-05,MNQZ4,42008411,18464.0,18490.0,17550.0,18490.0,12345
2024-08-06,MNQH5,42003617,18682.25,18874.25,18431.0,18463.0,124
2024-08-06,MNQM5,42009475,19000.0,19000.0,19000.0,19000.0,2
2024-08-06,MNQU4,13941,18287.25,18483.0,17961.25,18057.0,2077756
2024-08-06,MNQU4-MNQZ4,42034319,209.15,216.15,206.75,211.8,143
2024-08-06,MNQZ4,42008411,18490.0,18695.0,18176.0,18264.5,6828
2024-08-07,MNQH5,42003617,18520.0,18951.25,18209.0,18209.0,103
2024-08-07,MNQM5,42009475,19100.0,19100.0,19100.0,19100.0,1
2024-08-07,MNQU4,13941,18056.75,18558.5,17745.0,17845.0,2156629
2024-08-07,MNQU4-MNQZ4,42034319,212.2,216.25,204.65,204.65,137
2024-08-07,MNQZ4,42008411,18269.75,18770.0,17938.0,18054.25,7701
2024-08-08,MNQH5,42003617,18293.5,19018.0,18281.25,18972.5,311
2024-08-08,MNQM5,42009475,18500.0,18800.0,18500.0,18800.0,5
2024-08-08,MNQU4,13941,17846.5,18617.25,17825.25,18602.0,1810713
2024-08-08,MNQU4-MNQZ4,42034319,204.7,216.45,201.35,216.45,224
2024-08-08,MNQZ4,42008411,18040.0,18832.0,18032.75,18817.25,7055
2024-08-09,MNQH5,42003617,18973.0,19100.0,18825.0,19045.5,37
2024-08-09,MNQM5,42009475,19200.0,19200.0,19200.0,19200.0,1
2024-08-09,MNQU4,13941,18601.25,18674.75,18383.0,18602.75,1563887
2024-08-09,MNQU4-MNQZ4,42034319,216.55,218.85,214.35,216.25,106
2024-08-09,MNQU5,42003472,19200.0,19200.0,19200.0,19200.0,1
2024-08-09,MNQZ4,42008411,18810.0,18890.0,18606.0,18806.75,5214
2024-08-11,MNQH5,42003617,19034.75,19065.0,19034.75,19065.0,5
2024-08-11,MNQU4,13941,18591.75,18658.5,18514.5,18628.0,61403
2024-08-11,MNQU4-MNQZ4,42034319,217.35,217.35,215.95,215.95,11
2024-08-11,MNQZ4,42008411,18828.25,18879.75,18739.5,18847.0,349
2024-08-12,MNQH5,42003617,19074.75,19182.25,18997.5,19030.0,30
2024-08-12,MNQU4,13941,18628.25,18765.5,18524.0,18654.75,1434620
2024-08-12,MNQU4-MNQZ4,42034319,217.05,219.1,216.15,218.15,136
2024-08-12,MNQZ4,42008411,18822.5,18981.75,18745.0,18860.0,3200
2024-08-13,MNQH5,42003617,19124.0,19552.75,19100.0,19519.0,160
2024-08-13,MNQM5,42009475,19500.0,19650.0,19500.0,19650.0,4
2024-08-13,MNQU4,13941,18654.5,19124.75,18636.75,19116.75,1204489
2024-08-13,MNQU4-MNQZ4,42034319,218.45,221.95,218.45,221.95,96
2024-08-13,MNQU5,42003472,19750.0,19750.0,19750.0,19750.0,1
2024-08-13,MNQZ4,42008411,18868.25,19344.75,18861.25,19343.0,5479
2024-08-14,MNQH5,42003617,19545.0,19583.25,19365.0,19524.0,58
2024-08-14,MNQM5,42009475,19650.0,19650.0,19645.0,19645.0,4
2024-08-14,MNQU4,13941,19117.0,19203.75,18925.5,19107.0,1402368
2024-08-14,MNQU4-MNQZ4,42034319,220.4,224.65,220.4,222.35,97
2024-08-14,MNQZ4,42008411,19335.0,19425.0,19150.0,19334.25,5154
2024-08-15,MNQH5,42003617,19555.75,20051.0,19524.75,20051.0,280
2024-08-15,MNQM5,42009475,20000.0,20200.0,20000.0,20200.0,3
2024-08-15,MNQU4,13941,19106.75,19640.75,19104.5,19614.0,1198651
2024-08-15,MNQU4-MNQZ4,42034319,222.0,234.5,218.4,234.5,180
2024-08-15,MNQZ4,42008411,19332.0,19871.0,19330.0,19842.0,7611
2024-08-16,MNQH5,42003617,20048.0,20087.25,19898.0,20040.0,80
2024-08-16,MNQU4,13941,19614.0,19683.0,19445.25,19604.5,1106810
2024-08-16,MNQU4-MNQZ4,42034319,232.45,233.7,230.95,232.5,56
2024-08-16,MNQZ4,42008411,19846.25,19912.75,19680.0,19841.5,4851
2024-08-18,MNQU4,13941,19628.25,19674.25,19613.75,19648.5,36020
2024-08-18,MNQZ4,42008411,19867.5,19905.0,19857.25,19873.5,361
2024-08-19,MNQH5,42003617,20033.25,20300.0,19965.5,20299.5,67
2024-08-19,MNQM5,42009475,20350.0,20415.0,20350.0,20415.0,2
2024-08-19,MNQU4,13941,19648.75,19880.5,19525.0,19861.0,1082663
2024-08-19,MNQU4-MNQZ4,42034319,232.0,238.5,232.0,238.5,106
2024-08-19,MNQU5,42003472,20470.0,20675.0,20470.0,20675.0,2
2024-08-19,MNQZ4,42008411,19883.75,20116.5,19761.75,20096.5,6067
2024-08-20,MNQH5,42003617,20310.0,20362.0,20166.5,20224.25,64
2024-08-20,MNQM5,42009475,20495.0,20495.0,20424.0,20424.0,2
2024-08-20,MNQU4,13941,19860.75,19930.75,19743.0,19790.0,1144526
2024-08-20,MNQU4-MNQZ4,42034319,236.85,237.25,236.45,236.6,35
2024-08-20,MNQZ4,42008411,20100.0,20164.25,19979.25,20023.25,5633
2024-08-21,MNQH5,42003617,20235.0,20403.25,20214.25,20325.25,20
2024-08-21,MNQU4,13941,19790.0,19982.0,19771.25,19936.5,1253636
2024-08-21,MNQU4-MNQZ4,42034319,235.15,236.65,234.45,235.45,141
2024-08-21,MNQZ4,42008411,20035.75,20218.0,20008.0,20178.0,10105
2024-08-22,MNQH5,42003617,20348.25,20450.0,19979.5,20067.0,164
2024-08-22,MNQM5,42009475,20584.5,20662.5,20400.0,20400.0,5
2024-08-22,MNQU4,13941,19936.25,20025.75,19542.0,19638.75,1526853
2024-08-22,MNQU4-MNQZ4,42034319,237.65,237.75,233.1,234.45,68
2024-08-22,MNQZ4,42008411,20170.0,20262.25,19775.0,19870.0,9098
2024-08-23,MNQH5,42003617,20069.0,20320.0,20048.25,20198.0,190
2024-08-23,MNQU4,13941,19638.75,19903.25,19592.0,19777.75,1371734
2024-08-23,MNQU4-MNQZ4,42034319,233.9,236.6,232.9,234.1,137
2024-08-23,MNQZ4,42008411,19875.0,20140.0,19830.0,20014.75,7295
2024-08-25,MNQH5,42003617,20220.25,20258.75,20220.25,20258.75,5
2024-08-25,MNQU4,13941,19788.0,19831.25,19716.25,19763.0,41736
2024-08-25,MNQU4-MNQZ4,42034319,234.1,235.0,234.1,234.25,32
2024-08-25,MNQZ4,42008411,20020.0,20060.25,19955.0,19997.0,603
2024-08-26,MNQH5,42003617,20258.75,20268.75,19958.5,19996.25,119
2024-08-26,MNQM5,42009475,20220.0,20220.0,20220.0,20220.0,1
2024-08-26,MNQU4,13941,19763.25,19846.25,19506.5,19571.25,1239476
2024-08-26,MNQU4-MNQZ4,42034319,233.55,234.45,232.55,232.55,116
2024-08-26,MNQZ4,42008411,19998.0,20079.25,19740.0,19808.0,8417
2024-08-27,MNQH5,42003617,20018.75,20133.0,19889.25,20063.25,42
2024-08-27,MNQU4,13941,19571.25,19694.5,19441.75,19587.0,1166174
2024-08-27,MNQU4-MNQZ4,42034319,234.35,234.95,232.55,234.5,41
2024-08-27,MNQZ4,42008411,19803.0,19926.0,19676.25,19821.25,6474
2024-08-28,MNQH5,42003617,20047.0,20103.5,19587.5,19619.0,137
2024-08-28,MNQU4,13941,19587.75,19690.0,19139.0,19192.75,1430519
2024-08-28,MNQU4-MNQZ4,42034319,234.5,235.3,229.35,229.7,167
2024-08-28,MNQU5,42003472,20050.0,20050.0,20050.0,20050.0,1
2024-08-28,MNQZ4,42008411,19824.5,19924.75,19370.0,19424.75,8112
2024-08-29,MNQH5,42003617,19620.75,20118.25,19620.75,19863.0,120
2024-08-29,MNQM5,42009475,20105.0,20105.0,20105.0,20105.0,1
2024-08-29,MNQU4,13941,19193.25,19692.0,19191.0,19430.0,1653321
2024-08-29,MNQU4-MNQZ4,42034319,229.7,236.5,229.7,233.4,147
2024-08-29,MNQU5,42003472,20130.0,20130.0,20130.0,20130.0,1
2024-08-29,MNQZ4,42008411,19429.75,19927.0,19424.5,19662.0,15390
2024-08-30,MNQH5,42003617,19929.5,20078.0,19821.25,20031.0,55
2024-08-30,MNQU4,13941,19430.5,19633.0,19370.0,19594.0,1301060
2024-08-30,MNQU4-MNQZ4,42034319,234.2,236.65,233.3,236.45,80
2024-08-30,MNQZ4,42008411,19657.5,19868.0,19601.75,19826.5,6497
2024-09-01,MNQH5,42003617,20024.25,20024.25,20010.0,20010.0,2
2024-09-01,MNQU4,13941,19600.0,19626.25,19569.0,19586.0,18762
2024-09-01,MNQU4-MNQZ4,42034319,236.0,236.1,236.0,236.1,37
2024-09-01,MNQZ4,42008411,19842.5,19860.0,19803.0,19821.5,211
2024-09-02,MNQH5,42003617,20004.75,20100.25,19996.25,20007.25,16
2024-09-02,MNQU4,13941,19586.5,19683.0,19511.5,19580.5,305867
2024-09-02,MNQU4-MNQZ4,42034319,235.8,236.8,235.7,236.45,39
2024-09-02,MNQZ4,42008411,19821.5,19922.75,19750.0,19815.5,2419
2024-09-03,MNQH5,42003617,20027.75,20089.0,19372.75,19380.0,273
2024-09-03,MNQU4,13941,19580.75,19644.75,18911.0,18957.5,1497840
2024-09-03,MNQU4-MNQZ4,42034319,236.45,237.2,226.7,226.7,238
2024-09-03,MNQU5,42003472,19933.0,19933.0,19882.0,19882.0,2
2024-09-03,MNQZ4,42008411,19817.75,19881.0,19144.75,19184.75,14517
2024-09-04,MNQH5,42003617,19401.25,19530.0,19245.5,19340.0,162
2024-09-04,MNQU4,13941,18958.0,19115.0,18824.25,18932.75,1490936
2024-09-04,MNQU4-MNQH5,42019395,426.25,426.25,419.05,419.05,7
2024-09-04,MNQU4-MNQZ4,42034319,227.8,227.8,224.9,226.05,138
2024-09-04,MNQU5,42003472,19641.25,19641.25,19641.25,19641.25,1
2024-09-04,MNQZ4,42008411,19198.5,19343.0,19054.25,19159.25,32619
2024-09-04,MNQZ4-MNQH5,42022384,199.45,199.65,199.45,199.65,2
2024-09-05,MNQH5,42003617,19400.0,19578.25,19256.0,19350.0,144
2024-09-05,MNQM5,42009475,19620.0,19620.0,19620.0,19620.0,1
2024-09-05,MNQU4,13941,18931.25,19150.25,18828.0,18912.5,1473650
2024-09-05,MNQU4-MNQZ4,42034319,227.5,229.95,226.0,228.8,87
2024-09-05,MNQZ4,42008411,19157.25,19379.75,19054.25,19140.25,37241
2024-09-06,MNQH5,42003617,19314.5,19380.0,18755.25,18755.25,425
2024-09-06,MNQU4,13941,18911.5,18972.5,18337.25,18377.5,1773452
2024-09-06,MNQU4-MNQH5,42019395,418.8,418.8,414.05,414.05,12
2024-09-06,MNQU4-MNQZ4,42034319,227.4,231.25,216.8,220.5,238
2024-09-06,MNQU5,42003472,19250.5,19250.5,19250.5,19250.5,1
2024-09-06,MNQZ4,42008411,19138.25,19200.0,18562.75,18599.25,43218
2024-09-06,MNQZ4-MNQH5,42022384,195.85,197.05,195.85,195.85,8
2024-09-08,MNQH5,42003617,18819.25,18870.5,18800.0,18870.5,22
2024-09-08,MNQU4,13941,18399.5,18462.25,18386.75,18446.5,46615
2024-09-08,MNQU4-MNQH5,42019395,405.0,405.0,405.0,405.0,1
2024-09-08,MNQU4-MNQZ4,42034319,220.2,220.2,220.2,220.2,10
2024-09-08,MNQZ4,42008411,18616.75,18684.25,18606.0,18664.75,2713
2024-09-09,MNQH5,42003617,18886.0,19148.5,18882.0,19107.25,219
2024-09-09,MNQM5,42009475,19100.0,19300.0,19100.0,19300.0,4
2024-09-09,MNQU4,13941,18447.5,18742.0,18441.5,18713.0,1365449
2024-09-09,MNQU4-MNQH5,42019395,410.0,410.0,410.0,410.0,1
2024-09-09,MNQU4-MNQZ4,42034319,220.2,224.4,220.2,224.4,168
2024-09-09,MNQU5,42003472,19500.0,19500.0,19500.0,19500.0,1
2024-09-09,MNQZ4,42008411,18666.0,18965.75,18662.75,18937.75,49694
2024-09-10,MNQH5,42003617,19127.0,19286.0,19000.0,19243.0,146
2024-09-10,MNQM5,42009475,19300.0,19400.0,19300.0,19400.0,2
2024-09-10,MNQU4,13941,18713.0,18876.75,18582.5,18837.0,1449394
2024-09-10,MNQU4-MNQH5,42019395,413.95,413.95,412.2,412.95,5
2024-09-10,MNQU4-MNQZ4,42034319,223.65,225.25,223.55,224.0,286
2024-09-10,MNQZ4,42008411,18938.25,19100.75,18807.25,19061.75,55526
2024-09-11,MNQH5,42003617,19249.75,19700.0,18960.5,19672.0,359
2024-09-11,MNQM5,42009475,19200.0,19800.0,19200.0,19800.0,4
2024-09-11,MNQU4,13941,18837.5,19293.5,18547.75,19244.25,1792529
2024-09-11,MNQU4-MNQH5,42019395,413.2,415.7,413.2,415.7,11
2024-09-11,MNQU4-MNQZ4,42034319,224.3,232.15,223.05,232.15,307
2024-09-11,MNQU5,42003472,20100.0,20100.0,20100.0,20100.0,1
2024-09-11,MNQZ4,42008411,19062.5,19524.0,18771.75,19477.25,89228
2024-09-12,MNQH5,42003617,19665.5,19907.0,19623.0,19892.0,366
2024-09-12,MNQU4,13941,19244.5,19483.25,19185.25,19452.5,1502943
2024-09-12,MNQU4-MNQH5,42019395,420.05,420.05,420.05,420.05,5
2024-09-12,MNQU4-MNQZ4,42034319,232.15,237.35,232.15,235.0,345
2024-09-12,MNQZ4,42008411,19477.0,19718.0,19416.25,19687.5,90670
2024-09-12,MNQZ4-MNQH5,42022384,194.05,194.05,192.55,192.55,9
2024-09-13,MNQH5,42003617,19897.25,20013.0,19835.0,19953.25,164
2024-09-13,MNQU4,13941,19452.75,19577.0,19396.0,19504.0,1031966
2024-09-13,MNQU4-MNQH5,42019395,435.8,441.2,435.8,441.2,10
2024-09-13,MNQU4-MNQZ4,42034319,234.6,238.1,233.85,236.4,1026
2024-09-13,MNQZ4,42008411,19688.5,19813.25,19634.5,19739.25,104811
2024-09-15,MNQH5,42003617,19946.75,19965.0,19927.0,19964.75,16
2024-09-15,MNQU4,13941,19498.25,19546.75,19478.5,19538.5,21784
2024-09-15,MNQU4-MNQZ4,42034319,236.35,238.5,235.25,237.45,747
2024-09-15,MNQZ4,42008411,19734.25,19788.0,19713.75,19776.25,11373
2024-09-16,MNQH5,42003617,19942.25,19953.0,19730.75,19879.75,225
2024-09-16,MNQM5,42009475,19913.25,20050.0,19913.25,20013.0,13
2024-09-16,MNQU4,13941,19539.0,19544.0,19299.0,19442.75,608895
2024-09-16,MNQU4-MNQH5,42019395,436.25,436.25,431.05,431.05,3
2024-09-16,MNQU4-MNQZ4,42034319,237.25,240.0,230.2,232.05,5671
2024-09-16,MNQZ4,42008411,19777.25,19781.75,19529.25,19673.0,658785
2024-09-16,MNQZ4-MNQH5,42022384,203.75,203.75,193.95,193.95,11
2024-09-17,MNQH5,42003617,19845.0,20037.75,19770.0,19890.5,470
2024-09-17,MNQM5,42009475,20036.0,20036.0,20036.0,20036.0,2
2024-09-17,MNQU4,13941,19441.5,19615.5,19341.25,19469.0,350244
2024-09-17,MNQU4-MNQH5,42019395,425.05,430.0,424.05,430.0,15
2024-09-17,MNQU4-MNQZ4,42034319,231.7,237.3,230.35,236.5,3955
2024-09-17,MNQZ4,42008411,19673.25,19850.5,19574.5,19705.5,1059785
2024-09-17,MNQZ4-MNQH5,42022384,193.75,193.75,191.15,191.15,15
2024-09-18,MNQH5,42003617,19892.75,20090.0,19760.0,19935.25,435
2024-09-18,MNQU4,13941,19470.0,19663.75,19330.25,19531.5,265154
2024-09-18,MNQU4-MNQH5,42019395,426.05,433.75,425.3,429.5,7
2024-09-18,MNQU4-MNQZ4,42034319,236.5,239.3,229.5,230.5,2760
2024-09-18,MNQZ4,42008411,19705.5,19899.75,19560.75,19763.5,1333504
2024-09-18,MNQZ4-MNQH5,42022384,190.95,197.8,190.15,197.8,15
2024-09-19,MNQH5,42003617,19987.5,20392.25,19890.0,20247.0,1529
2024-09-19,MNQM5,42009475,20430.0,20500.0,20430.0,20500.0,3
2024-09-19,MNQU4,13941,19530.75,19967.0,19445.25,19815.0,161948
2024-09-19,MNQU4-MNQH5,42019395,425.0,434.45,423.8,434.45,23
2024-09-19,MNQU4-MNQZ4,42034319,232.5,238.15,229.85,236.0,1780
2024-09-19,MNQU5,42003472,20700.0,20700.0,20700.0,20700.0,1
2024-09-19,MNQZ4,42008411,19763.25,20203.0,19677.0,20049.25,1284245
2024-09-19,MNQZ4-MNQH5,42022384,197.8,197.8,189.95,196.0,46
2024-09-20,MNQH5,42003617,20249.0,20281.5,20061.5,20219.25,1329
2024-09-20,MNQM5,42009475,20300.0,20300.0,20274.75,20275.0,14
2024-09-20,MNQU4,13941,19811.5,19839.75,19746.75,19820.5,14700
2024-09-20,MNQU4-MNQZ4,42034319,235.0,238.1,232.05,232.75,325
2024-09-20,MNQZ4,42008411,20048.5,20084.0,19860.0,20014.5,1212743
2024-09-20,MNQZ4-MNQH5,42022384,196.3,200.8,196.3,200.8,138
2024-09-22,MNQH5,42003617,20230.25,20263.0,20197.5,20260.5,219
2024-09-22,MNQZ4,42008411,20039.0,20066.5,19996.25,20062.25,24762
2024-09-23,MNQH5,42003617,20266.25,20366.75,20167.5,20270.0,1334
2024-09-23,MNQM5,42009475,20423.0,20445.0,20423.0,20440.0,9
2024-09-23,MNQZ4,42008411,20063.0,20164.0,19955.0,20068.5,1085822
2024-09-23,MNQZ4-MNQH5,42022384,200.65,202.3,198.45,198.45,41
2024-09-24,MNQH5,42003617,20267.0,20410.75,20150.0,20376.25,2172
2024-09-24,MNQZ4,42008411,20068.5,20214.75,19952.0,20179.75,1144876
2024-09-24,MNQZ4-MNQH5,42022384,197.7,199.75,195.0,195.95,37
2024-09-25,MNQH5,42003617,20372.75,20483.0,20264.0,20475.25,2437
2024-09-25,MNQM5,42009475,20548.0,20600.0,20518.5,20600.0,5
2024-09-25,MNQZ4,42008411,20180.0,20284.25,20063.75,20277.75,1044876
2024-09-25,MNQZ4-MNQH5,42022384,196.15,199.9,196.15,199.9,21
2024-09-26,MNQH5,42003617,20478.25,20739.5,20389.0,20540.0,4387
2024-09-26,MNQM5,42009475,20750.0,20800.0,20741.0,20741.0,5
2024-09-26,MNQZ4,42008411,20277.25,20537.75,20188.0,20344.0,1307059
2024-09-26,MNQZ4-MNQH5,42022384,200.0,202.6,199.0,199.0,87
2024-09-27,MNQH5,42003617,20523.25,20597.25,20377.5,20391.5,3632
2024-09-27,MNQZ4,42008411,20343.75,20396.0,20173.0,20194.0,1202659
2024-09-27,MNQZ4-MNQH5,42022384,202.75,202.9,201.65,202.0,45
2024-09-29,MNQH5,42003617,20384.5,20481.5,20364.75,20477.5,145
2024-09-29,MNQZ4,42008411,20198.25,20282.0,20157.5,20273.0,33661
2024-09-30,MNQH5,42003617,20486.25,20490.0,20266.0,20436.5,2235
2024-09-30,MNQM5,42009475,20603.0,20603.0,20603.0,20603.0,1
2024-09-30,MNQZ4,42008411,20273.75,20286.75,20057.5,20248.0,1297452
2024-09-30,MNQZ4-MNQH5,42022384,202.05,204.6,202.05,204.6,22
2024-10-01,MNQH5,42003617,20458.25,20530.0,20019.75,20136.0,4647
2024-10-01,MNQM5,42009475,20330.0,20330.0,20330.0,20330.0,6
2024-10-01,MNQU5,42003472,20845.0,20845.0,20845.0,20845.0,1
2024-10-01,MNQZ4,42008411,20247.0,20331.5,19818.0,19933.0,1637454
2024-10-01,MNQZ4-MNQH5,42022384,202.75,203.45,201.35,201.35,13
2024-10-02,MNQH5,42003617,20144.0,20290.75,20038.0,20253.75,3591
2024-10-02,MNQM5,42009475,20424.0,20424.0,20424.0,20424.0,4
2024-10-02,MNQZ4,42008411,19933.0,20089.5,19833.5,20055.25,1345464
2024-10-02,MNQZ4-MNQH5,42022384,202.9,204.7,202.1,204.05,26
2024-10-03,MNQH5,42003617,20256.0,20318.75,20058.25,20184.75,3724
2024-10-03,MNQM5,42009475,20350.0,20350.0,20350.0,20350.0,1
2024-10-03,MNQZ4,42008411,20055.5,20115.0,19851.0,19983.5,1420078
2024-10-03,MNQZ4-MNQH5,42022384,204.05,205.5,203.25,205.35,96
2024-10-04,MNQH5,42003617,20180.0,20471.25,20155.0,20417.5,4169
2024-10-04,MNQZ4,42008411,19983.0,20263.0,19948.25,20203.75,1440561
2024-10-04,MNQZ4-MNQH5,42022384,204.75,215.0,204.75,214.0,183
2024-10-06,MNQH5,42003617,20441.0,20479.75,20440.25,20447.25,132
2024-10-06,MNQZ4,42008411,20219.0,20268.0,20216.0,20231.0,32418
2024-10-07,MNQH5,42003617,20444.5,20478.0,20117.0,20215.75,2668
2024-10-07,MNQM5,42009475,20600.5,20600.5,20577.0,20577.0,2
2024-10-07,MNQZ4,42008411,20230.75,20264.75,19902.5,19983.5,1256719
2024-10-07,MNQZ4-MNQH5,42022384,215.3,218.05,215.3,217.5,58
2024-10-08,MNQH5,42003617,20221.75,20543.5,20165.0,20495.5,2713
2024-10-08,MNQU5,42003472,20850.0,20850.0,20850.0,20850.0,1
2024-10-08,MNQZ4,42008411,19984.25,20329.5,19942.5,20273.5,1130248
2024-10-08,MNQZ4-MNQH5,42022384,216.55,218.95,216.1,217.25,74
2024-10-09,MNQH5,42003617,20490.0,20703.0,20414.25,20681.75,2442
2024-10-09,MNQM5,42009475,20686.75,20850.0,20686.75,20850.0,8
2024-10-09,MNQU5,42003472,21037.0,21037.0,21037.0,21037.0,1
2024-10-09,MNQZ4,42008411,20274.0,20482.25,20195.5,20450.75,1076011
2024-10-09,MNQZ4-MNQH5,42022384,219.1,221.5,218.2,221.25,64
2024-10-09,MNQZ5,42001149,21220.0,21220.0,21220.0,21220.0,1
2024-10-10,MNQH5,42003617,20669.25,20726.5,20522.25,20672.25,2170
2024-10-10,MNQM5,42009475,20830.0,20830.0,20830.0,20830.0,1
2024-10-10,MNQZ4,42008411,20450.5,20508.0,20301.25,20452.0,1109577
2024-10-10,MNQZ4-MNQH5,42022384,223.05,223.65,219.1,221.2,54
2024-10-11,MNQH5,42003617,20669.75,20714.0,20538.0,20635.0,1919
2024-10-11,MNQZ4,42008411,20452.0,20494.5,20313.25,20412.25,976447
2024-10-11,MNQZ4-MNQH5,42022384,221.75,221.75,220.45,221.5,7
2024-10-11,MNQZ5,42001149,21200.0,21200.0,21200.0,21200.0,1
2024-10-13,MNQH5,42003617,20641.0,20666.75,20631.25,20645.0,54
2024-10-13,MNQZ4,42008411,20433.75,20450.5,20406.25,20427.0,22379
2024-10-14,MNQH5,42003617,20652.5,20900.0,20607.5,20855.0,2549
2024-10-14,MNQM5,42009475,20830.0,21000.0,20830.0,21000.0,5
2024-10-14,MNQU5,42003472,20960.0,21200.0,20960.0,21200.0,2
2024-10-14,MNQZ4,42008411,20426.75,20680.0,20382.5,20631.75,862260
2024-10-14,MNQZ4-MNQH5,42022384,222.1,225.4,222.1,225.1,44
2024-10-14,MNQZ5,42001149,21420.0,21420.0,21420.0,21420.0,1
2024-10-15,MNQH5,42003617,20849.25,20880.5,20479.0,20573.25,3130
2024-10-15,MNQM5,42009475,20700.25,20700.25,20700.0,20700.0,4
2024-10-15,MNQZ4,42008411,20631.5,20659.25,20254.0,20351.75,1228922
2024-10-15,MNQZ4-MNQH5,42022384,225.55,225.85,223.5,225.85,19
2024-10-16,MNQH5,42003617,20572.5,20621.25,20428.25,20536.25,1595
2024-10-16,MNQM5,42009475,20800.0,20800.0,20700.25,20725.5,7
2024-10-16,MNQZ4,42008411,20352.0,20397.5,20205.25,20313.75,1069660
2024-10-16,MNQZ4-MNQH5,42022384,223.45,224.0,223.05,223.65,12
2024-10-17,MNQH5,42003617,20528.5,20822.25,20506.0,20637.25,4120
2024-10-17,MNQM5,42009475,20798.25,20907.0,20798.25,20900.0,6
2024-10-17,MNQZ4,42008411,20313.25,20594.5,20276.75,20405.0,1333693
2024-10-17,MNQZ4-MNQH5,42022384,224.85,228.4,224.25,227.35,80
2024-10-17,MNQZ5,42001149,21190.0,21190.0,21190.0,21190.0,1
2024-10-18,MNQH5,42003617,20630.0,20756.75,20550.0,20712.75,2803
2024-10-18,MNQZ4,42008411,20405.0,20532.0,20321.0,20484.25,979606
2024-10-18,MNQZ4-MNQH5,42022384,228.6,229.55,227.25,229.55,32
2024-10-18,MNQZ5,42001149,21300.0,21300.0,21300.0,21300.0,1
2024-10-20,MNQH5,42003617,20745.0,20755.0,20733.5,20741.5,58
2024-10-20,MNQZ4,42008411,20495.75,20526.0,20494.0,20513.5,18703
2024-10-20,MNQZ4-MNQH5,42022384,227.9,227.9,227.9,227.9,11
2024-10-21,MNQH5,42003617,20744.5,20782.5,20573.25,20745.0,2495
2024-10-21,MNQM5,42009475,20930.0,20930.0,20930.0,20930.0,1
2024-10-21,MNQU5,42003472,21045.0,21045.0,21025.0,21025.0,2
2024-10-21,MNQZ4,42008411,20514.25,20554.25,20342.5,20515.75,1102199
2024-10-21,MNQZ4-MNQH5,42022384,229.55,230.35,226.35,226.35,49
2024-10-22,MNQH5,42003617,20739.75,20830.0,20589.5,20755.5,3290
2024-10-22,MNQM5,42009475,20887.0,21015.5,20887.0,20951.5,8
2024-10-22,MNQU5,42003472,21073.25,21140.5,21073.25,21140.5,2
2024-10-22,MNQZ4,42008411,20516.25,20602.0,20360.25,20529.5,1164768
2024-10-22,MNQZ4-MNQH5,42022384,228.25,231.45,226.9,231.45,14
2024-10-23,MNQH5,42003617,20760.5,20772.0,20310.0,20523.75,3952
2024-10-23,MNQM5,42009475,20880.0,20880.0,20570.0,20677.75,9
2024-10-23,MNQU5,42003472,20960.0,20960.0,20960.0,20960.0,2
2024-10-23,MNQZ4,42008411,20530.75,20542.5,20079.0,20290.0,1384462
2024-10-23,MNQZ4-MNQH5,42022384,229.9,230.75,228.4,229.35,56
2024-10-24,MNQH5,42003617,20522.75,20655.25,20493.25,20610.5,2682
2024-10-24,MNQM5,42009475,20750.0,20839.0,20750.0,20839.0,7
2024-10-24,MNQZ4,42008411,20290.0,20428.0,20260.5,20381.0,1157096
2024-10-24,MNQZ4-MNQH5,42022384,230.0,232.05,229.6,232.05,18
2024-10-25,MNQH5,42003617,20611.5,20937.75,20597.25,20709.0,4012
2024-10-25,MNQM5,42009475,20868.0,21090.0,20868.0,20950.0,10
2024-10-25,MNQU5,42003472,21200.0,21350.0,21150.0,21150.0,4
2024-10-25,MNQZ4,42008411,20381.75,20707.5,20364.75,20477.25,1293860
2024-10-25,MNQZ4-MNQH5,42022384,232.05,237.05,232.05,235.15,93
2024-10-25,MNQZ5,42001149,21500.0,21500.0,21500.0,21500.0,1
2024-10-27,MNQH5,42003617,20767.75,20858.0,20767.5,20836.75,320
2024-10-27,MNQZ4,42008411,20524.0,20622.75,20522.0,20598.5,37739
2024-10-27,MNQZ4-MNQH5,42022384,236.4,236.95,236.4,236.95,3
2024-10-28,MNQH5,42003617,20836.75,20913.75,20724.0,20739.0,2304
2024-10-28,MNQM5,42009475,21100.0,21100.0,21027.0,21027.0,2
2024-10-28,MNQZ4,42008411,20598.5,20676.75,20486.0,20508.0,1085695
2024-10-28,MNQZ4-MNQH5,42022384,237.2,239.85,237.2,239.45,71
2024-10-29,MNQH5,42003617,20720.0,21000.0,20670.0,20993.25,3422
2024-10-29,MNQM5,42009475,21188.0,21188.0,21188.0,21188.0,1
2024-10-29,MNQU5,42003472,21400.0,21400.0,21400.0,21400.0,2
2024-10-29,MNQZ4,42008411,20507.75,20763.5,20432.0,20748.0,1195777
2024-10-29,MNQZ4-MNQH5,42022384,237.85,239.0,237.0,238.05,20
2024-10-29,MNQZ5,42001149,21400.0,21400.0,21400.0,21400.0,3
2024-10-30,MNQH5,42003617,20985.0,21026.5,20663.25,20665.25,4186
2024-10-30,MNQM5,42009475,21157.75,21157.75,21000.0,21000.0,2
2024-10-30,MNQU5,42003472,21280.0,21280.0,21120.0,21120.0,2
2024-10-30,MNQZ4,42008411,20748.5,20789.75,20422.25,20426.5,1260845
2024-10-30,MNQZ4-MNQH5,42022384,240.1,240.1,237.5,239.4,266
2024-10-31,MNQH5,42003617,20658.0,20701.0,20242.75,20322.0,5407
2024-10-31,MNQM5,42009475,20900.0,20900.0,20460.5,20461.75,23
2024-10-31,MNQU5,42003472,21140.0,21140.0,20729.0,20729.0,2
2024-10-31,MNQZ4,42008411,20425.75,20463.5,20007.75,20074.0,1515129
2024-10-31,MNQZ4-MNQH5,42022384,238.2,238.2,233.4,234.3,76
2024-11-01,MNQH5,42003617,20300.0,20521.5,20255.0,20394.75,3413
2024-11-01,MNQM5,42009475,20455.0,20630.0,20455.0,20575.0,10
2024-11-01,MNQU5,42003472,20749.0,20910.0,20749.0,20900.0,3
2024-11-01,MNQZ4,42008411,20074.5,20287.25,20017.75,20169.5,1332596
2024-11-01,MNQZ4-MNQH5,42022384,232.95,234.95,232.95,233.2,41
2024-11-03,MNQH5,42003617,20374.25,20389.75,20302.5,20373.25,191
2024-11-03,MNQZ4,42008411,20141.75,20158.0,20066.25,20135.0,30169
2024-11-04,MNQH5,42003617,20369.75,20480.0,20245.25,20322.25,3010
2024-11-04,MNQM5,42009475,20675.0,20675.0,20508.0,20508.0,12
2024-11-04,MNQZ4,42008411,20135.25,20249.0,20013.25,20088.25,1150262
2024-11-04,MNQZ4-MNQH5,42022384,234.4,234.4,232.15,233.9,106
2024-11-05,MNQH5,42003617,20316.0,20621.0,20275.75,20581.0,3676
2024-11-05,MNQM5,42009475,20488.5,20799.75,20488.5,20771.0,18
2024-11-05,MNQU5,42003472,21017.75,21017.75,21017.75,21017.75,1
2024-11-05,MNQZ4,42008411,20087.5,20386.0,20041.75,20344.0,1077132
2024-11-05,MNQZ4-MNQH5,42022384,232.4,237.0,232.4,236.1,33
2024-11-06,MNQH5,42003617,20585.0,21180.0,20562.25,21136.5,7636
2024-11-06,MNQM5,42009475,20798.0,21350.0,20798.0,21348.75,67
2024-11-06,MNQU5,42003472,21500.0,21600.0,21500.0,21600.0,2
2024-11-06,MNQZ4,42008411,20342.75,20935.75,20323.5,20891.0,1532575
2024-11-06,MNQZ4-MNQH5,42022384,238.45,245.85,238.45,244.8,100
2024-11-07,MNQH5,42003617,21136.25,21502.75,21107.25,21473.0,4480
2024-11-07,MNQM5,42009475,21358.75,21717.75,21348.0,21700.0,31
2024-11-07,MNQU5,42003472,21632.0,21632.0,21600.0,21600.0,2
2024-11-07,MNQZ4,42008411,20891.0,21253.5,20860.75,21226.75,1036618
2024-11-07,MNQZ4-MNQH5,42022384,247.1,249.8,247.0,247.0,150
2024-11-07,MNQZ5,42001149,21800.0,21900.0,21800.0,21900.0,2
2024-11-08,MNQH5,42003617,21477.5,21512.75,21371.75,21485.0,2838
2024-11-08,MNQM5,42009475,21721.25,21737.0,21686.0,21696.25,21
2024-11-08,MNQZ4,42008411,21226.75,21266.5,21121.5,21227.25,959804
2024-11-08,MNQZ4-MNQH5,42022384,248.9,249.8,247.75,249.8,9
2024-11-10,MNQH5,42003617,21491.0,21561.5,21491.0,21550.0,167
2024-11-10,MNQZ4,42008411,21242.0,21311.5,21242.0,21304.25,22072
2024-11-11,MNQH5,42003617,21555.5,21590.75,21347.5,21466.5,3182
2024-11-11,MNQM5,42009475,21735.0,21735.0,21646.75,21646.75,3
2024-11-11,MNQU5,42003472,21999.0,21999.0,21999.0,21999.0,1
2024-11-11,MNQZ4,42008411,21304.0,21340.5,21098.25,21216.25,1044265
2024-11-11,MNQZ4-MNQH5,42022384,250.05,251.85,250.05,251.05,22
2024-11-11,MNQZ5,42001149,22180.0,22180.0,21978.75,22069.0,4
2024-11-12,MNQH5,42003617,21470.0,21503.0,21306.0,21415.75,2959
2024-11-12,MNQM5,42009475,21681.25,21705.0,21544.0,21669.5,16
2024-11-12,MNQZ4,42008411,21215.5,21252.25,21054.75,21160.25,1189824
2024-11-12,MNQZ4-MNQH5,42022384,251.35,253.65,250.1,253.65,34
2024-11-12,MNQZ5,42001149,22177.0,22177.0,22177.0,22177.0,1
2024-11-13,MNQH5,42003617,21408.0,21520.75,21310.0,21419.0,3629
2024-11-13,MNQM5,42009475,21648.75,21678.0,21532.0,21655.0,13
2024-11-13,MNQZ4,42008411,21161.0,21268.75,21057.5,21166.25,1293249
2024-11-13,MNQZ4-MNQH5,42022384,252.35,254.65,249.7,254.65,50
2024-11-14,MNQH5,42003617,21420.75,21444.75,21201.25,21213.5,3611
2024-11-14,MNQM5,42009475,21620.0,21668.75,21433.5,21433.5,20
2024-11-14,MNQZ4,42008411,21166.5,21191.25,20937.0,20949.75,1330898
2024-11-14,MNQZ4-MNQH5,42022384,253.4,263.65,253.4,263.65,123
2024-11-14,MNQZ5,42001149,21950.0,21950.0,21950.0,21950.0,2
2024-11-15,MNQH5,42003617,21211.0,21220.5,20666.0,20758.0,4966
2024-11-15,MNQM5,42009475,21433.5,21433.5,20908.5,20985.25,61
2024-11-15,MNQU5,42003472,21450.0,21450.0,21450.0,21450.0,1
2024-11-15,MNQZ4,42008411,20949.5,20956.5,20405.25,20503.75,1486088
2024-11-15,MNQZ4-MNQH5,42022384,260.2,264.25,256.15,256.35,1238
2024-11-17,MNQH5,42003617,20758.75,20824.25,20737.75,20821.25,139
2024-11-17,MNQZ4,42008411,20504.75,20568.75,20476.25,20568.5,25335
2024-11-18,MNQH5,42003617,20821.25,20984.75,20740.75,20882.0,3281
2024-11-18,MNQM5,42009475,21098.75,21175.0,20991.25,21116.0,46
2024-11-18,MNQZ4,42008411,20567.5,20724.5,20481.75,20622.5,1226901
2024-11-18,MNQZ4-MNQH5,42022384,257.25,260.5,256.55,256.55,165
2024-11-19,MNQH5,42003617,20882.75,21046.25,20640.0,21036.0,4206
2024-11-19,MNQM5,42009475,21065.5,21255.0,20896.25,21244.0,51
2024-11-19,MNQZ4,42008411,20622.75,20792.5,20382.0,20783.25,1271325
2024-11-19,MNQZ4-MNQH5,42022384,256.0,256.0,251.95,254.0,98
2024-11-20,MNQH5,42003617,21041.0,21098.0,20735.0,21008.25,4545
2024-11-20,MNQM5,42009475,21264.25,21289.25,20961.75,21179.0,87
2024-11-20,MNQZ4,42008411,20783.0,20843.5,20477.25,20752.75,1464292
2024-11-20,MNQZ4-MNQH5,42022384,254.25,258.85,252.75,256.85,97
2024-11-21,MNQH5,42003617,21013.0,21161.0,20762.75,21030.25,6080
2024-11-21,MNQM5,42009475,21188.0,21335.0,21000.0,21272.0,60
2024-11-21,MNQZ4,42008411,20754.0,20907.0,20514.0,20773.75,1733931
2024-11-21,MNQZ4-MNQH5,42022384,255.2,256.35,251.65,253.25,152
2024-11-22,MNQH5,42003617,21024.5,21134.75,20948.0,21129.75,4516
2024-11-22,MNQM5,42009475,21286.75,21360.0,21200.0,21360.0,55
2024-11-22,MNQZ4,42008411,20774.25,20880.5,20693.0,20878.5,1436326
2024-11-22,MNQZ4-MNQH5,42022384,253.25,256.15,252.75,255.0,85
2024-11-24,MNQH5,42003617,21184.75,21207.5,21184.75,21192.25,183
2024-11-24,MNQM5,42009475,21400.0,21421.0,21400.0,21413.5,10
2024-11-24,MNQZ4,42008411,20909.0,20954.75,20908.0,20935.75,20704
2024-11-24,MNQZ4-MNQH5,42022384,255.0,255.0,255.0,255.0,2
2024-11-25,MNQH5,42003617,21198.5,21335.0,21037.0,21089.75,4789
2024-11-25,MNQM5,42009475,21437.0,21558.0,21290.0,21344.75,86
2024-11-25,MNQZ4,42008411,20936.5,21081.25,20780.25,20834.25,1323488
2024-11-25,MNQZ4-MNQH5,42022384,255.0,256.85,253.45,254.45,84
2024-11-25,MNQZ5,42001149,21655.0,21655.0,21655.0,21655.0,1
2024-11-26,MNQH5,42003617,21081.0,21278.5,21009.0,21243.75,3704
2024-11-26,MNQM5,42009475,21300.0,21518.0,21250.0,21450.0,38
2024-11-26,MNQU5,42003472,21720.0,21720.0,21720.0,21720.0,1
2024-11-26,MNQZ4,42008411,20834.75,21025.0,20755.25,20985.75,1262745
2024-11-26,MNQZ4-MNQH5,42022384,256.65,258.05,254.35,257.4,88
2024-11-27,MNQH5,42003617,21242.75,21275.0,20934.0,21079.0,4320
2024-11-27,MNQM5,42009475,21490.0,21515.0,21159.75,21297.75,85
2024-11-27,MNQU5,42003472,21701.0,21701.0,21701.0,21701.0,1
2024-11-27,MNQZ4,42008411,20986.0,21019.25,20675.0,20823.25,1219710
2024-11-27,MNQZ4-MNQH5,42022384,258.25,258.25,254.2,254.8,41
2024-11-27,MNQZ5,42001149,21645.0,21645.0,21645.0,21645.0,1
2024-11-28,MNQH5,42003617,21082.0,21160.5,21082.0,21139.75,886
2024-11-28,MNQM5,42009475,21310.75,21356.75,21310.75,21356.75,4
2024-11-28,MNQZ4,42008411,20823.5,20909.5,20823.0,20887.75,179258
2024-11-28,MNQZ4-MNQH5,42022384,256.4,256.4,253.9,253.9,8
2024-11-29,MNQH5,42003617,21141.75,21272.0,21062.0,21245.5,2981
2024-11-29,MNQM5,42009475,21305.0,21495.0,21300.0,21483.0,23
2024-11-29,MNQZ4,42008411,20887.75,21018.0,20805.75,20991.5,681244
2024-11-29,MNQZ4-MNQH5,42022384,253.45,257.7,253.1,257.1,62
2024-12-01,MNQH5,42003617,21250.75,21262.5,21213.75,21220.75,228
2024-12-01,MNQM5,42009475,21465.0,21465.0,21454.0,21454.0,4
2024-12-01,MNQZ4,42008411,20994.5,21003.5,20952.75,20964.5,23847
2024-12-01,MNQZ4-MNQH5,42022384,258.05,258.45,257.85,257.85,12
2024-12-02,MNQH5,42003617,21231.25,21524.0,21194.0,21480.25,4990
2024-12-02,MNQM5,42009475,21473.0,21740.0,21473.0,21700.0,84
2024-12-02,MNQU5,42003472,21698.0,21740.0,21698.0,21740.0,3
2024-12-02,MNQZ4,42008411,20965.25,21259.5,20939.75,21213.75,1094599
2024-12-02,MNQZ4-MNQH5,42022384,258.0,264.45,258.0,263.25,222
2024-12-02,MNQZ5,42001149,22182.25,22182.25,22182.25,22182.25,1
2024-12-03,MNQH5,42003617,21477.0,21598.75,21393.0,21598.0,4678
2024-12-03,MNQM5,42009475,21718.0,21820.0,21654.75,21820.0,38
2024-12-03,MNQU5,42003472,21950.0,22022.0,21950.0,22022.0,4
2024-12-03,MNQZ4,42008411,21214.75,21336.25,21134.75,21332.75,1015003
2024-12-03,MNQZ4-MNQH5,42022384,262.8,264.75,262.5,264.75,111
2024-12-04,MNQH5,42003617,21596.5,21813.0,21580.0,21777.5,10678
2024-12-04,MNQM5,42009475,21821.5,22059.25,21821.5,22002.25,169
2024-12-04,MNQU5,42003472,22100.0,22186.0,22100.0,22186.0,3
2024-12-04,MNQZ4,42008411,21333.0,21550.0,21316.0,21510.25,970188
2024-12-04,MNQZ4-MNQH5,42022384,263.05,268.85,263.05,268.0,374
2024-12-04,MNQZ4-MNQM5,42031856,485.0,530.0,485.0,530.0,41
2024-12-05,MNQH5,42003617,21777.0,21835.0,21697.0,21722.5,6510
2024-12-05,MNQM5,42009475,21999.25,22055.75,21959.75,21959.75,41
2024-12-05,MNQU5,42003472,22263.0,22263.0,22150.0,22150.0,4
2024-12-05,MNQZ4,42008411,21510.25,21567.75,21424.0,21455.75,935398
2024-12-05,MNQZ4-MNQH5,42022384,268.0,270.15,266.4,268.35,72
2024-12-06,MNQH5,42003617,21722.5,21935.25,21710.0,21892.0,7305
2024-12-06,MNQM5,42009475,21960.0,22171.75,21957.5,22139.0,56
2024-12-06,MNQU5,42003472,22194.75,22397.0,22194.75,22397.0,3
2024-12-06,MNQZ4,42008411,21455.25,21669.5,21439.0,21634.0,1001042
2024-12-06,MNQZ4-MNQH5,42022384,270.15,270.95,264.9,266.95,243
2024-12-08,MNQH5,42003617,21905.75,21938.75,21895.5,21927.0,366
2024-12-08,MNQM5,42009475,22148.0,22162.5,22148.0,22154.75,8
2024-12-08,MNQZ4,42008411,21648.75,21670.75,21626.5,21657.75,17773
2024-12-08,MNQZ4-MNQH5,42022384,268.1,268.85,268.1,268.85,14
2024-12-09,MNQH5,42003617,21925.0,21975.0,21706.5,21736.0,13847
2024-12-09,MNQM5,42009475,22158.25,22223.75,21950.0,21963.0,159
2024-12-09,MNQU5,42003472,22171.0,22180.0,22171.0,22180.0,3
2024-12-09,MNQZ4,42008411,21657.5,21706.5,21437.0,21465.5,1105553
2024-12-09,MNQZ4-MNQH5,42022384,268.55,270.15,266.75,267.6,182
2024-12-10,MNQH5,42003617,21732.25,21873.25,21617.75,21691.5,12880
2024-12-10,MNQM5,42009475,21972.0,22112.0,21888.0,21924.25,80
2024-12-10,MNQU5,42003472,22145.0,22145.0,22105.5,22135.0,7
2024-12-10,MNQZ4,42008411,21465.0,21606.75,21352.75,21428.5,1206058
2024-12-10,MNQZ4-MNQH5,42022384,269.05,269.05,264.45,264.5,270
2024-12-11,MNQH5,42003617,21693.25,22088.0,21673.25,22027.5,18340
2024-12-11,MNQM5,42009475,21938.0,22318.75,21920.0,22262.25,363
2024-12-11,MNQU5,42003472,22215.0,22489.0,22215.0,22489.0,3
2024-12-11,MNQZ4,42008411,21428.0,21819.75,21405.75,21758.25,1091334
2024-12-11,MNQZ4-MNQH5,42022384,264.65,273.35,264.65,269.0,516
2024-12-12,MNQH5,42003617,22027.0,22043.25,21872.0,22011.75,24348
2024-12-12,MNQM5,42009475,22263.5,22263.5,22121.0,22243.75,149
2024-12-12,MNQU5,42003472,22521.75,22521.75,22484.5,22484.5,2
2024-12-12,MNQZ4,42008411,21758.25,21772.75,21602.25,21744.5,1153886
2024-12-12,MNQZ4-MNQH5,42022384,268.85,271.25,265.5,267.05,578
2024-12-13,MNQH5,42003617,22011.75,22184.75,21942.25,22047.5,56541
2024-12-13,MNQM5,42009475,22251.0,22412.0,22184.75,22293.0,382
2024-12-13,MNQU5,42003472,22622.0,22622.0,22622.0,22622.0,1
2024-12-13,MNQZ4,42008411,21744.75,21908.0,21666.75,21760.5,1287516
2024-12-13,MNQZ4-MNQH5,42022384,267.65,286.65,267.65,286.65,1044
2024-12-15,MNQH5,42003617,22053.0,22089.75,22051.0,22078.0,7239
2024-12-15,MNQM5,42009475,22300.25,22307.25,22294.0,22307.25,5
2024-12-15,MNQZ4,42008411,21785.25,21800.5,21762.25,21789.25,12569
2024-12-15,MNQZ4-MNQH5,42022384,288.3,289.0,286.25,288.5,161
2024-12-16,MNQH5,42003617,22077.75,22450.0,22072.0,22395.75,538595
2024-12-16,MNQM5,42009475,22325.25,22699.5,22315.25,22621.0,678
2024-12-16,MNQU5,42003472,22781.75,22850.0,22781.75,22850.0,5
2024-12-16,MNQZ4,42008411,21789.75,22152.5,21783.25,22099.0,579734
2024-12-16,MNQZ4-MNQH5,42022384,288.1,302.05,288.1,296.0,10351
2024-12-16,MNQZ4-MNQM5,42031856,531.0,531.0,531.0,531.0,10
2024-12-17,MNQH5,42003617,22395.75,22426.5,22205.5,22274.25,935339
2024-12-17,MNQM5,42009475,22628.5,22661.0,22458.0,22510.0,360
2024-12-17,MNQZ4,42008411,22099.5,22125.0,21901.0,21971.25,446501
2024-12-17,MNQZ4-MNQH5,42022384,296.3,306.15,295.95,303.3,3731
2024-12-18,MNQH5,42003617,22274.25,22387.5,21310.25,21471.0,1345020
2024-12-18,MNQH5-MNQM5,42033382,250.25,250.25,250.1,250.1,2
2024-12-18,MNQM5,42009475,22544.0,22632.0,21565.0,21716.0,1074
2024-12-18,MNQU5,42003472,22650.0,22650.0,22182.0,22182.0,7
2024-12-18,MNQZ4,42008411,21970.25,22083.5,21032.25,21199.0,335877
2024-12-18,MNQZ4-MNQH5,42022384,302.9,303.9,270.5,272.5,4414
2024-12-18,MNQZ4-MNQM5,42031856,551.0,551.0,524.25,528.5,53
2024-12-18,MNQZ5,42001149,22890.25,22890.25,22116.0,22116.0,2
2024-12-19,MNQH5,42003617,21472.25,21698.0,21345.0,21374.25,1587931
2024-12-19,MNQH5-MNQM5,42033382,253.25,253.25,250.25,253.25,9
2024-12-19,MNQM5,42009475,21732.75,21934.25,21584.25,21610.25,1026
2024-12-19,MNQU5,42003472,21888.0,21888.0,21888.0,21888.0,1
2024-12-19,MNQZ4,42008411,21203.0,21424.0,21077.5,21106.25,202155
2024-12-19,MNQZ4-MNQH5,42022384,272.5,280.25,264.15,267.0,3586
2024-12-20,MNQH5,42003617,21374.25,21812.5,21007.0,21553.0,2072337
2024-12-20,MNQH5-MNQM5,42033382,236.0,241.9,236.0,241.9,27
2024-12-20,MNQM5,42009475,21624.0,22049.0,21246.5,21793.0,4221
2024-12-20,MNQU5,42003472,21600.0,22223.0,21508.0,22090.0,13
2024-12-20,MNQZ4,42008411,21106.25,21120.0,20745.75,20982.0,21284
2024-12-20,MNQZ4-MNQH5,42022384,265.0,279.0,257.35,279.0,375
2024-12-20,MNQZ5,42001149,21900.0,21950.0,21900.0,21950.0,2
2024-12-22,MNQH5,42003617,21566.5,21683.25,21565.25,21656.25,29134
2024-12-22,MNQH5-MNQM5,42033382,241.9,242.45,241.0,241.0,51
2024-12-22,MNQM5,42009475,21880.25,21915.25,21876.25,21895.25,81
2024-12-23,MNQH5,42003617,21657.0,21777.0,21476.0,21737.25,1449589
2024-12-23,MNQH5-MNQM5,42033382,242.5,244.0,240.9,240.9,40
2024-12-23,MNQM5,42009475,21902.25,22012.0,21720.0,21974.75,2388
2024-12-23,MNQU5,42003472,22050.0,22050.0,22050.0,22050.0,1
2024-12-24,MNQH5,42003617,21737.25,22050.0,21708.5,22046.25,636261
2024-12-24,MNQM5,42009475,21971.5,22292.75,21952.25,22288.0,2601
2024-12-24,MNQU5,42003472,22250.0,22500.0,22250.0,22500.0,6
2024-12-25,MNQH5,42003617,22050.0,22085.0,22046.5,22060.0,15394
2024-12-25,MNQM5,42009475,22297.0,22322.5,22286.75,22300.0,160
2024-12-26,MNQH5,42003617,22059.25,22111.0,21870.5,22005.75,1051431
2024-12-26,MNQH5-MNQM5,42033382,244.15,247.0,244.15,246.2,34
2024-12-26,MNQM5,42009475,22306.5,22353.75,22115.5,22248.0,2245
2024-12-26,MNQU5,42003472,22500.0,22502.5,22500.0,22502.5,2
2024-12-27,MNQH5,42003617,22006.0,22008.75,21498.25,21720.25,1410844
2024-12-27,MNQH5-MNQM5,42033382,243.3,243.3,237.15,240.9,59
2024-12-27,MNQM5,42009475,22231.0,22231.0,21740.0,21955.5,3292
2024-12-27,MNQU5,42003472,22274.0,22274.0,22000.0,22200.0,7
2024-12-29,MNQH5,42003617,21710.75,21742.5,21669.75,21702.5,29266
2024-12-29,MNQM5,42009475,21960.0,21982.25,21911.25,21940.25,99
2024-12-30,MNQH5,42003617,21701.75,21721.75,21252.75,21391.25,1378059
2024-12-30,MNQH5-MNQM5,42033382,239.9,239.9,233.75,233.75,51
2024-12-30,MNQM5,42009475,21942.0,21956.5,21493.0,21627.0,3228
2024-12-30,MNQU5,42003472,22000.0,22000.0,21739.0,21897.5,9
2024-12-30,MNQZ5,42001149,22200.0,22200.0,22186.25,22186.5,8
2024-12-31,MNQH5,42003617,21391.25,21524.75,21181.75,21235.0,1354050
2024-12-31,MNQH5-MNQM5,42033382,233.55,233.55,231.35,231.35,19
2024-12-31,MNQM5,42009475,21630.0,21760.0,21413.0,21467.5,3234
2024-12-31,MNQU5,42003472,21800.0,21800.0,21800.0,21800.0,1
2025-01-01,MNQH5,42003617,21273.25,21320.0,21243.75,21267.5,24545
2025-01-01,MNQM5,42009475,21501.0,21550.5,21481.5,21499.25,116
2025-01-02,MNQH5,42003617,21267.5,21490.75,20983.25,21163.25,1971743
2025-01-02,MNQH5-MNQM5,42033382,232.7,234.2,232.05,233.25,100
2025-01-02,MNQM5,42009475,21497.5,21725.0,21212.25,21395.75,5058
2025-01-02,MNQU5,42003472,21625.0,21630.0,21500.0,21604.75,6
2025-01-03,MNQH5,42003617,21163.75,21559.25,21153.25,21490.25,1331923
2025-01-03,MNQH5-MNQM5,42033382,231.9,231.9,231.9,231.9,8
2025-01-03,MNQM5,42009475,21399.75,21791.75,21399.75,21721.5,3610
2025-01-03,MNQU5,42003472,21649.0,21912.25,21649.0,21912.25,4
2025-01-05,MNQH5,42003617,21532.0,21543.0,21502.0,21525.25,21797
2025-01-05,MNQM5,42009475,21774.0,21774.0,21734.0,21751.0,70
2025-01-05,MNQU5,42003472,21942.25,21942.25,21942.25,21942.25,1
2025-01-06,MNQH5,42003617,21525.75,21897.0,21478.75,21771.25,1493626
2025-01-06,MNQH5-MNQM5,42033382,232.15,234.0,232.15,234.0,28
2025-01-06,MNQM5,42009475,21765.0,22128.25,21713.25,22003.5,3403
2025-01-06,MNQU5,42003472,22100.0,22350.0,22100.0,22115.75,4
2025-01-07,MNQH5,42003617,21771.25,21806.25,21279.5,21393.0,1828907
2025-01-07,MNQH5-MNQM5,42033382,234.6,234.8,230.95,232.25,7
2025-01-07,MNQM5,42009475,22006.0,22041.0,21511.0,21624.5,4045
2025-01-07,MNQU5,42003472,22212.0,22212.0,21829.75,21829.75,7
2025-01-08,MNQH5,42003617,21392.25,21448.25,21166.0,21315.25,1843602
2025-01-08,MNQH5-MNQM5,42033382,230.75,232.4,230.15,230.85,61
2025-01-08,MNQM5,42009475,21630.0,21684.75,21398.25,21543.0,5383
2025-01-08,MNQU5,42003472,21800.0,21800.0,21650.0,21650.0,5
2025-01-08,MNQZ5,42001149,21900.0,21950.0,21900.0,21950.0,3
2025-01-09,MNQH5,42003617,21315.25,21347.0,21211.5,21238.0,292931
2025-01-09,MNQH5-MNQM5,42033382,231.75,231.9,230.3,231.9,4
2025-01-09,MNQM5,42009475,21553.25,21578.0,21437.75,21470.0,992
2025-01-10,MNQH5,42003617,21238.25,21372.5,20874.75,20996.25,2119763
2025-01-10,MNQH5-MNQM5,42033382,230.35,232.45,228.25,228.25,79
2025-01-10,MNQM5,42009475,21471.5,21603.75,21105.5,21220.75,5785
2025-01-10,MNQU5,42003472,21780.0,21780.0,21368.25,21471.5,14
2025-01-10,MNQZ5,42001149,21900.0,21900.0,21700.0,21700.0,3
2025-01-12,MNQH5,42003617,21027.5,21028.75,20942.75,21000.25,31658
2025-01-12,MNQM5,42009475,21252.75,21252.75,21175.5,21230.5,174
2025-01-13,MNQH5,42003617,20999.5,21088.75,20693.5,21045.5,1904794
2025-01-13,MNQH5-MNQM5,42033382,228.5,230.4,227.15,230.4,28
2025-01-13,MNQM5,42009475,21236.0,21317.75,20925.5,21277.25,4646
2025-01-13,MNQU5,42003472,21340.0,21375.0,21208.0,21375.0,20
2025-01-13,MNQZ5,42001149,21412.0,21412.0,21412.0,21412.0,1
2025-01-14,MNQH5,42003617,21046.0,21143.75,20773.25,20948.0,1847329
2025-01-14,MNQH5-MNQM5,42033382,230.55,232.65,228.55,228.55,56
2025-01-14,MNQH6,42004946,21990.75,21990.75,21990.75,21990.75,1
2025-01-14,MNQM5,42009475,21282.25,21375.0,21007.25,21174.0,5236
2025-01-14,MNQU5,42003472,21420.0,21430.0,21400.0,21420.0,5
2025-01-14,MNQZ5,42001149,21717.0,21777.0,21717.0,21777.0,8
2025-01-15,MNQH5,42003617,20948.0,21452.75,20908.75,21415.5,1498112
2025-01-15,MNQH5-MNQM5,42033382,228.15,233.85,227.95,233.85,44
2025-01-15,MNQM5,42009475,21176.0,21684.0,21135.75,21645.75,3650
2025-01-15,MNQU5,42003472,21730.0,21895.5,21703.5,21862.5,22
2025-01-15,MNQZ5,42001149,21950.0,22025.0,21950.0,22000.0,4
2025-01-16,MNQH5,42003617,21415.0,21566.75,21171.75,21234.5,1643982
2025-01-16,MNQH5-MNQM5,42033382,234.0,234.8,232.1,233.6,92
2025-01-16,MNQH6,42004946,22425.5,22425.5,22425.5,22425.5,1
2025-01-16,MNQM5,42009475,21649.25,21800.75,21405.25,21463.0,4240
2025-01-16,MNQU5,42003472,21823.25,21904.25,21675.0,21692.25,14
2025-01-16,MNQZ5,42001149,22007.5,22007.5,22007.5,22007.5,1
2025-01-17,MNQH5,42003617,21234.5,21680.0,21226.75,21590.25,1489486
2025-01-17,MNQH5-MNQM5,42033382,235.0,236.4,233.35,235.85,66
2025-01-17,MNQM5,42009475,21468.0,21910.0,21459.75,21817.0,3813
2025-01-17,MNQU5,42003472,21694.25,22109.0,21694.25,22073.0,26
2025-01-17,MNQZ5,42001149,22227.0,22350.0,22227.0,22350.0,2
2025-01-19,MNQH5,42003617,21601.0,21618.75,21527.25,21545.25,30640
2025-01-19,MNQH5-MNQM5,42033382,233.9,233.9,233.9,233.9,1
2025-01-19,MNQM5,42009475,21839.0,21849.75,21766.5,21771.5,118
2025-01-19,MNQU5,42003472,22003.5,22003.5,22003.5,22003.5,2
2025-01-20,MNQH5,42003617,21546.0,21780.0,21535.5,21732.0,601787
2025-01-20,MNQH5-MNQM5,42033382,235.6,236.45,235.1,236.15,16
2025-01-20,MNQM5,42009475,21786.0,22016.0,21775.0,21970.25,1616
2025-01-20,MNQU5,42003472,22007.25,22135.25,22007.25,22135.25,7
2025-01-21,MNQH5,42003617,21732.5,21820.0,21370.25,21809.5,1490400
2025-01-21,MNQH5-MNQM5,42033382,234.9,236.3,231.75,236.3,128
2025-01-21,MNQM5,42009475,21966.5,22055.75,21620.0,22046.75,3568
2025-01-21,MNQU5,42003472,22148.0,22225.25,21980.0,22225.25,9
2025-01-22,MNQH5,42003617,21809.75,22094.0,21804.25,21965.5,1184012
2025-01-22,MNQH5-MNQM5,42033382,236.8,239.6,235.35,239.05,34
2025-01-22,MNQM5,42009475,22047.0,22331.75,22040.75,22208.0,3441
2025-01-22,MNQU5,42003472,22306.25,22550.0,22302.5,22443.75,75
2025-01-22,MNQZ5,42001149,22555.0,22700.0,22555.0,22700.0,4
2025-01-23,MNQH5,42003617,21965.5,22051.25,21855.5,22010.75,1170782
2025-01-23,MNQH5-MNQM5,42033382,239.8,239.8,238.55,239.0,32
2025-01-23,MNQM5,42009475,22205.75,22291.75,22097.25,22255.25,2845
2025-01-23,MNQU5,42003472,22400.0,22500.0,22349.75,22487.0,11
2025-01-24,MNQH5,42003617,22011.25,22078.0,21843.25,21908.5,1264390
2025-01-24,MNQH5-MNQM5,42033382,238.95,240.0,233.25,233.25,84
2025-01-24,MNQM5,42009475,22251.0,22313.0,22082.5,22135.25,2924
2025-01-24,MNQU5,42003472,22499.75,22510.0,22318.0,22318.0,21
2025-01-26,MNQH5,42003617,21773.75,21774.0,21632.25,21666.0,60142
2025-01-26,MNQH5-MNQM5,42033382,235.9,235.9,235.15,235.15,12
2025-01-26,MNQM5,42009475,22017.0,22017.0,21869.0,21905.0,409
2025-01-26,MNQU5,42003472,22119.0,22119.0,22119.0,22119.0,1
2025-01-27,MNQH5,42003617,21665.75,21673.25,20763.75,21327.5,2597740
2025-01-27,MNQH5-MNQM5,42033382,235.35,235.9,225.5,226.6,196
2025-01-27,MNQH5-MNQU5,42009618,450.25,450.25,450.25,450.25,10
2025-01-27,MNQM5,42009475,21902.75,21908.0,20990.25,21553.25,11127
2025-01-27,MNQU5,42003472,22119.0,22119.0,21273.5,21734.25,137
2025-01-27,MNQZ5,42001149,22175.0,22175.0,21888.0,21999.0,7
2025-01-28,MNQH5,42003617,21327.25,21626.0,21160.75,21545.5,1797397
2025-01-28,MNQH5-MNQM5,42033382,227.85,233.0,227.85,233.0,92
2025-01-28,MNQM5,42009475,21559.0,21858.75,21391.75,21784.0,4489
2025-01-28,MNQU5,42003472,21700.0,22018.0,21628.0,21975.75,44
2025-01-29,MNQH5,42003617,21547.25,21697.25,21368.0,21538.5,1829669
2025-01-29,MNQH5-MNQM5,42033382,230.0,235.2,230.0,232.0,138
2025-01-29,MNQM5,42009475,21773.0,21930.0,21600.0,21775.0,4548
2025-01-29,MNQU5,42003472,22113.5,22146.5,21900.0,22035.75,20
2025-01-30,MNQH5,42003617,21538.5,21748.75,21419.0,21698.5,1810096
2025-01-30,MNQH5-MNQM5,42033382,235.0,236.8,233.75,234.3,143
2025-01-30,MNQM5,42009475,21771.0,21983.5,21655.0,21929.0,4722
2025-01-30,MNQU5,42003472,22103.5,22203.0,21884.5,22125.5,14
2025-01-30,MNQZ5,42001149,22327.0,22327.0,22327.0,22327.0,1
2025-01-31,MNQH5,42003617,21698.25,21965.75,21531.5,21571.25,1773042
2025-01-31,MNQH5-MNQM5,42033382,234.65,238.8,232.6,237.95,83
2025-01-31,MNQH6,42004946,22840.0,22840.0,22840.0,22840.0,10
2025-01-31,MNQM5,42009475,21920.75,22204.0,21773.5,21801.25,5931
2025-01-31,MNQU5,42003472,22211.5,22399.0,22016.75,22016.75,13
2025-01-31,MNQZ5,42001149,22525.0,22525.0,22223.0,22223.0,7
2025-02-02,MNQH5,42003617,21280.25,21280.25,20940.25,21113.25,111165
2025-02-02,MNQH5-MNQM5,42033382,234.6,234.6,231.8,233.65,98
2025-02-02,MNQM5,42009475,21656.75,21696.0,21207.5,21355.0,1075
2025-02-02,MNQU5,42003472,21825.75,21825.75,21490.5,21490.5,4
2025-02-03,MNQH5,42003617,21113.25,21600.0,20975.5,21571.5,2217470
2025-02-03,MNQH5-MNQM5,42033382,231.6,234.5,227.6,231.9,284
2025-02-03,MNQM5,42009475,21345.0,21825.0,21201.5,21803.25,7715
2025-02-03,MNQU5,42003472,21500.0,22039.75,21430.75,22027.0,82
2025-02-04,MNQH5,42003617,21571.25,21694.75,21240.75,21567.25,1416163
2025-02-04,MNQH5-MNQM5,42033382,233.1,236.95,231.3,236.55,85
2025-02-04,MNQM5,42009475,21807.25,21930.0,21480.0,21803.0,4725
2025-02-04,MNQU5,42003472,21971.5,22130.0,21727.75,22057.25,27
2025-02-05,MNQH5,42003617,21567.5,21795.5,21429.0,21773.75,1322878
2025-02-05,MNQH5-MNQM5,42033382,235.3,238.2,234.65,238.2,102
2025-02-05,MNQM5,42009475,21803.0,22032.75,21669.75,22008.75,3978
2025-02-05,MNQU5,42003472,22025.0,22247.75,21980.25,22247.75,20
2025-02-06,MNQH5,42003617,21772.75,21882.0,21706.0,21854.0,1248119
2025-02-06,MNQH5-MNQM5,42033382,237.3,238.95,236.75,236.75,63
2025-02-06,MNQM5,42009475,22012.25,22118.75,21945.0,22089.75,3791
2025-02-06,MNQU5,42003472,22268.75,22315.75,22195.0,22207.5,27
2025-02-07,MNQH5,42003617,21853.25,21967.75,21553.0,21575.5,1560983
2025-02-07,MNQH5-MNQM5,42033382,237.5,240.0,232.2,236.7,58
2025-02-07,MNQM5,42009475,22094.0,22205.0,21793.0,21815.0,5549
2025-02-07,MNQU5,42003472,22335.75,22424.0,22026.0,22026.0,55
2025-02-09,MNQH5,42003617,21464.75,21656.5,21415.0,21646.5,46923
2025-02-09,MNQH5-MNQM5,42033382,236.0,237.25,236.0,237.2,31
2025-02-09,MNQM5,42009475,21721.25,21893.75,21670.0,21881.0,364
2025-02-09,MNQU5,42003472,22112.25,22112.25,22112.25,22112.25,1
2025-02-10,MNQH5,42003617,21645.25,21893.75,21642.0,21795.25,987726
2025-02-10,MNQH5-MNQM5,42033382,238.7,239.25,238.0,238.3,14
2025-02-10,MNQH6,42004946,22750.0,22750.0,22750.0,22750.0,1
2025-02-10,MNQM5,42009475,21895.0,22132.0,21884.75,22033.0,3194
2025-02-10,MNQU5,42003472,22113.0,22350.0,22113.0,22266.25,25
2025-02-11,MNQH5,42003617,21795.5,21871.25,21669.5,21811.0,1124964
2025-02-11,MNQH5-MNQM5,42033382,238.8,239.1,237.15,237.15,54
2025-02-11,MNQM5,42009475,22028.0,22106.0,21909.75,22052.0,3137
2025-02-11,MNQU5,42003472,22273.25,22305.5,22172.5,22295.0,30
2025-02-12,MNQH5,42003617,21810.5,21898.75,21510.0,21888.25,1421501
2025-02-12,MNQH5-MNQM5,42033382,237.75,238.85,236.8,237.8,145
2025-02-12,MNQH6,42004946,22500.0,22500.0,22500.0,22500.0,1
2025-02-12,MNQM5,42009475,22046.75,22135.75,21749.0,22126.5,5590
2025-02-12,MNQU5,42003472,22264.5,22371.5,21978.75,22353.5,131
2025-02-13,MNQH5,42003617,21888.0,22123.75,21752.75,22084.5,1449042
2025-02-13,MNQH5-MNQM5,42033382,238.15,239.7,238.15,239.5,82
2025-02-13,MNQH6,42004946,22800.0,23032.0,22800.0,23032.0,2
2025-02-13,MNQM5,42009475,22127.5,22369.5,21992.5,22319.75,5710
2025-02-13,MNQU5,42003472,22351.25,22588.0,22260.0,22549.25,84
2025-02-14,MNQH5,42003617,22084.75,22224.0,22042.5,22203.0,1121155
2025-02-14,MNQH5-MNQM5,42033382,239.45,241.7,239.45,241.0,41
2025-02-14,MNQH6,42004946,23132.0,23132.0,23132.0,23132.0,1
2025-02-14,MNQM5,42009475,22327.0,22464.75,22285.0,22450.0,3969
2025-02-14,MNQU5,42003472,22565.25,22690.0,22530.5,22680.0,135
2025-02-16,MNQH5,42003617,22238.0,22240.0,22196.0,22211.5,21625
2025-02-16,MNQH5-MNQM5,42033382,234.0,234.0,234.0,234.0,2
2025-02-16,MNQM5,42009475,22469.0,22482.5,22437.75,22450.5,192
2025-02-16,MNQU5,42003472,22700.0,22708.0,22690.0,22701.5,8
2025-02-17,MNQH5,42003617,22211.0,22281.75,22192.0,22220.5,307959
2025-02-17,MNQH5-MNQM5,42033382,241.25,241.8,239.3,239.3,14
2025-02-17,MNQH6,42004946,23111.5,23111.5,23111.5,23111.5,1
2025-02-17,MNQM5,42009475,22447.0,22524.75,22433.5,22460.5,1417
2025-02-17,MNQU5,42003472,22716.25,22756.0,22675.0,22694.5,23
2025-02-17,MNQZ5,42001149,22950.0,22950.0,22950.0,22950.0,1
2025-02-18,MNQH5,42003617,22220.25,22320.0,22103.0,22250.5,1141723
2025-02-18,MNQH5-MNQM5,42033382,240.9,241.9,240.7,241.3,125
2025-02-18,MNQH6,42004946,23136.5,23136.5,23136.5,23136.5,1
2025-02-18,MNQM5,42009475,22458.5,22560.0,22335.5,22489.5,4383
2025-02-18,MNQU5,42003472,22702.75,22801.5,22575.0,22695.0,172
2025-02-18,MNQZ5,42001149,23000.0,23000.0,22925.5,22925.5,3
2025-02-19,MNQH5,42003617,22249.5,22299.75,22118.0,22217.5,1141237
2025-02-19,MNQH5-MNQM5,42033382,241.5,242.8,240.25,242.8,70
2025-02-19,MNQM5,42009475,22491.0,22541.5,22360.0,22457.0,3850
2025-02-19,MNQU5,42003472,22730.0,22760.0,22600.0,22705.5,106
2025-02-19,MNQZ5,42001149,22925.0,22925.0,22925.0,22925.0,1
2025-02-20,MNQH5,42003617,22217.75,22229.5,21950.75,22161.5,1323631
2025-02-20,MNQH5-MNQM5,42033382,242.65,243.05,239.4,240.05,35
2025-02-20,MNQH5-MNQU5,42009618,462.55,462.55,462.55,462.55,1
2025-02-20,MNQM5,42009475,22457.0,22470.0,22192.0,22401.5,6493
2025-02-20,MNQU5,42003472,22680.0,22690.25,22440.5,22628.0,147
2025-02-20,MNQZ5,42001149,22736.25,22736.25,22736.25,22736.25,2
2025-02-21,MNQH5,42003617,22161.0,22245.75,21652.25,21659.5,1627720
2025-02-21,MNQH5-MNQM5,42033382,240.85,241.9,231.2,240.1,214
2025-02-21,MNQH5-MNQU5,42009618,473.0,473.0,473.0,473.0,1
2025-02-21,MNQM5,42009475,22400.5,22485.0,21891.0,21895.0,7585
2025-02-21,MNQU5,42003472,22609.0,22697.75,22128.25,22132.25,261
2025-02-21,MNQZ5,42001149,22467.25,22467.25,22350.0,22350.0,7
2025-02-23,MNQH5,42003617,21700.75,21775.0,21677.75,21758.0,40291
2025-02-23,MNQH5-MNQM5,42033382,236.0,237.0,236.0,236.0,9
2025-02-23,MNQM5,42009475,21931.25,22006.75,21910.0,21989.0,396
2025-02-23,MNQU5,42003472,22139.75,22244.25,22139.75,22240.75,15
2025-02-24,MNQH5,42003617,21758.0,21813.0,21366.5,21385.25,1736908
2025-02-24,MNQH5-MNQM5,42033382,235.1,238.4,232.45,234.2,123
2025-02-24,MNQH6,42004946,22448.0,22448.0,22448.0,22448.0,1
2025-02-24,MNQM5,42009475,21993.0,22048.75,21594.75,21617.5,7883
2025-02-24,MNQU5,42003472,22205.0,22250.0,21873.25,21873.25,136
2025-02-24,MNQZ5,42001149,22450.0,22450.0,22450.0,22450.0,1
2025-02-25,MNQH5,42003617,21385.5,21452.0,20990.5,21225.5,2152082
2025-02-25,MNQH5-MNQM5,42033382,232.6,235.15,230.4,230.4,80
2025-02-25,MNQM5,42009475,21618.5,21685.75,21222.0,21454.5,11477
2025-02-25,MNQU5,42003472,21873.25,21906.0,21460.0,21606.0,211
2025-02-25,MNQZ5,42001149,22000.0,22000.0,21728.0,21730.0,6
2025-02-26,MNQH5,42003617,21225.25,21409.75,21064.75,21213.0,1797701
2025-02-26,MNQH5-MNQM5,42033382,231.5,236.15,228.6,230.8,141
2025-02-26,MNQH5-MNQU5,42009618,463.1,463.1,463.1,463.1,1
2025-02-26,MNQM5,42009475,21453.0,21641.75,21293.0,21440.75,8523
2025-02-26,MNQU5,42003472,21697.75,21864.0,21542.0,21649.5,152
2025-02-26,MNQZ5,42001149,21998.0,21998.0,21998.0,21998.0,1
2025-02-27,MNQH5,42003617,21212.5,21386.5,20582.5,20674.0,2519885
2025-02-27,MNQH5-MNQM5,42033382,230.25,232.05,226.0,226.35,167
2025-02-27,MNQH5-MNQU5,42009618,449.25,449.25,449.0,449.0,25
2025-02-27,MNQM5,42009475,21440.75,21617.0,20806.5,20900.0,15303
2025-02-27,MNQU5,42003472,21636.0,21826.0,21031.25,21121.0,309
2025-02-27,MNQZ5,42001149,21300.0,21350.0,21300.0,21350.0,3
2025-02-28,MNQH5,42003617,20673.0,20944.25,20460.25,20910.0,2411243
2025-02-28,MNQH5-MNQM5,42033382,226.2,227.7,223.0,226.95,234
2025-02-28,MNQH5-MNQU5,42009618,444.0,444.0,433.0,433.0,19
2025-02-28,MNQM5,42009475,20904.0,21175.0,20685.25,21138.0,14846
2025-02-28,MNQU5,42003472,21134.25,21369.5,20910.0,21350.0,193
2025-02-28,MNQZ5,42001149,21350.0,21581.25,21321.25,21581.25,9
2025-03-02,MNQH5,42003617,21000.0,21036.0,20949.0,20968.75,48663
2025-03-02,MNQH5-MNQM5,42033382,226.55,226.75,226.55,226.75,8
2025-03-02,MNQM5,42009475,21200.0,21260.0,21177.5,21192.5,719
2025-03-02,MNQU5,42003472,21425.75,21454.25,21425.75,21449.0,15
2025-03-03,MNQH5,42003617,20968.5,21120.75,20317.5,20514.5,2456559
2025-03-03,MNQH5-MNQM5,42033382,226.0,230.15,221.3,222.3,177
2025-03-03,MNQH5-MNQU5,42009618,441.0,442.0,437.0,441.0,98
2025-03-03,MNQH5-MNQZ5,42009742,647.0,647.0,647.0,647.0,3
2025-03-03,MNQM5,42009475,21194.0,21349.25,20543.25,20728.75,13344
2025-03-03,MNQU5,42003472,21398.75,21553.5,20762.0,20996.0,223
2025-03-03,MNQZ5,42001149,21600.0,21600.0,21131.25,21131.25,3
2025-03-04,MNQH5,42003617,20514.75,20733.0,20075.75,20579.0,2639372
2025-03-04,MNQH5-MNQM5,42033382,222.05,224.15,217.4,224.05,208
2025-03-04,MNQM5,42009475,20735.25,20954.75,20297.5,20803.75,17633
2025-03-04,MNQU5,42003472,20956.5,21141.5,20520.0,20947.5,450
2025-03-04,MNQZ5,42001149,21200.0,21200.0,20810.0,21018.0,6
2025-03-05,MNQH5,42003617,20578.0,20725.5,20215.0,20605.5,2421789
2025-03-05,MNQH5-MNQM5,42033382,223.8,225.1,217.0,221.35,365
2025-03-05,MNQH5-MNQU5,42009618,437.65,437.65,436.95,436.95,2
2025-03-05,MNQM5,42009475,20797.75,20948.5,20436.0,20831.25,17286
2025-03-05,MNQM5-MNQU5,42006556,214.75,214.75,203.75,203.75,2
2025-03-05,MNQU5,42003472,20887.0,21140.0,20649.5,21040.5,253
2025-03-06,MNQH5,42003617,20605.0,20648.5,20002.75,20187.0,2423929
2025-03-06,MNQH5-MNQM5,42033382,220.4,225.1,211.8,216.3,491
2025-03-06,MNQH5-MNQU5,42009618,428.0,428.0,425.0,425.0,11
2025-03-06,MNQM5,42009475,20824.0,20872.5,20207.0,20405.0,28361
2025-03-06,MNQU5,42003472,21040.0,21077.75,20428.0,20602.0,406
2025-03-06,MNQZ5,42001149,21000.0,21000.0,20700.0,20700.0,8
2025-03-07,MNQH5,42003617,20187.0,20286.75,19766.0,20207.0,2657460
2025-03-07,MNQH5-MNQM5,42033382,216.15,217.25,209.0,216.35,446
2025-03-07,MNQM5,42009475,20405.75,20501.5,19980.0,20426.0,29596
2025-03-07,MNQU5,42003472,20596.5,20686.5,20187.0,20635.25,409
2025-03-07,MNQZ5,42001149,20600.0,20810.0,20450.0,20810.0,11
2025-03-09,MNQH5,42003617,20149.5,20149.5,19933.0,20034.0,94702
2025-03-09,MNQH5-MNQM5,42033382,216.5,216.5,209.8,211.05,35
2025-03-09,MNQM5,42009475,20421.25,20421.25,20143.5,20244.25,2597
2025-03-09,MNQU5,42003472,20492.75,20505.0,20400.0,20447.25,64
2025-03-09,MNQZ5,42001149,20630.0,20630.0,20630.0,20630.0,1
2025-03-10,MNQH5,42003617,20033.75,20156.0,19228.75,19304.25,2632611
2025-03-10,MNQH5-MNQM5,42033382,213.25,216.65,200.25,203.35,601
2025-03-10,MNQH5-MNQU5,42009618,405.7,406.0,400.3,405.0,36
2025-03-10,MNQH6,42004946,20500.0,20525.5,20500.0,20525.5,2
2025-03-10,MNQM5,42009475,20241.0,20372.0,19432.0,19507.5,44977
2025-03-10,MNQU5,42003472,20448.0,20560.0,19634.0,19708.75,944
2025-03-10,MNQZ5,42001149,20750.0,20750.0,19900.0,20050.0,23
2025-03-11,MNQH5,42003617,19304.5,19687.5,19140.0,19477.25,2950560
2025-03-11,MNQH5-MNQM5,42033382,203.55,209.7,199.15,205.6,554
2025-03-11,MNQH5-MNQZ5,42009742,600.0,600.0,600.0,600.0,1
2025-03-11,MNQH6,42004946,20350.0,20350.0,20350.0,20350.0,1
2025-03-11,MNQM5,42009475,19512.0,19893.25,19344.75,19683.75,41725
2025-03-11,MNQU5,42003472,19673.0,20079.0,19553.25,19865.25,336
2025-03-11,MNQZ5,42001149,19826.25,20250.0,19826.25,20250.0,10
2025-03-12,MNQH5,42003617,19478.0,19788.75,19387.0,19684.25,2396283
2025-03-12,MNQH5-MNQM5,42033382,206.15,210.45,200.0,209.4,887
2025-03-12,MNQM5,42009475,19684.0,19995.0,19592.0,19893.75,37261
2025-03-12,MNQU5,42003472,19905.25,20195.0,19800.0,20096.0,315
2025-03-12,MNQZ5,42001149,20000.0,20282.0,20000.0,20250.0,5
2025-03-13,MNQH5,42003617,19684.25,19693.75,19165.5,19359.25,2636475
2025-03-13,MNQH5-MNQM5,42033382,209.55,210.15,202.15,205.2,885
2025-03-13,MNQH5-MNQU5,42009618,409.65,409.8,409.65,409.8,2
2025-03-13,MNQM5,42009475,19899.0,19902.75,19372.5,19565.25,52525
2025-03-13,MNQM5-MNQU5,42006556,209.4,209.45,209.4,209.45,12
2025-03-13,MNQU5,42003472,20093.0,20093.0,19569.25,19780.0,446
2025-03-13,MNQZ5,42001149,19985.0,20081.0,19867.0,19867.0,5
2025-03-14,MNQH5,42003617,19358.75,19742.75,19334.5,19666.75,2014764
2025-03-14,MNQH5-MNQM5,42033382,204.35,208.65,203.25,206.75,1462
2025-03-14,MNQM5,42009475,19560.5,19949.75,19540.0,19871.0,52550
2025-03-14,MNQU5,42003472,19770.25,20155.25,19770.0,20051.0,300
2025-03-14,MNQZ5,42001149,20000.0,20000.0,20000.0,20000.0,2
2025-03-16,MNQH5,42003617,19669.5,19687.5,19551.0,19585.0,58500
2025-03-16,MNQH5-MNQM5,42033382,206.8,209.9,205.2,208.1,1589
2025-03-16,MNQM5,42009475,19894.75,19899.25,19756.75,19793.0,38373
2025-03-16,MNQU5,42003472,20067.0,20067.0,19965.0,20004.0,63
2025-03-17,MNQH5,42003617,19583.75,19959.25,19554.5,19821.0,999276
2025-03-17,MNQH5-MNQM5,42033382,208.2,211.2,203.25,208.55,6443
2025-03-17,MNQM5,42009475,19792.75,20167.75,19764.0,20029.0,849011
2025-03-17,MNQM5-MNQU5,42006556,209.4,209.55,209.4,209.55,2
2025-03-17,MNQU5,42003472,19993.0,20364.25,19972.25,20242.0,471
2025-03-17,MNQZ5,42001149,20400.0,20530.5,20394.0,20530.5,6
2025-03-18,MNQH5,42003617,19821.5,19828.75,19401.0,19504.0,657827
2025-03-18,MNQH5-MNQM5,42033382,208.4,210.0,202.0,204.8,4272
2025-03-18,MNQM5,42009475,20029.25,20038.25,19604.25,19709.0,1384080
2025-03-18,MNQU5,42003472,20233.0,20238.5,19805.0,19895.0,569
2025-03-19,MNQH5,42003617,19505.75,19935.75,19455.5,19824.0,396437
2025-03-19,MNQH5-MNQM5,42033382,204.8,208.5,202.05,207.75,3408
2025-03-19,MNQH5-MNQU5,42009618,396.75,402.15,396.75,402.15,12
2025-03-19,MNQM5,42009475,19708.25,20142.25,19658.75,20031.75,1592062
2025-03-19,MNQM5-MNQU5,42006556,203.1,203.1,203.1,203.1,3
2025-03-19,MNQU5,42003472,19912.0,20333.0,19873.25,20221.75,566
2025-03-19,MNQZ5,42001149,20300.0,20300.0,20300.0,20300.0,1
2025-03-20,MNQH5,42003617,19824.0,19898.5,19530.5,19684.75,254915
2025-03-20,MNQH5-MNQM5,42033382,207.65,209.15,198.15,202.0,4355
2025-03-20,MNQH5-MNQU5,42009618,401.5,408.7,401.5,408.7,6
2025-03-20,MNQM5,42009475,20031.75,20105.0,19734.5,19885.5,1796357
2025-03-20,MNQM5-MNQU5,42006556,194.6,204.95,194.6,204.95,7
2025-03-20,MNQU5,42003472,20212.5,20312.75,19939.5,20086.5,924
2025-03-20,MNQZ5,42001149,20247.0,20277.0,20217.0,20277.0,7
2025-03-21,MNQH5,42003617,19677.5,19728.75,19380.0,19458.0,21925
2025-03-21,MNQH5-MNQM5,42033382,203.85,205.15,193.95,201.3,612
2025-03-21,MNQM5,42009475,19885.75,19977.75,19602.5,19971.0,1765275
2025-03-21,MNQM5-MNQU5,42006556,207.8,207.8,194.75,194.75,8
2025-03-21,MNQU5,42003472,20096.0,20177.25,19815.25,20153.5,2089
2025-03-21,MNQZ5,42001149,20264.25,20264.25,20264.25,20264.25,1
2025-03-23,MNQM5,42009475,20052.25,20114.5,20048.0,20108.0,53446
2025-03-23,MNQU5,42003472,20222.0,20307.5,20222.0,20307.5,201
2025-03-23,MNQZ5,42001149,20425.5,20425.5,20425.5,20425.5,1
2025-03-24,MNQM5,42009475,20108.25,20409.25,20096.25,20354.5,1286119
2025-03-24,MNQM5-MNQU5,42006556,198.6,204.55,198.6,204.55,13
2025-03-24,MNQU5,42003472,20308.25,20610.5,20295.0,20559.5,2966
2025-03-24,MNQZ5,42001149,20495.0,20778.0,20495.0,20778.0,8
2025-03-25,MNQM5,42009475,20355.0,20534.25,20292.0,20523.75,1258833
2025-03-25,MNQM5-MNQU5,42006556,201.15,210.75,200.95,210.75,46
2025-03-25,MNQU5,42003472,20559.5,20740.0,20500.0,20733.0,2310
2025-03-25,MNQZ5,42001149,20777.75,20922.75,20772.0,20920.0,10
2025-03-26,MNQM5,42009475,20523.5,20536.75,20003.0,20058.75,1647873
2025-03-26,MNQM5-MNQU5,42006556,210.95,211.55,197.75,208.75,68
2025-03-26,MNQU5,42003472,20725.0,20744.0,20202.5,20273.0,3009
2025-03-26,MNQZ5,42001149,20885.0,20892.75,20420.0,20420.0,32
2025-03-27,MNQM5,42009475,20059.25,20199.0,19937.75,19965.25,1863417
2025-03-27,MNQM5-MNQU5,42006556,201.35,201.35,201.35,201.35,7
2025-03-27,MNQU5,42003472,20252.25,20400.0,20140.0,20165.0,2798
2025-03-27,MNQZ5,42001149,20508.75,20591.0,20363.75,20442.75,30
2025-03-28,MNQH6,42004946,20050.5,20050.5,20050.0,20050.0,2
2025-03-28,MNQM5,42009475,19964.75,20008.75,19360.75,19362.25,1905307
2025-03-28,MNQM5-MNQU5,42006556,204.25,204.25,186.35,186.35,172
2025-03-28,MNQU5,42003472,20160.75,20206.75,19550.0,19550.0,4929
2025-03-28,MNQZ5,42001149,20384.0,20384.0,19777.0,19778.0,53
2025-03-30,MNQM5,42009475,19317.75,19365.0,19215.0,19257.75,82902
2025-03-30,MNQM5-MNQU5,42006556,183.05,183.05,182.45,182.45,4
2025-03-30,MNQU5,42003472,19506.75,19547.0,19407.75,19442.0,494
2025-03-30,MNQZ5,42001149,19650.0,19650.0,19650.0,19650.0,1
2025-03-31,MNQH6,42004946,19700.0,19810.0,19700.0,19810.0,10
2025-03-31,MNQM5,42009475,19256.5,19489.5,18976.75,19359.0,2138368
2025-03-31,MNQM5-MNQU5,42006556,182.25,188.7,179.65,188.7,130
2025-03-31,MNQU5,42003472,19429.5,19675.75,19162.5,19545.5,5139
2025-03-31,MNQZ5,42001149,19560.0,19800.0,19349.75,19800.0,58
2025-04-01,MNQM5,42009475,19359.0,19693.25,19261.25,19644.0,2244772
2025-04-01,MNQM5-MNQU5,42006556,186.1,191.25,185.9,191.15,52
2025-04-01,MNQU5,42003472,19535.25,19884.0,19450.0,19843.75,5542
2025-04-01,MNQZ5,42001149,19740.25,20000.0,19740.25,20000.0,19
2025-04-02,MNQM5,42009475,19643.75,20045.25,18817.5,18880.25,2575408
2025-04-02,MNQM5-MNQU5,42006556,191.15,200.1,184.25,184.25,159
2025-04-02,MNQU5,42003472,19828.0,20232.75,19002.5,19061.75,5713
2025-04-02,MNQZ5,42001149,19815.0,20395.25,19223.5,19223.5,57
2025-04-03,MNQM5,42009475,18879.0,19176.75,18591.25,18654.25,2346504
2025-04-03,MNQM5-MNQU5,42006556,183.65,183.65,173.85,173.85,535
2025-04-03,MNQU5,42003472,19090.25,19358.0,18770.0,18824.5,6982
2025-04-03,MNQZ5,42001149,19295.0,19500.0,18980.0,19020.0,90
2025-04-04,MNQM5,42009475,18654.25,18713.25,17387.0,17486.25,3254605
2025-04-04,MNQM5-MNQU5,42006556,173.65,173.65,159.25,162.0,214
2025-04-04,MNQU5,42003472,18834.25,18884.25,17546.75,17644.0,8697
2025-04-04,MNQZ5,42001149,18946.0,18989.75,17732.25,17800.0,200
2025-04-06,MNQH6,42004946,17500.0,17500.0,17117.0,17150.5,5
2025-04-06,MNQM5,42009475,17126.25,17126.25,16452.5,16720.75,217142
2025-04-06,MNQM5-MNQU5,42006556,138.05,142.0,138.05,138.65,60
2025-04-06,MNQU5,42003472,17452.75,17452.75,16599.0,16860.75,1279
2025-04-06,MNQZ5,42001149,16866.5,17100.0,16859.0,16998.75,23
2025-04-07,MNQH6,42004946,17097.75,18000.0,17097.75,18000.0,5
2025-04-07,MNQM5,42009475,16721.0,18360.25,16480.25,17765.0,3373454
2025-04-07,MNQM5-MNQU5,42006556,148.45,168.7,140.85,161.35,237
2025-04-07,MNQU5,42003472,16890.0,18512.0,16630.0,17911.25,7744
2025-04-07,MNQZ5,42001149,17100.0,18440.0,16933.75,17978.5,88
2025-04-08,MNQH6,42004946,18347.0,18347.0,18347.0,18347.0,1
2025-04-08,MNQM5,42009475,17763.5,18357.25,16870.25,16992.5,2963209
2025-04-08,MNQM5-MNQU5,42006556,165.4,171.8,151.05,156.2,224
2025-04-08,MNQU5,42003472,17908.0,18523.5,17027.5,17137.75,6600
2025-04-08,MNQZ5,42001149,17978.5,18669.5,17316.75,17338.75,86
2025-04-09,MNQH6,42004946,18300.0,18300.0,18300.0,18300.0,1
2025-04-09,MNQM5,42009475,16992.0,19388.0,16735.0,19313.25,2999048
2025-04-09,MNQM5-MNQU5,42006556,150.85,187.6,148.05,187.6,537
2025-04-09,MNQM5-MNQZ5,42009109,335.0,335.0,335.0,335.0,10
2025-04-09,MNQM6,42004936,17496.0,17496.0,17463.25,17463.25,13
2025-04-09,MNQU5,42003472,17145.5,19562.5,16888.0,19510.25,7947
2025-04-09,MNQU5-MNQZ5,42006155,161.15,161.15,161.15,161.15,1
2025-04-09,MNQZ5,42001149,17337.5,19737.5,17060.0,19695.0,126
2025-04-10,MNQM5,42009475,19312.75,19336.25,17918.25,18356.75,2874606
2025-04-10,MNQM5-MNQU5,42006556,182.95,182.95,169.85,178.0,79
2025-04-10,MNQU5,42003472,19475.0,19520.25,18094.0,18529.25,6744
2025-04-10,MNQZ5,42001149,19680.0,19680.0,18318.0,18854.0,97
2025-04-11,MNQM5,42009475,18355.25,18873.25,18071.75,18819.0,2395450
2025-04-11,MNQM5-MNQU5,42006556,176.75,181.65,171.8,181.1,182
2025-04-11,MNQU5,42003472,18529.75,19052.0,18250.0,18983.25,4158
2025-04-11,MNQZ5,42001149,18601.0,19225.0,18550.0,19180.0,36
2025-04-13,MNQM5,42009475,19163.75,19253.0,18924.75,19013.0,108558
2025-04-13,MNQM5-MNQU5,42006556,178.05,183.35,177.85,181.0,8
2025-04-13,MNQU5,42003472,19216.75,19357.75,19120.25,19186.75,343
2025-04-13,MNQZ5,42001149,19418.0,19418.0,19312.5,19316.0,9
2025-04-14,MNQH6,42004946,19764.0,19764.0,19764.0,19764.0,2
2025-04-14,MNQM5,42009475,19013.25,19255.75,18738.5,18850.25,2127400
2025-04-14,MNQM5-MNQU5,42006556,181.0,185.55,181.0,185.55,27
2025-04-14,MNQU5,42003472,19218.5,19440.0,18926.25,19033.25,3460
2025-04-14,MNQZ5,42001149,19415.0,19614.5,19165.0,19219.25,35
2025-04-15,MNQM5,42009475,18849.25,19144.75,18692.5,18728.25,1832001
2025-04-15,MNQM5-MNQU5,42006556,185.95,186.35,181.25,181.8,127
2025-04-15,MNQU5,42003472,19050.0,19332.75,18878.25,18912.0,1886
2025-04-15,MNQZ5,42001149,19224.75,19500.0,19174.0,19174.0,25
2025-04-16,MNQH6,42004946,18890.0,18890.0,18890.0,18890.0,1
2025-04-16,MNQM5,42009475,18728.25,18861.0,18116.25,18402.5,2173878
2025-04-16,MNQM5-MNQU5,42006556,181.8,181.8,176.25,176.25,13
2025-04-16,MNQU5,42003472,18902.25,19038.25,18283.5,18570.0,3262
2025-04-16,MNQZ5,42001149,19050.0,19200.0,18480.0,18754.0,47
2025-04-17,MNQH6,42004946,19000.0,19000.0,19000.0,19000.0,1
2025-04-17,MNQM5,42009475,18402.5,18652.0,18261.25,18430.0,1981651
2025-04-17,MNQM5-MNQU5,42006556,179.95,182.15,177.75,180.0,92
2025-04-17,MNQU5,42003472,18603.75,18827.5,18440.0,18604.75,2158
2025-04-17,MNQZ5,42001149,18781.0,18980.0,18712.5,18712.5,23
2025-04-20,MNQM5,42009475,18307.5,18384.75,18220.0,18314.25,53523
2025-04-20,MNQM5-MNQU5,42006556,180.25,182.35,180.25,182.35,5
2025-04-20,MNQU5,42003472,18534.75,18568.25,18434.75,18495.0,160
2025-04-20,MNQZ5,42001149,18712.5,18712.5,18712.5,18712.5,1
2025-04-21,MNQH6,42004946,18500.0,18500.0,18200.0,18200.0,2
2025-04-21,MNQM5,42009475,18314.0,18374.0,17700.0,18003.25,1603867
2025-04-21,MNQM5-MNQU5,42006556,180.25,180.25,168.8,171.95,95
2025-04-21,MNQU5,42003472,18500.5,18552.25,17873.5,18175.5,2658
2025-04-21,MNQZ5,42001149,18548.5,18595.5,18041.5,18329.0,46
2025-04-22,MNQH6,42004946,18567.75,18567.75,18567.75,18567.75,1
2025-04-22,MNQM5,42009475,18002.75,18801.25,17949.25,18761.25,1941582
2025-04-22,MNQM5-MNQU5,42006556,172.2,183.75,172.2,183.75,45
2025-04-22,MNQU5,42003472,18171.0,18985.0,18124.25,18951.0,3484
2025-04-22,MNQZ5,42001149,18359.0,19156.5,18312.0,19156.5,44
2025-04-23,MNQH6,42004946,19168.75,19512.5,19168.75,19512.5,2
2025-04-23,MNQM5,42009475,18761.5,19165.75,18624.25,18839.5,2072018
2025-04-23,MNQM5-MNQU5,42006556,184.7,186.0,181.7,182.05,9
2025-04-23,MNQU5,42003472,18941.25,19350.0,18811.75,19036.25,3715
2025-04-23,MNQZ5,42001149,19074.0,19498.0,19074.0,19118.0,72
2025-04-24,MNQH6,42004946,19850.0,19850.0,19850.0,19850.0,1
2025-04-24,MNQM5,42009475,18839.25,19436.0,18595.0,19412.5,1893433
2025-04-24,MNQM5-MNQU5,42006556,186.65,189.15,186.0,189.15,16
2025-04-24,MNQU5,42003472,19026.5,19624.75,18780.0,19602.0,3595
2025-04-24,MNQZ5,42001149,19000.0,19781.75,18975.0,19780.0,74
2025-04-25,MNQH6,42004946,20000.0,20045.0,19780.0,20045.0,5
2025-04-25,MNQM5,42009475,19412.75,19590.0,19215.25,19554.75,1930628
2025-04-25,MNQM5-MNQU5,42006556,189.35,191.15,185.05,185.05,26
2025-04-25,MNQU5,42003472,19595.0,19763.75,19409.5,19750.0,3826
2025-04-25,MNQZ5,42001149,19780.0,19946.0,19630.5,19946.0,44
2025-04-27,MNQM5,42009475,19524.5,19526.75,19435.0,19454.25,60061
2025-04-27,MNQU5,42003472,19721.25,19721.25,19623.5,19648.25,177
2025-04-28,MNQM5,42009475,19454.0,19622.75,19257.75,19528.5,1673915
2025-04-28,MNQM5-MNQU5,42006556,187.2,187.2,185.6,185.6,8
2025-04-28,MNQU5,42003472,19654.0,19812.75,19450.0,19716.5,2980
2025-04-28,MNQZ5,42001149,19769.75,19902.0,19631.0,19873.75,19
2025-04-29,MNQM5,42009475,19528.5,19692.5,19379.25,19563.25,1624751
2025-04-29,MNQM5-MNQU5,42006556,188.25,188.25,186.7,186.7,181
2025-04-29,MNQU5,42003472,19707.5,19876.0,19567.0,19754.5,2794
2025-04-29,MNQZ5,42001149,19868.5,20035.0,19841.0,19934.75,55
2025-04-30,MNQH6,42004946,20395.0,20395.0,20395.0,20395.0,1
2025-04-30,MNQM5,42009475,19563.25,19936.0,19102.25,19917.0,2051058
2025-04-30,MNQM5-MNQU5,42006556,185.0,187.35,181.85,187.35,37
2025-04-30,MNQU5,42003472,19743.0,20125.5,19279.25,20104.25,4571
2025-04-30,MNQZ5,42001149,19934.75,20288.25,19485.0,20288.25,87
2025-05-01,MNQM5,42009475,19917.75,20125.25,19748.25,19790.25,1730501
2025-05-01,MNQM5-MNQU5,42006556,187.55,190.55,186.1,186.1,20
2025-05-01,MNQU5,42003472,20104.75,20310.0,19939.25,19982.0,4173
2025-05-01,MNQZ5,42001149,20290.0,20482.25,20172.0,20172.0,98
2025-05-02,MNQH6,42004946,20395.5,20395.5,20395.5,20395.5,1
2025-05-02,MNQM5,42009475,19791.25,20277.0,19754.5,20200.5,1607093
2025-05-02,MNQM5-MNQU5,42006556,185.95,196.75,185.5,194.95,72
2025-05-02,MNQU5,42003472,19978.25,20471.25,19944.0,20410.25,3902
2025-05-02,MNQZ5,42001149,20158.75,20642.0,20158.75,20603.5,72
2025-05-04,MNQM5,42009475,20182.0,20200.0,20052.75,20085.25,58079
2025-05-04,MNQU5,42003472,20408.0,20408.0,20251.0,20277.75,222
2025-05-04,MNQZ5,42001149,20487.5,20487.5,20480.5,20480.5,2
2025-05-05,MNQM5,42009475,20085.25,20191.25,19966.25,20008.5,1302402
2025-05-05,MNQM5-MNQU5,42006556,197.3,201.0,197.3,201.0,7
2025-05-05,MNQU5,42003472,20277.5,20387.5,20168.0,20205.5,2086
2025-05-05,MNQZ5,42001149,20411.5,20500.75,20345.5,20395.25,28
2025-05-06,MNQM5,42009475,20009.0,20136.25,19738.25,20067.5,1721228
2025-05-06,MNQM5-MNQU5,42006556,196.5,196.5,191.5,194.2,16
2025-05-06,MNQU5,42003472,20207.75,20317.5,19933.5,20261.5,3406
2025-05-06,MNQZ5,42001149,20279.75,20354.25,20130.0,20354.25,14
2025-05-07,MNQH6,42004946,20370.0,20370.0,20370.0,20370.0,1
2025-05-07,MNQM5,42009475,20067.0,20107.0,19678.5,19952.25,1763972
2025-05-07,MNQM5-MNQU5,42006556,191.35,195.4,190.75,194.5,51
2025-05-07,MNQU5,42003472,20252.0,20300.0,19866.0,20138.5,3184
2025-05-07,MNQZ5,42001149,20334.0,20366.0,20228.0,20350.5,18
2025-05-08,MNQH6,42004946,20635.0,20635.0,20635.0,20635.0,1
2025-05-08,MNQM5,42009475,19952.5,20337.5,19925.25,20139.25,1781616
2025-05-08,MNQM5-MNQU5,42006556,195.2,198.55,195.2,196.0,23
2025-05-08,MNQU5,42003472,20155.0,20534.5,20121.0,20335.0,4771
2025-05-08,MNQZ5,42001149,20350.0,20723.0,20350.0,20532.5,94
2025-05-09,MNQH6,42004946,20635.0,20760.0,20635.0,20760.0,2
2025-05-09,MNQM5,42009475,20138.75,20290.0,20057.5,20146.5,1407879
2025-05-09,MNQM5-MNQU5,42006556,197.0,199.75,197.0,199.75,7
2025-05-09,MNQU5,42003472,20325.75,20485.0,20257.75,20332.0,2878
2025-05-09,MNQZ5,42001149,20561.25,20625.0,20460.0,20519.25,47
2025-05-11,MNQM5,42009475,20373.75,20502.75,20373.75,20453.0,93493
2025-05-11,MNQM5-MNQU5,42006556,194.2,199.4,194.2,199.4,6
2025-05-11,MNQU5,42003472,20522.75,20700.5,20522.75,20650.75,574
2025-05-11,MNQZ5,42001149,20741.75,20881.5,20741.75,20865.0,36
2025-05-12,MNQM5,42009475,20452.25,20996.0,20441.5,20908.5,1707546
2025-05-12,MNQM5-MNQU5,42006556,199.95,209.95,199.55,207.95,266
2025-05-12,MNQU5,42003472,20648.0,21205.0,20647.25,21117.75,5023
2025-05-12,MNQZ5,42001149,20839.5,21386.0,20839.5,21342.25,220
2025-05-13,MNQM5,42009475,20908.5,21347.0,20818.25,21292.25,1392841
2025-05-13,MNQM5-MNQU5,42006556,209.3,216.1,206.8,213.85,374
2025-05-13,MNQU5,42003472,21109.0,21560.75,21031.25,21505.0,4639
2025-05-13,MNQZ5,42001149,21306.0,21755.0,21241.0,21665.25,140
2025-05-14,MNQM5,42009475,21292.5,21419.75,21237.0,21375.5,1423948
2025-05-14,MNQM5-MNQU5,42006556,215.95,218.75,215.95,218.75,28
2025-05-14,MNQU5,42003472,21500.0,21637.75,21455.0,21590.5,3503
2025-05-14,MNQZ5,42001149,21684.75,21836.5,21664.5,21780.75,81
2025-05-15,MNQM5,42009475,21374.75,21529.75,21192.25,21414.75,1371173
2025-05-15,MNQM5-MNQU5,42006556,218.65,218.65,215.7,217.55,18
2025-05-15,MNQU5,42003472,21598.0,21746.0,21410.0,21627.5,3553
2025-05-15,MNQZ5,42001149,21788.25,21949.5,21628.5,21823.0,408
2025-05-16,MNQM5,42009475,21415.0,21513.0,21320.0,21404.25,1111195
2025-05-16,MNQM5-MNQU5,42006556,217.55,223.45,217.0,220.65,85
2025-05-16,MNQU5,42003472,21633.0,21739.25,21541.25,21640.0,2464
2025-05-16,MNQZ5,42001149,21859.25,21944.5,21755.25,21944.5,98
2025-05-18,MNQM5,42009475,21313.5,21417.5,21286.5,21381.5,63721
2025-05-18,MNQU5,42003472,21576.5,21639.25,21492.0,21602.5,333
2025-05-18,MNQZ5,42001149,21765.0,21824.25,21765.0,21824.25,9
2025-05-19,MNQM5,42009475,21381.75,21561.0,21112.25,21539.75,1358500
2025-05-19,MNQM5-MNQU5,42006556,221.5,223.75,220.5,223.75,28
2025-05-19,MNQU5,42003472,21599.0,21782.5,21335.5,21760.25,3870
2025-05-19,MNQZ5,42001149,21788.5,21989.5,21558.75,21983.0,443
2025-05-20,MNQM5,42009475,21539.0,21562.25,21298.0,21431.75,1226689
2025-05-20,MNQM5-MNQU5,42006556,224.55,224.55,221.65,222.65,72
2025-05-20,MNQU5,42003472,21760.75,21782.25,21522.0,21650.0,2796
2025-05-20,MNQZ5,42001149,21983.0,22011.75,21736.25,21863.75,263
2025-05-21,MNQM5,42009475,21431.75,21558.5,21071.75,21147.25,1690053
2025-05-21,MNQM5-MNQU5,42006556,222.45,224.2,219.0,219.2,104
2025-05-21,MNQU5,42003472,21654.75,21781.25,21293.25,21366.5,5202
2025-05-21,MNQZ5,42001149,21863.75,21995.25,21532.75,21566.75,233
2025-05-22,MNQM5,42009475,21147.0,21337.75,21039.25,21178.75,1448076
2025-05-22,MNQM5-MNQU5,42006556,220.15,223.3,219.55,219.8,41
2025-05-22,MNQU5,42003472,21358.25,21559.25,21260.0,21400.5,3882
2025-05-22,MNQZ5,42001149,21643.0,21757.0,21463.25,21635.0,67
2025-05-23,MNQM5,42009475,21179.5,21231.5,20727.5,20953.25,1580397
2025-05-23,MNQM5-MNQU5,42006556,220.5,220.5,214.05,216.5,157
2025-05-23,MNQU5,42003472,21403.75,21451.0,20944.25,21163.0,4539
2025-05-23,MNQZ5,42001149,21615.0,21635.0,21170.5,21411.25,171
2025-05-25,MNQM5,42009475,20978.75,21226.75,20955.25,21188.75,70236
2025-05-25,MNQM5-MNQU5,42006556,221.3,221.3,219.1,219.1,2
2025-05-25,MNQU5,42003472,21194.25,21441.0,21194.25,21404.5,497
2025-05-25,MNQZ5,42001149,21423.25,21623.25,21423.25,21610.0,4
2025-05-26,MNQM5,42009475,21188.5,21307.75,21167.0,21236.0,361931
2025-05-26,MNQM5-MNQU5,42006556,218.05,221.7,218.05,219.35,20
2025-05-26,MNQU5,42003472,21413.75,21527.5,21387.0,21451.0,1201
2025-05-26,MNQZ5,42001149,21638.0,21719.0,21600.0,21675.75,28
2025-05-27,MNQM5,42009475,21236.0,21488.25,21142.0,21470.5,1145350
2025-05-27,MNQM5-MNQU5,42006556,221.15,222.9,219.6,222.0,102
2025-05-27,MNQU5,42003472,21454.5,21710.0,21362.75,21700.0,3345
2025-05-27,MNQU5-MNQZ5,42006155,209.0,209.0,209.0,209.0,2
2025-05-27,MNQZ5,42001149,21631.25,21916.25,21600.0,21900.75,189
2025-05-28,MNQH6,42004946,22200.0,22200.0,22200.0,22200.0,1
2025-05-28,MNQM5,42009475,21470.0,21776.0,21320.0,21766.0,1281251
2025-05-28,MNQM5-MNQU5,42006556,221.3,225.15,221.2,225.15,194
2025-05-28,MNQM5-MNQZ5,42009109,437.0,441.75,437.0,441.75,2
2025-05-28,MNQU5,42003472,21688.0,22003.75,21550.0,21986.25,4660
2025-05-28,MNQZ5,42001149,21900.75,22208.0,21783.75,22172.75,141
2025-05-29,MNQM5,42009475,21766.25,21858.75,21301.0,21317.0,1603605
2025-05-29,MNQM5-MNQU5,42006556,225.35,228.15,221.7,223.45,282
2025-05-29,MNQM5-MNQZ5,42009109,441.0,441.0,435.5,435.5,5
2025-05-29,MNQU5,42003472,21990.75,22085.0,21525.25,21541.75,6554
2025-05-29,MNQZ5,42001149,22149.5,22274.0,21735.0,21817.0,254
2025-05-30,MNQM5,42009475,21317.0,21433.25,21071.5,21369.0,1552911
2025-05-30,MNQM5-MNQU5,42006556,224.3,224.3,219.75,222.0,86
2025-05-30,MNQU5,42003472,21545.0,21655.0,21287.5,21578.0,4724
2025-05-30,MNQZ5,42001149,21729.0,21854.75,21516.0,21805.75,101
2025-06-01,MNQM5,42009475,21304.5,21348.5,21276.75,21303.5,48386
2025-06-01,MNQM5-MNQU5,42006556,221.45,221.45,220.7,220.7,7
2025-06-01,MNQU5,42003472,21560.0,21569.5,21500.0,21526.75,213
2025-06-02,MNQM5,42009475,21303.75,21576.75,21163.0,21494.75,1175342
2025-06-02,MNQM5-MNQU5,42006556,220.7,229.0,220.7,224.6,142
2025-06-02,MNQU5,42003472,21527.0,21798.0,21388.0,21719.5,4682
2025-06-02,MNQZ5,42001149,21749.5,22008.0,21650.0,21950.0,113
2025-06-03,MNQM5,42009475,21495.75,21759.75,21398.25,21705.25,1125347
2025-06-03,MNQM5-MNQU5,42006556,225.0,225.5,222.5,225.5,125
2025-06-03,MNQM5-MNQZ5,42009109,442.55,443.0,442.55,443.0,4
2025-06-03,MNQU5,42003472,21715.75,21985.25,21625.0,21930.75,5353
2025-06-03,MNQZ5,42001149,21911.25,22193.0,21871.0,22140.0,125
2025-06-04,MNQM5,42009475,21705.5,21802.75,21641.0,21741.25,1119754
2025-06-04,MNQM5-MNQU5,42006556,225.2,230.0,224.65,229.75,93
2025-06-04,MNQU5,42003472,21925.0,22033.0,21864.75,21963.75,6935
2025-06-04,MNQZ5,42001149,22119.75,22233.5,22090.0,22199.25,38
2025-06-05,MNQM5,42009475,21742.0,21936.25,21471.0,21546.0,1629071
2025-06-05,MNQM5-MNQU5,42006556,226.5,230.85,222.9,224.4,364
2025-06-05,MNQU5,42003472,21964.75,22165.0,21699.75,21775.5,15227
2025-06-05,MNQZ5,42001149,22194.5,22370.0,21930.0,21988.5,187
2025-06-06,MNQM5,42009475,21545.25,21880.0,21544.0,21809.75,1177087
2025-06-06,MNQM5-MNQU5,42006556,224.8,228.95,222.0,227.95,270
2025-06-06,MNQU5,42003472,21772.75,22102.75,21772.0,22039.0,7884
2025-06-06,MNQZ5,42001149,22002.25,22310.0,22002.25,22251.0,106
2025-06-08,MNQM5,42009475,21799.25,21821.0,21726.75,21761.75,50546
2025-06-08,MNQM5-MNQU5,42006556,235.0,235.0,228.6,228.6,6
2025-06-08,MNQU5,42003472,22036.0,22062.0,21955.5,21991.75,404
2025-06-08,MNQZ5,42001149,22258.25,22258.25,22254.0,22254.0,5
2025-06-09,MNQM5,42009475,21762.5,21892.5,21716.5,21832.0,957234
2025-06-09,MNQM5-MNQU5,42006556,229.05,229.5,225.75,226.0,98
2025-06-09,MNQU5,42003472,21984.75,22119.75,21946.0,22060.75,5898
2025-06-09,MNQZ5,42001149,22202.0,22325.5,22179.5,22279.25,66
2025-06-10,MNQM5,42009475,21833.0,22002.0,21732.0,21954.75,1264531
2025-06-10,MNQM5-MNQU5,42006556,228.95,229.45,226.2,227.8,238
2025-06-10,MNQM5-MNQZ5,42009109,443.0,443.0,443.0,443.0,5
2025-06-10,MNQU5,42003472,22056.75,22229.5,21960.0,22181.75,12152
2025-06-10,MNQZ5,42001149,22288.0,22438.5,22180.0,22397.25,209
2025-06-11,MNQM5,42009475,21954.25,22094.0,21790.25,21838.5,1520869
2025-06-11,MNQM5-MNQU5,42006556,227.1,229.25,224.25,224.25,626
2025-06-11,MNQU5,42003472,22178.5,22329.75,22013.25,22062.25,16766
2025-06-11,MNQZ5,42001149,22400.0,22526.25,22240.5,22278.0,233
2025-06-12,MNQM5,42009475,21838.25,21977.5,21716.5,21784.0,1239741
2025-06-12,MNQM5-MNQU5,42006556,224.25,228.75,223.2,224.6,1050
2025-06-12,MNQM5-MNQZ5,42009109,436.0,436.0,436.0,436.0,5
2025-06-12,MNQU5,42003472,22064.0,22202.0,21939.25,22009.75,23442
2025-06-12,MNQZ5,42001149,22267.0,22400.0,22170.0,22238.5,134
2025-06-13,MNQM5,42009475,21785.0,21855.75,21470.5,21654.0,1632670
2025-06-13,MNQM5-MNQU5,42006556,224.0,224.7,214.5,214.55,4631
2025-06-13,MNQU5,42003472,22010.25,22075.5,21688.25,21865.75,196624
2025-06-13,MNQU5-MNQZ5,42006155,212.05,212.05,212.05,212.05,1
2025-06-13,MNQZ5,42001149,22218.5,22287.0,21935.0,22063.5,321
2025-06-15,MNQM5,42009475,21566.5,21702.25,21505.0,21687.25,44346
2025-06-15,MNQM5-MNQU5,42006556,216.1,216.9,213.2,216.15,398
2025-06-15,MNQU5,42003472,21784.0,21916.0,21722.0,21903.75,38781
2025-06-15,MNQU5-MNQZ5,42006155,211.85,220.35,211.85,220.35,2
2025-06-15,MNQZ5,42001149,21990.0,22122.25,21962.75,22113.25,24
2025-06-16,MNQM5,42009475,21687.25,21996.5,21659.75,21791.5,393748
2025-06-16,MNQM5-MNQU5,42006556,216.2,228.45,215.6,225.8,10469
2025-06-16,MNQM5-MNQZ5,42009109,431.0,437.8,431.0,437.8,31
2025-06-16,MNQU5,42003472,21903.5,22224.5,21876.75,22015.75,741218
2025-06-16,MNQU5-MNQZ5,42006155,211.65,211.65,210.65,210.8,7
2025-06-16,MNQZ5,42001149,22125.0,22437.25,22102.25,22238.0,436
2025-06-17,MNQM5,42009475,21792.25,21907.75,21639.5,21680.5,305999
2025-06-17,MNQM5-MNQU5,42006556,225.0,229.0,222.25,225.25,7467
2025-06-17,MNQM5-MNQZ5,42009109,443.0,443.0,435.75,437.0,16
2025-06-17,MNQU5,42003472,22016.5,22136.5,21862.75,21905.5,1198375
2025-06-17,MNQU5-MNQZ5,42006155,213.75,219.75,210.95,210.95,16
2025-06-17,MNQZ5,42001149,22231.5,22349.5,22084.5,22120.5,345
2025-06-18,MNQM5,42009475,21680.75,21872.75,21660.0,21723.75,196410
2025-06-18,MNQM5-MNQU5,42006556,226.0,227.2,222.25,225.2,4346
2025-06-18,MNQM5-MNQZ5,42009109,440.0,444.5,440.0,444.0,8
2025-06-18,MNQU5,42003472,21905.75,22098.75,21883.0,21948.75,1209057
2025-06-18,MNQU5-MNQZ5,42006155,213.7,219.95,211.75,219.95,11
2025-06-18,MNQZ5,42001149,22136.5,22306.25,22117.5,22160.0,507
2025-06-19,MNQH6,42004946,22174.5,22174.5,22174.5,22174.5,1
2025-06-19,MNQM5,42009475,21724.0,21726.25,21433.5,21669.75,53933
2025-06-19,MNQM5-MNQU5,42006556,224.7,224.7,213.45,221.65,3198
2025-06-19,MNQU5,42003472,21948.25,21952.75,21650.25,21887.0,515865
2025-06-19,MNQU5-MNQZ5,42006155,220.15,220.35,211.45,211.45,11
2025-06-19,MNQZ5,42001149,22152.0,22152.0,21877.0,22092.5,485
2025-06-20,MNQH6,42004946,22291.5,22495.75,22210.5,22210.5,6
2025-06-20,MNQM5,42009475,21667.75,21899.0,21630.0,21855.5,13645
2025-06-20,MNQM5-MNQU5,42006556,219.2,230.0,210.0,210.0,725
2025-06-20,MNQM5-MNQZ5,42009109,436.0,436.0,436.0,436.0,4
2025-06-20,MNQM6,42004936,22626.0,22626.0,22626.0,22626.0,1
2025-06-20,MNQU5,42003472,21887.0,22130.75,21760.0,21874.0,1508977
2025-06-20,MNQU5-MNQH6,42012390,421.0,421.0,421.0,421.0,3
2025-06-20,MNQU5-MNQZ5,42006155,213.3,216.8,213.3,213.8,78
2025-06-20,MNQZ5,42001149,22102.0,22340.0,21982.75,22075.5,1778
2025-06-22,MNQU5,42003472,21648.25,21786.0,21562.0,21760.75,86952
2025-06-22,MNQU5-MNQZ5,42006155,216.7,216.7,216.7,216.7,4
2025-06-22,MNQZ5,42001149,21898.0,21987.25,21807.75,21984.0,359
2025-06-23,MNQH6,42004946,22174.0,22585.0,22134.5,22585.0,19
2025-06-23,MNQM6,42004936,22431.0,22592.5,22431.0,22592.5,2
2025-06-23,MNQU5,42003472,21760.75,22256.25,21707.25,22236.25,1568350
2025-06-23,MNQU5-MNQZ5,42006155,214.6,218.0,211.85,216.3,70
2025-06-23,MNQZ5,42001149,21960.0,22473.0,21924.75,22458.5,2658
2025-06-24,MNQH6,42004946,22680.0,22845.0,22680.0,22845.0,46
2025-06-24,MNQM6,42004936,22901.0,22901.0,22901.0,22901.0,1
2025-06-24,MNQU5,42003472,22237.0,22447.75,22194.0,22424.25,1082482
2025-06-24,MNQU5-MNQZ5,42006155,214.05,218.25,213.25,213.25,153
2025-06-24,MNQU6,42004800,23150.0,23150.0,23150.0,23150.0,1
2025-06-24,MNQZ5,42001149,22453.25,22664.75,22410.0,22634.25,1996
2025-06-25,MNQH6,42004946,22850.0,22955.0,22841.25,22841.25,16
2025-06-25,MNQM6,42004936,23099.0,23099.0,23099.0,23099.0,1
2025-06-25,MNQU5,42003472,22425.0,22548.25,22388.25,22465.0,1041493
2025-06-25,MNQU5-MNQZ5,42006155,218.9,218.95,216.15,218.95,48
2025-06-25,MNQZ5,42001149,22630.5,22764.0,22606.5,22669.0,1664
2025-06-26,MNQH6,42004946,23000.0,23135.0,22952.0,23135.0,28
2025-06-26,MNQM6,42004936,23299.0,23299.0,23299.0,23299.0,1
2025-06-26,MNQU5,42003472,22464.75,22711.25,22456.5,22677.75,1013688
2025-06-26,MNQU5-MNQZ5,42006155,215.7,218.6,214.85,218.1,39
2025-06-26,MNQU6,42004800,23450.0,23450.0,23450.0,23450.0,1
2025-06-26,MNQZ5,42001149,22683.0,22924.25,22676.0,22895.75,1836
2025-06-27,MNQH6,42004946,23205.0,23253.5,23063.5,23137.0,15
2025-06-27,MNQU5,42003472,22678.0,22823.75,22600.0,22740.25,1194515
2025-06-27,MNQU5-MNQZ5,42006155,218.55,221.15,217.35,220.0,95
2025-06-27,MNQZ5,42001149,22908.0,23038.75,22820.0,22964.75,2224
2025-06-29,MNQH6,42004946,23198.75,23198.75,23198.75,23198.75,1
2025-06-29,MNQU5,42003472,22751.25,22847.0,22750.0,22817.25,51050
2025-06-29,MNQU5-MNQZ5,42006155,221.35,221.55,221.35,221.55,2
2025-06-29,MNQZ5,42001149,22982.5,23064.5,22982.5,23043.0,159
2025-06-30,MNQH6,42004946,23268.25,23342.5,23241.75,23321.25,27
2025-06-30,MNQU5,42003472,22818.0,22934.0,22780.0,22881.5,1111997
2025-06-30,MNQU5-MNQZ5,42006155,221.0,223.55,220.4,221.1,54
2025-06-30,MNQZ5,42001149,23036.5,23153.0,23001.25,23106.0,1715
2025-07-01,MNQH6,42004946,23300.0,23300.0,23108.0,23154.25,12
2025-07-01,MNQU5,42003472,22881.5,22915.0,22593.75,22708.25,1296745
2025-07-01,MNQU5-MNQZ5,42006155,223.1,223.1,218.35,218.35,52
2025-07-01,MNQZ5,42001149,23110.0,23132.75,22817.5,22925.0,1964
2025-07-02,MNQH6,42004946,23172.0,23291.0,23047.0,23283.75,29
2025-07-02,MNQU5,42003472,22709.25,22863.0,22584.75,22848.5,997531
2025-07-02,MNQU5-MNQZ5,42006155,218.25,220.55,217.5,220.55,59
2025-07-02,MNQZ5,42001149,22928.75,23083.5,22806.25,23065.75,1575
2025-07-03,MNQH6,42004946,23300.0,23545.0,23287.25,23523.75,74
2025-07-03,MNQM6,42004936,23699.0,23699.0,23699.0,23699.0,1
2025-07-03,MNQU5,42003472,22848.0,23101.25,22827.0,23034.75,663741
2025-07-03,MNQU5-MNQZ5,42006155,219.5,229.1,219.0,229.1,92
2025-07-03,MNQZ5,42001149,23064.0,23328.0,23046.0,23262.5,1668
2025-07-04,MNQH6,42004946,23450.0,23452.75,23366.0,23366.0,4
2025-07-04,MNQU5,42003472,23034.75,23049.75,22881.25,22904.5,259377
2025-07-04,MNQZ5,42001149,23256.25,23275.0,23110.0,23121.25,506
2025-07-06,MNQH6,42004946,23459.5,23459.5,23431.5,23447.0,6
2025-07-06,MNQU5,42003472,22968.5,23027.25,22943.0,22983.75,50466
2025-07-06,MNQU5-MNQZ5,42006155,229.65,229.65,225.1,225.1,17
2025-07-06,MNQZ5,42001149,23188.0,23249.0,23184.0,23205.0,118
2025-07-07,MNQH6,42004946,23350.0,23350.0,23287.0,23287.0,4
2025-07-07,MNQU5,42003472,22984.5,23002.75,22780.25,22874.0,1239555
2025-07-07,MNQU5-MNQZ5,42006155,227.85,227.85,225.0,225.0,23
2025-07-07,MNQZ5,42001149,23223.75,23227.0,23006.75,23100.75,2067
2025-07-08,MNQH6,42004946,23328.0,23392.0,23328.0,23392.0,6
2025-07-08,MNQU5,42003472,22873.5,22972.0,22841.0,22901.25,1082379
2025-07-08,MNQU5-MNQZ5,42006155,227.55,227.55,224.0,226.3,7
2025-07-08,MNQZ5,42001149,23099.5,23197.25,23075.0,23128.5,1354
2025-07-09,MNQH6,42004946,23333.0,23522.0,23333.0,23508.0,26
2025-07-09,MNQU5,42003472,22901.0,23111.25,22843.25,23035.0,1125116
2025-07-09,MNQU5-MNQH6,42012390,445.0,445.0,445.0,445.0,1
2025-07-09,MNQU5-MNQZ5,42006155,227.5,231.15,226.6,231.15,26
2025-07-09,MNQZ5,42001149,23120.0,23338.5,23074.25,23263.5,1487
2025-07-10,MNQH6,42004946,23525.0,23525.0,23370.0,23500.0,8
2025-07-10,MNQU5,42003472,23034.5,23089.75,22901.0,23044.5,1043502
2025-07-10,MNQU5-MNQZ5,42006155,228.6,228.6,224.5,224.5,94
2025-07-10,MNQZ5,42001149,23259.25,23315.0,23126.75,23262.0,1860
2025-07-11,MNQH6,42004946,23450.0,23450.0,23385.0,23385.0,4
2025-07-11,MNQU5,42003472,23044.5,23046.25,22830.75,22937.25,1179412
2025-07-11,MNQU5-MNQZ5,42006155,226.25,228.85,226.15,228.25,39
2025-07-11,MNQZ5,42001149,23267.25,23267.25,23066.0,23177.75,2079
2025-07-13,MNQH6,42004946,23289.0,23289.0,23289.0,23289.0,1
2025-07-13,MNQU5,42003472,22864.5,22889.25,22802.25,22866.5,66376
2025-07-13,MNQU5-MNQZ5,42006155,230.0,230.0,227.65,227.65,17
2025-07-13,MNQZ5,42001149,23099.0,23116.0,23035.0,23090.5,223
2025-07-14,MNQH6,42004946,23380.0,23506.0,23380.0,23494.0,3
2025-07-14,MNQU5,42003472,22867.0,23067.75,22805.0,23011.5,972320
2025-07-14,MNQU5-MNQZ5,42006155,227.65,228.8,226.85,228.25,68
2025-07-14,MNQZ5,42001149,23090.5,23293.5,23034.5,23235.0,1632
2025-07-15,MNQH6,42004946,23611.0,23666.75,23540.0,23540.0,15
2025-07-15,MNQU5,42003472,23012.0,23222.75,22973.75,23014.25,1378190
2025-07-15,MNQU5-MNQH6,42012390,468.75,468.75,468.75,468.75,1
2025-07-15,MNQU5-MNQZ5,42006155,229.4,234.35,227.05,231.9,265
2025-07-15,MNQZ5,42001149,23230.75,23462.25,23204.5,23238.25,3059
2025-07-16,MNQH6,42004946,23450.0,23545.5,23308.0,23545.0,26
2025-07-16,MNQU5,42003472,23014.25,23100.0,22835.75,23040.5,1368560
2025-07-16,MNQU5-MNQZ5,42006155,232.1,233.2,228.05,231.25,30
2025-07-16,MNQZ5,42001149,23245.75,23331.0,23067.0,23270.0,2727
2025-07-17,MNQH6,42004946,23530.0,23745.0,23530.0,23745.0,58
2025-07-17,MNQM6,42004936,23951.0,23951.0,23951.0,23951.0,1
2025-07-17,MNQU5,42003472,23040.5,23288.5,23017.0,23280.25,1036407
2025-07-17,MNQU5-MNQZ5,42006155,230.8,235.05,230.4,235.05,133
2025-07-17,MNQZ5,42001149,23273.0,23516.0,23252.75,23513.5,2298
2025-07-18,MNQH6,42004946,23780.5,23780.5,23668.0,23668.0,8
2025-07-18,MNQU5,42003472,23280.5,23320.5,23170.0,23228.75,1010570
2025-07-18,MNQU5-MNQZ5,42006155,232.0,237.75,232.0,233.5,140
2025-07-18,MNQZ5,42001149,23508.75,23557.75,23393.0,23453.25,1944
2025-07-20,MNQU5,42003472,23240.0,23262.5,23204.5,23260.0,31852
2025-07-20,MNQZ5,42001149,23458.25,23498.0,23442.25,23498.0,60
2025-07-21,MNQH6,42004946,23740.0,23890.0,23740.0,23820.0,23
2025-07-21,MNQU5,42003472,23260.25,23425.0,23223.5,23346.5,934499
2025-07-21,MNQU5-MNQZ5,42006155,233.35,235.7,233.35,234.75,35
2025-07-21,MNQZ5,42001149,23499.0,23658.25,23460.0,23578.25,2052
2025-07-22,MNQH6,42004946,23816.0,23816.0,23605.25,23660.0,26
2025-07-22,MNQU5,42003472,23346.5,23367.75,23105.0,23261.75,1254724
2025-07-22,MNQU5-MNQZ5,42006155,235.35,236.6,233.3,234.7,28
2025-07-22,MNQZ5,42001149,23588.75,23600.5,23337.75,23495.0,2065
2025-07-23,MNQH6,42004946,23718.25,23890.0,23631.0,23875.0,46
2025-07-23,MNQU5,42003472,23262.0,23416.5,23142.5,23401.0,1223925
2025-07-23,MNQU5-MNQZ5,42006155,235.75,238.85,234.1,235.9,107
2025-07-23,MNQZ5,42001149,23500.0,23651.0,23384.25,23640.0,2001
2025-07-24,MNQH6,42004946,23875.0,23892.25,23783.0,23868.0,17
2025-07-24,MNQU5,42003472,23400.5,23425.0,23298.5,23406.25,1027491
2025-07-24,MNQU5-MNQZ5,42006155,235.95,239.0,235.2,236.8,110
2025-07-24,MNQU6,42004800,24260.0,24260.0,24260.0,24260.0,1
2025-07-24,MNQZ5,42001149,23625.0,23664.75,23535.5,23643.25,1494
2025-07-25,MNQH6,42004946,23901.5,23945.0,23826.0,23908.0,20
2025-07-25,MNQM6,42004936,24128.25,24159.25,24128.25,24159.25,2
2025-07-25,MNQU5,42003472,23406.5,23477.0,23330.25,23447.25,880968
2025-07-25,MNQU5-MNQZ5,42006155,237.95,238.7,236.05,237.25,39
2025-07-25,MNQZ5,42001149,23646.5,23711.5,23572.0,23683.0,1508
2025-07-27,MNQH6,42004946,23986.25,24027.0,23986.25,24025.25,6
2025-07-27,MNQU5,42003472,23516.0,23557.5,23504.75,23534.25,47107
2025-07-27,MNQU5-MNQZ5,42006155,234.65,239.65,233.65,236.5,14
2025-07-27,MNQZ5,42001149,23743.25,23800.0,23743.0,23777.0,198
2025-07-28,MNQH6,42004946,24070.0,24070.0,23954.0,23954.0,7
2025-07-28,MNQM6,42004936,24225.0,24225.0,24200.0,24200.0,2
2025-07-28,MNQU5,42003472,23534.0,23585.0,23437.0,23528.5,919515
2025-07-28,MNQU5-MNQZ5,42006155,239.85,239.85,236.0,236.0,51
2025-07-28,MNQZ5,42001149,23773.25,23824.75,23677.75,23763.0,1761
2025-07-29,MNQH6,42004946,24000.0,24130.75,23910.0,23928.75,49
2025-07-29,MNQU5,42003472,23528.5,23652.25,23422.0,23474.75,1132886
2025-07-29,MNQU5-MNQZ5,42006155,236.7,239.9,235.85,236.35,64
2025-07-29,MNQZ5,42001149,23758.75,23889.0,23661.25,23706.25,2853
2025-07-30,MNQH6,42004946,23970.0,24225.0,23860.0,24225.0,32
2025-07-30,MNQM6,42004936,24399.0,24399.0,24399.0,24399.0,1
2025-07-30,MNQU5,42003472,23474.5,23740.75,23355.0,23725.0,1231612
2025-07-30,MNQU5-MNQZ5,42006155,237.9,241.05,233.05,241.05,103
2025-07-30,MNQZ5,42001149,23714.75,23980.0,23592.0,23973.5,3151
2025-07-31,MNQH6,42004946,24224.0,24310.0,23777.0,23783.0,76
2025-07-31,MNQU5,42003472,23725.0,23848.0,23241.75,23297.5,1771854
2025-07-31,MNQU5-MNQZ5,42006155,241.25,245.3,236.85,237.85,327
2025-07-31,MNQZ5,42001149,23963.5,24087.0,23470.0,23539.0,5657
2025-07-31,MNQZ5-MNQH6,42016098,249.4,249.4,248.05,248.05,2
2025-08-01,MNQH6,42004946,23777.0,23777.0,23280.0,23349.5,117
2025-08-01,MNQM6,42004936,23651.0,23651.0,23651.0,23651.0,1
2025-08-01,MNQU5,42003472,23298.25,23343.0,22788.25,22869.0,1851172
2025-08-01,MNQU5-MNQH6,42012390,460.0,460.0,460.0,460.0,6
2025-08-01,MNQU5-MNQZ5,42006155,236.65,237.35,222.0,222.0,125
2025-08-01,MNQZ5,42001149,23530.0,23577.0,23010.0,23090.75,5965
2025-08-01,MNQZ5-MNQH6,42016098,238.35,238.35,237.5,237.5,2
2025-08-03,MNQH6,42004946,23296.0,23350.25,23296.0,23350.25,2
2025-08-03,MNQU5,42003472,22850.5,22931.5,22822.0,22927.0,67473
2025-08-03,MNQU5-MNQZ5,42006155,224.0,225.25,224.0,225.25,21
2025-08-03,MNQZ5,42001149,23055.0,23155.5,23045.5,23140.25,335
2025-08-04,MNQH6,42004946,23400.0,23825.0,23400.0,23825.0,60
2025-08-04,MNQM6,42004936,23999.0,23999.0,23999.0,23999.0,1
2025-08-04,MNQU5,42003472,22927.0,23363.25,22916.75,23334.0,1183668
2025-08-04,MNQU5-MNQZ5,42006155,226.45,230.0,225.85,230.0,61
2025-08-04,MNQZ5,42001149,23150.0,23590.0,23145.25,23560.0,3255
2025-08-05,MNQH6,42004946,23825.0,23869.5,23504.5,23544.0,48
2025-08-05,MNQU5,42003472,23334.0,23404.25,23045.25,23052.75,1536156
2025-08-05,MNQU5-MNQZ5,42006155,227.0,231.5,226.35,227.5,94
2025-08-05,MNQZ5,42001149,23554.0,23635.0,23280.0,23282.0,4053
2025-08-06,MNQH6,42004946,23580.0,23896.0,23580.0,23896.0,30
2025-08-06,MNQU5,42003472,23052.75,23480.0,23049.0,23451.5,1362020
2025-08-06,MNQU5-MNQZ5,42006155,227.85,229.5,226.8,229.5,158
2025-08-06,MNQZ5,42001149,23280.0,23705.0,23275.0,23680.0,3512
2025-08-07,MNQH6,42004946,23950.0,24137.5,23830.0,24020.0,58
2025-08-07,MNQU5,42003472,23451.75,23671.25,23330.0,23540.0,1607016
2025-08-07,MNQU5-MNQZ5,42006155,229.95,233.95,229.95,231.7,174
2025-08-07,MNQZ5,42001149,23688.75,23904.0,23561.0,23771.75,4255
2025-08-08,MNQH6,42004946,24053.0,24215.0,24020.0,24215.0,37
2025-08-08,MNQU5,42003472,23539.75,23768.5,23503.25,23767.25,1075465
2025-08-08,MNQU5-MNQZ5,42006155,233.4,237.55,232.2,237.55,169
2025-08-08,MNQZ5,42001149,23767.75,24000.0,23740.0,23999.75,3478
2025-08-10,MNQU5,42003472,23767.25,23770.0,23701.25,23707.75,38803
2025-08-10,MNQZ5,42001149,24014.0,24014.0,23938.0,23939.25,221
2025-08-11,MNQH6,42004946,24222.0,24260.0,24082.25,24113.0,34
2025-08-11,MNQU5,42003472,23707.0,23804.5,23587.0,23636.75,1075753
2025-08-11,MNQU5-MNQZ5,42006155,237.15,237.3,233.85,234.0,89
2025-08-11,MNQZ5,42001149,23950.5,24039.25,23822.5,23870.5,2776
2025-08-12,MNQH6,42004946,24109.5,24414.25,24100.0,24410.0,82
2025-08-12,MNQU5,42003472,23636.0,23966.5,23596.0,23960.5,1180894
2025-08-12,MNQU5-MNQZ5,42006155,234.2,235.4,231.95,232.55,101
2025-08-12,MNQZ5,42001149,23867.75,24206.0,23833.0,24196.0,4315
2025-08-13,MNQH6,42004946,24424.75,24530.0,24393.75,24418.0,50
2025-08-13,MNQU5,42003472,23959.75,24069.0,23886.0,23949.25,1104161
2025-08-13,MNQU5-MNQZ5,42006155,236.15,236.15,232.1,232.15,46
2025-08-13,MNQZ5,42001149,24196.25,24304.0,24120.0,24181.75,3882
2025-08-14,MNQH6,42004946,24401.25,24455.0,24267.75,24370.0,38
2025-08-14,MNQU5,42003472,23949.5,24005.5,23793.25,23888.75,1187173
2025-08-14,MNQU5-MNQZ5,42006155,234.1,236.5,231.5,235.0,77
2025-08-14,MNQZ5,42001149,24181.75,24242.75,24024.25,24125.25,3711
2025-08-15,MNQH6,42004946,24385.75,24385.75,24248.5,24270.5,22
2025-08-15,MNQU5,42003472,23889.25,23962.75,23734.75,23796.5,1120802
2025-08-15,MNQU5-MNQZ5,42006155,234.5,237.7,234.0,237.55,108
2025-08-15,MNQZ5,42001149,24125.75,24197.5,23969.25,24047.75,2850
2025-08-17,MNQH6,42004946,24323.25,24338.0,24306.5,24311.75,6
2025-08-17,MNQU5,42003472,23795.0,23860.25,23792.0,23851.0,28395
2025-08-17,MNQU5-MNQZ5,42006155,235.5,238.55,235.5,238.55,18
2025-08-17,MNQZ5,42001149,24067.0,24098.0,24059.25,24087.0,104
2025-08-18,MNQH6,42004946,24290.0,24321.25,24205.0,24321.25,30
2025-08-18,MNQU5,42003472,23849.75,23882.0,23718.75,23804.75,1004013
2025-08-18,MNQU5-MNQZ5,42006155,237.7,238.5,236.15,237.05,80
2025-08-18,MNQZ5,42001149,24092.0,24118.75,23955.5,24043.5,2553
2025-08-19,MNQH6,42004946,24196.75,24196.75,23900.0,23951.0,44
2025-08-19,MNQU5,42003472,23805.0,23806.0,23413.5,23422.0,1411472
2025-08-19,MNQU5-MNQZ5,42006155,237.3,237.3,232.2,233.05,122
2025-08-19,MNQZ5,42001149,24032.0,24040.0,23645.5,23656.0,3910
2025-08-20,MNQH6,42004946,23880.0,23900.0,23527.5,23775.5,135
2025-08-20,MNQM6,42004936,23751.0,23751.0,23751.0,23751.0,1
2025-08-20,MNQU5,42003472,23422.75,23452.0,23035.25,23319.5,1741717
2025-08-20,MNQU5-MNQZ5,42006155,233.0,233.1,229.0,233.1,156
2025-08-20,MNQZ5,42001149,23652.25,23683.25,23264.75,23550.75,6205
2025-08-21,MNQH6,42004946,23780.5,23827.0,23591.75,23697.5,105
2025-08-21,MNQU5,42003472,23319.25,23369.5,23119.5,23248.0,1587420
2025-08-21,MNQU5-MNQZ5,42006155,232.65,234.4,230.65,234.0,196
2025-08-21,MNQZ5,42001149,23539.75,23602.5,23354.0,23483.5,3361
2025-08-22,MNQH6,42004946,23665.25,24118.5,23602.0,24046.0,138
2025-08-22,MNQU5,42003472,23249.0,23650.0,23074.25,23582.75,1502108
2025-08-22,MNQU5-MNQZ5,42006155,233.6,235.0,232.65,235.0,79
2025-08-22,MNQZ5,42001149,23477.75,23883.5,23316.0,23817.0,4833
2025-08-22,MNQZ5-MNQM6,42013034,450.0,450.0,450.0,450.0,1
2025-08-24,MNQH6,42004946,24055.5,24055.5,24040.0,24040.0,5
2025-08-24,MNQU5,42003472,23600.0,23610.0,23545.0,23574.5,42947
2025-08-24,MNQU5-MNQZ5,42006155,234.75,234.75,234.75,234.75,5
2025-08-24,MNQZ5,42001149,23831.0,23841.25,23780.25,23806.0,136
2025-08-25,MNQH6,42004946,23990.0,24077.75,23926.5,23959.0,30
2025-08-25,MNQU5,42003472,23575.0,23616.75,23445.0,23496.5,1115468
2025-08-25,MNQU5-MNQZ5,42006155,235.7,236.65,234.05,235.15,86
2025-08-25,MNQU6,42004800,24500.0,24500.0,24500.0,24500.0,1
2025-08-25,MNQZ5,42001149,23816.0,23853.75,23678.25,23731.0,2317
2025-08-26,MNQH6,42004946,23955.25,24038.0,23855.0,24028.75,21
2025-08-26,MNQU5,42003472,23496.25,23625.0,23371.25,23614.0,1259050
2025-08-26,MNQU5-MNQH6,42012390,463.25,464.0,463.25,464.0,2
2025-08-26,MNQU5-MNQZ5,42006155,233.65,236.75,232.8,236.2,176
2025-08-26,MNQZ5,42001149,23733.5,23865.75,23607.0,23851.25,3152
2025-08-27,MNQH6,42004946,24077.75,24120.0,23948.75,23978.0,30
2025-08-27,MNQU5,42003472,23614.5,23685.0,23429.0,23508.25,1177712
2025-08-27,MNQU5-MNQZ5,42006155,235.75,236.95,234.5,234.95,42
2025-08-27,MNQZ5,42001149,23840.25,23911.5,23670.25,23739.75,3544
2025-08-28,MNQH6,42004946,23961.0,24264.25,23961.0,24227.0,77
2025-08-28,MNQU5,42003472,23508.25,23803.75,23486.75,23748.25,1345638
2025-08-28,MNQU5-MNQZ5,42006155,236.15,238.55,235.35,235.35,133
2025-08-28,MNQZ5,42001149,23736.25,24040.0,23723.0,23984.5,4931
2025-08-29,MNQH6,42004946,24215.0,24215.0,23880.0,23924.0,75
2025-08-29,MNQU5,42003472,23747.5,23755.75,23401.5,23454.5,1396698
2025-08-29,MNQU5-MNQZ5,42006155,236.8,237.7,235.0,235.05,86
2025-08-29,MNQZ5,42001149,23979.5,23993.75,23634.25,23690.25,4378
2025-08-31,MNQH6,42004946,23999.0,24006.0,23999.0,24000.0,3
2025-08-31,MNQU5,42003472,23478.5,23546.0,23464.25,23538.0,30949
2025-08-31,MNQU5-MNQZ5,42006155,234.0,234.0,234.0,234.0,1
2025-08-31,MNQZ5,42001149,23711.25,23778.5,23701.0,23770.25,208
2025-09-01,MNQH6,42004946,24022.25,24022.25,23870.0,23935.0,7
2025-09-01,MNQU5,42003472,23538.5,23555.25,23371.5,23445.5,328668
2025-09-01,MNQU5-MNQZ5,42006155,234.0,237.7,233.25,235.25,73
2025-09-01,MNQZ5,42001149,23772.0,23785.25,23608.0,23682.0,1842
2025-09-02,MNQH6,42004946,23886.75,23886.75,23498.0,23834.75,187
2025-09-02,MNQU5,42003472,23445.5,23484.5,23025.0,23334.5,1753185
2025-09-02,MNQU5-MNQZ5,42006155,236.5,237.45,230.35,231.4,272
2025-09-02,MNQZ5,42001149,23682.5,23721.0,23255.75,23563.0,9093
2025-09-03,MNQH6,42004946,23780.0,23997.25,23780.0,23934.0,74
2025-09-03,MNQM6,42004936,24180.0,24180.0,24180.0,24180.0,2
2025-09-03,MNQU5,42003472,23333.75,23526.0,23299.75,23438.0,1507347
2025-09-03,MNQU5-MNQZ5,42006155,233.4,236.25,231.9,233.25,156
2025-09-03,MNQZ5,42001149,23563.0,23762.5,23534.5,23672.5,8220
2025-09-04,MNQH6,42004946,23969.5,24180.5,23895.75,24180.25,94
2025-09-04,MNQU5,42003472,23438.0,23722.0,23410.0,23706.25,1295322
2025-09-04,MNQU5-MNQZ5,42006155,234.3,236.1,232.05,232.8,78
2025-09-04,MNQZ5,42001149,23666.0,23951.0,23645.0,23942.0,7334
2025-09-05,MNQH6,42004946,24189.75,24364.0,23980.0,24155.0,217
2025-09-05,MNQU5,42003472,23706.25,23902.5,23505.0,23673.0,1796810
2025-09-05,MNQU5-MNQZ5,42006155,235.7,237.45,230.0,230.9,203
2025-09-05,MNQZ5,42001149,23938.75,24136.5,23736.0,23907.5,13944
2025-09-07,MNQH6,42004946,24170.0,24250.0,24170.0,24235.75,12
2025-09-07,MNQU5,42003472,23676.5,23784.5,23650.5,23777.75,56629
2025-09-07,MNQU5-MNQZ5,42006155,231.95,231.95,231.5,231.5,75
2025-09-07,MNQZ5,42001149,23908.5,24015.5,23876.0,24012.25,1200
2025-09-08,MNQH6,42004946,24240.0,24345.0,24203.5,24283.0,79
2025-09-08,MNQU5,42003472,23778.0,23888.0,23726.25,23807.25,1218657
2025-09-08,MNQU5-MNQZ5,42006155,234.2,234.2,231.85,233.75,137
2025-09-08,MNQZ5,42001149,24013.5,24121.0,23960.5,24046.5,8550
2025-09-09,MNQH6,42004946,24264.0,24377.5,24199.75,24362.5,127
2025-09-09,MNQU5,42003472,23807.5,23918.0,23726.5,23885.75,1179729
2025-09-09,MNQU5-MNQZ5,42006155,233.3,234.5,233.05,234.3,141
2025-09-09,MNQZ5,42001149,24044.25,24152.25,23960.0,24120.5,10149
2025-09-10,MNQH6,42004946,24388.5,24486.75,24275.0,24359.75,172
2025-09-10,MNQU5,42003472,23885.5,24041.0,23785.0,23900.75,1330531
2025-09-10,MNQU5-MNQH6,42012390,474.35,474.85,474.35,474.85,2
2025-09-10,MNQU5-MNQZ5,42006155,234.7,236.15,232.3,232.3,354
2025-09-10,MNQZ5,42001149,24119.25,24275.0,24017.5,24132.5,15020
2025-09-10,MNQZ5-MNQH6,42016098,230.5,230.5,230.5,230.5,1
2025-09-11,MNQH6,42004946,24374.75,24516.25,24331.25,24470.5,200
2025-09-11,MNQU5,42003472,23900.5,24048.75,23845.0,24019.25,1154219
2025-09-11,MNQU5-MNQZ5,42006155,233.35,234.0,229.35,230.7,348
2025-09-11,MNQZ5,42001149,24131.5,24281.0,24081.0,24251.5,21265
2025-09-11,MNQZ5-MNQH6,42016098,241.05,241.05,241.05,241.05,1
2025-09-12,MNQH6,42004946,24487.25,24622.0,24453.5,24580.0,153
2025-09-12,MNQU5,42003472,24019.75,24159.0,23968.75,24114.5,1007272
2025-09-12,MNQU5-MNQZ5,42006155,230.55,237.95,230.3,237.35,1878
2025-09-12,MNQZ5,42001149,24250.0,24396.0,24200.5,24351.75,33527
2025-09-14,MNQH6,42004946,24581.0,24581.0,24580.0,24580.0,2
2025-09-14,MNQU5,42003472,24112.25,24129.75,24099.25,24111.0,16676
2025-09-14,MNQU5-MNQZ5,42006155,238.35,238.55,237.0,237.3,154
2025-09-14,MNQZ5,42001149,24351.75,24367.75,24336.75,24347.75,11325
2025-09-15,MNQH6,42004946,24584.75,24788.75,24553.0,24778.75,284
2025-09-15,MNQM6,42004936,24920.0,24977.0,24920.0,24960.0,14
2025-09-15,MNQU5,42003472,24110.25,24315.75,24075.5,24305.0,495918
2025-09-15,MNQU5-MNQH6,42012390,476.0,476.0,476.0,476.0,6
2025-09-15,MNQU5-MNQZ5,42006155,237.4,244.75,236.25,241.75,7779
2025-09-15,MNQZ5,42001149,24348.5,24557.5,24317.5,24546.0,484129
2025-09-15,MNQZ5-MNQH6,42016098,236.0,236.0,236.0,236.0,16
2025-09-16,MNQH6,42004946,24768.75,24885.0,24739.75,24784.0,273
2025-09-16,MNQU5,42003472,24305.25,24403.75,24257.5,24304.5,221583
2025-09-16,MNQU5-MNQZ5,42006155,241.3,246.65,237.4,239.35,6254
2025-09-16,MNQZ5,42001149,24546.75,24646.75,24499.0,24543.0,763298
2025-09-16,MNQZ5-MNQH6,42016098,236.0,243.05,236.0,243.05,3
2025-09-17,MNQH6,42004946,24781.5,24819.0,24483.0,24815.75,961
2025-09-17,MNQM6,42004936,24950.0,24970.0,24800.0,24970.0,10
2025-09-17,MNQU5,42003472,24304.25,24345.0,24003.5,24341.0,251762
2025-09-17,MNQU5-MNQH6,42012390,483.05,486.85,476.2,476.2,4
2025-09-17,MNQU5-MNQZ5,42006155,239.15,243.95,237.85,242.5,5519
2025-09-17,MNQZ5,42001149,24543.0,24588.0,24241.75,24584.0,1335763
2025-09-17,MNQZ5-MNQH6,42016098,243.05,243.05,243.05,243.05,16
2025-09-18,MNQH6,42004946,24821.0,25055.75,24798.5,24989.0,926
2025-09-18,MNQU5,42003472,24342.25,24569.25,24317.0,24496.0,153701
2025-09-18,MNQU5-MNQZ5,42006155,242.5,247.15,241.8,244.0,2865
2025-09-18,MNQZ5,42001149,24584.25,24815.75,24559.75,24740.0,1246596
2025-09-19,MNQH6,42004946,24963.25,25121.75,24896.75,25105.75,754
2025-09-19,MNQM6,42004936,25277.25,25305.0,25277.0,25305.0,4
2025-09-19,MNQU5,42003472,24498.0,24625.5,24411.0,24566.0,14067
2025-09-19,MNQU5-MNQZ5,42006155,244.0,246.85,227.0,231.55,763
2025-09-19,MNQZ5,42001149,24739.75,24888.0,24655.0,24861.25,1096024
2025-09-19,MNQZ5-MNQH6,42016098,235.05,243.1,234.45,241.8,19
2025-09-19,MNQZ5-MNQM6,42013034,460.0,460.0,460.0,460.0,3
2025-09-21,MNQH6,42004946,25088.75,25098.5,25074.25,25092.0,25
2025-09-21,MNQZ5,42001149,24851.5,24867.5,24826.75,24851.25,26473
2025-09-22,MNQH6,42004946,25093.5,25275.0,24990.5,25250.0,1125
2025-09-22,MNQM6,42004936,25316.5,25420.25,25230.0,25420.25,9
2025-09-22,MNQZ5,42001149,24851.0,25027.25,24748.5,24997.5,1046933
2025-09-22,MNQZ5-MNQH6,42016098,241.8,250.35,241.8,250.35,60
2025-09-23,MNQH6,42004946,25246.0,25275.0,25033.25,25091.5,1177
2025-09-23,MNQM6,42004936,25468.0,25468.0,25364.0,25364.0,12
2025-09-23,MNQZ5,42001149,24997.75,25026.25,24779.25,24840.75,1251947
2025-09-23,MNQZ5-MNQH6,42016098,250.35,251.05,248.45,248.45,64
2025-09-24,MNQH6,42004946,25082.0,25160.25,24878.0,24993.25,2061
2025-09-24,MNQM6,42004936,25336.25,25336.25,25118.5,25197.25,9
2025-09-24,MNQZ5,42001149,24841.0,24913.25,24628.0,24755.75,1261912
2025-09-24,MNQZ5-MNQH6,42016098,249.25,250.55,248.8,248.8,34
2025-09-25,MNQH6,42004946,25008.75,25038.0,24670.0,24869.75,2759
2025-09-25,MNQM6,42004936,25085.0,25150.0,24918.5,25073.75,68
2025-09-25,MNQZ5,42001149,24756.25,24792.5,24422.0,24616.75,1811156
2025-09-25,MNQZ5-MNQH6,42016098,246.75,250.1,246.25,250.1,40
2025-09-26,MNQH6,42004946,24860.0,24995.0,24776.0,24969.75,1610
2025-09-26,MNQM6,42004936,25194.0,25208.0,25045.25,25208.0,28
2025-09-26,MNQZ5,42001149,24616.75,24747.25,24520.0,24727.5,1532976
2025-09-26,MNQZ5-MNQH6,42016098,250.25,251.95,250.25,251.95,30
2025-09-28,MNQH6,42004946,24993.5,25031.5,24974.25,25026.25,156
2025-09-28,MNQZ5,42001149,24727.25,24778.0,24723.75,24772.25,34522
2025-09-28,MNQZ5-MNQH6,42016098,252.1,253.6,252.1,253.6,11
2025-09-29,MNQH6,42004946,25020.0,25227.5,25020.0,25073.5,2471
2025-09-29,MNQM6,42004936,25258.0,25437.75,25258.0,25334.0,30
2025-09-29,MNQZ5,42001149,24772.25,24975.0,24764.5,24824.0,1261289
2025-09-29,MNQZ5-MNQH6,42016098,253.6,254.35,252.15,252.15,58
2025-09-30,MNQH6,42004946,25070.0,25163.25,24970.25,25086.5,2139
2025-09-30,MNQM6,42004936,25281.25,25305.0,25225.0,25305.0,17
2025-09-30,MNQZ5,42001149,24823.5,24913.75,24722.5,24830.25,1479656
2025-09-30,MNQZ5-MNQH6,42016098,252.65,252.65,250.8,250.8,34
2025-10-01,MNQH6,42004946,25080.0,25282.0,24887.0,25275.25,2485
2025-10-01,MNQM6,42004936,25262.75,25500.0,25115.0,25467.25,30
2025-10-01,MNQZ5,42001149,24830.75,25037.0,24633.75,25022.5,1328353
2025-10-01,MNQZ5-MNQH6,42016098,250.8,250.8,246.75,250.15,28
2025-10-01,MNQZ6,42005282,25844.0,25844.0,25844.0,25844.0,1
2025-10-02,MNQH6,42004946,25275.25,25430.0,25245.0,25369.0,2449
2025-10-02,MNQM6,42004936,25566.0,25615.5,25525.0,25525.0,12
2025-10-02,MNQZ5,42001149,25021.75,25180.0,24993.75,25124.25,1280707
2025-10-02,MNQZ5-MNQH6,42016098,249.0,250.2,249.0,250.2,50
2025-10-02,MNQZ6,42005282,25999.0,25999.0,25999.0,25999.0,1
2025-10-03,MNQH6,42004946,25367.75,25444.0,25172.0,25220.0,3054
2025-10-03,MNQM6,42004936,25641.25,25641.25,25403.0,25473.25,28
2025-10-03,MNQZ5,42001149,25124.25,25197.0,24923.0,24981.5,1365912
2025-10-03,MNQZ5-MNQH6,42016098,248.3,248.3,247.3,247.3,25
2025-10-05,MNQH6,42004946,25233.5,25336.0,25233.5,25314.0,194
2025-10-05,MNQZ5,42001149,24994.0,25087.25,24994.0,25066.75,40653
2025-10-05,MNQZ5-MNQH6,42016098,249.0,249.1,246.55,246.55,23
2025-10-06,MNQH6,42004946,25312.25,25503.75,25297.25,25391.75,1831
2025-10-06,MNQM6,42004936,25554.0,25706.0,25550.0,25645.0,28
2025-10-06,MNQZ5,42001149,25067.5,25253.0,25045.0,25142.0,1120280
2025-10-06,MNQZ5-MNQH6,42016098,249.2,250.9,248.7,249.95,70
2025-10-07,MNQH6,42004946,25388.25,25523.0,25235.0,25281.0,2005
2025-10-07,MNQM6,42004936,25600.5,25733.25,25473.0,25539.0,25
2025-10-07,MNQZ5,42001149,25141.75,25274.75,24985.25,25033.5,1487759
2025-10-07,MNQZ5-MNQH6,42016098,247.5,247.5,247.5,247.5,1
2025-10-08,MNQH6,42004946,25279.0,25645.5,25277.0,25626.25,2452
2025-10-08,MNQM6,42004936,25500.0,25829.25,25500.0,25829.25,24
2025-10-08,MNQZ5,42001149,25033.0,25393.0,25026.25,25379.0,1146038
2025-10-08,MNQZ5-MNQH6,42016098,246.7,252.85,246.7,252.85,92
2025-10-09,MNQH6,42004946,25626.25,25626.25,25410.75,25586.0,2271
2025-10-09,MNQM6,42004936,25856.75,25856.75,25697.75,25781.5,17
2025-10-09,MNQZ5,42001149,25379.25,25379.25,25160.75,25335.0,1397570
2025-10-09,MNQZ5-MNQH6,42016098,253.0,253.15,253.0,253.15,2
2025-10-10,MNQH6,42004946,25586.0,25639.75,24408.5,24425.0,5802
2025-10-10,MNQM6,42004936,25791.25,25868.25,24800.0,24800.0,89
2025-10-10,MNQZ5,42001149,25335.5,25388.0,24157.75,24188.25,2389195
2025-10-10,MNQZ5-MNQH6,42016098,248.4,249.35,235.2,238.0,268
2025-10-12,MNQH6,42004946,24760.0,25031.5,24748.0,25031.5,730
2025-10-12,MNQM6,42004936,25179.25,25223.75,25123.25,25123.25,10
2025-10-12,MNQZ5,42001149,24482.0,24794.25,24482.0,24786.0,137703
2025-10-12,MNQZ5-MNQH6,42016098,245.3,245.3,239.8,239.8,25
2025-10-13,MNQH6,42004946,25024.75,25205.0,24967.75,25150.0,4140
2025-10-13,MNQM6,42004936,25244.75,25399.25,25200.0,25393.25,47
2025-10-13,MNQZ5,42001149,24786.75,24965.0,24724.5,24912.0,1864300
2025-10-13,MNQZ5-MNQH6,42016098,238.95,243.65,238.95,243.15,183
2025-10-14,MNQH6,42004946,25160.0,25286.75,24650.0,25015.5,4820
2025-10-14,MNQM6,42004936,25454.75,25477.0,24898.0,25169.0,85
2025-10-14,MNQZ5,42001149,24912.25,25044.5,24423.25,24773.0,2361646
2025-10-14,MNQZ5-MNQH6,42016098,238.4,244.1,236.05,244.1,53
2025-10-15,MNQH6,42004946,25016.75,25360.0,24904.5,25182.0,4067
2025-10-15,MNQM6,42004936,25300.0,25578.5,25133.0,25440.0,72
2025-10-15,MNQU6,42004800,25580.0,25580.0,25580.0,25580.0,2
2025-10-15,MNQZ5,42001149,24772.5,25117.75,24663.5,24943.25,2120468
2025-10-15,MNQZ5-MNQH6,42016098,242.15,243.5,240.95,240.95,38
2025-10-16,MNQH6,42004946,25185.0,25425.25,24882.0,24998.25,4384
2025-10-16,MNQM6,42004936,25429.0,25649.25,25117.0,25186.5,80
2025-10-16,MNQZ5,42001149,24943.25,25179.75,24643.25,24760.0,2611799
2025-10-16,MNQZ5-MNQH6,42016098,244.15,244.15,237.0,237.2,37
2025-10-17,MNQH6,42004946,24997.0,25294.0,24642.75,25268.0,4968
2025-10-17,MNQM6,42004936,25190.0,25497.0,24882.0,25497.0,90
2025-10-17,MNQZ5,42001149,24759.5,25054.25,24410.25,25033.0,2495686
2025-10-17,MNQZ5-MNQH6,42016098,235.95,240.85,231.7,240.85,73
2025-10-19,MNQH6,42004946,25301.75,25327.5,25228.0,25240.0,217
2025-10-19,MNQM6,42004936,25470.0,25470.0,25455.75,25455.75,3
2025-10-19,MNQZ5,42001149,25067.0,25100.0,24987.5,25012.25,58128
2025-10-20,MNQH6,42004946,25238.75,25598.0,25199.75,25563.75,2785
2025-10-20,MNQM6,42004936,25496.5,25792.25,25496.5,25776.25,41
2025-10-20,MNQZ5,42001149,25011.5,25355.0,24956.0,25323.75,1298481
2025-10-20,MNQZ5-MNQH6,42016098,241.25,246.25,241.25,246.25,449
2025-10-21,MNQH6,42004946,25570.0,25613.0,25450.0,25497.5,2712
2025-10-21,MNQM6,42004936,25749.0,25758.0,25660.0,25745.0,18
2025-10-21,MNQZ5,42001149,25323.5,25368.0,25203.0,25245.0,1379119
2025-10-21,MNQZ5-MNQH6,42016098,246.4,247.6,246.3,247.6,25
2025-10-22,MNQH6,42004946,25486.0,25584.25,25048.25,25240.0,4214
2025-10-22,MNQM6,42004936,25700.0,25709.0,25317.75,25490.75,95
2025-10-22,MNQZ5,42001149,25245.0,25338.5,24805.25,24996.5,2098205
2025-10-22,MNQZ5-MNQH6,42016098,246.7,248.2,241.9,245.65,61
2025-10-23,MNQH6,42004946,25235.0,25551.5,25185.75,25547.75,2742
2025-10-23,MNQM6,42004936,25518.25,25750.0,25479.5,25750.0,93
2025-10-23,MNQZ5,42001149,24996.25,25305.0,24933.25,25297.5,1526318
2025-10-23,MNQZ5-MNQH6,42016098,245.65,248.6,245.65,246.4,102
2025-10-24,MNQH6,42004946,25548.0,25815.5,25535.5,25772.75,2694
2025-10-24,MNQM6,42004936,25810.75,26020.0,25791.25,25996.25,94
2025-10-24,MNQZ5,42001149,25298.75,25569.0,25284.25,25510.25,1207669
2025-10-24,MNQZ5-MNQH6,42016098,248.65,250.75,246.75,249.45,92
2025-10-26,MNQH6,42004946,25897.0,26016.25,25897.0,25968.0,263
2025-10-26,MNQM6,42004936,26185.0,26200.0,26178.0,26180.0,11
2025-10-26,MNQZ5,42001149,25698.5,25788.0,25698.5,25717.25,64071
2025-10-26,MNQZ5-MNQH6,42016098,246.4,246.4,246.4,246.4,6
2025-10-27,MNQH6,42004946,25967.75,26275.0,25961.0,26250.5,2599
2025-10-27,MNQM6,42004936,26193.75,26485.0,26193.75,26484.75,70
2025-10-27,MNQU6,42004800,26500.0,26666.0,26500.0,26666.0,2
2025-10-27,MNQZ5,42001149,25717.0,26026.0,25707.5,25994.75,942446
2025-10-27,MNQZ5-MNQH6,42016098,250.6,257.05,250.6,257.05,117
2025-10-27,MNQZ5-MNQM6,42013034,461.0,470.2,461.0,470.2,3
2025-10-28,MNQH6,42004946,26250.0,26490.0,26203.0,26447.25,3356
2025-10-28,MNQM6,42004936,26449.0,26700.25,26413.25,26638.75,96
2025-10-28,MNQZ5,42001149,25994.25,26232.0,25942.25,26184.0,1144733
2025-10-28,MNQZ5-MNQH6,42016098,257.2,259.9,256.0,259.8,39
2025-10-28,MNQZ5-MNQM6,42013034,473.7,477.2,473.7,477.2,15
2025-10-29,MNQH6,42004946,26446.0,26649.75,26311.25,26500.0,3859
2025-10-29,MNQM6,42004936,26718.5,26803.0,26590.0,26675.0,73
2025-10-29,MNQU6,42004800,26993.0,26993.0,26993.0,26993.0,1
2025-10-29,MNQZ5,42001149,26184.0,26378.5,26047.5,26235.75,1703756
2025-10-29,MNQZ5-MNQH6,42016098,260.05,264.55,258.9,264.55,111
2025-10-29,MNQZ5-MNQM6,42013034,489.95,489.95,489.95,489.95,1
2025-10-30,MNQH6,42004946,26511.5,26667.75,26120.0,26437.0,4629
2025-10-30,MNQH6-MNQM6,42011456,229.95,229.95,229.95,229.95,1
2025-10-30,MNQM6,42004936,26780.0,26883.75,26350.0,26640.0,89
2025-10-30,MNQZ5,42001149,26235.25,26399.5,25853.0,26170.5,2095831
2025-10-30,MNQZ5-MNQH6,42016098,264.7,268.9,260.0,260.0,75
2025-10-30,MNQZ5-MNQM6,42013034,476.55,493.7,476.55,493.7,4
2025-10-31,MNQH6,42004946,26425.25,26537.0,26153.25,26257.0,4300
2025-10-31,MNQH6-MNQM6,42011456,231.0,237.0,231.0,237.0,41
2025-10-31,MNQM6,42004936,26660.0,26690.0,26397.5,26480.0,57
2025-10-31,MNQZ5,42001149,26171.25,26273.0,25887.75,25983.75,1733752
2025-10-31,MNQZ5-MNQH6,42016098,264.0,265.05,260.8,262.75,42
2025-10-31,MNQZ5-MNQM6,42013034,493.95,501.95,493.95,501.95,17
2025-11-02,MNQH6,42004946,26279.25,26350.0,26271.25,26350.0,124
2025-11-02,MNQM6,42004936,26552.75,26552.75,26552.75,26552.75,1
2025-11-02,MNQZ5,42001149,26026.0,26092.75,26012.5,26080.75,30805
2025-11-02,MNQZ5-MNQH6,42016098,260.6,263.4,260.6,261.65,30
2025-11-03,MNQH6,42004946,26350.0,26528.0,26280.0,26338.5,2691
2025-11-03,MNQM6,42004936,26571.25,26720.0,26516.25,26587.0,33
2025-11-03,MNQZ5,42001149,26080.75,26265.75,26012.75,26069.0,1407537
2025-11-03,MNQZ5-MNQH6,42016098,264.5,264.5,261.1,261.1,30
2025-11-04,MNQH6,42004946,26323.25,26323.25,25761.5,25762.75,5297
2025-11-04,MNQH6-MNQM6,42011456,229.15,229.15,229.15,229.15,1
2025-11-04,MNQM6,42004936,26520.0,26520.0,26027.25,26027.25,166
2025-11-04,MNQZ5,42001149,26068.5,26069.25,25501.75,25503.75,2034999
2025-11-04,MNQZ5-MNQH6,42016098,261.85,261.85,257.5,257.5,39
2025-11-04,MNQZ5-MNQM6,42013034,490.55,492.7,487.8,492.7,40
2025-11-05,MNQH6,42004946,25761.25,26143.0,25543.0,26035.0,5369
2025-11-05,MNQH6-MNQM6,42011456,229.0,229.0,227.2,227.2,13
2025-11-05,MNQM6,42004936,25919.5,26352.25,25795.0,26211.0,105
2025-11-05,MNQU6,42004800,26000.0,26000.0,26000.0,26000.0,1
2025-11-05,MNQZ5,42001149,25504.25,25878.5,25282.75,25773.0,1766167
2025-11-05,MNQZ5-MNQH6,42016098,259.85,264.65,258.55,264.65,90
2025-11-05,MNQZ5-MNQM6,42013034,487.55,487.55,483.55,483.55,17
2025-11-06,MNQH6,42004946,26038.25,26085.75,25460.0,25585.25,6472
2025-11-06,MNQM6,42004936,26232.5,26290.0,25701.0,25817.0,118
2025-11-06,MNQZ5,42001149,25772.75,25823.75,25197.25,25316.75,2272838
2025-11-06,MNQZ5-MNQH6,42016098,263.9,265.25,257.1,260.0,248
2025-11-06,MNQZ5-MNQM6,42013034,476.3,476.3,476.3,476.3,1
2025-11-07,MNQH6,42004946,25560.25,25612.5,24961.25,25480.0,7658
2025-11-07,MNQM6,42004936,25730.25,25818.0,25228.0,25705.25,89
2025-11-07,MNQZ5,42001149,25316.75,25354.75,24709.0,25227.25,2541453
2025-11-07,MNQZ5-MNQH6,42016098,258.25,261.5,252.65,252.65,276
2025-11-07,MNQZ5-MNQM6,42013034,476.6,476.6,476.6,476.6,1
2025-11-09,MNQH6,42004946,25557.0,25644.75,25556.0,25595.0,350
2025-11-09,MNQM6,42004936,25832.5,25832.5,25790.5,25790.5,5
2025-11-09,MNQZ5,42001149,25319.75,25389.25,25293.0,25336.0,48015
2025-11-10,MNQH6,42004946,25589.0,26025.0,25530.75,25995.75,4819
2025-11-10,MNQM6,42004936,25760.0,26235.0,25760.0,26190.25,89
2025-11-10,MNQU6,42004800,26229.75,26356.0,26229.75,26356.0,2
2025-11-10,MNQZ5,42001149,25335.25,25760.0,25268.75,25742.75,1737676
2025-11-10,MNQZ5-MNQH6,42016098,263.55,263.55,262.15,263.45,162
2025-11-11,MNQH6,42004946,26005.75,26033.25,25740.0,25914.0,3430
2025-11-11,MNQM6,42004936,26204.0,26204.0,25989.5,26170.0,43
2025-11-11,MNQU6,42004800,26350.0,26350.0,26283.25,26283.25,2
2025-11-11,MNQZ5,42001149,25742.0,25768.75,25478.5,25650.25,1579341
2025-11-11,MNQZ5-MNQH6,42016098,264.0,264.85,261.55,262.2,43
2025-11-12,MNQH6,42004946,25917.0,26094.75,25755.0,25807.75,5651
2025-11-12,MNQM6,42004936,26200.0,26309.0,26000.0,26038.25,80
2025-11-12,MNQU6,42004800,26250.0,26250.0,26250.0,26250.0,1
2025-11-12,MNQZ5,42001149,25650.5,25830.5,25488.75,25540.5,1782274
2025-11-12,MNQZ5-MNQH6,42016098,262.45,265.05,262.45,262.8,73
2025-11-13,MNQH6,42004946,25819.0,25990.0,25263.25,25364.0,7942
2025-11-13,MNQM6,42004936,26050.0,26200.0,25500.0,25630.25,94
2025-11-13,MNQU6,42004800,25790.0,25790.0,25750.0,25750.0,3
2025-11-13,MNQZ5,42001149,25541.25,25721.75,25002.0,25108.0,2579192
2025-11-13,MNQZ5-MNQH6,42016098,264.65,264.65,258.25,258.85,448
2025-11-14,MNQH6,42004946,25367.5,25552.75,24881.0,25399.0,8614
2025-11-14,MNQM6,42004936,25631.0,25747.75,25108.0,25546.5,135
2025-11-14,MNQZ5,42001149,25107.5,25293.5,24626.0,25147.5,2672226
2025-11-14,MNQZ5-MNQH6,42016098,261.0,261.3,254.75,259.45,528
2025-11-14,MNQZ6,42005282,26000.0,26000.0,26000.0,26000.0,1
2025-11-16,MNQH6,42004946,25388.5,25446.25,25281.0,25435.0,293
2025-11-16,MNQM6,42004936,25640.0,25640.0,25640.0,25640.0,1
2025-11-16,MNQZ5,42001149,25144.0,25188.75,25021.5,25170.0,60948
2025-11-16,MNQZ5-MNQH6,42016098,257.6,257.6,257.6,257.6,2
2025-11-17,MNQH6,42004946,25440.0,25622.0,24988.0,25175.0,7047
2025-11-17,MNQM6,42004936,25732.25,25812.75,25218.5,25364.0,59
2025-11-17,MNQU6,42004800,25650.0,25650.0,25450.0,25450.0,2
2025-11-17,MNQZ5,42001149,25169.5,25362.0,24732.0,24920.0,2576707
2025-11-17,MNQZ5-MNQH6,42016098,261.65,262.1,253.9,253.95,108
2025-11-18,MNQH6,42004946,25168.75,25210.0,24631.0,24840.75,8837
2025-11-18,MNQM6,42004936,25400.0,25400.0,24888.25,25055.25,119
2025-11-18,MNQZ5,42001149,24920.25,24959.75,24380.0,24591.0,3084769
2025-11-18,MNQZ5-MNQH6,42016098,254.4,256.35,248.45,250.5,211
2025-11-18,MNQZ5-MNQM6,42013034,473.55,473.55,473.3,473.3,2
2025-11-18,MNQZ6,42005282,25384.25,25384.25,25384.25,25384.25,1
2025-11-19,MNQH6,42004946,24835.5,25368.0,24709.5,25368.0,7722
2025-11-19,MNQM6,42004936,25012.25,25568.5,24980.0,25568.5,123
2025-11-19,MNQZ5,42001149,24590.25,25111.25,24446.5,25109.25,2899668
2025-11-19,MNQZ5-MNQH6,42016098,254.0,257.35,251.8,257.35,178
2025-11-20,MNQH6,42004946,25364.75,25569.0,24270.0,24387.0,11738
2025-11-20,MNQM6,42004936,25575.0,25755.75,24477.25,24619.5,310
2025-11-20,MNQZ5,42001149,25108.25,25310.0,24018.0,24137.0,3237479
2025-11-20,MNQZ5-MNQH6,42016098,257.55,262.15,244.6,245.75,369
2025-11-20,MNQZ5-MNQM6,42013034,480.0,480.0,480.0,480.0,1
2025-11-20,MNQZ6,42005282,25039.75,25039.75,25039.75,25039.75,1
2025-11-21,MNQH6,42004946,24383.25,24842.0,24150.0,24580.0,10031
2025-11-21,MNQM6,42004936,24634.25,25036.0,24385.0,24765.0,569
2025-11-21,MNQZ5,42001149,24137.0,24596.5,23904.0,24349.25,2881029
2025-11-21,MNQZ5-MNQH6,42016098,245.05,248.95,241.75,243.95,220
2025-11-21,MNQZ5-MNQM6,42013034,460.0,460.0,457.55,457.55,7
2025-11-21,MNQZ6,42005282,25039.75,25039.75,25000.5,25000.5,2
2025-11-23,MNQH6,42004946,24700.0,24778.0,24700.0,24719.75,322
2025-11-23,MNQM6,42004936,24962.5,24963.0,24962.5,24963.0,11
2025-11-23,MNQZ5,42001149,24449.75,24536.25,24445.5,24471.75,43784
2025-11-23,MNQZ5-MNQH6,42016098,245.35,245.35,245.35,245.35,16
2025-11-24,MNQH6,42004946,24713.25,25242.25,24613.5,25210.0,5661
2025-11-24,MNQM6,42004936,24892.0,25450.0,24850.0,25444.5,317
2025-11-24,MNQZ5,42001149,24470.75,24993.25,24361.25,24959.75,1893066
2025-11-24,MNQZ5-MNQH6,42016098,248.85,250.3,247.2,249.65,248
2025-11-24,MNQZ5-MNQM6,42013034,465.05,465.05,465.05,465.05,6
2025-11-25,MNQH6,42004946,25204.0,25384.25,24850.0,25338.0,6771
2025-11-25,MNQH6-MNQM6,42011456,224.3,225.0,224.3,225.0,7
2025-11-25,MNQM6,42004936,25395.25,25555.75,25072.0,25555.75,154
2025-11-25,MNQZ5,42001149,24960.0,25135.75,24602.0,25086.25,2100840
2025-11-25,MNQZ5-MNQH6,42016098,249.15,250.05,244.1,248.9,280
2025-11-26,MNQH6,42004946,25334.75,25627.5,25323.0,25579.75,6351
2025-11-26,MNQM6,42004936,25641.0,25831.0,25601.0,25765.75,178
2025-11-26,MNQZ5,42001149,25086.5,25375.5,25066.75,25323.5,1662035
2025-11-26,MNQZ5-MNQH6,42016098,250.15,252.2,250.15,251.25,46
2025-11-26,MNQZ6,42005282,26050.0,26050.0,26050.0,26050.0,1
2025-11-27,MNQH6,42004946,25577.0,25592.5,25543.75,25588.0,756
2025-11-27,MNQM6,42004936,25795.0,25795.0,25751.25,25773.25,8
2025-11-27,MNQU6,42004800,25992.0,25992.0,25992.0,25992.0,1
2025-11-27,MNQZ5,42001149,25322.75,25339.5,25285.75,25328.0,221918
2025-11-27,MNQZ5-MNQH6,42016098,255.2,255.2,253.85,255.2,7
2025-11-28,MNQH6,42004946,25590.0,25750.0,25588.25,25738.25,1703
2025-11-28,MNQH6-MNQM6,42011456,210.4,210.4,210.4,210.4,1
2025-11-28,MNQM6,42004936,25864.5,25938.0,25838.25,25938.0,37
2025-11-28,MNQZ5,42001149,25328.25,25500.25,25324.25,25484.75,343918
2025-11-28,MNQZ5-MNQH6,42016098,252.85,260.0,251.25,254.7,50
2025-11-30,MNQH6,42004946,25725.25,25800.0,25697.75,25720.0,311
2025-11-30,MNQM6,42004936,25965.75,25965.75,25910.0,25910.0,5
2025-11-30,MNQZ5,42001149,25484.0,25542.25,25442.75,25466.5,47749
2025-11-30,MNQZ5-MNQH6,42016098,255.55,255.55,251.25,254.6,9
2025-12-01,MNQH6,42004946,25720.0,25747.0,25446.0,25651.25,6366
2025-12-01,MNQH6-MNQM6,42011456,217.5,217.5,217.5,217.5,1
2025-12-01,MNQM6,42004936,25909.75,25948.75,25688.75,25882.5,115
2025-12-01,MNQZ5,42001149,25467.5,25495.75,25193.5,25399.0,1802605
2025-12-01,MNQZ5-MNQH6,42016098,254.6,254.65,250.35,250.35,394
2025-12-02,MNQH6,42004946,25648.75,25922.0,25575.75,25876.5,7268
2025-12-02,MNQM6,42004936,25871.0,26124.0,25818.0,26082.25,141
2025-12-02,MNQU6,42004800,26100.0,26333.25,26100.0,26333.25,2
2025-12-02,MNQZ5,42001149,25398.5,25670.0,25324.0,25623.25,1818061
2025-12-02,MNQZ5-MNQH6,42016098,252.0,254.15,251.45,252.2,199
2025-12-02,MNQZ5-MNQM6,42013034,472.5,472.5,472.5,472.5,4
2025-12-03,MNQH6,42004946,25883.0,25935.0,25673.25,25896.75,8725
2025-12-03,MNQH6-MNQM6,42011456,219.0,219.0,219.0,219.0,1
2025-12-03,MNQM6,42004936,26103.0,26144.25,25900.25,26124.5,113
2025-12-03,MNQU6,42004800,26200.0,26250.0,26150.0,26250.0,5
2025-12-03,MNQZ5,42001149,25624.5,25685.75,25420.75,25647.5,1570108
2025-12-03,MNQZ5-MNQH6,42016098,252.2,254.25,250.0,250.0,266
2025-12-04,MNQH6,42004946,25895.0,25982.0,25740.0,25867.25,7861
2025-12-04,MNQM6,42004936,26099.75,26198.5,25968.0,26087.0,101
2025-12-04,MNQU6,42004800,26409.0,26409.0,26239.0,26239.0,4
2025-12-04,MNQZ5,42001149,25648.0,25732.5,25487.0,25621.25,1617124
2025-12-04,MNQZ5-MNQH6,42016098,250.15,251.9,248.9,249.95,59
2025-12-05,MNQH6,42004946,25871.75,26120.0,25831.5,25986.25,9475
2025-12-05,MNQH6-MNQM6,42011456,211.95,211.95,211.95,211.95,1
2025-12-05,MNQM6,42004936,26121.75,26335.0,26076.5,26196.5,273
2025-12-05,MNQU6,42004800,26469.0,26469.0,26469.0,26469.0,2
2025-12-05,MNQZ5,42001149,25620.75,25867.75,25579.0,25735.0,1517041
2025-12-05,MNQZ5-MNQH6,42016098,249.55,254.2,249.55,251.55,233
2025-12-07,MNQH6,42004946,25990.0,26026.5,25974.0,25997.5,321
2025-12-07,MNQM6,42004936,26222.5,26233.25,26199.5,26233.25,7
2025-12-07,MNQZ5,42001149,25748.5,25771.0,25719.0,25745.5,22498
2025-12-07,MNQZ5-MNQH6,42016098,249.0,252.55,249.0,252.4,47
2025-12-08,MNQH6,42004946,25994.0,26111.75,25815.75,25976.5,8918
2025-12-08,MNQM6,42004936,26186.5,26311.0,26045.0,26183.25,103
2025-12-08,MNQZ5,42001149,25745.75,25860.75,25563.75,25726.5,1392524
2025-12-08,MNQZ5-MNQH6,42016098,252.4,254.05,251.2,252.2,234
2025-12-08,MNQZ6,42005282,26500.0,26500.0,26500.0,26500.0,6
2025-12-09,MNQH6,42004946,25975.75,25989.25,25812.75,25926.5,7924
2025-12-09,MNQH6-MNQM6,42011456,223.25,223.25,223.25,223.25,1
2025-12-09,MNQM6,42004936,26157.75,26205.0,26050.0,26160.0,72
2025-12-09,MNQZ5,42001149,25727.0,25738.5,25560.0,25672.0,1189766
2025-12-09,MNQZ5-MNQH6,42016098,252.3,254.25,251.75,253.55,207
2025-12-09,MNQZ5-MNQM6,42013034,474.0,476.95,474.0,476.95,10
2025-12-10,MNQH6,42004946,25924.0,26123.75,25783.25,25988.0,16133
2025-12-10,MNQM6,42004936,26125.25,26342.5,26027.75,26200.25,169
2025-12-10,MNQZ5,42001149,25672.0,25869.75,25528.25,25729.25,1714260
2025-12-10,MNQZ5-MNQH6,42016098,254.9,256.5,254.0,256.5,248
2025-12-10,MNQZ5-MNQM6,42013034,477.2,477.7,477.2,477.7,3
2025-12-11,MNQH6,42004946,25987.25,26119.75,25640.25,25930.0,32311
2025-12-11,MNQH6-MNQM6,42011456,223.95,224.55,222.75,222.75,5
2025-12-11,MNQM6,42004936,26200.0,26328.0,25874.5,26156.75,410
2025-12-11,MNQZ5,42001149,25730.0,25862.5,25382.0,25671.5,1961475
2025-12-11,MNQZ5-MNQH6,42016098,256.0,259.5,253.6,257.45,1917
2025-12-11,MNQZ5-MNQM6,42013034,477.95,481.95,477.95,481.95,31
2025-12-12,MNQH6,42004946,25929.5,25963.75,25371.0,25456.25,74110
2025-12-12,MNQH6-MNQM6,42011456,229.05,229.05,228.35,228.35,2
2025-12-12,MNQM6,42004936,26129.0,26177.75,25601.25,25690.0,595
2025-12-12,MNQU6,42004800,26159.0,26159.0,26109.0,26109.0,6
2025-12-12,MNQZ5,42001149,25672.0,25704.5,25117.75,25203.0,2155331
2025-12-12,MNQZ5-MNQH6,42016098,258.15,260.4,252.1,254.55,5294
2025-12-12,MNQZ5-MNQM6,42013034,480.0,484.35,480.0,484.35,5
2025-12-14,MNQH6,42004946,25474.75,25498.0,25384.5,25449.5,15395
2025-12-14,MNQM6,42004936,25651.25,25681.0,25624.75,25681.0,22
2025-12-14,MNQZ5,42001149,25214.5,25245.25,25131.25,25194.0,26714
2025-12-14,MNQZ5-MNQH6,42016098,256.5,256.5,252.9,255.0,318
2025-12-14,MNQZ5-MNQM6,42013034,483.15,483.5,483.15,483.5,5
2025-12-15,MNQH6,42004946,25449.25,25670.0,25284.5,25306.5,883081
2025-12-15,MNQH6-MNQM6,42011456,227.95,227.95,221.5,224.3,13
2025-12-15,MNQM6,42004936,25680.0,25878.75,25509.25,25528.0,539
2025-12-15,MNQZ5,42001149,25191.25,25410.0,25034.5,25058.5,888612
2025-12-15,MNQZ5-MNQH6,42016098,255.85,261.1,246.7,247.25,12334
2025-12-15,MNQZ5-MNQM6,42013034,484.2,484.2,472.0,472.0,25
2025-12-16,MNQH6,42004946,25306.5,25444.0,25073.75,25315.5,1713631
2025-12-16,MNQH6-MNQM6,42011456,225.4,227.85,225.4,227.85,5
2025-12-16,MNQM6,42004936,25523.25,25667.0,25297.0,25533.25,849
2025-12-16,MNQZ5,42001149,25058.5,25202.25,24826.0,25076.25,528781
2025-12-16,MNQZ5-MNQH6,42016098,248.0,250.25,237.85,241.35,7875
2025-12-16,MNQZ5-MNQM6,42013034,468.05,470.5,466.3,470.5,12
2025-12-16,MNQZ5-MNQU6,42010671,700.0,700.0,700.0,700.0,1
2025-12-17,MNQH6,42004946,25315.5,25508.0,24887.75,24932.5,1809874
2025-12-17,MNQH6-MNQM6,42011456,227.8,227.8,221.2,221.2,3
2025-12-17,MNQM6,42004936,25533.25,25730.0,25111.0,25176.5,1326
2025-12-17,MNQU6,42004800,25400.0,25400.0,25400.0,25400.0,1
2025-12-17,MNQZ5,42001149,25075.0,25266.0,24658.75,24705.0,296449
2025-12-17,MNQZ5-MNQH6,42016098,241.15,243.65,225.6,228.55,4172
2025-12-17,MNQZ5-MNQM6,42013034,462.05,462.05,450.35,450.35,22
2025-12-18,MNQH6,42004946,24934.0,25417.0,24901.25,25256.75,1883310
2025-12-18,MNQH6-MNQM6,42011456,214.2,219.25,209.85,219.25,56
2025-12-18,MNQM6,42004936,25156.0,25620.0,25123.5,25468.0,1447
2025-12-18,MNQZ5,42001149,24707.0,25178.25,24674.5,25023.5,251903
2025-12-18,MNQZ5-MNQH6,42016098,227.25,236.25,225.35,231.75,2832
2025-12-18,MNQZ5-MNQM6,42013034,443.05,453.45,443.05,453.45,12
2025-12-19,MNQH6,42004946,25256.5,25601.0,25211.75,25598.25,1344933
2025-12-19,MNQH6-MNQM6,42011456,219.4,232.75,216.7,223.6,199
2025-12-19,MNQM6,42004936,25480.0,25819.75,25438.0,25819.25,1599
2025-12-19,MNQZ5,42001149,25025.0,25161.75,24980.5,25120.0,15914
2025-12-19,MNQZ5-MNQH6,42016098,231.85,245.0,230.3,237.35,590
2025-12-19,MNQZ5-MNQM6,42013034,453.7,465.5,453.7,455.35,86
2025-12-21,MNQH6,42004946,25635.0,25676.5,25631.5,25669.25,27988
2025-12-21,MNQH6-MNQM6,42011456,219.0,220.7,219.0,220.7,2
2025-12-21,MNQM6,42004936,25844.25,25892.0,25844.25,25890.0,105
2025-12-22,MNQH6,42004946,25668.75,25795.0,25629.5,25713.25,1031799
2025-12-22,MNQH6-MNQM6,42011456,220.7,224.65,220.7,224.5,17
2025-12-22,MNQM6,42004936,25900.0,26015.5,25857.5,25930.5,1011
2025-12-22,MNQU6,42004800,26155.5,26246.0,26155.5,26165.0,7
2025-12-23,MNQH6,42004946,25713.5,25822.25,25608.5,25810.0,898617
2025-12-23,MNQH6-MNQM6,42011456,220.0,226.0,219.5,226.0,34
2025-12-23,MNQM6,42004936,25932.0,26049.25,25834.25,26032.0,935
2025-12-23,MNQU6,42004800,26148.0,26256.75,26148.0,26256.75,24
2025-12-23,MNQZ6,42005282,26505.0,26540.0,26505.0,26540.0,4
2025-12-24,MNQH6,42004946,25810.0,25892.25,25777.5,25861.75,418139
2025-12-24,MNQH6-MNQM6,42011456,223.0,224.5,223.0,224.5,3
2025-12-24,MNQM6,42004936,26049.0,26114.5,26006.0,26092.5,579
2025-12-24,MNQU6,42004800,26275.0,26361.0,26275.0,26361.0,12
2025-12-25,MNQH6,42004946,25870.0,25899.75,25862.0,25887.25,9592
2025-12-25,MNQH6-MNQM6,42011456,226.15,226.3,226.15,226.3,2
2025-12-25,MNQM6,42004936,26103.0,26121.5,26096.25,26112.5,34
2025-12-26,MNQH6,42004946,25887.25,25935.0,25834.25,25857.0,646411
2025-12-26,MNQH6-MNQM6,42011456,222.1,223.1,222.1,222.25,5
2025-12-26,MNQM6,42004936,26112.0,26158.0,26059.5,26081.0,929
2025-12-26,MNQU6,42004800,26360.0,26360.0,26290.0,26290.0,14
2025-12-28,MNQH6,42004946,25869.0,25879.0,25843.25,25870.0,16869
2025-12-28,MNQM6,42004936,26104.0,26104.0,26074.0,26100.5,32
2025-12-29,MNQH6,42004946,25871.0,25893.5,25647.75,25707.0,1106287
2025-12-29,MNQH6-MNQM6,42011456,221.25,221.25,218.25,218.25,23
2025-12-29,MNQM6,42004936,26090.25,26117.5,25868.75,25930.0,1201
2025-12-29,MNQU6,42004800,26306.5,26306.5,26091.25,26152.25,32
2025-12-29,MNQZ6,42005282,26525.0,26525.0,26525.0,26525.0,1
2025-12-30,MNQH6,42004946,25707.25,25794.0,25643.5,25656.75,900646
2025-12-30,MNQH6-MNQM6,42011456,221.5,225.5,220.95,224.0,11
2025-12-30,MNQM6,42004936,25928.25,26012.0,25872.0,25879.25,1056
2025-12-30,MNQU6,42004800,26180.0,26207.0,26180.0,26185.0,12
2025-12-31,MNQH6,42004946,25657.25,25718.25,25426.5,25434.5,997463
2025-12-31,MNQH6-MNQM6,42011456,219.4,219.5,219.4,219.5,5
2025-12-31,MNQM6,42004936,25871.5,25938.0,25650.5,25650.75,1641
2025-12-31,MNQU6,42004800,26000.0,26100.0,25878.5,25878.5,12
2026-01-01,MNQH6,42004946,25460.0,25503.25,25449.25,25497.0,17774
2026-01-01,MNQH6-MNQM6,42011456,218.1,218.1,218.1,218.1,1
2026-01-01,MNQM6,42004936,25678.5,25723.5,25671.25,25713.75,43
2026-01-02,MNQH6,42004946,25497.0,25803.5,25265.25,25393.75,1665204
2026-01-02,MNQH6-MNQM6,42011456,219.25,221.8,219.25,221.8,28
2026-01-02,MNQM6,42004936,25710.0,26020.0,25489.25,25618.75,2695
2026-01-02,MNQU6,42004800,26068.0,26120.0,25733.0,25839.75,33
2026-01-04,MNQH6,42004946,25430.0,25463.5,25406.0,25457.75,41650
2026-01-04,MNQM6,42004936,25613.5,25686.0,25613.5,25678.25,105
2026-01-05,MNQH6,42004946,25457.5,25708.0,25435.25,25566.0,1341509
2026-01-05,MNQH6-MNQM6,42011456,223.0,223.0,220.5,220.5,8
2026-01-05,MNQM6,42004936,25688.0,25928.25,25662.25,25785.0,1394
2026-01-05,MNQU6,42004800,26080.0,26107.0,26011.0,26059.25,15
2026-01-05,MNQZ6,42005282,26315.0,26315.0,26295.0,26295.0,2
2026-01-06,MNQH6,42004946,25566.25,25844.75,25527.0,25825.0,1366938
2026-01-06,MNQH6-MNQM6,42011456,218.6,225.1,218.6,225.1,6
2026-01-06,MNQM6,42004936,25790.0,26067.5,25750.0,26052.0,1659
2026-01-06,MNQU6,42004800,26076.0,26284.0,26000.0,26284.0,63
2026-01-06,MNQZ6,42005282,26300.0,26500.0,26300.0,26500.0,6
2026-01-07,MNQH6,42004946,25825.25,25998.0,25727.0,25823.5,1383870
2026-01-07,MNQH6-MNQM6,42011456,225.25,225.85,221.45,225.75,7
2026-01-07,MNQM6,42004936,26056.0,26222.25,25954.5,26054.25,1986
2026-01-07,MNQU6,42004800,26300.0,26439.0,26270.0,26289.5,51
2026-01-08,MNQH6,42004946,25822.75,25844.25,25569.5,25675.75,1643529
2026-01-08,MNQH6-MNQM6,42011456,225.35,225.4,223.3,225.4,95
2026-01-08,MNQM6,42004936,26043.5,26065.5,25794.0,25901.0,2218
2026-01-08,MNQU6,42004800,26200.0,26200.0,26065.0,26165.5,9
2026-01-09,MNQH6,42004946,25675.25,25986.0,25615.75,25931.5,1587189
2026-01-09,MNQH6-MNQM6,42011456,225.55,228.55,221.0,228.55,18
2026-01-09,MNQM6,42004936,25899.75,26212.5,25845.75,26161.0,2346
2026-01-09,MNQU6,42004800,26167.5,26425.5,26100.0,26417.0,46
2026-01-11,MNQH6,42004946,25946.5,25955.75,25870.25,25894.0,29680
2026-01-11,MNQH6-MNQM6,42011456,228.7,229.75,228.7,229.75,8
2026-01-11,MNQM6,42004936,26137.0,26144.75,26103.5,26133.5,104
2026-01-11,MNQU6,42004800,26458.5,26458.5,26458.5,26458.5,3
2026-01-12,MNQH6,42004946,25893.5,26020.5,25632.75,25895.75,1359596
2026-01-12,MNQH6-MNQM6,42011456,229.9,230.35,225.65,230.35,23
2026-01-12,MNQM6,42004936,26120.0,26248.5,25865.5,26125.0,2376
2026-01-12,MNQU6,42004800,26222.25,26453.75,26150.0,26422.0,95
2026-01-13,MNQH6,42004946,25896.0,26046.25,25803.25,25891.0,1811785
2026-01-13,MNQH6-MNQM6,42011456,228.0,231.4,224.95,229.1,37
2026-01-13,MNQM6,42004936,26121.0,26274.0,26030.0,26121.0,3082
2026-01-13,MNQU6,42004800,26342.0,26484.0,26269.75,26269.75,69
2026-01-14,MNQH6,42004946,25891.25,25926.0,25421.25,25605.5,2156197
2026-01-14,MNQH6-MNQM6,42011456,229.05,229.75,225.3,229.7,118
2026-01-14,MNQM6,42004936,26136.0,26154.25,25649.0,25826.25,4117
2026-01-14,MNQU6,42004800,26324.0,26324.0,25887.5,26072.0,83
2026-01-14,MNQZ6,42005282,26299.0,26299.0,26200.0,26200.0,2
2026-01-15,MNQH6,42004946,25605.5,25954.25,25562.5,25741.5,1803822
2026-01-15,MNQH6-MNQM6,42011456,225.4,232.15,225.4,230.5,19
2026-01-15,MNQM6,42004936,25829.75,26180.0,25795.0,25978.25,2783
2026-01-15,MNQU6,42004800,26058.0,26395.75,26058.0,26133.5,106
2026-01-16,MNQH6,42004946,25741.25,25891.25,25590.25,25681.75,1514366
2026-01-16,MNQM6,42004936,25978.25,26120.0,25822.25,25902.75,1957
2026-01-16,MNQU6,42004800,26295.75,26340.25,26067.25,26206.25,30
2026-01-18,MNQH6,42004946,25556.0,25559.0,25403.5,25467.0,65994
2026-01-18,MNQH6-MNQM6,42011456,227.8,227.8,227.2,227.2,2
2026-01-18,MNQM6,42004936,25839.0,25839.0,25635.0,25689.75,463
2026-01-18,MNQU6,42004800,25898.25,25898.25,25878.75,25878.75,4
2026-01-19,MNQH6,42004946,25466.5,25470.0,25236.25,25378.5,783910
2026-01-19,MNQH6-MNQM6,42011456,230.35,230.35,230.35,230.35,1
2026-01-19,MNQM6,42004936,25692.25,25693.0,25462.25,25606.5,1848
2026-01-19,MNQU6,42004800,25869.5,25885.0,25712.25,25780.0,41
2026-01-19,MNQZ6,42005282,25911.5,25911.5,25911.5,25911.5,1
2026-01-20,MNQH6,42004946,25379.0,25438.75,25095.25,25116.25,2361891
2026-01-20,MNQH6-MNQM6,42011456,226.65,226.65,221.7,224.0,44
2026-01-20,MNQM6,42004936,25596.5,25657.25,25319.0,25337.25,3374
2026-01-20,MNQU6,42004800,25866.0,25882.0,25569.75,25569.75,32
2026-01-21,MNQH6,42004946,25116.75,25653.25,25026.0,25552.25,2698287
2026-01-21,MNQH6-MNQM6,42011456,224.25,229.85,221.65,229.85,147
2026-01-21,MNQM6,42004936,25343.5,25880.0,25250.0,25782.0,4677
2026-01-21,MNQU6,42004800,25648.0,26094.25,25512.5,25996.75,93
2026-01-21,MNQZ6,42005282,25790.0,25915.0,25790.0,25915.0,3
2026-01-22,MNQH6,42004946,25553.25,25739.75,25483.25,25617.25,1738615
2026-01-22,MNQH6-MNQM6,42011456,229.8,231.55,222.95,231.55,21
2026-01-22,MNQM6,42004936,25770.0,25971.5,25713.5,25846.0,1879
2026-01-22,MNQU6,42004800,25972.75,26192.5,25972.75,26036.0,123
2026-01-22,MNQZ6,42005282,26375.75,26375.75,26375.75,26375.75,1
2026-01-23,MNQH6,42004946,25617.25,25845.5,25540.0,25679.0,1689024
2026-01-23,MNQH6-MNQM6,42011456,232.25,232.25,228.1,228.1,3
2026-01-23,MNQM6,42004936,25835.75,26076.75,25775.75,25905.25,2071
2026-01-23,MNQU6,42004800,26037.75,26304.75,26033.75,26211.0,16
2026-01-23,MNQZ6,42005282,26500.75,26500.75,26500.75,26500.75,1
2026-01-25,MNQH6,42004946,25590.25,25590.5,25399.5,25559.5,71230
2026-01-25,MNQM6,42004936,25841.75,25841.75,25650.0,25797.5,312
2026-01-25,MNQU6,42004800,25930.5,26000.0,25924.75,26000.0,6
2026-01-26,MNQH6,42004946,25559.25,25932.75,25543.25,25889.75,1471594
2026-01-26,MNQH6-MNQM6,42011456,229.65,232.65,228.1,231.75,63
2026-01-26,MNQM6,42004936,25797.0,26161.25,25782.25,26116.0,1862
2026-01-26,MNQU6,42004800,26059.0,26378.5,26059.0,26300.0,110
2026-01-27,MNQH6,42004946,25890.25,26147.0,25874.75,26138.25,1270241
2026-01-27,MNQH6-MNQM6,42011456,231.75,231.75,227.75,227.75,5
2026-01-27,MNQH7,42019197,27025.75,27050.0,27025.75,27050.0,2
2026-01-27,MNQM6,42004936,26116.0,26398.0,26116.0,26372.0,1629
2026-01-27,MNQU6,42004800,26429.75,26604.5,26390.0,26602.25,121
2026-01-27,MNQZ6,42005282,26700.0,26795.0,26700.0,26795.0,5
2026-01-28,MNQH6,42004946,26138.0,26349.0,25996.25,26170.0,1693039
2026-01-28,MNQH6-MNQM6,42011456,229.7,235.3,229.6,235.3,34
2026-01-28,MNQH7,42019197,27213.5,27213.5,27213.5,27213.5,1
2026-01-28,MNQM6,42004936,26364.5,26579.75,26228.0,26402.25,2450
2026-01-28,MNQU6,42004800,26604.5,26784.75,26500.0,26744.5,195
2026-01-29,MNQH6,42004946,26169.0,26280.75,25536.0,25972.0,2445424
2026-01-29,MNQH6-MNQM6,42011456,235.4,240.1,229.6,231.9,79
2026-01-29,MNQM6,42004936,26390.5,26515.0,25767.0,26195.25,4222
2026-01-29,MNQU6,42004800,26600.0,26716.0,26018.75,26370.0,75
2026-01-29,MNQZ6,42005282,26730.0,26730.0,26730.0,26730.0,1
2026-01-30,MNQH6,42004946,25971.5,25994.0,25568.75,25638.75,2587903
2026-01-30,MNQH6-MNQM6,42011456,230.05,231.35,228.55,228.55,171
2026-01-30,MNQM6,42004936,26204.0,26223.75,25800.0,25882.75,3718
2026-01-30,MNQU6,42004800,26420.0,26420.0,26050.5,26145.0,102
2026-02-01,MNQH6,42004946,25530.0,25570.75,25373.25,25533.5,87691
2026-02-01,MNQH6-MNQM6,42011456,228.55,229.05,228.05,228.05,11
2026-02-01,MNQM6,42004936,25761.0,25798.5,25605.0,25757.0,580
2026-02-01,MNQU6,42004800,26022.25,26022.25,25847.25,25847.25,6
2026-02-02,MNQH6,42004946,25532.75,25978.75,25180.25,25948.0,1950586
2026-02-02,MNQH6-MNQM6,42011456,229.95,232.05,219.1,232.05,77
2026-02-02,MNQH6-MNQU6,42018467,454.5,454.5,454.5,454.5,1
2026-02-02,MNQH7,42019197,26389.25,26389.25,26389.25,26389.25,1
2026-02-02,MNQM6,42004936,25766.25,26208.0,25404.25,26179.5,3324
2026-02-02,MNQU6,42004800,25880.0,26394.25,25740.25,26335.25,87
2026-02-02,MNQZ6,42005282,26160.0,26160.0,26160.0,26160.0,1
2026-02-03,MNQH6,42004946,25948.25,26027.75,25218.0,25427.75,2611419
2026-02-03,MNQH6-MNQM6,42011456,232.2,235.2,223.4,231.25,29
2026-02-03,MNQM6,42004936,26178.0,26261.0,25447.25,25645.5,3480
2026-02-03,MNQM6-MNQU6,42016413,222.15,222.15,222.15,222.15,1
2026-02-03,MNQU6,42004800,26411.0,26461.25,25708.5,25856.25,101
2026-02-04,MNQH6,42004946,25427.25,25514.5,24784.0,25067.75,2647337
2026-02-04,MNQH6-MNQM6,42011456,227.75,235.0,220.2,220.2,62
2026-02-04,MNQM6,42004936,25622.25,25740.5,25006.0,25281.75,4826
2026-02-04,MNQU6,42004800,25900.0,25950.0,25270.0,25515.0,155
2026-02-05,MNQH6,42004946,25068.5,25169.25,24293.75,24335.0,2669417
2026-02-05,MNQH6-MNQM6,42011456,220.05,222.3,215.15,216.5,69
2026-02-05,MNQH6-MNQU6,42018467,442.0,442.0,436.8,436.8,16
2026-02-05,MNQH6-MNQZ6,42006985,661.35,661.35,645.0,645.0,2
2026-02-05,MNQM6,42004936,25272.5,25392.75,24512.5,24551.25,6420
2026-02-05,MNQU6,42004800,25500.0,25600.0,24750.0,24750.0,295
2026-02-05,MNQZ6,42005282,25220.25,25220.25,25220.25,25220.25,1
2026-02-06,MNQH6,42004946,24335.0,25221.5,24240.5,25107.75,2076421
2026-02-06,MNQH6-MNQM6,42011456,219.55,223.25,214.3,223.25,55
2026-02-06,MNQM6,42004936,24536.0,25440.0,24459.25,25317.25,4634
2026-02-06,MNQU6,42004800,24730.0,25600.0,24700.25,25600.0,231
2026-02-06,MNQZ6,42005282,25850.75,25850.75,25850.75,25850.75,1
2026-02-08,MNQH6,42004946,25150.25,25295.0,25148.0,25275.75,49614
2026-02-08,MNQH6-MNQM6,42011456,220.0,222.1,217.9,222.1,30
2026-02-08,MNQM6,42004936,25354.75,25515.75,25354.75,25490.0,279
2026-02-09,MNQH6,42004946,25275.25,25429.0,24955.5,25345.0,1655033
2026-02-09,MNQH6-MNQM6,42011456,220.55,221.15,219.15,220.1,24
2026-02-09,MNQM6,42004936,25501.0,25649.0,25180.0,25568.75,3118
2026-02-09,MNQU6,42004800,25745.0,25871.25,25400.0,25810.0,85
2026-02-09,MNQZ6,42005282,25848.0,25848.0,25848.0,25848.0,1
2026-02-10,MNQH6,42004946,25344.5,25447.0,25197.5,25273.25,1915164
2026-02-10,MNQH6-MNQM6,42011456,222.05,222.05,220.3,220.3,22
2026-02-10,MNQM6,42004936,25567.25,25667.75,25401.25,25499.5,2647
2026-02-10,MNQU6,42004800,25766.0,25888.0,25714.5,25714.5,34
2026-02-10,MNQZ6,42005282,25900.0,25900.0,25900.0,25900.0,1
2026-02-11,MNQH6,42004946,25273.25,25465.5,25058.0,25235.0,2210647
2026-02-11,MNQH6-MNQM6,42011456,217.75,225.75,217.75,224.9,45
2026-02-11,MNQH7,42019197,26200.0,26200.0,26200.0,26200.0,1
2026-02-11,MNQM6,42004936,25500.0,25690.0,25283.0,25455.5,3690
2026-02-11,MNQU6,42004800,25754.75,25903.0,25526.75,25768.75,66
2026-02-11,MNQZ6,42005282,26030.0,26030.0,26030.0,26030.0,1
2026-02-12,MNQH6,42004946,25234.5,25420.0,24721.5,24823.25,2475164
2026-02-12,MNQH6-MNQM6,42011456,222.45,224.95,217.6,217.6,62
2026-02-12,MNQM6,42004936,25446.75,25645.0,24944.75,25041.5,4970
2026-02-12,MNQU6,42004800,25750.0,25859.25,25189.0,25272.25,139
2026-02-13,MNQH6,42004946,24823.0,24995.5,24578.75,24772.75,2478985
2026-02-13,MNQH6-MNQM6,42011456,219.85,219.85,214.15,217.0,85
2026-02-13,MNQM6,42004936,25038.5,25214.0,24798.25,25002.0,5516
2026-02-13,MNQU6,42004800,25300.0,25429.0,25072.75,25220.0,102
2026-02-15,MNQH6,42004946,24789.25,24839.5,24754.25,24836.25,39250
2026-02-15,MNQM6,42004936,25005.0,25055.25,24970.25,25055.25,180
2026-02-15,MNQU6,42004800,25208.75,25208.75,25208.75,25208.75,2
2026-02-16,MNQH6,42004946,24836.25,24922.25,24670.5,24817.5,642203
2026-02-16,MNQH6-MNQM6,42011456,218.35,219.3,217.7,218.55,17
2026-02-16,MNQM6,42004936,25049.25,25140.0,24891.5,25032.25,1675
2026-02-16,MNQU6,42004800,25292.5,25303.0,25132.0,25180.0,18
2026-02-17,MNQH6,42004946,24817.5,24889.5,24449.25,24710.75,2409259
2026-02-17,MNQH6-MNQM6,42011456,216.5,217.5,215.0,216.6,14
2026-02-17,MNQM6,42004936,25035.75,25105.0,24662.25,24925.0,5034
2026-02-17,MNQU6,42004800,25110.0,25292.25,24908.5,25203.0,115
2026-02-18,MNQH6,42004946,24711.0,25128.5,24707.75,24964.25,1822066
2026-02-18,MNQH6-MNQM6,42011456,217.0,220.0,217.0,219.2,27
2026-02-18,MNQH7,42019197,25930.0,25930.0,25930.0,25930.0,1
2026-02-18,MNQM6,42004936,24943.25,25348.25,24928.5,25181.25,4306
2026-02-18,MNQU6,42004800,25234.5,25555.0,25234.5,25377.0,157
2026-02-18,MNQZ6,42005282,25590.0,25590.0,25590.0,25590.0,1
2026-02-19,MNQH6,42004946,24964.5,25054.25,24748.0,24878.25,2094402
2026-02-19,MNQH6-MNQM6,42011456,218.0,220.0,215.5,217.35,49
2026-02-19,MNQM6,42004936,25176.5,25269.0,24964.25,25100.25,4028
2026-02-19,MNQU6,42004800,25395.0,25428.25,25203.75,25278.5,75
2026-02-20,MNQH6,42004946,24877.25,25139.75,24677.0,25078.5,2171137
2026-02-20,MNQH6-MNQM6,42011456,215.5,220.5,215.5,220.5,53
2026-02-20,MNQH7,42019197,25553.75,25553.75,25553.75,25553.75,2
2026-02-20,MNQM6,42004936,25090.75,25357.0,24896.5,25304.0,5186
2026-02-20,MNQU6,42004800,25340.0,25568.0,25144.25,25504.5,173
2026-02-22,MNQH6,42004946,25036.0,25059.25,24935.75,24973.0,53575
2026-02-22,MNQH6-MNQM6,42011456,219.2,219.2,219.15,219.15,3
2026-02-22,MNQM6,42004936,25278.0,25282.5,25158.75,25195.0,242
2026-02-22,MNQU6,42004800,25430.5,25430.5,25424.5,25424.5,2
2026-02-23,MNQH6,42004946,24971.75,25040.0,24667.75,24788.25,1962668
2026-02-23,MNQH6-MNQM6,42011456,218.35,220.65,215.9,215.9,66
2026-02-23,MNQM6,42004936,25184.0,25255.0,24887.0,25007.5,5604
2026-02-23,MNQU6,42004800,25350.0,25460.25,25123.0,25227.75,90
2026-02-24,MNQH6,42004946,24789.0,25080.75,24694.0,25044.25,1777019
2026-02-24,MNQH6-MNQM6,42011456,216.65,219.5,216.65,218.85,16
2026-02-24,MNQM6,42004936,25008.75,25296.0,24894.0,25263.0,4770
2026-02-24,MNQU6,42004800,25268.0,25509.0,25145.75,25445.0,80
2026-02-24,MNQZ6,42005282,25450.0,25450.0,25450.0,25450.0,1
2026-02-25,MNQH6,42004946,25044.25,25495.0,24995.0,25316.5,1458433
2026-02-25,MNQH6-MNQM6,42011456,219.75,222.5,218.0,220.8,41
2026-02-25,MNQH6-MNQU6,42018467,431.0,431.0,429.05,429.05,4
2026-02-25,MNQM6,42004936,25250.25,25715.0,25215.5,25537.0,3811
2026-02-25,MNQM6-MNQU6,42016413,209.0,209.0,206.75,206.75,8
2026-02-25,MNQU6,42004800,25449.5,25919.75,25449.0,25805.75,267
2026-02-25,MNQZ6,42005282,25980.0,26095.0,25980.0,26095.0,2
2026-02-26,MNQH6,42004946,25316.25,25415.5,24862.0,24996.25,2188123
2026-02-26,MNQH6-MNQM6,42011456,223.45,223.5,219.9,222.0,29
2026-02-26,MNQM6,42004936,25537.0,25638.25,25082.0,25218.0,6046
2026-02-26,MNQU6,42004800,25770.75,25842.5,25350.0,25452.5,183
2026-02-26,MNQZ6,42005282,25650.0,25650.0,25650.0,25650.0,1
2026-02-27,MNQH6,42004946,24995.75,25098.75,24780.0,24952.5,2087994
2026-02-27,MNQH6-MNQM6,42011456,219.9,220.0,217.0,218.0,25
2026-02-27,MNQH6-MNQU6,42018467,446.55,446.55,446.55,446.55,1
2026-02-27,MNQM6,42004936,25214.25,25318.5,25000.0,25180.0,6665
2026-02-27,MNQU6,42004800,25458.0,25528.75,25228.5,25450.0,69
2026-03-01,MNQH6,42004946,24684.75,24816.25,24631.0,24739.0,98041
2026-03-01,MNQH6-MNQM6,42011456,216.5,217.5,215.5,215.5,13
2026-03-01,MNQM6,42004936,24903.25,25030.0,24828.0,24952.5,917
2026-03-01,MNQU6,42004800,25177.0,25231.5,25118.0,25184.0,7
2026-03-02,MNQH6,42004946,24740.0,25100.0,24477.0,24971.75,2294049
2026-03-02,MNQH6-MNQM6,42011456,215.0,219.7,213.0,218.7,60
2026-03-02,MNQH6-MNQU6,42018467,427.0,443.5,427.0,443.5,5
2026-03-02,MNQH7,42019197,25823.0,25823.0,25823.0,25823.0,1
2026-03-02,MNQM6,42004936,24959.75,25319.5,24690.75,25184.5,11305
2026-03-02,MNQU6,42004800,25167.25,25525.0,24930.25,25443.75,191
2026-03-02,MNQZ6,42005282,25312.5,25312.5,25312.5,25312.5,1
2026-03-03,MNQH6,42004946,24972.5,24983.0,24350.75,24702.5,2866078
2026-03-03,MNQH6-MNQM6,42011456,218.5,218.5,212.5,213.85,209
2026-03-03,MNQM6,42004936,25174.75,25200.0,24563.0,24918.75,13786
2026-03-03,MNQU6,42004800,25305.0,25305.0,24790.0,25156.0,221
2026-03-03,MNQZ6,42005282,25237.5,25237.5,25237.5,25237.5,1
2026-03-04,MNQH6,42004946,24702.75,25217.0,24498.5,25171.75,2191436
2026-03-04,MNQH6-MNQM6,42011456,213.0,219.45,213.0,218.55,41
2026-03-04,MNQH6-MNQU6,42018467,436.0,436.0,435.5,435.5,7
2026-03-04,MNQM6,42004936,24922.25,25435.0,24716.25,25391.25,10814
2026-03-04,MNQU6,42004800,25177.5,25629.75,24989.0,25576.0,196
2026-03-04,MNQZ6,42005282,25750.0,25750.0,25750.0,25750.0,1
2026-03-05,MNQH6,42004946,25171.0,25243.0,24774.0,25060.5,2530715
2026-03-05,MNQH6-MNQM6,42011456,219.25,219.7,216.0,217.45,93
2026-03-05,MNQM6,42004936,25389.0,25463.25,24993.0,25284.0,11802
2026-03-05,MNQU6,42004800,25647.0,25661.25,25214.75,25445.75,166
2026-03-06,MNQH6,42004946,25059.75,25141.5,24605.0,24660.75,2650475
2026-03-06,MNQH6-MNQM6,42011456,218.0,218.05,212.5,215.55,316
2026-03-06,MNQH7,42019197,25675.0,25675.0,25675.0,25675.0,1
2026-03-06,MNQM6,42004936,25281.0,25359.75,24819.25,24875.0,11750
2026-03-06,MNQU6,42004800,25511.0,25582.5,25050.0,25072.0,149
2026-03-08,MNQH6,42004946,24500.0,24500.0,24167.0,24214.5,171524
2026-03-08,MNQH6-MNQM6,42011456,211.75,219.25,207.5,207.5,41
2026-03-08,MNQH6-MNQU6,42018467,443.3,443.3,443.3,443.3,7
2026-03-08,MNQM6,42004936,24770.75,24770.75,24377.0,24424.0,2235
2026-03-08,MNQU6,42004800,24975.0,24990.0,24590.75,24590.75,65
2026-03-09,MNQH6,42004946,24215.25,25055.0,23999.0,24881.75,2557038
2026-03-09,MNQH6-MNQM6,42011456,212.15,219.8,205.25,217.0,273
2026-03-09,MNQH6-MNQU6,42018467,422.5,422.5,422.05,422.05,4
2026-03-09,MNQM6,42004936,24429.5,25273.0,24200.0,25096.0,17770
2026-03-09,MNQM6-MNQU6,42016413,206.6,206.6,206.55,206.55,2
2026-03-09,MNQU6,42004800,24609.5,25465.5,24423.75,25292.0,461
2026-03-09,MNQZ6,42005282,24679.5,25000.0,24679.5,25000.0,4
2026-03-10,MNQH6,42004946,24881.5,25217.75,24832.5,25015.75,2301467
2026-03-10,MNQH6-MNQM6,42011456,215.7,219.7,215.7,218.15,399
2026-03-10,MNQH7,42019197,25900.0,25900.0,25900.0,25900.0,1
2026-03-10,MNQM6,42004936,25099.75,25435.5,25050.0,25235.0,13702
2026-03-10,MNQU6,42004800,25296.25,25650.0,25276.25,25457.0,433
2026-03-10,MNQZ6,42005282,25673.25,25673.25,25673.25,25673.25,1
2026-03-11,MNQH6,42004946,25016.5,25180.0,24732.5,24788.0,1993652
2026-03-11,MNQH6-MNQM6,42011456,218.75,219.65,213.0,213.0,290
2026-03-11,MNQH6-MNQU6,42018467,429.0,429.0,429.0,429.0,1
2026-03-11,MNQM6,42004936,25241.75,25400.0,24945.25,25002.0,15689
2026-03-11,MNQU6,42004800,25496.0,25600.0,25175.5,25201.75,197
2026-03-11,MNQZ6,42005282,25830.75,25830.75,25830.75,25830.75,1
2026-03-12,MNQH6,42004946,24787.75,24929.0,24517.0,24528.75,2141402
2026-03-12,MNQH6-MNQM6,42011456,214.0,218.45,212.0,212.2,837
2026-03-12,MNQM6,42004936,25005.0,25146.25,24730.0,24744.75,18676
2026-03-12,MNQM6-MNQU6,42016413,206.5,206.5,206.5,206.5,1
2026-03-12,MNQU6,42004800,25199.5,25352.5,24943.0,24995.0,257
2026-03-12,MNQZ6,42005282,25300.0,25300.0,25300.0,25300.0,2
2026-03-13,MNQH6,42004946,24529.0,24805.0,24333.75,24335.25,2270104
2026-03-13,MNQH6-MNQM6,42011456,214.0,214.0,208.85,208.85,942
2026-03-13,MNQM6,42004936,24740.0,25018.0,24544.0,24549.5,28642
2026-03-13,MNQU6,42004800,24943.0,25219.0,24770.0,24770.0,388
2026-03-15,MNQH6,42004946,24287.75,24495.75,24270.0,24440.5,86168
2026-03-15,MNQH6-MNQM6,42011456,205.0,211.85,205.0,210.0,512
2026-03-15,MNQM6,42004936,24493.5,24708.5,24490.0,24650.0,41989
2026-03-15,MNQU6,42004800,24730.0,24920.5,24714.5,24884.25,69
2026-03-16,MNQH6,42004946,24440.0,24816.25,24435.0,24666.5,908857
2026-03-16,MNQH6-MNQM6,42011456,210.0,216.55,209.3,214.7,15707
2026-03-16,MNQH6-MNQU6,42018467,438.0,439.0,438.0,439.0,3
2026-03-16,MNQH7,42019197,25624.5,25624.5,25624.5,25624.5,1
2026-03-16,MNQM6,42004936,24650.25,25032.75,24646.25,24880.5,970873
2026-03-16,MNQM6-MNQU6,42016413,216.4,216.4,216.4,216.4,1
2026-03-16,MNQU6,42004800,24890.0,25247.25,24890.0,25090.0,581
2026-03-17,MNQH6,42004946,24666.75,24896.75,24517.5,24784.0,299362
2026-03-17,MNQH6-MNQM6,42011456,214.45,220.5,211.4,219.0,6083
2026-03-17,MNQM6,42004936,24880.75,25114.5,24729.0,25004.75,1332334
2026-03-17,MNQM6-MNQU6,42016413,215.65,215.65,215.35,215.35,14
2026-03-17,MNQU6,42004800,25085.5,25341.25,24960.0,25231.0,775
2026-03-17,MNQZ6,42005282,25400.0,25400.0,25400.0,25400.0,1
2026-03-18,MNQH6,42004946,24784.25,24990.0,24346.5,24406.0,206559
2026-03-18,MNQH6-MNQM6,42011456,219.0,221.45,214.3,216.1,4394
2026-03-18,MNQH6-MNQU6,42018467,437.5,441.75,437.0,437.0,16
2026-03-18,MNQH7,42019197,25565.0,25565.0,25565.0,25565.0,1
2026-03-18,MNQM6,42004936,25004.25,25210.75,24560.5,24616.75,1674662
2026-03-18,MNQM6-MNQU6,42016413,215.2,225.5,215.0,222.0,20
2026-03-18,MNQU6,42004800,25251.0,25429.25,24779.0,24841.0,1146
2026-03-18,MNQZ6,42005282,25573.0,25573.0,25370.0,25370.0,3
2026-03-19,MNQH6,42004946,24405.0,24507.75,24113.75,24402.5,134129
2026-03-19,MNQH6-MNQM6,42011456,215.5,220.0,209.45,215.4,3989
2026-03-19,MNQH6-MNQU6,42018467,435.0,435.0,435.0,435.0,1
2026-03-19,MNQH7,42019197,25380.0,25380.0,25380.0,25380.0,1
2026-03-19,MNQM6,42004936,24617.5,24725.25,24324.25,24620.0,2299758
2026-03-19,MNQM6-MNQU6,42016413,215.5,223.5,213.5,213.5,30
2026-03-19,MNQU6,42004800,24840.0,24950.0,24550.0,24839.5,1194
2026-03-20,MNQH6,42004946,24406.75,24445.0,24107.5,24274.0,16297
2026-03-20,MNQH6-MNQM6,42011456,214.35,233.0,198.5,233.0,531
2026-03-20,MNQH6-MNQU6,42018467,428.5,428.5,426.5,426.5,5
2026-03-20,MNQH7,42019197,25150.0,25150.0,25150.0,25150.0,2
2026-03-20,MNQM6,42004936,24620.25,24660.75,23970.75,24217.0,1982402
2026-03-20,MNQM6-MNQU6,42016413,219.5,219.5,212.0,213.5,69
2026-03-20,MNQU6,42004800,24838.75,24870.0,24194.5,24424.5,2139
2026-03-20,MNQZ6,42005282,24705.5,24705.5,24705.5,24705.5,1
2026-03-22,MNQM6,42004936,23914.0,24095.75,23888.0,24006.0,126387
2026-03-22,MNQM6-MNQU6,42016413,221.0,221.0,214.5,214.5,2
2026-03-22,MNQU6,42004800,24306.0,24306.0,24135.25,24208.75,397
2026-03-23,MNQH7,42019197,25335.0,25335.0,25150.0,25150.0,3
2026-03-23,MNQM6,42004936,24006.75,24763.5,23772.75,24456.25,2287322
2026-03-23,MNQM6-MNQU6,42016413,214.5,223.5,213.0,219.4,25
2026-03-23,MNQU6,42004800,24230.0,24977.25,23988.0,24675.0,4082
2026-03-23,MNQZ6,42005282,24531.5,25119.0,24531.5,24941.75,26
2026-03-24,MNQH7,42019197,25150.0,25150.0,25140.0,25140.0,3
2026-03-24,MNQM6,42004936,24454.75,24547.75,24134.75,24413.0,2225757
2026-03-24,MNQM6-MNQU6,42016413,219.5,223.2,219.5,221.5,29
2026-03-24,MNQU6,42004800,24672.0,24765.0,24360.0,24628.25,3212
2026-03-24,MNQZ6,42005282,24901.0,24901.0,24644.75,24865.0,5
2026-03-25,MNQM6,42004936,24414.0,24540.0,24283.75,24322.5,1980670
2026-03-25,MNQM6-MNQU6,42016413,217.75,219.0,217.75,219.0,6
2026-03-25,MNQU6,42004800,24627.5,24761.25,24507.5,24549.0,3899
2026-03-25,MNQZ6,42005282,24947.0,24947.0,24869.0,24869.0,5
2026-03-26,MNQM6,42004936,24323.0,24421.25,23762.0,23876.75,2159610
2026-03-26,MNQM6-MNQU6,42016413,222.0,222.0,217.5,217.5,4
2026-03-26,MNQU6,42004800,24542.5,24640.0,23984.25,24095.0,3577
2026-03-26,MNQZ6,42005282,24700.0,24700.0,24288.75,24288.75,10
2026-03-27,MNQH7,42019197,23966.0,23966.0,23966.0,23966.0,1
2026-03-27,MNQM6,42004936,23877.0,23975.75,23231.0,23255.0,1871134
2026-03-27,MNQM6-MNQU6,42016413,217.05,217.05,208.5,208.5,48
2026-03-27,MNQU6,42004800,24121.0,24191.5,23445.75,23462.0,3319
2026-03-27,MNQZ6,42005282,24272.0,24272.0,23730.25,23730.5,21
2026-03-29,MNQM6,42004936,23191.5,23242.0,23108.75,23128.0,118231
2026-03-29,MNQM6-MNQU6,42016413,208.0,208.0,207.0,207.0,8
2026-03-29,MNQU6,42004800,23406.0,23447.75,23315.5,23331.25,447
2026-03-30,MNQM6,42004936,23127.5,23580.0,23021.0,23044.75,1988724
2026-03-30,MNQM6-MNQU6,42016413,210.0,210.5,204.0,204.0,19
2026-03-30,MNQU6,42004800,23339.0,23778.0,23227.75,23240.0,3241
2026-03-30,MNQZ6,42005282,23784.0,24000.0,23479.25,23532.75,65
2026-03-31,MNQM6,42004936,23045.25,24045.75,22960.5,24037.0,2524691
2026-03-31,MNQM6-MNQU6,42016413,207.0,209.8,205.75,207.4,134
2026-03-31,MNQU6,42004800,23266.5,24255.0,23175.5,24247.5,4993
2026-03-31,MNQZ6,42005282,23468.0,24386.75,23468.0,24345.25,54
2026-04-01,MNQM6,42004936,24036.25,24349.0,23956.0,24183.25,1956817
2026-04-01,MNQM6-MNQU6,42016413,212.0,216.2,208.45,213.0,26
2026-04-01,MNQU6,42004800,24240.0,24563.0,24170.0,24400.0,3603
2026-04-01,MNQZ6,42005282,24460.0,24781.25,24371.0,24678.25,27
2026-04-02,MNQM6,42004936,24183.75,24267.75,23666.5,24212.75,2268948
2026-04-02,MNQM6-MNQU6,42016413,216.55,216.55,212.0,216.5,10
2026-04-02,MNQM6-MNQZ6,42012501,430.0,430.0,430.0,430.0,1
2026-04-02,MNQU6,42004800,24384.25,24480.75,23880.0,24425.25,4604
2026-04-02,MNQZ6,42005282,24576.0,24630.0,24121.25,24630.0,21
2026-04-03,MNQM6,42004936,24214.0,24255.5,24105.75,24132.25,191608
2026-04-03,MNQM6-MNQU6,42016413,220.5,220.5,220.5,220.5,9
2026-04-03,MNQU6,42004800,24431.0,24455.5,24328.0,24333.0,298
2026-04-03,MNQZ6,42005282,24542.5,24542.5,24542.5,24542.5,1
2026-04-05,MNQM6,42004936,24093.25,24100.0,23981.0,24092.0,105225
2026-04-05,MNQM6-MNQU6,42016413,216.6,216.6,216.6,216.6,1
2026-04-05,MNQU6,42004800,24300.0,24310.0,24200.5,24300.0,226
2026-04-05,MNQZ6,42005282,24428.75,24428.75,24428.75,24428.75,1
2026-04-06,MNQH7,42019197,24985.0,24985.0,24985.0,24985.0,1
2026-04-06,MNQM6,42004936,24091.25,24453.0,24087.25,24300.25,1701627
2026-04-06,MNQM6-MNQU6,42016413,221.0,221.0,217.5,217.5,4
2026-04-06,MNQM6-MNQZ6,42012501,442.5,442.5,442.5,442.5,1
2026-04-06,MNQU6,42004800,24308.75,24674.0,24308.75,24527.0,2932
2026-04-06,MNQZ6,42005282,24630.0,24791.5,24630.0,24791.5,26
2026-04-07,MNQM6,42004936,24299.25,25086.75,23941.5,25050.75,2660504
2026-04-07,MNQM6-MNQU6,42016413,218.0,221.5,212.55,221.5,35
2026-04-07,MNQU6,42004800,24511.0,25303.25,24156.75,25275.0,5142
2026-04-07,MNQZ6,42005282,24653.0,25500.0,24411.5,25481.0,39
2026-04-08,MNQH7,42019197,25750.0,25750.0,25750.0,25750.0,1
2026-04-08,MNQM6,42004936,25050.25,25257.25,24926.5,25026.0,2079182
2026-04-08,MNQM6-MNQU6,42016413,221.95,227.0,221.3,227.0,55
2026-04-08,MNQM6-MNQZ6,42012501,445.45,445.5,445.45,445.5,2
2026-04-08,MNQU6,42004800,25266.5,25479.0,25153.5,25253.75,3099
2026-04-08,MNQZ6,42005282,25481.0,25670.0,25400.0,25410.0,15
2026-04-09,MNQM6,42004936,25026.5,25273.25,24953.0,25224.0,1750298
2026-04-09,MNQM6-MNQU6,42016413,226.5,227.95,223.5,227.95,10
2026-04-09,MNQU6,42004800,25236.75,25500.0,25179.5,25460.25,2367
2026-04-09,MNQZ6,42005282,25456.0,25707.0,25456.0,25698.0,11
2026-04-10,MNQM6,42004936,25224.5,25393.5,25203.25,25333.0,1480987
2026-04-10,MNQM6-MNQU6,42016413,225.75,230.5,225.6,225.6,11
2026-04-10,MNQU6,42004800,25445.25,25620.5,25432.0,25560.0,1995
2026-04-10,MNQZ6,42005282,25728.5,25820.0,25692.0,25692.0,7
2026-04-12,MNQM6,42004936,25004.25,25020.0,24914.5,24984.0,126338
2026-04-12,MNQM6-MNQU6,42016413,226.7,226.7,226.7,226.7,2
2026-04-12,MNQU6,42004800,25350.0,25350.0,25152.25,25208.0,374
2026-04-12,MNQZ6,42005282,25441.75,25450.0,25398.25,25398.25,6
2026-04-13,MNQM6,42004936,24983.75,25618.75,24949.25,25585.5,1659769
2026-04-13,MNQM6-MNQH7,42042149,677.9,677.9,677.9,677.9,3
2026-04-13,MNQM6-MNQU6,42016413,226.7,234.0,226.7,234.0,36
2026-04-13,MNQU6,42004800,25205.5,25862.5,25180.25,25818.0,2877
2026-04-13,MNQZ6,42005282,25770.0,26071.25,25716.25,26071.25,44
2026-04-14,MNQM6,42004936,25585.25,26037.75,25559.5,26018.5,1499771
2026-04-14,MNQM6-MNQU6,42016413,234.5,236.25,230.45,236.25,26
2026-04-14,MNQU6,42004800,25815.0,26276.0,25793.25,26260.0,2800
2026-04-14,MNQZ6,42005282,26038.0,26465.5,26038.0,26464.0,121
2026-04-15,MNQM6,42004936,26018.25,26415.5,25934.5,26407.0,1599968
2026-04-15,MNQM6-MNQU6,42016413,234.05,241.4,234.05,241.4,53
2026-04-15,MNQU6,42004800,26245.0,26656.0,26174.0,26650.25,3772
2026-04-15,MNQU6-MNQZ6,42010872,249.95,249.95,249.95,249.95,1
2026-04-15,MNQZ6,42005282,26442.25,26888.75,26440.0,26888.75,78
2026-04-16,MNQM6,42004936,26407.25,26562.75,26275.75,26479.75,1873465
2026-04-16,MNQM6-MNQU6,42016413,241.5,242.0,238.5,238.5,18
2026-04-16,MNQU6,42004800,26650.25,26804.0,26518.75,26724.25,2837
2026-04-16,MNQZ6,42005282,26876.5,27030.0,26851.5,26923.75,60
2026-04-17,MNQH7,42019197,27580.0,27580.0,27580.0,27580.0,1
2026-04-17,MNQM6,42004936,26479.75,26883.0,26443.25,26842.0,1870941
2026-04-17,MNQM6-MNQU6,42016413,242.9,243.5,242.9,243.0,8
2026-04-17,MNQU6,42004800,26720.5,27124.75,26685.0,27085.0,4453
2026-04-17,MNQZ6,42005282,27000.0,27345.25,27000.0,27335.75,65
2026-04-19,MNQM6,42004936,26603.25,26682.25,26534.75,26658.0,96059
2026-04-19,MNQU6,42004800,26928.5,26928.5,26788.0,26898.5,408
2026-04-19,MNQZ6,42005282,27125.0,27125.0,27125.0,27125.0,2
2026-04-20,MNQM6,42004936,26658.25,26826.0,26569.0,26797.0,1638087
2026-04-20,MNQM6-MNQU6,42016413,243.5,243.5,241.0,241.0,6
2026-04-20,MNQU6,42004800,26883.75,27060.5,26816.5,27040.75,1702
2026-04-20,MNQZ6,42005282,27159.5,27307.25,27102.0,27307.25,104
2026-04-21,MNQH7,42019197,27442.5,27490.5,27442.5,27490.5,2
2026-04-21,MNQM6,42004936,26797.25,26902.0,26551.75,26773.75,2112110
2026-04-21,MNQM6-MNQU6,42016413,243.0,245.2,241.55,242.0,6
2026-04-21,MNQU6,42004800,27050.0,27143.5,26799.0,27017.0,2278
2026-04-21,MNQZ6,42005282,27300.0,27358.0,27089.75,27089.75,29
2026-04-22,MNQM6,42004936,26774.0,27138.0,26768.5,27096.25,1607086
2026-04-22,MNQM6-MNQU6,42016413,245.0,247.5,245.0,247.5,12
2026-04-22,MNQU6,42004800,27020.0,27386.25,27015.0,27343.75,2404
2026-04-22,MNQZ6,42005282,27290.75,27617.75,27266.0,27599.75,90
2026-04-23,MNQM6,42004936,27095.5,27156.0,26680.0,27080.75,2317350
2026-04-23,MNQM6-MNQU6,42016413,248.0,248.0,240.6,241.05,36
2026-04-23,MNQU6,42004800,27341.0,27401.25,26934.5,27321.25,3932
2026-04-23,MNQZ6,42005282,27511.25,27637.0,27200.0,27547.5,128
2026-04-24,MNQH7,42019197,27980.0,27980.0,27980.0,27980.0,1
2026-04-24,MNQM6,42004936,27081.0,27462.75,27015.25,27440.75,1832275
2026-04-24,MNQM6-MNQU6,42016413,244.0,250.0,241.7,250.0,5
2026-04-24,MNQU6,42004800,27330.0,27705.75,27265.0,27694.75,3285
2026-04-24,MNQZ6,42005282,27609.0,27937.75,27545.25,27937.75,39
2026-04-26,MNQM6,42004936,27404.0,27420.75,27343.75,27384.75,64389
2026-04-26,MNQM6-MNQU6,42016413,249.15,249.15,249.15,249.15,6
2026-04-26,MNQU6,42004800,27663.75,27663.75,27594.0,27633.5,183
2026-04-26,MNQZ6,42005282,27880.0,27880.0,27860.0,27860.0,4
2026-04-27,MNQM6,42004936,27384.75,27542.0,27298.0,27489.5,1585287
2026-04-27,MNQM6-MNQU6,42016413,249.0,251.95,249.0,251.95,4
2026-04-27,MNQU6,42004800,27655.0,27786.0,27549.75,27742.0,1998
2026-04-27,MNQZ6,42005282,27988.0,28018.0,27800.0,27883.0,27
2026-04-28,MNQH7,42019197,28000.0,28000.0,28000.0,28000.0,1
2026-04-28,MNQM6,42004936,27490.0,27512.5,27006.25,27246.25,2031100
2026-04-28,MNQM6-MNQU6,42016413,248.05,249.65,245.1,245.1,32
2026-04-28,MNQU6,42004800,27741.5,27763.0,27260.0,27484.25,2580
2026-04-28,MNQZ6,42005282,27850.0,27850.0,27503.5,27694.0,21
2026-04-29,MNQM6,42004936,27246.75,27556.75,27089.0,27551.25,1854271
2026-04-29,MNQM6-MNQU6,42016413,245.1,250.0,244.55,247.6,147
2026-04-29,MNQU6,42004800,27499.25,27811.5,27350.0,27797.75,3294
2026-04-29,MNQZ6,42005282,27755.0,27992.0,27650.0,27988.5,44
2026-04-30,MNQM6,42004936,27552.0,27648.0,27163.0,27593.75,2248209
2026-04-30,MNQM6-MNQU6,42016413,245.55,247.25,245.55,247.25,7
2026-04-30,MNQU6,42004800,27813.0,27897.25,27405.75,27843.25,3683
2026-04-30,MNQZ6,42005282,28080.0,28124.5,27700.0,28050.0,56
2026-05-01,MNQM6,42004936,27594.25,27917.5,27535.0,27782.75,1652289
2026-05-01,MNQM6-MNQU6,42016413,247.45,253.5,247.45,253.0,25
2026-05-01,MNQU6,42004800,27847.5,28168.0,27793.0,28046.0,2622
2026-05-01,MNQZ6,42005282,28100.0,28396.0,28040.0,28292.75,58
2026-05-03,MNQM6,42004936,27888.0,27926.25,27814.75,27823.75,72877
2026-05-03,MNQM6-MNQU6,42016413,248.0,248.0,248.0,248.0,4
2026-05-03,MNQU6,42004800,28130.0,28165.0,28068.0,28085.75,162
2026-05-03,MNQZ6,42005282,28339.0,28357.25,28339.0,28357.25,4
2026-05-04,MNQM6,42004936,27823.75,27966.5,27614.25,27746.0,1979072
2026-05-04,MNQM6-MNQU6,42016413,252.0,252.0,252.0,252.0,3
2026-05-04,MNQU6,42004800,28068.0,28217.5,27867.75,27987.75,3131
2026-05-04,MNQU6-MNQZ6,42010872,252.0,254.0,252.0,254.0,5
2026-05-04,MNQZ6,42005282,28320.0,28430.0,28130.0,28130.0,17
2026-05-05,MNQM6,42004936,27746.75,28464.0,27740.25,28370.0,1516586
2026-05-05,MNQM6-MNQU6,42016413,252.5,256.6,252.5,256.6,49
2026-05-05,MNQU6,42004800,27993.5,28665.75,27993.5,28624.25,4539
2026-05-05,MNQU6-MNQZ6,42010872,254.5,254.5,254.5,254.5,1
2026-05-05,MNQZ6,42005282,28330.0,28906.75,28330.0,28880.0,53
2026-05-06,MNQH7,42019197,29240.0,29240.0,29240.0,29240.0,1
2026-05-06,MNQM6,42004936,28369.5,28800.0,28248.25,28670.5,1932433
2026-05-06,MNQM6-MNQU6,42016413,256.8,259.0,252.35,259.0,43
2026-05-06,MNQM6-MNQZ6,42012501,509.0,515.0,509.0,515.0,7
2026-05-06,MNQU6,42004800,28624.25,29055.5,28506.5,28928.5,5637
2026-05-06,MNQZ6,42005282,28790.0,29200.0,28790.0,29200.0,58
2026-05-07,MNQH7,42019197,29424.0,29424.0,29424.0,29424.0,1
2026-05-07,MNQM6,42004936,28670.0,28945.0,28542.0,28679.5,2330691
2026-05-07,MNQM6-MNQU6,42016413,259.15,259.2,255.0,255.8,12
2026-05-07,MNQU6,42004800,28933.75,29202.5,28800.0,28929.5,4163
2026-05-07,MNQZ6,42005282,29241.75,29393.5,29100.0,29130.0,93
2026-05-08,MNQH7,42019197,30022.25,30022.25,30022.25,30022.25,1
2026-05-08,MNQM6,42004936,28679.75,29383.25,28679.75,29335.5,1681881
2026-05-08,MNQM6-MNQU6,42016413,258.75,264.4,258.75,264.4,68
2026-05-08,MNQM6-MNQZ6,42012501,519.0,525.0,519.0,525.0,7
2026-05-08,MNQM7,42022776,30000.0,30130.0,30000.0,30118.5,3
2026-05-08,MNQU6,42004800,28940.5,29632.75,28940.5,29585.25,3843
2026-05-08,MNQU6-MNQZ6,42010872,258.0,261.0,258.0,261.0,7
2026-05-08,MNQZ6,42005282,29292.5,29893.0,29250.0,29859.5,63
2026-05-10,MNQM6,42004936,29294.5,29347.25,29222.25,29304.25,89006
2026-05-10,MNQM6-MNQU6,42016413,262.45,262.45,262.45,262.45,6
2026-05-10,MNQU6,42004800,29524.75,29605.25,29485.0,29566.5,400
2026-05-10,MNQZ6,42005282,29780.0,29832.75,29780.0,29832.75,7
2026-05-11,MNQM6,42004936,29304.25,29480.5,29247.0,29428.0,1899847
2026-05-11,MNQM6-MNQU6,42016413,263.4,267.0,262.0,265.9,114
2026-05-11,MNQM6-MNQZ6,42012501,526.0,529.0,526.0,529.0,5
2026-05-11,MNQU6,42004800,29580.0,29749.75,29515.0,29693.0,3202
2026-05-11,MNQU6-MNQZ6,42010872,261.5,262.0,261.5,262.0,2
2026-05-11,MNQZ6,42005282,29817.5,29999.75,29780.0,29956.75,51
2026-05-12,MNQM6,42004936,29428.0,29428.75,28741.25,29082.0,2367565
2026-05-12,MNQM6-MNQU6,42016413,267.0,267.0,261.45,264.0,123
2026-05-12,MNQM6-MNQZ6,42012501,530.0,536.0,530.0,530.0,9
2026-05-12,MNQM7,42022776,30249.25,30249.25,30249.25,30249.25,1
2026-05-12,MNQU6,42004800,29683.5,29683.5,29005.5,29355.75,5046
2026-05-12,MNQU6-MNQZ6,42010872,262.5,266.5,262.5,266.5,9
2026-05-12,MNQZ6,42005282,29900.0,29900.0,29271.0,29704.5,109
2026-05-13,MNQH7,42019197,29942.0,29942.0,29942.0,29942.0,1
2026-05-13,MNQM6,42004936,29082.0,29648.75,29056.25,29632.25,2072449
2026-05-13,MNQM6-MNQU6,42016413,263.3,271.6,263.3,271.6,76
2026-05-13,MNQM6-MNQZ6,42012501,529.0,529.0,523.0,523.0,4
2026-05-13,MNQM7,42022776,30204.0,30204.0,30204.0,30204.0,1
2026-05-13,MNQU6,42004800,29360.0,29921.5,29328.75,29900.0,4193
2026-05-13,MNQU6-MNQH7,42044451,499.95,499.95,499.95,499.95,1
2026-05-13,MNQU6-MNQZ6,42010872,266.8,266.8,266.8,266.8,1
2026-05-13,MNQZ6,42005282,29640.0,30175.0,29620.75,30171.0,91
2026-05-14,MNQH7,42019197,30561.0,30562.0,30561.0,30562.0,2
2026-05-14,MNQM6,42004936,29631.75,29783.75,29448.25,29687.75,2204569
2026-05-14,MNQM6-MNQU6,42016413,271.8,276.65,270.8,271.8,56
2026-05-14,MNQM7,42022776,30820.0,30830.0,30820.0,30830.0,2
2026-05-14,MNQU6,42004800,29904.25,30056.0,29719.5,29965.0,6548
2026-05-14,MNQZ6,42005282,30203.75,30317.75,29990.0,30270.75,108
2026-05-15,MNQM6,42004936,29687.5,29727.5,29089.5,29172.75,2788140
2026-05-15,MNQM6-MNQU6,42016413,271.8,273.0,266.8,268.35,207
2026-05-15,MNQM7,42022776,30620.0,30620.0,30275.0,30275.0,4
2026-05-15,MNQU6,42004800,29958.0,29999.0,29355.5,29450.75,6508
2026-05-15,MNQZ6,42005282,30215.0,30215.0,29650.0,29718.0,130
2026-05-17,MNQM6,42004936,29135.25,29283.75,29011.25,29117.25,165557
2026-05-17,MNQM6-MNQU6,42016413,267.0,267.0,267.0,267.0,2
2026-05-17,MNQU6,42004800,29403.5,29552.0,29282.0,29388.0,509
2026-05-17,MNQZ6,42005282,29800.75,29800.75,29600.0,29657.0,94
2026-05-18,MNQM6,42004936,29118.0,29419.75,28814.25,29135.0,2685813
2026-05-18,MNQM6-MNQU6,42016413,266.5,269.1,264.6,268.35,229
2026-05-18,MNQM7,42022776,30100.0,30100.0,30100.0,30100.0,2
2026-05-18,MNQU6,42004800,29378.25,29685.0,29079.0,29400.75,6731
2026-05-18,MNQU6-MNQZ6,42010872,270.0,270.0,270.0,270.0,1
2026-05-18,MNQZ6,42005282,29596.75,29938.75,29400.0,29672.5,309
2026-05-19,MNQH7,42019197,29569.75,29589.0,29569.75,29589.0,2
2026-05-19,MNQM6,42004936,29134.75,29190.0,28663.0,28950.5,2717620
2026-05-19,MNQM6-MNQU6,42016413,266.95,268.85,264.65,267.5,99
2026-05-19,MNQU6,42004800,29414.25,29450.5,28930.75,29216.5,6479
2026-05-19,MNQZ6,42005282,29725.0,29725.0,29220.0,29500.0,897
2026-05-20,MNQM6,42004936,28949.5,29397.0,28796.0,29192.25,2457447
2026-05-20,MNQM6-MNQU6,42016413,268.6,274.9,268.05,269.6,99
2026-05-20,MNQU6,42004800,29205.0,29671.5,29067.0,29454.5,6149
2026-05-20,MNQZ6,42005282,29385.0,29938.5,29350.0,29743.75,140
2026-05-21,MNQM6,42004936,29190.5,29579.25,29127.25,29550.5,2499873
2026-05-21,MNQM6-MNQU6,42016413,269.3,275.95,269.3,275.95,46
2026-05-21,MNQU6,42004800,29459.25,29870.5,29400.0,29824.25,6523
2026-05-21,MNQZ6,42005282,29737.75,30105.0,29681.0,30105.0,169
2026-05-22,MNQH7,42019197,30325.0,30325.0,30325.0,30325.0,1
2026-05-22,MNQM6,42004936,29550.5,29747.75,29437.5,29520.0,1950207
2026-05-22,MNQM6-MNQU6,42016413,275.9,279.45,274.95,278.9,71
2026-05-22,MNQU6,42004800,29830.0,30025.0,29714.75,29801.0,5700
2026-05-22,MNQZ6,42005282,30105.0,30300.0,30030.0,30100.0,316
2026-05-24,MNQM6,42004936,29675.75,29882.5,29672.0,29844.0,82392
2026-05-24,MNQM6-MNQU6,42016413,276.05,276.05,276.05,276.05,3
2026-05-24,MNQU6,42004800,29934.25,30161.0,29934.25,30120.25,1044
2026-05-24,MNQZ6,42005282,30321.75,30425.0,30321.75,30424.25,12
2026-05-25,MNQM6,42004936,29842.5,29995.0,29826.5,29878.5,592635
2026-05-25,MNQM6-MNQU6,42016413,280.75,282.0,276.3,280.95,156
2026-05-25,MNQU6,42004800,30125.5,30275.0,30109.0,30160.0,5785
2026-05-25,MNQZ6,42005282,30415.25,30550.75,30400.0,30448.5,95
2026-05-26,MNQM6,42004936,29879.25,30119.0,29743.0,30099.25,2046227
2026-05-26,MNQM6-MNQU6,42016413,280.15,283.05,279.05,283.05,64
2026-05-26,MNQU6,42004800,30137.25,30400.5,30025.0,30375.0,8649
2026-05-26,MNQZ6,42005282,30426.0,30679.0,30320.0,30668.25,300
2026-05-27,MNQM6,42004936,30099.5,30380.0,29876.0,29979.75,2425794
2026-05-27,MNQM6-MNQU6,42016413,283.5,287.5,282.0,284.5,54
2026-05-27,MNQU6,42004800,30374.5,30668.0,30161.5,30270.25,9594
2026-05-27,MNQU6-MNQZ6,42010872,299.0,299.0,299.0,299.0,1
2026-05-27,MNQZ6,42005282,30693.5,30942.0,30477.75,30700.0,620
2026-05-28,MNQH7,42019197,31250.0,31250.0,31250.0,31250.0,1
2026-05-28,MNQM6,42004936,29978.75,30364.75,29763.25,30301.25,2119003
2026-05-28,MNQM6-MNQU6,42016413,285.5,293.0,280.0,293.0,119
2026-05-28,MNQU6,42004800,30262.25,30655.25,30047.0,30595.0,8052
2026-05-28,MNQU6-MNQZ6,42010872,299.5,299.95,299.5,299.95,2
2026-05-28,MNQZ6,42005282,30577.25,30920.0,30368.75,30888.5,386
2026-05-29,MNQM6,42004936,30301.0,30535.75,30216.25,30386.75,2257718
2026-05-29,MNQM6-MNQU6,42016413,292.85,294.5,288.95,288.95,71
2026-05-29,MNQM6-MNQZ6,42012501,589.5,589.5,589.5,589.5,1
2026-05-29,MNQU6,42004800,30590.0,30829.5,30514.75,30676.25,7596
2026-05-29,MNQZ6,42005282,30890.0,31126.25,30820.0,31015.75,134
2026-05-31,MNQM6,42004936,30416.5,30486.0,30360.5,30477.5,77993
2026-05-31,MNQM6-MNQU6,42016413,288.75,288.75,288.4,288.45,19
2026-05-31,MNQU6,42004800,30705.0,30775.0,30661.0,30770.25,495
2026-05-31,MNQZ6,42005282,30954.5,31053.75,30954.5,31053.75,2
2026-06-01,MNQH7,42019197,31574.0,31574.0,31574.0,31574.0,1
2026-06-01,MNQM6,42004936,30477.75,30692.0,30291.0,30469.25,2171086
2026-06-01,MNQM6-MNQU6,42016413,291.65,294.15,288.7,292.2,169
2026-06-01,MNQM6-MNQZ6,42012501,589.5,589.5,589.5,589.5,2
2026-06-01,MNQU6,42004800,30774.5,30989.75,30584.0,30759.75,9859
2026-06-01,MNQZ6,42005282,31119.5,31288.25,30880.0,31059.25,226
2026-06-02,MNQM6,42004936,30469.5,30763.5,30317.75,30707.25,2083368
2026-06-02,MNQM6-MNQU6,42016413,291.8,294.4,289.95,293.35,104
2026-06-02,MNQU6,42004800,30753.75,31052.0,30607.5,30995.0,9298
2026-06-02,MNQZ6,42005282,31030.0,31351.0,30915.5,31224.0,108
2026-06-03,MNQM6,42004936,30707.5,30807.75,30367.75,30394.75,2628771
2026-06-03,MNQM6-MNQU6,42016413,294.15,297.85,291.85,297.0,128
2026-06-03,MNQU6,42004800,31008.0,31104.5,30668.0,30694.5,11419
2026-06-03,MNQZ6,42005282,31280.0,31381.25,30964.0,30964.0,130
2026-06-04,MNQM6,42004936,30393.25,30603.25,30152.25,30264.25,2730524
2026-06-04,MNQM6-MNQU6,42016413,297.85,298.0,292.0,292.75,389
2026-06-04,MNQU6,42004800,30688.0,30898.0,30447.25,30562.75,11789
2026-06-04,MNQU6-MNQZ6,42010872,299.95,299.95,299.95,299.95,1
2026-06-04,MNQZ6,42005282,31020.25,31188.0,30750.0,30880.5,260
2026-06-05,MNQH7,42019197,30151.0,30151.0,30151.0,30151.0,1
2026-06-05,MNQM6,42004936,30264.5,30264.5,28778.5,28828.25,3744768
2026-06-05,MNQM6-MNQU6,42016413,296.05,296.05,277.7,279.1,4854
2026-06-05,MNQM6-MNQZ6,42012501,590.2,590.2,567.0,567.0,24
2026-06-05,MNQM7,42022776,31450.0,31450.0,30500.0,30500.0,3
2026-06-05,MNQU6,42004800,30551.5,30553.0,29060.0,29104.5,40192
2026-06-05,MNQU6-MNQZ6,42010872,302.0,303.5,292.2,292.2,10
2026-06-05,MNQZ6,42005282,30777.0,30818.5,29359.25,29406.0,1857
2026-06-07,MNQM6,42004936,28843.5,29103.75,28821.0,29085.5,191608
2026-06-07,MNQM6-MNQU6,42016413,280.2,282.6,278.9,280.95,299
2026-06-07,MNQU6,42004800,29127.5,29390.0,29100.25,29367.25,3448
2026-06-07,MNQZ6,42005282,29500.0,29680.75,29475.0,29680.75,93
2026-06-08,MNQH7,42019197,30100.0,30120.0,30100.0,30120.0,2
2026-06-08,MNQM6,42004936,29085.25,29743.0,28972.5,29424.5,3020685
2026-06-08,MNQM6-MNQU6,42016413,281.75,295.1,279.45,289.15,1408
2026-06-08,MNQM6-MNQZ6,42012501,592.9,592.9,592.9,592.9,12
2026-06-08,MNQM7,42022776,30683.25,30683.25,30683.25,30683.25,1
2026-06-08,MNQU6,42004800,29356.0,30028.5,29251.25,29711.75,24990
2026-06-08,MNQZ6,42005282,29654.0,30308.75,29580.0,30042.0,245
2026-06-09,MNQH7,42019197,30060.0,30070.0,29215.0,29215.0,7
2026-06-09,MNQM6,42004936,29424.5,29847.0,28227.25,29065.0,4332102
2026-06-09,MNQM6-MNQU6,42016413,287.0,298.5,274.95,284.35,2322
2026-06-09,MNQM6-MNQZ6,42012501,588.0,588.0,572.0,572.0,6
2026-06-09,MNQU6,42004800,29715.0,30138.75,28500.75,29347.75,44123
2026-06-09,MNQU6-MNQZ6,42010872,292.2,292.2,292.2,292.2,1
2026-06-09,MNQZ6,42005282,29953.0,30424.0,28845.5,29595.75,596
2026-06-10,MNQH7,42019197,29580.0,30000.0,29580.0,30000.0,2
2026-06-10,MNQM6,42004936,29065.25,29251.0,28264.25,28364.25,3742154
2026-06-10,MNQM6-MNQU6,42016413,285.7,286.95,274.15,274.15,1631
2026-06-10,MNQM6-MNQZ6,42012501,554.9,554.9,554.55,554.55,8
2026-06-10,MNQU6,42004800,29358.0,29537.0,28542.0,28643.25,38271
2026-06-10,MNQZ6,42005282,29683.0,29786.0,28835.5,28969.75,414
2026-06-11,MNQM6,42004936,28365.0,29593.0,28335.0,29578.0,3553735
2026-06-11,MNQM6-MNQU6,42016413,274.95,289.5,273.35,283.55,1970
2026-06-11,MNQM6-MNQZ6,42012501,557.0,568.0,557.0,568.0,5
2026-06-11,MNQU6,42004800,28641.25,29877.25,28610.0,29860.75,65900
2026-06-11,MNQZ6,42005282,28923.5,30157.75,28923.5,30157.75,401
2026-06-12,MNQM6,42004936,29577.75,29759.25,29231.25,29677.0,2437317
2026-06-12,MNQM6-MNQU6,42016413,283.65,296.0,281.5,293.5,5456
2026-06-12,MNQM6-MNQZ6,42012501,577.65,577.75,577.65,577.75,3
2026-06-12,MNQU6,42004800,29859.25,30053.0,29518.25,29970.25,503713
2026-06-12,MNQU6-MNQZ6,42010872,291.0,298.5,291.0,298.5,31
2026-06-12,MNQZ6,42005282,30158.0,30335.0,29850.0,30264.5,378
2026-06-14,MNQM6,42004936,29826.25,30095.0,29825.0,30051.5,63471
2026-06-14,MNQM6-MNQU6,42016413,296.0,300.85,289.55,296.2,1741
2026-06-14,MNQU6,42004800,30100.0,30395.25,30100.0,30350.25,120734
2026-06-14,MNQU6-MNQZ6,42010872,288.0,288.0,288.0,288.0,1
2026-06-14,MNQZ6,42005282,30369.25,30697.5,30369.25,30650.0,117
2026-06-15,MNQH7,42019197,30990.0,31505.75,30990.0,31500.0,40
2026-06-15,MNQM6,42004936,30052.5,30612.25,30043.0,30531.25,551284
2026-06-15,MNQM6-MNQM7,42053345,1190.0,1190.0,1190.0,1190.0,2
2026-06-15,MNQM6-MNQU6,42016413,295.4,312.5,292.35,304.05,11442
2026-06-15,MNQM6-MNQZ6,42012501,606.0,606.0,604.0,604.0,6
2026-06-15,MNQU6,42004800,30350.0,30918.5,30339.0,30835.25,1663980
2026-06-15,MNQU6-MNQZ6,42010872,301.0,307.8,299.4,307.5,40
2026-06-15,MNQZ6,42005282,30660.0,31228.0,30660.0,31145.0,1077
2026-06-16,MNQH7,42019197,31400.0,31430.0,30980.0,30980.0,10
2026-06-16,MNQM6,42004936,30530.5,30665.75,29957.25,30014.0,384060
2026-06-16,MNQM6-MNQU6,42016413,303.5,320.5,302.3,314.6,11252
2026-06-16,MNQM6-MNQZ6,42012501,613.0,631.0,607.5,631.0,104
2026-06-16,MNQU6,42004800,30834.5,30975.5,30273.75,30329.5,2773470
2026-06-16,MNQU6-MNQZ6,42010872,302.5,313.65,301.5,313.65,68
2026-06-16,MNQZ6,42005282,31132.75,31275.5,30580.75,30626.25,1644
2026-06-17,MNQM6,42004936,30018.75,30269.0,29612.25,29992.5,222362
2026-06-17,MNQM6-MNQU6,42016413,315.0,321.0,304.05,319.5,2740
2026-06-17,MNQM6-MNQZ6,42012501,624.0,634.0,618.0,634.0,28
2026-06-17,MNQU6,42004800,30330.0,30584.25,29922.0,30313.5,3117376
2026-06-17,MNQU6-MNQZ6,42010872,313.65,317.0,306.15,309.5,33
2026-06-17,MNQZ6,42005282,30660.0,30888.5,30246.5,30621.0,1989
2026-06-18,MNQH7,42019197,31400.0,31405.0,31400.0,31405.0,4
2026-06-18,MNQM6,42004936,29993.75,30294.25,29955.25,30275.0,25780
2026-06-18,MNQM6-MNQU6,42016413,319.85,331.0,309.2,320.0,1833
2026-06-18,MNQM6-MNQZ6,42012501,640.0,645.0,633.0,645.0,13
2026-06-18,MNQU6,42004800,30313.5,30783.25,30284.0,30691.25,2558273
2026-06-18,MNQU6-MNQZ6,42010872,317.5,334.7,317.5,334.7,92
2026-06-18,MNQZ6,42005282,30632.0,31110.0,30600.0,31032.0,2327
2026-06-19,MNQU6,42004800,30691.0,30705.0,30388.0,30651.0,792681
2026-06-19,MNQU6-MNQZ6,42010872,333.4,333.4,332.5,332.5,47
2026-06-19,MNQZ6,42005282,31023.0,31036.25,30723.5,30976.25,1187
2026-06-21,MNQU6,42004800,30580.75,30616.75,30336.75,30354.0,164727
2026-06-21,MNQU6-MNQZ6,42010872,332.5,332.5,332.5,332.5,6
2026-06-21,MNQZ6,42005282,30944.0,30949.0,30670.0,30681.25,564
2026-06-22,MNQH7,42019197,31550.0,31550.0,31550.0,31550.0,1
2026-06-22,MNQM7,42022776,31800.0,31800.0,31800.0,31800.0,1
2026-06-22,MNQU6,42004800,30353.75,30967.75,30347.75,30575.5,2745356
2026-06-22,MNQU6-MNQZ6,42010872,327.8,330.0,323.0,323.0,38
2026-06-22,MNQZ6,42005282,30687.75,31297.0,30687.75,30896.75,3671
2026-06-23,MNQH7,42019197,31230.0,31230.0,30500.0,30500.0,10
2026-06-23,MNQU6,42004800,30574.75,30635.0,29577.25,29747.5,3599295
2026-06-23,MNQU6-MNQZ6,42010872,324.1,324.1,306.0,307.0,108
2026-06-23,MNQZ6,42005282,30912.5,30960.0,29850.0,30050.0,8035
2026-06-24,MNQH7,42019197,30605.5,30605.5,30605.5,30605.5,1
2026-06-24,MNQM7,42022776,30490.0,30490.0,30490.0,30490.0,1
2026-06-24,MNQU6,42004800,29746.75,30169.0,29263.0,30096.25,3593548
2026-06-24,MNQU6-MNQZ6,42010872,310.0,315.5,306.5,315.0,48
2026-06-24,MNQZ6,42005282,30059.25,30480.0,29574.75,30405.0,5455
2026-06-25,MNQH7,42019197,30800.5,30800.5,30334.25,30350.0,3
2026-06-25,MNQU6,42004800,30096.25,30264.25,29296.5,29706.0,3746062
2026-06-25,MNQU6-MNQZ6,42010872,317.5,317.5,305.0,314.95,123
2026-06-25,MNQZ6,42005282,30408.0,30566.5,29606.25,30019.25,4794
2026-06-26,MNQH7,42019197,30260.0,30260.0,30260.0,30260.0,1
2026-06-26,MNQU6,42004800,29706.0,29774.0,29160.0,29290.0,3154642
2026-06-26,MNQU6-MNQZ6,42010872,310.3,310.3,292.5,296.0,132
2026-06-26,MNQZ6,42005282,30030.0,30080.0,29467.0,29570.75,5199
2026-06-28,MNQU6,42004800,29280.5,29684.75,29280.0,29619.25,160342
2026-06-28,MNQU6-MNQZ6,42010872,297.6,297.6,296.0,296.0,2
2026-06-28,MNQZ6,42005282,29583.25,29975.0,29583.25,29919.25,305
2026-06-29,MNQH7,42019197,30677.0,30686.0,30677.0,30686.0,3
2026-06-29,MNQU6,42004800,29620.0,30069.0,29274.0,30039.75,3083339
2026-06-29,MNQU6-MNQZ6,42010872,292.0,311.0,292.0,311.0,83
2026-06-29,MNQZ6,42005282,29900.0,30375.0,29559.75,30338.25,4182
2026-06-30,MNQH7,42019197,30918.0,30918.0,30918.0,30918.0,1
2026-06-30,MNQU6,42004800,30039.75,30600.0,29935.25,30533.0,2397205
2026-06-30,MNQU6-MNQZ6,42010872,313.0,319.0,313.0,319.0,22
2026-06-30,MNQZ6,42005282,30338.25,30916.5,30248.0,30835.5,3118
2026-07-01,MNQH7,42019197,30920.0,30920.0,30680.0,30725.0,6
2026-07-01,MNQM7,42022776,31165.0,31165.0,31165.0,31165.0,1
2026-07-01,MNQU6,42004800,30533.0,30555.75,30009.25,30045.5,2802504
2026-07-01,MNQU6-MNQZ6,42010872,310.65,313.8,310.65,312.0,126
2026-07-01,MNQZ6,42005282,30855.0,30861.25,30317.25,30343.0,2417
2026-07-02,MNQH7,42019197,30200.25,30200.25,30000.0,30000.0,3
2026-07-02,MNQM7,42022776,31000.0,31000.0,31000.0,31000.0,1
2026-07-02,MNQU6,42004800,30045.5,30319.75,29328.5,29600.75,3968825
2026-07-02,MNQU6-MNQZ6,42010872,312.0,312.0,299.5,306.2,234
2026-07-02,MNQZ6,42005282,30339.0,30635.5,29633.25,29875.5,5255
2026-07-03,MNQH7,42019197,30430.5,30490.5,30430.5,30490.5,3
2026-07-03,MNQU6,42004800,29600.25,29956.0,29522.5,29903.75,640890
2026-07-03,MNQU6-MNQZ6,42010872,299.05,299.05,299.05,299.05,3
2026-07-03,MNQZ6,42005282,29920.0,30258.0,29825.0,30215.0,914
2026-07-05,MNQU6,42004800,29936.75,30010.0,29860.5,29985.0,114712
2026-07-05,MNQU6-MNQZ6,42010872,310.5,310.5,305.1,305.1,4
2026-07-05,MNQZ6,42005282,30239.0,30315.0,30168.0,30285.0,225
2026-07-06,MNQH7,42019197,30500.0,30600.0,30500.0,30600.0,2
2026-07-06,MNQU6,42004800,29985.25,30094.0,29683.25,29852.25,2519384
2026-07-06,MNQU6-MNQZ6,42010872,305.1,311.5,305.1,310.15,21
2026-07-06,MNQZ6,42005282,30267.25,30410.75,29998.0,30163.75,3015
2026-07-07,MNQH7,42019197,30500.0,30500.0,29949.0,29950.0,9
2026-07-07,MNQU6,42004800,29851.5,29916.75,29209.75,29300.5,3242628
2026-07-07,MNQU6-MNQZ6,42010872,305.5,309.5,302.0,309.5,186
2026-07-07,MNQZ6,42005282,30150.0,30215.0,29514.25,29602.25,4128
2026-07-08,MNQH7,42019197,30033.25,30049.75,29531.75,30049.75,15
2026-07-08,MNQU6,42004800,29301.0,29558.0,28910.25,29492.0,3385511
2026-07-08,MNQU6-MNQZ6,42010872,302.25,302.25,298.5,298.5,419
2026-07-08,MNQZ6,42005282,29611.25,29861.75,29214.25,29800.0,5032
2026-07-09,MNQH7,42019197,30343.0,30400.0,30343.0,30400.0,2
2026-07-09,MNQU6,42004800,29492.0,29993.25,29396.0,29932.75,2583958
2026-07-09,MNQU6-MNQZ6,42010872,298.5,303.75,298.5,301.4,200
2026-07-09,MNQZ6,42005282,29806.0,30296.75,29700.0,30248.5,6143
2026-07-10,MNQH7,42019197,30600.0,30600.0,30500.0,30500.0,5
2026-07-10,MNQU6,42004800,29932.25,30076.75,29677.5,30069.0,2328614
2026-07-10,MNQU6-MNQZ6,42010872,301.5,309.0,299.35,309.0,55
2026-07-10,MNQZ6,42005282,30251.5,30400.0,29986.25,30370.75,3738
2026-07-12,MNQH7,42019197,30488.0,30488.0,30488.0,30488.0,1
2026-07-12,MNQU6,42004800,29956.75,29979.75,29843.75,29893.75,115087
2026-07-12,MNQU6-MNQZ6,42010872,308.0,308.0,308.0,308.0,1
2026-07-12,MNQZ6,42005282,30300.0,30300.0,30157.5,30180.5,287
2026-07-13,MNQH7,42019197,30185.0,30185.0,30185.0,30185.0,3
2026-07-13,MNQU6,42004800,29892.25,30042.5,29327.5,29421.25,2886471
2026-07-13,MNQU6-MNQZ6,42010872,307.35,309.45,303.75,305.5,94
2026-07-13,MNQZ6,42005282,30178.75,30340.0,29637.0,29718.25,4293
2026-07-14,MNQH7,42019197,30484.0,30484.0,30484.0,30484.0,2
2026-07-14,MNQU6,42004800,29422.0,29922.0,29303.25,29888.75,2713592
2026-07-14,MNQU6-MNQZ6,42010872,302.2,306.95,301.65,306.95,84
2026-07-14,MNQZ6,42005282,29717.5,30221.0,29612.25,30200.0,5398
2026-07-15,MNQH7,42019197,30400.0,30400.0,30400.0,30400.0,1
2026-07-15,MNQU6,42004800,29888.25,30062.5,29396.75,29690.5,2861011
2026-07-15,MNQU6-MNQZ6,42010872,304.7,304.7,300.5,300.5,55
2026-07-15,MNQZ6,42005282,30170.0,30367.0,29700.0,29990.0,4791
2026-07-16,MNQH7,42019197,29890.0,29890.0,29885.0,29885.0,3
2026-07-16,MNQU6,42004800,29690.75,29796.5,29060.5,29096.5,2812593
2026-07-16,MNQU6-MNQZ6,42010872,301.0,304.9,294.5,296.0,131
2026-07-16,MNQZ6,42005282,30000.0,30093.5,29357.0,29380.0,5093
2026-07-17,MNQH7,42019197,29188.0,29600.0,29188.0,29450.0,15
2026-07-17,MNQU6,42004800,29096.25,29124.0,28408.25,28768.75,3290572
2026-07-17,MNQU6-MNQZ6,42010872,295.5,296.35,286.05,293.5,266
2026-07-17,MNQZ6,42005282,29395.0,29423.0,28693.0,29052.75,6226
2026-07-19,MNQU6,42004800,28747.5,28877.0,28706.75,28869.5,149447
2026-07-19,MNQU6-MNQZ6,42010872,293.5,293.5,293.5,293.5,4
2026-07-19,MNQZ6,42005282,29024.0,29165.0,29001.25,29152.25,220
2026-07-20,MNQH7,42019197,29550.0,29737.0,29389.25,29389.25,15
2026-07-20,MNQU6,42004800,28869.25,29192.5,28700.0,28779.75,2739023
2026-07-20,MNQU6-MNQZ6,42010872,291.5,298.9,291.5,294.85,73
2026-07-20,MNQZ6,42005282,29156.0,29488.0,28994.25,29076.75,4349
2026-07-21,MNQH7,42019197,29349.25,29950.0,29340.0,29950.0,38
2026-07-21,MNQU6,42004800,28778.25,29363.5,28706.5,29298.0,2319196
2026-07-21,MNQU6-MNQZ6,42010872,299.0,301.35,293.95,293.95,111
2026-07-21,MNQZ6,42005282,29056.5,29662.0,29000.0,29595.5,3753
2026-07-22,MNQH7,42019197,29843.0,29957.0,29685.0,29685.0,29
2026-07-22,MNQU6,42004800,29298.25,29342.5,28961.25,29142.75,2367448
2026-07-22,MNQU6-MNQZ6,42010872,299.5,304.0,299.5,304.0,54
2026-07-22,MNQZ6,42005282,29611.5,29640.5,29260.0,29422.5,3858
2026-07-23,MNQH7,42019197,29702.0,29702.0,29090.0,29300.0,18
2026-07-23,MNQU6,42004800,29143.0,29283.0,28432.5,28679.25,3092225
2026-07-23,MNQU6-MNQZ6,42010872,300.65,300.65,291.0,291.0,36
2026-07-23,MNQZ6,42005282,29450.0,29575.0,28726.0,28961.5,5351
2026-07-24,MNQH7,42019197,29180.0,29180.0,28947.25,28947.75,19
2026-07-24,MNQM7,42022776,29252.0,29252.0,29252.0,29252.0,1
2026-07-24,MNQU6,42004800,28681.0,28725.0,28212.5,28306.75,2994398
2026-07-24,MNQU6-MNQZ6,42010872,294.15,294.2,290.0,290.0,45
2026-07-24,MNQZ6,42005282,28992.0,29007.5,28506.75,28592.0,5451
2026-07-26,MNQH7,42019197,29326.75,29326.75,29326.75,29326.75,1
2026-07-26,MNQU6,42004800,28501.5,28733.5,28501.5,28728.25,124451
2026-07-26,MNQZ6,42005282,28700.25,29023.75,28700.25,29023.75,548
2026-07-27,MNQH7,42019197,29314.0,29325.0,28630.0,28850.0,24
2026-07-27,MNQU6,42004800,28729.0,28763.75,27938.5,28163.25,3113482
2026-07-27,MNQU6-MNQZ6,42010872,294.0,294.65,285.8,287.5,94
2026-07-27,MNQZ6,42005282,28998.75,29055.25,28230.0,28448.0,5402
2026-07-28,MNQH7,42019197,28500.0,28700.0,28250.0,28700.0,73
2026-07-28,MNQM7,42022776,28775.0,28775.0,28775.0,28775.0,1
2026-07-28,MNQU6,42004800,28164.5,28195.0,27603.25,28102.75,2922950
2026-07-28,MNQU6-MNQZ6,42010872,287.5,287.5,280.0,284.0,54
2026-07-28,MNQZ6,42005282,28455.0,28477.0,27885.5,28387.0,5718
2026-07-29,MNQH7,42019197,28777.0,28777.0,27900.0,28083.75,57
2026-07-29,MNQM7,42022776,28181.25,28181.25,28181.25,28181.25,1
2026-07-29,MNQU6,42004800,28102.75,28177.25,27200.0,27522.25,3375734
2026-07-29,MNQU6-MNQZ6,42010872,284.0,284.0,272.0,276.7,56
2026-07-29,MNQZ6,42005282,28382.25,28461.5,27479.75,27816.0,7811
2026-07-30,MNQH7,42019197,28216.5,28950.0,28016.25,28950.0,85
2026-07-30,MNQM7,42022776,29150.0,29150.0,29150.0,29150.0,11
2026-07-30,MNQU6,42004800,27522.5,28445.75,27337.0,28423.5,2954613
2026-07-30,MNQU6-MNQZ6,42010872,272.2,279.75,271.2,277.0,41
2026-07-30,MNQZ6,42005282,27810.0,28722.75,27618.5,28705.0,6317
2026-07-31,MNQH7,42019197,29070.0,29331.75,28754.75,29110.0,42
2026-07-31,MNQM7,42022776,29500.0,29500.0,29200.0,29200.0,11
2026-07-31,MNQU6,42004800,28422.0,28725.75,28079.75,28284.0,2719419
2026-07-31,MNQU6-MNQZ6,42010872,279.15,286.0,279.15,286.0,38
2026-07-31,MNQZ6,42005282,28700.0,29007.25,28356.0,28559.0,4950
2026-07-31,MNQZ6-MNQH7,42021376,345.0,345.0,340.0,340.0,4
2026-08-02,MNQU6,42004800,28567.5,28642.0,28541.5,28613.5,117583
2026-08-02,MNQU6-MNQZ6,42010872,284.5,284.55,284.5,284.55,16
2026-08-02,MNQZ6,42005282,28831.5,28923.75,28830.75,28877.0,650
2026-08-03,MNQH7,42019197,29223.0,29571.5,28992.25,29529.0,31
2026-08-03,MNQU6,42004800,28611.75,28972.25,28313.0,28971.5,2324266
2026-08-03,MNQU6-MNQZ6,42010872,281.45,291.5,281.45,291.0,78
2026-08-03,MNQZ6,42005282,28877.0,29259.0,28600.0,29259.0,4230
2026-08-04,MNQH7,42019197,29593.25,30525.0,29593.25,30440.0,66
2026-08-04,MNQU6,42004800,28971.25,29956.5,28831.5,29835.5,2645576
2026-08-04,MNQU6-MNQZ6,42010872,292.0,302.0,291.0,302.0,166
2026-08-04,MNQZ6,42005282,29246.0,30257.75,29126.25,30145.0,8609
2026-08-05,MNQH7,42019197,30500.0,30671.0,30175.0,30285.0,49
2026-08-05,MNQU6,42004800,29835.25,30073.25,29530.75,29583.75,2680171
2026-08-05,MNQU6-MNQZ6,42010872,301.5,303.5,300.3,300.8,72
2026-08-05,MNQZ6,42005282,30130.0,30370.0,29833.75,29872.0,4955
2026-08-06,MNQH7,42019197,30200.0,30273.0,30000.0,30167.25,10
2026-08-06,MNQU6,42004800,29584.25,29686.25,29241.0,29595.25,2831477
2026-08-06,MNQU6-MNQZ6,42010872,295.5,304.0,295.5,304.0,6
2026-08-06,MNQZ6,42005282,29864.0,29983.5,29540.0,29893.75,4050
2026-08-07,MNQH7,42019197,30146.0,30498.0,30146.0,30428.25,56
2026-08-07,MNQU6,42004800,29594.5,29867.25,29455.0,29841.0,2378036
2026-08-07,MNQU6-MNQZ6,42010872,298.5,302.05,296.5,296.5,53
2026-08-07,MNQZ6,42005282,29900.0,30165.75,29756.5,30131.5,3895
2026-08-09,MNQH7,42019197,30486.5,30500.0,30486.5,30500.0,2
2026-08-09,MNQU6,42004800,29851.5,29897.0,29805.0,29829.75,92150
2026-08-09,MNQU6-MNQZ6,42010872,299.2,299.2,299.2,299.2,3
2026-08-09,MNQZ6,42005282,30153.5,30184.0,30105.5,30130.5,267
2026-08-10,MNQH7,42019197,30512.75,30584.25,30368.75,30368.75,28
2026-08-10,MNQM7,42022776,30750.0,30750.0,30740.0,30745.0,3
2026-08-10,MNQU6,42004800,29829.25,29985.0,29677.75,29703.5,2186265
2026-08-10,MNQU6-MNQZ6,42010872,300.2,300.25,298.95,299.85,54
2026-08-10,MNQZ6,42005282,30120.0,30283.5,29980.0,29980.0,3252
2026-08-11,MNQH7,42019197,30381.25,30510.0,30222.5,30288.5,23
2026-08-11,MNQM7,42022776,30645.0,30720.0,30582.0,30582.0,8
2026-08-11,MNQU6,42004800,29703.0,29887.0,29533.5,29662.5,2226246
2026-08-11,MNQU6-MNQZ6,42010872,298.05,298.75,296.5,296.5,60
2026-08-11,MNQZ6,42005282,29995.0,30185.0,29830.0,29958.5,2725
2026-08-12,MNQH7,42019197,30285.0,30620.75,30285.0,30452.0,43
2026-08-12,MNQU6,42004800,29662.0,30001.5,29625.0,29805.25,2017196
2026-08-12,MNQU6-MNQZ6,42010872,295.0,298.45,294.45,294.7,27
2026-08-12,MNQZ6,42005282,29946.0,30295.25,29923.0,30096.25,3779
2026-08-13,MNQH7,42019197,30479.5,30895.0,30450.25,30829.25,81
2026-08-13,MNQM7,42022776,31186.75,31245.0,31170.0,31170.0,12
2026-08-13,MNQU6,42004800,29805.0,30273.25,29796.5,30203.25,1947701
2026-08-13,MNQU6-MNQH7,42044451,639.0,639.0,639.0,639.0,2
2026-08-13,MNQU6-MNQZ6,42010872,297.5,299.65,294.6,298.45,37
2026-08-13,MNQZ6,42005282,30093.25,30570.25,30093.25,30498.75,4505
2026-08-14,MNQH7,42019197,30817.0,30903.0,30735.0,30735.0,15
2026-08-14,MNQM7,42022776,31110.0,31128.0,31023.0,31023.0,9
2026-08-14,MNQU6,42004800,30203.25,30287.25,30025.0,30154.75,1884259
2026-08-14,MNQU6-MNQZ6,42010872,297.95,297.95,295.4,296.05,27
2026-08-14,MNQU7,42006019,31360.0,31360.0,31360.0,31360.0,1
2026-08-14,MNQZ6,42005282,30510.0,30580.75,30323.0,30444.0,3405
