date,open,high,low,close,volume,instrument_id
2019-05-05,7748.75,7750.0,7700.75,7709.5,188,8078
2019-05-06,7701.25,7817.5,7668.75,7763.75,93025,8078
2019-05-07,7764.5,7804.0,7581.5,7652.75,159183,8078
2019-05-08,7653.75,7697.75,7600.75,7632.75,174036,8078
2019-05-09,7632.25,7642.0,7481.25,7600.0,182615,8078
2019-05-10,7600.0,7653.5,7435.5,7610.25,164130,8078
2019-05-12,7601.0,7601.0,7518.25,7519.5,1949,8078
2019-05-13,7518.0,7533.25,7286.0,7306.75,151006,8078
2019-05-14,7306.25,7459.5,7305.75,7433.25,87797,8078
2019-05-15,7432.25,7538.5,7353.75,7518.0,104777,8078
2019-05-16,7518.0,7641.25,7473.25,7607.75,122863,8078
2019-05-17,7608.5,7619.75,7506.5,7512.0,176068,8078
2019-05-19,7512.75,7546.5,7512.25,7541.75,1941,8078
2019-05-20,7542.75,7559.5,7361.5,7415.25,204228,8078
2019-05-21,7416.0,7485.25,7400.75,7470.75,149161,8078
2019-05-22,7470.25,7474.0,7391.0,7417.75,120828,8078
2019-05-23,7418.5,7421.5,7268.25,7323.5,233329,8078
2019-05-24,7325.25,7379.5,7300.5,7312.0,135498,8078
2019-05-26,7314.75,7327.5,7307.5,7310.75,1505,8078
2019-05-27,7309.75,7338.25,7293.0,7323.25,13960,8078
2019-05-28,7324.5,7371.5,7280.75,7288.5,157219,8078
2019-05-29,7289.75,7291.25,7183.25,7221.25,208350,8078
2019-05-30,7222.25,7271.25,7183.0,7187.5,153922,8078
2019-05-31,7187.5,7217.0,7129.5,7136.25,195670,8078
2019-06-02,7114.75,7114.75,7076.75,7082.25,5006,8078
2019-06-03,7081.75,7132.5,6940.5,7001.75,266791,8078
2019-06-04,7001.75,7211.25,6981.5,7203.75,204822,8078
2019-06-05,7205.25,7245.25,7150.0,7212.25,196413,8078
2019-06-06,7212.75,7299.5,7204.25,7275.75,150975,8078
2019-06-07,7276.0,7452.5,7264.25,7428.75,167108,8078
2019-06-09,7461.25,7484.5,7455.25,7456.0,2421,8078
2019-06-10,7456.0,7578.25,7431.5,7507.75,158581,8078
2019-06-11,7508.0,7601.0,7492.5,7514.25,145405,8078
2019-06-12,7513.0,7531.0,7461.0,7490.0,109750,8078
2019-06-13,7489.5,7536.0,7421.5,7495.75,114512,8078
2019-06-14,7496.0,7521.0,7451.75,7484.25,58509,8078
2019-06-16,7483.75,7503.5,7480.75,7499.75,388,8078
2019-06-17,7496.0,7550.75,7482.75,7536.0,17540,8078
2019-06-18,7536.75,7693.0,7515.5,7657.5,20378,8078
2019-06-19,7656.5,7704.0,7600.25,7699.75,10073,8078
2019-06-20,7701.5,7792.75,7679.25,7737.0,7941,8078
2019-06-21,7736.75,7743.0,7702.75,7720.0,312,8078
2019-06-23,7744.0,7773.5,7716.75,7770.25,1855,8084
2019-06-24,7769.75,7794.0,7746.0,7759.0,100118,8084
2019-06-25,7760.0,7779.75,7609.5,7626.25,186038,8084
2019-06-26,7626.25,7719.0,7622.0,7653.75,157011,8084
2019-06-27,7654.0,7716.75,7650.5,7695.75,122304,8084
2019-06-28,7696.5,7726.0,7664.25,7724.0,127107,8084
2019-06-30,7750.25,7825.75,7750.25,7802.5,5205,8084
2019-07-01,7802.25,7850.25,7758.75,7777.5,168005,8084
2019-07-02,7777.75,7843.25,7762.75,7835.5,134924,8084
2019-07-03,7835.25,7900.75,7824.75,7890.0,88423,8084
2019-07-04,7888.5,7909.25,7881.75,7904.25,13054,8084
2019-07-05,7904.5,7908.5,7797.0,7854.75,161714,8084
2019-07-07,7855.0,7864.25,7842.75,7842.75,1664,8084
2019-07-08,7843.25,7846.75,7777.75,7794.0,126567,8084
2019-07-09,7793.25,7858.75,7743.25,7847.0,176159,8084
2019-07-10,7847.0,7949.5,7811.5,7927.25,240496,8084
2019-07-11,7927.75,7963.25,7894.25,7921.75,242238,8084
2019-07-12,7921.5,7967.75,7918.75,7958.0,166042,8084
2019-07-14,7956.25,7966.75,7950.25,7952.0,1920,8084
2019-07-15,7952.0,7998.25,7941.25,7994.5,157112,8084
2019-07-16,7994.75,8001.5,7924.0,7941.5,190417,8084
2019-07-17,7941.25,7966.5,7868.0,7873.0,190857,8084
2019-07-18,7872.75,7974.75,7833.0,7945.75,266363,8084
2019-07-19,7945.75,7980.5,7815.0,7819.0,262064,8084
2019-07-21,7826.75,7854.25,7825.5,7851.0,4160,8084
2019-07-22,7851.0,7936.25,7833.25,7928.75,218255,8084
2019-07-23,7928.75,7985.75,7908.25,7953.5,236231,8084
2019-07-24,7953.75,8051.75,7925.75,8016.75,199631,8084
2019-07-25,8017.0,8034.25,7917.25,7992.75,293468,8084
2019-07-26,7993.25,8040.5,7990.5,8015.0,183283,8084
2019-07-28,8015.5,8026.25,8015.5,8018.0,1557,8084
2019-07-29,8018.0,8031.75,7951.5,8010.0,141991,8084
2019-07-30,8010.0,8019.75,7928.25,7989.5,181910,8084
2019-07-31,7989.5,8001.75,7782.0,7837.5,313611,8084
2019-08-01,7837.5,8014.5,7774.0,7785.75,425291,8084
2019-08-02,7786.75,7805.0,7650.0,7708.25,331216,8084
2019-08-04,7706.0,7706.0,7674.0,7682.0,3150,8084
2019-08-05,7681.5,7705.5,7225.0,7243.5,393474,8084
2019-08-06,7243.75,7548.75,7236.5,7501.75,381058,8084
2019-08-07,7501.75,7577.25,7387.75,7538.0,441874,8084
2019-08-08,7538.0,7738.5,7526.25,7714.75,314083,8084
2019-08-09,7714.75,7724.0,7596.75,7669.25,325132,8084
2019-08-11,7654.0,7679.75,7638.5,7641.75,3250,8084
2019-08-12,7642.5,7709.75,7534.75,7583.0,289210,8084
2019-08-13,7583.0,7789.25,7513.75,7754.25,314042,8084
2019-08-14,7755.25,7767.5,7466.75,7504.0,451569,8084
2019-08-15,7504.0,7573.25,7388.5,7515.0,471751,8084
2019-08-16,7514.25,7632.25,7502.25,7612.75,278393,8084
2019-08-18,7615.0,7656.25,7613.0,7651.5,3512,8084
2019-08-19,7651.5,7750.25,7636.75,7711.75,170695,8084
2019-08-20,7711.25,7752.5,7651.5,7672.25,201898,8084
2019-08-21,7672.75,7782.25,7672.25,7769.75,147589,8084
2019-08-22,7770.0,7773.75,7653.75,7712.5,212633,8084
2019-08-23,7712.25,7762.0,7448.0,7493.25,355921,8084
2019-08-25,7454.0,7460.0,7311.75,7410.25,5512,8084
2019-08-26,7410.75,7626.0,7403.75,7573.25,235101,8084
2019-08-27,7573.0,7648.75,7536.75,7588.0,252253,8084
2019-08-28,7587.75,7605.75,7503.75,7582.75,219250,8084
2019-08-29,7582.25,7730.25,7548.5,7699.75,178326,8084
2019-08-30,7700.25,7770.25,7646.0,7676.0,184432,8084
2019-09-01,7644.0,7644.0,7591.5,7630.0,4006,8084
2019-09-02,7630.5,7695.75,7581.5,7625.25,61233,8084
2019-09-03,7625.25,7676.75,7587.5,7612.0,225928,8084
2019-09-04,7612.5,7729.75,7610.5,7723.25,183286,8084
2019-09-05,7723.0,7886.5,7721.75,7873.25,194758,8084
2019-09-06,7873.75,7895.5,7838.5,7865.75,149676,8084
2019-09-08,7858.25,7875.0,7856.75,7864.5,1503,8084
2019-09-09,7864.5,7887.25,7798.5,7843.5,138543,8084
2019-09-10,7844.0,7857.75,7744.25,7811.5,193300,8084
2019-09-11,7810.0,7960.0,7786.5,7952.5,155968,8084
2019-09-12,7952.75,7982.0,7903.0,7934.0,179256,8084
2019-09-13,7932.0,7958.25,7881.25,7887.75,42138,8084
2019-09-15,7864.25,7866.5,7811.75,7817.75,1820,8084
2019-09-16,7819.25,7873.75,7776.5,7862.75,23402,8084
2019-09-17,7864.5,7896.5,7828.0,7887.5,14658,8084
2019-09-18,7887.25,7905.75,7789.5,7885.0,12938,8084
2019-09-19,7888.0,7950.75,7831.25,7905.25,6773,8084
2019-09-20,7905.0,7937.5,7892.5,7916.5,429,8084
2019-09-22,7834.5,7897.0,7834.5,7876.75,4993,8107
2019-09-23,7876.5,7904.25,7807.75,7885.5,150687,8107
2019-09-24,7885.5,7894.0,7701.75,7753.0,248134,8107
2019-09-25,7753.0,7844.25,7663.75,7816.5,229010,8107
2019-09-26,7817.0,7842.5,7735.0,7777.5,211351,8107
2019-09-27,7777.5,7822.0,7640.75,7715.75,257872,8107
2019-09-29,7727.75,7759.0,7705.5,7723.5,5430,8107
2019-09-30,7723.75,7791.0,7707.25,7781.5,201807,8107
2019-10-01,7782.0,7841.5,7691.0,7722.25,272304,8107
2019-10-02,7721.25,7730.5,7525.5,7559.25,341885,8107
2019-10-03,7559.75,7660.0,7474.75,7644.0,319068,8107
2019-10-04,7644.25,7773.75,7616.25,7767.0,228139,8107
2019-10-06,7733.25,7747.0,7698.75,7738.25,4065,8107
2019-10-07,7738.25,7799.75,7720.75,7743.0,200431,8107
2019-10-08,7743.0,7784.5,7605.0,7617.0,258908,8107
2019-10-09,7617.25,7731.75,7583.0,7636.25,200034,8107
2019-10-10,7636.0,7815.0,7611.25,7783.25,195207,8107
2019-10-11,7782.25,7918.25,7767.0,7859.0,230377,8107
2019-10-13,7853.5,7892.75,7850.0,7892.5,3644,8107
2019-10-14,7893.0,7894.5,7807.0,7877.75,145922,8107
2019-10-15,7877.75,7971.75,7861.5,7951.5,163755,8107
2019-10-16,7951.5,7959.75,7907.75,7939.25,169597,8107
2019-10-17,7939.0,7994.75,7922.75,7948.0,162969,8107
2019-10-18,7948.0,7958.25,7835.5,7884.5,190504,8107
2019-10-20,7875.75,7894.75,7865.0,7894.25,3180,8107
2019-10-21,7894.25,7951.25,7886.25,7945.75,156525,8107
2019-10-22,7945.5,7988.5,7837.5,7844.5,194628,8107
2019-10-23,7844.25,7932.5,7810.5,7925.0,203402,8107
2019-10-24,7924.75,7985.0,7912.75,7924.25,190336,8107
2019-10-25,7924.0,8041.5,7921.0,8038.5,182883,8107
2019-10-27,8048.0,8068.0,8048.0,8057.0,3263,8107
2019-10-28,8057.25,8126.75,8050.0,8112.75,146566,8107
2019-10-29,8112.5,8119.0,8050.5,8059.0,175347,8107
2019-10-30,8059.0,8142.0,8020.75,8123.25,190538,8107
2019-10-31,8123.5,8139.0,8046.0,8089.5,240487,8107
2019-11-01,8089.5,8167.75,8089.5,8163.0,165198,8107
2019-11-03,8164.0,8183.5,8164.0,8176.75,2413,8107
2019-11-04,8176.75,8246.5,8173.5,8239.75,173813,8107
2019-11-05,8239.75,8248.25,8193.25,8213.25,168034,8107
2019-11-06,8213.75,8228.0,8161.25,8203.25,161706,8107
2019-11-07,8203.25,8282.25,8190.25,8237.25,152444,8107
2019-11-08,8237.25,8264.25,8190.25,8260.0,142517,8107
2019-11-10,8258.5,8262.0,8252.0,8252.25,1299,8107
2019-11-11,8252.0,8257.75,8206.5,8244.0,96564,8107
2019-11-12,8244.5,8300.0,8228.75,8264.5,150996,8107
2019-11-13,8264.75,8281.75,8220.0,8264.25,172046,8107
2019-11-14,8264.75,8285.25,8216.5,8271.5,162542,8107
2019-11-15,8271.5,8323.75,8265.0,8323.75,138685,8107
2019-11-17,8319.5,8322.25,8307.75,8310.25,2080,8107
2019-11-18,8310.25,8366.0,8279.25,8327.75,170120,8107
2019-11-19,8328.0,8379.75,8312.75,8317.75,168497,8107
2019-11-20,8318.0,8348.0,8230.75,8270.25,236587,8107
2019-11-21,8269.75,8307.75,8239.5,8270.0,208455,8107
2019-11-22,8270.25,8313.25,8233.25,8282.0,157478,8107
2019-11-24,8287.5,8312.5,8287.5,8306.75,2524,8107
2019-11-25,8306.5,8379.75,8301.25,8375.5,106570,8107
2019-11-26,8375.25,8421.0,8366.5,8401.5,129681,8107
2019-11-27,8401.75,8458.75,8397.25,8425.5,121520,8107
2019-11-28,8425.25,8449.75,8413.5,8449.25,29269,8107
2019-11-29,8449.0,8450.5,8406.25,8421.25,88542,8107
2019-12-01,8424.0,8434.0,8422.25,8431.0,2115,8107
2019-12-02,8431.25,8456.75,8276.0,8304.25,258604,8107
2019-12-03,8304.75,8337.25,8168.5,8261.75,299355,8107
2019-12-04,8261.75,8319.5,8220.75,8290.75,201316,8107
2019-12-05,8291.0,8340.0,8273.25,8314.75,196287,8107
2019-12-06,8315.25,8409.25,8314.75,8403.25,129528,8107
2019-12-08,8401.5,8415.0,8399.75,8404.5,1373,8107
2019-12-09,8404.0,8427.25,8346.25,8358.25,130587,8107
2019-12-10,8358.5,8398.25,8297.0,8361.0,196113,8107
2019-12-11,8360.75,8415.25,8345.0,8414.75,132271,8107
2019-12-12,8414.5,8508.75,8381.0,8502.0,237931,8107
2019-12-13,8501.75,8523.0,8436.0,8494.0,57302,8107
2019-12-15,8507.25,8516.0,8503.0,8509.25,613,8107
2019-12-16,8509.25,8588.25,8508.25,8570.25,12941,8107
2019-12-17,8570.25,8598.5,8563.0,8574.75,8623,8107
2019-12-18,8576.25,8611.5,8568.0,8589.75,5516,8107
2019-12-19,8590.75,8655.25,8580.25,8649.5,4487,8107
2019-12-20,8651.0,8742.75,8616.25,8681.25,2780,8107
2019-12-22,8710.25,8723.0,8705.0,8722.25,2291,8196
2019-12-23,8722.0,8743.5,8712.5,8729.25,75943,8196
2019-12-24,8729.0,8736.0,8707.5,8730.0,34576,8196
2019-12-25,8730.0,8734.0,8726.0,8730.25,663,8196
2019-12-26,8730.5,8809.5,8729.5,8808.0,55914,8196
2019-12-27,8808.25,8843.25,8769.75,8778.75,129698,8196
2019-12-29,8780.5,8799.25,8780.5,8797.75,2317,8196
2019-12-30,8798.0,8809.75,8691.0,8735.0,168084,8196
2019-12-31,8735.0,8772.0,8692.25,8771.5,112806,8196
2020-01-01,8773.0,8783.75,8769.25,8776.0,3515,8196
2020-01-02,8777.0,8907.0,8772.5,8898.75,169274,8196
2020-01-03,8898.5,8907.75,8735.25,8810.25,312648,8196
2020-01-05,8784.5,8784.5,8747.75,8778.0,9580,8196
2020-01-06,8778.25,8872.5,8723.0,8849.0,215711,8196
2020-01-07,8849.0,8894.5,8727.0,8752.0,264606,8196
2020-01-08,8752.5,8972.5,8678.25,8952.0,383697,8196
2020-01-09,8952.25,9022.25,8932.5,9015.5,238449,8196
2020-01-10,9015.75,9055.25,8966.5,8978.25,231481,8196
2020-01-12,8978.75,9000.5,8978.75,8987.5,4094,8196
2020-01-13,8987.5,9107.25,8985.25,9105.0,170393,8196
2020-01-14,9105.25,9114.75,9029.0,9031.0,272234,8196
2020-01-15,9031.25,9096.0,9023.0,9074.25,218113,8196
2020-01-16,9074.0,9157.75,9063.75,9145.75,175329,8196
2020-01-17,9145.75,9189.25,9130.0,9171.25,168454,8196
2020-01-19,9173.75,9184.75,9167.75,9184.75,2654,8196
2020-01-20,9184.75,9187.0,9160.0,9170.0,32883,8196
2020-01-21,9170.25,9199.75,9114.5,9178.25,198609,8196
2020-01-22,9178.25,9254.0,9177.75,9182.5,197663,8196
2020-01-23,9182.25,9272.25,9151.75,9270.0,239010,8196
2020-01-24,9270.25,9287.5,9109.75,9137.25,323347,8196
2020-01-26,9098.25,9098.25,8994.0,9014.5,17928,8196
2020-01-27,9014.75,9054.0,8926.0,8978.75,384929,8196
2020-01-28,8978.75,9136.0,8964.5,9100.0,310062,8196
2020-01-29,9100.0,9158.75,9072.25,9121.75,303846,8196
2020-01-30,9122.0,9240.0,9003.75,9218.0,394978,8196
2020-01-31,9217.75,9249.0,8965.0,9012.5,567021,8196
2020-02-02,8983.75,9037.75,8975.0,9020.25,11823,8196
2020-02-03,9019.5,9155.75,9011.0,9089.75,293195,8196
2020-02-04,9090.0,9369.0,9087.5,9338.0,273826,8196
2020-02-05,9338.0,9464.25,9318.25,9381.0,328511,8196
2020-02-06,9381.0,9477.0,9363.0,9466.75,255964,8196
2020-02-07,9466.75,9470.75,9385.0,9400.0,274272,8196
2020-02-09,9401.25,9424.5,9330.75,9356.25,16712,8196
2020-02-10,9356.25,9531.75,9356.25,9525.25,253734,8196
2020-02-11,9525.75,9609.5,9501.5,9541.25,259168,8196
2020-02-12,9541.25,9628.0,9524.25,9576.5,221780,8196
2020-02-13,9577.75,9644.75,9511.25,9609.75,288228,8196
2020-02-14,9610.0,9659.25,9588.25,9630.75,222432,8196
2020-02-16,9632.0,9668.75,9630.75,9664.0,5171,8196
2020-02-17,9663.75,9687.25,9579.75,9602.75,58572,8196
2020-02-18,9603.0,9664.75,9534.0,9664.25,249808,8196
2020-02-19,9664.25,9748.75,9647.5,9745.0,192250,8196
2020-02-20,9744.75,9763.0,9516.25,9572.75,496431,8196
2020-02-21,9573.5,9612.0,9411.5,9456.25,443856,8196
2020-02-23,9365.75,9365.75,9289.0,9309.75,25428,8196
2020-02-24,9310.0,9324.0,9041.0,9140.5,714456,8196
2020-02-25,9141.0,9224.5,8810.0,8921.25,886086,8196
2020-02-26,8921.5,9037.75,8709.25,8832.0,929365,8196
2020-02-27,8831.25,8852.75,8313.0,8413.75,1128729,8196
2020-02-28,8414.25,8575.0,8124.25,8547.5,1543496,8196
2020-03-01,8376.25,8386.5,8248.5,8355.25,24964,8196
2020-03-02,8355.25,8883.0,8315.75,8859.5,1038812,8196
2020-03-03,8860.0,9003.0,8507.25,8562.5,1080058,8196
2020-03-04,8561.5,8950.0,8557.75,8882.75,700950,8196
2020-03-05,8883.25,8888.0,8610.75,8694.0,718218,8196
2020-03-06,8693.5,8726.0,8312.0,8503.75,852124,8196
2020-03-08,8418.25,8418.25,8101.25,8115.0,42492,8196
2020-03-09,8114.25,8240.25,7801.0,8109.0,569921,8196
2020-03-10,8110.5,8380.0,7931.5,8211.0,1001837,8196
2020-03-11,8211.0,8250.0,7892.75,7995.0,888499,8196
2020-03-12,7995.25,8018.75,7058.5,7116.75,1064278,8196
2020-03-13,7114.5,7980.0,6942.5,7821.0,252688,8196
2020-03-15,7900.5,7902.25,7556.0,7556.0,3120,8196
2020-03-16,7556.0,7564.5,6926.75,7160.75,119284,8196
2020-03-17,7161.0,7550.25,6946.25,7188.5,123704,8196
2020-03-18,7189.5,7441.5,6828.75,7377.75,85443,8196
2020-03-19,7381.25,7522.5,6896.25,7224.0,74211,8196
2020-03-20,7219.25,7649.0,7187.25,7451.0,6927,8196
2020-03-22,6852.75,6852.75,6628.75,6685.0,9116,8204
2020-03-23,6685.5,7319.25,6628.75,7083.75,926297,8204
2020-03-24,7081.5,7633.5,7034.75,7496.25,746144,8204
2020-03-25,7496.75,7762.25,7372.5,7479.0,905852,8204
2020-03-26,7477.75,7900.25,7310.0,7877.0,815182,8204
2020-03-27,7877.5,7893.5,7551.0,7559.25,699499,8204
2020-03-29,7446.25,7507.75,7391.25,7465.5,27617,8204
2020-03-30,7466.75,7886.0,7455.75,7875.0,621813,8204
2020-03-31,7875.5,7995.0,7704.75,7712.0,645186,8204
2020-04-01,7711.0,7744.25,7403.75,7506.75,623858,8204
2020-04-02,7507.25,7656.5,7375.5,7591.75,753334,8204
2020-04-03,7591.75,7660.5,7423.5,7524.0,500926,8204
2020-04-05,7531.0,7657.5,7531.0,7654.0,20531,8204
2020-04-06,7654.5,8099.0,7651.25,8080.5,518037,8204
2020-04-07,8081.5,8303.75,7947.75,8042.0,731589,8204
2020-04-08,8041.25,8242.0,7953.0,8224.25,604574,8204
2020-04-09,8226.5,8327.0,8102.0,8239.75,624687,8204
2020-04-12,8276.0,8309.0,8075.0,8118.25,28247,8204
2020-04-13,8118.25,8374.0,8085.25,8365.5,430257,8204
2020-04-14,8366.25,8708.5,8319.0,8673.5,449215,8204
2020-04-15,8673.75,8682.0,8486.5,8532.75,498831,8204
2020-04-16,8533.0,8967.75,8500.5,8933.25,616762,8204
2020-04-17,8933.5,8953.0,8689.0,8808.0,537724,8204
2020-04-19,8800.75,8801.5,8733.0,8747.0,17883,8204
2020-04-20,8747.5,8846.0,8686.25,8730.25,512469,8204
2020-04-21,8730.5,8763.0,8342.0,8458.0,755724,8204
2020-04-22,8458.5,8699.25,8399.5,8616.5,509590,8204
2020-04-23,8617.0,8787.0,8531.75,8552.25,505723,8204
2020-04-24,8552.75,8804.0,8498.0,8767.25,438642,8204
2020-04-26,8766.75,8814.5,8728.75,8753.5,21207,8204
2020-04-27,8753.75,8898.0,8736.0,8823.5,421757,8204
2020-04-28,8823.25,8946.0,8654.25,8767.75,576121,8204
2020-04-29,8767.5,9119.25,8764.25,9091.0,548887,8204
2020-04-30,9090.75,9144.75,8803.0,8838.25,645486,8204
2020-05-01,8839.5,8878.5,8671.75,8702.0,498695,8204
2020-05-03,8654.25,8654.25,8561.5,8583.0,26665,8204
2020-05-04,8583.0,8827.5,8556.75,8823.75,514212,8204
2020-05-05,8824.0,9019.75,8818.5,8956.25,519766,8204
2020-05-06,8956.5,9056.5,8877.75,8964.75,566047,8204
2020-05-07,8964.75,9143.75,8964.75,9141.25,498736,8204
2020-05-08,9141.5,9238.0,9116.0,9221.25,440768,8204
2020-05-10,9199.0,9257.0,9173.0,9253.5,24462,8204
2020-05-11,9254.0,9338.75,9118.75,9277.25,569599,8204
2020-05-12,9277.5,9345.75,9006.5,9014.25,693355,8204
2020-05-13,9014.5,9202.5,8878.25,9011.5,942291,8204
2020-05-14,9012.25,9111.5,8846.5,9107.75,845970,8204
2020-05-15,9107.5,9148.75,8925.25,9119.75,791472,8204
2020-05-17,9121.5,9179.0,9110.0,9164.75,29623,8204
2020-05-18,9165.25,9361.5,9155.75,9344.25,542805,8204
2020-05-19,9343.5,9417.25,9273.25,9318.25,648373,8204
2020-05-20,9318.5,9503.25,9310.0,9485.75,526053,8204
2020-05-21,9485.75,9510.5,9349.5,9402.75,641595,8204
2020-05-22,9403.75,9422.75,9241.25,9422.75,589151,8204
2020-05-24,9404.5,9463.75,9390.5,9456.0,17859,8204
2020-05-25,9456.0,9536.75,9416.25,9510.25,172942,8204
2020-05-26,9509.75,9604.0,9373.0,9394.5,566676,8204
2020-05-27,9394.5,9508.0,9173.25,9442.25,771843,8204
2020-05-28,9442.0,9565.5,9320.5,9418.25,781723,8204
2020-05-29,9418.5,9590.5,9372.0,9589.0,865701,8204
2020-05-31,9541.0,9541.0,9450.0,9507.25,26023,8204
2020-06-01,9507.25,9606.0,9481.25,9565.75,544784,8204
2020-06-02,9566.0,9677.25,9505.0,9675.0,559488,8204
2020-06-03,9675.5,9728.25,9640.75,9696.75,498414,8204
2020-06-04,9696.75,9742.5,9572.5,9618.75,578148,8204
2020-06-05,9619.0,9846.75,9602.0,9807.5,542151,8204
2020-06-07,9819.0,9875.75,9808.0,9870.75,18467,8204
2020-06-08,9871.75,9901.0,9746.75,9880.0,427771,8204
2020-06-09,9879.5,10007.5,9811.5,9989.25,542674,8204
2020-06-10,9989.5,10155.5,9958.5,10043.5,648341,8204
2020-06-11,10043.5,10096.0,9584.5,9678.75,1055307,8204
2020-06-12,9678.5,9849.0,9495.0,9642.25,549445,8204
2020-06-14,9540.25,9585.75,9502.75,9551.5,15923,8204
2020-06-15,9552.25,9879.5,9381.0,9877.5,280605,8204
2020-06-16,9876.5,10015.5,9797.0,9994.5,116469,8204
2020-06-17,9994.5,10061.25,9926.0,9962.25,49805,8204
2020-06-18,9963.75,10042.5,9879.0,10029.5,24946,8204
2020-06-19,10028.75,10130.0,9995.25,10130.0,3009,8204
2020-06-21,9884.5,9907.25,9841.25,9905.0,26054,13081
2020-06-22,9905.25,10158.0,9895.0,10149.75,399312,13081
2020-06-23,10149.75,10296.0,9972.5,10180.75,511665,13081
2020-06-24,10180.0,10241.75,9927.25,9973.5,691715,13081
2020-06-25,9974.25,10120.5,9885.5,10106.25,658425,13081
2020-06-26,10106.0,10120.0,9824.0,9844.0,651163,13081
2020-06-28,9796.5,9839.5,9777.75,9827.0,25031,13081
2020-06-29,9827.25,10008.25,9729.0,9992.75,574995,13081
2020-06-30,9993.5,10171.5,9940.0,10136.5,479392,13081
2020-07-01,10129.5,10309.0,10075.75,10269.5,450273,13081
2020-07-02,10268.5,10422.5,10252.25,10350.0,418267,13081
2020-07-03,10349.75,10389.75,10309.0,10325.25,125052,13081
2020-07-05,10334.0,10399.75,10334.0,10393.0,15702,13081
2020-07-06,10393.25,10648.25,10391.25,10640.0,480218,13081
2020-07-07,10640.0,10694.5,10506.0,10550.25,557824,13081
2020-07-08,10550.0,10698.0,10505.25,10682.5,569983,13081
2020-07-09,10682.25,10774.25,10560.25,10754.25,656171,13081
2020-07-10,10754.5,10847.25,10625.5,10842.75,596937,13081
2020-07-12,10847.5,10909.25,10846.5,10876.75,25822,13081
2020-07-13,10877.0,11058.25,10562.0,10645.5,821706,13081
2020-07-14,10645.25,10740.0,10358.75,10717.5,1149809,13081
2020-07-15,10717.75,10766.5,10551.5,10647.25,841737,13081
2020-07-16,10647.0,10647.0,10475.5,10566.75,781858,13081
2020-07-17,10567.25,10669.0,10538.0,10623.5,550738,13081
2020-07-19,10622.0,10657.0,10612.0,10647.5,14810,13081
2020-07-20,10647.25,10980.0,10545.5,10949.75,563182,13081
2020-07-21,10950.25,11057.75,10784.75,10873.25,719828,13081
2020-07-22,10873.75,10916.25,10761.75,10823.0,649944,13081
2020-07-23,10822.75,10938.5,10514.5,10582.75,828102,13081
2020-07-24,10581.75,10597.75,10301.25,10463.0,882767,13081
2020-07-26,10488.25,10517.0,10400.5,10439.0,36918,13081
2020-07-27,10439.75,10707.0,10433.25,10698.5,641137,13081
2020-07-28,10698.75,10758.5,10513.75,10564.0,713647,13081
2020-07-29,10563.5,10702.75,10512.0,10679.5,545335,13081
2020-07-30,10680.0,10928.75,10502.75,10905.5,829199,13081
2020-07-31,10905.5,10939.25,10691.0,10915.5,881778,13081
2020-08-02,10928.75,10950.0,10876.25,10911.75,17924,13081
2020-08-03,10912.25,11073.0,10894.25,11036.5,519859,13081
2020-08-04,11036.5,11094.75,10982.75,11073.75,656848,13081
2020-08-05,11073.5,11143.5,11055.75,11089.25,467275,13081
2020-08-06,11089.0,11271.5,11051.5,11252.5,623632,13081
2020-08-07,11252.0,11283.25,11035.25,11131.0,749444,13081
2020-08-09,11140.0,11159.25,11073.75,11107.25,18251,13081
2020-08-10,11107.75,11146.5,10928.5,11074.0,605318,13081
2020-08-11,11073.5,11157.5,10845.25,10922.75,734666,13081
2020-08-12,10922.75,11184.5,10878.25,11131.75,624516,13081
2020-08-13,11131.75,11265.75,11094.25,11205.25,608451,13081
2020-08-14,11205.5,11237.25,11096.0,11145.75,558058,13081
2020-08-16,11145.25,11164.25,11145.0,11161.5,6993,13081
2020-08-17,11161.25,11309.0,11153.25,11305.0,375996,13081
2020-08-18,11305.25,11444.75,11268.5,11416.5,491258,13081
2020-08-19,11416.0,11437.75,11284.0,11290.5,601856,13081
2020-08-20,11290.5,11502.25,11221.5,11499.5,525206,13081
2020-08-21,11499.75,11573.5,11407.0,11563.0,505530,13081
2020-08-23,11580.0,11593.0,11572.5,11583.5,10244,13081
2020-08-24,11583.25,11722.5,11528.25,11646.75,664319,13081
2020-08-25,11647.25,11754.0,11574.75,11746.75,564674,13081
2020-08-26,11747.5,12002.0,11726.5,11967.75,639504,13081
2020-08-27,11967.25,12046.25,11834.5,11969.25,888827,13081
2020-08-28,11969.5,12018.0,11920.25,12003.75,645416,13081
2020-08-30,12003.0,12049.0,11995.0,12047.75,11599,13081
2020-08-31,12048.25,12165.0,11988.25,12125.25,669832,13081
2020-09-01,12126.0,12362.75,12125.0,12360.5,684334,13081
2020-09-02,12360.25,12466.0,12172.25,12421.75,1180958,13081
2020-09-03,12421.5,12421.5,11582.25,11601.0,1905680,13081
2020-09-04,11601.25,11843.25,11141.25,11540.5,1593387,13081
2020-09-06,11531.5,11548.5,11308.0,11417.25,40827,13081
2020-09-07,11418.25,11585.5,11371.0,11559.5,311981,13081
2020-09-08,11559.5,11577.25,10935.0,11041.25,1415980,13081
2020-09-09,11040.25,11478.75,11037.25,11443.5,974746,13081
2020-09-10,11444.25,11567.0,11087.75,11202.75,1128737,13081
2020-09-11,11203.0,11356.75,10937.5,11073.0,674178,13081
2020-09-13,11094.75,11194.5,11094.75,11185.5,10981,13081
2020-09-14,11185.75,11362.25,11163.25,11298.0,280589,13081
2020-09-15,11297.5,11495.25,11247.25,11435.25,175083,13081
2020-09-16,11436.0,11550.0,11237.25,11279.0,142638,13081
2020-09-17,11282.25,11286.5,10918.0,11085.0,139371,13081
2020-09-18,11082.0,11179.5,11036.5,11121.75,8744,13081
2020-09-20,10927.0,10966.0,10852.0,10931.25,30877,17706
2020-09-21,10931.5,11017.0,10656.75,11012.0,1213266,17706
2020-09-22,11012.25,11192.25,10897.25,11120.5,913461,17706
2020-09-23,11121.0,11222.5,10725.0,10749.0,1013787,17706
2020-09-24,10749.0,11011.75,10657.75,10950.75,1172714,17706
2020-09-25,10951.5,11169.0,10813.75,11135.75,873979,17706
2020-09-27,11140.0,11181.0,11136.0,11159.25,16649,17706
2020-09-28,11158.5,11423.0,11140.75,11418.25,681305,17706
2020-09-29,11418.75,11449.0,11289.75,11340.25,639269,17706
2020-09-30,11339.75,11525.25,11167.5,11444.0,930521,17706
2020-10-01,11444.0,11604.75,11409.0,11571.5,741747,17706
2020-10-02,11571.0,11589.75,11205.0,11254.25,1140544,17706
2020-10-04,11285.25,11337.0,11275.75,11331.75,24069,17706
2020-10-05,11332.25,11496.75,11268.0,11435.0,633771,17706
2020-10-06,11435.0,11524.25,11197.5,11256.0,1008071,17706
2020-10-07,11256.0,11507.5,11243.0,11500.75,656726,17706
2020-10-08,11500.75,11585.0,11473.5,11579.5,590925,17706
2020-10-09,11579.25,11740.0,11553.0,11724.25,482380,17706
2020-10-11,11728.75,11758.0,11691.75,11743.5,18541,17706
2020-10-12,11743.5,12197.0,11718.0,12109.25,909186,17706
2020-10-13,12109.25,12249.0,12018.0,12114.75,1028168,17706
2020-10-14,12115.0,12177.75,11901.75,11961.0,940487,17706
2020-10-15,11960.5,11968.5,11737.0,11915.5,910780,17706
2020-10-16,11915.25,12021.75,11792.25,11793.25,741366,17706
2020-10-18,11815.75,11888.75,11815.0,11873.0,20496,17706
2020-10-19,11872.75,11950.75,11592.0,11715.0,899157,17706
2020-10-20,11715.25,11792.0,11598.75,11703.75,913415,17706
2020-10-21,11704.25,11779.25,11581.25,11625.25,940705,17706
2020-10-22,11625.0,11723.75,11511.0,11664.75,894262,17706
2020-10-23,11664.25,11691.5,11550.5,11669.5,717641,17706
2020-10-25,11650.25,11651.0,11574.0,11627.25,26513,17706
2020-10-26,11627.0,11695.75,11343.25,11489.25,929723,17706
2020-10-27,11489.5,11623.0,11482.75,11537.75,800744,17706
2020-10-28,11538.25,11566.5,11124.0,11189.25,1051601,17706
2020-10-29,11189.0,11457.75,11145.0,11214.25,958848,17706
2020-10-30,11214.0,11281.25,10944.25,11087.25,1342532,17706
2020-11-01,11039.0,11069.0,10982.0,10999.0,26345,17706
2020-11-02,10999.25,11212.0,10942.25,11087.75,1093616,17706
2020-11-03,11088.0,11347.25,11066.25,11318.0,932845,17706
2020-11-04,11317.75,11845.25,11230.0,11795.75,1333534,17706
2020-11-05,11795.25,12118.5,11771.25,12067.5,1092851,17706
2020-11-06,12067.0,12109.0,11869.5,12095.5,1258774,17706
2020-11-08,12134.75,12258.5,12122.0,12233.25,39737,17706
2020-11-09,12233.0,12408.0,11812.75,11855.0,1571270,17706
2020-11-10,11855.75,11893.75,11503.0,11598.25,1851319,17706
2020-11-11,11597.75,11919.5,11575.0,11897.25,1105847,17706
2020-11-12,11896.5,11975.0,11775.75,11852.25,1082839,17706
2020-11-13,11853.5,11952.75,11801.75,11947.0,873421,17706
2020-11-15,11953.5,12065.25,11953.5,12046.25,22130,17706
2020-11-16,12046.5,12093.0,11853.25,12049.5,882013,17706
2020-11-17,12050.0,12058.5,11954.25,11980.0,865096,17706
2020-11-18,11980.25,12027.75,11862.5,11881.25,915576,17706
2020-11-19,11881.25,12000.0,11804.5,11938.25,847383,17706
2020-11-20,11938.0,12021.5,11873.25,11912.0,713308,17706
2020-11-22,11907.75,11935.5,11882.5,11932.25,11426,17706
2020-11-23,11932.0,12001.75,11808.25,11952.75,780302,17706
2020-11-24,11952.5,12128.25,11872.5,12127.0,673668,17706
2020-11-25,12126.5,12187.0,12078.5,12180.5,640940,17706
2020-11-26,12180.5,12222.5,12126.5,12155.5,137586,17706
2020-11-27,12155.5,12307.75,12137.0,12274.5,378962,17706
2020-11-29,12286.25,12336.75,12286.0,12317.75,14383,17706
2020-11-30,12317.75,12350.5,12085.75,12349.75,932580,17706
2020-12-01,12349.75,12512.5,12334.0,12451.75,947676,17706
2020-12-02,12451.75,12486.0,12313.75,12467.0,852967,17706
2020-12-03,12466.75,12540.25,12443.5,12486.0,714377,17706
2020-12-04,12486.5,12535.5,12448.5,12511.0,588089,17706
2020-12-06,12523.75,12569.0,12522.5,12545.5,15017,17706
2020-12-07,12545.25,12612.25,12475.0,12576.0,633000,17706
2020-12-08,12575.75,12674.75,12502.5,12648.0,721319,17706
2020-12-09,12648.25,12665.75,12306.5,12364.0,1244395,17706
2020-12-10,12364.0,12449.0,12218.0,12404.0,1051432,17706
2020-12-11,12405.0,12414.5,12234.25,12368.25,391889,17706
2020-12-13,12392.75,12445.0,12392.75,12417.0,6590,17706
2020-12-14,12417.5,12549.25,12386.5,12474.5,232444,17706
2020-12-15,12474.75,12607.0,12417.0,12593.0,187014,17706
2020-12-16,12593.0,12700.0,12567.0,12678.25,110455,17706
2020-12-17,12678.25,12766.5,12667.5,12750.75,54104,17706
2020-12-18,12750.75,12820.0,12710.0,12820.0,6372,17706
2020-12-20,12756.0,12783.5,12725.0,12749.75,13859,6227
2020-12-21,12749.5,12775.0,12461.0,12702.0,1055918,6227
2020-12-22,12702.25,12760.0,12593.75,12721.0,845842,6227
2020-12-23,12720.75,12739.0,12621.5,12655.5,597991,6227
2020-12-24,12655.75,12724.0,12631.5,12704.75,282466,6227
2020-12-27,12677.0,12751.0,12651.75,12735.0,12756,6227
2020-12-28,12735.0,12855.75,12725.25,12852.5,516995,6227
2020-12-29,12852.5,12918.25,12807.75,12845.25,675208,6227
2020-12-30,12846.25,12909.75,12820.5,12849.25,487357,6227
2020-12-31,12850.0,12895.5,12796.25,12885.0,372700,6227
2021-01-03,12888.25,12905.0,12852.25,12864.5,14426,6227
2021-01-04,12864.5,12960.0,12522.0,12675.5,910435,6227
2021-01-05,12675.25,12810.0,12611.75,12795.5,790064,6227
2021-01-06,12795.25,12844.5,12491.25,12673.5,1327034,6227
2021-01-07,12673.25,12958.75,12656.5,12939.0,787396,6227
2021-01-08,12939.25,13125.25,12927.5,13125.25,945335,6227
2021-01-10,13098.75,13105.5,13070.5,13083.25,12991,6227
2021-01-11,13082.25,13095.75,12872.0,12922.75,819338,6227
2021-01-12,12923.0,12959.0,12767.0,12897.5,686761,6227
2021-01-13,12897.75,13003.0,12820.5,12970.75,588938,6227
2021-01-14,12971.25,13028.75,12880.75,12917.75,625455,6227
2021-01-15,12917.25,12930.75,12743.25,12764.5,769568,6227
2021-01-17,12774.0,12796.25,12734.0,12746.75,18367,6227
2021-01-18,12746.25,12835.25,12727.0,12832.25,153072,6227
2021-01-19,12832.0,13056.25,12831.75,13050.5,697278,6227
2021-01-20,13050.25,13327.25,13018.0,13315.25,633211,6227
2021-01-21,13314.75,13423.75,13283.0,13384.5,672924,6227
2021-01-22,13384.0,13396.0,13300.0,13352.5,628286,6227
2021-01-24,13366.0,13408.75,13365.5,13398.75,10779,6227
2021-01-25,13398.75,13555.0,13189.0,13462.75,1107987,6227
2021-01-26,13462.25,13599.75,13380.75,13560.0,868135,6227
2021-01-27,13560.25,13573.0,12882.5,12978.75,1303612,6227
2021-01-28,12979.0,13394.0,12906.25,13137.5,1198668,6227
2021-01-29,13137.75,13166.25,12830.0,12871.5,1697036,6227
2021-01-31,12850.0,12862.75,12726.75,12794.0,40016,6227
2021-02-01,12794.5,13276.5,12783.5,13262.0,1017833,6227
2021-02-02,13261.5,13515.0,13231.5,13488.25,792674,6227
2021-02-03,13488.75,13584.25,13387.0,13444.0,835725,6227
2021-02-04,13444.0,13572.0,13345.75,13553.75,635026,6227
2021-02-05,13553.0,13638.5,13519.25,13603.75,597420,6227
2021-02-07,13620.75,13646.5,13604.75,13638.75,11392,6227
2021-02-08,13639.25,13698.0,13596.0,13681.5,619150,6227
2021-02-09,13682.0,13735.25,13634.0,13687.5,587423,6227
2021-02-10,13687.75,13769.25,13517.25,13653.75,972392,6227
2021-02-11,13654.0,13744.0,13613.5,13731.0,812496,6227
2021-02-12,13731.5,13822.5,13646.0,13821.75,563146,6227
2021-02-14,13829.0,13848.0,13819.0,13825.75,7556,6227
2021-02-15,13826.25,13879.25,13823.0,13858.0,88616,6227
2021-02-16,13857.75,13900.75,13715.75,13731.5,789682,6227
2021-02-17,13731.0,13785.5,13543.0,13703.0,858842,6227
2021-02-18,13704.0,13724.75,13468.75,13615.5,940659,6227
2021-02-19,13615.5,13729.0,13534.25,13572.0,894808,6227
2021-02-21,13584.5,13618.0,13548.25,13592.0,19720,6227
2021-02-22,13592.0,13629.0,13215.0,13228.5,1132075,6227
2021-02-23,13228.5,13335.75,12757.5,13169.0,1589278,6227
2021-02-24,13168.75,13339.0,12958.0,13328.0,1281002,6227
2021-02-25,13328.5,13354.25,12756.25,12778.25,1908615,6227
2021-02-26,12778.25,13089.75,12663.25,12912.0,1848654,6227
2021-02-28,12955.75,13008.75,12946.75,13004.25,29074,6227
2021-03-01,13004.25,13328.0,12996.75,13318.25,1006911,6227
2021-03-02,13318.0,13326.0,13048.0,13094.5,1084915,6227
2021-03-03,13094.75,13191.0,12582.75,12594.0,1471380,6227
2021-03-04,12593.25,12797.0,12306.25,12407.0,2093999,6227
2021-03-05,12406.5,12697.75,12207.5,12659.25,1768240,6227
2021-03-07,12714.0,12761.25,12657.0,12670.25,31284,6227
2021-03-08,12670.75,12715.75,12283.75,12371.25,1735361,6227
2021-03-09,12371.0,12867.25,12325.5,12809.5,1197948,6227
2021-03-10,12809.75,12993.0,12704.25,12770.5,1459453,6227
2021-03-11,12770.25,13119.5,12724.25,13069.5,1130817,6227
2021-03-12,13069.0,13095.0,12767.75,12934.25,638853,6227
2021-03-14,12939.0,12976.25,12920.75,12960.75,11909,6227
2021-03-15,12960.25,13099.0,12872.75,13064.0,300932,6227
2021-03-16,13064.0,13296.75,13056.75,13158.25,243370,6227
2021-03-17,13158.5,13283.0,12946.25,13235.0,214145,6227
2021-03-18,13235.25,13279.75,12774.5,12802.0,139576,6227
2021-03-19,12799.5,12917.5,12730.5,12781.0,9394,6227
2021-03-21,12820.75,12870.5,12789.5,12861.75,30423,9485
2021-03-22,12862.5,13157.0,12819.5,13085.75,928797,9485
2021-03-23,13085.5,13172.0,12978.75,13029.0,1211621,9485
2021-03-24,13029.25,13145.0,12781.5,12804.75,1190916,9485
2021-03-25,12805.25,12859.5,12609.75,12800.25,1508218,9485
2021-03-26,12800.25,12988.5,12675.75,12961.25,1220741,9485
2021-03-28,12967.0,12986.25,12915.25,12920.0,22256,9485
2021-03-29,12920.25,13002.75,12807.0,12978.75,1352826,9485
2021-03-30,12978.25,12978.25,12776.75,12895.0,1106365,9485
2021-03-31,12895.25,13158.25,12860.25,13121.25,829288,9485
2021-04-01,13121.5,13349.5,13104.25,13345.75,805590,9485
2021-04-02,13345.75,13390.75,13340.75,13349.25,73449,9485
2021-04-04,13344.0,13356.0,13304.25,13351.75,26067,9485
2021-04-05,13351.5,13622.5,13311.25,13616.5,660917,9485
2021-04-06,13616.0,13654.25,13524.5,13594.5,876016,9485
2021-04-07,13594.0,13653.75,13513.0,13638.25,798263,9485
2021-04-08,13638.75,13802.25,13629.0,13802.25,775991,9485
2021-04-09,13802.25,13841.0,13648.5,13809.0,815253,9485
2021-04-11,13817.25,13832.0,13774.5,13779.0,22526,9485
2021-04-12,13779.0,13833.0,13731.75,13817.5,763497,9485
2021-04-13,13817.5,13993.75,13772.5,13967.0,781633,9485
2021-04-14,13967.0,14029.0,13772.75,13811.75,1051221,9485
2021-04-15,13812.0,14034.25,13789.5,14010.5,789023,9485
2021-04-16,14010.25,14059.0,13953.0,14022.25,774220,9485
2021-04-18,13989.25,14005.5,13973.25,13991.0,14916,9485
2021-04-19,13990.75,14052.5,13821.0,13917.25,1162485,9485
2021-04-20,13917.5,13933.75,13719.0,13746.0,1186935,9485
2021-04-21,13746.0,13926.75,13700.25,13883.25,881297,9485
2021-04-22,13884.0,13944.0,13701.75,13759.5,1193421,9485
2021-04-23,13759.5,13981.25,13738.0,13905.5,774684,9485
2021-04-25,13915.0,13928.0,13906.75,13910.25,12192,9485
2021-04-26,13910.75,14038.0,13865.75,14027.5,678788,9485
2021-04-27,14027.0,14050.0,13912.75,13963.0,709165,9485
2021-04-28,13963.0,13993.5,13878.0,13972.0,816850,9485
2021-04-29,13971.75,14064.0,13818.25,13915.75,1075835,9485
2021-04-30,13915.75,13957.0,13819.5,13865.75,934042,9485
2021-05-02,13879.25,13889.0,13867.5,13880.0,10668,9485
2021-05-03,13880.25,13947.5,13763.0,13769.25,776612,9485
2021-05-04,13769.0,13777.5,13380.75,13524.75,1202078,9485
2021-05-05,13524.75,13665.5,13462.5,13500.5,942134,9485
2021-05-06,13499.75,13621.0,13389.0,13612.0,1205734,9485
2021-05-07,13612.25,13818.0,13588.25,13717.5,997722,9485
2021-05-09,13718.25,13745.5,13713.0,13738.75,12045,9485
2021-05-10,13739.0,13751.75,13302.25,13334.5,1086175,9485
2021-05-11,13333.75,13375.75,13065.5,13337.5,1825150,9485
2021-05-12,13338.0,13352.0,12959.75,13015.75,1718120,9485
2021-05-13,13015.75,13225.0,12914.75,13112.0,1610283,9485
2021-05-14,13112.0,13426.0,13104.5,13400.0,1022128,9485
2021-05-16,13380.5,13452.5,13376.25,13393.75,24322,9485
2021-05-17,13393.5,13398.75,13182.5,13329.5,1052309,9485
2021-05-18,13329.5,13433.0,13165.5,13170.75,863802,9485
2021-05-19,13171.0,13242.75,12954.25,13185.75,1404277,9485
2021-05-20,13185.75,13524.0,13151.25,13519.5,923372,9485
2021-05-21,13520.0,13569.75,13395.5,13411.75,872095,9485
2021-05-23,13390.0,13396.0,13356.25,13366.5,22644,9485
2021-05-24,13367.25,13686.25,13362.0,13656.75,564380,9485
2021-05-25,13657.0,13738.5,13606.5,13695.25,715641,9485
2021-05-26,13694.75,13728.25,13656.0,13708.0,605941,9485
2021-05-27,13707.75,13720.75,13620.25,13703.25,715229,9485
2021-05-28,13703.25,13763.25,13662.5,13684.5,565887,9485
2021-05-30,13698.75,13722.0,13693.75,13712.5,8549,9485
2021-05-31,13712.75,13718.0,13651.5,13686.25,94135,9485
2021-06-01,13686.0,13773.0,13592.75,13634.5,697885,9485
2021-06-02,13634.5,13712.5,13603.0,13686.75,571065,9485
2021-06-03,13686.5,13707.0,13462.25,13504.25,901881,9485
2021-06-04,13503.75,13784.0,13467.75,13764.25,633360,9485
2021-06-06,13772.25,13786.75,13766.0,13767.75,9064,9485
2021-06-07,13767.5,13834.5,13691.5,13823.0,592383,9485
2021-06-08,13822.75,13916.75,13742.0,13817.25,743738,9485
2021-06-09,13817.75,13904.0,13806.5,13815.25,600131,9485
2021-06-10,13815.0,13980.0,13726.5,13968.0,700310,9485
2021-06-11,13968.0,13998.5,13931.75,13993.25,252614,9485
2021-06-13,13996.5,14024.75,13995.0,14018.75,3760,9485
2021-06-14,14019.0,14133.5,13965.0,14114.25,154878,9485
2021-06-15,14114.5,14163.0,14009.25,14039.75,125479,9485
2021-06-16,14039.75,14104.0,13834.0,13895.0,109140,9485
2021-06-17,13895.5,14213.0,13850.5,14188.5,85131,9485
2021-06-18,14187.0,14213.25,14064.75,14116.75,6255,9485
2021-06-20,14022.25,14047.25,14013.25,14038.25,15847,3601
2021-06-21,14037.75,14149.0,13958.75,14135.0,779657,3601
2021-06-22,14134.75,14279.25,14066.25,14272.5,621040,3601
2021-06-23,14272.25,14316.75,14231.75,14286.25,585988,3601
2021-06-24,14286.0,14422.0,14284.75,14346.5,607885,3601
2021-06-25,14347.25,14394.25,14313.25,14331.25,587611,3601
2021-06-27,14347.75,14366.25,14337.0,14354.75,9640,3601
2021-06-28,14355.0,14519.5,14333.25,14491.75,467299,3601
2021-06-29,14492.0,14591.0,14468.75,14587.75,543481,3601
2021-06-30,14587.75,14599.0,14518.0,14560.5,547695,3601
2021-07-01,14560.5,14606.5,14470.75,14533.0,598050,3601
2021-07-02,14533.25,14728.75,14513.5,14700.5,539928,3601
2021-07-04,14702.25,14722.0,14698.0,14714.5,5587,3601
2021-07-05,14714.75,14718.75,14674.75,14714.25,89331,3601
2021-07-06,14714.5,14789.75,14625.25,14764.75,749978,3601
2021-07-07,14764.5,14883.75,14726.25,14810.25,842305,3601
2021-07-08,14810.5,14821.75,14540.0,14692.0,1005740,3601
2021-07-09,14691.75,14832.0,14640.5,14814.5,685958,3601
2021-07-11,14823.75,14845.0,14822.25,14829.5,9610,3601
2021-07-12,14829.25,14888.75,14785.25,14879.75,558680,3601
2021-07-13,14879.75,14994.5,14794.25,14845.0,828445,3601
2021-07-14,14844.25,14996.0,14841.0,14904.25,813470,3601
2021-07-15,14903.75,14962.5,14708.25,14757.0,1019704,3601
2021-07-16,14757.0,14869.5,14657.25,14670.75,886325,3601
2021-07-18,14675.75,14683.25,14612.5,14643.25,25414,3601
2021-07-19,14643.5,14666.75,14444.25,14590.0,1309039,3601
2021-07-20,14590.25,14782.25,14516.75,14743.5,867652,3601
2021-07-21,14742.75,14846.5,14666.75,14836.0,778140,3601
2021-07-22,14835.75,14984.75,14829.0,14971.25,858976,3601
2021-07-23,14971.5,15117.5,14934.25,15093.0,799884,3601
2021-07-25,15098.0,15127.75,15091.25,15121.5,10933,3601
2021-07-26,15121.75,15134.25,15038.75,15112.0,679032,3601
2021-07-27,15112.0,15131.5,14774.5,14920.75,1010408,3601
2021-07-28,14920.5,15074.75,14893.25,14988.75,1003695,3601
2021-07-29,14989.0,15084.0,14862.25,14870.5,737037,3601
2021-07-30,14871.0,14979.75,14811.5,14967.25,795929,3601
2021-08-01,14972.25,15012.0,14970.0,15001.75,12530,3601
2021-08-02,15002.0,15056.0,14932.5,14961.25,737898,3601
2021-08-03,14962.0,15050.0,14848.75,15031.0,886968,3601
2021-08-04,15030.75,15108.0,14996.75,15083.75,738019,3601
2021-08-05,15083.25,15172.25,15069.5,15160.5,553771,3601
2021-08-06,15160.5,15169.5,15047.5,15092.75,692705,3601
2021-08-08,15091.25,15095.5,15003.5,15022.0,23287,3601
2021-08-09,15021.75,15146.0,15012.25,15118.75,615170,3601
2021-08-10,15118.5,15157.25,14994.75,15035.5,753757,3601
2021-08-11,15035.5,15119.0,14963.0,14995.75,830915,3601
2021-08-12,14995.25,15090.5,14941.0,15067.75,637135,3601
2021-08-13,15067.75,15141.5,15055.25,15123.75,459503,3601
2021-08-15,15120.0,15123.0,15105.0,15114.0,7234,3601
2021-08-16,15114.0,15139.0,14917.0,15130.5,764268,3601
2021-08-17,15130.0,15132.0,14897.0,14957.0,960508,3601
2021-08-18,14956.75,15037.0,14806.5,14845.5,899772,3601
2021-08-19,14845.25,14999.0,14711.0,14916.75,1141310,3601
2021-08-20,14917.0,15100.0,14851.75,15095.0,711521,3601
2021-08-22,15092.25,15120.75,15087.5,15107.25,12454,3601
2021-08-23,15107.5,15338.0,15103.25,15329.5,653964,3601
2021-08-24,15329.75,15384.0,15309.25,15357.75,539809,3601
2021-08-25,15357.5,15397.0,15333.0,15361.75,578027,3601
2021-08-26,15361.75,15364.75,15255.5,15278.25,784477,3601
2021-08-27,15278.0,15443.75,15265.5,15428.0,667944,3601
2021-08-29,15431.75,15459.75,15426.0,15452.5,10950,3601
2021-08-30,15452.5,15617.75,15420.0,15598.25,553423,3601
2021-08-31,15598.75,15677.25,15514.0,15597.0,733602,3601
2021-09-01,15596.75,15698.0,15577.75,15618.5,633290,3601
2021-09-02,15619.0,15682.25,15551.25,15597.0,681654,3601
2021-09-03,15597.0,15677.5,15552.0,15653.5,648130,3601
2021-09-05,15653.75,15663.75,15648.75,15650.25,6015,3601
2021-09-06,15650.5,15708.75,15642.0,15689.25,87701,3601
2021-09-07,15688.75,15701.5,15607.0,15662.0,683850,3601
2021-09-08,15662.5,15691.0,15523.5,15600.0,862486,3601
2021-09-09,15600.25,15676.5,15545.75,15564.0,802312,3601
2021-09-10,15563.75,15667.5,15433.5,15443.5,432992,3601
2021-09-12,15449.75,15495.5,15443.75,15491.75,8957,3601
2021-09-13,15492.0,15565.0,15350.5,15452.0,315398,3601
2021-09-14,15452.0,15530.75,15352.25,15414.0,225348,3601
2021-09-15,15414.5,15522.0,15314.5,15509.75,155778,3601
2021-09-16,15510.0,15542.0,15368.75,15491.0,123535,3601
2021-09-17,15491.75,15541.5,15474.0,15524.0,6187,3601
2021-09-19,15285.0,15328.5,15282.5,15326.0,17898,1447
2021-09-20,15325.5,15338.0,14807.5,15028.75,1202455,1447
2021-09-21,15029.0,15163.5,14963.75,14973.0,999664,1447
2021-09-22,14972.75,15227.0,14929.25,15191.75,879708,1447
2021-09-23,15191.5,15346.75,15175.5,15304.5,678667,1447
2021-09-24,15304.5,15334.0,15176.75,15317.25,651751,1447
2021-09-26,15318.75,15330.0,15301.25,15318.0,13742,1447
2021-09-27,15319.0,15399.5,15084.0,15168.5,793860,1447
2021-09-28,15169.0,15192.25,14740.75,14801.75,1288903,1447
2021-09-29,14801.5,14926.25,14711.0,14789.25,1266950,1447
2021-09-30,14788.75,14884.0,14670.0,14714.5,1249420,1447
2021-10-01,14714.0,14818.0,14537.0,14779.5,1355839,1447
2021-10-03,14781.0,14835.75,14773.5,14814.75,32223,1447
2021-10-04,14815.0,14818.5,14367.75,14485.75,1592183,1447
2021-10-05,14486.5,14754.5,14410.0,14637.75,997247,1447
2021-10-06,14638.0,14829.75,14422.25,14809.0,1430774,1447
2021-10-07,14809.25,15001.25,14798.75,14924.5,874705,1447
2021-10-08,14924.25,14998.0,14791.0,14804.5,1055226,1447
2021-10-10,14810.0,14828.75,14703.5,14717.25,41336,1447
2021-10-11,14717.0,14896.75,14664.25,14684.75,906471,1447
2021-10-12,14684.75,14783.25,14585.5,14604.75,1139761,1447
2021-10-13,14605.5,14809.75,14591.5,14804.25,1067189,1447
2021-10-14,14804.0,15077.75,14802.25,15071.25,716481,1447
2021-10-15,15071.25,15145.0,15020.75,15145.0,656448,1447
2021-10-17,15146.25,15166.75,15076.25,15082.0,24025,1447
2021-10-18,15082.0,15300.0,15038.5,15292.0,670035,1447
2021-10-19,15292.25,15428.5,15275.25,15409.25,678543,1447
2021-10-20,15409.5,15446.75,15319.25,15335.25,684914,1447
2021-10-21,15335.25,15483.75,15300.75,15391.75,665690,1447
2021-10-22,15392.0,15463.75,15273.75,15324.0,935415,1447
2021-10-24,15325.5,15337.25,15296.5,15306.25,21485,1447
2021-10-25,15306.0,15545.75,15304.75,15539.0,648432,1447
2021-10-26,15539.75,15701.0,15502.75,15560.0,920328,1447
2021-10-27,15560.25,15717.25,15507.25,15626.25,832891,1447
2021-10-28,15626.5,15777.75,15591.25,15672.25,774154,1447
2021-10-29,15672.75,15869.0,15595.0,15869.0,814831,1447
2021-10-31,15875.0,15897.0,15855.0,15880.5,27271,1447
2021-11-01,15880.5,15914.75,15768.75,15876.25,669831,1447
2021-11-02,15876.5,15980.25,15849.5,15942.75,768454,1447
2021-11-03,15943.0,16187.0,15935.0,16186.0,825115,1447
2021-11-04,16185.25,16378.5,16152.75,16340.25,923257,1447
2021-11-05,16340.0,16448.5,16292.25,16343.25,1039812,1447
2021-11-07,16300.0,16334.5,16265.0,16312.25,20211,1447
2021-11-08,16312.75,16394.25,16272.0,16310.75,893353,1447
2021-11-09,16310.75,16391.75,16160.0,16185.75,1212240,1447
2021-11-10,16185.5,16243.0,15897.75,15990.5,1339333,1447
2021-11-11,15990.75,16113.5,15980.5,16064.5,828521,1447
2021-11-12,16064.75,16213.5,16001.75,16201.75,785720,1447
2021-11-14,16211.0,16241.25,16210.0,16226.25,14621,1447
2021-11-15,16227.0,16276.5,16082.75,16189.75,888178,1447
2021-11-16,16189.75,16323.75,16142.5,16305.25,755041,1447
2021-11-17,16305.25,16398.75,16269.75,16329.5,772696,1447
2021-11-18,16329.25,16509.25,16303.75,16496.0,880566,1447
2021-11-19,16495.75,16628.5,16492.75,16588.25,831219,1447
2021-11-21,16599.75,16619.0,16587.75,16588.75,11110,1447
2021-11-22,16588.75,16767.5,16364.75,16396.75,1071487,1447
2021-11-23,16397.5,16418.75,16118.5,16286.5,1480693,1447
2021-11-24,16287.0,16368.5,16102.0,16357.75,1084139,1447
2021-11-25,16358.0,16435.75,16356.75,16371.0,171774,1447
2021-11-26,16370.25,16373.0,15988.0,16044.75,1164308,1447
2021-11-28,16046.25,16178.0,16037.0,16168.75,45648,1447
2021-11-29,16169.25,16441.0,16166.75,16431.0,1097096,1447
2021-11-30,16431.0,16456.5,16068.25,16224.75,1686713,1447
2021-12-01,16223.75,16427.75,15826.5,15948.5,1472856,1447
2021-12-02,15948.75,16066.5,15763.25,15937.5,1742256,1447
2021-12-03,15936.75,16121.75,15538.0,15686.0,1482511,1447
2021-12-05,15703.75,15752.75,15681.75,15738.75,30421,1447
2021-12-06,15738.75,15897.0,15559.25,15842.5,1325133,1447
2021-12-07,15842.5,16375.0,15825.0,16343.0,904671,1447
2021-12-08,16343.0,16436.0,16251.5,16377.75,859955,1447
2021-12-09,16377.75,16420.0,16120.25,16175.0,973693,1447
2021-12-10,16174.75,16336.0,16127.5,16318.25,484934,1447
2021-12-12,16321.0,16365.25,16321.0,16360.5,4960,1447
2021-12-13,16360.0,16411.75,16064.0,16091.0,363160,1447
2021-12-14,16091.75,16133.5,15738.75,15916.25,363004,1447
2021-12-15,15917.25,16342.25,15744.5,16327.5,234383,1447
2021-12-16,16326.75,16459.25,15800.25,15840.25,255412,1447
2021-12-17,15844.5,15902.0,15668.5,15712.0,9818,1447
2021-12-19,15810.0,15851.75,15695.0,15706.75,38448,7575
2021-12-20,15707.25,15732.75,15491.75,15720.25,1193509,7575
2021-12-21,15720.5,15995.0,15605.25,15960.0,998467,7575
2021-12-22,15960.25,16195.0,15882.25,16185.0,830259,7575
2021-12-23,16185.25,16355.75,16145.25,16302.5,581894,7575
2021-12-26,16304.25,16349.5,16304.25,16342.25,11532,7575
2021-12-27,16342.25,16580.75,16304.5,16554.75,554008,7575
2021-12-28,16555.0,16658.5,16453.25,16539.25,785045,7575
2021-12-29,16538.75,16564.0,16387.75,16463.25,653479,7575
2021-12-30,16462.75,16567.5,16411.25,16438.25,557315,7575
2021-12-31,16437.75,16464.0,16313.25,16333.5,546010,7575
2022-01-02,16355.0,16420.0,16355.0,16384.25,13160,7575
2022-01-03,16384.25,16509.5,16291.5,16484.0,864953,7575
2022-01-04,16484.25,16564.0,16139.75,16233.0,971657,7575
2022-01-05,16233.25,16259.0,15712.0,15784.5,1310966,7575
2022-01-06,15784.5,15895.75,15598.5,15817.5,1467841,7575
2022-01-07,15817.25,15853.25,15510.25,15572.75,1374479,7575
2022-01-09,15589.5,15611.25,15514.25,15559.0,34017,7575
2022-01-10,15559.75,15668.75,15152.5,15627.75,1865102,7575
2022-01-11,15627.75,15842.0,15474.5,15820.75,1462567,7575
2022-01-12,15820.75,16009.5,15762.5,15893.0,1460594,7575
2022-01-13,15892.75,15979.25,15458.25,15498.0,1516854,7575
2022-01-14,15497.75,15620.0,15312.25,15619.75,1643836,7575
2022-01-16,15616.75,15653.75,15565.75,15581.75,21854,7575
2022-01-17,15582.5,15636.25,15507.5,15588.25,328013,7575
2022-01-18,15587.75,15602.75,15170.75,15193.75,1655726,7575
2022-01-19,15194.25,15372.25,14993.25,15005.5,1907317,7575
2022-01-20,15005.25,15340.5,14646.75,14744.75,1613605,7575
2022-01-21,14744.75,14858.5,14408.25,14412.5,2334116,7575
2022-01-23,14409.75,14562.5,14377.75,14550.75,55648,7575
2022-01-24,14550.0,14579.75,13706.25,14480.5,3004362,7575
2022-01-25,14481.25,14490.0,13890.0,14192.25,2511648,7575
2022-01-26,14192.5,14642.25,13976.75,14267.75,2256939,7575
2022-01-27,14267.0,14409.75,13845.25,14096.75,2134306,7575
2022-01-28,14095.75,14442.5,13830.75,14429.5,2084604,7575
2022-01-30,14450.0,14473.75,14353.5,14398.5,34223,7575
2022-01-31,14397.0,14914.5,14367.25,14869.75,1453108,7575
2022-02-01,14870.25,15138.0,14729.25,15120.75,1510633,7575
2022-02-02,15120.25,15261.5,14755.75,14765.5,1491721,7575
2022-02-03,14766.25,14870.0,14456.5,14762.75,1543597,7575
2022-02-04,14763.25,14825.75,14363.25,14645.0,1769904,7575
2022-02-06,14674.5,14717.5,14633.25,14710.75,23609,7575
2022-02-07,14710.25,14806.5,14511.25,14610.75,1373974,7575
2022-02-08,14610.5,14787.75,14467.75,14778.25,1275513,7575
2022-02-09,14778.0,15068.0,14745.75,15043.25,1029748,7575
2022-02-10,15043.25,15052.25,14622.0,14661.0,1821989,7575
2022-02-11,14660.5,14766.75,14181.0,14252.75,1855044,7575
2022-02-13,14250.25,14263.0,14184.5,14246.25,35826,7575
2022-02-14,14247.75,14394.0,14030.75,14297.25,1770329,7575
2022-02-15,14297.25,14615.0,14223.25,14563.5,1318659,7575
2022-02-16,14563.25,14668.5,14381.0,14572.25,1249749,7575
2022-02-17,14572.75,14600.25,14133.5,14173.0,1380713,7575
2022-02-18,14173.75,14299.0,13906.0,13993.75,1709454,7575
2022-02-20,13953.25,13956.25,13840.25,13852.0,39826,7575
2022-02-21,13851.75,14157.0,13592.25,13680.25,845641,7575
2022-02-22,13680.5,14108.75,13613.5,13972.25,1891576,7575
2022-02-23,13973.0,14069.0,13457.25,13500.0,1819010,7575
2022-02-24,13499.75,13983.5,13025.75,13859.75,3075892,7575
2022-02-25,13859.5,14198.0,13759.25,14191.25,1837334,7575
2022-02-27,14005.0,14006.0,13691.0,13854.5,63065,7575
2022-02-28,13854.5,14292.5,13753.75,14256.5,1907543,7575
2022-03-01,14257.5,14327.5,13900.0,14052.25,1742956,7575
2022-03-02,14052.25,14293.25,13912.0,14205.25,1448208,7575
2022-03-03,14206.5,14391.25,13955.0,14079.75,1230357,7575
2022-03-04,14080.5,14086.0,13733.5,13802.75,1540794,7575
2022-03-06,13778.5,13778.5,13563.5,13583.75,41939,7575
2022-03-07,13583.25,13879.75,13252.5,13270.0,1566586,7575
2022-03-08,13270.25,13666.25,13105.25,13251.25,2211682,7575
2022-03-09,13250.5,13822.5,13223.0,13747.5,1386171,7575
2022-03-10,13747.25,13765.25,13396.25,13596.75,1380970,7575
2022-03-11,13596.0,13861.5,13282.0,13306.75,705089,7575
2022-03-13,13330.75,13405.0,13330.75,13371.75,12541,7575
2022-03-14,13371.0,13446.5,13013.0,13108.0,513149,7575
2022-03-15,13108.75,13489.0,12943.0,13456.5,442261,7575
2022-03-16,13456.25,14031.75,13420.25,13980.25,357209,7575
2022-03-17,13979.5,14136.0,13822.25,14027.25,219703,7575
2022-03-18,14029.5,14080.0,13971.0,14070.0,9523,7575
2022-03-20,14404.5,14434.75,14395.0,14405.0,18582,13505
2022-03-21,14405.0,14466.75,14183.75,14340.75,1183854,13505
2022-03-22,14340.75,14692.0,14292.5,14666.75,1072112,13505
2022-03-23,14666.0,14682.75,14441.5,14474.0,1187327,13505
2022-03-24,14474.5,14775.0,14433.25,14750.0,1093029,13505
2022-03-25,14750.25,14841.25,14572.5,14752.5,1131355,13505
2022-03-27,14755.25,14777.25,14720.75,14721.0,18524,13505
2022-03-28,14720.5,14996.5,14658.75,14973.0,1053722,13505
2022-03-29,14973.5,15269.0,14956.25,15221.5,1117338,13505
2022-03-30,15221.75,15262.5,15012.0,15103.75,1002689,13505
2022-03-31,15104.25,15181.0,14855.5,14912.5,1055960,13505
2022-04-01,14912.75,14959.25,14725.5,14853.25,1044285,13505
2022-04-03,14847.5,14861.0,14809.75,14818.75,14641,13505
2022-04-04,14819.0,15174.0,14802.0,15152.0,758868,13505
2022-04-05,15152.0,15199.25,14780.0,14834.75,1004042,13505
2022-04-06,14835.25,14844.75,14395.5,14448.5,1460215,13505
2022-04-07,14448.25,14634.0,14318.25,14565.75,1291457,13505
2022-04-08,14565.5,14642.5,14310.5,14328.25,1147363,13505
2022-04-10,14334.0,14379.75,14313.0,14314.5,21481,13505
2022-04-11,14314.25,14314.25,13974.25,13982.75,1098661,13505
2022-04-12,13982.5,14284.0,13880.0,13996.75,1369556,13505
2022-04-13,13996.25,14266.75,13921.5,14217.0,1077781,13505
2022-04-14,14217.25,14296.0,13876.0,13894.0,1032436,13505
2022-04-17,13894.0,13894.5,13729.25,13736.0,41336,13505
2022-04-18,13736.5,14019.5,13731.75,14017.25,1029613,13505
2022-04-19,14016.5,14240.75,13828.0,14079.25,1088618,13505
2022-04-20,14079.25,14298.0,13958.25,14083.5,1226566,13505
2022-04-21,14083.0,14283.0,13667.25,13682.0,1376031,13505
2022-04-22,13682.25,13779.0,13295.75,13308.0,1546840,13505
2022-04-24,13323.5,13360.0,13289.0,13328.0,41581,13505
2022-04-25,13328.0,13550.0,13183.75,13525.0,1816321,13505
2022-04-26,13524.75,13584.5,12803.0,12997.0,1627847,13505
2022-04-27,12997.5,13255.0,12930.5,13173.75,1894890,13505
2022-04-28,13174.0,13542.25,13033.5,13248.25,1694064,13505
2022-04-29,13248.0,13433.5,12831.75,12892.5,1588344,13505
2022-05-01,12892.5,12926.0,12806.25,12881.75,61744,13505
2022-05-02,12881.25,13084.5,12709.5,13057.25,1800855,13505
2022-05-03,13056.5,13184.0,12968.0,13120.5,1450362,13505
2022-05-04,13118.75,13555.25,12882.0,13512.0,1403485,13505
2022-05-05,13512.25,13547.75,12704.0,12884.0,1849429,13505
2022-05-06,12885.0,12929.25,12519.25,12663.5,1989929,13505
2022-05-08,12606.5,12636.75,12551.25,12577.75,41058,13505
2022-05-09,12577.0,12623.75,12131.5,12235.25,1784712,13505
2022-05-10,12235.0,12547.25,12101.75,12339.25,2226012,13505
2022-05-11,12339.25,12553.75,11938.5,12009.0,2081250,13505
2022-05-12,12008.75,12132.75,11689.25,12023.25,2113196,13505
2022-05-13,12022.75,12432.0,12007.0,12363.5,1417973,13505
2022-05-15,12410.0,12499.0,12392.0,12468.75,43017,13505
2022-05-16,12468.5,12471.5,12189.75,12267.75,1655632,13505
2022-05-17,12268.0,12593.5,12252.5,12563.0,1500192,13505
2022-05-18,12562.5,12574.0,11821.5,11826.75,1667979,13505
2022-05-19,11826.75,12077.0,11704.25,11933.75,2055426,13505
2022-05-20,11934.75,12096.5,11491.25,11841.0,1838744,13505
2022-05-22,11858.5,11988.0,11857.0,11972.25,39962,13505
2022-05-23,11972.0,12075.5,11783.75,11888.25,1755190,13505
2022-05-24,11888.5,11898.0,11576.25,11854.0,1783695,13505
2022-05-25,11853.75,12033.25,11671.0,11892.5,1740443,13505
2022-05-26,11892.0,12343.5,11848.5,12290.0,1326291,13505
2022-05-27,12290.25,12723.75,12222.0,12723.0,1153782,13505
2022-05-29,12705.5,12757.5,12673.0,12737.75,26480,13505
2022-05-30,12738.0,12882.5,12720.0,12815.0,366837,13505
2022-05-31,12815.25,12822.5,12480.0,12704.5,1636758,13505
2022-06-01,12704.75,12823.25,12454.75,12509.0,1480453,13505
2022-06-02,12509.5,12945.0,12442.25,12922.0,1196327,13505
2022-06-03,12921.5,12926.75,12503.0,12550.0,1317336,13505
2022-06-05,12548.0,12591.25,12527.0,12550.0,26259,13505
2022-06-06,12549.5,12810.5,12531.0,12603.25,1101492,13505
2022-06-07,12603.5,12740.5,12412.0,12670.75,1089781,13505
2022-06-08,12671.5,12783.5,12579.0,12624.5,1204733,13505
2022-06-09,12624.75,12726.0,12255.5,12288.5,1426241,13505
2022-06-10,12288.25,12339.5,11822.75,11861.75,988595,13505
2022-06-12,11803.75,11803.75,11648.0,11666.5,22554,13505
2022-06-13,11666.5,11668.0,11254.5,11341.0,983182,13505
2022-06-14,11341.5,11505.25,11204.75,11398.0,771216,13505
2022-06-15,11398.0,11759.25,11327.0,11690.25,448556,13505
2022-06-16,11689.0,11737.75,11037.0,11156.75,429581,13505
2022-06-17,11157.75,11288.75,11124.0,11134.5,18257,13505
2022-06-19,11331.25,11437.5,11320.0,11428.25,35910,7688
2022-06-20,11428.0,11443.5,11274.0,11424.75,445990,7688
2022-06-21,11424.0,11678.5,11410.5,11576.25,1112674,7688
2022-06-22,11576.0,11746.5,11320.5,11485.25,1481482,7688
2022-06-23,11484.75,11767.25,11482.5,11695.75,1525003,7688
2022-06-24,11695.5,12149.0,11684.25,12132.75,1183798,7688
2022-06-26,12140.0,12165.5,12091.5,12093.75,37507,7688
2022-06-27,12093.25,12262.75,11994.25,12067.5,1498270,7688
2022-06-28,12066.75,12174.25,11661.5,11687.0,1563435,7688
2022-06-29,11686.75,11749.0,11564.0,11677.0,1438329,7688
2022-06-30,11676.75,11688.0,11350.75,11544.0,1687523,7688
2022-07-01,11543.75,11629.75,11381.75,11613.25,1501422,7688
2022-07-03,11613.0,11648.75,11560.25,11571.0,20641,7688
2022-07-04,11570.5,11748.75,11501.0,11696.0,332236,7688
2022-07-05,11695.25,11866.0,11388.75,11783.5,1668144,7688
2022-07-06,11783.5,11974.0,11728.25,11898.25,1682946,7688
2022-07-07,11897.75,12168.75,11837.25,12104.75,1114020,7688
2022-07-08,12104.25,12211.0,11952.75,12161.25,1330271,7688
2022-07-10,12148.75,12155.0,12092.25,12117.25,28167,7688
2022-07-11,12117.0,12124.0,11853.0,11903.25,1198432,7688
2022-07-12,11903.75,12025.5,11712.0,11773.5,1367902,7688
2022-07-13,11773.75,11998.0,11478.0,11676.0,1668088,7688
2022-07-14,11675.25,11866.75,11511.0,11862.25,1387880,7688
2022-07-15,11862.75,12021.75,11741.0,12019.5,1218295,7688
2022-07-17,12040.75,12080.0,12040.0,12059.75,21489,7688
2022-07-18,12059.75,12186.75,11857.75,11940.25,1127087,7688
2022-07-19,11940.0,12405.0,11889.5,12312.75,1128009,7688
2022-07-20,12312.5,12517.5,12236.0,12435.75,1276403,7688
2022-07-21,12435.5,12655.5,12373.5,12547.75,1297084,7688
2022-07-22,12547.5,12697.0,12344.5,12427.0,1268860,7688
2022-07-24,12440.0,12455.25,12400.5,12403.0,21115,7688
2022-07-25,12403.25,12498.75,12266.5,12298.25,1136744,7688
2022-07-26,12298.5,12334.0,12070.0,12280.0,1106461,7688
2022-07-27,12280.5,12690.0,12257.25,12577.0,1272292,7688
2022-07-28,12576.75,12948.0,12449.25,12892.75,1391153,7688
2022-07-29,12892.75,13012.5,12744.25,12974.5,1241847,7688
2022-07-31,12980.0,12997.75,12912.25,12919.25,28317,7688
2022-08-01,12919.5,13108.5,12851.25,12950.75,1286500,7688
2022-08-02,12951.5,13097.0,12816.25,12903.0,1442567,7688
2022-08-03,12902.75,13310.5,12867.25,13234.25,1207556,7688
2022-08-04,13234.0,13356.0,13184.5,13333.25,1244191,7688
2022-08-05,13333.5,13385.0,13085.5,13214.75,1343835,7688
2022-08-07,13226.0,13289.75,13168.0,13177.75,23333,7688
2022-08-08,13178.25,13419.5,13120.5,13220.75,1371211,7688
2022-08-09,13220.0,13226.75,12963.25,13052.75,1204242,7688
2022-08-10,13052.25,13408.0,12981.75,13399.0,1174380,7688
2022-08-11,13399.5,13575.75,13284.75,13335.75,1299560,7688
2022-08-12,13335.75,13583.0,13312.25,13580.5,994645,7688
2022-08-14,13572.0,13577.0,13538.5,13540.25,17759,7688
2022-08-15,13541.0,13705.75,13495.75,13681.25,898046,7688
2022-08-16,13681.25,13740.5,13522.75,13652.0,1044394,7688
2022-08-17,13652.0,13673.25,13406.25,13455.5,1237853,7688
2022-08-18,13455.0,13575.5,13411.25,13527.25,1080682,7688
2022-08-19,13527.5,13532.75,13227.0,13249.75,1057091,7688
2022-08-21,13227.5,13229.0,13175.0,13187.5,27029,7688
2022-08-22,13187.75,13222.5,12875.5,12955.75,1112679,7688
2022-08-23,12955.25,13019.0,12823.5,12895.5,1228354,7688
2022-08-24,12895.0,13012.0,12825.75,12934.5,1005453,7688
2022-08-25,12934.75,13183.0,12925.0,13144.5,1156870,7688
2022-08-26,13145.0,13220.0,12555.25,12558.25,1375069,7688
2022-08-28,12484.25,12512.0,12412.25,12419.25,57903,7688
2022-08-29,12419.25,12610.0,12401.5,12532.5,1477402,7688
2022-08-30,12532.75,12659.0,12247.5,12366.25,1780306,7688
2022-08-31,12365.75,12513.0,12152.5,12177.75,1468371,7688
2022-09-01,12178.5,12319.5,12018.25,12298.75,1552625,7688
2022-09-02,12298.75,12462.0,12040.5,12129.75,1570922,7688
2022-09-04,12111.5,12131.0,12055.0,12123.5,30874,7688
2022-09-05,12123.5,12185.75,12053.75,12148.25,361721,7688
2022-09-06,12148.0,12244.75,11930.0,12006.75,1561174,7688
2022-09-07,12006.25,12306.25,11922.25,12258.5,1332141,7688
2022-09-08,12258.75,12379.5,12117.0,12351.0,1476517,7688
2022-09-09,12350.75,12614.25,12345.75,12591.25,689667,7688
2022-09-11,12614.75,12679.5,12614.75,12631.5,15483,7688
2022-09-12,12631.75,12783.0,12573.25,12762.25,603008,7688
2022-09-13,12762.75,12889.0,12002.75,12058.5,571748,7688
2022-09-14,12058.75,12187.75,12001.0,12168.25,392891,7688
2022-09-15,12168.0,12179.5,11821.25,11845.5,203390,7688
2022-09-16,11847.5,11864.75,11740.0,11777.5,10981,7688
2022-09-18,11920.5,11944.0,11881.0,11930.25,30034,20332
2022-09-19,11930.5,12078.75,11792.25,12078.25,1220206,20332
2022-09-20,12077.75,12092.5,11828.5,11927.0,1333258,20332
2022-09-21,11926.75,12139.0,11606.5,11612.5,1575000,20332
2022-09-22,11612.0,11795.75,11510.0,11587.25,1573785,20332
2022-09-23,11587.5,11600.0,11228.75,11388.0,1506744,20332
2022-09-25,11362.5,11396.25,11309.25,11345.0,44093,20332
2022-09-26,11345.0,11537.75,11256.5,11348.75,1746710,20332
2022-09-27,11349.25,11568.0,11233.5,11347.0,1657939,20332
2022-09-28,11347.5,11612.5,11141.75,11533.75,1662719,20332
2022-09-29,11534.0,11566.25,11091.5,11265.0,1525133,20332
2022-09-30,11265.75,11357.0,11024.5,11056.5,1599620,20332
2022-10-02,11028.75,11051.25,10930.25,10943.25,65103,20332
2022-10-03,10944.0,11357.75,10890.5,11344.0,1423008,20332
2022-10-04,11344.25,11676.25,11334.75,11620.75,1402508,20332
2022-10-05,11620.75,11711.0,11368.0,11699.25,1403300,20332
2022-10-06,11699.75,11730.0,11477.25,11498.75,1575664,20332
2022-10-07,11498.75,11577.0,11043.25,11096.25,1438859,20332
2022-10-09,11066.75,11068.75,10985.5,11035.75,60102,20332
2022-10-10,11036.25,11136.5,10876.75,11014.5,1369039,20332
2022-10-11,11014.25,11039.75,10767.25,10865.0,1706451,20332
2022-10-12,10865.0,10976.75,10805.75,10869.25,1473279,20332
2022-10-13,10868.5,11142.25,10484.5,11064.75,2066690,20332
2022-10-14,11064.25,11253.75,10726.75,10748.75,1767917,20332
2022-10-16,10720.5,10802.5,10705.0,10791.5,33806,20332
2022-10-17,10792.0,11218.25,10761.5,11211.25,1318622,20332
2022-10-18,11211.0,11431.75,11081.5,11343.75,1739567,20332
2022-10-19,11343.75,11377.75,11050.25,11089.0,1516785,20332
2022-10-20,11088.25,11329.0,10995.25,11020.5,1467531,20332
2022-10-21,11020.75,11386.25,10937.0,11379.25,1608586,20332
2022-10-23,11393.75,11530.75,11389.0,11452.0,63958,20332
2022-10-24,11452.0,11515.5,11207.75,11474.5,1370645,20332
2022-10-25,11475.25,11732.75,11430.5,11469.0,1257419,20332
2022-10-26,11469.25,11703.5,11413.5,11498.75,1493966,20332
2022-10-27,11498.25,11537.75,10924.5,11135.0,1609174,20332
2022-10-28,11135.25,11627.0,11062.0,11626.75,1298513,20332
2022-10-30,11593.5,11600.0,11545.5,11557.5,27353,20332
2022-10-31,11557.5,11581.5,11367.0,11468.75,1102643,20332
2022-11-01,11468.75,11619.0,11288.75,11332.75,1300305,20332
2022-11-02,11332.75,11459.75,10901.0,10919.25,1321764,20332
2022-11-03,10919.25,10995.75,10692.75,10710.75,1405284,20332
2022-11-04,10710.75,10974.25,10636.0,10874.75,1838777,20332
2022-11-06,10829.25,10829.25,10775.75,10796.25,21237,20332
2022-11-07,10796.25,11038.5,10784.25,11024.75,1232928,20332
2022-11-08,11025.0,11231.5,10928.25,11125.25,1327174,20332
2022-11-09,11125.25,11164.75,10822.0,10844.75,1374951,20332
2022-11-10,10844.5,11684.75,10809.0,11675.0,1440484,20332
2022-11-11,11675.25,11876.75,11569.5,11835.25,1478264,20332
2022-11-13,11796.0,11819.0,11765.0,11811.25,25479,20332
2022-11-14,11810.75,11898.5,11702.0,11767.0,1134195,20332
2022-11-15,11767.0,12118.5,11761.5,11898.75,1658477,20332
2022-11-16,11898.5,11962.25,11706.0,11780.0,1282902,20332
2022-11-17,11779.75,11828.25,11528.0,11719.75,1294615,20332
2022-11-18,11719.75,11844.0,11606.5,11709.5,1222968,20332
2022-11-20,11720.0,11755.25,11701.75,11709.0,12309,20332
2022-11-21,11709.0,11714.5,11553.25,11594.0,973036,20332
2022-11-22,11594.25,11759.25,11525.5,11745.0,910910,20332
2022-11-23,11745.0,11898.25,11720.25,11888.5,910824,20332
2022-11-24,11888.5,11932.75,11873.75,11917.75,146262,20332
2022-11-25,11918.0,11919.75,11766.25,11784.0,384456,20332
2022-11-27,11735.25,11748.0,11715.0,11726.75,14466,20332
2022-11-28,11726.25,11788.25,11574.75,11618.75,900086,20332
2022-11-29,11618.5,11704.25,11465.0,11503.25,1025759,20332
2022-11-30,11503.5,12087.5,11498.0,12073.0,1345551,20332
2022-12-01,12073.0,12144.75,11943.75,12040.0,1241832,20332
2022-12-02,12039.25,12068.0,11740.25,11979.75,1087803,20332
2022-12-04,12000.0,12015.0,11981.0,12001.5,13428,20332
2022-12-05,12001.75,12009.5,11745.25,11819.25,935050,20332
2022-12-06,11820.0,11846.0,11502.0,11578.25,1125552,20332
2022-12-07,11578.75,11596.0,11423.25,11510.5,1197848,20332
2022-12-08,11510.5,11685.5,11434.25,11637.5,952959,20332
2022-12-09,11637.25,11748.0,11516.5,11553.0,900109,20332
2022-12-11,11555.0,11573.0,11527.0,11536.0,9025,20332
2022-12-12,11536.0,11717.25,11523.0,11710.5,436311,20332
2022-12-13,11711.25,12228.25,11675.5,11839.0,587688,20332
2022-12-14,11838.25,11948.5,11611.5,11764.0,310632,20332
2022-12-15,11763.0,11779.0,11298.25,11349.25,218041,20332
2022-12-16,11350.5,11381.5,11205.5,11283.0,15233,20332
2022-12-18,11327.0,11366.25,11322.25,11352.75,16440,8071
2022-12-19,11352.75,11411.0,11131.5,11213.5,917557,8071
2022-12-20,11213.5,11247.25,11042.75,11223.25,1133448,8071
2022-12-21,11223.25,11389.75,11181.0,11352.75,957684,8071
2022-12-22,11352.75,11384.25,10870.5,11048.75,1042160,8071
2022-12-23,11048.5,11143.25,10915.75,11066.25,1019437,8071
2022-12-26,11101.75,11163.5,11101.75,11156.5,15596,8071
2022-12-27,11156.75,11184.0,10895.75,10913.0,838415,8071
2022-12-28,10913.5,10996.5,10758.25,10793.0,927601,8071
2022-12-29,10793.75,11071.5,10777.5,11022.5,768686,8071
2022-12-30,11022.75,11051.75,10855.5,11040.75,864714,8071
2023-01-02,11117.0,11151.0,11037.5,11052.75,24498,8071
2023-01-03,11052.25,11181.75,10844.25,10949.25,1062145,8071
2023-01-04,10949.0,11068.0,10863.25,10995.75,1217334,8071
2023-01-05,10995.75,11046.25,10804.75,10839.25,1113646,8071
2023-01-06,10839.5,11166.0,10751.0,11107.75,1275205,8071
2023-01-08,11128.75,11160.5,11123.25,11143.5,17219,8071
2023-01-09,11143.5,11385.5,11120.25,11174.0,1069795,8071
2023-01-10,11174.0,11289.25,11094.25,11285.0,1175006,8071
2023-01-11,11284.75,11480.0,11239.5,11474.75,968451,8071
2023-01-12,11475.0,11580.0,11288.5,11524.5,1513528,8071
2023-01-13,11524.0,11619.25,11389.5,11601.25,1030203,8071
2023-01-15,11612.5,11620.0,11582.75,11587.0,11397,8071
2023-01-16,11587.25,11638.25,11510.25,11585.5,225291,8071
2023-01-17,11585.25,11685.0,11530.0,11594.5,978292,8071
2023-01-18,11594.5,11759.5,11464.75,11479.25,1277244,8071
2023-01-19,11479.75,11486.5,11308.5,11383.75,1189421,8071
2023-01-20,11384.0,11686.0,11365.25,11676.25,1031379,8071
2023-01-22,11677.75,11687.0,11650.25,11658.25,10689,8071
2023-01-23,11658.0,11983.0,11650.75,11918.5,1076561,8071
2023-01-24,11918.5,12010.0,11821.25,11840.0,1018842,8071
2023-01-25,11840.25,11917.75,11604.5,11907.25,1230943,8071
2023-01-26,11907.75,12113.25,11879.25,12039.75,1144201,8071
2023-01-27,12039.5,12308.0,12016.0,12219.75,1138933,8071
2023-01-29,12213.25,12252.0,12191.75,12205.5,19745,8071
2023-01-30,12205.0,12224.0,11960.0,12002.25,1148477,8071
2023-01-31,12002.75,12156.0,11871.25,12103.25,1069532,8071
2023-02-01,12103.0,12559.75,12055.0,12545.25,1092402,8071
2023-02-02,12544.75,12950.0,12501.25,12663.5,1404048,8071
2023-02-03,12663.75,12877.75,12550.5,12616.75,1478712,8071
2023-02-05,12578.25,12605.0,12550.75,12591.0,23260,8071
2023-02-06,12590.75,12608.75,12456.5,12536.25,1071546,8071
2023-02-07,12535.75,12818.75,12459.25,12750.25,1284426,8071
2023-02-08,12750.25,12809.0,12512.5,12561.25,1054167,8071
2023-02-09,12562.0,12729.5,12366.0,12435.0,1185544,8071
2023-02-10,12435.25,12446.25,12243.0,12336.75,1151312,8071
2023-02-12,12353.25,12367.0,12294.25,12307.0,15429,8071
2023-02-13,12307.25,12567.75,12265.0,12539.0,890566,8071
2023-02-14,12539.25,12685.75,12390.5,12608.0,1519139,8071
2023-02-15,12607.5,12756.75,12524.25,12746.75,1061489,8071
2023-02-16,12746.75,12792.5,12421.0,12427.75,1206598,8071
2023-02-17,12427.75,12450.0,12265.5,12383.5,1103110,8071
2023-02-19,12383.0,12385.0,12346.25,12359.75,10280,8071
2023-02-20,12359.5,12418.0,12346.75,12379.0,163223,8071
2023-02-21,12378.75,12379.5,12091.5,12114.5,887419,8071
2023-02-22,12114.25,12190.75,12034.25,12167.75,1077551,8071
2023-02-23,12167.0,12261.0,12028.0,12174.0,1011123,8071
2023-02-24,12173.75,12214.25,11922.75,11999.0,1018209,8071
2023-02-26,12002.25,12025.75,11987.75,12017.5,12253,8071
2023-02-27,12017.25,12189.5,12003.75,12093.5,844593,8071
2023-02-28,12093.25,12173.75,12011.75,12022.25,917927,8071
2023-03-01,12022.25,12142.0,11925.0,11971.5,964357,8071
2023-03-02,11971.5,12096.25,11831.5,12037.25,979089,8071
2023-03-03,12036.5,12329.75,12012.25,12326.5,868224,8071
2023-03-05,12307.75,12314.75,12276.0,12292.25,14521,8071
2023-03-06,12292.0,12485.75,12284.25,12330.5,892843,8071
2023-03-07,12330.5,12381.75,12142.25,12176.5,1075579,8071
2023-03-08,12176.5,12254.5,12108.5,12225.0,1022670,8071
2023-03-09,12225.5,12353.75,11955.0,11985.75,1212102,8071
2023-03-10,11985.75,12112.0,11796.5,11885.25,1648295,8071
2023-03-12,11888.0,12044.5,11850.25,11990.0,45232,8071
2023-03-13,11990.0,12095.75,11677.0,11947.25,812402,8071
2023-03-14,11947.25,12223.0,11903.0,12196.25,357643,8071
2023-03-15,12195.75,12301.5,11971.5,12275.75,300653,8071
2023-03-16,12274.75,12600.0,12189.0,12593.0,149941,8071
2023-03-17,12592.75,12636.0,12531.75,12623.0,11634,8071
2023-03-19,12689.25,12750.0,12663.0,12706.0,35867,4973
2023-03-20,12707.25,12727.0,12525.5,12693.0,1139173,4973
2023-03-21,12692.0,12897.5,12676.25,12868.5,877479,4973
2023-03-22,12868.25,13081.75,12677.5,12718.75,1126364,4973
2023-03-23,12718.75,13031.5,12705.25,12865.0,1368544,4973
2023-03-24,12866.0,12925.25,12726.0,12924.25,1260065,4973
2023-03-26,12916.0,12965.0,12902.5,12947.75,21891,4973
2023-03-27,12948.0,12976.25,12765.75,12822.5,961446,4973
2023-03-28,12822.75,12833.5,12634.75,12759.5,823008,4973
2023-03-29,12760.0,12993.0,12758.75,12943.0,823722,4973
2023-03-30,12944.0,13112.0,12931.25,13096.0,853588,4973
2023-03-31,13095.75,13311.5,13056.5,13308.5,807449,4973
2023-04-02,13262.5,13275.5,13236.25,13240.0,26234,4973
2023-04-03,13240.0,13278.75,13154.25,13247.0,800612,4973
2023-04-04,13247.5,13348.75,13168.75,13240.75,906851,4973
2023-04-05,13240.25,13247.25,13006.0,13057.0,846533,4973
2023-04-06,13057.0,13191.25,12952.5,13159.5,881115,4973
2023-04-07,13159.75,13190.5,13126.0,13180.75,80410,4973
2023-04-09,13178.0,13206.25,13151.25,13156.25,18514,4973
2023-04-10,13156.5,13174.5,12967.5,13172.25,757628,4973
2023-04-11,13171.75,13209.25,13051.75,13089.5,828519,4973
2023-04-12,13089.5,13241.0,12925.25,12931.5,1153187,4973
2023-04-13,12931.75,13228.5,12930.0,13191.75,845891,4973
2023-04-14,13191.75,13255.0,13056.0,13199.25,1006759,4973
2023-04-16,13210.0,13214.75,13177.0,13186.5,14717,4973
2023-04-17,13187.0,13218.0,13077.0,13178.75,874002,4973
2023-04-18,13178.25,13298.5,13138.25,13175.0,914664,4973
2023-04-19,13174.25,13227.0,13065.0,13128.0,834506,4973
2023-04-20,13128.0,13199.75,13022.0,13082.25,964618,4973
2023-04-21,13081.5,13121.75,12982.75,13075.25,888798,4973
2023-04-23,13071.25,13074.75,13060.5,13068.25,10343,4973
2023-04-24,13068.25,13134.0,12967.25,13049.5,832448,4973
2023-04-25,13049.0,13059.75,12801.0,12960.0,1023430,4973
2023-04-26,12960.25,13012.5,12863.0,12957.0,1048388,4973
2023-04-27,12957.0,13331.5,12936.0,13210.25,985560,4973
2023-04-28,13209.75,13336.75,13168.75,13327.0,935284,4973
2023-04-30,13316.25,13324.5,13304.0,13307.25,15223,4973
2023-05-01,13307.0,13367.25,13258.75,13285.75,802782,4973
2023-05-02,13285.0,13334.5,13111.0,13182.25,933270,4973
2023-05-03,13182.25,13310.0,13043.0,13097.75,1032909,4973
2023-05-04,13098.0,13172.0,13001.75,13093.75,1005668,4973
2023-05-05,13093.75,13358.75,13076.25,13310.5,766272,4973
2023-05-07,13315.5,13332.75,13302.5,13304.25,12976,4973
2023-05-08,13304.25,13368.0,13254.5,13337.0,667159,4973
2023-05-09,13336.75,13347.25,13249.25,13275.5,665995,4973
2023-05-10,13274.75,13448.0,13202.0,13421.75,1151021,4973
2023-05-11,13422.25,13472.0,13361.5,13454.75,946183,4973
2023-05-12,13454.75,13494.75,13310.0,13369.5,845326,4973
2023-05-14,13379.25,13379.75,13356.0,13366.25,9405,4973
2023-05-15,13366.0,13479.0,13350.0,13458.25,716792,4973
2023-05-16,13457.75,13554.25,13426.25,13499.5,788738,4973
2023-05-17,13500.0,13669.25,13474.0,13643.25,801314,4973
2023-05-18,13643.25,13960.5,13628.25,13929.5,987607,4973
2023-05-19,13930.0,13942.75,13814.25,13841.5,891558,4973
2023-05-21,13813.75,13857.5,13794.25,13853.75,14495,4973
2023-05-22,13853.25,13952.5,13824.25,13943.25,778978,4973
2023-05-23,13943.0,13977.25,13711.0,13748.5,873396,4973
2023-05-24,13748.0,13884.0,13566.75,13847.25,1001267,4973
2023-05-25,13847.5,14031.5,13823.0,13965.25,1110885,4973
2023-05-26,13965.0,14372.5,13924.75,14371.25,969289,4973
2023-05-28,14418.25,14442.0,14401.25,14416.75,22516,4973
2023-05-29,14416.75,14446.0,14367.5,14386.25,157130,4973
2023-05-30,14386.5,14570.0,14336.25,14422.0,1054981,4973
2023-05-31,14422.75,14424.75,14252.5,14310.25,1030841,4973
2023-06-01,14310.5,14528.25,14248.0,14483.5,943814,4973
2023-06-02,14483.5,14627.75,14470.0,14586.75,952576,4973
2023-06-04,14582.75,14584.25,14522.0,14536.75,21442,4973
2023-06-05,14537.0,14695.25,14512.75,14566.0,944043,4973
2023-06-06,14566.0,14624.0,14505.0,14595.25,824938,4973
2023-06-07,14595.0,14675.5,14305.5,14330.5,1113838,4973
2023-06-08,14329.5,14527.0,14257.0,14500.25,954299,4973
2023-06-09,14501.25,14688.0,14460.25,14563.25,978527,4973
2023-06-11,14561.5,14610.0,14553.75,14591.5,11426,4973
2023-06-12,14592.25,14839.25,14577.5,14820.0,334690,4973
2023-06-13,14820.75,14968.25,14779.5,14921.0,314486,4973
2023-06-14,14920.25,15059.5,14793.0,15030.25,199102,4973
2023-06-15,15030.5,15252.0,14883.0,15174.5,149765,4973
2023-06-16,15174.5,15326.0,15130.25,15326.0,18976,4973
2023-06-18,15302.5,15321.75,15298.25,15303.25,15164,9235
2023-06-19,15302.5,15306.25,15230.5,15248.75,177272,9235
2023-06-20,15248.25,15310.25,15126.25,15262.0,870457,9235
2023-06-21,15261.0,15273.0,15002.5,15041.0,945047,9235
2023-06-22,15041.0,15238.0,14964.0,15221.75,992649,9235
2023-06-23,15222.25,15222.75,14984.75,15055.5,990944,9235
2023-06-25,15058.25,15104.25,15054.0,15100.75,15708,9235
2023-06-26,15100.5,15152.25,14853.5,14893.0,1034521,9235
2023-06-27,14892.75,15139.75,14863.0,15059.25,970816,9235
2023-06-28,15059.75,15218.75,15021.25,15172.25,1089350,9235
2023-06-29,15173.0,15202.75,15028.5,15116.75,985546,9235
2023-06-30,15116.5,15376.5,15099.75,15317.5,775035,9235
2023-07-02,15331.5,15362.5,15328.0,15351.0,13584,9235
2023-07-03,15350.75,15392.0,15307.5,15337.75,421601,9235
2023-07-04,15337.5,15368.25,15334.5,15340.5,80444,9235
2023-07-05,15341.25,15431.75,15255.25,15358.0,789002,9235
2023-07-06,15358.5,15359.5,15112.0,15226.5,956908,9235
2023-07-07,15226.0,15359.75,15172.0,15191.75,1033156,9235
2023-07-09,15195.75,15207.0,15151.75,15181.0,20549,9235
2023-07-10,15181.5,15219.75,15063.5,15192.5,1014991,9235
2023-07-11,15192.25,15280.75,15109.0,15264.75,932350,9235
2023-07-12,15264.25,15507.75,15254.5,15472.0,1076820,9235
2023-07-13,15471.75,15741.25,15470.0,15712.5,872642,9235
2023-07-14,15712.25,15857.5,15658.0,15692.5,981521,9235
2023-07-16,15690.25,15691.0,15661.0,15667.0,13431,9235
2023-07-17,15666.5,15886.75,15662.0,15818.25,792520,9235
2023-07-18,15819.0,16030.0,15733.5,15961.25,956874,9235
2023-07-19,15961.0,16062.5,15841.25,15857.0,1115438,9235
2023-07-20,15857.5,15904.5,15547.5,15580.0,1191172,9235
2023-07-21,15580.5,15719.5,15522.25,15555.0,1137510,9235
2023-07-23,15555.75,15571.0,15540.0,15549.25,13114,9235
2023-07-24,15549.25,15618.25,15484.5,15567.5,906067,9235
2023-07-25,15567.5,15739.5,15549.0,15637.75,855872,9235
2023-07-26,15638.0,15710.0,15515.0,15653.25,1084406,9235
2023-07-27,15653.25,15904.0,15512.5,15586.5,1357156,9235
2023-07-28,15587.5,15895.75,15546.5,15845.5,1139630,9235
2023-07-30,15849.5,15916.5,15840.5,15887.25,29975,9235
2023-07-31,15886.75,15905.0,15791.25,15860.25,892187,9235
2023-08-01,15860.5,15889.0,15684.0,15753.0,912500,9235
2023-08-02,15753.5,15790.0,15413.25,15492.0,1248943,9235
2023-08-03,15491.75,15552.25,15339.25,15481.25,1211975,9235
2023-08-04,15481.0,15610.25,15336.5,15365.0,1381380,9235
2023-08-06,15369.75,15403.0,15365.0,15401.5,20722,9235
2023-08-07,15401.75,15498.0,15334.5,15488.0,1052684,9235
2023-08-08,15487.75,15492.0,15216.25,15353.0,1059598,9235
2023-08-09,15353.0,15432.75,15145.0,15219.0,1122247,9235
2023-08-10,15218.5,15441.75,15136.0,15239.5,1457416,9235
2023-08-11,15240.0,15266.75,15037.25,15103.5,1121977,9235
2023-08-13,15105.0,15146.0,15100.25,15137.25,17293,9235
2023-08-14,15138.0,15316.25,15020.0,15301.25,1050707,9235
2023-08-15,15301.0,15335.0,15076.0,15121.75,1159317,9235
2023-08-16,15122.25,15165.5,14921.75,14930.25,1132624,9235
2023-08-17,14930.0,15018.0,14730.25,14754.75,1194853,9235
2023-08-18,14754.25,14802.75,14609.25,14744.0,1298702,9235
2023-08-20,14763.25,14788.0,14756.25,14779.0,17420,9235
2023-08-21,14778.75,15013.75,14720.5,14954.5,1100509,9235
2023-08-22,14954.5,15118.5,14931.0,14964.25,1137319,9235
2023-08-23,14964.5,15355.75,14958.0,15334.75,1043160,9235
2023-08-24,15334.75,15417.75,14816.75,14852.5,1506192,9235
2023-08-25,14852.5,15049.0,14752.75,14971.25,1568132,9235
2023-08-27,14991.75,15030.0,14982.5,15010.5,19305,9235
2023-08-28,15010.0,15126.75,14973.25,15096.5,1161111,9235
2023-08-29,15097.0,15443.25,15050.0,15434.75,1021565,9235
2023-08-30,15434.5,15524.5,15361.25,15502.75,1110876,9235
2023-08-31,15503.0,15606.75,15458.5,15536.25,1119514,9235
2023-09-01,15536.75,15661.25,15453.5,15512.25,1055045,9235
2023-09-03,15517.75,15526.5,15500.75,15516.5,8295,9235
2023-09-04,15516.5,15578.5,15511.0,15526.0,170177,9235
2023-09-05,15526.25,15587.0,15418.5,15521.75,996031,9235
2023-09-06,15522.0,15532.75,15310.5,15391.0,1021515,9235
2023-09-07,15390.25,15395.5,15157.5,15280.5,1159810,9235
2023-09-08,15280.75,15390.5,15222.75,15314.75,1019403,9235
2023-09-10,15308.0,15325.5,15298.25,15323.0,10358,9235
2023-09-11,15323.25,15498.0,15297.75,15460.75,449781,9235
2023-09-12,15460.25,15480.75,15289.5,15310.5,284530,9235
2023-09-13,15310.0,15424.25,15212.5,15384.25,238285,9235
2023-09-14,15384.25,15517.75,15336.75,15484.25,141591,9235
2023-09-15,15483.75,15524.0,15400.0,15421.5,17398,9235
2023-09-17,15383.75,15414.75,15379.0,15413.25,12706,34070
2023-09-18,15413.0,15460.75,15330.5,15424.5,974333,34070
2023-09-19,15424.5,15442.5,15248.5,15383.5,1052337,34070
2023-09-20,15383.5,15436.5,15108.75,15113.75,1192513,34070
2023-09-21,15113.0,15134.75,14838.5,14851.5,1252285,34070
2023-09-22,14851.5,15027.25,14835.75,14877.0,1121177,34070
2023-09-24,14879.0,14915.0,14878.0,14897.75,17283,34070
2023-09-25,14897.75,14956.0,14782.5,14932.0,1163021,34070
2023-09-26,14931.75,14933.0,14666.25,14739.25,1260619,34070
2023-09-27,14739.0,14821.25,14587.25,14774.5,1373234,34070
2023-09-28,14774.5,14948.0,14656.25,14867.5,1426395,34070
2023-09-29,14867.25,15060.75,14811.0,14892.0,1460046,34070
2023-10-01,14962.25,15007.25,14934.5,14953.0,36914,34070
2023-10-02,14953.0,15046.25,14824.75,14993.75,1533967,34070
2023-10-03,14994.0,15031.0,14651.5,14716.25,1496435,34070
2023-10-04,14716.5,14955.75,14589.25,14915.0,1522097,34070
2023-10-05,14914.25,14958.75,14716.0,14851.75,1355930,34070
2023-10-06,14851.75,15160.5,14660.25,15141.5,1570989,34070
2023-10-08,15076.0,15076.0,14990.5,15028.0,40390,34070
2023-10-09,15027.5,15212.75,14949.25,15199.25,1094368,34070
2023-10-10,15199.25,15383.5,15173.0,15287.5,1162108,34070
2023-10-11,15287.75,15417.5,15253.0,15415.25,1168248,34070
2023-10-12,15414.75,15469.5,15216.25,15330.0,1325399,34070
2023-10-13,15330.0,15367.0,15062.0,15106.75,1486930,34070
2023-10-15,15119.75,15166.25,15118.25,15166.25,24388,34070
2023-10-16,15166.25,15338.0,15083.0,15290.75,1199240,34070
2023-10-17,15290.25,15309.25,15050.0,15211.0,1308174,34070
2023-10-18,15210.0,15228.75,14979.0,15037.75,1575661,34070
2023-10-19,15037.75,15138.0,14821.0,14843.25,1982187,34070
2023-10-20,14843.25,14887.75,14645.0,14648.25,1452234,34070
2023-10-22,14678.75,14711.0,14662.5,14710.0,20883,34070
2023-10-23,14709.75,14854.25,14514.25,14762.75,1371427,34070
2023-10-24,14761.75,14950.0,14705.75,14815.25,1363224,34070
2023-10-25,14815.25,14817.0,14331.5,14350.25,1428851,34070
2023-10-26,14350.0,14459.25,14136.5,14314.75,1777672,34070
2023-10-27,14315.0,14407.5,14209.5,14271.0,1443312,34070
2023-10-29,14329.0,14345.75,14302.25,14331.75,24033,34070
2023-10-30,14332.0,14476.25,14306.25,14398.0,1178656,34070
2023-10-31,14398.0,14503.5,14311.25,14453.25,1251212,34070
2023-11-01,14453.0,14796.75,14411.0,14792.75,1297249,34070
2023-11-02,14793.0,15015.75,14776.75,14943.0,1045074,34070
2023-11-03,14943.5,15228.5,14931.25,15184.5,1068885,34070
2023-11-05,15187.0,15203.0,15172.5,15175.75,13583,34070
2023-11-06,15175.75,15257.5,15138.0,15208.75,850913,34070
2023-11-07,15208.75,15412.75,15175.75,15368.25,988328,34070
2023-11-08,15368.5,15417.75,15286.5,15358.0,941702,34070
2023-11-09,15358.0,15453.25,15223.75,15232.75,1245794,34070
2023-11-10,15232.75,15616.25,15207.0,15581.25,1080270,34070
2023-11-12,15585.75,15601.0,15548.5,15560.25,16388,34070
2023-11-13,15560.5,15589.5,15465.25,15558.5,862895,34070
2023-11-14,15558.5,15918.75,15551.75,15904.75,1019454,34070
2023-11-15,15905.0,16049.0,15832.0,15865.0,1081641,34070
2023-11-16,15864.75,15907.25,15797.75,15885.75,1061211,34070
2023-11-17,15885.75,15940.0,15824.5,15874.0,866242,34070
2023-11-19,15891.25,15903.75,15848.0,15863.75,14432,34070
2023-11-20,15864.25,16116.75,15837.5,16100.75,854343,34070
2023-11-21,16100.75,16122.5,15912.0,15954.25,868787,34070
2023-11-22,15954.5,16173.25,15942.75,16045.75,1061621,34070
2023-11-23,16045.75,16086.75,16038.75,16064.5,136610,34070
2023-11-24,16064.5,16071.5,15981.75,16010.75,404592,34070
2023-11-26,16008.5,16010.0,15982.75,15986.25,10014,34070
2023-11-27,15986.75,16089.0,15938.75,16009.75,906402,34070
2023-11-28,16010.0,16071.5,15945.0,16053.25,1040316,34070
2023-11-29,16053.0,16207.75,16013.5,16047.0,1040226,34070
2023-11-30,16047.25,16098.0,15855.75,15964.5,1142482,34070
2023-12-01,15963.75,16050.0,15864.5,16031.0,1117288,34070
2023-12-03,16021.75,16027.0,15988.25,15992.0,13232,34070
2023-12-04,15991.75,16003.25,15721.25,15849.5,1080010,34070
2023-12-05,15850.0,15961.75,15761.25,15928.0,1156588,34070
2023-12-06,15928.0,16039.0,15800.0,15816.5,1152932,34070
2023-12-07,15816.5,16065.75,15791.25,16020.0,1052414,34070
2023-12-08,16019.75,16119.0,15890.0,16092.5,1036141,34070
2023-12-10,16092.0,16114.0,16082.0,16104.5,11354,34070
2023-12-11,16104.0,16249.75,16044.5,16241.25,486398,34070
2023-12-12,16241.5,16401.25,16185.0,16396.5,315877,34070
2023-12-13,16396.25,16607.0,16365.25,16605.5,219313,34070
2023-12-14,16605.0,16674.5,16418.5,16550.5,148483,34070
2023-12-15,16550.0,16609.25,16530.0,16583.25,14409,34070
2023-12-17,16820.25,16838.0,16802.25,16823.75,10956,7101
2023-12-18,16823.75,16974.25,16808.25,16924.25,727902,7101
2023-12-19,16924.0,17034.25,16911.0,17027.75,769731,7101
2023-12-20,17027.75,17073.5,16757.25,16811.75,1067555,7101
2023-12-21,16811.75,16971.25,16800.5,16942.0,1121197,7101
2023-12-22,16942.0,17041.25,16891.5,16962.5,840213,7101
2023-12-25,16963.5,17011.5,16963.5,17004.0,11857,7101
2023-12-26,17004.0,17111.5,16985.0,17089.5,510632,7101
2023-12-27,17089.5,17132.25,17055.5,17121.75,682004,7101
2023-12-28,17121.5,17165.5,17078.0,17100.75,617242,7101
2023-12-29,17100.25,17130.5,16937.75,17004.0,820173,7101
2024-01-01,17018.75,17037.0,17013.75,17029.75,9741,7101
2024-01-02,17029.75,17038.5,16622.0,16724.5,1065562,7101
2024-01-03,16724.75,16729.5,16522.25,16549.5,1155662,7101
2024-01-04,16549.5,16587.25,16435.75,16456.5,965530,7101
2024-01-05,16456.75,16577.0,16334.25,16466.0,1092589,7101
2024-01-07,16472.25,16490.0,16458.25,16482.75,11697,7101
2024-01-08,16482.25,16811.5,16378.25,16785.25,874965,7101
2024-01-09,16785.0,16868.5,16658.5,16838.0,1023393,7101
2024-01-10,16838.0,16983.25,16801.75,16960.75,987282,7101
2024-01-11,16960.5,17056.0,16753.0,16951.75,1371361,7101
2024-01-12,16951.75,17042.5,16866.25,16955.0,1128013,7101
2024-01-14,16962.0,16963.75,16938.5,16945.25,8084,7101
2024-01-15,16945.5,17023.25,16933.0,16935.25,243943,7101
2024-01-16,16935.75,17034.0,16812.0,16979.25,1344840,7101
2024-01-17,16979.25,16981.25,16689.0,16853.75,1237527,7101
2024-01-18,16853.75,17152.0,16839.25,17148.75,1387266,7101
2024-01-19,17148.25,17472.0,17131.5,17463.25,1264752,7101
2024-01-21,17465.75,17501.5,17464.0,17483.75,19918,7101
2024-01-22,17484.25,17584.75,17434.25,17464.5,1151686,7101
2024-01-23,17464.25,17578.25,17409.25,17576.0,966692,7101
2024-01-24,17575.75,17794.0,17568.75,17617.0,1277785,7101
2024-01-25,17616.75,17752.0,17530.75,17542.5,1309961,7101
2024-01-26,17542.75,17631.25,17465.75,17504.75,1167053,7101
2024-01-28,17502.5,17507.5,17456.25,17479.75,17475,7101
2024-01-29,17480.0,17731.5,17479.0,17722.0,996454,7101
2024-01-30,17722.0,17735.75,17409.0,17448.25,1005954,7101
2024-01-31,17448.25,17483.75,17221.75,17282.5,1380660,7101
2024-02-01,17282.5,17645.5,17262.75,17593.5,1260888,7101
2024-02-02,17593.25,17775.5,17465.75,17686.0,1326684,7101
2024-02-04,17695.25,17723.5,17691.5,17707.5,13005,7101
2024-02-05,17708.0,17745.0,17553.75,17696.25,1051775,7101
2024-02-06,17696.5,17768.25,17560.75,17652.0,1224734,7101
2024-02-07,17652.0,17876.0,17629.5,17842.5,1138761,7101
2024-02-08,17842.25,17896.5,17791.5,17867.25,893582,7101
2024-02-09,17867.5,18071.0,17852.0,18037.75,882093,7101
2024-02-11,18039.25,18042.5,18003.25,18035.0,13940,7101
2024-02-12,18034.75,18121.5,17911.0,17937.25,954386,7101
2024-02-13,17938.0,17963.5,17546.25,17690.25,1478609,7101
2024-02-14,17690.25,17887.0,17669.25,17878.75,1281692,7101
2024-02-15,17879.0,17968.5,17780.25,17952.5,1222552,7101
2024-02-16,17952.0,18026.25,17713.75,17721.25,1363318,7101
2024-02-18,17728.5,17793.0,17725.25,17777.5,15228,7101
2024-02-19,17777.75,17807.25,17738.5,17748.25,246069,7101
2024-02-20,17747.75,17752.75,17452.5,17568.25,1476713,7101
2024-02-21,17568.75,17715.5,17373.0,17704.0,1397071,7101
2024-02-22,17703.5,18087.0,17702.5,18041.5,1304319,7101
2024-02-23,18041.0,18145.0,17946.0,17961.0,1260457,7101
2024-02-25,17962.75,17988.5,17941.25,17982.5,13466,7101
2024-02-26,17982.5,18059.75,17922.0,17963.0,1066193,7101
2024-02-27,17962.5,18040.5,17908.5,18005.0,1109837,7101
2024-02-28,18004.75,18017.25,17846.25,17869.75,1152283,7101
2024-02-29,17869.75,18109.0,17826.25,18059.5,1273737,7101
2024-03-01,18060.0,18372.5,18030.25,18321.5,1235163,7101
2024-03-03,18335.0,18365.75,18327.75,18343.5,23247,7101
2024-03-04,18344.0,18378.25,18217.5,18223.25,901814,7101
2024-03-05,18223.25,18238.5,17832.5,17962.5,1398473,7101
2024-03-06,17962.25,18174.25,17942.5,18018.5,1547786,7101
2024-03-07,18018.75,18360.0,17915.5,18266.25,1389270,7101
2024-03-08,18266.25,18436.25,18012.25,18055.25,1792166,7101
2024-03-10,18058.0,18060.25,17974.75,18042.75,38015,7101
2024-03-11,18042.25,18055.5,17890.0,18048.25,685102,7101
2024-03-12,18047.75,18242.0,17929.75,18230.75,490940,7101
2024-03-13,18230.5,18257.0,18033.75,18122.0,278177,7101
2024-03-14,18122.75,18178.25,17915.25,17990.0,200523,7101
2024-03-15,17990.25,18075.0,17856.0,17883.0,27589,7101
2024-03-17,18072.75,18103.5,18062.25,18079.0,27629,10
2024-03-18,18079.0,18380.75,18063.75,18191.5,1435618,10
2024-03-19,18192.25,18289.5,18053.25,18268.5,1395984,10
2024-03-20,18268.5,18589.25,18227.5,18578.75,1346603,10
2024-03-21,18578.75,18708.5,18552.25,18589.0,1403558,10
2024-03-22,18588.75,18626.0,18492.75,18564.0,1191059,10
2024-03-24,18566.75,18588.5,18552.5,18586.0,23763,10
2024-03-25,18586.0,18601.25,18415.0,18540.5,1064448,10
2024-03-26,18540.25,18618.75,18439.25,18489.25,1074177,10
2024-03-27,18489.0,18572.25,18378.5,18480.25,1236034,10
2024-03-28,18480.5,18539.25,18447.25,18465.25,1009571,10
2024-03-31,18500.0,18611.75,18496.0,18608.5,43897,10
2024-04-01,18608.5,18611.25,18414.5,18470.25,1191031,10
2024-04-02,18470.25,18514.0,18201.0,18328.5,1189659,10
2024-04-03,18328.5,18485.25,18232.75,18445.75,1293371,10
2024-04-04,18445.75,18568.25,18055.0,18091.5,1467765,10
2024-04-05,18091.5,18407.75,18043.5,18310.5,1727616,10
2024-04-07,18346.5,18373.5,18305.0,18319.0,29533,10
2024-04-08,18319.25,18377.5,18237.75,18301.75,1317558,10
2024-04-09,18301.5,18407.5,18160.25,18368.0,1614826,10
2024-04-10,18368.25,18470.0,18054.0,18158.5,1729210,10
2024-04-11,18159.0,18519.25,18085.0,18490.25,1551862,10
2024-04-12,18490.25,18507.75,18120.0,18171.5,1583047,10
2024-04-14,18151.75,18255.0,18147.5,18237.75,58351,10
2024-04-15,18238.0,18351.0,17841.5,17870.5,1626844,10
2024-04-16,17871.75,17988.0,17791.25,17935.75,1688897,10
2024-04-17,17936.0,17968.25,17616.0,17686.25,1767590,10
2024-04-18,17686.0,17771.0,17474.0,17489.5,1616746,10
2024-04-19,17489.5,17552.5,17113.75,17180.0,2047558,10
2024-04-21,17228.25,17273.0,17196.0,17270.0,33910,10
2024-04-22,17269.5,17448.0,17148.75,17322.5,1423719,10
2024-04-23,17322.5,17717.5,17292.0,17700.0,1288575,10
2024-04-24,17700.0,17795.75,17437.25,17462.25,1576996,10
2024-04-25,17463.5,17827.75,17308.0,17759.0,1731538,10
2024-04-26,17759.25,17901.25,17668.25,17837.0,1357564,10
2024-04-28,17864.5,17890.0,17852.5,17886.5,20108,10
2024-04-29,17886.5,17949.0,17791.25,17909.5,1130841,10
2024-04-30,17908.75,17921.0,17453.75,17507.5,1432547,10
2024-05-01,17507.75,17791.75,17399.0,17530.25,1607769,10
2024-05-02,17530.0,17808.0,17386.0,17754.0,1479271,10
2024-05-03,17754.25,18050.0,17719.0,18027.75,1136067,10
2024-05-05,18046.75,18063.25,18000.5,18004.5,19736,10
2024-05-06,18005.0,18201.75,17983.75,18184.0,877315,10
2024-05-07,18184.0,18267.75,18150.75,18204.5,961252,10
2024-05-08,18204.75,18242.25,18072.5,18162.0,969665,10
2024-05-09,18161.75,18245.5,18104.25,18231.5,988655,10
2024-05-10,18232.0,18348.0,18188.25,18239.75,1007969,10
2024-05-12,18237.5,18254.75,18229.0,18245.75,11003,10
2024-05-13,18245.75,18336.75,18234.75,18284.0,831264,10
2024-05-14,18284.0,18433.75,18167.5,18417.25,1096276,10
2024-05-15,18417.0,18728.0,18392.75,18721.25,1147679,10
2024-05-16,18721.25,18760.75,18633.0,18651.5,1023080,10
2024-05-17,18651.5,18686.5,18545.0,18634.0,904112,10
2024-05-19,18633.75,18671.25,18631.5,18667.25,12406,10
2024-05-20,18667.5,18794.5,18635.25,18752.0,809057,10
2024-05-21,18752.0,18815.75,18678.0,18813.75,797147,10
2024-05-22,18813.5,18892.0,18684.0,18875.0,1013169,10
2024-05-23,18875.0,19022.5,18621.5,18701.25,1542987,10
2024-05-24,18700.25,18926.0,18683.0,18871.75,985836,10
2024-05-26,18875.0,18886.75,18836.25,18836.5,15449,10
2024-05-27,18837.0,18957.25,18834.0,18908.25,169466,10
2024-05-28,18907.5,18980.5,18819.5,18930.0,1065688,10
2024-05-29,18929.5,18934.75,18704.0,18723.5,1126105,10
2024-05-30,18723.25,18787.0,18548.0,18559.0,1233093,10
2024-05-31,18558.5,18668.0,18241.25,18571.75,1598950,10
2024-06-02,18589.25,18599.0,18539.0,18592.0,30389,10
2024-06-03,18592.0,18755.5,18436.0,18650.5,1408107,10
2024-06-04,18650.25,18753.25,18511.25,18737.75,1364655,10
2024-06-05,18737.75,19108.25,18703.0,19091.25,1125838,10
2024-06-06,19091.25,19124.25,19017.75,19075.0,1099999,10
2024-06-07,19075.25,19155.25,18940.0,19031.0,1234180,10
2024-06-09,19026.25,19060.0,19008.75,19027.0,21540,10
2024-06-10,19027.25,19129.75,18973.25,19084.75,1079243,10
2024-06-11,19084.5,19269.75,18994.75,19256.75,1056892,10
2024-06-12,19256.5,19612.0,19238.0,19600.25,1242275,10
2024-06-13,19600.25,19690.0,19500.0,19618.5,1255595,10
2024-06-14,19618.75,19700.0,19501.5,19696.25,1252554,10
2024-06-16,19696.0,19725.5,19670.0,19711.5,14127,10
2024-06-17,19711.75,20001.0,19640.25,19932.75,485235,10
2024-06-18,19933.0,19995.0,19851.75,19945.75,248762,10
2024-06-19,19946.0,19976.5,19931.5,19959.75,38576,10
2024-06-20,19959.75,20095.25,19693.75,19802.0,171853,10
2024-06-21,19801.5,19821.25,19685.75,19770.0,16604,10
2024-06-23,20014.25,20030.0,20002.5,20008.25,16336,13941
2024-06-24,20008.5,20030.0,19728.0,19771.75,1434320,13941
2024-06-25,19771.5,19988.75,19725.25,19965.75,1215629,13941
2024-06-26,19966.75,20070.5,19901.0,19918.75,1299178,13941
2024-06-27,19918.5,20116.5,19873.5,20095.5,1302614,13941
2024-06-28,20095.75,20273.25,19906.0,19967.0,1536268,13941
2024-06-30,19971.25,19985.0,19934.25,19946.0,34607,13941
2024-07-01,19946.0,20074.0,19811.5,20019.0,1479056,13941
2024-07-02,20019.5,20259.5,19909.75,20237.75,1383904,13941
2024-07-03,20237.75,20435.5,20205.0,20402.25,861065,13941
2024-07-04,20402.25,20417.5,20361.0,20390.5,131300,13941
2024-07-05,20390.75,20639.75,20380.75,20590.25,1106548,13941
2024-07-07,20591.0,20618.25,20581.25,20590.5,21209,13941
2024-07-08,20590.5,20740.0,20579.25,20738.25,1071071,13941
2024-07-09,20738.0,20771.75,20616.0,20697.5,1214506,13941
2024-07-10,20697.25,20917.5,20696.0,20881.25,1065360,13941
2024-07-11,20881.25,20983.5,20376.25,20414.5,1808345,13941
2024-07-12,20415.0,20741.0,20332.25,20539.75,1386003,13941
2024-07-14,20578.75,20592.25,20506.25,20560.0,34322,13941
2024-07-15,20560.0,20796.5,20506.25,20631.75,1450767,13941
2024-07-16,20632.0,20684.0,20464.0,20565.25,1429056,13941
2024-07-17,20565.25,20579.25,19965.75,20058.5,1786083,13941
2024-07-18,20057.5,20162.75,19758.75,19945.75,1992438,13941
2024-07-19,19945.75,19979.5,19654.0,19701.5,1781877,13941
2024-07-21,19747.75,19841.25,19727.0,19816.75,48485,13941
2024-07-22,19816.75,20044.25,19718.75,19954.5,1666430,13941
2024-07-23,19955.0,20085.0,19786.0,19792.5,1582832,13941
2024-07-24,19793.0,19838.0,19166.5,19271.25,1793218,13941
2024-07-25,19271.0,19390.5,18883.5,19023.5,2462465,13941
2024-07-26,19023.5,19299.0,19018.25,19175.75,1795493,13941
2024-07-28,19172.75,19253.75,19168.0,19241.5,29997,13941
2024-07-29,19242.0,19377.25,19113.0,19133.0,1725706,13941
2024-07-30,19132.75,19319.25,18726.75,19060.75,2014946,13941
2024-07-31,19060.5,19686.75,19014.25,19674.25,1841268,13941
2024-08-01,19674.5,19716.75,18841.25,18913.5,2304027,13941
2024-08-02,18914.0,18934.25,18385.75,18509.75,2332848,13941
2024-08-04,18391.75,18394.0,18214.25,18264.5,105869,13941
2024-08-05,18263.25,18289.25,17346.0,18286.0,3357554,13941
2024-08-06,18287.25,18483.0,17961.25,18057.0,2077756,13941
2024-08-07,18056.75,18558.5,17745.0,17845.0,2156629,13941
2024-08-08,17846.5,18617.25,17825.25,18602.0,1810713,13941
2024-08-09,18601.25,18674.75,18383.0,18602.75,1563887,13941
2024-08-11,18591.75,18658.5,18514.5,18628.0,61403,13941
2024-08-12,18628.25,18765.5,18524.0,18654.75,1434620,13941
2024-08-13,18654.5,19124.75,18636.75,19116.75,1204489,13941
2024-08-14,19117.0,19203.75,18925.5,19107.0,1402368,13941
2024-08-15,19106.75,19640.75,19104.5,19614.0,1198651,13941
2024-08-16,19614.0,19683.0,19445.25,19604.5,1106810,13941
2024-08-18,19628.25,19674.25,19613.75,19648.5,36020,13941
2024-08-19,19648.75,19880.5,19525.0,19861.0,1082663,13941
2024-08-20,19860.75,19930.75,19743.0,19790.0,1144526,13941
2024-08-21,19790.0,19982.0,19771.25,19936.5,1253636,13941
2024-08-22,19936.25,20025.75,19542.0,19638.75,1526853,13941
2024-08-23,19638.75,19903.25,19592.0,19777.75,1371734,13941
2024-08-25,19788.0,19831.25,19716.25,19763.0,41736,13941
2024-08-26,19763.25,19846.25,19506.5,19571.25,1239476,13941
2024-08-27,19571.25,19694.5,19441.75,19587.0,1166174,13941
2024-08-28,19587.75,19690.0,19139.0,19192.75,1430519,13941
2024-08-29,19193.25,19692.0,19191.0,19430.0,1653321,13941
2024-08-30,19430.5,19633.0,19370.0,19594.0,1301060,13941
2024-09-01,19600.0,19626.25,19569.0,19586.0,18762,13941
2024-09-02,19586.5,19683.0,19511.5,19580.5,305867,13941
2024-09-03,19580.75,19644.75,18911.0,18957.5,1497840,13941
2024-09-04,18958.0,19115.0,18824.25,18932.75,1490936,13941
2024-09-05,18931.25,19150.25,18828.0,18912.5,1473650,13941
2024-09-06,18911.5,18972.5,18337.25,18377.5,1773452,13941
2024-09-08,18399.5,18462.25,18386.75,18446.5,46615,13941
2024-09-09,18447.5,18742.0,18441.5,18713.0,1365449,13941
2024-09-10,18713.0,18876.75,18582.5,18837.0,1449394,13941
2024-09-11,18837.5,19293.5,18547.75,19244.25,1792529,13941
2024-09-12,19244.5,19483.25,19185.25,19452.5,1502943,13941
2024-09-13,19452.75,19577.0,19396.0,19504.0,1031966,13941
2024-09-15,19498.25,19546.75,19478.5,19538.5,21784,13941
2024-09-16,19539.0,19544.0,19299.0,19442.75,608895,13941
2024-09-17,19441.5,19615.5,19341.25,19469.0,350244,13941
2024-09-18,19470.0,19663.75,19330.25,19531.5,265154,13941
2024-09-19,19530.75,19967.0,19445.25,19815.0,161948,13941
2024-09-20,19811.5,19839.75,19746.75,19820.5,14700,13941
2024-09-22,20039.0,20066.5,19996.25,20062.25,24762,42008411
2024-09-23,20063.0,20164.0,19955.0,20068.5,1085822,42008411
2024-09-24,20068.5,20214.75,19952.0,20179.75,1144876,42008411
2024-09-25,20180.0,20284.25,20063.75,20277.75,1044876,42008411
2024-09-26,20277.25,20537.75,20188.0,20344.0,1307059,42008411
2024-09-27,20343.75,20396.0,20173.0,20194.0,1202659,42008411
2024-09-29,20198.25,20282.0,20157.5,20273.0,33661,42008411
2024-09-30,20273.75,20286.75,20057.5,20248.0,1297452,42008411
2024-10-01,20247.0,20331.5,19818.0,19933.0,1637454,42008411
2024-10-02,19933.0,20089.5,19833.5,20055.25,1345464,42008411
2024-10-03,20055.5,20115.0,19851.0,19983.5,1420078,42008411
2024-10-04,19983.0,20263.0,19948.25,20203.75,1440561,42008411
2024-10-06,20219.0,20268.0,20216.0,20231.0,32418,42008411
2024-10-07,20230.75,20264.75,19902.5,19983.5,1256719,42008411
2024-10-08,19984.25,20329.5,19942.5,20273.5,1130248,42008411
2024-10-09,20274.0,20482.25,20195.5,20450.75,1076011,42008411
2024-10-10,20450.5,20508.0,20301.25,20452.0,1109577,42008411
2024-10-11,20452.0,20494.5,20313.25,20412.25,976447,42008411
2024-10-13,20433.75,20450.5,20406.25,20427.0,22379,42008411
2024-10-14,20426.75,20680.0,20382.5,20631.75,862260,42008411
2024-10-15,20631.5,20659.25,20254.0,20351.75,1228922,42008411
2024-10-16,20352.0,20397.5,20205.25,20313.75,1069660,42008411
2024-10-17,20313.25,20594.5,20276.75,20405.0,1333693,42008411
2024-10-18,20405.0,20532.0,20321.0,20484.25,979606,42008411
2024-10-20,20495.75,20526.0,20494.0,20513.5,18703,42008411
2024-10-21,20514.25,20554.25,20342.5,20515.75,1102199,42008411
2024-10-22,20516.25,20602.0,20360.25,20529.5,1164768,42008411
2024-10-23,20530.75,20542.5,20079.0,20290.0,1384462,42008411
2024-10-24,20290.0,20428.0,20260.5,20381.0,1157096,42008411
2024-10-25,20381.75,20707.5,20364.75,20477.25,1293860,42008411
2024-10-27,20524.0,20622.75,20522.0,20598.5,37739,42008411
2024-10-28,20598.5,20676.75,20486.0,20508.0,1085695,42008411
2024-10-29,20507.75,20763.5,20432.0,20748.0,1195777,42008411
2024-10-30,20748.5,20789.75,20422.25,20426.5,1260845,42008411
2024-10-31,20425.75,20463.5,20007.75,20074.0,1515129,42008411
2024-11-01,20074.5,20287.25,20017.75,20169.5,1332596,42008411
2024-11-03,20141.75,20158.0,20066.25,20135.0,30169,42008411
2024-11-04,20135.25,20249.0,20013.25,20088.25,1150262,42008411
2024-11-05,20087.5,20386.0,20041.75,20344.0,1077132,42008411
2024-11-06,20342.75,20935.75,20323.5,20891.0,1532575,42008411
2024-11-07,20891.0,21253.5,20860.75,21226.75,1036618,42008411
2024-11-08,21226.75,21266.5,21121.5,21227.25,959804,42008411
2024-11-10,21242.0,21311.5,21242.0,21304.25,22072,42008411
2024-11-11,21304.0,21340.5,21098.25,21216.25,1044265,42008411
2024-11-12,21215.5,21252.25,21054.75,21160.25,1189824,42008411
2024-11-13,21161.0,21268.75,21057.5,21166.25,1293249,42008411
2024-11-14,21166.5,21191.25,20937.0,20949.75,1330898,42008411
2024-11-15,20949.5,20956.5,20405.25,20503.75,1486088,42008411
2024-11-17,20504.75,20568.75,20476.25,20568.5,25335,42008411
2024-11-18,20567.5,20724.5,20481.75,20622.5,1226901,42008411
2024-11-19,20622.75,20792.5,20382.0,20783.25,1271325,42008411
2024-11-20,20783.0,20843.5,20477.25,20752.75,1464292,42008411
2024-11-21,20754.0,20907.0,20514.0,20773.75,1733931,42008411
2024-11-22,20774.25,20880.5,20693.0,20878.5,1436326,42008411
2024-11-24,20909.0,20954.75,20908.0,20935.75,20704,42008411
2024-11-25,20936.5,21081.25,20780.25,20834.25,1323488,42008411
2024-11-26,20834.75,21025.0,20755.25,20985.75,1262745,42008411
2024-11-27,20986.0,21019.25,20675.0,20823.25,1219710,42008411
2024-11-28,20823.5,20909.5,20823.0,20887.75,179258,42008411
2024-11-29,20887.75,21018.0,20805.75,20991.5,681244,42008411
2024-12-01,20994.5,21003.5,20952.75,20964.5,23847,42008411
2024-12-02,20965.25,21259.5,20939.75,21213.75,1094599,42008411
2024-12-03,21214.75,21336.25,21134.75,21332.75,1015003,42008411
2024-12-04,21333.0,21550.0,21316.0,21510.25,970188,42008411
2024-12-05,21510.25,21567.75,21424.0,21455.75,935398,42008411
2024-12-06,21455.25,21669.5,21439.0,21634.0,1001042,42008411
2024-12-08,21648.75,21670.75,21626.5,21657.75,17773,42008411
2024-12-09,21657.5,21706.5,21437.0,21465.5,1105553,42008411
2024-12-10,21465.0,21606.75,21352.75,21428.5,1206058,42008411
2024-12-11,21428.0,21819.75,21405.75,21758.25,1091334,42008411
2024-12-12,21758.25,21772.75,21602.25,21744.5,1153886,42008411
2024-12-13,21744.75,21908.0,21666.75,21760.5,1287516,42008411
2024-12-15,21785.25,21800.5,21762.25,21789.25,12569,42008411
2024-12-16,21789.75,22152.5,21783.25,22099.0,579734,42008411
2024-12-17,22099.5,22125.0,21901.0,21971.25,446501,42008411
2024-12-18,21970.25,22083.5,21032.25,21199.0,335877,42008411
2024-12-19,21203.0,21424.0,21077.5,21106.25,202155,42008411
2024-12-20,21106.25,21120.0,20745.75,20982.0,21284,42008411
2024-12-22,21566.5,21683.25,21565.25,21656.25,29134,42003617
2024-12-23,21657.0,21777.0,21476.0,21737.25,1449589,42003617
2024-12-24,21737.25,22050.0,21708.5,22046.25,636261,42003617
2024-12-25,22050.0,22085.0,22046.5,22060.0,15394,42003617
2024-12-26,22059.25,22111.0,21870.5,22005.75,1051431,42003617
2024-12-27,22006.0,22008.75,21498.25,21720.25,1410844,42003617
2024-12-29,21710.75,21742.5,21669.75,21702.5,29266,42003617
2024-12-30,21701.75,21721.75,21252.75,21391.25,1378059,42003617
2024-12-31,21391.25,21524.75,21181.75,21235.0,1354050,42003617
2025-01-01,21273.25,21320.0,21243.75,21267.5,24545,42003617
2025-01-02,21267.5,21490.75,20983.25,21163.25,1971743,42003617
2025-01-03,21163.75,21559.25,21153.25,21490.25,1331923,42003617
2025-01-05,21532.0,21543.0,21502.0,21525.25,21797,42003617
2025-01-06,21525.75,21897.0,21478.75,21771.25,1493626,42003617
2025-01-07,21771.25,21806.25,21279.5,21393.0,1828907,42003617
2025-01-08,21392.25,21448.25,21166.0,21315.25,1843602,42003617
2025-01-09,21315.25,21347.0,21211.5,21238.0,292931,42003617
2025-01-10,21238.25,21372.5,20874.75,20996.25,2119763,42003617
2025-01-12,21027.5,21028.75,20942.75,21000.25,31658,42003617
2025-01-13,20999.5,21088.75,20693.5,21045.5,1904794,42003617
2025-01-14,21046.0,21143.75,20773.25,20948.0,1847329,42003617
2025-01-15,20948.0,21452.75,20908.75,21415.5,1498112,42003617
2025-01-16,21415.0,21566.75,21171.75,21234.5,1643982,42003617
2025-01-17,21234.5,21680.0,21226.75,21590.25,1489486,42003617
2025-01-19,21601.0,21618.75,21527.25,21545.25,30640,42003617
2025-01-20,21546.0,21780.0,21535.5,21732.0,601787,42003617
2025-01-21,21732.5,21820.0,21370.25,21809.5,1490400,42003617
2025-01-22,21809.75,22094.0,21804.25,21965.5,1184012,42003617
2025-01-23,21965.5,22051.25,21855.5,22010.75,1170782,42003617
2025-01-24,22011.25,22078.0,21843.25,21908.5,1264390,42003617
2025-01-26,21773.75,21774.0,21632.25,21666.0,60142,42003617
2025-01-27,21665.75,21673.25,20763.75,21327.5,2597740,42003617
2025-01-28,21327.25,21626.0,21160.75,21545.5,1797397,42003617
2025-01-29,21547.25,21697.25,21368.0,21538.5,1829669,42003617
2025-01-30,21538.5,21748.75,21419.0,21698.5,1810096,42003617
2025-01-31,21698.25,21965.75,21531.5,21571.25,1773042,42003617
2025-02-02,21280.25,21280.25,20940.25,21113.25,111165,42003617
2025-02-03,21113.25,21600.0,20975.5,21571.5,2217470,42003617
2025-02-04,21571.25,21694.75,21240.75,21567.25,1416163,42003617
2025-02-05,21567.5,21795.5,21429.0,21773.75,1322878,42003617
2025-02-06,21772.75,21882.0,21706.0,21854.0,1248119,42003617
2025-02-07,21853.25,21967.75,21553.0,21575.5,1560983,42003617
2025-02-09,21464.75,21656.5,21415.0,21646.5,46923,42003617
2025-02-10,21645.25,21893.75,21642.0,21795.25,987726,42003617
2025-02-11,21795.5,21871.25,21669.5,21811.0,1124964,42003617
2025-02-12,21810.5,21898.75,21510.0,21888.25,1421501,42003617
2025-02-13,21888.0,22123.75,21752.75,22084.5,1449042,42003617
2025-02-14,22084.75,22224.0,22042.5,22203.0,1121155,42003617
2025-02-16,22238.0,22240.0,22196.0,22211.5,21625,42003617
2025-02-17,22211.0,22281.75,22192.0,22220.5,307959,42003617
2025-02-18,22220.25,22320.0,22103.0,22250.5,1141723,42003617
2025-02-19,22249.5,22299.75,22118.0,22217.5,1141237,42003617
2025-02-20,22217.75,22229.5,21950.75,22161.5,1323631,42003617
2025-02-21,22161.0,22245.75,21652.25,21659.5,1627720,42003617
2025-02-23,21700.75,21775.0,21677.75,21758.0,40291,42003617
2025-02-24,21758.0,21813.0,21366.5,21385.25,1736908,42003617
2025-02-25,21385.5,21452.0,20990.5,21225.5,2152082,42003617
2025-02-26,21225.25,21409.75,21064.75,21213.0,1797701,42003617
2025-02-27,21212.5,21386.5,20582.5,20674.0,2519885,42003617
2025-02-28,20673.0,20944.25,20460.25,20910.0,2411243,42003617
2025-03-02,21000.0,21036.0,20949.0,20968.75,48663,42003617
2025-03-03,20968.5,21120.75,20317.5,20514.5,2456559,42003617
2025-03-04,20514.75,20733.0,20075.75,20579.0,2639372,42003617
2025-03-05,20578.0,20725.5,20215.0,20605.5,2421789,42003617
2025-03-06,20605.0,20648.5,20002.75,20187.0,2423929,42003617
2025-03-07,20187.0,20286.75,19766.0,20207.0,2657460,42003617
2025-03-09,20149.5,20149.5,19933.0,20034.0,94702,42003617
2025-03-10,20033.75,20156.0,19228.75,19304.25,2632611,42003617
2025-03-11,19304.5,19687.5,19140.0,19477.25,2950560,42003617
2025-03-12,19478.0,19788.75,19387.0,19684.25,2396283,42003617
2025-03-13,19684.25,19693.75,19165.5,19359.25,2636475,42003617
2025-03-14,19358.75,19742.75,19334.5,19666.75,2014764,42003617
2025-03-16,19669.5,19687.5,19551.0,19585.0,58500,42003617
2025-03-17,19583.75,19959.25,19554.5,19821.0,999276,42003617
2025-03-18,19821.5,19828.75,19401.0,19504.0,657827,42003617
2025-03-19,19505.75,19935.75,19455.5,19824.0,396437,42003617
2025-03-20,19824.0,19898.5,19530.5,19684.75,254915,42003617
2025-03-21,19677.5,19728.75,19380.0,19458.0,21925,42003617
2025-03-23,20052.25,20114.5,20048.0,20108.0,53446,42009475
2025-03-24,20108.25,20409.25,20096.25,20354.5,1286119,42009475
2025-03-25,20355.0,20534.25,20292.0,20523.75,1258833,42009475
2025-03-26,20523.5,20536.75,20003.0,20058.75,1647873,42009475
2025-03-27,20059.25,20199.0,19937.75,19965.25,1863417,42009475
2025-03-28,19964.75,20008.75,19360.75,19362.25,1905307,42009475
2025-03-30,19317.75,19365.0,19215.0,19257.75,82902,42009475
2025-03-31,19256.5,19489.5,18976.75,19359.0,2138368,42009475
2025-04-01,19359.0,19693.25,19261.25,19644.0,2244772,42009475
2025-04-02,19643.75,20045.25,18817.5,18880.25,2575408,42009475
2025-04-03,18879.0,19176.75,18591.25,18654.25,2346504,42009475
2025-04-04,18654.25,18713.25,17387.0,17486.25,3254605,42009475
2025-04-06,17126.25,17126.25,16452.5,16720.75,217142,42009475
2025-04-07,16721.0,18360.25,16480.25,17765.0,3373454,42009475
2025-04-08,17763.5,18357.25,16870.25,16992.5,2963209,42009475
2025-04-09,16992.0,19388.0,16735.0,19313.25,2999048,42009475
2025-04-10,19312.75,19336.25,17918.25,18356.75,2874606,42009475
2025-04-11,18355.25,18873.25,18071.75,18819.0,2395450,42009475
2025-04-13,19163.75,19253.0,18924.75,19013.0,108558,42009475
2025-04-14,19013.25,19255.75,18738.5,18850.25,2127400,42009475
2025-04-15,18849.25,19144.75,18692.5,18728.25,1832001,42009475
2025-04-16,18728.25,18861.0,18116.25,18402.5,2173878,42009475
2025-04-17,18402.5,18652.0,18261.25,18430.0,1981651,42009475
2025-04-20,18307.5,18384.75,18220.0,18314.25,53523,42009475
2025-04-21,18314.0,18374.0,17700.0,18003.25,1603867,42009475
2025-04-22,18002.75,18801.25,17949.25,18761.25,1941582,42009475
2025-04-23,18761.5,19165.75,18624.25,18839.5,2072018,42009475
2025-04-24,18839.25,19436.0,18595.0,19412.5,1893433,42009475
2025-04-25,19412.75,19590.0,19215.25,19554.75,1930628,42009475
2025-04-27,19524.5,19526.75,19435.0,19454.25,60061,42009475
2025-04-28,19454.0,19622.75,19257.75,19528.5,1673915,42009475
2025-04-29,19528.5,19692.5,19379.25,19563.25,1624751,42009475
2025-04-30,19563.25,19936.0,19102.25,19917.0,2051058,42009475
2025-05-01,19917.75,20125.25,19748.25,19790.25,1730501,42009475
2025-05-02,19791.25,20277.0,19754.5,20200.5,1607093,42009475
2025-05-04,20182.0,20200.0,20052.75,20085.25,58079,42009475
2025-05-05,20085.25,20191.25,19966.25,20008.5,1302402,42009475
2025-05-06,20009.0,20136.25,19738.25,20067.5,1721228,42009475
2025-05-07,20067.0,20107.0,19678.5,19952.25,1763972,42009475
2025-05-08,19952.5,20337.5,19925.25,20139.25,1781616,42009475
2025-05-09,20138.75,20290.0,20057.5,20146.5,1407879,42009475
2025-05-11,20373.75,20502.75,20373.75,20453.0,93493,42009475
2025-05-12,20452.25,20996.0,20441.5,20908.5,1707546,42009475
2025-05-13,20908.5,21347.0,20818.25,21292.25,1392841,42009475
2025-05-14,21292.5,21419.75,21237.0,21375.5,1423948,42009475
2025-05-15,21374.75,21529.75,21192.25,21414.75,1371173,42009475
2025-05-16,21415.0,21513.0,21320.0,21404.25,1111195,42009475
2025-05-18,21313.5,21417.5,21286.5,21381.5,63721,42009475
2025-05-19,21381.75,21561.0,21112.25,21539.75,1358500,42009475
2025-05-20,21539.0,21562.25,21298.0,21431.75,1226689,42009475
2025-05-21,21431.75,21558.5,21071.75,21147.25,1690053,42009475
2025-05-22,21147.0,21337.75,21039.25,21178.75,1448076,42009475
2025-05-23,21179.5,21231.5,20727.5,20953.25,1580397,42009475
2025-05-25,20978.75,21226.75,20955.25,21188.75,70236,42009475
2025-05-26,21188.5,21307.75,21167.0,21236.0,361931,42009475
2025-05-27,21236.0,21488.25,21142.0,21470.5,1145350,42009475
2025-05-28,21470.0,21776.0,21320.0,21766.0,1281251,42009475
2025-05-29,21766.25,21858.75,21301.0,21317.0,1603605,42009475
2025-05-30,21317.0,21433.25,21071.5,21369.0,1552911,42009475
2025-06-01,21304.5,21348.5,21276.75,21303.5,48386,42009475
2025-06-02,21303.75,21576.75,21163.0,21494.75,1175342,42009475
2025-06-03,21495.75,21759.75,21398.25,21705.25,1125347,42009475
2025-06-04,21705.5,21802.75,21641.0,21741.25,1119754,42009475
2025-06-05,21742.0,21936.25,21471.0,21546.0,1629071,42009475
2025-06-06,21545.25,21880.0,21544.0,21809.75,1177087,42009475
2025-06-08,21799.25,21821.0,21726.75,21761.75,50546,42009475
2025-06-09,21762.5,21892.5,21716.5,21832.0,957234,42009475
2025-06-10,21833.0,22002.0,21732.0,21954.75,1264531,42009475
2025-06-11,21954.25,22094.0,21790.25,21838.5,1520869,42009475
2025-06-12,21838.25,21977.5,21716.5,21784.0,1239741,42009475
2025-06-13,21785.0,21855.75,21470.5,21654.0,1632670,42009475
2025-06-15,21566.5,21702.25,21505.0,21687.25,44346,42009475
2025-06-16,21687.25,21996.5,21659.75,21791.5,393748,42009475
2025-06-17,21792.25,21907.75,21639.5,21680.5,305999,42009475
2025-06-18,21680.75,21872.75,21660.0,21723.75,196410,42009475
2025-06-19,21724.0,21726.25,21433.5,21669.75,53933,42009475
2025-06-20,21667.75,21899.0,21630.0,21855.5,13645,42009475
2025-06-22,21648.25,21786.0,21562.0,21760.75,86952,42003472
2025-06-23,21760.75,22256.25,21707.25,22236.25,1568350,42003472
2025-06-24,22237.0,22447.75,22194.0,22424.25,1082482,42003472
2025-06-25,22425.0,22548.25,22388.25,22465.0,1041493,42003472
2025-06-26,22464.75,22711.25,22456.5,22677.75,1013688,42003472
2025-06-27,22678.0,22823.75,22600.0,22740.25,1194515,42003472
2025-06-29,22751.25,22847.0,22750.0,22817.25,51050,42003472
2025-06-30,22818.0,22934.0,22780.0,22881.5,1111997,42003472
2025-07-01,22881.5,22915.0,22593.75,22708.25,1296745,42003472
2025-07-02,22709.25,22863.0,22584.75,22848.5,997531,42003472
2025-07-03,22848.0,23101.25,22827.0,23034.75,663741,42003472
2025-07-04,23034.75,23049.75,22881.25,22904.5,259377,42003472
2025-07-06,22968.5,23027.25,22943.0,22983.75,50466,42003472
2025-07-07,22984.5,23002.75,22780.25,22874.0,1239555,42003472
2025-07-08,22873.5,22972.0,22841.0,22901.25,1082379,42003472
2025-07-09,22901.0,23111.25,22843.25,23035.0,1125116,42003472
2025-07-10,23034.5,23089.75,22901.0,23044.5,1043502,42003472
2025-07-11,23044.5,23046.25,22830.75,22937.25,1179412,42003472
2025-07-13,22864.5,22889.25,22802.25,22866.5,66376,42003472
2025-07-14,22867.0,23067.75,22805.0,23011.5,972320,42003472
2025-07-15,23012.0,23222.75,22973.75,23014.25,1378190,42003472
2025-07-16,23014.25,23100.0,22835.75,23040.5,1368560,42003472
2025-07-17,23040.5,23288.5,23017.0,23280.25,1036407,42003472
2025-07-18,23280.5,23320.5,23170.0,23228.75,1010570,42003472
2025-07-20,23240.0,23262.5,23204.5,23260.0,31852,42003472
2025-07-21,23260.25,23425.0,23223.5,23346.5,934499,42003472
2025-07-22,23346.5,23367.75,23105.0,23261.75,1254724,42003472
2025-07-23,23262.0,23416.5,23142.5,23401.0,1223925,42003472
2025-07-24,23400.5,23425.0,23298.5,23406.25,1027491,42003472
2025-07-25,23406.5,23477.0,23330.25,23447.25,880968,42003472
2025-07-27,23516.0,23557.5,23504.75,23534.25,47107,42003472
2025-07-28,23534.0,23585.0,23437.0,23528.5,919515,42003472
2025-07-29,23528.5,23652.25,23422.0,23474.75,1132886,42003472
2025-07-30,23474.5,23740.75,23355.0,23725.0,1231612,42003472
2025-07-31,23725.0,23848.0,23241.75,23297.5,1771854,42003472
2025-08-01,23298.25,23343.0,22788.25,22869.0,1851172,42003472
2025-08-03,22850.5,22931.5,22822.0,22927.0,67473,42003472
2025-08-04,22927.0,23363.25,22916.75,23334.0,1183668,42003472
2025-08-05,23334.0,23404.25,23045.25,23052.75,1536156,42003472
2025-08-06,23052.75,23480.0,23049.0,23451.5,1362020,42003472
2025-08-07,23451.75,23671.25,23330.0,23540.0,1607016,42003472
2025-08-08,23539.75,23768.5,23503.25,23767.25,1075465,42003472
2025-08-10,23767.25,23770.0,23701.25,23707.75,38803,42003472
2025-08-11,23707.0,23804.5,23587.0,23636.75,1075753,42003472
2025-08-12,23636.0,23966.5,23596.0,23960.5,1180894,42003472
2025-08-13,23959.75,24069.0,23886.0,23949.25,1104161,42003472
2025-08-14,23949.5,24005.5,23793.25,23888.75,1187173,42003472
2025-08-15,23889.25,23962.75,23734.75,23796.5,1120802,42003472
2025-08-17,23795.0,23860.25,23792.0,23851.0,28395,42003472
2025-08-18,23849.75,23882.0,23718.75,23804.75,1004013,42003472
2025-08-19,23805.0,23806.0,23413.5,23422.0,1411472,42003472
2025-08-20,23422.75,23452.0,23035.25,23319.5,1741717,42003472
2025-08-21,23319.25,23369.5,23119.5,23248.0,1587420,42003472
2025-08-22,23249.0,23650.0,23074.25,23582.75,1502108,42003472
2025-08-24,23600.0,23610.0,23545.0,23574.5,42947,42003472
2025-08-25,23575.0,23616.75,23445.0,23496.5,1115468,42003472
2025-08-26,23496.25,23625.0,23371.25,23614.0,1259050,42003472
2025-08-27,23614.5,23685.0,23429.0,23508.25,1177712,42003472
2025-08-28,23508.25,23803.75,23486.75,23748.25,1345638,42003472
2025-08-29,23747.5,23755.75,23401.5,23454.5,1396698,42003472
2025-08-31,23478.5,23546.0,23464.25,23538.0,30949,42003472
2025-09-01,23538.5,23555.25,23371.5,23445.5,328668,42003472
2025-09-02,23445.5,23484.5,23025.0,23334.5,1753185,42003472
2025-09-03,23333.75,23526.0,23299.75,23438.0,1507347,42003472
2025-09-04,23438.0,23722.0,23410.0,23706.25,1295322,42003472
2025-09-05,23706.25,23902.5,23505.0,23673.0,1796810,42003472
2025-09-07,23676.5,23784.5,23650.5,23777.75,56629,42003472
2025-09-08,23778.0,23888.0,23726.25,23807.25,1218657,42003472
2025-09-09,23807.5,23918.0,23726.5,23885.75,1179729,42003472
2025-09-10,23885.5,24041.0,23785.0,23900.75,1330531,42003472
2025-09-11,23900.5,24048.75,23845.0,24019.25,1154219,42003472
2025-09-12,24019.75,24159.0,23968.75,24114.5,1007272,42003472
2025-09-14,24112.25,24129.75,24099.25,24111.0,16676,42003472
2025-09-15,24110.25,24315.75,24075.5,24305.0,495918,42003472
2025-09-16,24305.25,24403.75,24257.5,24304.5,221583,42003472
2025-09-17,24304.25,24345.0,24003.5,24341.0,251762,42003472
2025-09-18,24342.25,24569.25,24317.0,24496.0,153701,42003472
2025-09-19,24498.0,24625.5,24411.0,24566.0,14067,42003472
2025-09-21,24851.5,24867.5,24826.75,24851.25,26473,42001149
2025-09-22,24851.0,25027.25,24748.5,24997.5,1046933,42001149
2025-09-23,24997.75,25026.25,24779.25,24840.75,1251947,42001149
2025-09-24,24841.0,24913.25,24628.0,24755.75,1261912,42001149
2025-09-25,24756.25,24792.5,24422.0,24616.75,1811156,42001149
2025-09-26,24616.75,24747.25,24520.0,24727.5,1532976,42001149
2025-09-28,24727.25,24778.0,24723.75,24772.25,34522,42001149
2025-09-29,24772.25,24975.0,24764.5,24824.0,1261289,42001149
2025-09-30,24823.5,24913.75,24722.5,24830.25,1479656,42001149
2025-10-01,24830.75,25037.0,24633.75,25022.5,1328353,42001149
2025-10-02,25021.75,25180.0,24993.75,25124.25,1280707,42001149
2025-10-03,25124.25,25197.0,24923.0,24981.5,1365912,42001149
2025-10-05,24994.0,25087.25,24994.0,25066.75,40653,42001149
2025-10-06,25067.5,25253.0,25045.0,25142.0,1120280,42001149
2025-10-07,25141.75,25274.75,24985.25,25033.5,1487759,42001149
2025-10-08,25033.0,25393.0,25026.25,25379.0,1146038,42001149
2025-10-09,25379.25,25379.25,25160.75,25335.0,1397570,42001149
2025-10-10,25335.5,25388.0,24157.75,24188.25,2389195,42001149
2025-10-12,24482.0,24794.25,24482.0,24786.0,137703,42001149
2025-10-13,24786.75,24965.0,24724.5,24912.0,1864300,42001149
2025-10-14,24912.25,25044.5,24423.25,24773.0,2361646,42001149
2025-10-15,24772.5,25117.75,24663.5,24943.25,2120468,42001149
2025-10-16,24943.25,25179.75,24643.25,24760.0,2611799,42001149
2025-10-17,24759.5,25054.25,24410.25,25033.0,2495686,42001149
2025-10-19,25067.0,25100.0,24987.5,25012.25,58128,42001149
2025-10-20,25011.5,25355.0,24956.0,25323.75,1298481,42001149
2025-10-21,25323.5,25368.0,25203.0,25245.0,1379119,42001149
2025-10-22,25245.0,25338.5,24805.25,24996.5,2098205,42001149
2025-10-23,24996.25,25305.0,24933.25,25297.5,1526318,42001149
2025-10-24,25298.75,25569.0,25284.25,25510.25,1207669,42001149
2025-10-26,25698.5,25788.0,25698.5,25717.25,64071,42001149
2025-10-27,25717.0,26026.0,25707.5,25994.75,942446,42001149
2025-10-28,25994.25,26232.0,25942.25,26184.0,1144733,42001149
2025-10-29,26184.0,26378.5,26047.5,26235.75,1703756,42001149
2025-10-30,26235.25,26399.5,25853.0,26170.5,2095831,42001149
2025-10-31,26171.25,26273.0,25887.75,25983.75,1733752,42001149
2025-11-02,26026.0,26092.75,26012.5,26080.75,30805,42001149
2025-11-03,26080.75,26265.75,26012.75,26069.0,1407537,42001149
2025-11-04,26068.5,26069.25,25501.75,25503.75,2034999,42001149
2025-11-05,25504.25,25878.5,25282.75,25773.0,1766167,42001149
2025-11-06,25772.75,25823.75,25197.25,25316.75,2272838,42001149
2025-11-07,25316.75,25354.75,24709.0,25227.25,2541453,42001149
2025-11-09,25319.75,25389.25,25293.0,25336.0,48015,42001149
2025-11-10,25335.25,25760.0,25268.75,25742.75,1737676,42001149
2025-11-11,25742.0,25768.75,25478.5,25650.25,1579341,42001149
2025-11-12,25650.5,25830.5,25488.75,25540.5,1782274,42001149
2025-11-13,25541.25,25721.75,25002.0,25108.0,2579192,42001149
2025-11-14,25107.5,25293.5,24626.0,25147.5,2672226,42001149
2025-11-16,25144.0,25188.75,25021.5,25170.0,60948,42001149
2025-11-17,25169.5,25362.0,24732.0,24920.0,2576707,42001149
2025-11-18,24920.25,24959.75,24380.0,24591.0,3084769,42001149
2025-11-19,24590.25,25111.25,24446.5,25109.25,2899668,42001149
2025-11-20,25108.25,25310.0,24018.0,24137.0,3237479,42001149
2025-11-21,24137.0,24596.5,23904.0,24349.25,2881029,42001149
2025-11-23,24449.75,24536.25,24445.5,24471.75,43784,42001149
2025-11-24,24470.75,24993.25,24361.25,24959.75,1893066,42001149
2025-11-25,24960.0,25135.75,24602.0,25086.25,2100840,42001149
2025-11-26,25086.5,25375.5,25066.75,25323.5,1662035,42001149
2025-11-27,25322.75,25339.5,25285.75,25328.0,221918,42001149
2025-11-28,25328.25,25500.25,25324.25,25484.75,343918,42001149
2025-11-30,25484.0,25542.25,25442.75,25466.5,47749,42001149
2025-12-01,25467.5,25495.75,25193.5,25399.0,1802605,42001149
2025-12-02,25398.5,25670.0,25324.0,25623.25,1818061,42001149
2025-12-03,25624.5,25685.75,25420.75,25647.5,1570108,42001149
2025-12-04,25648.0,25732.5,25487.0,25621.25,1617124,42001149
2025-12-05,25620.75,25867.75,25579.0,25735.0,1517041,42001149
2025-12-07,25748.5,25771.0,25719.0,25745.5,22498,42001149
2025-12-08,25745.75,25860.75,25563.75,25726.5,1392524,42001149
2025-12-09,25727.0,25738.5,25560.0,25672.0,1189766,42001149
2025-12-10,25672.0,25869.75,25528.25,25729.25,1714260,42001149
2025-12-11,25730.0,25862.5,25382.0,25671.5,1961475,42001149
2025-12-12,25672.0,25704.5,25117.75,25203.0,2155331,42001149
2025-12-14,25214.5,25245.25,25131.25,25194.0,26714,42001149
2025-12-15,25191.25,25410.0,25034.5,25058.5,888612,42001149
2025-12-16,25058.5,25202.25,24826.0,25076.25,528781,42001149
2025-12-17,25075.0,25266.0,24658.75,24705.0,296449,42001149
2025-12-18,24707.0,25178.25,24674.5,25023.5,251903,42001149
2025-12-19,25025.0,25161.75,24980.5,25120.0,15914,42001149
2025-12-21,25635.0,25676.5,25631.5,25669.25,27988,42004946
2025-12-22,25668.75,25795.0,25629.5,25713.25,1031799,42004946
2025-12-23,25713.5,25822.25,25608.5,25810.0,898617,42004946
2025-12-24,25810.0,25892.25,25777.5,25861.75,418139,42004946
2025-12-25,25870.0,25899.75,25862.0,25887.25,9592,42004946
2025-12-26,25887.25,25935.0,25834.25,25857.0,646411,42004946
2025-12-28,25869.0,25879.0,25843.25,25870.0,16869,42004946
2025-12-29,25871.0,25893.5,25647.75,25707.0,1106287,42004946
2025-12-30,25707.25,25794.0,25643.5,25656.75,900646,42004946
2025-12-31,25657.25,25718.25,25426.5,25434.5,997463,42004946
2026-01-01,25460.0,25503.25,25449.25,25497.0,17774,42004946
2026-01-02,25497.0,25803.5,25265.25,25393.75,1665204,42004946
2026-01-04,25430.0,25463.5,25406.0,25457.75,41650,42004946
2026-01-05,25457.5,25708.0,25435.25,25566.0,1341509,42004946
2026-01-06,25566.25,25844.75,25527.0,25825.0,1366938,42004946
2026-01-07,25825.25,25998.0,25727.0,25823.5,1383870,42004946
2026-01-08,25822.75,25844.25,25569.5,25675.75,1643529,42004946
2026-01-09,25675.25,25986.0,25615.75,25931.5,1587189,42004946
2026-01-11,25946.5,25955.75,25870.25,25894.0,29680,42004946
2026-01-12,25893.5,26020.5,25632.75,25895.75,1359596,42004946
2026-01-13,25896.0,26046.25,25803.25,25891.0,1811785,42004946
2026-01-14,25891.25,25926.0,25421.25,25605.5,2156197,42004946
2026-01-15,25605.5,25954.25,25562.5,25741.5,1803822,42004946
2026-01-16,25741.25,25891.25,25590.25,25681.75,1514366,42004946
2026-01-18,25556.0,25559.0,25403.5,25467.0,65994,42004946
2026-01-19,25466.5,25470.0,25236.25,25378.5,783910,42004946
2026-01-20,25379.0,25438.75,25095.25,25116.25,2361891,42004946
2026-01-21,25116.75,25653.25,25026.0,25552.25,2698287,42004946
2026-01-22,25553.25,25739.75,25483.25,25617.25,1738615,42004946
2026-01-23,25617.25,25845.5,25540.0,25679.0,1689024,42004946
2026-01-25,25590.25,25590.5,25399.5,25559.5,71230,42004946
2026-01-26,25559.25,25932.75,25543.25,25889.75,1471594,42004946
2026-01-27,25890.25,26147.0,25874.75,26138.25,1270241,42004946
2026-01-28,26138.0,26349.0,25996.25,26170.0,1693039,42004946
2026-01-29,26169.0,26280.75,25536.0,25972.0,2445424,42004946
2026-01-30,25971.5,25994.0,25568.75,25638.75,2587903,42004946
2026-02-01,25530.0,25570.75,25373.25,25533.5,87691,42004946
2026-02-02,25532.75,25978.75,25180.25,25948.0,1950586,42004946
2026-02-03,25948.25,26027.75,25218.0,25427.75,2611419,42004946
2026-02-04,25427.25,25514.5,24784.0,25067.75,2647337,42004946
2026-02-05,25068.5,25169.25,24293.75,24335.0,2669417,42004946
2026-02-06,24335.0,25221.5,24240.5,25107.75,2076421,42004946
2026-02-08,25150.25,25295.0,25148.0,25275.75,49614,42004946
2026-02-09,25275.25,25429.0,24955.5,25345.0,1655033,42004946
2026-02-10,25344.5,25447.0,25197.5,25273.25,1915164,42004946
2026-02-11,25273.25,25465.5,25058.0,25235.0,2210647,42004946
2026-02-12,25234.5,25420.0,24721.5,24823.25,2475164,42004946
2026-02-13,24823.0,24995.5,24578.75,24772.75,2478985,42004946
2026-02-15,24789.25,24839.5,24754.25,24836.25,39250,42004946
2026-02-16,24836.25,24922.25,24670.5,24817.5,642203,42004946
2026-02-17,24817.5,24889.5,24449.25,24710.75,2409259,42004946
2026-02-18,24711.0,25128.5,24707.75,24964.25,1822066,42004946
2026-02-19,24964.5,25054.25,24748.0,24878.25,2094402,42004946
2026-02-20,24877.25,25139.75,24677.0,25078.5,2171137,42004946
2026-02-22,25036.0,25059.25,24935.75,24973.0,53575,42004946
2026-02-23,24971.75,25040.0,24667.75,24788.25,1962668,42004946
2026-02-24,24789.0,25080.75,24694.0,25044.25,1777019,42004946
2026-02-25,25044.25,25495.0,24995.0,25316.5,1458433,42004946
2026-02-26,25316.25,25415.5,24862.0,24996.25,2188123,42004946
2026-02-27,24995.75,25098.75,24780.0,24952.5,2087994,42004946
2026-03-01,24684.75,24816.25,24631.0,24739.0,98041,42004946
2026-03-02,24740.0,25100.0,24477.0,24971.75,2294049,42004946
2026-03-03,24972.5,24983.0,24350.75,24702.5,2866078,42004946
2026-03-04,24702.75,25217.0,24498.5,25171.75,2191436,42004946
2026-03-05,25171.0,25243.0,24774.0,25060.5,2530715,42004946
2026-03-06,25059.75,25141.5,24605.0,24660.75,2650475,42004946
2026-03-08,24500.0,24500.0,24167.0,24214.5,171524,42004946
2026-03-09,24215.25,25055.0,23999.0,24881.75,2557038,42004946
2026-03-10,24881.5,25217.75,24832.5,25015.75,2301467,42004946
2026-03-11,25016.5,25180.0,24732.5,24788.0,1993652,42004946
2026-03-12,24787.75,24929.0,24517.0,24528.75,2141402,42004946
2026-03-13,24529.0,24805.0,24333.75,24335.25,2270104,42004946
2026-03-15,24287.75,24495.75,24270.0,24440.5,86168,42004946
2026-03-16,24440.0,24816.25,24435.0,24666.5,908857,42004946
2026-03-17,24666.75,24896.75,24517.5,24784.0,299362,42004946
2026-03-18,24784.25,24990.0,24346.5,24406.0,206559,42004946
2026-03-19,24405.0,24507.75,24113.75,24402.5,134129,42004946
2026-03-20,24406.75,24445.0,24107.5,24274.0,16297,42004946
2026-03-22,23914.0,24095.75,23888.0,24006.0,126387,42004936
2026-03-23,24006.75,24763.5,23772.75,24456.25,2287322,42004936
2026-03-24,24454.75,24547.75,24134.75,24413.0,2225757,42004936
2026-03-25,24414.0,24540.0,24283.75,24322.5,1980670,42004936
2026-03-26,24323.0,24421.25,23762.0,23876.75,2159610,42004936
2026-03-27,23877.0,23975.75,23231.0,23255.0,1871134,42004936
2026-03-29,23191.5,23242.0,23108.75,23128.0,118231,42004936
2026-03-30,23127.5,23580.0,23021.0,23044.75,1988724,42004936
2026-03-31,23045.25,24045.75,22960.5,24037.0,2524691,42004936
2026-04-01,24036.25,24349.0,23956.0,24183.25,1956817,42004936
2026-04-02,24183.75,24267.75,23666.5,24212.75,2268948,42004936
2026-04-03,24214.0,24255.5,24105.75,24132.25,191608,42004936
2026-04-05,24093.25,24100.0,23981.0,24092.0,105225,42004936
2026-04-06,24091.25,24453.0,24087.25,24300.25,1701627,42004936
2026-04-07,24299.25,25086.75,23941.5,25050.75,2660504,42004936
2026-04-08,25050.25,25257.25,24926.5,25026.0,2079182,42004936
2026-04-09,25026.5,25273.25,24953.0,25224.0,1750298,42004936
2026-04-10,25224.5,25393.5,25203.25,25333.0,1480987,42004936
2026-04-12,25004.25,25020.0,24914.5,24984.0,126338,42004936
2026-04-13,24983.75,25618.75,24949.25,25585.5,1659769,42004936
2026-04-14,25585.25,26037.75,25559.5,26018.5,1499771,42004936
2026-04-15,26018.25,26415.5,25934.5,26407.0,1599968,42004936
2026-04-16,26407.25,26562.75,26275.75,26479.75,1873465,42004936
2026-04-17,26479.75,26883.0,26443.25,26842.0,1870941,42004936
2026-04-19,26603.25,26682.25,26534.75,26658.0,96059,42004936
2026-04-20,26658.25,26826.0,26569.0,26797.0,1638087,42004936
2026-04-21,26797.25,26902.0,26551.75,26773.75,2112110,42004936
2026-04-22,26774.0,27138.0,26768.5,27096.25,1607086,42004936
2026-04-23,27095.5,27156.0,26680.0,27080.75,2317350,42004936
2026-04-24,27081.0,27462.75,27015.25,27440.75,1832275,42004936
2026-04-26,27404.0,27420.75,27343.75,27384.75,64389,42004936
2026-04-27,27384.75,27542.0,27298.0,27489.5,1585287,42004936
2026-04-28,27490.0,27512.5,27006.25,27246.25,2031100,42004936
2026-04-29,27246.75,27556.75,27089.0,27551.25,1854271,42004936
2026-04-30,27552.0,27648.0,27163.0,27593.75,2248209,42004936
2026-05-01,27594.25,27917.5,27535.0,27782.75,1652289,42004936
2026-05-03,27888.0,27926.25,27814.75,27823.75,72877,42004936
2026-05-04,27823.75,27966.5,27614.25,27746.0,1979072,42004936
2026-05-05,27746.75,28464.0,27740.25,28370.0,1516586,42004936
2026-05-06,28369.5,28800.0,28248.25,28670.5,1932433,42004936
2026-05-07,28670.0,28945.0,28542.0,28679.5,2330691,42004936
2026-05-08,28679.75,29383.25,28679.75,29335.5,1681881,42004936
2026-05-10,29294.5,29347.25,29222.25,29304.25,89006,42004936
2026-05-11,29304.25,29480.5,29247.0,29428.0,1899847,42004936
2026-05-12,29428.0,29428.75,28741.25,29082.0,2367565,42004936
2026-05-13,29082.0,29648.75,29056.25,29632.25,2072449,42004936
2026-05-14,29631.75,29783.75,29448.25,29687.75,2204569,42004936
2026-05-15,29687.5,29727.5,29089.5,29172.75,2788140,42004936
2026-05-17,29135.25,29283.75,29011.25,29117.25,165557,42004936
2026-05-18,29118.0,29419.75,28814.25,29135.0,2685813,42004936
2026-05-19,29134.75,29190.0,28663.0,28950.5,2717620,42004936
2026-05-20,28949.5,29397.0,28796.0,29192.25,2457447,42004936
2026-05-21,29190.5,29579.25,29127.25,29550.5,2499873,42004936
2026-05-22,29550.5,29747.75,29437.5,29520.0,1950207,42004936
2026-05-24,29675.75,29882.5,29672.0,29844.0,82392,42004936
2026-05-25,29842.5,29995.0,29826.5,29878.5,592635,42004936
2026-05-26,29879.25,30119.0,29743.0,30099.25,2046227,42004936
2026-05-27,30099.5,30380.0,29876.0,29979.75,2425794,42004936
2026-05-28,29978.75,30364.75,29763.25,30301.25,2119003,42004936
2026-05-29,30301.0,30535.75,30216.25,30386.75,2257718,42004936
2026-05-31,30416.5,30486.0,30360.5,30477.5,77993,42004936
2026-06-01,30477.75,30692.0,30291.0,30469.25,2171086,42004936
2026-06-02,30469.5,30763.5,30317.75,30707.25,2083368,42004936
2026-06-03,30707.5,30807.75,30367.75,30394.75,2628771,42004936
2026-06-04,30393.25,30603.25,30152.25,30264.25,2730524,42004936
2026-06-05,30264.5,30264.5,28778.5,28828.25,3744768,42004936
2026-06-07,28843.5,29103.75,28821.0,29085.5,191608,42004936
2026-06-08,29085.25,29743.0,28972.5,29424.5,3020685,42004936
2026-06-09,29424.5,29847.0,28227.25,29065.0,4332102,42004936
2026-06-10,29065.25,29251.0,28264.25,28364.25,3742154,42004936
2026-06-11,28365.0,29593.0,28335.0,29578.0,3553735,42004936
2026-06-12,29577.75,29759.25,29231.25,29677.0,2437317,42004936
2026-06-14,29826.25,30095.0,29825.0,30051.5,63471,42004936
2026-06-15,30052.5,30612.25,30043.0,30531.25,551284,42004936
2026-06-16,30530.5,30665.75,29957.25,30014.0,384060,42004936
2026-06-17,30018.75,30269.0,29612.25,29992.5,222362,42004936
2026-06-18,29993.75,30294.25,29955.25,30275.0,25780,42004936
2026-06-19,30691.0,30705.0,30388.0,30651.0,792681,42004800
2026-06-21,30580.75,30616.75,30336.75,30354.0,164727,42004800
2026-06-22,30353.75,30967.75,30347.75,30575.5,2745356,42004800
2026-06-23,30574.75,30635.0,29577.25,29747.5,3599295,42004800
2026-06-24,29746.75,30169.0,29263.0,30096.25,3593548,42004800
2026-06-25,30096.25,30264.25,29296.5,29706.0,3746062,42004800
2026-06-26,29706.0,29774.0,29160.0,29290.0,3154642,42004800
2026-06-28,29280.5,29684.75,29280.0,29619.25,160342,42004800
2026-06-29,29620.0,30069.0,29274.0,30039.75,3083339,42004800
2026-06-30,30039.75,30600.0,29935.25,30533.0,2397205,42004800
2026-07-01,30533.0,30555.75,30009.25,30045.5,2802504,42004800
2026-07-02,30045.5,30319.75,29328.5,29600.75,3968825,42004800
2026-07-03,29600.25,29956.0,29522.5,29903.75,640890,42004800
2026-07-05,29936.75,30010.0,29860.5,29985.0,114712,42004800
2026-07-06,29985.25,30094.0,29683.25,29852.25,2519384,42004800
2026-07-07,29851.5,29916.75,29209.75,29300.5,3242628,42004800
2026-07-08,29301.0,29558.0,28910.25,29492.0,3385511,42004800
2026-07-09,29492.0,29993.25,29396.0,29932.75,2583958,42004800
2026-07-10,29932.25,30076.75,29677.5,30069.0,2328614,42004800
2026-07-12,29956.75,29979.75,29843.75,29893.75,115087,42004800
2026-07-13,29892.25,30042.5,29327.5,29421.25,2886471,42004800
2026-07-14,29422.0,29922.0,29303.25,29888.75,2713592,42004800
2026-07-15,29888.25,30062.5,29396.75,29690.5,2861011,42004800
2026-07-16,29690.75,29796.5,29060.5,29096.5,2812593,42004800
2026-07-17,29096.25,29124.0,28408.25,28768.75,3290572,42004800
2026-07-19,28747.5,28877.0,28706.75,28869.5,149447,42004800
2026-07-20,28869.25,29192.5,28700.0,28779.75,2739023,42004800
2026-07-21,28778.25,29363.5,28706.5,29298.0,2319196,42004800
2026-07-22,29298.25,29342.5,28961.25,29142.75,2367448,42004800
2026-07-23,29143.0,29283.0,28432.5,28679.25,3092225,42004800
2026-07-24,28681.0,28725.0,28212.5,28306.75,2994398,42004800
2026-07-26,28501.5,28733.5,28501.5,28728.25,124451,42004800
2026-07-27,28729.0,28763.75,27938.5,28163.25,3113482,42004800
2026-07-28,28164.5,28195.0,27603.25,28102.75,2922950,42004800
2026-07-29,28102.75,28177.25,27200.0,27522.25,3375734,42004800
2026-07-30,27522.5,28445.75,27337.0,28423.5,2954613,42004800
2026-07-31,28422.0,28725.75,28079.75,28284.0,2719419,42004800
2026-08-02,28567.5,28642.0,28541.5,28613.5,117583,42004800
2026-08-03,28611.75,28972.25,28313.0,28971.5,2324266,42004800
2026-08-04,28971.25,29956.5,28831.5,29835.5,2645576,42004800
2026-08-05,29835.25,30073.25,29530.75,29583.75,2680171,42004800
2026-08-06,29584.25,29686.25,29241.0,29595.25,2831477,42004800
2026-08-07,29594.5,29867.25,29455.0,29841.0,2378036,42004800
2026-08-09,29851.5,29897.0,29805.0,29829.75,92150,42004800
2026-08-10,29829.25,29985.0,29677.75,29703.5,2186265,42004800
2026-08-11,29703.0,29887.0,29533.5,29662.5,2226246,42004800
2026-08-12,29662.0,30001.5,29625.0,29805.25,2017196,42004800
2026-08-13,29805.0,30273.25,29796.5,30203.25,1947701,42004800
2026-08-14,30203.25,30287.25,30025.0,30154.75,1884259,42004800
