date,open,high,low,close,volume,instrument_id
2010-06-07,1826.25,1845.5,1793.75,1796.5,331884,6641
2010-06-08,1802.0,1817.75,1770.0,1793.25,406839,6641
2010-06-09,1791.75,1823.5,1773.75,1778.25,341131,6641
2010-06-10,1779.75,1831.75,1776.25,1824.0,177135,6641
2010-06-11,1823.0,1848.75,1807.75,1844.0,77933,6641
2010-06-13,1848.0,1877.75,1845.25,1854.75,276,6641
2010-06-14,1854.25,1877.25,1844.0,1847.75,40392,6641
2010-06-15,1849.0,1899.0,1846.25,1893.0,27795,6641
2010-06-16,1891.0,1913.5,1880.0,1902.75,26977,6641
2010-06-17,1901.5,1918.75,1894.0,1910.25,21075,6641
2010-06-18,1909.25,1915.75,1906.25,1915.0,1311,6641
2010-06-20,1923.0,1932.75,1922.0,1932.25,2425,26715
2010-06-21,1932.25,1941.0,1883.75,1900.25,326633,26715
2010-06-22,1900.75,1916.75,1876.5,1880.5,335573,26715
2010-06-23,1880.75,1890.0,1857.75,1867.0,322549,26715
2010-06-24,1869.0,1875.25,1837.25,1848.75,339709,26715
2010-06-25,1849.0,1856.5,1827.25,1839.5,321743,26715
2010-06-27,1839.0,1843.75,1838.5,1841.25,610,26715
2010-06-28,1841.0,1851.5,1821.25,1833.5,282138,26715
2010-06-29,1835.5,1839.5,1748.0,1761.75,478729,26715
2010-06-30,1764.5,1777.5,1732.25,1734.75,369789,26715
2010-07-01,1737.5,1745.75,1698.0,1729.75,505536,26715
2010-07-02,1732.75,1745.75,1710.25,1720.75,316124,26715
2010-07-04,1722.0,1723.5,1718.75,1722.0,414,26715
2010-07-05,1722.25,1728.5,1712.0,1713.5,13619,26715
2010-07-06,1713.5,1762.5,1705.75,1735.75,346494,26715
2010-07-07,1734.5,1792.25,1721.75,1788.25,304871,26715
2010-07-08,1788.0,1803.25,1774.5,1795.0,309481,26715
2010-07-09,1793.25,1815.25,1789.25,1811.75,206768,26715
2010-07-11,1810.0,1811.5,1807.5,1808.75,487,26715
2010-07-12,1808.5,1829.75,1801.25,1824.5,239885,26715
2010-07-13,1825.25,1865.0,1818.0,1862.0,320960,26715
2010-07-14,1863.5,1866.25,1838.0,1853.25,325075,26715
2010-07-15,1851.5,1864.5,1828.5,1854.5,368744,26715
2010-07-16,1854.5,1855.75,1800.0,1802.0,394662,26715
2010-07-18,1800.5,1801.5,1782.5,1799.0,2314,26715
2010-07-19,1799.5,1821.25,1792.5,1797.25,302981,26715
2010-07-20,1800.0,1857.5,1781.75,1851.5,357978,26715
2010-07-21,1850.5,1860.0,1811.0,1813.75,392175,26715
2010-07-22,1817.75,1869.25,1813.0,1851.0,349626,26715
2010-07-23,1857.0,1876.25,1844.25,1875.0,324495,26715
2010-07-25,1874.25,1877.75,1872.25,1874.25,967,26715
2010-07-26,1874.25,1888.25,1866.0,1886.75,254026,26715
2010-07-27,1885.0,1900.75,1878.25,1886.25,270120,26715
2010-07-28,1886.75,1894.75,1864.75,1866.5,254356,26715
2010-07-29,1869.0,1886.5,1838.5,1857.25,384112,26715
2010-07-30,1855.25,1873.5,1831.5,1863.75,354195,26715
2010-08-01,1868.75,1875.0,1864.5,1869.5,1029,26715
2010-08-02,1869.5,1901.75,1868.75,1894.0,244226,26715
2010-08-03,1894.75,1898.25,1879.75,1894.75,215495,26715
2010-08-04,1894.0,1910.0,1883.25,1905.5,276669,26715
2010-08-05,1906.75,1912.75,1891.0,1903.5,223408,26715
2010-08-06,1901.75,1907.75,1871.25,1905.5,372542,26715
2010-08-08,1903.0,1906.5,1898.5,1898.75,751,26715
2010-08-09,1899.0,1918.0,1898.5,1913.0,183888,26715
2010-08-10,1913.0,1913.75,1880.75,1897.0,345749,26715
2010-08-11,1893.0,1894.25,1812.75,1815.75,416785,26715
2010-08-12,1823.25,1838.25,1806.25,1830.0,339684,26715
2010-08-13,1832.25,1842.75,1815.25,1816.5,238272,26715
2010-08-15,1817.75,1819.0,1813.5,1814.75,1340,26715
2010-08-16,1814.5,1833.25,1800.0,1820.75,286308,26715
2010-08-17,1818.5,1860.5,1817.0,1840.25,272005,26715
2010-08-18,1840.5,1862.25,1831.0,1839.0,299419,26715
2010-08-19,1836.5,1850.5,1810.25,1822.0,346032,26715
2010-08-20,1822.5,1829.75,1808.5,1826.75,262691,26715
2010-08-22,1824.75,1832.5,1824.5,1830.0,1349,26715
2010-08-23,1830.0,1842.75,1802.0,1808.75,275125,26715
2010-08-24,1803.5,1809.0,1766.0,1772.5,317490,26715
2010-08-25,1777.0,1798.5,1756.75,1791.0,354563,26715
2010-08-26,1792.75,1802.75,1762.25,1763.0,324873,26715
2010-08-27,1765.25,1794.5,1744.0,1790.25,390943,26715
2010-08-29,1790.75,1798.5,1790.25,1795.75,849,26715
2010-08-30,1795.5,1805.5,1768.25,1769.5,256056,26715
2010-08-31,1771.25,1781.75,1754.5,1774.75,362507,26715
2010-09-01,1774.0,1825.0,1771.75,1819.0,387085,26715
2010-09-02,1821.0,1841.25,1813.0,1837.75,250969,26715
2010-09-03,1836.25,1871.25,1834.5,1867.5,304943,26715
2010-09-05,1867.5,1872.0,1865.75,1869.75,405,26715
2010-09-06,1869.75,1878.0,1867.0,1867.5,13887,26715
2010-09-07,1867.0,1873.75,1853.75,1859.0,257073,26715
2010-09-08,1858.5,1888.0,1852.25,1882.5,293573,26715
2010-09-09,1882.0,1897.75,1874.75,1886.25,182243,26715
2010-09-10,1886.0,1896.75,1880.0,1891.75,70486,26715
2010-09-12,1896.5,1903.25,1896.5,1903.25,798,26715
2010-09-13,1903.25,1925.25,1903.25,1921.75,49852,26715
2010-09-14,1919.5,1938.75,1912.5,1924.25,40481,26715
2010-09-15,1923.25,1943.75,1916.75,1942.25,25038,26715
2010-09-16,1940.75,1957.75,1932.0,1956.0,21158,26715
2010-09-17,1957.75,1973.0,1955.0,1962.0,1853,26715
2010-09-19,1950.5,1954.25,1947.25,1950.5,2304,3088
2010-09-20,1950.5,1990.75,1950.25,1982.5,283454,3088
2010-09-21,1983.5,2000.25,1977.0,1982.75,320332,3088
2010-09-22,1983.5,1994.75,1970.5,1984.0,335106,3088
2010-09-23,1982.75,2000.25,1962.5,1982.75,379978,3088
2010-09-24,1979.25,2022.0,1979.25,2019.5,301518,3088
2010-09-26,2018.75,2032.0,2018.5,2026.5,2739,3088
2010-09-27,2027.0,2027.75,2006.75,2008.75,232477,3088
2010-09-28,2008.0,2024.5,1977.25,2011.0,439558,3088
2010-09-29,2011.0,2018.5,1998.5,2008.25,274368,3088
2010-09-30,2007.5,2028.25,1983.25,1995.75,445349,3088
2010-10-01,1998.5,2015.5,1985.0,1994.0,319676,3088
2010-10-03,1997.75,1997.75,1988.0,1988.5,796,3088
2010-10-04,1989.0,1997.0,1961.0,1977.5,300240,3088
2010-10-05,1978.25,2025.0,1975.5,2018.75,352214,3088
2010-10-06,2023.0,2024.5,1990.25,2004.0,333543,3088
2010-10-07,2004.0,2019.75,1993.75,2014.0,284864,3088
2010-10-08,2015.0,2029.25,1982.0,2022.0,312432,3088
2010-10-10,2023.0,2029.5,2023.0,2028.25,837,3088
2010-10-11,2028.5,2035.0,2018.75,2025.25,175871,3088
2010-10-12,2025.5,2044.5,2004.25,2040.25,321266,3088
2010-10-13,2039.0,2065.25,2035.75,2056.0,296032,3088
2010-10-14,2055.5,2071.5,2041.25,2070.5,320105,3088
2010-10-15,2067.0,2097.75,2060.25,2096.25,368575,3088
2010-10-17,2095.0,2096.75,2091.75,2092.0,1311,3088
2010-10-18,2092.25,2104.75,2057.25,2065.25,285143,3088
2010-10-19,2066.0,2084.75,2051.5,2067.0,443627,3088
2010-10-20,2063.5,2098.5,2062.5,2088.25,289013,3088
2010-10-21,2089.75,2104.5,2066.75,2081.5,328168,3088
2010-10-22,2081.5,2104.5,2077.0,2104.5,204822,3088
2010-10-24,2104.0,2108.0,2102.0,2105.75,1844,3088
2010-10-25,2105.5,2125.5,2105.25,2110.0,241741,3088
2010-10-26,2108.0,2122.0,2092.5,2117.5,255576,3088
2010-10-27,2120.5,2125.0,2102.25,2120.5,267718,3088
2010-10-28,2124.25,2136.75,2109.25,2128.25,305616,3088
2010-10-29,2129.25,2135.5,2116.75,2123.5,230714,3088
2010-10-31,2125.0,2134.75,2125.0,2133.0,1730,3088
2010-11-01,2133.5,2146.5,2115.0,2127.5,285601,3088
2010-11-02,2129.0,2156.75,2128.75,2150.5,227756,3088
2010-11-03,2156.0,2166.25,2130.0,2165.25,349521,3088
2010-11-04,2164.75,2191.0,2162.75,2183.0,323227,3088
2010-11-05,2182.5,2191.0,2176.5,2184.5,258047,3088
2010-11-07,2180.5,2183.5,2178.0,2183.25,1038,3088
2010-11-08,2183.25,2189.25,2173.5,2179.75,200844,3088
2010-11-09,2179.75,2198.0,2164.25,2174.0,269404,3088
2010-11-10,2175.25,2187.25,2152.25,2153.25,306256,3088
2010-11-11,2158.0,2175.5,2142.25,2173.5,308154,3088
2010-11-12,2168.5,2172.75,2119.25,2134.25,392086,3088
2010-11-14,2134.0,2138.25,2133.0,2137.25,893,3088
2010-11-15,2136.75,2151.0,2122.75,2123.5,261410,3088
2010-11-16,2124.0,2125.25,2083.5,2095.5,407264,3088
2010-11-17,2096.5,2109.25,2088.0,2097.0,259064,3088
2010-11-18,2100.0,2146.75,2100.0,2136.75,301222,3088
2010-11-19,2138.0,2138.75,2119.75,2133.75,214306,3088
2010-11-21,2139.0,2146.5,2138.5,2146.0,557,3088
2010-11-22,2145.25,2155.5,2120.75,2153.75,284954,3088
2010-11-23,2150.25,2151.25,2104.75,2115.25,343076,3088
2010-11-24,2122.25,2165.5,2113.25,2160.5,266434,3088
2010-11-25,2160.0,2163.25,2152.75,2161.5,10944,3088
2010-11-26,2160.25,2160.75,2134.75,2145.25,101008,3088
2010-11-28,2150.0,2158.75,2143.0,2151.0,2185,3088
2010-11-29,2151.25,2160.25,2117.75,2144.5,292526,3088
2010-11-30,2143.5,2147.5,2109.25,2114.75,320776,3088
2010-12-01,2112.25,2174.0,2111.0,2159.5,307426,3088
2010-12-02,2162.0,2189.5,2157.0,2189.5,234377,3088
2010-12-03,2186.75,2195.0,2167.75,2188.25,181032,3088
2010-12-05,2188.0,2193.75,2187.0,2193.25,546,3088
2010-12-06,2193.25,2193.75,2177.0,2185.5,173634,3088
2010-12-07,2191.0,2217.0,2184.75,2186.25,234294,3088
2010-12-08,2188.75,2206.5,2180.0,2201.75,184806,3088
2010-12-09,2206.25,2214.75,2193.75,2198.0,103185,3088
2010-12-10,2203.0,2218.25,2199.5,2217.5,45412,3088
2010-12-12,2217.75,2234.0,2211.0,2212.0,295,3088
2010-12-13,2213.0,2226.5,2206.75,2211.25,38594,3088
2010-12-14,2209.5,2221.0,2205.75,2215.25,28638,3088
2010-12-15,2212.75,2224.25,2197.0,2205.0,35528,3088
2010-12-16,2199.75,2225.75,2197.75,2222.0,24252,3088
2010-12-17,2221.25,2224.0,2216.5,2223.75,1832,3088
2010-12-19,2216.0,2217.5,2215.25,2216.5,398,93735
2010-12-20,2216.75,2230.0,2205.5,2220.0,172348,93735
2010-12-21,2219.5,2237.0,2219.25,2232.75,104794,93735
2010-12-22,2231.0,2238.25,2231.0,2236.0,87903,93735
2010-12-23,2236.75,2239.0,2223.75,2231.25,87657,93735
2010-12-26,2227.25,2227.5,2219.5,2222.5,1776,93735
2010-12-27,2222.5,2235.0,2207.25,2229.5,138501,93735
2010-12-28,2232.25,2237.0,2221.25,2226.0,80033,93735
2010-12-29,2224.5,2235.75,2224.25,2230.25,65111,93735
2010-12-30,2230.75,2232.75,2221.5,2225.5,85867,93735
2010-12-31,2225.0,2229.0,2207.5,2224.25,99358,93735
2011-01-02,2220.0,2223.75,2219.25,2221.5,1127,93735
2011-01-03,2221.75,2267.75,2219.75,2250.75,276374,93735
2011-01-04,2251.0,2262.5,2236.5,2245.75,216249,93735
2011-01-05,2245.75,2271.75,2229.5,2269.75,212907,93735
2011-01-06,2271.0,2279.25,2267.25,2275.25,177574,93735
2011-01-07,2276.0,2282.25,2252.0,2273.0,278321,93735
2011-01-09,2272.25,2272.5,2268.5,2269.5,699,93735
2011-01-10,2269.75,2287.0,2260.75,2282.0,198404,93735
2011-01-11,2283.0,2295.25,2278.0,2285.0,207396,93735
2011-01-12,2286.0,2306.75,2286.0,2303.5,177660,93735
2011-01-13,2303.75,2310.75,2296.75,2310.25,189261,93735
2011-01-14,2308.75,2323.0,2297.5,2321.75,173550,93735
2011-01-16,2321.25,2325.0,2318.75,2318.75,955,93735
2011-01-17,2319.0,2323.25,2285.25,2295.0,51944,93735
2011-01-18,2295.0,2346.5,2292.5,2333.5,255935,93735
2011-01-19,2331.25,2338.75,2292.5,2293.5,277329,93735
2011-01-20,2293.25,2299.5,2267.0,2285.75,350999,93735
2011-01-21,2283.25,2300.25,2265.75,2268.75,247196,93735
2011-01-23,2268.75,2269.5,2264.5,2267.0,854,93735
2011-01-24,2267.5,2300.75,2265.0,2296.5,223840,93735
2011-01-25,2296.0,2303.25,2281.25,2300.5,250380,93735
2011-01-26,2298.75,2320.0,2298.0,2316.75,217844,93735
2011-01-27,2317.0,2334.5,2313.25,2320.75,243205,93735
2011-01-28,2321.0,2331.0,2258.0,2264.75,433203,93735
2011-01-30,2265.5,2266.25,2248.5,2257.75,2845,93735
2011-01-31,2257.25,2286.0,2254.75,2281.75,315509,93735
2011-02-01,2284.75,2328.25,2284.75,2320.75,300178,93735
2011-02-02,2321.25,2327.75,2312.0,2319.75,192312,93735
2011-02-03,2318.25,2326.25,2295.75,2322.5,258196,93735
2011-02-04,2322.5,2339.5,2316.5,2336.5,223619,93735
2011-02-06,2337.75,2337.75,2335.0,2335.0,243,93735
2011-02-07,2335.0,2359.75,2334.5,2342.75,242909,93735
2011-02-08,2345.25,2364.0,2341.5,2363.25,185726,93735
2011-02-09,2363.0,2365.5,2349.75,2350.5,203349,93735
2011-02-10,2352.25,2365.0,2338.25,2355.5,331062,93735
2011-02-11,2356.5,2380.5,2347.75,2377.75,188579,93735
2011-02-13,2376.25,2379.75,2375.5,2378.25,369,93735
2011-02-14,2378.25,2387.5,2375.5,2378.5,154635,93735
2011-02-15,2379.25,2385.5,2370.75,2381.5,163464,93735
2011-02-16,2382.5,2403.0,2382.0,2391.75,230533,93735
2011-02-17,2391.25,2400.75,2383.5,2392.5,197759,93735
2011-02-18,2393.5,2400.5,2382.0,2395.5,182861,93735
2011-02-20,2393.5,2394.0,2390.5,2390.5,704,93735
2011-02-21,2390.5,2393.0,2362.25,2362.25,25397,93735
2011-02-22,2362.25,2366.25,2315.5,2319.5,425811,93735
2011-02-23,2322.5,2334.75,2285.0,2304.0,407165,93735
2011-02-24,2306.0,2321.0,2280.25,2312.0,363725,93735
2011-02-25,2315.0,2350.25,2311.25,2345.25,242408,93735
2011-02-27,2345.25,2346.5,2334.75,2341.0,1433,93735
2011-02-28,2341.5,2363.0,2336.75,2352.5,231948,93735
2011-03-01,2355.0,2371.75,2304.5,2305.0,348190,93735
2011-03-02,2311.0,2341.0,2301.75,2321.5,332901,93735
2011-03-03,2322.75,2378.75,2322.5,2373.0,288901,93735
2011-03-04,2376.5,2378.5,2344.25,2361.5,296418,93735
2011-03-06,2360.25,2365.75,2358.0,2359.5,876,93735
2011-03-07,2359.75,2374.25,2306.25,2325.25,401699,93735
2011-03-08,2329.25,2348.0,2310.5,2333.25,362412,93735
2011-03-09,2333.75,2340.5,2308.25,2313.0,340685,93735
2011-03-10,2312.25,2313.25,2275.25,2283.75,298493,93735
2011-03-11,2287.0,2306.25,2265.0,2305.0,97171,93735
2011-03-13,2296.5,2304.75,2279.0,2287.25,1244,93735
2011-03-14,2286.0,2303.25,2273.5,2284.25,61399,93735
2011-03-15,2284.75,2288.25,2216.25,2249.5,44122,93735
2011-03-16,2250.25,2264.25,2188.25,2197.75,48811,93735
2011-03-17,2203.75,2248.0,2192.5,2223.75,19898,93735
2011-03-18,2226.5,2255.5,2226.5,2250.5,1666,93735
2011-03-20,2223.0,2233.5,2219.0,2232.75,3021,30668
2011-03-21,2233.0,2271.5,2225.75,2256.5,248950,30668
2011-03-22,2256.0,2264.25,2249.25,2254.75,214100,30668
2011-03-23,2255.0,2274.75,2232.0,2262.75,277371,30668
2011-03-24,2266.0,2335.0,2262.75,2316.75,292585,30668
2011-03-25,2316.25,2329.75,2311.25,2317.0,252269,30668
2011-03-27,2316.25,2322.25,2313.75,2321.25,2498,30668
2011-03-28,2321.25,2328.5,2294.75,2297.0,204939,30668
2011-03-29,2296.0,2327.25,2289.5,2324.75,221754,30668
2011-03-30,2322.5,2343.25,2321.5,2332.0,180467,30668
2011-03-31,2332.25,2347.75,2327.5,2337.0,177790,30668
2011-04-01,2342.0,2358.0,2333.25,2337.75,224429,30668
2011-04-03,2337.25,2345.25,2337.25,2342.5,1204,30668
2011-04-04,2342.5,2349.75,2322.0,2342.0,215024,30668
2011-04-05,2341.0,2342.25,2318.25,2324.0,244709,30668
2011-04-06,2326.75,2350.0,2316.75,2327.0,260145,30668
2011-04-07,2327.0,2344.25,2311.75,2331.5,299614,30668
2011-04-08,2330.75,2342.75,2304.75,2319.75,230172,30668
2011-04-10,2322.75,2334.0,2322.0,2330.25,3521,30668
2011-04-11,2330.25,2331.5,2302.0,2304.5,221937,30668
2011-04-12,2304.5,2304.75,2285.0,2294.75,288688,30668
2011-04-13,2298.75,2319.5,2294.5,2307.25,284578,30668
2011-04-14,2307.25,2312.0,2287.5,2305.25,292702,30668
2011-04-15,2305.25,2313.75,2289.25,2310.0,234107,30668
2011-04-17,2308.0,2310.0,2306.25,2307.25,1426,30668
2011-04-18,2307.5,2310.0,2250.25,2284.5,377420,30668
2011-04-19,2285.0,2323.25,2277.75,2320.5,229340,30668
2011-04-20,2320.25,2380.0,2317.0,2376.0,318261,30668
2011-04-21,2377.0,2382.75,2366.75,2373.5,225599,30668
2011-04-24,2373.0,2379.0,2371.75,2377.5,1079,30668
2011-04-25,2377.75,2382.25,2371.75,2380.75,115604,30668
2011-04-26,2379.75,2402.0,2372.75,2392.0,227411,30668
2011-04-27,2392.75,2412.75,2387.25,2408.0,212288,30668
2011-04-28,2407.75,2415.75,2396.25,2401.25,229898,30668
2011-04-29,2401.75,2412.5,2397.75,2407.25,161980,30668
2011-05-01,2408.0,2411.25,2403.75,2407.0,1530,30668
2011-05-02,2407.0,2428.0,2393.5,2401.25,286128,30668
2011-05-03,2400.25,2403.0,2374.0,2387.0,287739,30668
2011-05-04,2389.75,2396.0,2364.75,2386.5,300054,30668
2011-05-05,2387.25,2399.75,2363.5,2375.0,393745,30668
2011-05-06,2375.25,2409.75,2372.75,2373.25,357317,30668
2011-05-08,2378.0,2386.5,2378.0,2385.5,2975,30668
2011-05-09,2385.25,2398.0,2374.0,2387.75,263280,30668
2011-05-10,2389.25,2414.0,2382.75,2410.25,293135,30668
2011-05-11,2413.25,2415.25,2374.0,2382.0,298728,30668
2011-05-12,2383.5,2409.25,2369.0,2406.75,285664,30668
2011-05-13,2406.0,2414.25,2369.0,2371.0,300110,30668
2011-05-15,2366.0,2368.5,2359.5,2361.25,3871,30668
2011-05-16,2361.25,2372.75,2325.5,2326.75,405480,30668
2011-05-17,2328.0,2346.0,2318.25,2342.5,335999,30668
2011-05-18,2342.25,2366.5,2333.5,2365.75,233567,30668
2011-05-19,2365.0,2373.25,2353.5,2367.75,226289,30668
2011-05-20,2367.75,2372.75,2342.25,2345.25,256728,30668
2011-05-22,2341.5,2342.75,2330.25,2339.5,2082,30668
2011-05-23,2339.75,2340.75,2304.25,2314.5,246530,30668
2011-05-24,2315.0,2324.25,2296.25,2299.0,244770,30668
2011-05-25,2298.5,2320.75,2281.0,2309.0,261924,30668
2011-05-26,2308.0,2331.0,2302.0,2327.25,244653,30668
2011-05-27,2326.75,2338.5,2322.25,2333.0,153648,30668
2011-05-29,2331.25,2334.25,2331.25,2332.25,344,30668
2011-05-30,2332.5,2338.75,2330.75,2338.25,5385,30668
2011-05-31,2337.75,2380.25,2337.25,2374.5,247615,30668
2011-06-01,2377.25,2380.75,2313.75,2318.25,325547,30668
2011-06-02,2318.0,2335.5,2314.5,2327.0,274802,30668
2011-06-03,2325.0,2327.5,2284.75,2287.0,286410,30668
2011-06-05,2288.5,2292.75,2285.75,2292.5,1638,30668
2011-06-06,2292.25,2299.25,2270.75,2272.5,220739,30668
2011-06-07,2272.25,2288.25,2268.0,2276.75,216908,30668
2011-06-08,2276.75,2278.0,2245.5,2252.0,263857,30668
2011-06-09,2251.75,2267.5,2246.0,2253.0,151979,30668
2011-06-10,2253.0,2255.5,2218.5,2222.5,98904,30668
2011-06-12,2217.0,2224.0,2217.0,2220.5,363,30668
2011-06-13,2220.5,2234.0,2214.5,2224.75,36415,30668
2011-06-14,2249.0,2256.25,2220.25,2250.25,29219,30668
2011-06-15,2211.25,2248.0,2204.25,2209.25,28774,30668
2011-06-16,2212.0,2217.5,2181.0,2200.25,15034,30668
2011-06-17,2205.75,2220.0,2192.0,2219.75,934,30668
2011-06-19,2189.5,2189.5,2179.75,2185.25,1644,56972
2011-06-20,2185.0,2207.0,2174.0,2201.25,214732,56972
2011-06-21,2204.0,2249.75,2198.0,2245.75,340677,56972
2011-06-22,2244.0,2250.75,2221.25,2227.75,224123,56972
2011-06-23,2222.25,2253.5,2199.5,2244.75,416372,56972
2011-06-24,2246.25,2258.5,2206.75,2208.75,312934,56972
2011-06-26,2208.75,2215.0,2191.5,2201.25,5163,56972
2011-06-27,2201.25,2260.0,2196.5,2252.25,283709,56972
2011-06-28,2257.0,2285.75,2241.5,2285.25,236623,56972
2011-06-29,2283.0,2300.5,2274.75,2292.25,252620,56972
2011-06-30,2292.75,2323.5,2287.5,2318.5,202305,56972
2011-07-01,2319.75,2360.75,2316.75,2354.0,236770,56972
2011-07-03,2355.0,2356.25,2353.75,2354.75,931,56972
2011-07-04,2354.5,2368.25,2351.5,2364.75,18802,56972
2011-07-05,2364.75,2372.0,2354.0,2369.5,231453,56972
2011-07-06,2369.25,2380.75,2358.5,2380.0,257855,56972
2011-07-07,2380.25,2417.0,2378.75,2416.25,214435,56972
2011-07-08,2415.5,2421.75,2375.75,2408.5,282201,56972
2011-07-10,2404.25,2404.25,2390.5,2394.75,3934,56972
2011-07-11,2395.0,2398.5,2351.25,2361.5,278781,56972
2011-07-12,2363.0,2366.5,2330.5,2343.0,303744,56972
2011-07-13,2341.0,2375.0,2328.25,2329.75,270011,56972
2011-07-14,2337.75,2368.25,2314.5,2338.0,344848,56972
2011-07-15,2340.0,2358.75,2331.5,2355.5,249827,56972
2011-07-17,2354.5,2355.0,2349.5,2350.75,1320,56972
2011-07-18,2351.25,2351.75,2318.75,2341.5,249013,56972
2011-07-19,2343.0,2411.0,2342.5,2406.25,289952,56972
2011-07-20,2405.75,2413.5,2365.0,2370.5,243591,56972
2011-07-21,2376.5,2414.5,2367.25,2410.5,274890,56972
2011-07-22,2410.5,2429.75,2396.25,2428.0,177620,56972
2011-07-24,2417.75,2417.75,2380.0,2404.5,8234,56972
2011-07-25,2404.5,2434.5,2398.25,2424.5,188174,56972
2011-07-26,2422.5,2435.5,2412.75,2420.75,185986,56972
2011-07-27,2421.25,2425.75,2356.25,2359.0,328599,56972
2011-07-28,2356.75,2398.75,2355.75,2367.0,286666,56972
2011-07-29,2368.75,2385.25,2338.0,2363.75,334012,56972
2011-07-31,2386.0,2393.5,2382.5,2385.5,3035,56972
2011-08-01,2386.25,2395.0,2320.75,2343.0,356427,56972
2011-08-02,2349.25,2351.25,2281.25,2284.0,340569,56972
2011-08-03,2285.0,2314.5,2253.0,2305.0,446695,56972
2011-08-04,2311.0,2319.5,2195.0,2208.0,538771,56972
2011-08-05,2202.75,2239.25,2128.75,2190.25,679063,56972
2011-08-07,2145.0,2152.75,2125.75,2143.0,10990,56972
2011-08-08,2143.0,2170.75,2013.0,2033.75,726657,56972
2011-08-09,2024.5,2168.25,1972.25,2167.5,712005,56972
2011-08-10,2161.5,2165.0,2065.75,2080.25,544291,56972
2011-08-11,2087.25,2184.5,2057.5,2158.25,419288,56972
2011-08-12,2157.25,2192.5,2114.0,2177.75,289495,56972
2011-08-14,2183.75,2191.75,2177.0,2189.25,2267,56972
2011-08-15,2189.75,2211.5,2176.5,2206.0,222998,56972
2011-08-16,2203.25,2211.25,2163.5,2194.0,297598,56972
2011-08-17,2187.0,2214.0,2157.25,2167.5,269277,56972
2011-08-18,2169.0,2169.0,2053.0,2085.25,444211,56972
2011-08-19,2073.5,2102.0,2033.75,2042.5,371296,56972
2011-08-21,2041.0,2041.0,2022.25,2033.75,1723,56972
2011-08-22,2033.5,2085.5,2028.5,2044.25,254185,56972
2011-08-23,2041.75,2129.25,2037.0,2126.0,273158,56972
2011-08-24,2118.0,2147.5,2096.25,2137.75,276696,56972
2011-08-25,2118.5,2152.0,2101.0,2110.0,301813,56972
2011-08-26,2118.0,2169.0,2080.75,2165.5,342143,56972
2011-08-28,2164.0,2169.0,2158.0,2166.5,923,56972
2011-08-29,2167.75,2225.0,2162.0,2220.5,198257,56972
2011-08-30,2219.25,2249.5,2201.25,2222.75,255352,56972
2011-08-31,2223.5,2268.5,2221.25,2243.5,284772,56972
2011-09-01,2243.0,2263.75,2214.75,2219.0,262783,56972
2011-09-02,2216.0,2221.75,2155.75,2165.75,269350,56972
2011-09-04,2159.5,2159.5,2150.0,2157.5,934,56972
2011-09-05,2158.5,2159.5,2108.25,2116.0,32234,56972
2011-09-06,2117.0,2172.75,2111.25,2169.0,308919,56972
2011-09-07,2170.0,2228.75,2168.5,2225.25,251036,56972
2011-09-08,2228.5,2244.0,2203.25,2214.5,215537,56972
2011-09-09,2210.75,2227.75,2149.75,2169.25,97445,56972
2011-09-11,2159.75,2159.75,2140.5,2156.0,624,56972
2011-09-12,2157.0,2210.25,2122.0,2201.75,64483,56972
2011-09-13,2200.75,2225.75,2166.75,2219.0,41366,56972
2011-09-14,2213.75,2278.25,2191.75,2248.0,37418,56972
2011-09-15,2254.25,2295.5,2245.0,2295.5,25821,56972
2011-09-16,2288.0,2298.5,2275.5,2291.25,1065,56972
2011-09-18,2288.0,2288.0,2276.0,2280.5,3043,12038
2011-09-19,2280.25,2314.5,2254.25,2300.0,318398,12038
2011-09-20,2291.25,2332.5,2283.75,2299.0,324499,12038
2011-09-21,2299.75,2318.0,2241.25,2246.75,354158,12038
2011-09-22,2245.75,2249.5,2144.5,2185.5,581174,12038
2011-09-23,2188.0,2210.25,2134.0,2203.5,395339,12038
2011-09-25,2190.5,2227.0,2187.25,2223.0,3748,12038
2011-09-26,2223.25,2232.5,2162.25,2224.5,388822,12038
2011-09-27,2222.0,2285.25,2221.25,2253.0,352464,12038
2011-09-28,2249.5,2275.75,2211.5,2215.75,324023,12038
2011-09-29,2213.25,2259.75,2152.5,2196.0,405839,12038
2011-09-30,2193.25,2195.25,2122.25,2123.5,384203,12038
2011-10-02,2126.5,2132.0,2118.0,2130.75,2698,12038
2011-10-03,2129.5,2148.0,2060.0,2062.5,454009,12038
2011-10-04,2065.25,2126.75,2035.75,2117.0,540844,12038
2011-10-05,2120.25,2182.0,2099.25,2171.75,402831,12038
2011-10-06,2153.75,2213.75,2148.5,2207.25,381726,12038
2011-10-07,2206.25,2227.0,2183.75,2204.5,352379,12038
2011-10-09,2206.0,2218.0,2203.0,2217.0,1695,12038
2011-10-10,2217.5,2278.25,2217.5,2273.75,224176,12038
2011-10-11,2274.5,2296.25,2262.25,2285.5,241001,12038
2011-10-12,2282.5,2329.0,2274.5,2299.25,304666,12038
2011-10-13,2298.25,2336.25,2289.0,2330.0,316687,12038
2011-10-14,2327.5,2369.0,2320.25,2367.25,271513,12038
2011-10-16,2367.25,2372.75,2365.0,2370.25,1188,12038
2011-10-17,2370.25,2388.5,2311.75,2313.75,316657,12038
2011-10-18,2320.25,2371.5,2304.75,2340.25,393062,12038
2011-10-19,2341.25,2356.25,2305.75,2319.75,321623,12038
2011-10-20,2320.5,2332.75,2268.5,2297.5,345864,12038
2011-10-21,2300.75,2345.5,2299.5,2334.5,258626,12038
2011-10-23,2326.75,2334.0,2320.25,2332.25,1506,12038
2011-10-24,2332.0,2385.75,2325.25,2372.0,242681,12038
2011-10-25,2371.0,2386.75,2316.0,2324.25,324092,12038
2011-10-26,2323.0,2350.25,2286.75,2339.25,322476,12038
2011-10-27,2334.75,2408.75,2330.0,2397.25,329893,12038
2011-10-28,2398.75,2401.75,2378.5,2399.75,211388,12038
2011-10-30,2397.75,2398.0,2385.5,2386.5,1200,12038
2011-10-31,2386.5,2393.5,2345.5,2345.75,244730,12038
2011-11-01,2347.5,2355.75,2282.75,2309.75,445542,12038
2011-11-02,2298.5,2329.75,2293.25,2322.5,284965,12038
2011-11-03,2307.75,2366.5,2279.0,2362.5,320996,12038
2011-11-04,2361.75,2364.5,2327.0,2353.0,233474,12038
2011-11-06,2356.5,2366.0,2354.0,2357.25,1043,12038
2011-11-07,2357.25,2379.75,2319.5,2377.5,246544,12038
2011-11-08,2371.75,2399.5,2355.25,2396.5,250137,12038
2011-11-09,2395.75,2397.0,2302.5,2314.75,337700,12038
2011-11-10,2309.25,2344.0,2286.5,2308.75,301635,12038
2011-11-11,2307.75,2360.25,2301.5,2352.75,186207,12038
2011-11-13,2355.0,2366.5,2354.5,2362.75,2134,12038
2011-11-14,2362.75,2364.5,2329.75,2342.0,182731,12038
2011-11-15,2343.75,2374.25,2310.0,2362.75,257685,12038
2011-11-16,2360.5,2371.5,2304.75,2310.5,287546,12038
2011-11-17,2311.0,2332.75,2256.0,2269.75,367817,12038
2011-11-18,2263.5,2290.0,2249.0,2251.0,256135,12038
2011-11-20,2244.0,2244.0,2234.0,2240.0,1905,12038
2011-11-21,2239.75,2242.5,2187.0,2209.5,301216,12038
2011-11-22,2213.75,2226.75,2190.75,2214.0,262723,12038
2011-11-23,2216.25,2216.25,2161.75,2166.0,251730,12038
2011-11-24,2167.25,2184.5,2151.0,2157.25,26355,12038
2011-11-25,2158.5,2182.5,2135.75,2149.5,135469,12038
2011-11-27,2183.0,2189.25,2178.25,2181.0,3211,12038
2011-11-28,2181.0,2228.0,2180.25,2222.25,286410,12038
2011-11-29,2220.5,2245.0,2201.5,2205.5,273475,12038
2011-11-30,2205.0,2297.5,2196.25,2296.0,295838,12038
2011-12-01,2294.5,2315.5,2284.0,2309.75,224896,12038
2011-12-02,2310.0,2344.75,2300.75,2304.75,200332,12038
2011-12-04,2309.0,2320.75,2309.0,2315.0,1263,12038
2011-12-05,2314.75,2343.75,2311.5,2325.5,227733,12038
2011-12-06,2323.0,2341.5,2312.75,2323.0,208987,12038
2011-12-07,2325.75,2343.75,2291.5,2327.75,254276,12038
2011-12-08,2323.75,2341.0,2274.5,2274.5,188945,12038
2011-12-09,2279.5,2327.0,2269.0,2323.75,75671,12038
2011-12-11,2321.5,2323.5,2320.0,2322.0,70,12038
2011-12-12,2322.0,2325.5,2273.25,2293.25,32543,12038
2011-12-13,2296.0,2318.0,2258.25,2270.75,26045,12038
2011-12-14,2269.5,2279.75,2220.0,2228.5,20789,12038
2011-12-15,2232.5,2255.75,2219.5,2227.25,7885,12038
2011-12-16,2231.75,2249.0,2231.25,2239.0,536,12038
2011-12-18,2235.0,2238.5,2232.5,2233.5,994,8870
2011-12-19,2234.0,2251.0,2204.25,2215.75,184353,8870
2011-12-20,2220.5,2283.25,2218.0,2268.0,230747,8870
2011-12-21,2267.0,2291.25,2217.75,2241.0,245494,8870
2011-12-22,2241.75,2267.75,2234.5,2263.75,128441,8870
2011-12-23,2267.25,2283.25,2262.0,2279.5,71916,8870
2011-12-27,2280.0,2296.5,2275.0,2284.25,74390,8870
2011-12-28,2282.25,2292.25,2253.75,2265.25,128224,8870
2011-12-29,2265.0,2282.0,2258.25,2279.25,100453,8870
2011-12-30,2279.25,2284.5,2270.25,2274.75,68763,8870
2012-01-03,2312.5,2328.25,2308.0,2317.75,178293,8870
2012-01-04,2317.0,2329.5,2302.5,2328.75,142671,8870
2012-01-05,2327.75,2347.5,2309.25,2340.0,195439,8870
2012-01-06,2342.75,2358.75,2332.5,2354.0,157922,8870
2012-01-08,2353.25,2355.5,2343.75,2345.75,1062,8870
2012-01-09,2346.0,2363.5,2338.5,2348.25,152344,8870
2012-01-10,2351.75,2378.25,2351.75,2358.0,148823,8870
2012-01-11,2357.25,2373.25,2352.5,2367.5,171509,8870
2012-01-12,2367.25,2383.0,2355.75,2380.5,160767,8870
2012-01-13,2380.75,2386.75,2348.5,2374.75,198338,8870
2012-01-15,2367.25,2372.0,2365.75,2370.25,524,8870
2012-01-16,2369.75,2385.5,2361.5,2383.5,14320,8870
2012-01-17,2383.75,2401.0,2381.75,2391.75,176242,8870
2012-01-18,2393.25,2423.0,2387.75,2421.5,215387,8870
2012-01-19,2421.0,2442.5,2418.5,2428.75,186236,8870
2012-01-20,2428.5,2437.0,2422.75,2435.75,150454,8870
2012-01-22,2430.0,2432.0,2426.5,2427.5,599,8870
2012-01-23,2428.0,2452.25,2420.75,2434.25,166059,8870
2012-01-24,2436.25,2469.0,2419.5,2463.0,161800,8870
2012-01-25,2461.25,2467.25,2436.75,2459.0,234429,8870
2012-01-26,2457.0,2476.0,2440.75,2453.5,186512,8870
2012-01-27,2451.0,2464.5,2444.75,2455.5,169037,8870
2012-01-29,2460.0,2460.5,2455.0,2455.75,692,8870
2012-01-30,2455.5,2465.5,2429.25,2463.25,182436,8870
2012-01-31,2463.0,2478.5,2448.75,2456.25,272407,8870
2012-02-01,2455.75,2494.25,2453.5,2489.25,206556,8870
2012-02-02,2489.75,2500.75,2479.5,2492.0,190558,8870
2012-02-03,2491.75,2530.0,2489.75,2523.5,168101,8870
2012-02-05,2519.75,2521.0,2510.5,2520.5,929,8870
2012-02-06,2520.5,2527.75,2510.5,2526.75,156132,8870
2012-02-07,2526.75,2534.75,2511.75,2528.25,176450,8870
2012-02-08,2527.5,2547.5,2521.0,2537.25,202493,8870
2012-02-09,2539.5,2565.0,2536.0,2559.5,241221,8870
2012-02-10,2560.0,2560.5,2535.25,2549.25,227842,8870
2012-02-12,2556.75,2561.0,2555.75,2558.5,1636,8870
2012-02-13,2558.75,2571.25,2551.75,2568.25,165197,8870
2012-02-14,2564.5,2577.5,2553.25,2576.25,191151,8870
2012-02-15,2576.25,2600.5,2549.25,2552.5,372819,8870
2012-02-16,2550.25,2597.5,2542.75,2593.75,306232,8870
2012-02-17,2593.0,2597.25,2572.0,2582.25,197047,8870
2012-02-19,2593.75,2597.25,2593.5,2596.5,1530,8870
2012-02-20,2596.75,2599.75,2583.5,2584.75,15249,8870
2012-02-21,2585.0,2601.75,2574.25,2591.0,171287,8870
2012-02-22,2591.25,2600.5,2575.25,2578.5,186141,8870
2012-02-23,2580.0,2605.0,2569.25,2603.0,231021,8870
2012-02-24,2604.5,2609.5,2598.0,2601.5,145678,8870
2012-02-26,2602.5,2605.75,2601.5,2603.75,409,8870
2012-02-27,2603.5,2616.75,2578.75,2608.5,209434,8870
2012-02-28,2609.0,2635.0,2607.5,2631.5,200324,8870
2012-02-29,2632.0,2645.25,2614.25,2617.75,260222,8870
2012-03-01,2622.75,2649.25,2616.5,2648.25,255812,8870
2012-03-02,2648.25,2650.0,2632.75,2643.75,177400,8870
2012-03-04,2639.75,2645.0,2639.75,2641.75,561,8870
2012-03-05,2641.5,2644.25,2605.5,2614.5,220634,8870
2012-03-06,2616.0,2617.5,2575.0,2590.75,285292,8870
2012-03-07,2594.25,2614.5,2592.5,2606.75,236610,8870
2012-03-08,2606.75,2644.25,2604.5,2636.5,161996,8870
2012-03-09,2636.25,2652.5,2631.5,2648.0,68713,8870
2012-03-11,2649.25,2649.25,2640.75,2646.75,241,8870
2012-03-12,2646.75,2652.5,2635.25,2651.0,34125,8870
2012-03-13,2651.25,2702.25,2651.25,2697.5,36030,8870
2012-03-14,2695.75,2717.5,2690.75,2702.0,22360,8870
2012-03-15,2704.0,2721.25,2702.0,2714.0,13859,8870
2012-03-16,2714.25,2724.0,2712.25,2719.75,806,8870
2012-03-18,2708.5,2714.25,2707.5,2713.75,2027,20924
2012-03-19,2714.0,2735.0,2700.25,2730.0,229132,20924
2012-03-20,2728.25,2738.75,2707.25,2735.25,213510,20924
2012-03-21,2733.75,2748.5,2730.0,2733.75,209490,20924
2012-03-22,2736.75,2740.75,2715.5,2733.5,233330,20924
2012-03-23,2733.0,2746.5,2710.75,2730.75,196585,20924
2012-03-25,2729.75,2738.0,2729.0,2737.5,1219,20924
2012-03-26,2737.5,2779.5,2731.25,2778.0,202846,20924
2012-03-27,2778.5,2789.5,2772.0,2775.0,177571,20924
2012-03-28,2778.0,2790.25,2750.25,2768.0,238706,20924
2012-03-29,2769.5,2773.25,2737.0,2755.75,247099,20924
2012-03-30,2755.75,2773.25,2740.25,2753.75,207309,20924
2012-04-01,2758.0,2764.75,2758.0,2761.75,2742,20924
2012-04-02,2761.75,2783.75,2743.5,2776.5,209564,20924
2012-04-03,2778.25,2791.5,2763.0,2777.25,252282,20924
2012-04-04,2775.75,2776.25,2724.75,2735.0,273165,20924
2012-04-05,2738.25,2760.75,2722.5,2756.25,226016,20924
2012-04-06,2755.0,2761.25,2719.0,2725.25,13724,20924
2012-04-08,2725.75,2727.75,2720.0,2724.0,1544,20924
2012-04-09,2724.0,2748.0,2718.75,2731.0,192890,20924
2012-04-10,2731.5,2746.0,2684.25,2702.0,383406,20924
2012-04-11,2702.5,2723.75,2698.5,2708.25,270217,20924
2012-04-12,2708.25,2740.25,2704.75,2734.75,284666,20924
2012-04-13,2737.25,2742.75,2691.0,2691.75,290258,20924
2012-04-15,2694.75,2695.75,2686.75,2690.5,2175,20924
2012-04-16,2690.5,2710.0,2656.5,2664.25,396064,20924
2012-04-17,2664.0,2728.25,2654.25,2713.25,301508,20924
2012-04-18,2718.0,2728.25,2694.5,2705.75,288341,20924
2012-04-19,2703.0,2735.0,2671.5,2686.0,433947,20924
2012-04-20,2689.5,2708.0,2669.75,2674.0,289836,20924
2012-04-22,2671.0,2673.5,2666.5,2671.25,1113,20924
2012-04-23,2671.0,2675.0,2625.0,2655.0,319515,20924
2012-04-24,2652.5,2675.0,2624.75,2669.5,293197,20924
2012-04-25,2671.75,2706.75,2665.25,2705.75,311204,20924
2012-04-26,2705.25,2729.75,2695.0,2717.75,214052,20924
2012-04-27,2715.75,2746.0,2708.75,2738.0,203612,20924
2012-04-29,2741.0,2744.25,2739.25,2740.25,1298,20924
2012-04-30,2739.75,2744.0,2715.5,2720.75,198929,20924
2012-05-01,2720.5,2753.0,2710.5,2718.25,180675,20924
2012-05-02,2720.5,2732.0,2702.5,2728.75,219064,20924
2012-05-03,2728.5,2738.25,2692.75,2694.75,273610,20924
2012-05-04,2695.75,2700.5,2625.25,2626.5,318183,20924
2012-05-06,2610.25,2612.0,2586.5,2598.75,6473,20924
2012-05-07,2599.0,2648.25,2593.25,2638.25,231575,20924
2012-05-08,2640.25,2641.5,2583.25,2625.25,327953,20924
2012-05-09,2623.0,2632.25,2584.25,2603.0,375872,20924
2012-05-10,2607.25,2636.5,2600.25,2605.5,312671,20924
2012-05-11,2603.75,2640.25,2597.5,2612.5,261030,20924
2012-05-13,2602.0,2605.5,2594.75,2602.5,2810,20924
2012-05-14,2602.5,2613.0,2581.5,2586.5,244510,20924
2012-05-15,2591.5,2616.25,2574.5,2581.5,325512,20924
2012-05-16,2583.0,2596.0,2555.25,2558.0,283564,20924
2012-05-17,2563.25,2571.0,2505.0,2512.25,350064,20924
2012-05-18,2512.5,2521.75,2468.0,2469.75,418147,20924
2012-05-20,2472.5,2478.5,2465.0,2478.0,3316,20924
2012-05-21,2478.0,2546.5,2475.5,2544.0,298073,20924
2012-05-22,2546.0,2561.5,2522.25,2535.0,293024,20924
2012-05-23,2532.5,2552.25,2497.5,2541.25,313524,20924
2012-05-24,2531.5,2556.25,2510.25,2538.25,286091,20924
2012-05-25,2536.0,2551.5,2518.25,2526.0,185322,20924
2012-05-27,2533.25,2538.0,2533.25,2537.25,1451,20924
2012-05-28,2537.25,2550.0,2533.75,2535.5,15658,20924
2012-05-29,2535.25,2570.0,2531.5,2557.75,274839,20924
2012-05-30,2555.0,2556.0,2520.25,2530.0,307064,20924
2012-05-31,2530.75,2542.5,2506.0,2519.25,306881,20924
2012-06-01,2522.0,2522.0,2454.0,2454.75,360372,20924
2012-06-03,2460.0,2461.0,2434.0,2436.25,4832,20924
2012-06-04,2436.5,2480.25,2433.75,2471.0,280176,20924
2012-06-05,2475.75,2499.0,2459.5,2489.5,208221,20924
2012-06-06,2495.25,2555.0,2492.5,2552.5,268432,20924
2012-06-07,2553.75,2570.5,2532.0,2537.75,228218,20924
2012-06-08,2538.75,2564.25,2517.75,2564.0,84510,20924
2012-06-10,2587.0,2604.0,2584.5,2594.0,1258,20924
2012-06-11,2594.75,2597.25,2511.5,2516.25,62823,20924
2012-06-12,2516.75,2551.75,2510.25,2547.5,31136,20924
2012-06-13,2546.75,2557.75,2519.5,2530.75,16355,20924
2012-06-14,2530.75,2548.25,2515.0,2541.75,15844,20924
2012-06-15,2541.25,2554.0,2539.25,2544.75,1251,20924
2012-06-17,2580.25,2586.0,2571.5,2577.5,4283,57494
2012-06-18,2578.0,2595.75,2549.25,2593.0,214593,57494
2012-06-19,2593.25,2626.0,2585.0,2612.0,216063,57494
2012-06-20,2613.25,2628.25,2597.5,2619.75,257921,57494
2012-06-21,2615.5,2620.5,2548.5,2557.0,289330,57494
2012-06-22,2554.75,2581.75,2548.5,2575.0,252131,57494
2012-06-24,2573.75,2577.25,2567.25,2569.5,939,57494
2012-06-25,2569.75,2570.25,2521.0,2529.25,187115,57494
2012-06-26,2531.75,2551.75,2525.25,2547.5,193838,57494
2012-06-27,2545.0,2571.5,2542.5,2558.25,184696,57494
2012-06-28,2556.25,2564.75,2503.5,2527.0,265665,57494
2012-06-29,2521.75,2616.25,2518.75,2612.5,250702,57494
2012-07-01,2612.0,2615.5,2609.25,2611.5,1715,57494
2012-07-02,2611.0,2620.25,2599.5,2616.5,187006,57494
2012-07-03,2614.0,2643.0,2613.5,2641.25,106096,57494
2012-07-04,2641.0,2644.75,2632.75,2642.0,15083,57494
2012-07-05,2637.5,2655.75,2624.5,2641.5,204003,57494
2012-07-06,2642.5,2643.75,2590.5,2610.25,252505,57494
2012-07-08,2602.5,2605.75,2602.5,2602.75,792,57494
2012-07-09,2602.75,2615.5,2591.5,2602.5,164200,57494
2012-07-10,2604.75,2625.5,2568.5,2576.5,249719,57494
2012-07-11,2576.5,2589.25,2543.0,2569.75,228731,57494
2012-07-12,2567.5,2567.5,2516.5,2541.25,235255,57494
2012-07-13,2540.75,2584.75,2540.25,2578.25,185698,57494
2012-07-15,2577.25,2577.75,2573.25,2574.5,947,57494
2012-07-16,2574.5,2584.5,2561.25,2570.5,158332,57494
2012-07-17,2571.0,2594.0,2548.0,2587.25,269849,57494
2012-07-18,2587.0,2633.5,2576.75,2633.0,248734,57494
2012-07-19,2629.5,2658.0,2629.0,2654.25,251061,57494
2012-07-20,2652.25,2657.5,2612.75,2615.0,235851,57494
2012-07-22,2609.0,2613.0,2605.5,2606.25,1715,57494
2012-07-23,2606.5,2608.25,2543.25,2572.25,276962,57494
2012-07-24,2577.0,2590.0,2516.75,2524.0,294100,57494
2012-07-25,2519.0,2560.75,2518.0,2546.25,258937,57494
2012-07-26,2544.75,2593.5,2529.75,2577.25,290451,57494
2012-07-27,2575.75,2646.0,2572.5,2642.0,283297,57494
2012-07-29,2640.0,2641.75,2637.25,2637.5,1290,57494
2012-07-30,2637.5,2657.75,2628.25,2638.5,232141,57494
2012-07-31,2636.75,2652.5,2631.0,2636.25,215971,57494
2012-08-01,2635.75,2656.25,2618.5,2625.0,252153,57494
2012-08-02,2628.5,2648.75,2600.0,2619.25,302850,57494
2012-08-03,2618.25,2681.25,2616.0,2673.25,224352,57494
2012-08-05,2675.0,2680.0,2671.75,2677.75,1403,57494
2012-08-06,2677.5,2701.75,2673.0,2687.75,160110,57494
2012-08-07,2687.5,2723.0,2686.25,2707.5,187715,57494
2012-08-08,2708.0,2717.0,2700.75,2706.5,175588,57494
2012-08-09,2706.5,2723.25,2703.5,2716.25,151954,57494
2012-08-10,2715.25,2723.0,2702.25,2722.5,144685,57494
2012-08-12,2720.0,2722.0,2717.75,2717.75,816,57494
2012-08-13,2718.0,2729.75,2705.75,2729.5,148253,57494
2012-08-14,2726.5,2743.0,2720.75,2724.75,188269,57494
2012-08-15,2724.75,2742.5,2718.5,2740.75,162278,57494
2012-08-16,2740.75,2774.0,2738.25,2766.75,208312,57494
2012-08-17,2766.5,2780.5,2763.25,2776.75,150222,57494
2012-08-19,2774.75,2780.25,2774.75,2777.5,970,57494
2012-08-20,2777.25,2784.25,2767.0,2782.0,187398,57494
2012-08-21,2781.75,2802.5,2761.5,2771.75,242488,57494
2012-08-22,2771.0,2789.75,2759.0,2783.75,247175,57494
2012-08-23,2783.75,2792.5,2754.0,2762.5,213291,57494
2012-08-24,2762.25,2785.25,2750.5,2777.75,187683,57494
2012-08-26,2784.0,2788.5,2781.75,2785.25,2356,57494
2012-08-27,2785.0,2795.75,2776.5,2785.0,138337,57494
2012-08-28,2785.0,2790.5,2771.0,2784.25,172695,57494
2012-08-29,2784.25,2790.5,2771.25,2781.25,133675,57494
2012-08-30,2781.0,2781.5,2750.25,2753.5,164941,57494
2012-08-31,2753.25,2785.25,2745.25,2770.5,292148,57494
2012-09-02,2773.0,2774.75,2766.75,2766.75,1320,57494
2012-09-03,2767.25,2781.5,2759.75,2777.0,15779,57494
2012-09-04,2777.0,2782.75,2742.75,2770.5,219745,57494
2012-09-05,2770.25,2780.75,2757.0,2768.75,215620,57494
2012-09-06,2768.75,2830.0,2767.25,2826.25,266924,57494
2012-09-07,2826.25,2836.25,2817.0,2823.75,191995,57494
2012-09-09,2822.25,2822.75,2819.25,2820.25,540,57494
2012-09-10,2820.5,2823.75,2781.75,2785.25,186234,57494
2012-09-11,2785.25,2799.75,2777.75,2780.0,165688,57494
2012-09-12,2780.0,2800.25,2775.25,2794.0,223045,57494
2012-09-13,2794.0,2842.0,2785.25,2832.5,309039,57494
2012-09-14,2832.5,2865.25,2832.0,2858.25,77356,57494
2012-09-16,2858.0,2858.0,2850.25,2850.5,297,57494
2012-09-17,2851.0,2858.5,2845.75,2854.25,30499,57494
2012-09-18,2854.25,2860.0,2843.75,2860.0,17982,57494
2012-09-19,2859.5,2872.0,2849.75,2860.75,13590,57494
2012-09-20,2860.25,2863.75,2842.75,2861.75,9874,57494
2012-09-21,2865.25,2877.5,2864.0,2876.0,1027,57494
2012-09-23,2852.0,2857.25,2850.75,2856.0,859,10016
2012-09-24,2855.75,2856.5,2826.25,2839.75,204564,10016
2012-09-25,2839.75,2853.0,2798.25,2805.25,236344,10016
2012-09-26,2805.0,2807.25,2762.25,2780.0,253101,10016
2012-09-27,2779.75,2821.25,2778.0,2816.0,219268,10016
2012-09-28,2816.0,2819.25,2788.75,2791.25,241105,10016
2012-09-30,2789.0,2790.25,2779.75,2783.25,2448,10016
2012-10-01,2783.25,2822.5,2777.75,2787.75,259828,10016
2012-10-02,2787.5,2807.75,2772.5,2793.5,221969,10016
2012-10-03,2793.75,2819.0,2788.0,2814.0,204387,10016
2012-10-04,2813.5,2830.0,2807.75,2822.25,193231,10016
2012-10-05,2823.75,2840.75,2799.75,2804.25,209456,10016
2012-10-07,2806.25,2808.0,2800.0,2801.75,1446,10016
2012-10-08,2801.75,2803.0,2774.5,2777.0,191048,10016
2012-10-09,2780.75,2786.75,2727.0,2728.5,335080,10016
2012-10-10,2728.75,2743.75,2714.5,2716.5,259896,10016
2012-10-11,2718.5,2745.5,2712.0,2716.5,245708,10016
2012-10-12,2717.25,2728.25,2707.25,2712.0,206908,10016
2012-10-14,2713.0,2717.0,2710.0,2710.25,1465,10016
2012-10-15,2710.25,2736.75,2705.0,2736.25,218526,10016
2012-10-16,2736.0,2777.25,2729.75,2765.5,236224,10016
2012-10-17,2765.5,2778.75,2753.5,2771.0,226136,10016
2012-10-18,2770.5,2774.0,2727.5,2736.0,334361,10016
2012-10-19,2736.0,2737.5,2664.0,2666.25,335922,10016
2012-10-21,2664.5,2668.25,2657.5,2661.25,2176,10016
2012-10-22,2661.5,2695.25,2661.25,2694.5,278447,10016
2012-10-23,2694.5,2694.5,2651.5,2665.25,356100,10016
2012-10-24,2665.5,2680.5,2646.25,2652.5,261666,10016
2012-10-25,2652.75,2673.5,2604.5,2645.75,308284,10016
2012-10-26,2645.5,2669.25,2623.75,2659.75,321472,10016
2012-10-28,2654.5,2658.5,2647.5,2651.5,1537,10016
2012-10-29,2651.25,2656.5,2632.5,2638.25,19615,10016
2012-10-30,2638.25,2662.25,2626.0,2657.5,17445,10016
2012-10-31,2657.5,2676.75,2629.25,2633.25,329697,10016
2012-11-01,2633.25,2689.0,2627.25,2686.25,283243,10016
2012-11-02,2686.0,2694.0,2641.5,2642.5,286397,10016
2012-11-04,2640.5,2644.0,2634.75,2639.0,1210,10016
2012-11-05,2639.0,2673.5,2636.75,2656.5,253405,10016
2012-11-06,2657.5,2691.75,2656.75,2674.0,246034,10016
2012-11-07,2673.75,2688.0,2599.0,2616.75,402181,10016
2012-11-08,2617.75,2623.25,2568.5,2576.75,383688,10016
2012-11-09,2576.75,2607.25,2556.25,2582.75,365326,10016
2012-11-11,2581.5,2585.75,2577.25,2580.75,1146,10016
2012-11-12,2580.5,2597.25,2572.0,2577.75,191962,10016
2012-11-13,2578.0,2585.75,2553.0,2574.25,318865,10016
2012-11-14,2571.0,2585.75,2526.5,2530.5,362053,10016
2012-11-15,2532.5,2541.0,2512.75,2521.75,336038,10016
2012-11-16,2522.25,2539.25,2492.0,2534.75,341430,10016
2012-11-18,2535.0,2543.0,2534.5,2542.75,1808,10016
2012-11-19,2543.0,2594.25,2537.5,2583.75,271052,10016
2012-11-20,2584.0,2596.75,2568.0,2592.5,226879,10016
2012-11-21,2591.75,2602.0,2577.0,2598.75,164266,10016
2012-11-22,2600.75,2602.25,2600.0,2601.5,99,10016
2012-11-23,2601.5,2638.75,2596.25,2634.5,120113,10016
2012-11-25,2633.0,2633.75,2626.5,2627.0,1588,10016
2012-11-26,2627.25,2650.75,2623.0,2650.25,202035,10016
2012-11-27,2650.0,2658.75,2636.5,2638.5,267053,10016
2012-11-28,2638.75,2665.5,2611.5,2660.25,308718,10016
2012-11-29,2660.5,2688.5,2660.25,2673.5,273868,10016
2012-11-30,2673.25,2689.75,2667.25,2680.5,212795,10016
2012-12-02,2676.0,2680.25,2675.75,2678.75,1763,10016
2012-12-03,2678.5,2698.5,2666.25,2667.5,217584,10016
2012-12-04,2669.0,2675.75,2650.25,2661.0,259211,10016
2012-12-05,2660.75,2679.25,2623.0,2639.5,360719,10016
2012-12-06,2639.75,2662.0,2622.5,2655.75,296762,10016
2012-12-07,2655.5,2673.25,2629.5,2637.5,273485,10016
2012-12-09,2637.0,2640.25,2635.5,2639.25,386,10016
2012-12-10,2639.5,2660.75,2625.75,2646.5,211072,10016
2012-12-11,2646.25,2696.5,2644.25,2686.75,263147,10016
2012-12-12,2686.5,2696.0,2668.0,2670.5,262872,10016
2012-12-13,2673.0,2689.25,2642.5,2658.75,252589,10016
2012-12-14,2658.0,2662.75,2620.0,2632.0,83381,10016
2012-12-16,2635.25,2643.5,2635.25,2639.75,491,10016
2012-12-17,2639.5,2681.5,2614.0,2668.0,43185,10016
2012-12-18,2668.0,2709.25,2666.75,2704.25,36368,10016
2012-12-19,2704.25,2716.0,2687.0,2689.0,16348,10016
2012-12-20,2689.0,2704.0,2679.75,2696.0,9947,10016
2012-12-21,2693.5,2694.25,2640.25,2650.5,1508,10016
2012-12-23,2660.0,2662.75,2657.0,2660.0,908,36931
2012-12-24,2660.0,2660.25,2646.5,2650.0,39391,36931
2012-12-26,2653.5,2658.75,2622.0,2631.0,83319,36931
2012-12-27,2631.5,2637.75,2593.5,2627.75,211468,36931
2012-12-28,2627.75,2628.5,2582.5,2585.0,148599,36931
2012-12-30,2590.25,2594.0,2580.0,2590.5,2228,36931
2012-12-31,2590.5,2665.0,2581.25,2659.25,196532,36931
2013-01-02,2686.25,2742.75,2686.25,2740.0,286708,36931
2013-01-03,2737.5,2747.0,2719.0,2727.5,216223,36931
2013-01-04,2724.25,2736.0,2711.25,2715.75,212482,36931
2013-01-06,2716.25,2717.5,2714.25,2716.25,504,36931
2013-01-07,2716.0,2722.75,2702.5,2717.5,174511,36931
2013-01-08,2717.25,2724.75,2698.5,2715.0,200767,36931
2013-01-09,2716.5,2730.25,2711.25,2721.25,159297,36931
2013-01-10,2721.75,2744.5,2713.75,2742.25,245183,36931
2013-01-11,2742.0,2744.5,2732.25,2743.25,139639,36931
2013-01-13,2744.0,2744.0,2740.25,2741.5,492,36931
2013-01-14,2741.75,2750.25,2719.25,2731.0,207299,36931
2013-01-15,2731.0,2732.25,2705.25,2719.25,211018,36931
2013-01-16,2720.75,2737.5,2710.5,2724.75,181575,36931
2013-01-17,2724.75,2752.0,2716.5,2734.75,211061,36931
2013-01-18,2734.75,2741.75,2722.5,2736.0,170576,36931
2013-01-21,2741.25,2742.5,2741.0,2742.25,209,36931
2013-01-22,2742.25,2758.0,2720.75,2757.5,185676,36931
2013-01-23,2756.0,2768.75,2707.75,2714.0,195021,36931
2013-01-24,2714.0,2743.0,2711.75,2713.25,283453,36931
2013-01-25,2714.75,2739.5,2712.75,2729.0,233856,36931
2013-01-27,2729.5,2729.5,2726.75,2728.25,397,36931
2013-01-28,2728.25,2747.5,2726.25,2734.25,202521,36931
2013-01-29,2734.5,2747.0,2716.25,2746.0,221904,36931
2013-01-30,2744.5,2751.75,2726.25,2734.75,251816,36931
2013-01-31,2734.75,2746.25,2723.75,2734.75,217365,36931
2013-02-01,2734.75,2764.0,2730.5,2756.25,221831,36931
2013-02-03,2759.25,2759.25,2752.5,2753.25,912,36931
2013-02-04,2753.0,2758.5,2709.0,2709.75,275625,36931
2013-02-05,2711.25,2759.25,2710.75,2752.0,242869,36931
2013-02-06,2752.0,2757.0,2733.0,2738.25,217557,36931
2013-02-07,2738.25,2748.75,2712.75,2742.25,272903,36931
2013-02-08,2742.5,2778.5,2741.0,2772.0,210525,36931
2013-02-10,2771.25,2776.75,2771.0,2776.0,575,36931
2013-02-11,2776.0,2780.75,2763.5,2770.25,146239,36931
2013-02-12,2770.0,2774.5,2758.75,2765.5,170553,36931
2013-02-13,2765.5,2781.75,2762.75,2767.0,163977,36931
2013-02-14,2766.5,2775.0,2756.0,2771.25,155111,36931
2013-02-15,2769.25,2776.75,2754.25,2761.5,169369,36931
2013-02-18,2763.75,2764.5,2761.75,2762.5,228,36931
2013-02-19,2762.5,2786.0,2760.25,2785.5,154314,36931
2013-02-20,2783.5,2786.5,2725.0,2738.0,230366,36931
2013-02-21,2738.0,2741.0,2699.5,2716.0,283581,36931
2013-02-22,2717.75,2739.0,2714.25,2735.5,185714,36931
2013-02-24,2736.75,2738.75,2736.0,2738.5,1212,36931
2013-02-25,2738.75,2764.5,2691.75,2701.5,381594,36931
2013-02-26,2706.25,2718.25,2689.0,2711.5,318217,36931
2013-02-27,2710.75,2757.75,2703.25,2741.5,279783,36931
2013-02-28,2741.5,2761.5,2729.25,2731.5,248523,36931
2013-03-01,2732.0,2751.5,2711.75,2749.0,277086,36931
2013-03-03,2745.5,2746.25,2744.0,2745.25,608,36931
2013-03-04,2745.0,2764.0,2732.75,2763.75,239396,36931
2013-03-05,2764.0,2803.75,2761.0,2801.0,241115,36931
2013-03-06,2800.0,2809.25,2788.75,2791.75,200248,36931
2013-03-07,2790.0,2804.5,2788.5,2799.25,142373,36931
2013-03-08,2797.0,2827.75,2792.5,2803.75,64835,36931
2013-03-10,2801.5,2801.5,2795.5,2797.75,333,36931
2013-03-11,2797.75,2812.25,2791.25,2810.0,28101,36931
2013-03-12,2809.5,2810.25,2787.75,2802.75,27736,36931
2013-03-13,2803.0,2808.5,2787.75,2799.5,21318,36931
2013-03-14,2799.5,2813.25,2797.5,2806.75,12540,36931
2013-03-15,2806.75,2811.5,2804.75,2807.0,881,36931
2013-03-17,2774.0,2774.0,2752.0,2761.5,4168,11518
2013-03-18,2761.5,2797.25,2748.25,2788.25,254127,11518
2013-03-19,2788.25,2800.0,2755.25,2774.75,281118,11518
2013-03-20,2775.0,2806.5,2771.75,2786.0,210711,11518
2013-03-21,2785.75,2788.0,2761.25,2769.25,220752,11518
2013-03-22,2769.25,2799.5,2763.25,2799.5,179783,11518
2013-03-24,2793.5,2809.75,2792.75,2806.5,3424,11518
2013-03-25,2806.5,2811.5,2771.0,2787.25,246785,11518
2013-03-26,2786.75,2804.0,2786.25,2802.25,168447,11518
2013-03-27,2802.25,2806.0,2776.5,2799.75,185852,11518
2013-03-28,2799.5,2814.75,2791.5,2813.25,144983,11518
2013-03-31,2811.0,2815.0,2811.0,2813.5,604,11518
2013-04-01,2813.25,2815.75,2784.25,2789.5,145791,11518
2013-04-02,2789.5,2823.0,2786.25,2814.25,214235,11518
2013-04-03,2814.25,2819.25,2780.25,2788.25,257220,11518
2013-04-04,2788.0,2801.5,2772.5,2782.25,226278,11518
2013-04-05,2782.75,2783.5,2737.5,2765.25,264572,11518
2013-04-07,2763.25,2767.25,2763.0,2765.5,1000,11518
2013-04-08,2765.5,2788.25,2757.0,2783.5,175650,11518
2013-04-09,2783.5,2809.75,2773.0,2800.5,237730,11518
2013-04-10,2796.75,2857.5,2794.75,2848.0,260460,11518
2013-04-11,2848.0,2858.5,2843.25,2853.5,197872,11518
2013-04-12,2853.75,2854.75,2828.25,2847.75,198417,11518
2013-04-14,2846.5,2848.0,2840.75,2843.5,999,11518
2013-04-15,2843.25,2851.0,2771.25,2794.5,327786,11518
2013-04-16,2794.5,2834.25,2791.5,2824.0,235596,11518
2013-04-17,2824.25,2828.5,2758.25,2778.75,378834,11518
2013-04-18,2779.0,2788.0,2724.0,2749.75,345576,11518
2013-04-19,2749.5,2779.5,2736.75,2771.5,271992,11518
2013-04-21,2772.5,2778.0,2770.75,2776.0,1233,11518
2013-04-22,2776.25,2812.5,2772.75,2798.75,229627,11518
2013-04-23,2798.75,2843.5,2785.0,2820.0,274163,11518
2013-04-24,2820.25,2838.25,2814.0,2821.0,250568,11518
2013-04-25,2821.0,2854.5,2819.0,2838.75,196414,11518
2013-04-26,2839.0,2844.75,2822.25,2833.75,164002,11518
2013-04-28,2833.75,2834.5,2829.75,2830.75,791,11518
2013-04-29,2830.5,2871.75,2827.5,2858.0,175249,11518
2013-04-30,2858.0,2884.25,2853.25,2883.25,189793,11518
2013-05-01,2883.25,2887.0,2862.25,2868.0,154038,11518
2013-05-02,2868.0,2910.5,2867.5,2903.0,198928,11518
2013-05-03,2903.0,2947.75,2900.25,2937.5,192439,11518
2013-05-05,2936.75,2944.25,2936.5,2942.0,2609,11518
2013-05-06,2942.0,2954.0,2937.0,2944.5,132913,11518
2013-05-07,2944.75,2956.75,2937.25,2945.0,176595,11518
2013-05-08,2945.0,2965.0,2941.75,2960.75,144271,11518
2013-05-09,2960.75,2978.25,2950.0,2963.0,182543,11518
2013-05-10,2963.0,2978.75,2958.75,2977.0,168623,11518
2013-05-12,2972.25,2972.25,2963.5,2965.5,1623,11518
2013-05-13,2965.5,2987.5,2960.5,2985.25,161211,11518
2013-05-14,2985.25,3005.0,2971.25,2994.75,191796,11518
2013-05-15,2994.75,3007.5,2982.5,3007.25,207276,11518
2013-05-16,3007.25,3019.0,2996.0,3001.5,202117,11518
2013-05-17,3001.5,3028.25,2998.75,3025.75,187453,11518
2013-05-19,3021.25,3023.75,3018.5,3020.5,2443,11518
2013-05-20,3020.5,3032.0,3010.0,3019.75,191254,11518
2013-05-21,3019.75,3036.75,3010.0,3023.25,184687,11518
2013-05-22,3023.25,3053.5,2983.75,3005.5,364052,11518
2013-05-23,3005.5,3007.5,2961.25,3000.0,312186,11518
2013-05-24,2999.75,3003.0,2963.5,2993.0,202713,11518
2013-05-27,3000.25,3001.0,2998.25,2999.75,315,11518
2013-05-28,3000.0,3036.75,2999.75,3006.0,225732,11518
2013-05-29,3006.0,3008.75,2978.25,2993.0,240443,11518
2013-05-30,2993.0,3025.5,2981.75,3009.5,214580,11518
2013-05-31,3009.25,3022.75,2976.25,2976.25,271952,11518
2013-06-02,2981.0,2986.5,2977.5,2983.0,2201,11518
2013-06-03,2983.0,2995.0,2950.0,2985.75,321300,11518
2013-06-04,2985.5,3007.0,2961.0,2973.25,279585,11518
2013-06-05,2973.5,2977.75,2932.0,2941.25,301459,11518
2013-06-06,2941.25,2954.0,2910.5,2947.75,279518,11518
2013-06-07,2947.5,2992.0,2940.0,2985.0,264786,11518
2013-06-09,2981.0,2982.5,2976.25,2982.0,1328,11518
2013-06-10,2982.0,3004.0,2981.25,2986.75,238408,11518
2013-06-11,2987.0,2988.5,2949.5,2966.25,306628,11518
2013-06-12,2966.5,2979.5,2919.5,2922.0,295842,11518
2013-06-13,2922.0,2969.5,2897.75,2967.25,243764,11518
2013-06-14,2966.75,2967.0,2938.75,2941.25,64025,11518
2013-06-16,2936.5,2955.0,2936.5,2950.0,212,11518
2013-06-17,2948.75,2989.75,2947.75,2972.25,35161,11518
2013-06-18,2971.75,3002.5,2971.0,2996.0,20353,11518
2013-06-19,2996.0,3003.5,2958.25,2959.25,26925,11518
2013-06-20,2958.75,2960.0,2882.25,2883.25,23585,11518
2013-06-21,2886.25,2907.5,2884.0,2896.0,721,11518
2013-06-23,2866.5,2870.75,2856.5,2868.5,1249,17591
2013-06-24,2868.25,2869.0,2817.75,2851.75,358679,17591
2013-06-25,2851.5,2873.75,2830.75,2852.75,257279,17591
2013-06-26,2852.75,2892.75,2845.75,2882.5,196262,17591
2013-06-27,2882.75,2918.25,2882.25,2898.75,173380,17591
2013-06-28,2898.75,2922.0,2884.25,2899.0,238790,17591
2013-06-30,2902.75,2907.75,2900.75,2903.5,940,17591
2013-07-01,2903.5,2946.75,2894.25,2921.0,200035,17591
2013-07-02,2921.25,2941.25,2907.25,2922.5,202910,17591
2013-07-03,2922.25,2949.0,2897.0,2936.5,151675,17591
2013-07-04,2966.0,2966.0,2962.25,2963.75,694,17591
2013-07-05,2963.25,2971.25,2927.75,2962.5,209427,17591
2013-07-07,2961.5,2967.0,2960.75,2966.25,935,17591
2013-07-08,2966.5,2978.25,2948.75,2962.0,199922,17591
2013-07-09,2961.75,2985.0,2959.0,2977.75,162349,17591
2013-07-10,2978.0,3020.5,2969.0,3017.25,201689,17591
2013-07-11,3017.25,3058.0,3016.0,3052.0,198608,17591
2013-07-12,3052.0,3070.5,3049.25,3065.0,147456,17591
2013-07-14,3062.75,3066.5,3062.75,3066.0,828,17591
2013-07-15,3066.0,3076.5,3063.0,3073.5,111680,17591
2013-07-16,3073.5,3080.25,3063.75,3072.75,147173,17591
2013-07-17,3072.75,3086.5,3065.5,3072.0,186345,17591
2013-07-18,3072.0,3087.0,3045.5,3047.75,180599,17591
2013-07-19,3047.5,3048.25,3030.5,3045.0,201641,17591
2013-07-21,3043.75,3047.5,3043.75,3046.75,1446,17591
2013-07-22,3046.75,3055.25,3038.5,3052.5,140304,17591
2013-07-23,3052.0,3060.0,3023.5,3039.25,161518,17591
2013-07-24,3039.25,3057.25,3028.75,3051.5,314005,17591
2013-07-25,3051.0,3058.25,3027.5,3054.0,214855,17591
2013-07-26,3053.75,3073.5,3037.5,3073.25,182359,17591
2013-07-28,3070.0,3073.5,3070.0,3071.0,731,17591
2013-07-29,3071.0,3078.5,3056.75,3067.25,189415,17591
2013-07-30,3067.5,3094.75,3067.25,3084.25,237455,17591
2013-07-31,3083.75,3105.0,3079.25,3091.5,254409,17591
2013-08-01,3091.5,3123.5,3091.0,3117.75,153566,17591
2013-08-02,3117.75,3138.0,3112.25,3136.0,162019,17591
2013-08-04,3136.25,3136.5,3133.25,3135.0,834,17591
2013-08-05,3135.0,3140.25,3128.0,3134.25,114302,17591
2013-08-06,3134.0,3139.5,3106.25,3116.75,164743,17591
2013-08-07,3117.0,3120.5,3090.75,3120.25,229092,17591
2013-08-08,3120.25,3136.5,3108.5,3127.25,215136,17591
2013-08-09,3127.0,3134.75,3107.0,3112.75,198839,17591
2013-08-11,3113.5,3114.25,3109.0,3110.5,1664,17591
2013-08-12,3110.75,3129.5,3094.25,3124.5,169892,17591
2013-08-13,3124.25,3148.0,3104.75,3139.0,239457,17591
2013-08-14,3138.75,3143.75,3106.25,3107.25,234897,17591
2013-08-15,3107.25,3114.75,3066.5,3074.5,306448,17591
2013-08-16,3074.75,3090.0,3068.25,3068.75,187502,17591
2013-08-18,3068.5,3071.75,3060.25,3070.5,1131,17591
2013-08-19,3071.0,3100.5,3066.25,3072.25,210049,17591
2013-08-20,3072.25,3097.0,3063.5,3083.5,163537,17591
2013-08-21,3083.25,3098.75,3057.25,3057.5,296161,17591
2013-08-22,3057.75,3108.0,3055.5,3107.0,188811,17591
2013-08-23,3107.25,3127.0,3096.5,3121.25,193798,17591
2013-08-25,3120.25,3123.5,3119.5,3120.5,478,17591
2013-08-26,3120.25,3147.25,3116.75,3119.5,189652,17591
2013-08-27,3119.25,3124.25,3052.5,3058.75,359079,17591
2013-08-28,3058.75,3084.75,3056.0,3066.75,188120,17591
2013-08-29,3067.0,3109.0,3065.5,3093.75,246777,17591
2013-08-30,3094.0,3103.5,3062.0,3079.25,252211,17591
2013-09-02,3108.25,3110.25,3106.0,3106.0,955,17591
2013-09-03,3106.25,3113.0,3076.0,3087.75,288606,17591
2013-09-04,3088.25,3132.75,3083.25,3131.75,216012,17591
2013-09-05,3132.0,3137.75,3124.0,3130.5,152179,17591
2013-09-06,3130.5,3150.25,3096.5,3133.0,280382,17591
2013-09-08,3132.75,3139.75,3130.5,3138.75,1422,17591
2013-09-09,3139.0,3175.25,3135.75,3171.25,192235,17591
2013-09-10,3171.0,3189.25,3167.25,3181.5,225417,17591
2013-09-11,3181.25,3188.75,3160.0,3180.0,195986,17591
2013-09-12,3180.0,3186.75,3170.25,3178.5,150729,17591
2013-09-13,3178.5,3182.5,3161.75,3180.75,38516,17591
2013-09-15,3196.25,3219.25,3196.25,3210.25,1653,17591
2013-09-16,3210.75,3213.75,3163.0,3163.5,41961,17591
2013-09-17,3163.75,3196.0,3163.0,3193.5,20008,17591
2013-09-18,3193.75,3236.75,3189.75,3235.75,25047,17591
2013-09-19,3234.25,3245.0,3232.0,3237.0,16181,17591
2013-09-20,3236.0,3251.5,3234.0,3248.0,808,17591
2013-09-22,3222.75,3225.25,3216.0,3217.25,1673,28499
2013-09-23,3216.75,3237.0,3198.0,3210.5,236328,28499
2013-09-24,3210.5,3230.75,3202.75,3213.75,178417,28499
2013-09-25,3213.25,3220.5,3195.75,3203.75,250244,28499
2013-09-26,3204.0,3235.25,3202.75,3230.5,209624,28499
2013-09-27,3230.75,3230.75,3203.0,3225.5,191600,28499
2013-09-29,3211.5,3212.25,3203.0,3207.0,3558,28499
2013-09-30,3206.75,3223.25,3178.25,3216.75,279404,28499
2013-10-01,3217.0,3251.25,3213.0,3245.75,249732,28499
2013-10-02,3245.75,3250.0,3221.0,3229.0,243059,28499
2013-10-03,3229.25,3248.0,3189.25,3205.0,360005,28499
2013-10-04,3204.75,3239.5,3199.5,3233.0,200642,28499
2013-10-06,3224.0,3226.0,3217.5,3224.5,3057,28499
2013-10-07,3224.25,3232.75,3201.0,3206.75,237859,28499
2013-10-08,3206.5,3214.5,3144.25,3158.25,420812,28499
2013-10-09,3158.5,3164.0,3110.75,3137.5,438374,28499
2013-10-10,3137.25,3209.5,3136.5,3191.0,349207,28499
2013-10-11,3191.0,3230.5,3189.5,3230.5,221531,28499
2013-10-13,3205.0,3210.25,3195.0,3210.25,7502,28499
2013-10-14,3210.25,3258.75,3203.0,3258.5,228129,28499
2013-10-15,3258.5,3263.5,3234.0,3256.25,332983,28499
2013-10-16,3255.5,3276.5,3242.25,3267.0,224517,28499
2013-10-17,3267.5,3318.5,3255.25,3316.0,210587,28499
2013-10-18,3316.0,3348.0,3311.0,3344.75,233176,28499
2013-10-20,3344.75,3348.0,3342.5,3348.0,1175,28499
2013-10-21,3348.0,3362.25,3343.25,3355.25,174302,28499
2013-10-22,3355.25,3377.25,3338.0,3354.0,331517,28499
2013-10-23,3354.25,3355.25,3322.25,3342.25,243715,28499
2013-10-24,3342.25,3379.75,3335.5,3376.25,192425,28499
2013-10-25,3376.75,3392.75,3361.25,3375.5,221241,28499
2013-10-27,3374.25,3384.25,3372.25,3382.5,1691,28499
2013-10-28,3382.75,3391.0,3360.75,3373.0,196878,28499
2013-10-29,3372.5,3392.25,3368.5,3387.0,207237,28499
2013-10-30,3386.75,3401.75,3364.25,3372.5,289584,28499
2013-10-31,3372.25,3394.0,3360.75,3375.25,248624,28499
2013-11-01,3375.25,3388.5,3357.5,3368.75,229369,28499
2013-11-03,3368.0,3369.5,3366.75,3369.0,469,28499
2013-11-04,3368.75,3387.25,3366.75,3379.5,142222,28499
2013-11-05,3379.0,3390.5,3355.75,3380.5,224617,28499
2013-11-06,3379.5,3398.0,3368.75,3374.0,218402,28499
2013-11-07,3370.25,3387.0,3314.25,3323.0,404278,28499
2013-11-08,3323.0,3363.0,3310.0,3361.75,288148,28499
2013-11-10,3361.5,3361.75,3354.5,3359.75,1375,28499
2013-11-11,3359.5,3365.5,3345.5,3355.25,164173,28499
2013-11-12,3355.25,3366.75,3343.75,3363.75,196177,28499
2013-11-13,3362.25,3406.75,3338.25,3398.75,270563,28499
2013-11-14,3398.5,3415.75,3386.75,3410.0,224549,28499
2013-11-15,3409.75,3421.25,3405.25,3417.5,155929,28499
2013-11-17,3416.5,3420.5,3416.0,3417.5,806,28499
2013-11-18,3417.5,3425.75,3380.25,3386.0,222902,28499
2013-11-19,3385.75,3400.5,3370.75,3375.75,258728,28499
2013-11-20,3381.25,3398.5,3358.5,3368.75,288462,28499
2013-11-21,3368.25,3406.0,3360.25,3404.5,203872,28499
2013-11-22,3404.5,3422.5,3400.0,3421.0,163046,28499
2013-11-24,3422.5,3435.0,3420.25,3430.75,2992,28499
2013-11-25,3431.25,3437.25,3421.0,3427.75,175445,28499
2013-11-26,3428.5,3456.0,3422.75,3446.75,187842,28499
2013-11-27,3446.75,3472.25,3446.0,3469.75,145415,28499
2013-11-28,3482.5,3482.5,3481.0,3481.5,221,28499
2013-11-29,3481.25,3496.5,3480.5,3491.5,84473,28499
2013-12-01,3493.0,3495.75,3492.0,3492.0,1387,28499
2013-12-02,3492.0,3501.25,3476.75,3484.25,230180,28499
2013-12-03,3485.5,3488.75,3466.25,3476.75,223314,28499
2013-12-04,3477.0,3494.0,3453.25,3483.0,280342,28499
2013-12-05,3481.25,3492.0,3468.75,3477.25,248335,28499
2013-12-06,3477.5,3511.0,3477.5,3505.75,251011,28499
2013-12-08,3505.0,3513.75,3505.0,3512.5,1362,28499
2013-12-09,3512.25,3524.75,3506.75,3520.25,184923,28499
2013-12-10,3519.5,3524.25,3507.75,3517.75,181122,28499
2013-12-11,3518.0,3522.25,3464.5,3473.75,275968,28499
2013-12-12,3473.5,3479.5,3455.5,3457.0,210203,28499
2013-12-13,3460.25,3478.25,3449.75,3457.25,64613,28499
2013-12-15,3457.0,3461.25,3457.0,3460.5,114,28499
2013-12-16,3460.5,3495.25,3434.5,3472.5,29427,28499
2013-12-17,3471.5,3483.25,3460.75,3463.75,23584,28499
2013-12-18,3467.25,3516.75,3422.0,3513.0,35137,28499
2013-12-19,3514.5,3514.5,3482.5,3498.0,11089,28499
2013-12-20,3498.0,3508.0,3498.0,3503.0,732,28499
2013-12-22,3541.0,3546.75,3541.0,3546.25,1259,382251
2013-12-23,3546.0,3567.5,3545.75,3566.75,130159,382251
2013-12-24,3564.0,3572.75,3561.0,3571.0,47200,382251
2013-12-26,3572.75,3583.75,3568.25,3580.75,54323,382251
2013-12-27,3580.75,3587.5,3567.0,3570.5,94484,382251
2013-12-29,3569.75,3571.25,3568.0,3570.25,337,382251
2013-12-30,3570.25,3573.5,3556.0,3567.0,89942,382251
2013-12-31,3567.0,3594.75,3565.0,3593.25,71552,382251
2014-01-02,3575.75,3579.0,3549.0,3561.25,197028,382251
2014-01-03,3560.75,3566.5,3527.25,3530.75,194982,382251
2014-01-05,3530.5,3540.25,3530.5,3538.25,1387,382251
2014-01-06,3538.25,3539.75,3505.75,3516.0,245118,382251
2014-01-07,3519.0,3557.25,3518.5,3549.25,191617,382251
2014-01-08,3547.25,3569.5,3544.0,3560.0,207647,382251
2014-01-09,3560.25,3577.0,3535.5,3550.0,214636,382251
2014-01-10,3550.0,3572.0,3529.5,3563.25,263081,382251
2014-01-12,3563.25,3563.25,3560.0,3561.0,396,382251
2014-01-13,3560.75,3566.5,3492.5,3510.75,333295,382251
2014-01-14,3511.0,3576.5,3503.25,3575.5,293244,382251
2014-01-15,3575.5,3610.25,3570.75,3600.75,234330,382251
2014-01-16,3601.0,3608.25,3591.75,3593.5,162381,382251
2014-01-17,3593.75,3609.0,3574.25,3584.5,192262,382251
2014-01-20,3588.25,3588.5,3587.5,3587.75,177,382251
2014-01-21,3588.0,3612.0,3579.5,3608.5,201297,382251
2014-01-22,3606.0,3635.25,3605.0,3625.5,185267,382251
2014-01-23,3634.25,3635.0,3581.5,3612.75,286244,382251
2014-01-24,3611.5,3621.25,3527.75,3527.75,378515,382251
2014-01-26,3531.75,3533.25,3520.25,3528.75,4160,382251
2014-01-27,3528.5,3545.0,3465.75,3469.0,442791,382251
2014-01-28,3475.25,3525.25,3473.25,3512.5,297799,382251
2014-01-29,3513.75,3529.0,3454.25,3477.25,396611,382251
2014-01-30,3488.75,3537.25,3471.0,3518.5,314469,382251
2014-01-31,3518.25,3532.75,3479.25,3515.25,324859,382251
2014-02-02,3514.0,3529.75,3514.0,3528.0,1348,382251
2014-02-03,3527.75,3529.0,3425.25,3437.5,437792,382251
2014-02-04,3442.25,3473.75,3431.5,3453.75,323661,382251
2014-02-05,3453.5,3463.25,3412.0,3451.0,356890,382251
2014-02-06,3450.75,3499.25,3447.75,3491.25,266827,382251
2014-02-07,3491.0,3561.75,3479.5,3561.75,367354,382251
2014-02-09,3560.25,3563.75,3558.5,3559.0,1605,382251
2014-02-10,3559.0,3581.75,3550.5,3581.0,204042,382251
2014-02-11,3579.5,3626.0,3579.5,3612.25,249545,382251
2014-02-12,3612.25,3633.5,3610.25,3620.5,251419,382251
2014-02-13,3620.25,3656.0,3596.75,3649.75,287896,382251
2014-02-14,3649.75,3668.0,3638.0,3661.0,211740,382251
2014-02-17,3666.25,3669.0,3663.0,3665.0,642,382251
2014-02-18,3665.0,3684.75,3654.0,3676.0,205567,382251
2014-02-19,3670.0,3679.5,3645.25,3656.5,276690,382251
2014-02-20,3656.25,3677.0,3638.25,3670.75,268976,382251
2014-02-21,3671.0,3686.75,3660.75,3663.75,186019,382251
2014-02-23,3665.75,3668.25,3663.75,3665.5,672,382251
2014-02-24,3666.0,3701.5,3655.0,3687.75,205124,382251
2014-02-25,3687.5,3697.25,3668.5,3689.75,234789,382251
2014-02-26,3689.75,3702.25,3662.5,3681.75,270912,382251
2014-02-27,3680.25,3706.75,3661.25,3705.5,263397,382251
2014-02-28,3699.5,3722.5,3665.0,3700.0,323498,382251
2014-03-02,3678.0,3678.0,3662.25,3666.0,7130,382251
2014-03-03,3666.0,3679.75,3637.0,3670.5,366304,382251
2014-03-04,3672.25,3723.25,3671.25,3718.75,262922,382251
2014-03-05,3716.5,3732.5,3712.5,3729.25,204649,382251
2014-03-06,3729.25,3737.25,3709.25,3724.25,216691,382251
2014-03-07,3724.0,3740.5,3685.75,3704.25,302268,382251
2014-03-09,3701.5,3703.5,3698.25,3700.25,1925,382251
2014-03-10,3700.25,3712.0,3684.0,3706.75,189990,382251
2014-03-11,3707.0,3726.0,3681.0,3686.0,256056,382251
2014-03-12,3685.75,3712.5,3661.5,3712.25,286590,382251
2014-03-13,3712.0,3722.25,3636.25,3654.25,373294,382251
2014-03-14,3654.5,3661.0,3625.75,3628.0,89814,382251
2014-03-16,3629.25,3630.0,3608.5,3621.75,1271,382251
2014-03-17,3620.5,3679.5,3620.0,3659.0,38216,382251
2014-03-18,3659.5,3708.5,3646.75,3703.5,28340,382251
2014-03-19,3704.25,3711.5,3659.75,3683.75,31554,382251
2014-03-20,3684.5,3705.5,3664.75,3696.25,13896,382251
2014-03-21,3697.75,3718.0,3695.75,3718.0,1297,382251
2014-03-23,3640.25,3642.5,3634.75,3640.75,1782,8223
2014-03-24,3640.75,3657.0,3575.5,3614.5,399989,8223
2014-03-25,3614.75,3652.0,3591.0,3630.5,364345,8223
2014-03-26,3630.0,3647.5,3570.75,3576.75,353422,8223
2014-03-27,3576.75,3585.25,3535.25,3558.0,443226,8223
2014-03-28,3558.0,3601.25,3551.5,3564.0,312134,8223
2014-03-30,3572.5,3580.25,3572.5,3579.75,2093,8223
2014-03-31,3579.75,3611.25,3573.25,3581.75,294863,8223
2014-04-01,3581.5,3652.75,3578.5,3649.25,264903,8223
2014-04-02,3649.5,3668.5,3642.5,3655.0,239701,8223
2014-04-03,3654.75,3669.0,3609.0,3635.0,272674,8223
2014-04-04,3634.5,3657.75,3522.75,3542.0,611795,8223
2014-04-06,3539.5,3541.5,3530.25,3532.0,3883,8223
2014-04-07,3531.5,3542.75,3474.5,3503.5,509462,8223
2014-04-08,3503.75,3536.0,3490.5,3530.5,399228,8223
2014-04-09,3530.5,3595.75,3526.25,3594.0,334103,8223
2014-04-10,3595.5,3599.5,3470.25,3481.25,527485,8223
2014-04-11,3481.0,3493.75,3431.5,3442.75,532411,8223
2014-04-13,3435.75,3437.0,3425.25,3435.75,3490,8223
2014-04-14,3436.25,3485.0,3429.0,3471.0,381430,8223
2014-04-15,3470.75,3501.0,3404.75,3496.0,597856,8223
2014-04-16,3496.0,3524.5,3479.5,3500.5,400781,8223
2014-04-17,3500.75,3542.5,3492.5,3524.0,267066,8223
2014-04-20,3525.0,3535.5,3524.0,3533.5,1085,8223
2014-04-21,3533.0,3555.0,3516.75,3554.0,152437,8223
2014-04-22,3554.0,3588.5,3545.75,3583.5,213904,8223
2014-04-23,3583.5,3599.5,3546.0,3594.0,251736,8223
2014-04-24,3594.0,3618.25,3544.0,3585.75,390971,8223
2014-04-25,3585.75,3589.75,3516.5,3531.0,328918,8223
2014-04-27,3536.0,3536.25,3528.0,3529.5,2280,8223
2014-04-28,3530.0,3562.5,3480.5,3545.5,480678,8223
2014-04-29,3545.5,3571.25,3530.0,3555.75,306110,8223
2014-04-30,3555.5,3579.5,3539.0,3578.75,288849,8223
2014-05-01,3578.5,3605.5,3570.5,3588.75,194748,8223
2014-05-02,3588.75,3604.5,3569.5,3575.75,296738,8223
2014-05-04,3583.25,3584.25,3576.0,3580.25,1344,8223
2014-05-05,3580.5,3598.0,3548.0,3593.5,235218,8223
2014-05-06,3593.25,3603.75,3546.75,3550.5,260777,8223
2014-05-07,3550.5,3566.5,3497.5,3539.5,447283,8223
2014-05-08,3535.75,3579.75,3518.5,3532.75,388904,8223
2014-05-09,3532.5,3552.25,3510.5,3550.0,318561,8223
2014-05-11,3549.25,3556.25,3548.25,3553.75,1505,8223
2014-05-12,3553.75,3614.25,3552.25,3612.5,247052,8223
2014-05-13,3612.75,3624.25,3603.5,3607.75,220588,8223
2014-05-14,3607.75,3615.0,3583.25,3597.25,234732,8223
2014-05-15,3597.25,3606.75,3540.25,3565.0,398612,8223
2014-05-16,3565.0,3589.5,3543.0,3584.25,293599,8223
2014-05-18,3586.75,3590.75,3586.5,3588.25,1393,8223
2014-05-19,3588.25,3617.5,3565.5,3609.25,220503,8223
2014-05-20,3609.0,3623.75,3584.5,3595.0,297434,8223
2014-05-21,3595.0,3635.75,3593.5,3633.5,254027,8223
2014-05-22,3634.0,3659.75,3631.25,3649.0,217137,8223
2014-05-23,3649.0,3677.0,3645.25,3675.75,165396,8223
2014-05-25,3679.0,3686.75,3678.5,3680.75,1415,8223
2014-05-26,3680.75,3692.5,3677.5,3687.5,10660,8223
2014-05-27,3687.5,3723.0,3685.5,3720.75,191888,8223
2014-05-28,3720.75,3730.25,3707.5,3714.75,211647,8223
2014-05-29,3714.75,3737.25,3713.5,3735.25,184253,8223
2014-05-30,3735.0,3740.5,3715.25,3728.75,213237,8223
2014-06-01,3735.0,3735.5,3729.75,3731.0,1289,8223
2014-06-02,3730.75,3741.5,3707.25,3726.25,223035,8223
2014-06-03,3726.25,3735.75,3714.0,3732.0,184047,8223
2014-06-04,3731.75,3749.25,3714.0,3742.0,187658,8223
2014-06-05,3741.75,3782.0,3734.0,3779.0,280165,8223
2014-06-06,3778.75,3800.25,3776.0,3800.0,199496,8223
2014-06-08,3800.0,3800.0,3797.0,3797.75,645,8223
2014-06-09,3797.5,3803.0,3783.0,3792.75,146748,8223
2014-06-10,3793.0,3803.0,3784.75,3797.75,150456,8223
2014-06-11,3798.0,3804.75,3779.5,3799.75,187157,8223
2014-06-15,3774.75,3776.75,3762.75,3766.5,303,8223
2014-06-16,3766.5,3790.5,3757.0,3781.5,46098,8223
2014-06-17,3781.5,3792.25,3769.75,3780.0,30463,8223
2014-06-18,3779.75,3807.5,3763.0,3803.5,30427,8223
2014-06-19,3802.75,3811.25,3782.5,3795.25,19499,8223
2014-06-20,3796.5,3807.5,3793.75,3806.0,1857,8223
2014-06-22,3792.25,3793.25,3791.0,3793.0,508,83745
2014-06-23,3793.25,3807.25,3785.25,3792.75,161691,83745
2014-06-24,3792.75,3828.0,3781.25,3792.75,281759,83745
2014-06-25,3792.5,3823.5,3783.0,3814.75,249473,83745
2014-06-26,3814.75,3822.0,3789.0,3817.75,239183,83745
2014-06-27,3817.5,3837.75,3808.0,3831.75,182476,83745
2014-06-29,3831.5,3836.0,3831.0,3834.5,938,83745
2014-06-30,3834.75,3851.25,3827.75,3846.5,154569,83745
2014-07-01,3846.75,3894.5,3845.25,3886.5,195619,83745
2014-07-02,3886.75,3896.5,3883.0,3889.75,149933,83745
2014-07-03,3889.75,3918.0,3888.25,3915.5,121428,83745
2014-07-04,3915.75,3916.5,3911.5,3913.75,6671,83745
2014-07-06,3912.75,3915.0,3912.75,3914.5,519,83745
2014-07-07,3914.5,3915.75,3896.0,3902.75,168293,83745
2014-07-08,3903.0,3906.75,3841.25,3862.75,331380,83745
2014-07-09,3862.75,3890.75,3856.5,3885.75,244458,83745
2014-07-10,3885.75,3889.5,3831.5,3874.75,317220,83745
2014-07-11,3874.75,3899.0,3871.75,3899.0,200214,83745
2014-07-13,3898.0,3903.25,3897.75,3902.0,1022,83745
2014-07-14,3902.0,3930.75,3901.75,3921.5,163381,83745
2014-07-15,3921.75,3933.5,3880.0,3916.0,332889,83745
2014-07-16,3915.75,3941.0,3913.75,3919.25,215465,83745
2014-07-17,3919.25,3927.5,3854.0,3868.0,385197,83745
2014-07-18,3868.25,3935.75,3866.25,3932.25,285602,83745
2014-07-20,3929.5,3930.5,3926.5,3930.5,1229,83745
2014-07-21,3930.5,3934.25,3909.75,3925.0,219029,83745
2014-07-22,3925.5,3959.5,3925.0,3946.25,199885,83745
2014-07-23,3946.0,3983.25,3944.75,3979.25,208631,83745
2014-07-24,3979.25,3991.25,3958.75,3961.0,211488,83745
2014-07-25,3961.25,3965.5,3937.5,3955.75,207755,83745
2014-07-27,3954.0,3959.25,3946.5,3949.5,1280,83745
2014-07-28,3949.5,3970.25,3929.0,3959.25,209588,83745
2014-07-29,3959.0,3977.5,3948.5,3957.0,220067,83745
2014-07-30,3957.5,3983.0,3953.25,3967.25,274628,83745
2014-07-31,3967.0,3969.25,3881.75,3896.5,424945,83745
2014-08-01,3896.5,3901.25,3847.5,3870.0,460625,83745
2014-08-03,3873.0,3881.0,3873.0,3877.5,1516,83745
2014-08-04,3877.75,3915.75,3867.25,3895.5,250547,83745
2014-08-05,3895.75,3900.25,3851.75,3876.75,356256,83745
2014-08-06,3876.75,3891.25,3842.0,3872.25,292155,83745
2014-08-07,3872.75,3892.5,3840.75,3855.25,329937,83745
2014-08-08,3855.75,3886.75,3826.5,3874.25,314132,83745
2014-08-10,3874.0,3885.25,3873.75,3882.5,1656,83745
2014-08-11,3882.25,3917.75,3876.25,3907.25,177544,83745
2014-08-12,3907.25,3917.25,3883.25,3905.0,220423,83745
2014-08-13,3905.25,3949.5,3902.25,3944.25,202240,83745
2014-08-14,3944.25,3974.75,3939.5,3969.75,175189,83745
2014-08-15,3969.75,3994.5,3947.25,3986.25,361488,83745
2014-08-17,3991.0,4001.5,3991.0,3998.75,3124,83745
2014-08-18,3998.5,4019.5,3992.0,4017.25,156691,83745
2014-08-19,4017.0,4040.5,4016.75,4034.0,151334,83745
2014-08-20,4034.0,4046.5,4028.75,4043.25,162462,83745
2014-08-21,4043.0,4049.0,4032.75,4048.25,144853,83745
2014-08-22,4048.25,4061.0,4036.5,4057.25,211187,83745
2014-08-25,4057.5,4078.5,4056.75,4066.0,168863,83745
2014-08-26,4066.0,4075.75,4061.75,4073.25,147148,83745
2014-08-27,4073.0,4077.0,4063.5,4071.5,127957,83745
2014-08-28,4071.75,4076.25,4054.5,4073.75,166329,83745
2014-08-29,4074.0,4086.0,4062.0,4078.75,167175,83745
2014-08-31,4078.75,4081.75,4076.75,4081.5,476,83745
2014-09-01,4081.5,4085.0,4076.0,4082.5,12177,83745
2014-09-02,4083.0,4096.0,4077.75,4093.75,182598,83745
2014-09-03,4092.75,4113.75,4062.5,4070.5,265025,83745
2014-09-04,4070.75,4101.0,4056.25,4070.25,270758,83745
2014-09-05,4070.5,4091.5,4052.0,4090.25,280621,83745
2014-09-07,4086.5,4087.5,4083.75,4087.0,1269,83745
2014-09-08,4086.75,4105.0,4075.5,4092.75,204187,83745
2014-09-09,4092.5,4110.5,4053.25,4061.5,381331,83745
2014-09-10,4061.5,4096.25,4054.75,4092.25,245116,83745
2014-09-11,4092.25,4097.0,4060.0,4092.25,249386,83745
2014-09-12,4092.0,4094.75,4056.75,4065.25,83952,83745
2014-09-14,4057.5,4064.75,4051.0,4053.75,849,83745
2014-09-15,4054.25,4076.25,4018.25,4035.5,58683,83745
2014-09-16,4035.25,4074.0,4012.0,4065.0,45827,83745
2014-09-17,4064.5,4091.0,4047.25,4074.0,26726,83745
2014-09-18,4074.0,4115.0,4069.0,4109.25,11892,83745
2014-09-19,4109.25,4127.75,4109.25,4118.5,2366,83745
2014-09-21,4091.75,4092.0,4086.0,4091.5,1309,28097
2014-09-22,4091.25,4092.0,4035.75,4044.5,294321,28097
2014-09-26,4012.75,4050.5,4004.0,4043.75,281471,28097
2014-09-28,4045.75,4046.0,4038.25,4038.5,1474,28097
2014-09-29,4039.0,4051.25,3998.0,4035.5,349273,28097
2014-09-30,4035.25,4064.75,4024.25,4035.75,336751,28097
2014-10-01,4035.75,4046.0,3965.5,3982.5,433985,28097
2014-10-02,3982.0,3995.0,3927.75,3979.25,440315,28097
2014-10-03,3979.25,4034.75,3979.25,4015.5,284310,28097
2014-10-05,4017.75,4025.5,4013.5,4024.25,2007,28097
2014-10-06,4024.25,4040.5,3996.25,4004.0,337032,28097
2014-10-07,4004.5,4010.25,3948.0,3957.25,384898,28097
2014-10-08,3957.75,4041.75,3930.75,4028.25,466707,28097
2014-10-09,4028.0,4047.75,3941.25,3948.5,598381,28097
2014-10-10,3948.25,3967.0,3851.0,3851.75,671206,28097
2014-10-12,3848.5,3850.0,3826.5,3838.5,7032,28097
2014-10-13,3837.75,3885.75,3792.5,3808.5,632929,28097
2014-10-14,3808.25,3852.75,3793.0,3819.5,600554,28097
2014-10-15,3828.25,3830.0,3691.25,3750.5,832617,28097
2014-10-16,3750.25,3786.5,3684.0,3754.75,694034,28097
2014-10-17,3754.5,3840.5,3742.0,3803.25,475998,28097
2014-10-19,3811.75,3832.5,3811.75,3825.0,2901,28097
2014-10-20,3825.25,3883.0,3793.25,3882.5,315663,28097
2014-10-21,3867.0,3976.0,3846.0,3967.25,381111,28097
2014-10-22,3967.5,3983.0,3939.5,3951.5,343010,28097
2014-10-23,3951.5,4024.75,3939.5,4000.25,348821,28097
2014-10-24,4000.25,4038.5,3970.5,4038.0,286384,28097
2014-10-26,4035.75,4043.75,4035.0,4042.5,1550,28097
2014-10-27,4042.5,4049.75,4009.5,4040.25,275099,28097
2014-10-28,4040.5,4099.75,4037.75,4074.0,264019,28097
2014-10-29,4073.75,4096.25,4054.75,4069.5,336196,28097
2014-10-30,4069.0,4102.5,4043.0,4096.25,366561,28097
2014-10-31,4095.75,4163.5,4091.5,4142.25,312115,28097
2014-11-02,4150.25,4153.75,4145.5,4149.5,896,28097
2014-11-03,4149.5,4173.75,4142.0,4158.0,214766,28097
2014-11-04,4154.25,4164.25,4119.75,4144.25,259869,28097
2014-11-05,4141.5,4176.25,4133.75,4145.5,269912,28097
2014-11-06,4143.0,4167.0,4130.25,4166.0,233323,28097
2014-11-07,4166.25,4179.75,4136.0,4150.75,228925,28097
2014-11-09,4152.75,4154.75,4148.25,4154.0,765,28097
2014-11-10,4154.25,4178.5,4144.0,4171.25,164811,28097
2014-11-11,4167.75,4186.25,4162.0,4183.0,134194,28097
2014-11-12,4182.0,4198.75,4166.5,4193.25,203017,28097
2014-11-13,4193.0,4227.0,4191.5,4207.75,294946,28097
2014-11-14,4208.0,4225.75,4195.75,4225.0,217734,28097
2014-11-16,4223.25,4223.75,4216.75,4217.75,1001,28097
2014-11-17,4218.0,4224.5,4191.5,4211.25,230184,28097
2014-11-18,4211.0,4248.75,4203.0,4237.75,212597,28097
2014-11-19,4238.0,4242.5,4204.25,4226.5,234325,28097
2014-11-20,4226.75,4248.25,4201.75,4241.5,214609,28097
2014-11-21,4241.5,4284.5,4237.5,4249.25,284745,28097
2014-11-23,4249.75,4254.25,4249.25,4250.25,847,28097
2014-11-24,4250.5,4286.75,4248.0,4283.0,158117,28097
2014-11-25,4284.5,4303.25,4276.75,4295.0,169059,28097
2014-11-26,4293.75,4324.0,4290.5,4319.75,135465,28097
2014-11-27,4319.75,4332.0,4312.5,4327.25,15846,28097
2014-11-28,4327.5,4348.0,4318.75,4337.75,117660,28097
2014-11-30,4330.75,4334.25,4317.25,4323.75,5447,28097
2014-12-01,4323.75,4335.5,4273.5,4287.0,318680,28097
2014-12-02,4288.75,4314.75,4285.0,4310.0,226259,28097
2014-12-03,4310.5,4320.0,4287.5,4312.75,188719,28097
2014-12-04,4313.0,4328.5,4293.25,4313.75,248300,28097
2014-12-05,4313.0,4326.75,4302.75,4314.5,198499,28097
2014-12-07,4314.25,4316.75,4311.75,4314.0,1164,28097
2014-12-08,4314.25,4320.25,4259.0,4283.0,319047,28097
2014-12-09,4284.5,4298.5,4216.75,4292.5,336768,28097
2014-12-10,4292.75,4298.25,4219.0,4227.5,368094,28097
2014-12-11,4227.25,4298.0,4220.25,4233.25,359666,28097
2014-12-12,4233.75,4254.75,4188.0,4194.5,163298,28097
2014-12-14,4189.5,4195.25,4182.5,4186.5,513,28097
2014-12-15,4187.5,4237.75,4144.75,4168.25,110453,28097
2014-12-16,4168.0,4192.75,4084.25,4094.0,85646,28097
2014-12-17,4093.5,4176.0,4085.0,4162.0,46475,28097
2014-12-18,4165.25,4274.75,4154.0,4272.0,28898,28097
2014-12-19,4267.75,4307.0,4261.0,4261.0,4153,28097
2014-12-21,4282.0,4288.75,4281.0,4287.0,650,50207
2014-12-22,4286.5,4301.25,4276.0,4294.25,161620,50207
2014-12-23,4293.5,4312.0,4274.75,4279.25,148432,50207
2014-12-24,4279.5,4298.5,4278.75,4281.5,45868,50207
2014-12-25,4282.0,4291.0,4282.0,4290.0,290,50207
2014-12-26,4290.75,4322.0,4289.5,4312.5,60821,50207
2014-12-28,4315.0,4316.0,4312.0,4314.5,435,50207
2014-12-29,4314.75,4320.75,4298.25,4316.5,102087,50207
2014-12-30,4315.5,4318.0,4273.75,4281.75,109991,50207
2015-01-01,4240.25,4249.5,4240.25,4248.0,791,50207
2015-01-02,4248.0,4272.75,4201.0,4214.5,228764,50207
2015-01-04,4216.0,4216.5,4201.5,4204.5,2430,50207
2015-01-05,4204.5,4220.75,4145.0,4166.0,312454,50207
2015-01-06,4168.25,4172.5,4082.0,4105.5,426171,50207
2015-01-07,4105.5,4163.25,4105.25,4152.75,327706,50207
2015-01-08,4155.5,4242.75,4153.5,4233.5,272070,50207
2015-01-09,4232.75,4252.5,4181.0,4198.75,341003,50207
2015-01-11,4201.25,4208.25,4195.0,4197.5,1298,50207
2015-01-12,4197.5,4227.5,4151.0,4171.25,318785,50207
2015-01-13,4171.0,4247.75,4126.75,4160.5,476905,50207
2015-01-14,4160.75,4169.25,4100.5,4150.0,450753,50207
2015-01-15,4150.0,4190.0,4065.25,4067.0,457003,50207
2015-01-16,4066.75,4138.5,4041.5,4138.5,357203,50207
2015-01-18,4138.75,4138.75,4124.25,4128.0,1164,50207
2015-01-19,4127.5,4155.0,4113.0,4128.25,38480,50207
2015-01-20,4129.0,4175.25,4109.0,4169.0,308774,50207
2015-01-21,4168.5,4205.25,4137.0,4182.5,326919,50207
2015-01-22,4182.25,4269.0,4164.5,4262.5,338852,50207
2015-01-23,4263.0,4286.25,4250.25,4264.25,226010,50207
2015-01-25,4249.5,4250.0,4231.5,4234.0,4292,50207
2015-01-26,4233.5,4278.25,4233.25,4271.75,183740,50207
2015-01-27,4265.75,4271.0,4142.75,4205.75,365177,50207
2015-01-28,4206.0,4234.5,4119.5,4131.25,362314,50207
2015-01-29,4131.25,4208.0,4095.75,4201.25,359311,50207
2015-01-30,4201.0,4203.25,4136.0,4143.0,343884,50207
2015-02-01,4143.5,4149.75,4129.25,4135.75,1577,50207
2015-02-02,4136.25,4188.0,4085.5,4181.75,352684,50207
2015-02-03,4180.5,4222.75,4165.75,4212.25,283647,50207
2015-02-04,4206.75,4243.0,4185.5,4190.75,269991,50207
2015-02-05,4186.25,4254.75,4181.5,4248.5,199759,50207
2015-02-06,4248.75,4268.25,4209.75,4236.0,252955,50207
2015-02-08,4226.5,4226.75,4208.0,4212.75,1816,50207
2015-02-09,4213.0,4232.0,4201.5,4217.75,196949,50207
2015-02-10,4221.25,4284.0,4211.0,4278.5,225700,50207
2015-02-11,4278.5,4322.0,4271.0,4311.75,208553,50207
2015-02-12,4298.5,4346.5,4285.75,4342.0,217975,50207
2015-02-13,4342.25,4382.0,4340.75,4380.0,189792,50207
2015-02-15,4373.5,4377.75,4371.25,4371.75,1072,50207
2015-02-16,4371.5,4388.5,4364.5,4371.25,21892,50207
2015-02-17,4371.25,4388.0,4365.0,4384.75,171608,50207
2015-02-18,4384.75,4393.5,4373.75,4387.25,146607,50207
2015-02-19,4387.5,4417.25,4376.0,4413.5,168221,50207
2015-02-20,4413.75,4445.0,4396.0,4441.25,231651,50207
2015-02-22,4439.75,4442.0,4437.75,4441.5,807,50207
2015-02-23,4441.5,4449.25,4429.75,4444.25,130397,50207
2015-02-24,4444.25,4455.75,4427.0,4448.75,162684,50207
2015-02-25,4447.25,4461.0,4429.25,4435.75,173976,50207
2015-02-26,4435.75,4464.75,4431.0,4458.5,193776,50207
2015-02-27,4458.25,4462.75,4435.0,4446.25,172493,50207
2015-03-01,4447.0,4454.5,4446.25,4452.0,1676,50207
2015-03-02,4452.25,4483.25,4446.5,4479.0,183709,50207
2015-03-03,4478.25,4478.5,4432.5,4455.25,198653,50207
2015-03-04,4455.25,4456.5,4419.25,4444.5,210811,50207
2015-03-05,4442.25,4464.75,4432.75,4450.0,184572,50207
2015-03-06,4451.5,4460.5,4389.25,4410.5,295850,50207
2015-03-08,4411.75,4414.25,4402.5,4404.0,1629,50207
2015-03-09,4403.5,4424.75,4391.75,4414.75,211811,50207
2015-03-10,4412.75,4414.75,4328.5,4339.5,309651,50207
2015-03-11,4339.75,4347.5,4304.25,4309.5,245346,50207
2015-03-12,4309.25,4339.5,4298.75,4335.25,197581,50207
2015-03-13,4334.75,4347.5,4288.25,4311.5,141387,50207
2015-03-15,4313.5,4319.5,4301.75,4302.5,243,50207
2015-03-16,4302.75,4372.75,4299.5,4358.75,50156,50207
2015-03-17,4358.0,4384.75,4348.75,4379.25,35141,50207
2015-03-18,4379.0,4441.5,4343.25,4432.75,39634,50207
2015-03-19,4433.75,4441.75,4419.5,4426.75,18747,50207
2015-03-20,4428.0,4467.25,4427.75,4461.25,1444,50207
2015-03-22,4448.5,4461.25,4444.5,4454.5,1657,58385
2015-03-23,4454.25,4459.0,4434.75,4440.25,148998,58385
2015-03-24,4440.25,4461.0,4424.25,4432.75,184081,58385
2015-03-25,4432.75,4438.5,4320.0,4326.75,321123,58385
2015-03-26,4327.25,4331.0,4270.0,4314.5,355627,58385
2015-03-27,4314.5,4333.5,4297.25,4323.75,208591,58385
2015-03-29,4327.5,4332.5,4320.25,4322.5,794,58385
2015-03-30,4323.0,4381.75,4315.75,4373.5,202160,58385
2015-03-31,4373.25,4375.75,4320.75,4322.25,225187,58385
2015-04-01,4325.25,4334.25,4259.0,4315.0,311477,58385
2015-04-02,4309.75,4321.0,4288.5,4304.0,167853,58385
2015-04-03,4304.0,4313.75,4262.0,4263.0,11574,58385
2015-04-05,4265.0,4277.75,4264.5,4275.25,2274,58385
2015-04-06,4275.75,4354.75,4269.0,4340.75,152420,58385
2015-04-07,4340.5,4372.25,4330.25,4335.75,172080,58385
2015-04-08,4336.0,4379.25,4327.5,4375.5,225169,58385
2015-04-09,4375.5,4401.25,4352.75,4397.0,201670,58385
2015-04-10,4397.0,4416.0,4385.75,4415.5,125656,58385
2015-04-12,4415.0,4418.5,4414.75,4416.25,926,58385
2015-04-13,4416.0,4441.5,4399.5,4404.0,171779,58385
2015-04-14,4404.25,4414.5,4366.75,4395.0,220646,58385
2015-04-15,4395.0,4429.0,4388.75,4424.0,170334,58385
2015-04-16,4424.25,4429.5,4398.0,4415.5,162578,58385
2015-04-17,4415.25,4415.75,4324.0,4347.0,301610,58385
2015-04-19,4356.75,4359.0,4352.25,4356.75,2902,58385
2015-04-20,4356.25,4417.0,4352.25,4409.0,216463,58385
2015-04-21,4409.0,4442.75,4408.75,4434.5,190465,58385
2015-04-22,4435.0,4459.5,4398.5,4444.25,196980,58385
2015-04-23,4444.0,4497.25,4418.0,4491.0,253493,58385
2015-04-24,4491.0,4536.25,4490.5,4529.75,202846,58385
2015-04-26,4533.0,4534.75,4531.0,4532.75,1098,58385
2015-04-27,4532.75,4555.5,4509.25,4526.5,224403,58385
2015-04-28,4526.25,4531.25,4471.75,4510.25,283555,58385
2015-04-29,4510.25,4514.0,4456.25,4469.0,291557,58385
2015-04-30,4469.25,4478.25,4386.5,4411.0,353937,58385
2015-05-01,4410.5,4470.75,4409.75,4468.75,195424,58385
2015-05-03,4471.75,4472.5,4463.0,4464.25,1501,58385
2015-05-04,4464.0,4503.5,4457.0,4473.75,190960,58385
2015-05-05,4474.0,4480.25,4399.5,4410.75,306807,58385
2015-05-06,4411.0,4423.5,4341.5,4370.0,335777,58385
2015-05-07,4369.75,4409.25,4332.5,4403.75,248166,58385
2015-05-08,4404.25,4462.75,4402.0,4447.0,215715,58385
2015-05-10,4452.5,4453.5,4448.25,4452.0,1064,58385
2015-05-11,4451.5,4464.5,4426.75,4429.25,170474,58385
2015-05-12,4428.75,4438.0,4374.5,4427.75,257069,58385
2015-05-13,4428.0,4457.75,4417.5,4427.0,201029,58385
2015-05-14,4427.25,4493.0,4412.75,4490.25,183974,58385
2015-05-15,4490.5,4507.5,4477.75,4490.0,140172,58385
2015-05-17,4491.25,4493.75,4486.25,4486.5,584,58385
2015-05-18,4486.75,4517.75,4470.5,4509.25,128353,58385
2015-05-19,4509.25,4526.5,4496.5,4499.75,127750,58385
2015-05-20,4500.0,4534.0,4482.25,4490.25,172410,58385
2015-05-21,4490.75,4536.5,4488.0,4528.25,122252,58385
2015-05-22,4528.25,4542.0,4522.0,4527.0,100399,58385
2015-05-24,4527.5,4532.0,4526.25,4528.0,501,58385
2015-05-25,4528.25,4538.5,4517.5,4525.75,8589,58385
2015-05-26,4525.5,4528.25,4455.0,4476.75,219727,58385
2015-05-27,4477.0,4551.0,4473.0,4541.5,198818,58385
2015-05-28,4541.5,4547.5,4521.75,4541.5,151226,58385
2015-05-29,4541.75,4545.25,4497.25,4512.75,197347,58385
2015-05-31,4514.0,4522.0,4512.25,4517.0,1462,58385
2015-06-01,4517.25,4538.25,4486.0,4525.75,215274,58385
2015-06-02,4525.75,4531.75,4480.75,4506.0,222196,58385
2015-06-03,4505.75,4540.75,4501.25,4526.25,189764,58385
2015-06-04,4525.75,4526.0,4473.25,4494.5,284228,58385
2015-06-05,4494.0,4506.5,4449.25,4480.5,228783,58385
2015-06-07,4479.5,4483.25,4477.25,4480.0,1045,58385
2015-06-08,4480.0,4481.5,4422.0,4437.0,233941,58385
2015-06-09,4436.5,4441.25,4390.25,4433.0,221175,58385
2015-06-10,4433.25,4498.25,4430.5,4483.5,225505,58385
2015-06-11,4483.5,4512.25,4479.25,4487.25,129948,58385
2015-06-12,4486.75,4488.25,4447.75,4456.0,86157,58385
2015-06-14,4443.5,4444.25,4423.25,4436.25,651,58385
2015-06-15,4436.75,4444.75,4394.25,4432.0,65799,58385
2015-06-16,4432.0,4463.5,4403.0,4458.0,36179,58385
2015-06-17,4459.0,4482.75,4440.0,4461.25,28704,58385
2015-06-18,4461.25,4541.75,4447.5,4534.5,36049,58385
2015-06-19,4534.25,4546.75,4526.75,4531.0,1115,58385
2015-06-21,4512.5,4521.25,4512.25,4517.0,1416,2913
2015-06-22,4517.0,4552.25,4514.25,4539.25,155589,2913
2015-06-23,4539.75,4548.75,4522.75,4543.0,113878,2913
2015-06-24,4543.0,4555.25,4514.5,4522.25,164868,2913
2015-06-25,4522.0,4547.5,4500.0,4507.5,169085,2913
2015-06-26,4507.5,4517.0,4459.75,4480.0,220218,2913
2015-06-28,4429.75,4429.75,4400.0,4411.25,7499,2913
2015-06-29,4411.5,4451.5,4368.25,4384.5,322770,2913
2015-06-30,4385.25,4412.25,4372.0,4389.75,298084,2913
2015-07-01,4423.75,4441.75,4392.0,4420.75,191260,2913
2015-07-02,4420.5,4441.5,4408.25,4427.0,152726,2913
2015-07-03,4426.5,4436.0,4412.0,4417.75,20735,2913
2015-07-05,4366.0,4370.0,4344.0,4365.5,6023,2913
2015-07-06,4366.25,4437.25,4364.5,4430.0,260166,2913
2015-07-07,4429.5,4448.0,4334.5,4413.0,379307,2913
2015-07-08,4413.25,4414.25,4336.5,4357.25,329138,2913
2015-07-09,4357.25,4408.0,4331.75,4371.75,264680,2913
2015-07-10,4371.5,4426.5,4362.25,4412.5,226511,2913
2015-07-12,4384.0,4396.5,4372.5,4392.0,3856,2913
2015-07-13,4392.0,4491.75,4388.0,4487.75,204858,2913
2015-07-14,4487.75,4529.75,4486.5,4515.5,155725,2913
2015-07-15,4515.5,4542.75,4509.25,4539.75,186978,2913
2015-07-16,4539.75,4618.25,4537.0,4615.25,187518,2913
2015-07-17,4616.0,4654.0,4607.25,4653.5,181362,2913
2015-07-19,4649.0,4652.75,4646.5,4651.75,882,2913
2015-07-20,4651.75,4686.0,4648.5,4672.0,167993,2913
2015-07-21,4671.75,4683.0,4611.5,4615.0,221240,2913
2015-07-22,4615.25,4636.5,4588.75,4626.0,228146,2913
2015-07-23,4625.5,4634.75,4584.25,4627.5,208344,2913
2015-07-24,4628.0,4638.75,4544.5,4564.0,233174,2913
2015-07-26,4562.25,4563.0,4557.25,4560.0,1607,2913
2015-07-27,4560.25,4568.25,4503.5,4521.0,286732,2913
2015-07-28,4521.0,4561.25,4497.0,4557.5,279071,2913
2015-07-29,4558.0,4579.5,4544.0,4561.5,221177,2913
2015-07-30,4561.25,4598.75,4530.75,4589.5,221836,2913
2015-07-31,4589.5,4608.75,4576.25,4583.25,213014,2913
2015-08-02,4583.25,4587.25,4580.25,4586.0,998,2913
2015-08-03,4586.0,4599.25,4540.5,4564.25,251733,2913
2015-08-04,4564.0,4581.25,4543.5,4553.5,251575,2913
2015-08-05,4553.5,4629.0,4552.75,4589.75,248350,2913
2015-08-06,4590.0,4608.75,4502.75,4524.5,267631,2913
2015-08-07,4524.5,4533.75,4480.5,4514.25,244674,2913
2015-08-09,4514.0,4519.75,4512.75,4517.0,1521,2913
2015-08-10,4517.5,4584.75,4516.25,4582.0,197762,2913
2015-08-11,4581.75,4581.75,4485.5,4521.75,295668,2913
2015-08-12,4521.5,4535.5,4431.25,4530.0,355241,2913
2015-08-13,4530.25,4557.0,4508.75,4512.25,234642,2913
2015-08-14,4513.0,4534.0,4499.0,4533.0,166137,2913
2015-08-16,4532.5,4536.75,4530.25,4533.75,800,2913
2015-08-17,4533.75,4567.75,4503.25,4565.25,190657,2913
2015-08-18,4566.0,4573.5,4533.75,4542.5,164513,2913
2015-08-19,4542.5,4552.25,4483.25,4505.5,327714,2913
2015-08-20,4505.5,4513.0,4360.0,4366.25,441243,2913
2015-08-21,4366.75,4368.25,4189.0,4191.75,599585,2913
2015-08-23,4183.75,4183.75,4151.0,4165.25,10154,2913
2015-08-24,4165.75,4196.25,3908.25,4032.5,712480,2913
2015-08-25,4032.0,4204.25,3958.75,3960.0,616916,2913
2015-08-26,3961.25,4229.5,3961.0,4221.0,623241,2913
2015-08-27,4220.0,4332.75,4205.25,4328.0,468711,2913
2015-08-28,4327.5,4340.75,4281.75,4324.25,312749,2913
2015-08-30,4324.0,4330.25,4270.25,4291.0,6003,2913
2015-08-31,4291.5,4323.25,4238.0,4241.5,294972,2913
2015-09-01,4240.5,4245.5,4118.25,4165.0,475268,2913
2015-09-02,4165.5,4286.5,4162.25,4273.5,333735,2913
2015-09-03,4273.25,4304.25,4219.75,4236.0,319924,2913
2015-09-04,4236.0,4236.25,4155.0,4184.75,344152,2913
2015-09-06,4181.75,4214.5,4180.0,4208.5,1829,2913
2015-09-07,4208.5,4243.75,4196.0,4227.5,37432,2913
2015-09-08,4227.5,4305.5,4208.25,4301.25,246154,2913
2015-09-09,4301.25,4369.5,4231.5,4238.75,329692,2913
2015-09-10,4239.5,4327.25,4226.5,4291.25,359199,2913
2015-09-11,4292.5,4330.0,4259.5,4329.25,84640,2913
2015-09-13,4325.25,4357.0,4322.75,4356.25,878,2913
2015-09-14,4355.5,4355.75,4292.25,4308.25,41648,2913
2015-09-15,4315.0,4373.5,4290.75,4361.5,34128,2913
2015-09-16,4361.5,4393.0,4345.5,4385.75,25245,2913
2015-09-17,4385.5,4451.5,4368.0,4381.0,20250,2913
2015-09-18,4377.5,4392.75,4313.0,4325.25,1799,2913
2015-09-20,4324.75,4332.25,4317.0,4321.5,1656,12809
2015-09-21,4320.0,4361.5,4286.5,4340.75,252178,12809
2015-09-22,4339.75,4341.0,4220.5,4255.5,316625,12809
2015-09-23,4255.75,4292.75,4221.5,4265.75,236947,12809
2015-09-24,4266.0,4278.75,4185.25,4258.0,355908,12809
2015-09-25,4257.5,4315.75,4185.5,4204.5,338760,12809
2015-09-27,4202.5,4208.25,4181.25,4193.75,3067,12809
2015-09-28,4194.0,4239.0,4079.5,4104.5,358693,12809
2015-09-29,4104.5,4144.25,4040.75,4076.25,426290,12809
2015-09-30,4076.5,4169.0,4066.0,4155.75,345375,12809
2015-10-01,4156.75,4225.75,4116.25,4189.0,367357,12809
2015-10-02,4189.0,4263.75,4111.5,4262.5,398089,12809
2015-10-04,4257.75,4263.25,4250.5,4262.25,2257,12809
2015-10-05,4262.0,4329.75,4252.25,4306.75,241236,12809
2015-10-06,4306.5,4322.0,4263.5,4281.25,263682,12809
2015-10-07,4281.0,4333.75,4268.0,4324.5,327925,12809
2015-10-08,4324.75,4348.25,4265.0,4341.5,315873,12809
2015-10-09,4341.25,4369.25,4324.5,4356.0,206463,12809
2015-10-11,4355.0,4355.0,4347.25,4349.75,1371,12809
2015-10-12,4349.25,4381.5,4346.25,4373.75,131822,12809
2015-10-13,4373.75,4390.75,4332.0,4337.5,232726,12809
2015-10-14,4337.0,4365.25,4317.5,4343.5,284242,12809
2015-10-15,4343.25,4422.0,4339.5,4421.25,272697,12809
2015-10-16,4421.0,4439.0,4396.0,4438.75,201654,12809
2015-10-18,4434.5,4438.25,4430.5,4431.25,1301,12809
2015-10-19,4431.25,4455.5,4411.0,4451.25,199475,12809
2015-10-20,4450.0,4456.0,4414.0,4421.5,199110,12809
2015-10-21,4422.0,4456.25,4394.75,4404.5,287339,12809
2015-10-22,4404.75,4586.0,4404.25,4576.5,349164,12809
2015-10-23,4577.0,4637.5,4564.75,4610.75,348486,12809
2015-10-25,4614.0,4614.0,4606.5,4608.5,1635,12809
2015-10-26,4608.5,4630.0,4592.75,4617.25,182438,12809
2015-10-27,4617.0,4651.75,4601.25,4631.0,213328,12809
2015-10-28,4631.0,4678.25,4600.5,4665.25,299949,12809
2015-10-29,4666.0,4670.25,4642.75,4667.0,183504,12809
2015-10-30,4667.25,4690.25,4636.0,4645.0,208365,12809
2015-11-01,4644.5,4644.5,4631.5,4634.0,2871,12809
2015-11-02,4634.0,4699.5,4625.0,4689.25,160104,12809
2015-11-03,4692.5,4727.5,4677.0,4712.75,186187,12809
2015-11-04,4710.5,4729.75,4691.25,4711.25,229719,12809
2015-11-05,4706.0,4727.5,4673.75,4699.5,239871,12809
2015-11-06,4695.0,4708.75,4658.75,4703.0,275208,12809
2015-11-08,4701.25,4702.5,4696.25,4702.0,1288,12809
2015-11-09,4702.0,4712.75,4622.0,4649.0,250511,12809
2015-11-10,4647.25,4662.25,4612.5,4637.5,228661,12809
2015-11-11,4637.5,4674.75,4625.25,4632.0,221695,12809
2015-11-12,4631.5,4653.25,4576.5,4583.25,265379,12809
2015-11-13,4586.25,4590.5,4485.75,4489.0,337232,12809
2015-11-15,4478.25,4478.25,4455.0,4470.5,4699,12809
2015-11-16,4470.0,4565.5,4470.0,4562.5,278082,12809
2015-11-17,4559.5,4597.75,4552.0,4569.5,268329,12809
2015-11-18,4565.25,4657.5,4556.25,4656.75,241849,12809
2015-11-19,4656.0,4677.0,4646.75,4660.25,211568,12809
2015-11-20,4655.0,4691.5,4652.5,4690.0,176156,12809
2015-11-22,4689.5,4697.5,4688.0,4695.0,925,12809
2015-11-23,4694.25,4706.75,4653.75,4678.75,161786,12809
2015-11-24,4679.0,4684.5,4620.0,4669.75,228044,12809
2015-11-25,4669.5,4684.5,4659.5,4679.25,117567,12809
2015-11-26,4679.25,4703.25,4678.75,4696.5,19700,12809
2015-11-27,4697.25,4699.0,4664.75,4685.75,85446,12809
2015-11-29,4685.5,4685.5,4675.5,4677.75,830,12809
2015-11-30,4678.25,4700.5,4653.5,4683.25,177782,12809
2015-12-01,4683.25,4716.75,4676.5,4712.5,223831,12809
2015-12-02,4712.75,4739.5,4678.5,4696.5,231964,12809
2015-12-03,4696.25,4730.25,4579.0,4615.0,372315,12809
2015-12-04,4615.0,4723.25,4603.0,4714.5,297845,12809
2015-12-06,4721.25,4724.0,4710.0,4715.0,1183,12809
2015-12-07,4715.25,4730.0,4670.5,4696.0,219342,12809
2015-12-08,4696.0,4709.0,4641.25,4696.75,295073,12809
2015-12-09,4696.5,4707.5,4593.25,4628.25,372774,12809
2015-12-10,4628.5,4674.5,4618.25,4647.0,237036,12809
2015-12-11,4647.0,4659.0,4527.5,4535.5,149640,12809
2015-12-13,4534.5,4548.5,4526.75,4544.0,1048,12809
2015-12-14,4544.5,4585.0,4477.25,4580.75,85949,12809
2015-12-15,4581.75,4639.0,4566.75,4606.25,62267,12809
2015-12-16,4606.25,4674.5,4580.0,4661.75,29874,12809
2015-12-17,4661.25,4689.5,4574.0,4580.0,26660,12809
2015-12-18,4579.5,4597.0,4552.5,4576.0,1190,12809
2015-12-20,4513.75,4523.5,4512.0,4517.5,1374,49734
2015-12-21,4518.0,4571.75,4511.75,4571.25,175918,49734
2015-12-22,4571.25,4594.5,4541.25,4589.75,166476,49734
2015-12-23,4589.5,4620.25,4583.0,4611.0,143277,49734
2015-12-24,4610.5,4630.0,4600.75,4610.75,61225,49734
2015-12-27,4611.0,4619.0,4610.25,4614.0,395,49734
2015-12-28,4614.25,4619.5,4571.5,4615.25,111725,49734
2015-12-29,4614.75,4697.75,4610.5,4687.0,153019,49734
2015-12-30,4687.25,4695.0,4643.5,4653.25,117034,49734
2015-12-31,4653.5,4655.0,4579.5,4592.5,159672,49734
2016-01-03,4592.5,4606.75,4592.5,4600.5,1559,49734
2016-01-04,4600.25,4605.5,4429.75,4510.25,361861,49734
2016-01-05,4510.0,4523.0,4457.25,4482.5,296522,49734
2016-01-06,4483.0,4487.5,4386.0,4453.75,345920,49734
2016-01-07,4453.25,4458.5,4281.0,4296.5,497453,49734
2016-01-08,4296.5,4370.0,4255.75,4264.5,470748,49734
2016-01-10,4264.25,4264.25,4227.75,4232.5,9418,49734
2016-01-11,4232.0,4304.5,4208.75,4282.75,428280,49734
2016-01-12,4282.5,4345.75,4236.5,4319.0,415972,49734
2016-01-13,4318.5,4365.0,4167.25,4174.5,514117,49734
2016-01-14,4174.5,4300.5,4124.0,4262.5,525448,49734
2016-01-15,4262.0,4268.75,4075.75,4145.75,564340,49734
2016-01-17,4126.75,4138.25,4107.5,4130.25,3198,49734
2016-01-18,4129.25,4177.5,4119.0,4138.0,75258,49734
2016-01-19,4137.5,4215.75,4091.25,4150.0,395785,49734
2016-01-20,4150.0,4171.5,3983.5,4148.0,629710,49734
2016-01-21,4148.75,4192.25,4085.75,4138.0,547233,49734
2016-01-22,4138.0,4253.0,4119.0,4246.75,326233,49734
2016-01-24,4247.5,4260.0,4245.25,4247.5,2882,49734
2016-01-25,4247.0,4259.75,4176.25,4180.5,281793,49734
2016-01-26,4179.75,4243.75,4133.0,4199.0,305972,49734
2016-01-27,4198.75,4218.75,4102.0,4138.0,405990,49734
2016-01-28,4137.75,4199.0,4106.75,4142.75,412306,49734
2016-01-29,4142.25,4271.25,4129.0,4269.75,322734,49734
2016-01-31,4263.25,4273.0,4260.5,4262.0,2297,49734
2016-02-01,4262.25,4309.25,4228.5,4272.0,262312,49734
2016-02-02,4272.5,4282.25,4170.75,4185.25,310557,49734
2016-02-03,4185.5,4215.0,4090.5,4172.5,483518,49734
2016-02-04,4172.25,4206.5,4113.5,4144.0,381387,49734
2016-02-05,4143.75,4173.5,4001.0,4019.75,435573,49734
2016-02-07,4027.25,4027.75,4016.5,4018.75,2306,49734
2016-02-08,4019.0,4046.0,3883.0,3952.25,534099,49734
2016-02-09,3952.75,4004.0,3897.5,3958.25,495600,49734
2016-02-10,3957.5,4041.0,3922.25,3952.25,420130,49734
2016-02-11,3953.25,3985.5,3862.25,3970.75,503272,49734
2016-02-12,3970.25,4017.5,3953.0,4015.25,300354,49734
2016-02-14,4021.5,4038.5,4021.5,4035.75,2854,49734
2016-02-15,4035.25,4091.5,4031.25,4071.75,51485,49734
2016-02-16,4071.75,4104.75,4047.0,4091.0,262701,49734
2016-02-17,4091.25,4211.5,4068.25,4207.25,288987,49734
2016-02-18,4207.75,4227.5,4144.0,4157.0,251050,49734
2016-02-19,4157.5,4175.0,4120.25,4161.25,228136,49734
2016-02-21,4155.25,4155.25,4146.5,4149.0,1388,49734
2016-02-22,4148.75,4234.0,4148.75,4208.75,188015,49734
2016-02-23,4209.0,4216.5,4152.5,4155.5,225752,49734
2016-02-24,4155.25,4224.25,4084.75,4222.5,335474,49734
2016-02-25,4222.25,4247.75,4170.25,4246.0,262150,49734
2016-02-26,4246.0,4293.25,4225.0,4226.5,268646,49734
2016-02-28,4225.25,4233.0,4216.25,4221.75,1874,49734
2016-02-29,4222.0,4263.25,4184.5,4207.75,250308,49734
2016-03-01,4208.0,4338.75,4180.25,4334.25,290332,49734
2016-03-02,4334.25,4357.75,4299.25,4320.0,265275,49734
2016-03-03,4319.75,4344.5,4293.5,4319.25,200243,49734
2016-03-04,4319.25,4355.0,4298.0,4320.25,287155,49734
2016-03-06,4321.0,4321.5,4309.25,4317.0,1859,49734
2016-03-07,4316.5,4330.0,4268.75,4301.75,242339,49734
2016-03-08,4302.0,4308.75,4251.5,4270.0,290837,49734
2016-03-09,4269.75,4299.0,4256.75,4291.75,228999,49734
2016-03-10,4291.75,4347.5,4229.75,4285.25,358076,49734
2016-03-11,4285.0,4361.25,4284.25,4357.0,103728,49734
2016-03-13,4352.75,4357.25,4347.75,4353.75,387,49734
2016-03-14,4353.0,4378.25,4340.5,4366.0,41985,49734
2016-03-15,4365.0,4372.0,4338.0,4370.5,20326,49734
2016-03-16,4371.25,4416.5,4349.0,4403.0,20801,49734
2016-03-17,4403.0,4422.0,4369.0,4409.0,17479,49734
2016-03-18,4408.75,4418.25,4394.0,4414.25,1783,49734
2016-03-20,4394.75,4394.75,4385.75,4389.75,1093,765
2016-03-21,4391.0,4421.25,4376.75,4413.75,169534,765
2016-03-22,4414.25,4440.5,4383.75,4432.75,189120,765
2016-03-23,4433.0,4441.25,4383.25,4393.75,211182,765
2016-03-24,4394.0,4401.0,4365.0,4400.5,191461,765
2016-03-27,4401.5,4409.75,4399.75,4409.75,1031,765
2016-03-28,4409.5,4425.75,4381.5,4386.75,133557,765
2016-03-29,4387.25,4466.5,4374.0,4464.5,225408,765
2016-03-30,4463.75,4510.25,4456.5,4478.0,221437,765
2016-03-31,4477.5,4495.5,4462.25,4478.5,188176,765
2016-04-01,4478.0,4529.5,4441.5,4528.75,243968,765
2016-04-03,4526.75,4528.0,4520.0,4520.0,1551,765
2016-04-04,4520.25,4543.75,4493.5,4496.0,187489,765
2016-04-05,4496.25,4498.25,4456.5,4478.0,217269,765
2016-04-06,4478.0,4537.75,4467.25,4532.0,239993,765
2016-04-07,4532.25,4539.5,4450.75,4458.75,258821,765
2016-04-08,4459.0,4509.75,4451.5,4469.5,230794,765
2016-04-10,4470.0,4474.75,4462.0,4471.75,1367,765
2016-04-11,4471.75,4509.75,4440.75,4444.0,243577,765
2016-04-12,4444.25,4497.5,4426.5,4491.75,247793,765
2016-04-13,4492.0,4553.75,4488.5,4549.0,226169,765
2016-04-14,4549.0,4563.25,4530.5,4545.5,163547,765
2016-04-15,4546.0,4554.5,4523.0,4538.75,171179,765
2016-04-17,4518.75,4519.0,4506.75,4508.5,3869,765
2016-04-18,4509.0,4561.25,4501.0,4553.0,177190,765
2016-04-19,4552.5,4584.5,4506.75,4523.0,247722,765
2016-04-20,4523.25,4556.0,4509.0,4535.5,192170,765
2016-04-21,4535.75,4551.75,4477.25,4485.5,238577,765
2016-04-22,4485.25,4501.75,4431.0,4466.75,273369,765
2016-04-24,4477.0,4479.75,4469.75,4471.0,978,765
2016-04-25,4470.5,4475.75,4436.0,4471.5,172219,765
2016-04-26,4471.25,4489.75,4404.25,4408.25,213202,765
2016-04-27,4408.25,4435.0,4372.25,4434.25,302346,765
2016-04-28,4434.0,4442.25,4346.25,4386.0,305165,765
2016-04-29,4386.25,4391.25,4296.75,4335.75,380886,765
2016-05-01,4337.0,4338.75,4319.75,4322.25,4062,765
2016-05-02,4322.75,4378.5,4318.0,4369.0,215150,765
2016-05-03,4369.0,4372.0,4319.5,4339.5,264770,765
2016-05-04,4339.75,4342.0,4292.25,4313.0,229987,765
2016-05-05,4313.0,4342.5,4287.25,4297.75,221392,765
2016-05-06,4297.75,4333.75,4271.0,4333.75,254899,765
2016-05-08,4329.75,4337.25,4327.0,4336.0,1968,765
2016-05-09,4336.0,4356.5,4318.0,4332.0,205629,765
2016-05-10,4331.75,4398.75,4330.25,4393.0,200716,765
2016-05-11,4393.0,4403.0,4346.25,4353.5,207591,765
2016-05-12,4353.5,4381.75,4305.75,4337.25,258727,765
2016-05-13,4337.75,4360.5,4303.75,4322.5,247901,765
2016-05-15,4316.0,4320.0,4305.5,4315.75,2453,765
2016-05-16,4315.75,4392.0,4315.5,4373.25,195565,765
2016-05-17,4373.0,4393.75,4308.0,4321.25,250768,765
2016-05-18,4321.75,4359.0,4301.0,4339.0,304830,765
2016-05-19,4339.25,4340.75,4280.75,4316.25,264870,765
2016-05-20,4316.0,4379.0,4314.75,4364.0,237855,765
2016-05-22,4367.75,4373.25,4364.25,4366.0,1620,765
2016-05-23,4366.25,4381.5,4348.25,4352.5,165100,765
2016-05-24,4352.5,4455.5,4341.75,4453.25,233129,765
2016-05-25,4453.25,4489.5,4448.0,4472.5,234148,765
2016-05-26,4472.25,4496.0,4463.5,4495.0,160368,765
2016-05-27,4494.75,4513.5,4490.25,4513.0,147751,765
2016-05-29,4518.25,4522.5,4515.0,4519.75,1339,765
2016-05-30,4519.25,4524.75,4513.25,4521.0,14551,765
2016-05-31,4520.75,4528.25,4497.5,4524.0,185923,765
2016-06-01,4524.25,4537.5,4502.75,4521.75,188768,765
2016-06-02,4521.75,4533.0,4486.25,4531.25,177758,765
2016-06-03,4531.25,4538.75,4478.75,4509.0,223159,765
2016-06-05,4511.0,4512.75,4504.0,4506.25,2363,765
2016-06-06,4506.25,4536.5,4505.25,4520.75,159688,765
2016-06-07,4521.25,4545.5,4511.0,4512.25,153474,765
2016-06-08,4512.0,4530.25,4504.0,4518.5,159622,765
2016-06-09,4518.75,4522.5,4493.5,4511.0,200426,765
2016-06-10,4510.75,4513.5,4446.25,4466.0,85225,765
2016-06-12,4458.75,4460.0,4451.0,4454.75,634,765
2016-06-13,4454.25,4461.75,4413.75,4420.0,54586,765
2016-06-14,4420.25,4440.5,4391.75,4419.5,42710,765
2016-06-15,4418.75,4444.0,4404.25,4413.75,24064,765
2016-06-16,4413.5,4433.5,4361.0,4433.5,30943,765
2016-06-17,4434.0,4439.5,4410.0,4417.25,2152,765
2016-06-19,4383.0,4399.75,4383.0,4394.0,4289,2563
2016-06-20,4394.25,4436.75,4385.0,4395.25,190777,2563
2016-06-21,4395.5,4415.75,4388.25,4393.5,192961,2563
2016-06-22,4393.5,4434.0,4391.0,4414.25,189965,2563
2016-06-23,4414.5,4494.0,4410.0,4454.5,208191,2563
2016-06-24,4454.25,4459.75,4234.5,4262.0,471932,2563
2016-06-26,4250.0,4253.0,4215.0,4233.5,6026,2563
2016-06-27,4234.0,4267.75,4167.75,4190.75,405407,2563
2016-06-28,4190.5,4284.5,4185.75,4279.0,256439,2563
2016-06-29,4279.25,4380.0,4268.25,4366.0,259856,2563
2016-06-30,4366.25,4410.5,4338.5,4396.0,239330,2563
2016-07-01,4396.75,4446.25,4386.25,4434.25,175495,2563
2016-07-03,4438.75,4444.0,4426.25,4426.75,836,2563
2016-07-04,4427.0,4451.5,4426.25,4435.25,18203,2563
2016-07-05,4435.0,4435.25,4377.5,4397.5,183279,2563
2016-07-06,4396.75,4440.5,4365.75,4435.25,252750,2563
2016-07-07,4435.75,4461.25,4429.75,4451.25,182682,2563
2016-07-08,4451.0,4523.25,4439.75,4517.0,229857,2563
2016-07-10,4519.5,4521.25,4515.75,4520.25,1076,2563
2016-07-11,4520.5,4563.5,4520.5,4548.5,180780,2563
2016-07-12,4549.0,4582.0,4546.75,4569.0,187107,2563
2016-07-13,4569.5,4584.5,4553.5,4555.5,184284,2563
2016-07-14,4555.25,4608.25,4554.0,4581.5,185961,2563
2016-07-15,4581.25,4603.5,4550.25,4562.25,167676,2563
2016-07-17,4580.0,4595.25,4577.0,4586.0,3989,2563
2016-07-18,4586.0,4621.75,4579.5,4610.0,171598,2563
2016-07-19,4610.25,4610.75,4588.25,4604.75,163010,2563
2016-07-20,4605.0,4659.0,4597.75,4653.0,178319,2563
2016-07-21,4652.5,4662.25,4626.75,4637.25,178554,2563
2016-07-22,4637.5,4664.5,4628.5,4658.5,146619,2563
2016-07-24,4659.25,4660.0,4656.5,4657.75,611,2563
2016-07-25,4657.75,4669.5,4643.5,4655.25,145083,2563
2016-07-26,4655.25,4694.5,4641.0,4693.25,207244,2563
2016-07-27,4693.0,4714.0,4676.75,4706.0,227663,2563
2016-07-28,4706.0,4733.0,4689.5,4727.5,219449,2563
2016-07-29,4727.75,4736.5,4709.0,4730.0,202971,2563
2016-07-31,4737.5,4739.0,4729.75,4730.25,1454,2563
2016-08-01,4730.5,4760.25,4721.0,4748.25,199112,2563
2016-08-02,4748.25,4759.5,4681.75,4710.5,261069,2563
2016-08-03,4710.75,4729.25,4698.0,4728.25,168107,2563
2016-08-04,4728.0,4747.0,4715.0,4746.75,166124,2563
2016-08-05,4746.75,4797.75,4745.25,4783.75,177210,2563
2016-08-07,4784.75,4788.75,4782.0,4786.5,1237,2563
2016-08-08,4786.75,4800.75,4766.25,4778.5,130944,2563
2016-08-09,4778.25,4807.75,4778.0,4786.5,135167,2563
2016-08-10,4786.5,4800.25,4767.25,4777.75,140673,2563
2016-08-11,4778.0,4811.0,4776.75,4803.0,142856,2563
2016-08-12,4803.25,4806.75,4787.0,4806.0,125729,2563
2016-08-14,4806.75,4807.5,4805.0,4806.5,926,2563
2016-08-15,4806.5,4835.25,4805.0,4822.75,128781,2563
2016-08-16,4822.75,4824.5,4796.5,4801.75,152459,2563
2016-08-17,4801.75,4809.75,4772.0,4806.75,195234,2563
2016-08-18,4806.5,4814.0,4792.75,4809.25,147280,2563
2016-08-19,4809.0,4816.75,4785.0,4809.0,190289,2563
2016-08-21,4809.25,4809.5,4804.25,4807.25,733,2563
2016-08-22,4807.0,4818.0,4789.5,4808.5,195910,2563
2016-08-23,4808.75,4836.75,4807.75,4820.0,159695,2563
2016-08-24,4820.25,4823.5,4770.75,4785.5,190318,2563
2016-08-25,4785.25,4794.0,4768.25,4782.75,189904,2563
2016-08-26,4782.5,4817.5,4757.25,4783.25,279681,2563
2016-08-28,4786.0,4788.5,4774.0,4781.0,3624,2563
2016-08-29,4781.25,4805.75,4775.5,4796.25,143317,2563
2016-08-30,4796.0,4798.5,4759.75,4774.0,185003,2563
2016-08-31,4774.0,4778.0,4751.5,4774.5,198351,2563
2016-09-01,4774.5,4795.25,4749.5,4778.75,245755,2563
2016-09-02,4778.5,4817.75,4774.25,4798.75,226442,2563
2016-09-04,4801.25,4803.25,4796.75,4801.0,1107,2563
2016-09-05,4801.0,4806.0,4782.25,4791.5,21483,2563
2016-09-06,4791.75,4831.5,4790.5,4828.25,182877,2563
2016-09-07,4828.25,4839.5,4812.5,4827.25,178117,2563
2016-09-08,4827.5,4837.0,4789.5,4796.5,195448,2563
2016-09-09,4796.25,4798.0,4665.0,4668.5,173255,2563
2016-09-11,4671.0,4672.0,4653.5,4663.75,2246,2563
2016-09-12,4663.0,4772.0,4629.0,4763.0,97028,2563
2016-09-13,4762.75,4764.25,4699.25,4727.0,71034,2563
2016-09-14,4727.25,4771.0,4724.0,4741.25,40220,2563
2016-09-15,4740.75,4826.75,4720.5,4809.25,27906,2563
2016-09-16,4808.0,4828.75,4799.0,4817.0,2856,2563
2016-09-18,4814.75,4832.0,4810.75,4825.75,3909,2887
2016-09-19,4825.75,4841.75,4782.5,4792.0,232511,2887
2016-09-20,4792.25,4820.5,4791.5,4801.25,189253,2887
2016-09-21,4801.5,4854.5,4788.5,4846.75,288542,2887
2016-09-22,4847.0,4892.25,4842.75,4884.75,195733,2887
2016-09-23,4884.25,4889.75,4848.25,4857.25,190014,2887
2016-09-25,4852.0,4859.5,4850.25,4857.25,1139,2887
2016-09-26,4857.75,4859.5,4807.5,4812.0,208403,2887
2016-09-27,4811.75,4864.5,4800.75,4861.0,225557,2887
2016-09-28,4860.5,4873.25,4844.75,4869.5,207282,2887
2016-09-29,4869.5,4876.5,4812.5,4837.5,303156,2887
2016-09-30,4837.0,4885.5,4811.75,4863.25,243443,2887
2016-10-02,4867.25,4875.5,4865.75,4875.0,1775,2887
2016-10-03,4874.75,4879.5,4842.75,4868.5,173364,2887
2016-10-04,4868.5,4888.0,4836.25,4852.25,275643,2887
2016-10-05,4852.5,4888.5,4849.25,4874.75,181402,2887
2016-10-06,4874.75,4881.0,4845.5,4863.0,188569,2887
2016-10-07,4863.25,4883.75,4834.75,4859.5,278895,2887
2016-10-09,4868.0,4874.25,4866.75,4868.25,2383,2887
2016-10-10,4868.5,4901.5,4862.25,4894.75,151420,2887
2016-10-11,4894.5,4897.25,4798.0,4826.5,313672,2887
2016-10-12,4826.25,4842.0,4800.25,4809.0,233142,2887
2016-10-13,4809.25,4813.0,4754.5,4793.25,296717,2887
2016-10-14,4793.5,4841.0,4786.25,4802.0,233121,2887
2016-10-16,4803.5,4806.0,4784.5,4793.25,3609,2887
2016-10-17,4793.5,4810.5,4781.0,4808.0,177759,2887
2016-10-18,4807.75,4856.75,4807.0,4825.75,202693,2887
2016-10-19,4825.5,4840.25,4811.0,4831.5,147881,2887
2016-10-20,4831.25,4849.0,4798.75,4847.0,247799,2887
2016-10-21,4847.0,4848.0,4814.75,4846.0,186549,2887
2016-10-23,4847.25,4852.75,4844.5,4848.5,2190,2887
2016-10-24,4848.25,4908.75,4842.75,4904.75,180008,2887
2016-10-25,4904.75,4919.5,4870.5,4873.25,182863,2887
2016-10-26,4873.25,4881.75,4839.5,4854.75,232138,2887
2016-10-27,4855.0,4880.25,4804.25,4819.75,261275,2887
2016-10-28,4819.25,4843.25,4786.5,4805.5,322049,2887
2016-10-30,4795.25,4804.75,4788.25,4802.5,3955,2887
2016-10-31,4802.25,4830.0,4795.0,4801.75,192557,2887
2016-11-01,4801.25,4817.0,4718.75,4755.25,309623,2887
2016-11-02,4755.25,4768.5,4695.75,4707.0,299604,2887
2016-11-03,4707.25,4729.5,4668.25,4676.0,258635,2887
2016-11-04,4675.75,4695.5,4651.25,4661.0,261284,2887
2016-11-06,4709.75,4734.25,4709.75,4722.0,7607,2887
2016-11-07,4722.5,4781.75,4715.25,4774.0,216987,2887
2016-11-08,4774.25,4822.5,4752.75,4815.5,220710,2887
2016-11-09,4815.5,4837.5,4558.5,4816.75,704369,2887
2016-11-10,4816.5,4879.75,4679.25,4737.5,543364,2887
2016-11-11,4737.5,4758.0,4681.75,4742.0,319430,2887
2016-11-13,4753.0,4769.5,4749.75,4767.0,2431,2887
2016-11-14,4766.25,4784.5,4672.75,4694.75,283452,2887
2016-11-15,4694.5,4779.25,4691.25,4768.75,236348,2887
2016-11-16,4768.5,4794.75,4736.25,4782.75,195486,2887
2016-11-17,4782.5,4832.0,4778.0,4827.25,189755,2887
2016-11-18,4827.5,4840.5,4803.0,4809.25,167685,2887
2016-11-20,4813.5,4813.5,4806.25,4809.75,634,2887
2016-11-21,4810.0,4862.0,4803.25,4859.0,165268,2887
2016-11-22,4859.0,4884.75,4858.75,4874.25,154126,2887
2016-11-23,4874.5,4882.5,4830.25,4848.0,156912,2887
2016-11-24,4848.25,4863.5,4839.5,4858.25,14979,2887
2016-11-25,4858.75,4870.0,4852.0,4870.0,59388,2887
2016-11-27,4864.25,4864.25,4858.5,4861.25,1255,2887
2016-11-28,4861.75,4879.75,4842.75,4856.75,141731,2887
2016-11-29,4856.75,4897.75,4847.5,4874.25,172686,2887
2016-11-30,4874.25,4885.5,4812.5,4820.25,226256,2887
2016-12-01,4820.25,4827.5,4722.75,4732.0,288466,2887
2016-12-02,4732.0,4759.0,4707.25,4734.25,224286,2887
2016-12-04,4719.0,4719.25,4701.5,4714.5,4979,2887
2016-12-05,4714.25,4795.75,4711.5,4781.5,200439,2887
2016-12-06,4781.5,4796.5,4767.75,4788.75,170249,2887
2016-12-07,4788.75,4854.75,4763.5,4843.5,229395,2887
2016-12-08,4843.25,4869.5,4836.0,4861.0,199720,2887
2016-12-09,4861.0,4897.5,4852.5,4895.0,85834,2887
2016-12-11,4899.0,4917.0,4893.75,4901.5,1233,2887
2016-12-12,4901.5,4903.75,4852.5,4865.5,53682,2887
2016-12-13,4864.25,4962.0,4864.0,4939.5,56216,2887
2016-12-14,4939.75,4956.5,4910.25,4929.75,38222,2887
2016-12-15,4930.0,4960.75,4917.5,4940.5,26032,2887
2016-12-16,4940.5,4948.25,4930.25,4943.5,1638,2887
2016-12-18,4915.75,4924.0,4913.25,4922.0,1484,35888
2016-12-19,4921.75,4966.25,4912.5,4942.0,142369,35888
2016-12-20,4942.25,4963.25,4938.75,4956.25,109602,35888
2016-12-21,4956.5,4960.0,4939.25,4947.75,90405,35888
2016-12-22,4947.75,4953.0,4917.0,4933.25,109475,35888
2016-12-23,4933.25,4943.75,4922.75,4941.0,66545,35888
2016-12-26,4942.0,4944.75,4940.0,4942.75,513,35888
2016-12-27,4943.0,4994.5,4940.25,4963.25,98380,35888
2016-12-28,4963.0,4979.25,4920.25,4926.0,132330,35888
2016-12-29,4926.0,4933.5,4901.25,4918.75,121025,35888
2016-12-30,4918.75,4940.0,4850.0,4862.25,185535,35888
2017-01-02,4876.75,4892.5,4876.75,4888.0,2652,35888
2017-01-03,4888.25,4927.5,4878.0,4904.5,213608,35888
2017-01-04,4904.25,4942.5,4904.0,4933.0,167916,35888
2017-01-05,4933.25,4964.25,4920.5,4960.5,165934,35888
2017-01-06,4960.25,5017.5,4952.5,5004.75,181801,35888
2017-01-08,5004.5,5010.5,5002.5,5010.25,1298,35888
2017-01-09,5010.25,5029.5,5003.0,5016.75,145224,35888
2017-01-10,5016.5,5047.0,5007.25,5032.0,152406,35888
2017-01-11,5032.0,5048.25,5007.5,5042.25,217582,35888
2017-01-12,5042.25,5044.25,4990.25,5037.75,211241,35888
2017-01-13,5037.75,5063.25,5036.25,5060.5,135043,35888
2017-01-15,5056.25,5059.0,5049.0,5051.0,1410,35888
2017-01-16,5050.75,5055.75,5044.25,5051.5,17355,35888
2017-01-17,5051.5,5053.5,5025.0,5041.75,179725,35888
2017-01-18,5041.5,5057.25,5034.0,5055.0,158883,35888
2017-01-19,5055.0,5074.75,5036.5,5056.75,184575,35888
2017-01-20,5057.0,5083.0,5044.75,5061.0,214341,35888
2017-01-22,5059.0,5059.75,5044.0,5044.75,2329,35888
2017-01-23,5044.75,5069.75,5030.25,5064.25,179654,35888
2017-01-24,5064.25,5104.25,5060.0,5103.25,139278,35888
2017-01-25,5103.5,5150.0,5100.0,5147.0,152528,35888
2017-01-26,5147.0,5168.5,5139.25,5144.0,174318,35888
2017-01-27,5144.0,5167.5,5141.0,5165.0,135731,35888
2017-01-29,5146.25,5152.75,5144.0,5146.5,2947,35888
2017-01-30,5146.5,5154.5,5094.5,5122.75,243122,35888
2017-01-31,5122.75,5135.0,5083.25,5127.0,212358,35888
2017-02-01,5127.0,5158.25,5123.0,5140.75,234339,35888
2017-02-02,5140.75,5157.5,5119.5,5129.0,209350,35888
2017-02-03,5128.75,5162.25,5119.75,5158.0,179776,35888
2017-02-05,5157.25,5160.0,5149.0,5150.0,1655,35888
2017-02-06,5149.75,5163.5,5140.25,5159.0,142070,35888
2017-02-07,5159.0,5192.0,5154.25,5175.0,160402,35888
2017-02-08,5175.0,5197.0,5163.5,5190.5,165055,35888
2017-02-09,5190.5,5219.25,5186.25,5212.0,156916,35888
2017-02-10,5212.25,5232.5,5210.0,5227.25,146078,35888
2017-02-12,5229.25,5232.5,5226.75,5232.5,1568,35888
2017-02-13,5232.5,5261.5,5227.25,5258.75,138231,35888
2017-02-14,5258.5,5278.0,5239.75,5272.75,166642,35888
2017-02-15,5272.75,5313.5,5265.25,5308.25,165253,35888
2017-02-16,5308.25,5317.0,5288.5,5297.5,203569,35888
2017-02-17,5297.25,5328.75,5286.75,5328.5,169189,35888
2017-02-19,5323.5,5325.25,5321.25,5322.25,1415,35888
2017-02-20,5322.5,5345.5,5320.5,5338.5,27554,35888
2017-02-21,5338.5,5353.75,5331.75,5344.75,157891,35888
2017-02-22,5344.5,5355.5,5336.25,5351.5,155078,35888
2017-02-23,5351.25,5361.25,5310.75,5324.5,238576,35888
2017-02-24,5324.75,5344.5,5299.0,5342.75,210608,35888
2017-02-26,5340.0,5351.0,5337.25,5349.0,2010,35888
2017-02-27,5349.25,5352.5,5323.25,5344.5,152556,35888
2017-02-28,5344.75,5350.0,5317.0,5332.75,168520,35888
2017-03-01,5332.75,5400.0,5332.75,5387.5,236158,35888
2017-03-02,5387.25,5393.75,5356.25,5360.0,200974,35888
2017-03-03,5360.0,5373.5,5344.25,5372.75,173236,35888
2017-03-05,5369.0,5374.5,5348.0,5348.75,3863,35888
2017-03-06,5348.75,5369.0,5339.0,5358.25,159879,35888
2017-03-07,5357.75,5374.25,5341.5,5345.0,175833,35888
2017-03-08,5345.0,5377.25,5333.75,5364.0,217589,35888
2017-03-09,5364.0,5372.5,5335.5,5371.75,223943,35888
2017-03-10,5371.25,5395.25,5363.0,5382.0,83639,35888
2017-03-12,5381.0,5383.0,5371.75,5373.5,519,35888
2017-03-13,5373.5,5396.75,5373.25,5394.75,33899,35888
2017-03-14,5394.0,5396.5,5360.0,5380.5,32841,35888
2017-03-15,5381.5,5427.25,5376.0,5417.5,29410,35888
2017-03-16,5417.25,5440.0,5398.75,5411.0,20956,35888
2017-03-17,5412.25,5423.0,5409.5,5417.25,2141,35888
2017-03-19,5407.25,5409.0,5402.5,5406.75,1892,6398
2017-03-20,5406.25,5428.0,5396.0,5416.25,144224,6398
2017-03-21,5416.5,5441.0,5327.25,5331.0,416161,6398
2017-03-22,5330.75,5376.25,5315.0,5376.0,333270,6398
2017-03-23,5375.75,5378.5,5347.25,5362.25,269626,6398
2017-03-24,5362.25,5395.0,5347.5,5373.0,291821,6398
2017-03-26,5360.0,5360.25,5340.5,5348.0,8140,6398
2017-03-27,5348.0,5389.75,5317.25,5387.75,271647,6398
2017-03-28,5387.5,5424.75,5363.5,5411.25,242672,6398
2017-03-29,5411.5,5438.25,5404.75,5437.25,172250,6398
2017-03-30,5437.25,5451.0,5426.5,5435.25,162460,6398
2017-03-31,5435.25,5452.75,5421.0,5435.75,165423,6398
2017-04-02,5436.75,5444.25,5435.5,5441.0,2005,6398
2017-04-03,5441.0,5455.0,5403.25,5432.75,262011,6398
2017-04-04,5432.5,5448.0,5406.75,5445.75,194780,6398
2017-04-05,5445.75,5481.25,5409.0,5411.5,298258,6398
2017-04-06,5411.25,5437.25,5390.0,5422.75,285850,6398
2017-04-07,5423.0,5436.0,5382.75,5420.75,240923,6398
2017-04-09,5420.75,5425.75,5417.0,5421.5,1845,6398
2017-04-10,5421.5,5443.75,5405.75,5422.5,197387,6398
2017-04-11,5422.25,5426.5,5358.0,5397.25,327244,6398
2017-04-12,5397.0,5412.75,5369.0,5371.75,251212,6398
2017-04-13,5371.75,5399.5,5347.5,5357.5,276736,6398
2017-04-16,5352.75,5356.75,5350.0,5352.75,2543,6398
2017-04-17,5352.75,5399.5,5347.75,5397.0,146424,6398
2017-04-18,5397.0,5405.25,5375.5,5395.0,246123,6398
2017-04-19,5394.75,5430.75,5390.0,5399.5,214283,6398
2017-04-20,5399.25,5454.75,5396.0,5447.5,232407,6398
2017-04-21,5447.5,5454.75,5427.5,5436.0,186230,6398
2017-04-23,5471.0,5499.5,5471.0,5488.0,10360,6398
2017-04-24,5487.75,5512.75,5482.75,5500.5,201950,6398
2017-04-25,5500.25,5557.25,5500.0,5546.75,169624,6398
2017-04-26,5547.0,5562.5,5534.25,5538.5,221228,6398
2017-04-27,5538.25,5599.0,5535.5,5588.0,195198,6398
2017-04-28,5588.25,5597.75,5571.75,5581.0,180844,6398
2017-04-30,5581.0,5583.5,5573.5,5578.75,1865,6398
2017-05-01,5578.75,5637.25,5578.25,5631.25,163257,6398
2017-05-02,5630.75,5641.75,5616.25,5624.5,169073,6398
2017-05-03,5624.5,5631.0,5606.0,5620.0,203399,6398
2017-05-04,5619.75,5634.0,5603.75,5624.0,220141,6398
2017-05-05,5624.0,5649.5,5612.5,5649.0,164322,6398
2017-05-07,5658.25,5660.5,5641.25,5643.75,5373,6398
2017-05-08,5643.75,5656.25,5634.5,5654.25,157016,6398
2017-05-09,5654.25,5687.75,5650.75,5669.25,193143,6398
2017-05-10,5669.0,5679.75,5658.25,5674.25,171284,6398
2017-05-11,5674.25,5675.25,5636.25,5670.0,234961,6398
2017-05-12,5670.0,5689.75,5656.5,5689.5,180972,6398
2017-05-14,5689.5,5692.5,5687.0,5691.25,2161,6398
2017-05-15,5691.0,5706.5,5682.5,5704.25,178300,6398
2017-05-16,5704.25,5727.25,5696.25,5701.5,189835,6398
2017-05-17,5701.25,5708.75,5573.75,5589.75,499157,6398
2017-05-18,5590.0,5648.5,5550.5,5632.75,518145,6398
2017-05-19,5632.25,5676.5,5622.0,5655.25,287852,6398
2017-05-21,5652.75,5661.0,5651.25,5657.5,2586,6398
2017-05-22,5657.5,5705.75,5648.75,5690.0,199999,6398
2017-05-23,5690.25,5718.5,5690.25,5709.25,213712,6398
2017-05-24,5709.25,5736.5,5705.25,5735.25,188266,6398
2017-05-25,5735.5,5795.5,5735.25,5783.75,239626,6398
2017-05-26,5783.5,5796.5,5772.75,5795.5,160256,6398
2017-05-28,5793.0,5803.5,5792.5,5798.75,2135,6398
2017-05-29,5798.5,5802.0,5792.0,5793.5,16301,6398
2017-05-30,5793.75,5802.75,5778.25,5795.25,179329,6398
2017-05-31,5795.25,5819.25,5763.75,5800.75,320246,6398
2017-06-01,5800.75,5827.75,5780.5,5823.5,259886,6398
2017-06-02,5823.5,5886.75,5823.25,5885.25,291973,6398
2017-06-04,5878.25,5884.25,5875.5,5878.25,2201,6398
2017-06-05,5878.0,5891.25,5872.75,5882.75,172116,6398
2017-06-06,5882.75,5893.25,5848.5,5865.75,249775,6398
2017-06-07,5865.75,5884.75,5845.75,5879.5,268998,6398
2017-06-08,5879.5,5897.75,5853.5,5872.75,220869,6398
2017-06-09,5873.0,5898.75,5660.25,5737.25,295987,6398
2017-06-11,5740.5,5746.5,5728.0,5733.75,2026,6398
2017-06-12,5733.75,5738.75,5634.5,5714.25,171889,6398
2017-06-13,5714.0,5760.25,5708.0,5754.0,80988,6398
2017-06-14,5754.0,5780.0,5680.0,5704.75,73104,6398
2017-06-15,5704.0,5710.75,5633.75,5701.5,38866,6398
2017-06-16,5701.75,5720.0,5685.0,5702.0,1938,6398
2017-06-18,5694.25,5694.25,5683.25,5691.75,2442,26054
2017-06-19,5691.5,5782.5,5689.5,5776.75,268888,26054
2017-06-20,5776.75,5784.0,5726.75,5731.75,289315,26054
2017-06-21,5731.75,5796.5,5699.0,5791.5,317386,26054
2017-06-22,5791.75,5814.5,5770.75,5791.25,232051,26054
2017-06-23,5791.25,5815.5,5763.0,5805.5,211393,26054
2017-06-25,5803.0,5807.25,5795.25,5803.5,1698,26054
2017-06-26,5804.0,5852.0,5768.0,5780.0,306869,26054
2017-06-27,5780.5,5784.0,5666.0,5670.5,405205,26054
2017-06-28,5670.5,5776.0,5632.0,5772.0,392837,26054
2017-06-29,5772.0,5774.75,5601.0,5645.25,596747,26054
2017-06-30,5645.25,5686.5,5623.5,5657.5,329650,26054
2017-07-02,5658.0,5673.75,5656.25,5664.75,2601,26054
2017-07-03,5665.0,5690.75,5578.0,5589.0,226047,26054
2017-07-04,5589.25,5618.5,5560.25,5577.0,53704,26054
2017-07-05,5577.25,5667.75,5567.0,5650.0,333194,26054
2017-07-06,5649.75,5650.5,5580.0,5602.25,365236,26054
2017-07-07,5601.5,5676.5,5591.5,5657.25,265192,26054
2017-07-09,5663.0,5664.75,5656.0,5663.25,1696,26054
2017-07-10,5663.25,5711.5,5650.0,5698.0,237894,26054
2017-07-11,5697.75,5723.75,5667.5,5718.75,279274,26054
2017-07-12,5719.0,5791.25,5712.75,5791.25,262502,26054
2017-07-13,5791.0,5812.0,5777.25,5799.0,240052,26054
2017-07-14,5799.0,5847.75,5787.75,5847.0,225327,26054
2017-07-16,5843.5,5858.75,5843.25,5848.0,2330,26054
2017-07-17,5848.25,5863.75,5831.25,5857.0,215720,26054
2017-07-18,5857.0,5898.5,5820.25,5892.5,246429,26054
2017-07-19,5892.25,5925.0,5892.0,5921.25,229999,26054
2017-07-20,5921.0,5938.5,5897.0,5919.75,264752,26054
2017-07-21,5920.0,5929.5,5890.5,5923.0,235383,26054
2017-07-23,5919.25,5922.0,5916.5,5916.5,1527,26054
2017-07-24,5917.0,5954.75,5905.0,5928.0,189261,26054
2017-07-25,5928.25,5946.25,5915.75,5935.75,235195,26054
2017-07-26,5936.0,5969.75,5927.0,5968.5,191952,26054
2017-07-27,5968.5,5995.75,5844.75,5891.25,528470,26054
2017-07-28,5891.25,5918.25,5850.0,5913.0,332838,26054
2017-07-30,5910.0,5912.0,5902.0,5904.25,2327,26054
2017-07-31,5904.25,5933.5,5870.25,5881.5,277936,26054
2017-08-01,5881.5,5936.75,5878.5,5934.25,231238,26054
2017-08-02,5934.5,5947.5,5856.25,5910.0,382800,26054
2017-08-03,5910.0,5924.5,5877.25,5885.25,288962,26054
2017-08-04,5885.25,5912.0,5874.25,5897.0,251715,26054
2017-08-06,5900.0,5906.75,5898.0,5904.75,1156,26054
2017-08-07,5905.0,5937.75,5899.75,5934.75,162881,26054
2017-08-08,5934.75,5972.75,5895.25,5901.25,304659,26054
2017-08-09,5901.25,5924.5,5861.75,5919.75,368753,26054
2017-08-10,5919.5,5922.5,5764.25,5774.25,542480,26054
2017-08-11,5774.0,5845.75,5761.0,5837.25,389561,26054
2017-08-13,5837.25,5862.25,5837.25,5862.0,5309,26054
2017-08-14,5862.0,5922.75,5861.5,5921.5,258388,26054
2017-08-15,5921.75,5945.0,5895.5,5905.75,244948,26054
2017-08-16,5905.75,5949.5,5902.0,5909.0,289531,26054
2017-08-17,5909.0,5923.75,5786.5,5794.0,499439,26054
2017-08-18,5794.25,5835.0,5772.5,5797.0,438859,26054
2017-08-20,5805.0,5816.75,5800.5,5807.75,3401,26054
2017-08-21,5807.5,5808.0,5752.25,5799.75,356105,26054
2017-08-22,5800.0,5884.0,5800.0,5880.0,305200,26054
2017-08-23,5880.0,5881.0,5829.0,5832.5,301238,26054
2017-08-24,5832.75,5874.25,5803.25,5843.25,359705,26054
2017-08-25,5843.5,5874.0,5816.5,5825.25,296581,26054
2017-08-27,5819.75,5824.5,5805.5,5820.25,3127,26054
2017-08-28,5820.25,5856.0,5788.25,5809.5,226107,26054
2017-08-29,5809.25,5879.75,5777.25,5877.25,322026,26054
2017-08-30,5877.25,5944.0,5862.5,5942.25,270653,26054
2017-08-31,5942.25,6001.0,5938.0,6000.0,271214,26054
2017-09-01,5999.75,6019.75,5973.25,5986.5,226678,26054
2017-09-03,5956.5,5967.5,5950.0,5960.75,7288,26054
2017-09-04,5961.0,5982.25,5946.5,5980.5,44243,26054
2017-09-05,5980.5,5984.75,5889.5,5935.0,424995,26054
2017-09-06,5934.5,5965.75,5909.25,5944.75,318885,26054
2017-09-07,5944.5,5981.5,5942.25,5963.75,260276,26054
2017-09-08,5964.0,5966.75,5907.5,5918.75,126405,26054
2017-09-10,5928.75,5946.75,5928.75,5940.5,2819,26054
2017-09-11,5940.5,5991.75,5940.0,5986.75,76332,26054
2017-09-12,5986.75,6004.0,5967.5,5998.75,68125,26054
2017-09-13,5998.5,6005.25,5975.5,5995.25,38430,26054
2017-09-14,5995.25,6000.75,5945.25,5949.0,34199,26054
2017-09-15,5948.5,5978.25,5948.0,5974.0,2179,26054
2017-09-17,5999.25,6004.5,5996.5,6003.5,2538,15466
2017-09-18,6003.25,6018.25,5967.25,5989.75,227450,15466
2017-09-19,5989.5,6004.75,5975.0,5992.0,208164,15466
2017-09-20,5992.0,6000.5,5930.5,5976.75,345667,15466
2017-09-21,5977.0,5979.25,5919.25,5941.5,340969,15466
2017-09-22,5941.25,5943.25,5911.0,5936.25,268234,15466
2017-09-24,5930.75,5952.75,5929.5,5950.5,4148,15466
2017-09-25,5950.25,5954.25,5842.0,5874.5,438890,15466
2017-09-26,5874.5,5912.5,5862.75,5892.0,337836,15466
2017-09-27,5892.0,5963.0,5886.5,5938.25,348786,15466
2017-09-28,5938.25,5948.25,5911.25,5934.25,265883,15466
2017-09-29,5934.0,5985.5,5933.0,5980.0,264396,15466
2017-10-01,5984.0,5999.5,5982.25,5993.5,5848,15466
2017-10-02,5993.25,6009.75,5958.5,5981.5,264039,15466
2017-10-03,5981.5,6004.75,5978.75,5993.75,207457,15466
2017-10-04,5993.75,6015.5,5979.5,6004.75,233158,15466
2017-10-05,6005.0,6068.0,6001.0,6063.5,252696,15466
2017-10-06,6063.5,6071.5,6037.5,6066.0,228940,15466
2017-10-08,6062.5,6070.0,6059.5,6069.25,2354,15466
2017-10-09,6069.25,6084.0,6054.75,6064.0,154406,15466
2017-10-10,6064.0,6088.5,6039.0,6066.25,237020,15466
2017-10-11,6066.25,6086.0,6053.25,6082.25,180593,15466
2017-10-12,6082.25,6097.0,6066.5,6071.5,199686,15466
2017-10-13,6071.75,6104.0,6068.5,6099.5,176558,15466
2017-10-15,6101.5,6107.25,6099.0,6105.25,2459,15466
2017-10-16,6105.25,6122.5,6098.0,6122.0,166219,15466
2017-10-17,6122.0,6128.75,6105.0,6128.25,154412,15466
2017-10-18,6128.0,6132.75,6108.0,6117.25,180286,15466
2017-10-19,6117.25,6118.75,6051.25,6095.0,331632,15466
2017-10-20,6095.0,6129.5,6090.5,6109.25,217975,15466
2017-10-22,6109.5,6128.0,6109.25,6120.75,3879,15466
2017-10-23,6120.25,6124.25,6060.5,6069.75,242733,15466
2017-10-24,6069.75,6092.5,6057.0,6076.0,231978,15466
2017-10-25,6075.75,6087.5,6011.0,6060.0,435317,15466
2017-10-26,6059.75,6096.25,6035.0,6090.5,317208,15466
2017-10-27,6090.25,6225.75,6078.75,6214.5,423124,15466
2017-10-29,6209.5,6220.5,6206.0,6208.25,4234,15466
2017-10-30,6208.5,6251.5,6202.25,6221.25,352171,15466
2017-10-31,6221.25,6258.75,6220.25,6253.25,239377,15466
2017-11-01,6253.5,6284.5,6223.5,6232.5,344983,15466
2017-11-02,6232.5,6263.0,6192.5,6255.0,350973,15466
2017-11-03,6254.75,6296.75,6236.0,6288.5,296930,15466
2017-11-05,6285.25,6297.75,6284.0,6294.5,2477,15466
2017-11-06,6294.5,6317.5,6268.0,6311.75,207627,15466
2017-11-07,6311.5,6331.5,6296.25,6304.75,282944,15466
2017-11-08,6305.0,6345.5,6302.25,6341.0,215065,15466
2017-11-09,6341.0,6351.5,6244.75,6309.75,550483,15466
2017-11-10,6309.5,6321.0,6281.0,6307.5,262650,15466
2017-11-12,6312.5,6319.5,6311.25,6319.0,1808,15466
2017-11-13,6319.0,6325.0,6281.0,6308.25,227211,15466
2017-11-14,6308.5,6318.25,6262.75,6289.75,340081,15466
2017-11-15,6289.5,6290.0,6230.75,6263.5,396584,15466
2017-11-16,6263.5,6358.5,6262.75,6347.75,329816,15466
2017-11-17,6347.5,6351.75,6308.5,6309.75,270118,15466
2017-11-19,6312.0,6319.5,6305.5,6313.25,2969,15466
2017-11-20,6313.25,6329.25,6291.25,6315.25,200391,15466
2017-11-21,6314.5,6385.25,6311.25,6383.25,215593,15466
2017-11-22,6383.25,6395.25,6375.25,6390.25,187715,15466
2017-11-23,6390.5,6398.0,6375.75,6382.75,28891,15466
2017-11-24,6382.5,6416.0,6381.75,6414.5,86626,15466
2017-11-26,6414.25,6419.5,6411.5,6416.75,1983,15466
2017-11-27,6416.75,6424.5,6394.75,6407.0,201667,15466
2017-11-28,6407.0,6429.5,6388.75,6420.75,301868,15466
2017-11-29,6420.75,6428.5,6283.0,6307.25,619107,15466
2017-11-30,6307.5,6377.5,6289.0,6358.0,454054,15466
2017-12-01,6358.5,6369.0,6246.0,6344.75,599731,15466
2017-12-03,6371.0,6391.75,6368.5,6380.5,7451,15466
2017-12-04,6380.5,6385.0,6250.75,6267.75,513511,15466
2017-12-05,6267.25,6339.75,6231.75,6275.25,437953,15466
2017-12-06,6275.5,6307.0,6232.5,6303.0,356991,15466
2017-12-07,6303.25,6335.5,6288.75,6328.5,289598,15466
2017-12-08,6328.5,6379.0,6320.5,6343.75,112595,15466
2017-12-10,6343.0,6352.0,6343.0,6348.75,1062,15466
2017-12-11,6349.25,6409.75,6339.75,6402.25,74690,15466
2017-12-12,6402.5,6407.75,6371.75,6379.0,67761,15466
2017-12-13,6378.0,6418.75,6365.5,6402.0,58616,15466
2017-12-14,6401.75,6425.0,6385.5,6392.25,37131,15466
2017-12-15,6392.25,6500.0,6384.0,6478.0,2043,15466
2017-12-17,6498.0,6514.5,6497.5,6512.5,3435,16210
2017-12-18,6512.25,6542.0,6509.25,6537.0,217078,16210
2017-12-19,6536.75,6545.75,6479.75,6509.75,267793,16210
2017-12-20,6509.25,6529.0,6463.25,6485.0,266437,16210
2017-12-21,6484.75,6520.75,6478.0,6495.5,206027,16210
2017-12-22,6495.25,6501.75,6467.5,6483.25,152226,16210
2017-12-25,6482.5,6491.5,6482.5,6490.75,923,16210
2017-12-26,6490.75,6492.0,6432.25,6463.0,130471,16210
2017-12-27,6462.75,6475.5,6442.0,6454.25,155464,16210
2017-12-28,6454.5,6477.5,6442.25,6448.5,132165,16210
2017-12-29,6448.5,6467.75,6383.25,6385.0,203765,16210
2018-01-01,6405.0,6417.25,6401.5,6417.0,2705,16210
2018-01-02,6416.75,6523.25,6397.75,6516.75,254986,16210
2018-01-03,6516.5,6591.25,6516.25,6584.75,221080,16210
2018-01-04,6584.5,6617.5,6580.75,6604.75,251725,16210
2018-01-05,6605.0,6671.0,6599.75,6665.75,208154,16210
2018-01-07,6667.75,6681.25,6666.0,6673.5,3507,16210
2018-01-08,6673.5,6693.25,6653.25,6691.75,190239,16210
2018-01-09,6691.75,6707.25,6667.25,6684.25,270413,16210
2018-01-10,6684.5,6686.0,6628.25,6674.75,315537,16210
2018-01-11,6675.0,6728.75,6664.25,6719.75,224447,16210
2018-01-12,6719.5,6777.75,6703.25,6772.0,271123,16210
2018-01-14,6781.5,6789.0,6776.0,6787.25,2261,16210
2018-01-15,6786.75,6798.5,6773.0,6778.75,36755,16210
2018-01-16,6779.0,6845.75,6729.25,6751.25,477751,16210
2018-01-17,6751.5,6834.25,6749.25,6830.75,352163,16210
2018-01-18,6831.0,6838.0,6796.0,6821.25,312231,16210
2018-01-19,6821.25,6857.0,6801.5,6850.0,308688,16210
2018-01-21,6830.75,6843.5,6824.25,6838.0,4057,16210
2018-01-22,6837.75,6941.25,6831.0,6930.75,255456,16210
2018-01-23,6930.75,6981.25,6919.75,6959.75,331569,16210
2018-01-24,6960.0,7004.25,6888.25,6929.25,522347,16210
2018-01-25,6929.25,6987.25,6902.0,6942.0,414793,16210
2018-01-26,6942.0,7034.5,6939.0,7031.5,318289,16210
2018-01-28,7030.0,7043.5,7030.0,7041.25,4531,16210
2018-01-29,7041.25,7047.25,6980.0,7004.5,397255,16210
2018-01-30,7004.25,7006.5,6902.75,6941.25,519186,16210
2018-01-31,6941.5,6991.0,6921.5,6970.5,416940,16210
2018-02-01,6970.0,6987.75,6884.75,6953.75,491017,16210
2018-02-02,6953.5,6955.0,6752.25,6753.25,628746,16210
2018-02-04,6752.25,6759.25,6710.0,6727.0,12706,16210
2018-02-05,6727.0,6813.5,6387.75,6450.75,930665,16210
2018-02-06,6449.75,6677.5,6260.25,6640.5,794153,16210
2018-02-07,6641.25,6717.75,6490.25,6498.5,579509,16210
2018-02-08,6499.25,6618.5,6297.0,6313.25,625182,16210
2018-02-09,6313.25,6455.5,6164.0,6425.75,769656,16210
2018-02-11,6434.5,6442.75,6414.25,6439.75,7040,16210
2018-02-12,6440.0,6567.5,6425.0,6527.0,398299,16210
2018-02-13,6528.0,6571.0,6470.75,6563.25,378965,16210
2018-02-14,6563.25,6692.75,6456.25,6679.0,473442,16210
2018-02-15,6678.5,6828.25,6669.75,6823.5,453408,16210
2018-02-16,6823.25,6859.75,6762.0,6781.5,439392,16210
2018-02-18,6783.25,6806.0,6782.25,6802.5,2592,16210
2018-02-19,6802.25,6819.5,6758.25,6787.0,53301,16210
2018-02-20,6787.0,6843.75,6723.25,6802.75,405033,16210
2018-02-21,6802.5,6885.5,6717.0,6722.0,441771,16210
2018-02-22,6722.5,6831.5,6694.75,6791.0,432125,16210
2018-02-23,6791.5,6913.75,6782.75,6902.5,367621,16210
2018-02-25,6918.25,6928.75,6913.0,6914.75,3891,16210
2018-02-26,6914.75,7007.5,6890.0,7001.0,289611,16210
2018-02-27,7001.0,7009.0,6904.0,6927.0,495710,16210
2018-02-28,6927.0,6970.5,6857.75,6882.25,458363,16210
2018-03-01,6882.0,6898.75,6689.0,6770.0,788376,16210
2018-03-02,6770.25,6823.25,6646.0,6808.5,629646,16210
2018-03-04,6795.75,6802.0,6779.0,6793.25,5733,16210
2018-03-05,6793.25,6904.5,6742.5,6881.5,460157,16210
2018-03-06,6881.75,6939.25,6818.5,6826.0,421102,16210
2018-03-07,6825.75,6937.0,6798.25,6920.25,475490,16210
2018-03-08,6920.5,6983.5,6914.25,6976.0,358574,16210
2018-03-09,6976.0,7103.75,6963.0,7096.75,171709,16210
2018-03-11,7099.25,7124.5,7090.0,7120.75,1792,16210
2018-03-12,7120.75,7158.75,7109.25,7130.25,115351,16210
2018-03-13,7130.25,7188.5,7021.5,7039.25,126708,16210
2018-03-14,7040.0,7098.0,7012.25,7038.5,79623,16210
2018-03-15,7039.25,7076.75,7003.25,7055.0,37106,16210
2018-03-16,7056.0,7059.0,7031.0,7044.0,1546,16210
2018-03-18,7043.0,7043.0,7031.25,7037.0,5178,23520
2018-03-19,7037.25,7041.5,6821.25,6885.25,561191,23520
2018-03-20,6885.5,6927.75,6863.0,6912.75,393585,23520
2018-03-21,6913.0,6951.0,6842.25,6884.5,444867,23520
2018-03-22,6884.25,6915.0,6634.5,6635.75,682500,23520
2018-03-23,6635.5,6721.25,6519.0,6548.0,722599,23520
2018-03-25,6549.75,6574.75,6525.0,6569.25,10192,23520
2018-03-26,6569.0,6786.75,6552.25,6786.25,626982,23520
2018-03-27,6786.25,6849.25,6490.0,6550.0,726259,23520
2018-03-28,6549.75,6582.25,6421.0,6492.0,939766,23520
2018-03-29,6492.0,6653.75,6443.75,6570.5,631352,23520
2018-04-01,6557.0,6588.5,6548.25,6559.0,6978,23520
2018-04-02,6559.25,6576.5,6326.5,6412.5,652542,23520
2018-04-03,6413.0,6496.75,6351.25,6455.0,673319,23520
2018-04-04,6455.75,6602.75,6306.75,6599.25,635552,23520
2018-04-05,6599.75,6654.5,6490.25,6524.75,506114,23520
2018-04-06,6525.5,6599.25,6408.5,6456.5,606244,23520
2018-04-08,6463.0,6485.0,6460.0,6479.75,5862,23520
2018-04-09,6479.0,6618.0,6469.0,6483.5,474473,23520
2018-04-10,6483.0,6651.75,6471.75,6611.75,539273,23520
2018-04-11,6612.0,6663.25,6550.75,6612.75,436473,23520
2018-04-12,6612.5,6693.75,6589.75,6655.75,359427,23520
2018-04-13,6655.0,6713.0,6606.25,6642.25,453339,23520
2018-04-15,6674.25,6698.0,6672.5,6688.75,7010,23520
2018-04-16,6688.5,6722.0,6639.25,6704.0,318835,23520
2018-04-17,6704.5,6844.75,6703.5,6831.75,323442,23520
2018-04-18,6831.75,6867.0,6796.75,6863.0,296787,23520
2018-04-19,6862.75,6866.25,6755.25,6778.0,373833,23520
2018-04-20,6778.0,6790.25,6646.0,6675.75,409632,23520
2018-04-22,6705.5,6720.0,6682.5,6695.75,5643,23520
2018-04-23,6695.25,6728.0,6616.75,6671.5,378049,23520
2018-04-24,6670.75,6717.75,6467.25,6532.5,622861,23520
2018-04-25,6532.0,6604.0,6429.25,6597.75,546356,23520
2018-04-26,6598.0,6754.5,6559.25,6749.5,422749,23520
2018-04-27,6749.5,6772.0,6623.0,6672.0,468011,23520
2018-04-29,6668.0,6693.0,6666.25,6676.25,3335,23520
2018-04-30,6676.5,6718.0,6595.5,6619.25,386439,23520
2018-05-01,6619.25,6740.0,6578.75,6722.0,359878,23520
2018-05-02,6722.0,6729.5,6625.25,6633.75,378205,23520
2018-05-03,6633.75,6673.0,6538.0,6647.5,511753,23520
2018-05-04,6647.5,6788.5,6610.5,6779.25,397881,23520
2018-05-06,6779.0,6804.75,6772.25,6797.0,5439,23520
2018-05-07,6796.75,6851.25,6790.0,6818.5,319780,23520
2018-05-08,6818.75,6837.5,6771.0,6815.5,369339,23520
2018-05-09,6815.75,6904.0,6808.25,6895.5,314751,23520
2018-05-10,6895.75,6971.25,6892.25,6962.75,291134,23520
2018-05-11,6963.0,6979.5,6928.25,6957.0,257354,23520
2018-05-13,6958.25,6984.0,6957.75,6982.5,3882,23520
2018-05-14,6982.75,7013.5,6955.5,6972.25,250094,23520
2018-05-15,6972.25,6976.75,6854.25,6882.75,422749,23520
2018-05-16,6883.0,6953.5,6882.0,6942.25,270228,23520
2018-05-17,6942.25,6962.0,6875.0,6914.25,322106,23520
2018-05-18,6913.75,6936.25,6862.25,6873.75,308582,23520
2018-05-20,6919.0,6947.75,6919.0,6931.5,7749,23520
2018-05-21,6931.0,6957.0,6881.5,6911.0,285784,23520
2018-05-22,6911.25,6954.75,6890.0,6901.5,266920,23520
2018-05-23,6901.5,6961.5,6829.75,6950.0,389783,23520
2018-05-24,6950.25,6975.0,6885.25,6963.75,377171,23520
2018-05-25,6963.5,7003.75,6942.5,6965.25,312079,23520
2018-05-27,6989.0,7000.0,6979.25,6991.25,3300,23520
2018-05-28,6991.0,7007.0,6969.75,6988.5,41887,23520
2018-05-29,6988.0,6989.5,6890.5,6933.0,441207,23520
2018-05-30,6933.0,6994.75,6918.5,6977.0,300526,23520
2018-05-31,6977.0,7023.5,6958.25,6983.25,379035,23520
2018-06-01,6983.5,7090.5,6979.0,7085.75,313958,23520
2018-06-03,7079.75,7088.25,7071.75,7087.5,3117,23520
2018-06-04,7087.5,7151.5,7085.5,7147.25,243964,23520
2018-06-05,7147.75,7187.5,7137.5,7181.25,251572,23520
2018-06-06,7181.5,7222.25,7142.25,7213.5,295403,23520
2018-06-07,7213.25,7234.25,7116.75,7156.0,377336,23520
2018-06-08,7157.5,7163.0,7077.75,7151.25,165859,23520
2018-06-10,7135.0,7143.0,7125.0,7138.25,1854,23520
2018-06-11,7138.25,7189.0,7133.25,7175.25,88489,23520
2018-06-12,7175.25,7223.25,7155.5,7220.25,63174,23520
2018-06-13,7221.0,7262.75,7192.0,7207.5,52794,23520
2018-06-14,7207.75,7292.25,7178.25,7285.0,37739,23520
2018-06-15,7282.0,7291.75,7229.25,7257.5,3514,23520
2018-06-17,7276.0,7289.25,7274.0,7282.75,3028,47511
2018-06-18,7282.25,7282.75,7208.75,7232.75,290213,47511
2018-06-19,7233.0,7262.0,7157.5,7260.75,441900,47511
2018-06-20,7260.75,7336.5,7226.75,7322.0,315592,47511
2018-06-21,7321.75,7358.5,7222.0,7231.0,419725,47511
2018-06-22,7231.25,7274.0,7198.25,7219.0,317668,47511
2018-06-24,7222.75,7222.75,7205.25,7220.75,4135,47511
2018-06-25,7221.0,7222.75,6995.5,7062.25,588482,47511
2018-06-26,7062.5,7130.0,7040.5,7104.5,395072,47511
2018-06-27,7104.75,7151.5,6988.0,7010.25,544115,47511
2018-06-28,7011.0,7076.5,6956.0,7061.25,479106,47511
2018-06-29,7061.25,7123.75,7045.0,7067.75,391485,47511
2018-07-01,7068.25,7080.75,7045.0,7071.25,5383,47511
2018-07-02,7071.25,7119.75,6987.5,7115.5,375585,47511
2018-07-03,7115.5,7165.0,7015.0,7026.25,298246,47511
2018-07-04,7026.5,7052.75,7023.75,7039.25,39929,47511
2018-07-05,7039.0,7128.0,7017.25,7103.0,338004,47511
2018-07-06,7103.0,7237.75,7101.25,7231.0,311429,47511
2018-07-08,7232.5,7242.75,7232.25,7239.0,3017,47511
2018-07-09,7238.75,7316.5,7237.5,7312.75,268562,47511
2018-07-10,7313.0,7335.5,7241.0,7244.0,293456,47511
2018-07-11,7243.75,7290.0,7204.5,7259.0,360883,47511
2018-07-12,7258.75,7399.25,7255.5,7394.25,303966,47511
2018-07-13,7394.5,7414.25,7367.0,7397.75,273280,47511
2018-07-15,7399.5,7413.75,7398.5,7407.5,3172,47511
2018-07-16,7407.75,7413.5,7316.0,7329.5,244767,47511
2018-07-17,7329.0,7436.0,7292.5,7431.5,337623,47511
2018-07-18,7431.75,7437.75,7381.5,7407.0,264914,47511
2018-07-19,7406.75,7416.0,7354.75,7387.5,321919,47511
2018-07-20,7386.75,7413.75,7350.75,7366.0,291214,47511
2018-07-22,7368.0,7377.5,7362.5,7363.75,2433,47511
2018-07-23,7363.75,7442.5,7311.5,7437.25,287955,47511
2018-07-24,7437.25,7489.75,7386.75,7413.5,400737,47511
2018-07-25,7413.5,7530.0,7388.5,7413.5,366659,47511
2018-07-26,7413.25,7450.0,7362.0,7433.75,367586,47511
2018-07-27,7434.25,7467.0,7263.5,7299.75,525892,47511
2018-07-29,7293.0,7299.75,7289.5,7291.5,3214,47511
2018-07-30,7291.75,7309.25,7166.75,7210.75,493315,47511
2018-07-31,7211.25,7298.0,7189.25,7273.0,434919,47511
2018-08-01,7273.25,7303.75,7241.0,7287.75,355808,47511
2018-08-02,7287.75,7395.25,7214.25,7388.5,434560,47511
2018-08-03,7388.75,7415.0,7362.25,7406.0,292671,47511
2018-08-05,7404.25,7415.75,7402.75,7404.5,2562,47511
2018-08-06,7404.5,7449.75,7387.5,7444.75,246565,47511
2018-08-07,7444.25,7486.75,7443.25,7474.25,261125,47511
2018-08-08,7474.75,7496.0,7442.5,7468.5,247729,47511
2018-08-09,7468.5,7505.5,7458.75,7466.0,238094,47511
2018-08-10,7466.5,7468.0,7390.75,7432.25,383561,47511
2018-08-12,7425.5,7427.5,7400.25,7411.5,4670,47511
2018-08-13,7412.25,7479.0,7378.25,7424.0,374898,47511
2018-08-14,7423.75,7465.0,7397.0,7460.5,303295,47511
2018-08-15,7460.5,7464.75,7316.5,7371.5,516744,47511
2018-08-16,7371.5,7434.5,7363.25,7375.0,344097,47511
2018-08-17,7375.25,7407.0,7321.75,7390.5,360749,47511
2018-08-19,7390.5,7400.0,7387.5,7394.75,3300,47511
2018-08-20,7395.0,7420.75,7351.5,7378.25,281152,47511
2018-08-21,7378.5,7452.25,7352.0,7360.25,324475,47511
2018-08-22,7360.0,7444.75,7355.0,7436.5,302291,47511
2018-08-23,7436.75,7475.0,7411.25,7427.75,353353,47511
2018-08-24,7427.5,7499.5,7424.5,7496.5,274231,47511
2018-08-26,7499.0,7524.75,7498.75,7524.5,6049,47511
2018-08-27,7524.25,7582.0,7516.5,7581.5,275598,47511
2018-08-28,7581.5,7597.25,7564.25,7586.75,269709,47511
2018-08-29,7586.5,7674.5,7581.5,7669.25,310563,47511
2018-08-30,7669.25,7697.0,7626.25,7640.5,390529,47511
2018-08-31,7640.75,7682.25,7633.25,7674.0,339114,47511
2018-09-02,7670.0,7676.25,7664.5,7673.5,2566,47511
2018-09-03,7673.25,7687.0,7658.5,7673.75,37750,47511
2018-09-04,7673.75,7693.75,7586.75,7634.0,426393,47511
2018-09-05,7633.75,7643.25,7503.25,7526.75,516300,47511
2018-09-06,7527.0,7544.5,7407.75,7451.0,644803,47511
2018-09-07,7450.5,7494.75,7393.0,7434.0,590783,47511
2018-09-09,7433.0,7448.5,7432.0,7441.75,3822,47511
2018-09-10,7442.0,7483.5,7414.0,7464.75,415460,47511
2018-09-11,7464.5,7524.75,7404.5,7517.75,461835,47511
2018-09-12,7517.75,7541.0,7425.0,7482.75,570965,47511
2018-09-13,7482.5,7583.25,7470.0,7570.5,428728,47511
2018-09-14,7571.0,7598.75,7515.25,7545.75,178594,47511
2018-09-16,7534.0,7538.0,7523.0,7528.0,2062,47511
2018-09-17,7527.75,7547.25,7393.5,7395.5,129893,47511
2018-09-18,7395.75,7535.25,7394.25,7498.0,97086,47511
2018-09-19,7497.5,7517.25,7442.5,7506.25,53110,47511
2018-09-20,7504.75,7587.5,7485.25,7581.5,42443,47511
2018-09-21,7581.25,7619.25,7575.25,7589.0,2390,47511
2018-09-23,7539.75,7540.5,7510.75,7524.5,8044,16041
2018-09-24,7524.5,7594.0,7473.75,7585.25,381001,16041
2018-09-25,7585.25,7606.0,7550.5,7604.0,316746,16041
2018-09-26,7603.75,7668.0,7577.5,7604.0,402737,16041
2018-09-27,7603.75,7686.25,7586.0,7661.75,368522,16041
2018-09-28,7661.5,7677.0,7617.0,7668.25,374963,16041
2018-09-30,7672.0,7695.75,7670.75,7687.0,7183,16041
2018-10-01,7687.25,7728.75,7652.0,7676.0,349234,16041
2018-10-02,7676.0,7712.75,7630.25,7651.75,391894,16041
2018-10-03,7652.0,7703.75,7641.5,7645.75,393595,16041
2018-10-04,7645.75,7647.75,7456.5,7520.0,679253,16041
2018-10-05,7520.25,7540.0,7347.0,7438.25,718975,16041
2018-10-07,7443.25,7453.25,7412.75,7423.25,7742,16041
2018-10-08,7423.0,7445.75,7286.5,7385.25,605232,16041
2018-10-09,7385.0,7455.75,7337.0,7403.0,580757,16041
2018-10-10,7403.0,7412.0,7000.0,7015.75,929161,16041
2018-10-11,7015.0,7138.0,6907.75,7072.0,1135003,16041
2018-10-12,7072.0,7197.75,7035.0,7184.75,748766,16041
2018-10-14,7176.75,7179.0,7135.5,7166.5,10275,16041
2018-10-15,7166.25,7172.0,7060.75,7099.5,632190,16041
2018-10-16,7100.0,7357.5,7092.75,7345.75,602899,16041
2018-10-17,7346.0,7368.5,7221.5,7282.25,661031,16041
2018-10-18,7282.25,7305.0,7094.5,7142.25,694262,16041
2018-10-19,7142.75,7244.25,7092.75,7104.5,651629,16041
2018-10-21,7085.75,7091.0,7062.25,7082.5,11220,16041
2018-10-22,7082.5,7210.5,7057.0,7140.0,635125,16041
2018-10-23,7140.25,7164.0,6944.0,7137.0,820368,16041
2018-10-24,7136.5,7175.0,6785.75,6833.0,896582,16041
2018-10-25,6833.25,7075.75,6832.5,6885.0,788380,16041
2018-10-26,6885.75,6986.5,6734.25,6868.5,1040037,16041
2018-10-28,6898.0,6949.25,6880.0,6921.0,12147,16041
2018-10-29,6920.25,6991.5,6580.5,6728.5,892626,16041
2018-10-30,6727.75,6867.25,6661.0,6836.75,828237,16041
2018-10-31,6836.25,7039.25,6816.75,6974.5,743394,16041
2018-11-01,6974.0,7079.75,6936.75,7016.5,594033,16041
2018-11-02,7016.25,7143.25,6911.25,6975.75,765610,16041
2018-11-04,6972.75,6975.75,6952.5,6957.5,4794,16041
2018-11-05,6958.0,6998.5,6865.0,6952.0,500854,16041
2018-11-06,6952.25,7034.75,6906.75,6999.25,513719,16041
2018-11-07,6998.5,7225.0,6971.5,7211.75,616968,16041
2018-11-08,7211.5,7231.0,7132.0,7156.75,472200,16041
2018-11-09,7156.0,7166.25,6989.0,7029.0,582136,16041
2018-11-11,7026.25,7037.5,7012.5,7033.25,3886,16041
2018-11-12,7033.0,7103.75,6825.75,6834.75,700616,16041
2018-11-13,6834.5,6962.0,6801.25,6880.25,706987,16041
2018-11-14,6879.75,6929.5,6746.0,6774.5,729119,16041
2018-11-15,6774.75,6920.5,6712.25,6871.0,780186,16041
2018-11-16,6871.25,6915.0,6806.25,6897.25,684504,16041
2018-11-18,6875.0,6877.0,6853.75,6868.0,4686,16041
2018-11-19,6868.25,6934.5,6632.25,6654.25,741006,16041
2018-11-20,6653.5,6663.5,6449.5,6518.75,901052,16041
2018-11-21,6518.5,6647.75,6517.5,6586.25,561836,16041
2018-11-22,6585.25,6598.0,6506.5,6544.0,94346,16041
2018-11-23,6544.0,6601.5,6495.0,6530.5,266116,16041
2018-11-25,6537.5,6557.25,6530.5,6553.75,7794,16041
2018-11-26,6553.75,6696.5,6550.0,6642.5,498654,16041
2018-11-27,6642.5,6735.25,6613.25,6722.0,572547,16041
2018-11-28,6721.5,6923.5,6709.25,6911.0,625330,16041
2018-11-29,6910.75,6943.75,6843.0,6903.0,523593,16041
2018-11-30,6903.0,6967.25,6871.5,6966.25,478470,16041
2018-12-02,7041.0,7103.25,7041.0,7084.0,15870,16041
2018-12-03,7084.25,7139.0,7015.25,7045.25,555819,16041
2018-12-04,7045.25,7052.0,6783.0,6824.25,806079,16041
2018-12-05,6824.0,6861.75,6641.0,6746.25,81101,16041
2018-12-06,6746.25,6854.25,6630.25,6847.0,968680,16041
2018-12-07,6846.75,6856.5,6594.75,6631.5,840515,16041
2018-12-09,6596.25,6609.75,6557.75,6571.25,11056,16041
2018-12-10,6571.75,6714.5,6535.25,6679.75,765787,16041
2018-12-11,6680.0,6808.75,6651.25,6705.5,726222,16041
2018-12-12,6706.0,6872.0,6693.25,6792.0,641245,16041
2018-12-13,6791.5,6838.5,6723.0,6751.75,594406,16041
2018-12-14,6751.5,6760.75,6583.25,6583.75,296333,16041
2018-12-16,6580.0,6613.0,6575.0,6612.25,1052,16041
2018-12-17,6614.0,6635.25,6401.25,6491.25,251624,16041
2018-12-18,6492.0,6555.75,6435.75,6471.0,150339,16041
2018-12-19,6471.75,6594.0,6282.25,6354.5,114175,16041
2018-12-20,6356.0,6385.25,6161.75,6293.0,53736,16041
2018-12-21,6292.0,6315.0,6242.0,6257.25,3849,16041
2018-12-23,6049.75,6074.25,6015.5,6063.75,11570,15657
2018-12-24,6063.25,6123.0,5888.75,5894.0,426233,15657
2018-12-25,5902.0,5916.25,5820.5,5902.25,10032,15657
2018-12-26,5903.0,6310.0,5837.5,6259.75,627691,15657
2018-12-27,6259.75,6333.0,6053.25,6288.25,729553,15657
2018-12-28,6287.75,6402.5,6243.75,6296.25,621647,15657
2018-12-30,6312.25,6356.5,6311.5,6342.75,6324,15657
2018-12-31,6342.25,6376.75,6283.0,6352.25,362666,15657
2019-01-01,6349.5,6379.75,6344.0,6373.0,5538,15657
2019-01-02,6372.5,6409.25,6154.0,6218.5,658077,15657
2019-01-03,6218.75,6304.25,6148.5,6168.0,697536,15657
2019-01-04,6167.25,6462.0,6136.5,6431.75,680371,15657
2019-01-06,6451.25,6455.0,6439.75,6451.25,5741,15657
2019-01-07,6451.5,6535.75,6402.5,6496.0,501683,15657
2019-01-08,6496.25,6586.25,6467.25,6569.75,530724,15657
2019-01-09,6569.75,6645.0,6560.25,6592.75,490225,15657
2019-01-10,6593.0,6641.75,6527.5,6616.0,491103,15657
2019-01-11,6616.5,6632.5,6572.0,6615.5,356638,15657
2019-01-13,6599.0,6602.5,6578.0,6578.75,4090,15657
2019-01-14,6578.75,6584.5,6521.5,6551.5,360521,15657
2019-01-15,6551.75,6692.0,6551.25,6690.75,489835,15657
2019-01-16,6691.25,6737.25,6659.5,6660.0,438640,15657
2019-01-17,6660.0,6760.0,6612.25,6715.5,467410,15657
2019-01-18,6715.5,6828.25,6713.0,6805.5,488070,15657
2019-01-20,6794.5,6794.5,6777.25,6780.5,2828,15657
2019-01-21,6779.5,6785.25,6741.25,6770.0,76556,15657
2019-01-22,6770.5,6778.25,6611.5,6653.75,568537,15657
2019-01-23,6653.5,6724.25,6592.25,6660.75,509221,15657
2019-01-24,6660.75,6718.5,6653.0,6686.75,445175,15657
2019-01-25,6687.0,6810.5,6682.25,6795.25,440179,15657
2019-01-27,6784.25,6791.0,6773.25,6774.5,4209,15657
2019-01-28,6774.5,6785.25,6648.25,6680.75,483214,15657
2019-01-29,6680.75,6721.0,6616.75,6679.25,439808,15657
2019-01-30,6679.25,6865.5,6657.75,6864.25,522479,15657
2019-01-31,6864.5,6943.0,6839.25,6891.0,550933,15657
2019-02-01,6890.75,6927.5,6860.5,6880.25,449134,15657
2019-02-03,6863.75,6880.75,6858.25,6877.75,2877,15657
2019-02-04,6877.5,6983.0,6865.0,6937.25,345736,15657
2019-02-05,6937.5,7033.75,6928.25,7014.0,366196,15657
2019-02-06,7013.5,7038.75,6972.25,6992.75,372741,15657
2019-02-07,6993.0,6994.75,6856.25,6885.0,592977,15657
2019-02-08,6885.0,6926.25,6841.0,6924.0,459435,15657
2019-02-10,6921.75,6940.0,6913.0,6913.75,3434,15657
2019-02-11,6913.75,6969.5,6896.25,6914.25,382035,15657
2019-02-12,6914.25,7028.5,6912.0,7025.75,360663,15657
2019-02-13,7026.0,7069.75,7011.25,7020.5,358514,15657
2019-02-14,7020.75,7057.5,6972.0,7020.0,488809,15657
2019-02-15,7020.0,7095.25,6975.25,7064.5,425690,15657
2019-02-17,7063.75,7079.0,7058.5,7066.5,3899,15657
2019-02-18,7066.5,7082.75,7055.75,7074.25,66614,15657
2019-02-19,7074.5,7094.75,7035.25,7069.25,315557,15657
2019-02-20,7069.0,7105.0,7032.25,7069.0,416124,15657
2019-02-21,7069.0,7113.75,7005.0,7032.25,431415,15657
2019-02-22,7032.25,7101.25,7019.25,7100.5,361407,15657
2019-02-24,7108.5,7127.75,7108.5,7119.5,5952,15657
2019-02-25,7119.25,7168.5,7102.0,7113.25,341184,15657
2019-02-26,7113.0,7151.0,7073.25,7113.0,358940,15657
2019-02-27,7113.25,7131.75,7048.0,7119.25,363739,15657
2019-02-28,7119.25,7130.75,7072.5,7105.5,360534,15657
2019-03-01,7105.5,7164.5,7103.75,7159.25,375983,15657
2019-03-03,7177.0,7206.25,7174.25,7202.25,8644,15657
2019-03-04,7202.5,7211.5,7074.5,7141.75,547249,15657
2019-03-05,7141.75,7182.0,7124.25,7153.0,361523,15657
2019-03-06,7152.5,7171.25,7100.0,7103.25,440732,15657
2019-03-07,7103.25,7123.25,7003.25,7033.5,533791,15657
2019-03-08,7033.25,7034.0,6939.0,7031.0,259621,15657
2019-03-10,7022.25,7032.75,7013.5,7017.75,2949,15657
2019-03-11,7018.25,7197.5,6997.5,7192.25,130465,15657
2019-03-12,7192.0,7223.0,7163.25,7203.75,105120,15657
2019-03-13,7203.75,7295.5,7183.75,7270.5,83086,15657
2019-03-14,7270.75,7293.5,7237.75,7247.25,51803,15657
2019-03-15,7249.5,7288.0,7249.5,7271.0,2241,15657
2019-03-17,7338.0,7342.5,7331.0,7337.5,3819,9166
2019-03-18,7337.75,7379.5,7321.75,7363.0,363567,9166
2019-03-19,7363.0,7421.25,7351.25,7372.25,423982,9166
2019-03-20,7372.5,7458.0,7349.5,7418.0,538130,9166
2019-03-21,7418.0,7541.0,7367.75,7535.0,520687,9166
2019-03-22,7534.75,7544.75,7353.0,7358.5,679218,9166
2019-03-24,7372.25,7390.5,7360.0,7364.5,10409,9166
2019-03-25,7363.75,7371.5,7290.0,7365.0,584748,9166
2019-03-26,7364.75,7447.5,7340.5,7378.75,553198,9166
2019-03-27,7378.5,7404.75,7276.0,7320.25,590969,9166
2019-03-28,7320.0,7379.75,7289.5,7371.75,446014,9166
2019-03-29,7371.75,7414.5,7355.5,7412.75,385472,9166
2019-03-31,7430.0,7457.25,7428.5,7455.75,11741,9166
2019-04-01,7455.5,7506.75,7445.0,7505.0,404089,9166
2019-04-02,7505.25,7532.5,7483.75,7517.75,356897,9166
2019-04-03,7517.5,7616.25,7513.25,7577.75,480429,9166
2019-04-04,7577.75,7598.0,7522.0,7557.0,428998,9166
2019-04-05,7556.75,7612.75,7556.0,7612.75,353266,9166
2019-04-07,7607.75,7619.75,7605.0,7613.25,5150,9166
2019-04-08,7613.25,7629.5,7561.25,7624.5,330763,9166
2019-04-09,7624.5,7633.75,7578.75,7587.25,385965,9166
2019-04-10,7587.5,7658.25,7575.75,7652.0,334142,9166
2019-04-11,7652.0,7661.0,7601.5,7620.5,339831,9166
2019-04-12,7620.5,7665.0,7611.0,7654.0,339380,9166
2019-04-14,7654.0,7657.0,7646.25,7650.0,3886,9166
2019-04-15,7649.5,7659.0,7598.75,7650.25,314480,9166
2019-04-16,7650.0,7695.0,7649.75,7677.25,370384,9166
2019-04-17,7677.25,7733.5,7673.5,7695.5,456993,9166
2019-04-18,7695.25,7723.0,7660.25,7715.75,386619,9166
2019-04-21,7715.25,7727.0,7709.0,7717.0,5425,9166
2019-04-22,7717.25,7746.75,7669.75,7739.75,250589,9166
2019-04-23,7740.0,7843.75,7724.5,7835.5,424025,9166
2019-04-24,7835.5,7861.75,7802.25,7859.75,382970,9166
2019-04-25,7859.75,7879.5,7790.5,7799.0,484534,9166
2019-04-26,7799.25,7845.5,7755.5,7837.25,458707,9166
2019-04-28,7837.25,7844.75,7835.0,7836.0,3729,9166
2019-04-29,7836.0,7867.75,7801.5,7802.75,320011,9166
2019-04-30,7802.75,7857.0,7740.0,7845.25,459012,9166
2019-05-01,7845.5,7867.25,7732.0,7749.5,480302,9166
2019-05-02,7749.25,7805.0,7682.25,7743.25,584740,9166
2019-05-03,7743.0,7872.5,7736.25,7872.5,445615,9166
2019-05-05,7810.0,7810.0,7699.0,7706.5,32702,9166
2019-05-06,7706.25,7817.5,7667.5,7762.75,605295,9166
2019-05-07,7763.0,7804.0,7581.25,7652.5,821693,9166
2019-05-08,7652.75,7698.0,7600.0,7632.75,614287,9166
2019-05-09,7632.75,7642.0,7481.0,7596.75,741989,9166
2019-05-10,7597.0,7654.5,7435.75,7611.25,788907,9166
2019-05-12,7534.25,7551.5,7518.0,7518.25,17631,9166
2019-05-13,7518.25,7533.25,7290.0,7307.0,755987,9166
2019-05-14,7306.75,7459.5,7305.75,7432.75,539539,9166
2019-05-15,7432.75,7538.5,7353.75,7518.0,532011,9166
2019-05-16,7518.25,7641.0,7473.5,7607.75,519851,9166
2019-05-17,7608.0,7620.0,7506.5,7512.25,618523,9166
2019-05-19,7514.75,7547.25,7512.0,7541.5,8166,9166
2019-05-20,7541.5,7559.25,7361.5,7415.5,626265,9166
2019-05-21,7416.0,7485.25,7400.75,7470.75,432474,9166
2019-05-22,7471.0,7474.5,7391.25,7417.25,453537,9166
2019-05-23,7417.5,7421.0,7268.0,7324.75,639077,9166
2019-05-24,7325.0,7379.75,7300.5,7312.5,398240,9166
2019-05-26,7315.5,7321.75,7308.0,7310.0,4713,9166
2019-05-27,7309.75,7338.5,7293.0,7323.5,66689,9166
2019-05-28,7323.75,7371.75,7280.25,7288.75,458675,9166
2019-05-29,7288.75,7291.0,7183.25,7222.5,561632,9166
2019-05-30,7222.75,7271.25,7182.75,7187.25,410527,9166
2019-05-31,7187.0,7216.75,7129.25,7137.5,517883,9166
2019-06-02,7110.0,7110.5,7076.25,7082.0,17958,9166
2019-06-03,7081.75,7132.5,6941.25,7001.25,756464,9166
2019-06-04,7001.25,7210.75,6981.75,7204.75,561526,9166
2019-06-05,7204.75,7245.25,7150.25,7213.0,533404,9166
2019-06-06,7213.0,7299.25,7204.0,7275.25,423087,9166
2019-06-07,7276.0,7453.0,7264.5,7429.25,471759,9166
2019-06-09,7469.0,7484.75,7455.25,7456.25,11211,9166
2019-06-10,7456.0,7578.5,7431.25,7508.5,447294,9166
2019-06-11,7508.5,7600.75,7492.75,7513.5,453663,9166
2019-06-12,7514.0,7531.0,7461.0,7490.0,375360,9166
2019-06-13,7490.25,7536.0,7421.0,7495.5,372827,9166
2019-06-14,7495.5,7520.75,7451.5,7483.75,203680,9166
2019-06-16,7481.0,7503.5,7476.0,7498.25,2051,9166
2019-06-17,7498.0,7550.75,7482.75,7536.75,119685,9166
2019-06-18,7537.0,7693.5,7514.75,7657.75,133028,9166
2019-06-19,7657.5,7704.0,7601.75,7700.25,76041,9166
2019-06-20,7699.75,7793.0,7679.0,7736.0,62406,9166
2019-06-21,7735.25,7743.25,7701.5,7726.25,3237,9166
2019-06-23,7744.5,7773.5,7731.75,7770.25,6709,36742
2019-06-24,7770.25,7794.25,7749.25,7759.75,254709,36742
2019-06-25,7760.0,7779.5,7609.5,7626.5,421510,36742
2019-06-26,7625.75,7719.0,7621.75,7653.75,370552,36742
2019-06-27,7654.0,7716.5,7650.25,7696.0,299139,36742
2019-06-28,7696.25,7726.0,7664.0,7723.25,304930,36742
2019-06-30,7781.5,7824.5,7781.5,7802.5,16689,36742
2019-07-01,7802.5,7849.75,7759.0,7777.5,392475,36742
2019-07-02,7777.5,7843.25,7763.0,7835.25,294111,36742
2019-07-03,7835.25,7901.0,7824.5,7890.0,205552,36742
2019-07-04,7890.0,7909.75,7881.25,7904.25,38532,36742
2019-07-05,7904.5,7908.25,7797.25,7855.0,330645,36742
2019-07-07,7855.0,7863.5,7842.5,7842.75,4276,36742
2019-07-08,7843.0,7846.0,7777.5,7793.25,339603,36742
2019-07-09,7793.75,7858.75,7743.0,7847.0,342934,36742
2019-07-10,7847.0,7949.5,7811.25,7927.75,438284,36742
2019-07-11,7927.75,7963.25,7894.25,7921.75,402994,36742
2019-07-12,7921.5,7967.5,7918.5,7958.5,295499,36742
2019-07-14,7958.25,7966.75,7950.25,7951.75,3416,36742
2019-07-15,7951.75,7999.0,7941.25,7994.5,245940,36742
2019-07-16,7994.25,8001.5,7924.0,7941.5,302751,36742
2019-07-17,7941.5,7966.25,7868.0,7873.0,305393,36742
2019-07-18,7873.25,7975.0,7833.0,7945.75,420065,36742
2019-07-19,7945.5,7980.75,7815.25,7820.0,420281,36742
2019-07-21,7830.0,7854.25,7826.25,7850.75,7828,36742
2019-07-22,7851.0,7936.5,7832.75,7929.0,348814,36742
2019-07-23,7928.75,7985.75,7908.0,7953.75,355033,36742
2019-07-24,7953.75,8051.75,7925.25,8017.0,353028,36742
2019-07-25,8017.25,8034.5,7917.25,7992.75,434023,36742
2019-07-26,7993.25,8040.75,7990.5,8015.25,313964,36742
2019-07-28,8017.5,8026.75,8016.25,8018.0,3649,36742
2019-07-29,8018.0,8031.75,7951.75,8010.0,300118,36742
2019-07-30,8010.0,8020.0,7928.25,7989.5,396413,36742
2019-07-31,7989.5,8001.25,7782.25,7837.75,560290,36742
2019-08-01,7838.0,8014.5,7774.0,7785.5,764772,36742
2019-08-02,7785.75,7805.0,7650.25,7708.0,717642,36742
2019-08-04,7701.75,7701.75,7674.5,7681.75,10222,36742
2019-08-05,7681.75,7705.5,7224.5,7243.75,874448,36742
2019-08-06,7244.25,7549.0,7236.5,7502.0,803083,36742
2019-08-07,7501.75,7577.5,7387.5,7537.5,843507,36742
2019-08-08,7538.0,7738.5,7526.0,7714.25,565510,36742
2019-08-09,7714.0,7724.0,7596.75,7669.25,583058,36742
2019-08-11,7654.5,7679.75,7638.5,7642.0,10587,36742
2019-08-12,7642.25,7710.0,7534.75,7583.25,546028,36742
2019-08-13,7583.0,7789.5,7514.0,7755.0,669192,36742
2019-08-14,7755.5,7767.5,7466.5,7503.75,818558,36742
2019-08-15,7503.75,7572.75,7388.25,7515.5,695697,36742
2019-08-16,7515.0,7632.5,7502.5,7610.5,439670,36742
2019-08-18,7617.25,7656.5,7616.0,7651.75,10434,36742
2019-08-19,7651.5,7750.0,7636.25,7711.5,394752,36742
2019-08-20,7711.5,7752.0,7652.25,7672.0,408869,36742
2019-08-21,7672.25,7782.25,7671.75,7770.0,346750,36742
2019-08-22,7770.25,7774.0,7654.0,7712.5,480956,36742
2019-08-23,7712.75,7762.0,7447.75,7490.0,749160,36742
2019-08-25,7435.0,7435.0,7353.25,7410.75,22893,36742
2019-08-26,7411.25,7626.0,7403.25,7573.0,598586,36742
2019-08-27,7573.0,7648.5,7537.0,7588.0,516086,36742
2019-08-28,7588.0,7605.75,7504.25,7582.25,474763,36742
2019-08-29,7582.25,7730.25,7548.5,7699.75,444107,36742
2019-08-30,7700.0,7770.5,7646.0,7675.5,439351,36742
2019-09-01,7628.25,7632.5,7593.0,7630.25,10375,36742
2019-09-02,7630.25,7695.5,7580.75,7624.75,126256,36742
2019-09-03,7625.25,7676.75,7587.5,7612.0,509320,36742
2019-09-04,7612.25,7730.0,7610.5,7723.5,398144,36742
2019-09-05,7723.5,7886.75,7721.5,7873.0,469163,36742
2019-09-06,7873.25,7895.0,7838.25,7865.0,344543,36742
2019-09-08,7857.0,7874.75,7853.5,7864.0,5199,36742
2019-09-09,7864.0,7887.0,7798.5,7844.0,365530,36742
2019-09-10,7844.0,7857.75,7744.25,7810.5,443289,36742
2019-09-11,7810.25,7962.0,7786.5,7953.0,389147,36742
2019-09-12,7952.75,7982.75,7906.25,7932.75,413121,36742
2019-09-13,7932.5,7958.5,7881.75,7888.0,188240,36742
2019-09-15,7856.75,7856.75,7812.25,7817.5,5993,36742
2019-09-16,7817.5,7874.0,7776.25,7862.75,125266,36742
2019-09-17,7863.75,7897.5,7828.0,7888.0,82845,36742
2019-09-18,7888.25,7906.75,7790.0,7883.75,67060,36742
2019-09-19,7883.75,7951.0,7830.5,7906.75,42507,36742
2019-09-20,7904.25,7932.75,7893.25,7917.25,1577,36742
2019-09-22,7839.25,7897.5,7839.25,7876.75,12146,15907
2019-09-23,7876.5,7904.75,7807.75,7884.75,341999,15907
2019-09-24,7885.25,7894.0,7701.75,7752.5,593273,15907
2019-09-25,7753.0,7844.25,7663.0,7816.5,530487,15907
2019-09-26,7817.0,7842.75,7734.75,7777.75,483602,15907
2019-09-27,7777.75,7822.0,7641.0,7717.25,587254,15907
2019-09-29,7735.5,7759.0,7705.75,7724.0,10925,15907
2019-09-30,7724.25,7791.5,7707.5,7781.75,324851,15907
2019-10-01,7781.75,7841.5,7691.0,7722.25,476176,15907
2019-10-02,7721.75,7730.5,7525.5,7559.5,578675,15907
2019-10-03,7559.75,7661.5,7474.25,7643.5,575943,15907
2019-10-04,7643.5,7773.75,7624.0,7769.75,414517,15907
2019-10-06,7712.5,7747.25,7682.5,7737.75,8000,15907
2019-10-07,7737.75,7799.75,7721.0,7743.0,375421,15907
2019-10-08,7743.0,7784.5,7604.5,7616.75,550762,15907
2019-10-09,7617.0,7732.0,7583.25,7637.25,428007,15907
2019-10-10,7637.25,7813.25,7611.25,7783.0,506591,15907
2019-10-11,7782.5,7918.5,7767.0,7858.5,476167,15907
2019-10-13,7850.25,7893.25,7850.0,7892.75,7438,15907
2019-10-14,7892.75,7894.75,7807.0,7878.25,307194,15907
2019-10-15,7878.0,7971.75,7861.5,7951.75,344162,15907
2019-10-16,7951.75,7959.0,7907.5,7939.25,345641,15907
2019-10-17,7939.5,7994.75,7922.0,7947.75,363152,15907
2019-10-18,7948.25,7958.5,7835.75,7883.0,429354,15907
2019-10-20,7874.25,7894.5,7865.75,7894.25,6051,15907
2019-10-21,7894.25,7951.75,7886.25,7945.75,269057,15907
2019-10-22,7945.75,7988.75,7837.25,7844.0,373650,15907
2019-10-23,7844.25,7933.0,7810.25,7925.5,348210,15907
2019-10-24,7925.25,7984.0,7913.25,7924.25,377037,15907
2019-10-25,7924.0,8041.5,7921.0,8036.5,338184,15907
2019-10-27,8048.0,8062.75,8048.0,8057.0,6588,15907
2019-10-28,8057.25,8127.5,8049.75,8113.0,304593,15907
2019-10-29,8112.75,8118.75,8050.75,8058.75,345374,15907
2019-10-30,8058.75,8141.0,8020.5,8123.0,381152,15907
2019-10-31,8123.5,8139.0,8046.0,8089.25,443625,15907
2019-11-01,8089.75,8168.0,8089.5,8163.5,343468,15907
2019-11-03,8165.0,8181.0,8164.0,8176.75,3378,15907
2019-11-04,8176.75,8248.0,8173.25,8239.75,327147,15907
2019-11-05,8239.5,8248.0,8193.25,8213.5,298083,15907
2019-11-06,8213.75,8228.25,8161.0,8203.0,313025,15907
2019-11-07,8202.75,8282.25,8190.0,8237.25,365883,15907
2019-11-08,8237.25,8264.25,8190.0,8260.5,320469,15907
2019-11-10,8257.25,8261.75,8251.5,8252.5,2188,15907
2019-11-11,8252.0,8259.5,8206.5,8244.0,229187,15907
2019-11-12,8244.25,8300.25,8228.5,8264.5,315993,15907
2019-11-13,8264.75,8281.5,8220.0,8264.25,378726,15907
2019-11-14,8264.25,8285.5,8216.25,8271.5,379910,15907
2019-11-15,8271.25,8324.0,8265.0,8323.25,361165,15907
2019-11-17,8318.75,8323.0,8307.25,8310.5,3957,15907
2019-11-18,8310.5,8367.0,8279.25,8327.75,365307,15907
2019-11-19,8328.0,8379.0,8312.5,8317.75,375734,15907
2019-11-20,8318.0,8348.0,8231.0,8270.0,519312,15907
2019-11-21,8269.75,8308.0,8240.0,8270.25,405911,15907
2019-11-22,8270.25,8313.5,8233.25,8283.0,338192,15907
2019-11-24,8303.25,8311.75,8296.5,8306.75,5344,15907
2019-11-25,8306.5,8379.25,8301.25,8375.25,250487,15907
2019-11-26,8375.5,8422.0,8366.25,8401.5,284246,15907
2019-11-27,8401.25,8458.75,8397.25,8425.5,245500,15907
2019-11-28,8425.5,8449.75,8413.75,8449.5,53419,15907
2019-11-29,8449.0,8451.0,8406.5,8422.5,177426,15907
2019-12-01,8424.5,8435.25,8422.5,8431.0,3961,15907
2019-12-02,8430.75,8457.25,8276.5,8304.5,556973,15907
2019-12-03,8304.0,8337.5,8168.25,8261.75,603757,15907
2019-12-04,8261.75,8319.25,8220.5,8291.0,410043,15907
2019-12-05,8290.75,8340.0,8273.25,8314.75,361516,15907
2019-12-06,8314.75,8409.5,8314.75,8405.0,297720,15907
2019-12-08,8401.5,8415.0,8401.0,8404.25,2325,15907
2019-12-09,8403.75,8427.25,8347.0,8358.25,286296,15907
2019-12-10,8358.25,8398.0,8297.0,8361.0,390736,15907
2019-12-11,8361.0,8415.5,8345.0,8414.75,292292,15907
2019-12-12,8414.5,8508.0,8381.0,8502.5,532906,15907
2019-12-13,8501.75,8523.75,8435.5,8495.25,263759,15907
2019-12-15,8507.0,8516.5,8503.25,8509.25,1651,15907
2019-12-16,8509.25,8587.75,8508.5,8569.5,118067,15907
2019-12-17,8569.5,8596.75,8563.25,8574.75,75776,15907
2019-12-18,8574.5,8612.0,8567.75,8592.25,59527,15907
2019-12-19,8591.75,8655.5,8580.25,8650.5,33479,15907
2019-12-20,8650.25,8700.0,8638.25,8687.75,2771,15907
2019-12-22,8710.75,8723.5,8707.5,8722.25,3502,10204
2019-12-23,8722.25,8743.25,8712.5,8729.0,184893,10204
2019-12-24,8728.75,8736.0,8707.0,8729.75,102777,10204
2019-12-25,8730.25,8733.0,8729.0,8730.5,1310,10204
2019-12-26,8730.25,8809.75,8729.25,8807.75,168309,10204
2019-12-27,8808.0,8843.5,8769.0,8779.25,318928,10204
2019-12-29,8783.5,8799.5,8783.0,8797.75,4825,10204
2019-12-30,8797.75,8809.75,8691.25,8735.0,393944,10204
2019-12-31,8735.25,8772.25,8692.25,8772.0,278502,10204
2020-01-01,8776.75,8783.75,8769.5,8776.5,5839,10204
2020-01-02,8776.5,8907.25,8772.5,8898.25,405722,10204
2020-01-03,8898.25,8906.5,8735.25,8811.75,590321,10204
2020-01-05,8772.25,8779.25,8747.75,8777.5,13962,10204
2020-01-06,8778.0,8873.0,8723.0,8849.0,455360,10204
2020-01-07,8849.0,8894.75,8727.0,8752.0,542419,10204
2020-01-08,8752.25,8972.25,8678.0,8952.25,678911,10204
2020-01-09,8952.25,9022.25,8932.5,9015.5,452133,10204
2020-01-10,9015.75,9055.5,8966.25,8978.25,464535,10204
2020-01-12,8979.0,8999.5,8979.0,8987.5,5888,10204
2020-01-13,8987.75,9107.75,8985.25,9105.0,375776,10204
2020-01-14,9105.0,9114.75,9029.5,9030.75,551621,10204
2020-01-15,9031.25,9096.0,9023.0,9074.0,492034,10204
2020-01-16,9074.0,9158.0,9063.75,9145.75,396913,10204
2020-01-17,9145.5,9189.25,9130.0,9171.75,423390,10204
2020-01-19,9174.0,9184.75,9168.0,9184.5,4243,10204
2020-01-20,9184.75,9187.0,9160.0,9170.0,62381,10204
2020-01-21,9170.25,9199.75,9114.75,9178.0,463948,10204
2020-01-22,9178.25,9254.0,9177.5,9182.0,519368,10204
2020-01-23,9182.25,9272.5,9151.75,9270.0,612377,10204
2020-01-24,9270.0,9287.25,9109.5,9136.75,744512,10204
2020-01-26,9077.0,9077.0,8994.0,9014.5,33772,10204
2020-01-27,9015.0,9054.0,8925.5,8978.5,760289,10204
2020-01-28,8979.0,9136.25,8964.75,9099.5,634233,10204
2020-01-29,9100.0,9158.75,9072.25,9121.5,566487,10204
2020-01-30,9122.0,9240.0,9003.5,9218.5,842978,10204
2020-01-31,9218.0,9248.75,8966.0,9013.25,881114,10204
2020-02-02,8982.75,9038.25,8975.0,9020.75,19930,10204
2020-02-03,9020.0,9155.75,9011.25,9089.5,662422,10204
2020-02-04,9090.25,9369.25,9087.0,9338.25,559710,10204
2020-02-05,9338.0,9462.75,9317.75,9381.25,717617,10204
2020-02-06,9381.0,9471.0,9362.5,9466.75,541470,10204
2020-02-07,9466.75,9470.0,9385.0,9400.5,584186,10204
2020-02-09,9401.5,9424.0,9330.75,9356.75,21834,10204
2020-02-10,9356.5,9531.5,9356.5,9525.5,479469,10204
2020-02-11,9525.25,9609.5,9501.25,9541.0,580681,10204
2020-02-12,9541.25,9628.25,9523.75,9576.75,457574,10204
2020-02-13,9577.0,9644.75,9511.25,9609.75,601956,10204
2020-02-14,9609.75,9659.25,9588.0,9630.25,473532,10204
2020-02-16,9635.0,9668.75,9634.25,9663.75,8936,10204
2020-02-17,9663.5,9687.5,9579.5,9603.0,98908,10204
2020-02-18,9602.5,9664.75,9534.25,9664.0,563579,10204
2020-02-19,9664.25,9748.75,9647.5,9744.5,417331,10204
2020-02-20,9744.75,9763.0,9517.0,9572.75,804798,10204
2020-02-21,9573.0,9612.25,9411.5,9455.0,885631,10204
2020-02-23,9355.25,9365.0,9289.0,9309.5,34298,10204
2020-02-24,9310.0,9323.75,9041.25,9140.75,1136482,10204
2020-02-25,9141.0,9224.25,8810.0,8921.25,1333514,10204
2020-02-26,8921.5,9037.5,8709.5,8832.25,1247023,10204
2020-02-27,8832.0,8852.75,8311.5,8414.0,1563198,10204
2020-02-28,8413.25,8574.75,8126.25,8548.0,1486096,10204
2020-03-01,8349.25,8386.0,8224.25,8355.75,30836,10204
2020-03-02,8355.5,8883.25,8316.25,8859.75,1323082,10204
2020-03-03,8858.75,9002.5,8508.25,8562.75,1278503,10204
2020-03-04,8561.75,8950.0,8556.75,8882.75,922973,10204
2020-03-05,8883.25,8887.5,8610.75,8693.5,937817,10204
2020-03-06,8694.0,8726.5,8310.5,8501.75,1077579,10204
2020-03-08,8369.0,8375.0,8102.0,8115.25,47037,10204
2020-03-09,8114.25,8240.25,7814.25,8109.25,531180,10204
2020-03-10,8110.25,8378.75,7931.25,8212.0,952088,10204
2020-03-11,8211.0,8250.0,7892.75,7995.0,985976,10204
2020-03-12,7995.25,8019.0,7060.5,7116.75,835092,10204
2020-03-13,7115.0,7978.0,6942.5,7823.0,487816,10204
2020-03-15,7903.0,7905.25,7556.0,7556.0,5546,10204
2020-03-16,7556.0,7564.0,6927.0,7160.75,222612,10204
2020-03-17,7158.75,7552.25,6948.75,7187.75,223447,10204
2020-03-18,7188.5,7439.25,6830.0,7382.5,113757,10204
2020-03-19,7381.75,7521.5,6894.25,7223.5,76109,10204
2020-03-20,7218.25,7649.0,7200.0,7453.5,5788,10204
2020-03-22,6798.0,6798.0,6628.75,6684.25,11548,16908
2020-03-23,6685.5,7316.25,6628.75,7082.5,625650,16908
2020-03-24,7081.5,7634.0,7035.0,7498.0,546636,16908
2020-03-25,7495.25,7761.0,7371.5,7479.25,643033,16908
2020-03-26,7478.0,7893.5,7310.25,7878.0,555606,16908
2020-03-27,7878.75,7893.25,7551.25,7561.0,427930,16908
2020-03-29,7395.75,7507.25,7365.0,7465.0,17183,16908
2020-03-30,7467.0,7885.0,7455.75,7875.75,402448,16908
2020-03-31,7876.0,7995.0,7705.0,7712.5,421454,16908
2020-04-01,7710.75,7744.75,7404.25,7507.0,405332,16908
2020-04-02,7506.5,7656.25,7376.0,7591.75,433367,16908
2020-04-03,7591.25,7660.25,7423.5,7522.0,339490,16908
2020-04-05,7535.75,7657.0,7535.5,7653.5,12627,16908
2020-04-06,7655.0,8099.0,7651.0,8080.75,384440,16908
2020-04-07,8082.0,8303.25,7948.0,8043.0,523343,16908
2020-04-08,8041.5,8242.0,7953.25,8225.5,419647,16908
2020-04-09,8225.75,8326.25,8101.75,8238.75,512261,16908
2020-04-12,8296.0,8327.5,8073.25,8119.75,15756,16908
2020-04-13,8120.5,8373.5,8085.25,8366.0,371924,16908
2020-04-14,8365.75,8710.0,8319.0,8673.75,422108,16908
2020-04-15,8674.25,8681.75,8486.5,8533.0,402598,16908
2020-04-16,8532.5,8966.75,8500.5,8933.5,547684,16908
2020-04-17,8933.75,8952.5,8689.5,8812.0,476344,16908
2020-04-19,8799.5,8799.5,8733.0,8747.25,9698,16908
2020-04-20,8747.75,8846.0,8687.0,8730.25,424819,16908
2020-04-21,8730.5,8763.0,8342.0,8458.25,575483,16908
2020-04-22,8457.75,8700.0,8400.0,8616.25,370474,16908
2020-04-23,8617.0,8786.5,8532.0,8552.5,433151,16908
2020-04-24,8553.25,8780.25,8498.25,8763.75,368586,16908
2020-04-26,8766.0,8814.75,8730.0,8753.25,8739,16908
2020-04-27,8754.0,8898.0,8738.25,8823.25,346743,16908
2020-04-28,8823.0,8945.75,8654.5,8767.25,441574,16908
2020-04-29,8768.5,9118.75,8765.0,9091.75,424805,16908
2020-04-30,9090.5,9144.75,8805.0,8838.5,463351,16908
2020-05-01,8838.75,8879.0,8672.0,8702.0,394600,16908
2020-05-03,8624.0,8642.25,8562.0,8582.5,14539,16908
2020-05-04,8583.25,8828.5,8556.25,8823.75,367583,16908
2020-05-05,8823.75,9020.0,8818.25,8956.25,367876,16908
2020-05-06,8956.0,9056.5,8877.75,8965.5,412171,16908
2020-05-07,8965.0,9143.5,8965.0,9141.5,380756,16908
2020-05-08,9141.75,9238.0,9116.0,9222.5,349648,16908
2020-05-10,9194.75,9257.25,9174.75,9253.75,13598,16908
2020-05-11,9253.75,9339.0,9118.5,9276.75,390809,16908
2020-05-12,9276.75,9345.5,9006.75,9013.75,506627,16908
2020-05-13,9014.75,9202.75,8878.25,9011.5,690803,16908
2020-05-14,9011.75,9111.5,8847.0,9108.0,632949,16908
2020-05-15,9107.25,9148.5,8925.5,9117.5,525347,16908
2020-05-17,9135.0,9179.0,9110.25,9165.0,10267,16908
2020-05-18,9166.25,9361.5,9155.5,9344.0,390671,16908
2020-05-19,9344.25,9417.25,9273.0,9317.25,393205,16908
2020-05-20,9318.5,9503.25,9310.25,9485.25,360051,16908
2020-05-21,9485.75,9510.75,9348.25,9402.75,427890,16908
2020-05-22,9403.25,9422.5,9241.5,9421.5,355221,16908
2020-05-24,9396.25,9465.0,9391.5,9455.5,6838,16908
2020-05-25,9456.25,9536.5,9416.5,9509.75,76436,16908
2020-05-26,9510.25,9604.0,9373.0,9394.25,404068,16908
2020-05-27,9395.5,9508.0,9172.5,9442.5,557599,16908
2020-05-28,9441.75,9565.5,9320.5,9418.0,502926,16908
2020-05-29,9418.5,9590.5,9372.0,9586.75,517810,16908
2020-05-31,9513.0,9524.5,9450.25,9506.25,15565,16908
2020-06-01,9507.0,9605.75,9481.25,9565.5,335820,16908
2020-06-02,9566.25,9677.25,9504.75,9675.25,383096,16908
2020-06-03,9675.5,9728.25,9640.75,9697.0,369612,16908
2020-06-04,9696.5,9742.5,9572.25,9619.25,454674,16908
2020-06-05,9619.0,9846.25,9601.75,9807.75,500276,16908
2020-06-07,9819.0,9875.5,9808.25,9871.75,8986,16908
2020-06-08,9872.0,9901.0,9747.0,9880.0,381722,16908
2020-06-09,9879.75,10005.25,9811.5,9989.0,434707,16908
2020-06-10,9989.25,10155.5,9958.5,10043.0,556084,16908
2020-06-11,10043.5,10095.5,9584.5,9678.0,801477,16908
2020-06-12,9678.75,9849.25,9494.75,9645.0,439284,16908
2020-06-14,9536.75,9585.0,9505.0,9551.25,9648,16908
2020-06-15,9551.75,9879.25,9381.75,9876.75,230768,16908
2020-06-16,9877.0,10013.75,9797.75,9997.25,150966,16908
2020-06-17,9993.75,10059.0,9927.0,9961.75,61787,16908
2020-06-18,9962.0,10040.75,9879.5,10029.5,38887,16908
2020-06-19,10028.5,10123.25,9998.5,10123.25,1802,16908
2020-06-21,9868.0,9908.0,9843.5,9905.25,12682,14028
2020-06-22,9906.0,10158.25,9895.0,10150.25,346668,14028
2020-06-23,10149.5,10296.25,9972.25,10180.75,407050,14028
2020-06-24,10180.25,10242.0,9927.25,9973.75,653307,14028
2020-06-25,9974.25,10120.5,9885.5,10105.75,507813,14028
2020-06-26,10105.5,10120.0,9824.25,9844.75,565975,14028
2020-06-28,9785.5,9840.0,9780.25,9826.75,12233,14028
2020-06-29,9827.75,10008.5,9728.75,9994.0,469815,14028
2020-06-30,9993.5,10171.5,9940.25,10139.0,409191,14028
2020-07-01,10130.0,10310.0,10076.0,10269.0,397484,14028
2020-07-02,10269.0,10422.25,10252.75,10350.25,397334,14028
2020-07-03,10349.75,10389.75,10308.75,10326.0,64304,14028
2020-07-05,10347.25,10399.75,10341.5,10393.25,7583,14028
2020-07-06,10393.25,10649.0,10391.25,10640.0,411855,14028
2020-07-07,10639.75,10694.5,10505.75,10550.25,459992,14028
2020-07-08,10550.0,10691.25,10505.25,10682.25,473632,14028
2020-07-09,10682.25,10774.25,10560.0,10754.25,601002,14028
2020-07-10,10754.5,10847.5,10625.5,10843.75,516461,14028
2020-07-12,10848.25,10909.5,10847.75,10876.5,12471,14028
2020-07-13,10877.0,11058.5,10561.5,10646.0,728793,14028
2020-07-14,10645.25,10739.5,10358.75,10717.0,906974,14028
2020-07-15,10717.25,10766.5,10551.25,10647.25,696382,14028
2020-07-16,10646.25,10647.75,10475.5,10567.0,606650,14028
2020-07-17,10567.75,10669.75,10537.5,10622.5,430286,14028
2020-07-19,10621.25,10657.0,10613.25,10647.5,8001,14028
2020-07-20,10647.25,10973.75,10546.25,10949.25,489925,14028
2020-07-21,10949.75,11058.0,10784.75,10873.25,583211,14028
2020-07-22,10873.75,10916.25,10761.25,10823.0,480079,14028
2020-07-23,10822.0,10938.5,10514.5,10581.75,636174,14028
2020-07-24,10581.75,10597.0,10301.0,10460.75,639364,14028
2020-07-26,10490.0,10517.5,10401.0,10440.25,16475,14028
2020-07-27,10440.25,10707.0,10433.25,10698.25,432160,14028
2020-07-28,10699.0,10758.5,10514.0,10563.5,438068,14028
2020-07-29,10563.25,10702.0,10512.25,10679.5,364606,14028
2020-07-30,10679.5,10927.0,10502.75,10905.75,524920,14028
2020-07-31,10905.25,10939.0,10691.0,10914.25,608372,14028
2020-08-02,10933.25,10942.0,10876.25,10912.5,7436,14028
2020-08-03,10913.25,11073.0,10893.25,11036.5,381319,14028
2020-08-04,11035.5,11094.75,10983.0,11073.25,393247,14028
2020-08-05,11073.25,11144.0,11055.75,11089.5,346589,14028
2020-08-06,11088.5,11271.75,11051.25,11252.25,417837,14028
2020-08-07,11252.5,11283.25,11035.25,11131.5,522263,14028
2020-08-09,11140.25,11156.5,11073.0,11107.75,9327,14028
2020-08-10,11107.0,11146.75,10928.25,11073.75,472926,14028
2020-08-11,11073.25,11157.75,10845.5,10922.75,556486,14028
2020-08-12,10922.5,11185.75,10878.5,11132.25,423402,14028
2020-08-13,11131.5,11266.0,11094.25,11205.75,410282,14028
2020-08-14,11205.75,11237.75,11096.0,11147.25,385684,14028
2020-08-16,11145.0,11164.25,11142.25,11161.5,3859,14028
2020-08-17,11161.0,11309.0,11153.25,11305.0,239086,14028
2020-08-18,11305.25,11437.0,11268.0,11416.5,323072,14028
2020-08-19,11416.25,11438.0,11284.0,11289.75,407350,14028
2020-08-20,11290.25,11502.25,11221.5,11499.5,394016,14028
2020-08-21,11499.75,11573.5,11407.0,11561.75,406110,14028
2020-08-23,11581.0,11592.75,11571.75,11583.75,7741,14028
2020-08-24,11583.25,11722.5,11528.25,11647.0,608923,14028
2020-08-25,11647.25,11754.0,11574.75,11747.0,488138,14028
2020-08-26,11747.0,12001.5,11726.75,11967.5,570780,14028
2020-08-27,11967.0,12046.0,11834.75,11969.5,700838,14028
2020-08-28,11969.0,12018.25,11920.5,12002.0,483800,14028
2020-08-30,12002.75,12049.0,11998.0,12048.0,6661,14028
2020-08-31,12048.5,12165.0,11988.25,12125.5,476801,14028
2020-09-01,12126.0,12362.5,12125.0,12360.75,511812,14028
2020-09-02,12360.5,12465.25,12172.25,12421.75,717437,14028
2020-09-03,12421.5,12421.75,11582.5,11602.0,938963,14028
2020-09-04,11601.25,11843.0,11142.0,11538.25,1150112,14028
2020-09-06,11531.0,11548.25,11307.25,11416.5,21658,14028
2020-09-07,11418.25,11585.0,11371.25,11560.0,139157,14028
2020-09-08,11559.25,11577.0,10935.25,11041.5,855049,14028
2020-09-09,11040.25,11478.75,11037.25,11443.75,681345,14028
2020-09-10,11443.5,11566.75,11088.0,11202.75,835188,14028
2020-09-11,11203.0,11356.25,10937.5,11071.0,406022,14028
2020-09-13,11104.0,11198.5,11104.0,11187.0,5865,14028
2020-09-14,11185.75,11362.75,11163.0,11298.25,201182,14028
2020-09-15,11298.75,11495.5,11247.75,11436.25,141989,14028
2020-09-16,11435.25,11550.0,11237.5,11281.75,107966,14028
2020-09-17,11282.25,11286.75,10918.75,11084.25,83386,14028
2020-09-18,11080.0,11179.25,11037.25,11133.25,4013,14028
2020-09-20,10920.0,10966.0,10852.25,10931.5,16751,16337
2020-09-21,10931.0,11017.0,10656.5,11012.75,711425,16337
2020-09-22,11012.25,11191.0,10897.5,11121.0,570786,16337
2020-09-23,11120.25,11222.0,10725.0,10749.5,655580,16337
2020-09-24,10749.75,11011.75,10660.25,10951.5,767910,16337
2020-09-25,10950.0,11166.25,10813.75,11135.0,576249,16337
2020-09-27,11145.0,11181.0,11145.0,11159.0,8707,16337
2020-09-28,11159.0,11423.0,11140.25,11418.5,539764,16337
2020-09-29,11418.0,11448.75,11289.5,11340.25,437112,16337
2020-09-30,11339.75,11526.0,11167.0,11443.25,639915,16337
2020-10-01,11444.0,11604.75,11409.75,11571.5,560204,16337
2020-10-02,11570.75,11591.0,11204.5,11251.5,772166,16337
2020-10-04,11308.5,11337.0,11280.25,11331.25,15649,16337
2020-10-05,11332.5,11497.5,11267.5,11434.75,391305,16337
2020-10-06,11435.5,11524.5,11197.5,11256.25,601153,16337
2020-10-07,11256.25,11506.5,11243.25,11500.75,431028,16337
2020-10-08,11500.5,11584.75,11473.5,11579.25,403701,16337
2020-10-09,11579.0,11739.0,11552.5,11727.75,390302,16337
2020-10-11,11722.75,11756.25,11687.75,11743.5,15426,16337
2020-10-12,11744.0,12197.0,11717.75,12109.0,708017,16337
2020-10-13,12109.0,12249.0,12019.0,12115.0,730275,16337
2020-10-14,12115.0,12178.0,11901.75,11961.75,598811,16337
2020-10-15,11960.75,11968.75,11736.5,11915.5,582990,16337
2020-10-16,11916.25,12022.0,11792.0,11795.25,512835,16337
2020-10-18,11816.75,11889.0,11816.75,11873.5,10698,16337
2020-10-19,11873.0,11950.5,11591.25,11715.0,618332,16337
2020-10-20,11714.5,11792.0,11598.5,11704.0,621740,16337
2020-10-21,11705.0,11779.25,11585.0,11625.75,603654,16337
2020-10-22,11625.25,11724.0,11511.0,11664.0,567391,16337
2020-10-23,11664.0,11691.75,11551.0,11669.25,490306,16337
2020-10-25,11634.0,11640.0,11572.5,11627.25,14156,16337
2020-10-26,11626.5,11695.5,11343.25,11489.25,660425,16337
2020-10-27,11489.25,11623.0,11483.25,11538.25,553258,16337
2020-10-28,11538.5,11566.75,11123.75,11189.5,740910,16337
2020-10-29,11189.0,11457.75,11145.0,11214.0,606525,16337
2020-10-30,11214.5,11281.25,10944.5,11089.0,777475,16337
2020-11-01,11034.5,11069.0,10981.75,10999.5,9028,16337
2020-11-02,10998.5,11212.0,10942.25,11087.75,593139,16337
2020-11-03,11088.5,11347.0,11066.5,11317.0,512876,16337
2020-11-04,11317.5,11843.75,11230.25,11795.0,814579,16337
2020-11-05,11796.5,12119.5,11771.25,12068.5,571920,16337
2020-11-06,12066.75,12109.0,11868.25,12094.5,538195,16337
2020-11-08,12139.25,12257.75,12122.0,12233.5,13325,16337
2020-11-09,12233.5,12408.75,11812.25,11854.75,705906,16337
2020-11-10,11855.5,11893.75,11503.25,11598.75,819279,16337
2020-11-11,11598.0,11917.75,11575.25,11896.75,534276,16337
2020-11-12,11896.5,11975.75,11775.75,11852.0,549813,16337
2020-11-13,11853.0,11952.75,11801.75,11945.25,439792,16337
2020-11-15,11957.25,12065.0,11957.25,12046.75,10404,16337
2020-11-16,12047.0,12096.25,11851.75,12049.75,462019,16337
2020-11-17,12049.5,12058.5,11953.75,11979.75,394157,16337
2020-11-18,11980.25,12027.5,11861.5,11880.25,469420,16337
2020-11-19,11881.75,12000.0,11804.5,11938.75,423579,16337
2020-11-20,11938.0,12021.0,11873.5,11908.0,347766,16337
2020-11-22,11894.0,11936.0,11891.5,11932.25,5130,16337
2020-11-23,11931.75,12001.75,11808.25,11952.5,425485,16337
2020-11-24,11952.5,12128.0,11872.75,12126.75,394316,16337
2020-11-25,12126.5,12187.0,12077.5,12180.25,379551,16337
2020-11-26,12180.75,12223.5,12127.0,12155.25,68365,16337
2020-11-27,12155.75,12307.5,12136.75,12273.25,222006,16337
2020-11-29,12286.5,12337.25,12286.25,12317.25,6275,16337
2020-11-30,12318.0,12350.25,12086.0,12350.25,490185,16337
2020-12-01,12350.25,12512.25,12334.25,12451.75,456605,16337
2020-12-02,12452.0,12486.25,12312.5,12467.5,397355,16337
2020-12-03,12466.5,12540.25,12444.0,12485.75,370421,16337
2020-12-04,12486.5,12535.75,12448.5,12509.25,312242,16337
2020-12-06,12525.0,12572.5,12523.5,12545.0,5470,16337
2020-12-07,12544.75,12612.25,12474.75,12575.75,317043,16337
2020-12-08,12575.5,12675.0,12502.0,12648.0,359653,16337
2020-12-09,12647.5,12665.5,12306.75,12363.0,614942,16337
2020-12-10,12363.75,12449.0,12218.25,12403.5,500892,16337
2020-12-11,12403.75,12414.25,12234.25,12365.5,305117,16337
2020-12-13,12405.5,12440.5,12402.25,12416.5,4027,16337
2020-12-14,12417.25,12545.0,12386.5,12474.75,205417,16337
2020-12-15,12474.0,12606.0,12417.0,12591.75,152715,16337
2020-12-16,12593.75,12699.75,12567.75,12679.0,94513,16337
2020-12-17,12678.25,12766.25,12667.5,12751.0,44841,16337
2020-12-18,12750.5,12823.0,12708.0,12799.0,2591,16337
2020-12-20,12760.0,12782.5,12724.75,12749.5,8977,4378
2020-12-21,12749.5,12775.5,12461.0,12702.0,591348,4378
2020-12-22,12702.25,12760.0,12593.5,12720.75,452868,4378
2020-12-23,12720.75,12738.75,12623.5,12655.5,355343,4378
2020-12-24,12655.25,12724.0,12631.5,12703.0,168008,4378
2020-12-27,12676.25,12751.0,12655.25,12735.0,8663,4378
2020-12-28,12735.25,12855.5,12725.5,12852.75,335656,4378
2020-12-29,12852.75,12918.25,12808.25,12845.5,390914,4378
2020-12-30,12845.25,12909.75,12820.5,12849.75,331105,4378
2020-12-31,12849.75,12896.0,12796.5,12883.0,275007,4378
2021-01-03,12889.0,12905.0,12852.75,12864.0,8981,4378
2021-01-04,12864.5,12959.75,12522.5,12675.5,639693,4378
2021-01-05,12675.75,12809.5,12612.0,12795.0,477966,4378
2021-01-06,12795.25,12844.25,12491.25,12673.25,744394,4378
2021-01-07,12673.5,12959.0,12656.75,12939.0,430432,4378
2021-01-08,12940.0,13125.0,12927.25,13123.25,498864,4378
2021-01-10,13093.25,13105.25,13070.5,13083.0,6176,4378
2021-01-11,13082.75,13096.0,12871.75,12923.0,445207,4378
2021-01-12,12922.5,12959.0,12767.25,12896.5,456095,4378
2021-01-13,12898.0,13003.0,12820.75,12971.0,411372,4378
2021-01-14,12971.25,13028.75,12881.0,12918.25,413177,4378
2021-01-15,12917.5,12931.25,12743.5,12759.0,529538,4378
2021-01-17,12774.25,12796.0,12733.0,12747.0,6670,4378
2021-01-18,12745.75,12835.5,12727.0,12832.25,63298,4378
2021-01-19,12831.75,13054.5,12831.75,13050.25,412963,4378
2021-01-20,13050.5,13327.0,13017.0,13314.75,429333,4378
2021-01-21,13315.0,13423.5,13283.25,13384.0,418123,4378
2021-01-22,13384.5,13397.0,13300.25,13355.25,400833,4378
2021-01-24,13370.0,13408.5,13368.75,13398.25,5076,4378
2021-01-25,13398.25,13554.5,13189.0,13463.0,655693,4378
2021-01-26,13462.75,13599.75,13380.25,13558.5,498924,4378
2021-01-27,13560.75,13573.0,12884.75,12978.5,786044,4378
2021-01-28,12979.0,13394.0,12906.25,13135.25,610105,4378
2021-01-29,13137.0,13167.0,12829.0,12870.5,720160,4378
2021-01-31,12849.0,12861.5,12727.25,12794.5,17019,4378
2021-02-01,12793.5,13276.25,12784.5,13262.0,534045,4378
2021-02-02,13261.5,13510.0,13231.75,13488.5,480632,4378
2021-02-03,13489.0,13584.5,13386.75,13444.25,494257,4378
2021-02-04,13443.25,13568.75,13345.25,13553.0,404387,4378
2021-02-05,13553.5,13638.5,13519.5,13603.5,421361,4378
2021-02-07,13623.75,13647.75,13605.25,13639.25,5302,4378
2021-02-08,13638.0,13698.0,13596.0,13681.5,388467,4378
2021-02-09,13681.5,13735.25,13634.0,13687.75,362874,4378
2021-02-10,13688.0,13769.25,13516.75,13653.25,548987,4378
2021-02-11,13653.75,13743.75,13612.5,13731.25,492016,4378
2021-02-12,13731.75,13820.75,13646.0,13820.75,385415,4378
2021-02-14,13829.5,13844.0,13810.0,13826.0,3527,4378
2021-02-15,13825.5,13878.25,13823.0,13858.25,60268,4378
2021-02-16,13858.0,13900.5,13716.0,13731.5,537935,4378
2021-02-17,13731.5,13785.0,13543.0,13703.0,571962,4378
2021-02-18,13703.75,13723.25,13468.0,13616.5,565404,4378
2021-02-19,13615.25,13729.0,13534.75,13573.0,518383,4378
2021-02-21,13585.0,13619.25,13548.0,13592.0,9004,4378
2021-02-22,13592.25,13629.0,13215.0,13228.5,630856,4378
2021-02-23,13228.25,13335.75,12757.25,13169.25,851559,4378
2021-02-24,13169.25,13340.25,12958.0,13328.0,654933,4378
2021-02-25,13328.0,13353.75,12756.75,12779.0,880562,4378
2021-02-26,12777.75,13089.5,12662.25,12905.75,814135,4378
2021-02-28,12957.5,13008.0,12946.25,13004.0,10818,4378
2021-03-01,13005.0,13328.25,12997.75,13318.5,499120,4378
2021-03-02,13318.5,13326.0,13048.25,13094.25,557730,4378
2021-03-03,13094.75,13192.0,12587.5,12594.0,750839,4378
2021-03-04,12592.75,12797.0,12306.5,12406.75,1035651,4378
2021-03-05,12406.0,12697.75,12207.25,12652.5,995249,4378
2021-03-07,12715.0,12761.25,12656.75,12669.25,14016,4378
2021-03-08,12670.0,12715.75,12281.75,12371.5,728022,4378
2021-03-09,12370.5,12867.5,12326.0,12810.25,627703,4378
2021-03-10,12809.25,12993.25,12703.0,12771.0,702089,4378
2021-03-11,12770.0,13119.25,12724.25,13070.0,479092,4378
2021-03-12,13069.5,13095.0,12768.25,12936.25,385554,4378
2021-03-14,12950.0,12976.25,12923.5,12960.0,5687,4378
2021-03-15,12961.5,13099.0,12872.0,13063.75,216605,4378
2021-03-16,13063.5,13298.0,13056.5,13158.5,174963,4378
2021-03-17,13156.75,13283.25,12946.5,13234.0,138557,4378
2021-03-18,13235.5,13279.0,12777.5,12799.25,72124,4378
2021-03-19,12800.25,12919.0,12732.75,12785.0,4676,4378
2021-03-21,12807.0,12870.5,12788.5,12862.0,12676,2786
2021-03-22,12862.25,13157.0,12819.5,13086.0,460444,2786
2021-03-23,13086.5,13172.0,12979.0,13028.75,597328,2786
2021-03-24,13029.5,13145.25,12781.25,12805.5,623289,2786
2021-03-25,12805.5,12859.5,12609.75,12801.25,735327,2786
2021-03-26,12800.5,12988.5,12676.25,12959.0,607590,2786
2021-03-28,12975.75,12975.75,12915.25,12920.5,9567,2786
2021-03-29,12920.75,13003.0,12807.5,12978.5,563895,2786
2021-03-30,12978.5,12978.5,12776.5,12895.0,510084,2786
2021-03-31,12895.0,13158.0,12860.25,13121.5,470074,2786
2021-04-01,13121.5,13349.5,13104.25,13345.5,421142,2786
2021-04-02,13346.25,13393.0,13340.75,13344.25,37228,2786
2021-04-04,13339.0,13356.0,13304.25,13351.5,12518,2786
2021-04-05,13351.5,13622.25,13311.25,13616.25,341916,2786
2021-04-06,13616.0,13655.0,13524.25,13594.75,450062,2786
2021-04-07,13594.0,13653.5,13512.5,13638.5,430100,2786
2021-04-08,13638.75,13802.5,13628.75,13802.25,430173,2786
2021-04-09,13802.25,13841.75,13648.25,13811.0,481217,2786
2021-04-11,13817.75,13832.25,13774.5,13779.0,10277,2786
2021-04-12,13778.75,13833.75,13732.0,13817.25,443398,2786
2021-04-13,13817.75,13994.0,13772.75,13966.75,483637,2786
2021-04-14,13967.0,14029.0,13772.75,13811.0,656855,2786
2021-04-15,13812.25,14034.25,13789.25,14010.25,513731,2786
2021-04-16,14010.25,14059.5,13952.75,14024.0,485865,2786
2021-04-18,13989.0,14006.0,13973.25,13991.75,7859,2786
2021-04-19,13990.75,14052.25,13821.0,13917.0,606135,2786
2021-04-20,13917.5,13933.75,13719.25,13745.75,603530,2786
2021-04-21,13746.0,13926.5,13700.5,13883.5,500685,2786
2021-04-22,13884.0,13944.75,13701.75,13759.0,615722,2786
2021-04-23,13759.75,13981.0,13737.0,13903.5,433504,2786
2021-04-25,13919.75,13927.5,13906.5,13910.5,6115,2786
2021-04-26,13911.0,14039.25,13865.5,14027.25,394747,2786
2021-04-27,14027.0,14050.0,13912.5,13963.0,406897,2786
2021-04-28,13963.25,13993.5,13878.0,13971.75,498022,2786
2021-04-29,13971.75,14064.0,13818.5,13915.75,588874,2786
2021-04-30,13915.5,13956.75,13819.75,13865.25,541638,2786
2021-05-02,13880.25,13888.75,13870.0,13879.75,6146,2786
2021-05-03,13880.25,13947.5,13762.0,13769.5,468052,2786
2021-05-04,13769.25,13777.5,13380.75,13525.25,655471,2786
2021-05-05,13525.25,13665.5,13462.75,13500.0,516928,2786
2021-05-06,13500.0,13621.25,13388.75,13612.25,559979,2786
2021-05-07,13612.25,13818.0,13588.25,13715.5,535733,2786
2021-05-09,13718.0,13746.0,13711.0,13739.0,5870,2786
2021-05-10,13738.75,13752.0,13305.5,13334.25,595655,2786
2021-05-11,13334.0,13375.75,13065.25,13337.5,778896,2786
2021-05-12,13338.75,13351.75,12959.75,13015.75,750745,2786
2021-05-13,13016.0,13223.75,12915.0,13112.0,717025,2786
2021-05-14,13112.0,13426.25,13104.0,13398.0,454591,2786
2021-05-16,13380.25,13448.5,13377.0,13394.0,12235,2786
2021-05-17,13393.75,13398.5,13182.75,13329.5,474474,2786
2021-05-18,13329.75,13432.25,13166.5,13170.0,437332,2786
2021-05-19,13172.25,13243.0,12954.25,13185.5,656579,2786
2021-05-20,13185.75,13522.75,13150.75,13519.25,458045,2786
2021-05-21,13520.75,13570.0,13395.75,13414.0,442680,2786
2021-05-23,13383.25,13396.75,13356.5,13366.75,10370,2786
2021-05-24,13367.0,13686.0,13360.5,13656.75,355413,2786
2021-05-25,13656.5,13738.75,13606.75,13695.0,434256,2786
2021-05-26,13694.25,13728.5,13656.0,13707.75,337346,2786
2021-05-27,13707.5,13720.75,13620.25,13703.0,385556,2786
2021-05-28,13703.25,13763.5,13662.75,13686.5,357211,2786
2021-05-30,13699.0,13719.5,13695.5,13712.5,4528,2786
2021-05-31,13712.75,13718.25,13651.5,13686.25,48282,2786
2021-06-01,13686.0,13773.0,13592.25,13634.75,397286,2786
2021-06-02,13634.75,13712.75,13603.25,13686.5,367514,2786
2021-06-03,13687.0,13707.75,13462.25,13503.5,549178,2786
2021-06-04,13504.0,13783.75,13467.75,13763.25,429525,2786
2021-06-06,13773.25,13784.75,13766.0,13767.5,5988,2786
2021-06-07,13766.75,13834.5,13691.5,13822.25,386507,2786
2021-06-08,13822.75,13917.25,13741.75,13817.5,473001,2786
2021-06-09,13817.5,13904.25,13806.0,13815.25,371174,2786
2021-06-10,13815.0,13978.5,13726.0,13967.5,462296,2786
2021-06-11,13967.75,13997.75,13932.25,13992.75,201306,2786
2021-06-13,13999.0,14024.75,13998.0,14019.25,2896,2786
2021-06-14,14019.75,14133.5,13965.25,14114.25,141449,2786
2021-06-15,14114.5,14163.0,14009.25,14039.25,96750,2786
2021-06-16,14040.0,14103.75,13840.0,13895.0,83176,2786
2021-06-17,13896.25,14217.75,13850.25,14186.0,74119,2786
2021-06-18,14183.0,14214.25,14063.5,14103.0,4218,2786
2021-06-20,14022.75,14047.25,14010.0,14038.0,9335,828
2021-06-21,14038.0,14148.75,13958.5,14134.75,492908,828
2021-06-22,14134.5,14279.25,14066.5,14272.25,415866,828
2021-06-23,14272.5,14315.75,14231.75,14286.5,359576,828
2021-06-24,14286.25,14422.0,14285.0,14346.75,406426,828
2021-06-25,14347.25,14394.25,14313.25,14331.0,371477,828
2021-06-27,14350.0,14366.75,14337.0,14354.75,6241,828
2021-06-28,14355.0,14519.75,14333.25,14491.5,368263,828
2021-06-29,14491.75,14590.25,14468.75,14587.5,355364,828
2021-06-30,14587.75,14598.5,14518.25,14560.5,377373,828
2021-07-01,14560.5,14606.25,14471.0,14533.0,430974,828
2021-07-02,14533.0,14729.0,14513.25,14701.0,381810,828
2021-07-04,14704.25,14721.75,14701.0,14714.75,3740,828
2021-07-05,14715.0,14718.75,14674.5,14714.25,49213,828
2021-07-06,14714.5,14790.0,14625.25,14764.75,498826,828
2021-07-07,14764.5,14883.75,14726.25,14810.5,466394,828
2021-07-08,14811.0,14822.0,14540.5,14692.0,629270,828
2021-07-09,14691.5,14832.0,14640.75,14814.25,413513,828
2021-07-11,14824.0,14843.0,14822.25,14829.5,4966,828
2021-07-12,14828.75,14888.5,14785.0,14880.0,356157,828
2021-07-13,14879.75,14994.75,14794.5,14844.5,503917,828
2021-07-14,14843.75,14996.0,14841.25,14904.75,494163,828
2021-07-15,14903.5,14962.75,14708.25,14756.25,622974,828
2021-07-16,14757.0,14869.5,14656.0,14668.5,527721,828
2021-07-18,14675.0,14682.5,14611.75,14643.25,12930,828
2021-07-19,14643.5,14667.5,14445.0,14591.25,701187,828
2021-07-20,14590.5,14782.5,14516.75,14743.75,521122,828
2021-07-21,14743.25,14845.75,14668.25,14836.75,396114,828
2021-07-22,14836.0,14984.75,14829.25,14971.5,418824,828
2021-07-23,14971.75,15117.25,14934.25,15091.25,435729,828
2021-07-25,15098.0,15126.25,15092.5,15121.5,6454,828
2021-07-26,15121.75,15134.0,15038.75,15112.25,383804,828
2021-07-27,15112.0,15131.5,14774.25,14920.75,670782,828
2021-07-28,14920.75,15074.5,14893.25,14989.0,569057,828
2021-07-29,14988.75,15084.0,14862.25,14871.0,421407,828
2021-07-30,14870.75,14980.0,14811.25,14966.5,484099,828
2021-08-01,14972.75,15011.5,14969.0,15001.75,7621,828
2021-08-02,15002.0,15056.25,14932.25,14961.25,439814,828
2021-08-03,14961.5,15050.0,14849.0,15031.25,515609,828
2021-08-04,15030.25,15108.0,14997.0,15083.75,439262,828
2021-08-05,15083.5,15172.5,15069.25,15160.5,336291,828
2021-08-06,15160.5,15169.75,15047.25,15092.75,410307,828
2021-08-08,15090.25,15095.25,15003.25,15021.5,13074,828
2021-08-09,15021.75,15145.5,15012.5,15118.5,346490,828
2021-08-10,15118.25,15157.25,14994.5,15035.5,468698,828
2021-08-11,15035.25,15119.0,14963.0,14995.75,475255,828
2021-08-12,14995.75,15090.5,14941.25,15067.75,381040,828
2021-08-13,15068.25,15141.75,15055.25,15122.0,359122,828
2021-08-15,15119.25,15123.0,15106.0,15113.75,6089,828
2021-08-16,15114.0,15139.0,14917.25,15130.0,584381,828
2021-08-17,15130.0,15132.0,14897.0,14956.5,681247,828
2021-08-18,14957.0,15037.25,14806.5,14845.5,567224,828
2021-08-19,14845.75,14999.0,14710.5,14916.75,718177,828
2021-08-20,14917.25,15100.0,14851.0,15095.0,489868,828
2021-08-22,15090.0,15120.5,15086.5,15107.25,7922,828
2021-08-23,15107.25,15337.5,15103.25,15330.0,400917,828
2021-08-24,15329.75,15384.0,15309.5,15358.0,362309,828
2021-08-25,15357.75,15397.0,15333.0,15361.75,402545,828
2021-08-26,15361.75,15365.0,15255.25,15278.25,563359,828
2021-08-27,15277.75,15443.75,15265.5,15428.25,431074,828
2021-08-29,15432.75,15455.5,15425.5,15452.25,6170,828
2021-08-30,15452.5,15617.75,15420.0,15598.75,410575,828
2021-08-31,15598.75,15677.25,15517.75,15597.0,514341,828
2021-09-01,15596.75,15699.0,15578.5,15619.0,458366,828
2021-09-02,15618.75,15682.0,15551.75,15597.25,458278,828
2021-09-03,15597.0,15677.5,15552.25,15655.0,452860,828
2021-09-05,15656.0,15663.75,15649.0,15650.5,3225,828
2021-09-06,15650.5,15708.75,15642.5,15689.0,56737,828
2021-09-07,15688.75,15701.5,15606.75,15662.5,477859,828
2021-09-08,15662.0,15691.0,15523.75,15600.0,550795,828
2021-09-09,15600.0,15675.75,15545.75,15563.75,511906,828
2021-09-10,15563.5,15668.0,15433.5,15447.75,323380,828
2021-09-12,15452.5,15495.5,15445.0,15491.5,5904,828
2021-09-13,15492.25,15565.0,15350.25,15452.25,260000,828
2021-09-14,15451.5,15530.75,15351.25,15414.5,165278,828
2021-09-15,15414.75,15537.25,15315.25,15510.0,111377,828
2021-09-16,15509.75,15542.0,15369.5,15490.0,75865,828
2021-09-17,15487.75,15547.0,15474.0,15530.0,2913,828
2021-09-19,15284.0,15328.5,15283.25,15325.75,8543,2770
2021-09-20,15325.5,15338.25,14807.5,15028.75,836240,2770
2021-09-21,15029.0,15163.25,14963.25,14972.75,653510,2770
2021-09-22,14972.75,15227.0,14930.5,15191.75,593864,2770
2021-09-23,15192.0,15347.0,15175.25,15304.25,506124,2770
2021-09-24,15305.0,15334.25,15176.75,15319.0,457392,2770
2021-09-26,15319.0,15330.0,15301.25,15318.0,7700,2770
2021-09-27,15318.0,15399.25,15084.0,15168.75,533601,2770
2021-09-28,15168.75,15192.25,14740.75,14802.0,825641,2770
2021-09-29,14801.5,14926.0,14711.0,14789.0,642114,2770
2021-09-30,14788.5,14883.5,14670.25,14714.5,694674,2770
2021-10-01,14713.25,14818.0,14537.0,14777.25,647674,2770
2021-10-03,14785.0,14835.0,14773.75,14814.25,11161,2770
2021-10-04,14815.0,14818.5,14367.75,14486.25,792764,2770
2021-10-05,14486.75,14754.75,14410.5,14637.25,564670,2770
2021-10-06,14638.25,14829.75,14422.5,14809.25,755844,2770
2021-10-07,14809.25,15001.25,14798.25,14924.5,485665,2770
2021-10-08,14924.25,14996.0,14790.75,14805.5,540546,2770
2021-10-10,14810.25,14829.0,14704.0,14716.75,17500,2770
2021-10-11,14716.5,14897.25,14664.0,14684.75,499349,2770
2021-10-12,14684.75,14783.25,14585.5,14605.25,594023,2770
2021-10-13,14605.5,14809.75,14591.5,14804.25,545802,2770
2021-10-14,14802.75,15077.5,14802.25,15071.5,417855,2770
2021-10-15,15070.25,15145.0,15020.75,15144.25,424211,2770
2021-10-17,15145.0,15163.5,15076.5,15081.75,13928,2770
2021-10-18,15082.0,15297.25,15038.75,15292.0,412177,2770
2021-10-19,15292.5,15428.25,15275.25,15409.25,378966,2770
2021-10-20,15409.25,15446.5,15319.0,15335.75,443921,2770
2021-10-21,15335.25,15483.75,15301.0,15391.75,440423,2770
2021-10-22,15391.5,15463.5,15273.75,15324.0,528532,2770
2021-10-24,15324.25,15337.25,15295.75,15305.25,10000,2770
2021-10-25,15306.0,15546.0,15305.0,15539.0,447722,2770
2021-10-26,15539.75,15701.0,15503.0,15560.5,577440,2770
2021-10-27,15560.25,15717.5,15507.25,15626.0,528988,2770
2021-10-28,15626.5,15777.0,15591.75,15672.5,495270,2770
2021-10-29,15672.0,15864.75,15595.5,15864.0,471252,2770
2021-10-31,15885.25,15898.25,15855.0,15879.75,9796,2770
2021-11-01,15882.25,15914.75,15768.5,15876.5,401983,2770
2021-11-02,15876.75,15980.25,15849.5,15943.0,414624,2770
2021-11-03,15942.5,16187.0,15935.25,16186.0,449632,2770
2021-11-04,16185.0,16376.0,16152.5,16340.0,513109,2770
2021-11-05,16340.0,16448.5,16292.0,16344.75,514566,2770
2021-11-07,16293.0,16334.75,16256.0,16312.5,8724,2770
2021-11-08,16312.5,16394.0,16272.25,16310.5,406390,2770
2021-11-09,16310.25,16391.75,16160.0,16186.0,553890,2770
2021-11-10,16185.25,16243.0,15896.5,15990.5,654336,2770
2021-11-11,15991.0,16114.0,15980.25,16064.75,428781,2770
2021-11-12,16064.5,16213.25,16001.75,16200.0,414087,2770
2021-11-14,16212.25,16241.0,16210.25,16226.25,5973,2770
2021-11-15,16227.0,16276.5,16082.25,16189.75,475154,2770
2021-11-16,16190.25,16323.75,16142.0,16304.75,421297,2770
2021-11-17,16305.25,16396.5,16270.0,16329.5,452615,2770
2021-11-18,16329.25,16508.0,16303.5,16496.0,593985,2770
2021-11-19,16496.25,16628.5,16493.25,16588.25,536116,2770
2021-11-21,16600.25,16619.25,16587.75,16588.75,4545,2770
2021-11-22,16588.75,16767.5,16364.5,16397.25,760634,2770
2021-11-23,16397.75,16418.75,16118.5,16287.0,891184,2770
2021-11-24,16287.0,16368.5,16102.0,16358.5,648609,2770
2021-11-25,16357.5,16436.0,16356.75,16370.75,72499,2770
2021-11-26,16370.0,16373.75,15988.0,16043.5,594561,2770
2021-11-28,16046.5,16178.5,16038.0,16169.0,21650,2770
2021-11-29,16169.5,16441.0,16166.5,16431.0,575031,2770
2021-11-30,16431.0,16456.25,16068.75,16223.75,844326,2770
2021-12-01,16223.75,16427.5,15825.25,15948.25,857328,2770
2021-12-02,15949.0,16066.25,15762.75,15937.75,846818,2770
2021-12-03,15937.0,16121.75,15538.0,15687.5,878391,2770
2021-12-05,15716.25,15752.25,15680.75,15739.0,15375,2770
2021-12-06,15739.0,15897.25,15559.25,15842.25,674280,2770
2021-12-07,15842.75,16374.5,15824.5,16343.0,582909,2770
2021-12-08,16343.25,16436.75,16251.5,16376.5,485360,2770
2021-12-09,16377.75,16420.0,16120.25,16175.5,572146,2770
2021-12-10,16175.25,16335.75,16133.75,16322.5,328778,2770
2021-12-12,16321.75,16365.75,16317.0,16361.5,3027,2770
2021-12-13,16360.25,16411.25,16064.25,16091.25,184803,2770
2021-12-14,16091.0,16133.75,15738.5,15915.75,189023,2770
2021-12-15,15918.5,16342.5,15744.5,16327.5,117736,2770
2021-12-16,16326.25,16459.25,15800.25,15839.5,109962,2770
2021-12-17,15843.0,15902.0,15668.0,15742.0,4689,2770
2021-12-19,15809.5,15851.75,15695.0,15707.5,17697,3541
2021-12-20,15707.75,15733.0,15492.0,15720.25,656092,3541
2021-12-21,15720.0,15987.25,15605.0,15960.75,522967,3541
2021-12-22,15960.5,16195.0,15881.5,16185.75,470549,3541
2021-12-23,16185.0,16356.0,16145.25,16303.0,338576,3541
2021-12-26,16304.25,16349.0,16304.25,16342.25,5360,3541
2021-12-27,16342.0,16580.75,16304.5,16554.75,340331,3541
2021-12-28,16554.75,16659.5,16452.25,16539.25,450541,3541
2021-12-29,16538.25,16564.25,16387.5,16463.5,351688,3541
2021-12-30,16463.75,16567.5,16411.25,16437.75,296110,3541
2021-12-31,16437.75,16464.0,16313.75,16331.5,353908,3541
2022-01-02,16356.0,16421.25,16356.0,16383.75,7611,3541
2022-01-03,16384.25,16510.0,16292.0,16484.0,500090,3541
2022-01-04,16484.0,16564.0,16139.5,16232.25,663705,3541
2022-01-05,16232.5,16259.25,15710.25,15784.75,764814,3541
2022-01-06,15784.25,15895.75,15598.5,15817.75,787466,3541
2022-01-07,15817.75,15852.75,15510.0,15570.25,687938,3541
2022-01-09,15590.0,15610.75,15515.0,15558.75,13350,3541
2022-01-10,15560.25,15669.0,15152.5,15627.75,871715,3541
2022-01-11,15627.75,15841.5,15475.0,15820.75,697903,3541
2022-01-12,15820.75,16009.25,15762.5,15893.0,666609,3541
2022-01-13,15892.75,15979.75,15458.25,15498.25,758266,3541
2022-01-14,15497.5,15621.0,15312.5,15616.75,781266,3541
2022-01-16,15616.75,15653.25,15567.5,15582.0,8438,3541
2022-01-17,15583.25,15636.25,15507.25,15587.5,109332,3541
2022-01-18,15587.75,15603.25,15170.75,15193.75,746669,3541
2022-01-19,15193.75,15372.0,14993.75,15005.25,773358,3541
2022-01-20,15004.25,15340.25,14646.75,14744.25,767976,3541
2022-01-21,14743.75,14858.5,14408.5,14411.0,1012364,3541
2022-01-23,14410.0,14563.25,14378.75,14549.75,28655,3541
2022-01-24,14550.0,14582.0,13706.0,14480.25,1287981,3541
2022-01-25,14482.25,14489.5,13890.0,14192.25,964693,3541
2022-01-26,14192.0,14639.75,13976.25,14267.25,874341,3541
2022-01-27,14267.0,14409.25,13844.5,14097.0,856443,3541
2022-01-28,14096.0,14442.0,13831.0,14430.25,854411,3541
2022-01-30,14454.0,14475.75,14353.25,14397.0,14820,3541
2022-01-31,14397.75,14914.75,14366.75,14868.5,624179,3541
2022-02-01,14870.25,15137.0,14729.25,15121.0,589543,3541
2022-02-02,15121.0,15260.0,14755.0,14766.0,642322,3541
2022-02-03,14766.5,14870.0,14456.25,14761.75,714595,3541
2022-02-04,14763.0,14825.75,14362.75,14645.0,746060,3541
2022-02-06,14682.5,14717.5,14634.25,14711.0,9200,3541
2022-02-07,14709.75,14806.25,14511.5,14611.25,551666,3541
2022-02-08,14611.75,14787.75,14467.5,14778.0,605228,3541
2022-02-09,14777.75,15068.0,14745.75,15043.25,523606,3541
2022-02-10,15043.0,15052.5,14622.0,14661.0,822036,3541
2022-02-11,14661.25,14766.75,14181.0,14256.75,818962,3541
2022-02-13,14250.0,14263.0,14184.25,14246.75,13204,3541
2022-02-14,14247.5,14394.0,14031.0,14297.5,718733,3541
2022-02-15,14297.5,14614.75,14223.25,14563.25,555756,3541
2022-02-16,14563.0,14668.5,14381.0,14572.0,592153,3541
2022-02-17,14573.0,14601.5,14131.5,14174.25,623163,3541
2022-02-18,14173.25,14299.0,13906.25,13993.75,747632,3541
2022-02-20,13952.75,13955.75,13837.0,13851.75,13989,3541
2022-02-21,13851.75,14157.5,13580.25,13680.0,248283,3541
2022-02-22,13679.75,14108.25,13613.5,13972.75,849164,3541
2022-02-23,13973.5,14068.75,13457.5,13500.25,706751,3541
2022-02-24,13499.75,13983.25,13025.75,13860.25,1110753,3541
2022-02-25,13860.25,14196.25,13760.25,14187.75,762455,3541
2022-02-27,13900.25,13900.25,13683.0,13854.25,25073,3541
2022-02-28,13853.75,14292.25,13755.0,14256.25,726271,3541
2022-03-01,14258.25,14327.75,13900.0,14052.5,637779,3541
2022-03-02,14052.75,14290.0,13911.5,14206.0,619675,3541
2022-03-03,14205.75,14391.0,13955.0,14079.5,590862,3541
2022-03-04,14082.0,14086.5,13733.75,13798.75,712420,3541
2022-03-06,13763.5,13763.5,13563.0,13583.75,18942,3541
2022-03-07,13583.5,13879.75,13250.25,13269.25,690333,3541
2022-03-08,13270.25,13666.0,13103.25,13251.0,825775,3541
2022-03-09,13249.75,13821.75,13222.0,13746.75,641312,3541
2022-03-10,13746.75,13764.0,13396.25,13596.25,573468,3541
2022-03-11,13596.25,13860.75,13281.75,13301.75,370985,3541
2022-03-13,13362.0,13403.5,13336.25,13371.5,7908,3541
2022-03-14,13370.25,13447.5,13015.5,13106.0,315050,3541
2022-03-15,13107.75,13489.0,12944.0,13457.75,206867,3541
2022-03-16,13456.75,14029.25,13420.5,13981.5,219784,3541
2022-03-17,13980.0,14136.25,13822.75,14026.5,87234,3541
2022-03-18,14025.5,14081.5,13970.5,14080.5,3546,3541
2022-03-20,14404.0,14435.0,14402.25,14404.5,8722,2895
2022-03-21,14405.0,14466.75,14183.75,14341.5,576786,2895
2022-03-22,14340.75,14690.75,14293.5,14666.5,503735,2895
2022-03-23,14666.0,14682.25,14441.0,14474.5,541516,2895
2022-03-24,14474.75,14775.75,14433.5,14749.75,510618,2895
2022-03-25,14750.5,14840.5,14572.5,14752.5,539648,2895
2022-03-27,14756.0,14779.5,14720.0,14721.75,8223,2895
2022-03-28,14720.0,14997.0,14658.75,14972.75,524816,2895
2022-03-29,14973.75,15268.75,14956.5,15222.25,548536,2895
2022-03-30,15221.25,15262.25,15012.25,15103.75,503177,2895
2022-03-31,15104.0,15180.75,14855.5,14912.0,550756,2895
2022-04-01,14912.75,14960.0,14725.0,14852.25,529892,2895
2022-04-03,14846.0,14861.0,14809.75,14818.0,6517,2895
2022-04-04,14819.25,15174.5,14801.0,15152.0,448432,2895
2022-04-05,15152.0,15198.0,14780.25,14834.75,557866,2895
2022-04-06,14835.5,14844.25,14394.75,14449.0,778081,2895
2022-04-07,14448.0,14633.75,14317.0,14565.75,637143,2895
2022-04-08,14566.5,14642.25,14310.5,14328.0,630512,2895
2022-04-10,14345.0,14382.0,14313.75,14314.5,9006,2895
2022-04-11,14313.0,14313.0,13974.25,13983.25,561949,2895
2022-04-12,13982.25,14284.25,13881.25,13996.75,701871,2895
2022-04-13,13996.25,14266.5,13921.0,14215.0,520575,2895
2022-04-14,14217.25,14296.25,13876.5,13892.25,533566,2895
2022-04-17,13892.0,13903.75,13729.5,13735.75,17635,2895
2022-04-18,13736.75,14019.0,13732.5,14016.5,479050,2895
2022-04-19,14016.5,14242.0,13828.0,14079.0,551759,2895
2022-04-20,14079.0,14298.0,13956.5,14083.5,597314,2895
2022-04-21,14083.0,14283.0,13667.5,13681.75,681953,2895
2022-04-22,13682.75,13781.0,13297.0,13315.5,714763,2895
2022-04-24,13334.25,13360.0,13289.25,13327.5,16408,2895
2022-04-25,13328.0,13549.75,13184.0,13524.5,730437,2895
2022-04-26,13524.0,13583.75,12801.5,12996.75,771360,2895
2022-04-27,12997.25,13255.25,12930.25,13172.25,787094,2895
2022-04-28,13173.75,13542.0,13033.0,13248.5,751351,2895
2022-04-29,13246.5,13433.0,12831.75,12890.5,699545,2895
2022-05-01,12892.25,12924.75,12806.0,12882.0,23087,2895
2022-05-02,12880.5,13084.5,12709.75,13056.25,737128,2895
2022-05-03,13056.25,13183.75,12968.5,13120.0,654549,2895
2022-05-04,13118.5,13555.25,12883.0,13512.0,698130,2895
2022-05-05,13512.25,13548.0,12705.25,12884.5,864130,2895
2022-05-06,12884.75,12928.75,12519.0,12663.5,833420,2895
2022-05-08,12605.0,12637.25,12551.75,12575.75,15015,2895
2022-05-09,12578.0,12624.0,12135.25,12235.5,792397,2895
2022-05-10,12235.0,12547.0,12102.25,12338.75,837734,2895
2022-05-11,12338.75,12553.25,11938.5,12008.75,856790,2895
2022-05-12,12007.75,12132.75,11689.0,12023.0,869113,2895
2022-05-13,12022.75,12432.0,12006.75,12364.0,641451,2895
2022-05-15,12409.0,12498.75,12389.5,12468.75,16022,2895
2022-05-16,12468.0,12471.75,12190.25,12267.75,610481,2895
2022-05-17,12268.0,12594.0,12252.5,12563.0,648020,2895
2022-05-18,12562.25,12573.25,11822.25,11826.5,730961,2895
2022-05-19,11826.25,12076.75,11704.0,11933.5,813774,2895
2022-05-20,11935.25,12096.75,11491.25,11838.0,787161,2895
2022-05-22,11866.0,11988.0,11858.0,11972.25,13056,2895
2022-05-23,11971.75,12075.5,11783.75,11888.5,659555,2895
2022-05-24,11887.75,11898.0,11576.25,11854.25,696754,2895
2022-05-25,11854.0,12036.0,11672.0,11892.75,661600,2895
2022-05-26,11892.0,12343.0,11848.25,12290.25,604254,2895
2022-05-27,12290.25,12720.25,12222.0,12717.5,591044,2895
2022-05-29,12705.25,12757.0,12672.75,12737.75,8519,2895
2022-05-30,12736.75,12883.0,12720.25,12815.25,128908,2895
2022-05-31,12815.5,12822.75,12480.0,12704.5,691552,2895
2022-06-01,12704.75,12823.5,12454.75,12509.0,672564,2895
2022-06-02,12509.5,12945.25,12442.5,12922.25,615902,2895
2022-06-03,12920.75,12926.75,12503.0,12549.5,632735,2895
2022-06-05,12549.75,12589.5,12527.0,12550.5,8203,2895
2022-06-06,12549.25,12810.0,12531.0,12603.0,531071,2895
2022-06-07,12603.5,12740.25,12412.5,12671.0,572184,2895
2022-06-08,12671.25,12783.0,12579.25,12624.25,565880,2895
2022-06-09,12624.75,12726.0,12255.25,12288.25,657081,2895
2022-06-10,12288.25,12338.75,11823.0,11858.75,542390,2895
2022-06-12,11768.0,11772.5,11648.25,11667.0,11527,2895
2022-06-13,11666.75,11668.0,11254.5,11341.0,381085,2895
2022-06-14,11340.5,11505.5,11205.0,11398.0,286877,2895
2022-06-15,11398.0,11759.25,11327.75,11690.75,218273,2895
2022-06-16,11689.5,11737.75,11036.75,11157.5,105231,2895
2022-06-17,11156.25,11290.0,11130.75,11140.5,7272,2895
2022-06-19,11332.5,11437.5,11313.5,11429.75,12954,10391
2022-06-20,11428.0,11443.75,11273.75,11424.25,124443,10391
2022-06-21,11424.0,11678.25,11410.5,11575.0,515826,10391
2022-06-22,11576.25,11745.75,11320.5,11486.25,630551,10391
2022-06-23,11484.75,11766.75,11482.75,11695.75,618457,10391
2022-06-24,11695.5,12148.5,11684.75,12132.75,546379,10391
2022-06-26,12137.5,12164.5,12091.0,12094.25,11519,10391
2022-06-27,12093.0,12262.0,11994.25,12067.5,546962,10391
2022-06-28,12066.75,12174.25,11661.5,11688.5,629364,10391
2022-06-29,11686.0,11749.0,11564.5,11677.5,576531,10391
2022-06-30,11677.0,11688.25,11351.0,11544.5,735805,10391
2022-07-01,11545.0,11629.75,11381.75,11610.5,592486,10391
2022-07-03,11606.0,11618.75,11560.5,11571.0,6035,10391
2022-07-04,11570.25,11749.0,11500.0,11696.5,89207,10391
2022-07-05,11695.5,11838.0,11389.25,11783.75,698076,10391
2022-07-06,11783.75,11974.25,11727.75,11898.25,637413,10391
2022-07-07,11897.5,12168.5,11836.5,12104.75,540807,10391
2022-07-08,12104.5,12211.0,11952.5,12160.25,623804,10391
2022-07-10,12149.75,12149.75,12092.25,12117.25,10148,10391
2022-07-11,12117.25,12123.75,11853.0,11903.5,564880,10391
2022-07-12,11903.75,12025.5,11712.0,11772.75,605059,10391
2022-07-13,11773.75,11970.0,11479.25,11675.75,732774,10391
2022-07-14,11675.0,11866.5,11511.25,11862.25,645425,10391
2022-07-15,11862.0,12021.5,11740.25,12019.25,542117,10391
2022-07-17,12043.5,12078.0,12040.0,12059.75,7664,10391
2022-07-18,12058.75,12186.5,11857.0,11940.0,544740,10391
2022-07-19,11940.0,12338.0,11889.5,12313.0,576316,10391
2022-07-20,12312.75,12517.5,12235.75,12435.5,638731,10391
2022-07-21,12435.25,12655.25,12373.5,12547.75,598247,10391
2022-07-22,12548.0,12698.5,12343.75,12429.0,616206,10391
2022-07-24,12444.5,12455.75,12400.5,12403.5,7390,10391
2022-07-25,12404.0,12498.5,12266.5,12298.5,484474,10391
2022-07-26,12298.75,12334.0,12072.0,12280.25,545173,10391
2022-07-27,12280.5,12690.0,12257.25,12576.75,607740,10391
2022-07-28,12576.5,12948.0,12449.0,12893.0,643939,10391
2022-07-29,12892.5,13012.0,12744.25,12977.0,569007,10391
2022-07-31,12981.0,12998.75,12912.0,12920.0,11531,10391
2022-08-01,12919.5,13108.75,12851.75,12952.0,609730,10391
2022-08-02,12951.5,13097.0,12814.75,12903.25,671747,10391
2022-08-03,12902.75,13310.25,12867.25,13234.25,678008,10391
2022-08-04,13234.0,13356.0,13184.75,13333.5,536929,10391
2022-08-05,13333.5,13384.5,13085.0,13216.5,677437,10391
2022-08-07,13227.75,13292.0,13167.75,13178.0,8361,10391
2022-08-08,13177.75,13419.25,13120.5,13220.75,590323,10391
2022-08-09,13219.75,13226.5,12963.25,13053.0,546140,10391
2022-08-10,13052.25,13408.0,12982.0,13399.25,597606,10391
2022-08-11,13399.0,13575.0,13285.0,13335.25,610904,10391
2022-08-12,13336.0,13583.25,13312.0,13580.0,490105,10391
2022-08-14,13571.5,13574.5,13538.5,13540.25,6212,10391
2022-08-15,13541.0,13706.0,13495.25,13681.5,455393,10391
2022-08-16,13680.75,13740.75,13522.75,13651.5,551612,10391
2022-08-17,13651.5,13672.0,13406.25,13455.25,608313,10391
2022-08-18,13455.0,13575.5,13410.75,13527.25,516942,10391
2022-08-19,13527.75,13532.5,13228.75,13250.0,606690,10391
2022-08-21,13226.5,13226.5,13177.0,13187.25,10308,10391
2022-08-22,13187.75,13222.75,12874.5,12955.5,583913,10391
2022-08-23,12955.5,13018.5,12823.5,12895.25,564688,10391
2022-08-24,12895.0,13011.25,12825.75,12934.5,497952,10391
2022-08-25,12934.5,13168.75,12925.0,13144.75,536794,10391
2022-08-26,13145.25,13220.0,12557.5,12559.0,736499,10391
2022-08-28,12485.0,12513.5,12411.75,12419.75,21266,10391
2022-08-29,12419.5,12610.25,12401.5,12532.5,675363,10391
2022-08-30,12533.25,12658.25,12247.5,12366.0,790562,10391
2022-08-31,12365.75,12513.0,12152.5,12177.75,682689,10391
2022-09-01,12177.75,12320.5,12017.75,12298.75,804169,10391
2022-09-02,12299.0,12461.5,12040.25,12130.25,817308,10391
2022-09-04,12110.5,12131.0,12054.75,12123.5,12307,10391
2022-09-05,12123.25,12182.5,12054.0,12147.75,130084,10391
2022-09-06,12148.5,12244.5,11930.0,12006.25,748255,10391
2022-09-07,12006.0,12306.25,11921.5,12258.25,669338,10391
2022-09-08,12258.25,12379.5,12115.75,12350.75,712790,10391
2022-09-09,12350.75,12613.75,12345.75,12590.5,477967,10391
2022-09-11,12626.0,12679.25,12626.0,12632.0,7207,10391
2022-09-12,12631.5,12776.0,12573.25,12762.75,308910,10391
2022-09-13,12763.0,12889.0,12003.25,12058.25,348419,10391
2022-09-14,12058.75,12187.75,12001.75,12168.25,225476,10391
2022-09-15,12166.5,12179.75,11819.5,11844.0,131208,10391
2022-09-16,11847.0,11863.5,11750.5,11813.75,5035,10391
2022-09-18,11920.0,11944.0,11881.5,11930.25,11268,13613
2022-09-19,11930.75,12078.25,11792.25,12078.0,621056,13613
2022-09-20,12077.5,12092.5,11828.25,11926.75,698466,13613
2022-09-21,11926.5,12140.5,11606.5,11612.25,820194,13613
2022-09-22,11612.75,11796.0,11510.0,11587.5,775059,13613
2022-09-23,11587.5,11600.25,11229.0,11388.0,785729,13613
2022-09-25,11362.5,11397.0,11309.5,11346.0,19073,13613
2022-09-26,11344.75,11537.75,11256.5,11349.0,791992,13613
2022-09-27,11349.75,11568.25,11233.5,11347.75,833941,13613
2022-09-28,11347.5,11613.5,11141.5,11533.0,883039,13613
2022-09-29,11534.0,11567.25,11091.5,11265.0,883016,13613
2022-09-30,11265.75,11357.25,11024.25,11058.25,852603,13613
2022-10-02,11030.0,11050.25,10930.0,10943.5,29360,13613
2022-10-03,10944.0,11358.25,10890.75,11344.5,730418,13613
2022-10-04,11344.5,11675.0,11335.0,11620.75,755557,13613
2022-10-05,11620.5,11711.0,11366.5,11699.0,695995,13613
2022-10-06,11699.0,11729.75,11476.5,11498.75,768592,13613
2022-10-07,11498.5,11564.5,11043.25,11096.25,740249,13613
2022-10-09,11067.75,11068.25,10986.0,11035.5,21679,13613
2022-10-10,11036.5,11136.5,10876.75,11014.25,732019,13613
2022-10-11,11014.25,11039.5,10767.25,10864.75,822504,13613
2022-10-12,10865.25,10976.75,10805.5,10869.0,719549,13613
2022-10-13,10868.5,11142.75,10484.75,11064.5,1040306,13613
2022-10-14,11064.25,11253.5,10726.75,10746.25,822553,13613
2022-10-16,10720.0,10803.0,10713.0,10792.25,12461,13613
2022-10-17,10792.5,11218.75,10762.0,11211.25,630488,13613
2022-10-18,11211.0,11431.75,11081.5,11344.5,824877,13613
2022-10-19,11343.0,11377.5,11049.0,11088.5,728268,13613
2022-10-20,11087.75,11328.75,10995.75,11020.0,734166,13613
2022-10-21,11021.0,11386.25,10935.5,11378.0,815770,13613
2022-10-23,11393.75,11530.25,11388.0,11451.75,25941,13613
2022-10-24,11451.75,11515.75,11207.75,11475.5,688056,13613
2022-10-25,11475.5,11734.0,11430.25,11468.75,670242,13613
2022-10-26,11469.5,11703.5,11415.0,11498.25,757556,13613
2022-10-27,11498.0,11537.5,10921.5,11135.0,766714,13613
2022-10-28,11136.25,11626.0,11062.0,11625.5,697725,13613
2022-10-30,11592.5,11595.0,11545.5,11557.5,11123,13613
2022-10-31,11557.5,11581.75,11367.25,11468.75,592533,13613
2022-11-01,11469.25,11619.0,11288.75,11332.25,600574,13613
2022-11-02,11333.0,11460.0,10901.25,10919.75,769387,13613
2022-11-03,10919.25,10996.0,10692.75,10710.5,691262,13613
2022-11-04,10710.75,10974.25,10636.0,10871.25,862994,13613
2022-11-06,10786.5,10817.5,10751.0,10796.25,8923,13613
2022-11-07,10796.5,11038.5,10785.0,11024.75,539586,13613
2022-11-08,11025.0,11231.25,10928.75,11125.25,719755,13613
2022-11-09,11125.75,11164.25,10822.25,10845.0,653130,13613
2022-11-10,10844.0,11685.0,10808.0,11675.5,841422,13613
2022-11-11,11675.25,11876.75,11569.25,11836.25,668695,13613
2022-11-13,11791.0,11818.5,11766.25,11810.5,8183,13613
2022-11-14,11810.5,11898.5,11702.0,11766.75,563404,13613
2022-11-15,11767.0,12118.75,11761.75,11898.75,767497,13613
2022-11-16,11898.5,11963.0,11706.5,11780.0,566493,13613
2022-11-17,11780.25,11827.5,11528.25,11719.5,646659,13613
2022-11-18,11720.25,11843.0,11607.0,11711.0,574321,13613
2022-11-20,11723.0,11756.0,11701.75,11708.0,5270,13613
2022-11-21,11709.25,11714.5,11553.0,11593.75,472007,13613
2022-11-22,11594.25,11759.25,11526.5,11744.75,524569,13613
2022-11-23,11745.25,11892.75,11720.0,11888.5,466331,13613
2022-11-24,11888.75,11933.0,11874.0,11917.5,56643,13613
2022-11-25,11918.0,11920.0,11766.25,11786.75,189615,13613
2022-11-27,11731.25,11747.0,11717.25,11727.0,5883,13613
2022-11-28,11727.0,11788.5,11575.25,11618.25,497596,13613
2022-11-29,11618.75,11704.5,11465.0,11503.5,552942,13613
2022-11-30,11504.0,12086.0,11498.0,12073.5,749263,13613
2022-12-01,12072.75,12145.0,11943.25,12040.25,615445,13613
2022-12-02,12039.25,12067.75,11740.5,11979.0,578476,13613
2022-12-04,12000.5,12015.75,11981.25,12001.5,5069,13613
2022-12-05,12001.75,12009.5,11745.5,11820.0,529156,13613
2022-12-06,11820.0,11846.25,11502.0,11578.75,645983,13613
2022-12-07,11578.75,11596.25,11422.5,11510.5,624033,13613
2022-12-08,11511.0,11685.75,11433.0,11637.5,573694,13613
2022-12-09,11637.25,11748.0,11517.0,11553.0,434549,13613
2022-12-11,11553.0,11572.5,11527.75,11536.0,3206,13613
2022-12-12,11536.75,11716.75,11522.75,11711.0,233765,13613
2022-12-13,11711.25,12229.5,11680.5,11838.75,300429,13613
2022-12-14,11838.5,11948.5,11613.75,11763.5,149448,13613
2022-12-15,11764.5,11779.0,11298.25,11348.25,121033,13613
2022-12-16,11353.5,11381.25,11206.5,11329.0,5191,13613
2022-12-18,11328.75,11366.25,11320.5,11352.5,5231,20631
2022-12-19,11352.75,11411.0,11131.75,11213.75,554368,20631
2022-12-20,11213.25,11247.0,11043.5,11223.25,618890,20631
2022-12-21,11223.25,11389.75,11181.0,11352.25,619385,20631
2022-12-22,11353.0,11384.75,10870.5,11049.0,707076,20631
2022-12-23,11048.5,11143.0,10916.25,11067.0,526160,20631
2022-12-26,11104.0,11163.5,11104.0,11157.0,5357,20631
2022-12-27,11157.0,11183.75,10896.0,10913.0,491049,20631
2022-12-28,10913.5,10996.5,10758.75,10793.25,624954,20631
2022-12-29,10793.5,11071.5,10777.5,11022.5,460308,20631
2022-12-30,11022.75,11051.5,10855.5,11041.75,454664,20631
2023-01-02,11122.5,11150.0,11037.5,11052.25,9720,20631
2023-01-03,11052.25,11182.0,10844.75,10949.5,643456,20631
2023-01-04,10949.5,11068.5,10863.5,10996.25,752093,20631
2023-01-05,10996.25,11046.75,10805.0,10839.25,688167,20631
2023-01-06,10839.5,11165.75,10751.0,11108.75,723943,20631
2023-01-08,11126.5,11160.75,11123.25,11142.75,6558,20631
2023-01-09,11143.25,11385.5,11120.25,11173.75,636903,20631
2023-01-10,11174.25,11288.75,11094.0,11285.0,555692,20631
2023-01-11,11285.0,11479.5,11239.75,11474.5,495287,20631
2023-01-12,11475.0,11579.75,11291.0,11524.75,743527,20631
2023-01-13,11524.0,11619.5,11389.0,11601.5,473749,20631
2023-01-15,11613.5,11619.75,11582.5,11586.75,4320,20631
2023-01-16,11587.25,11638.75,11510.25,11585.25,85527,20631
2023-01-17,11585.0,11685.0,11530.5,11594.5,484740,20631
2023-01-18,11594.25,11759.5,11466.5,11479.5,606628,20631
2023-01-19,11479.75,11486.75,11308.5,11383.75,590157,20631
2023-01-20,11384.0,11686.75,11365.25,11677.75,564753,20631
2023-01-22,11676.75,11685.25,11650.5,11658.0,5175,20631
2023-01-23,11658.0,11983.0,11650.75,11918.25,584072,20631
2023-01-24,11918.5,12010.5,11821.25,11839.75,522799,20631
2023-01-25,11840.5,11917.0,11604.5,11907.25,614247,20631
2023-01-26,11907.5,12113.0,11879.25,12039.5,609806,20631
2023-01-27,12039.5,12308.5,12016.0,12221.0,577682,20631
2023-01-29,12212.5,12252.0,12190.75,12205.5,10399,20631
2023-01-30,12205.5,12224.0,11960.0,12002.5,618605,20631
2023-01-31,12002.5,12156.0,11871.0,12103.25,579968,20631
2023-02-01,12103.0,12559.75,12055.25,12544.75,662810,20631
2023-02-02,12544.75,12949.75,12501.75,12664.0,802959,20631
2023-02-03,12664.25,12878.0,12551.25,12616.5,798919,20631
2023-02-05,12572.0,12605.5,12550.0,12590.75,9767,20631
2023-02-06,12590.5,12608.5,12455.75,12536.0,523615,20631
2023-02-07,12535.5,12818.5,12459.25,12749.75,731462,20631
2023-02-08,12750.5,12808.5,12512.75,12561.25,570323,20631
2023-02-09,12561.75,12728.5,12366.5,12434.75,609664,20631
2023-02-10,12435.25,12446.25,12243.25,12342.0,589182,20631
2023-02-12,12357.5,12367.0,12294.25,12306.75,5877,20631
2023-02-13,12306.75,12567.0,12265.25,12539.25,458188,20631
2023-02-14,12539.5,12687.0,12390.5,12608.0,711696,20631
2023-02-15,12607.75,12756.5,12524.25,12747.0,561788,20631
2023-02-16,12746.5,12792.75,12421.0,12428.25,674756,20631
2023-02-17,12428.0,12449.5,12265.75,12384.0,612318,20631
2023-02-19,12380.0,12383.25,12346.5,12359.75,4195,20631
2023-02-20,12359.25,12417.75,12346.75,12378.25,67851,20631
2023-02-21,12378.75,12379.5,12090.25,12114.25,533795,20631
2023-02-22,12113.5,12190.5,12034.0,12167.5,636570,20631
2023-02-23,12167.0,12261.0,12028.5,12173.75,630905,20631
2023-02-24,12173.5,12214.5,11923.0,11999.75,627116,20631
2023-02-26,12003.0,12025.5,11990.0,12017.25,6000,20631
2023-02-27,12017.5,12189.5,12004.0,12093.75,572873,20631
2023-02-28,12093.5,12172.75,12013.25,12022.5,643753,20631
2023-03-01,12022.25,12141.75,11924.75,11971.25,748799,20631
2023-03-02,11971.5,12096.25,11832.5,12037.5,745523,20631
2023-03-03,12036.75,12329.0,12012.0,12324.5,661839,20631
2023-03-05,12306.25,12317.75,12276.25,12292.0,7448,20631
2023-03-06,12292.0,12486.25,12283.5,12330.5,599222,20631
2023-03-07,12330.5,12381.25,12142.25,12176.25,676058,20631
2023-03-08,12176.75,12254.5,12108.25,12224.75,623803,20631
2023-03-09,12225.25,12353.5,11955.75,11986.25,801989,20631
2023-03-10,11985.75,12109.0,11795.0,11892.5,803226,20631
2023-03-12,11894.75,12045.0,11850.0,11990.5,29402,20631
2023-03-13,11990.0,12095.75,11674.25,11946.75,520380,20631
2023-03-14,11948.75,12223.0,11921.75,12196.75,247587,20631
2023-03-15,12196.5,12302.5,11972.0,12276.25,199332,20631
2023-03-16,12278.0,12600.5,12189.25,12592.5,134820,20631
2023-03-17,12588.75,12636.5,12531.75,12600.75,3612,20631
2023-03-19,12690.0,12750.0,12662.75,12706.25,19388,3522
2023-03-20,12706.25,12727.5,12525.25,12692.5,669792,3522
2023-03-21,12692.25,12898.25,12676.5,12868.75,556364,3522
2023-03-22,12868.25,13082.0,12678.0,12719.0,705152,3522
2023-03-23,12718.5,13031.0,12705.25,12864.75,822279,3522
2023-03-24,12865.0,12924.75,12728.0,12922.75,664707,3522
2023-03-26,12916.0,12960.25,12902.5,12947.75,10556,3522
2023-03-27,12948.25,12984.5,12765.5,12822.75,548079,3522
2023-03-28,12822.75,12833.5,12634.25,12759.5,532890,3522
2023-03-29,12760.0,12994.0,12758.5,12943.0,556360,3522
2023-03-30,12943.5,13111.75,12931.5,13096.5,571200,3522
2023-03-31,13095.75,13311.5,13057.5,13308.0,608365,3522
2023-04-02,13262.0,13275.5,13235.0,13239.75,15055,3522
2023-04-03,13239.75,13278.75,13154.0,13247.5,525204,3522
2023-04-04,13247.75,13348.75,13168.25,13241.0,571581,3522
2023-04-05,13240.5,13247.25,13006.0,13057.25,585119,3522
2023-04-06,13056.75,13191.0,12953.25,13159.75,591849,3522
2023-04-07,13159.5,13192.25,13122.0,13184.25,38007,3522
2023-04-09,13179.75,13203.25,13151.5,13156.5,9199,3522
2023-04-10,13156.75,13174.5,12967.5,13172.25,544295,3522
2023-04-11,13172.0,13208.75,13053.5,13089.5,543776,3522
2023-04-12,13089.5,13241.75,12925.5,12931.25,681525,3522
2023-04-13,12932.0,13228.0,12930.0,13191.75,545715,3522
2023-04-14,13191.75,13255.0,13058.0,13199.5,610346,3522
2023-04-16,13212.5,13214.75,13177.25,13186.75,6704,3522
2023-04-17,13186.5,13218.0,13076.75,13178.75,533320,3522
2023-04-18,13178.25,13298.75,13138.0,13175.0,568523,3522
2023-04-19,13174.25,13226.75,13065.0,13127.75,531427,3522
2023-04-20,13127.75,13200.0,13021.75,13082.75,668917,3522
2023-04-21,13081.75,13122.0,12982.5,13076.0,582501,3522
2023-04-23,13070.0,13074.75,13060.5,13068.75,4292,3522
2023-04-24,13068.0,13134.0,12967.25,13049.5,573233,3522
2023-04-25,13049.5,13059.5,12800.0,12960.25,706492,3522
2023-04-26,12960.0,13012.25,12863.75,12956.5,726055,3522
2023-04-27,12957.25,13333.0,12936.0,13210.0,727512,3522
2023-04-28,13209.5,13336.0,13169.0,13325.75,646993,3522
2023-04-30,13317.0,13327.0,13303.75,13307.5,6344,3522
2023-05-01,13307.0,13370.25,13258.75,13285.75,481972,3522
2023-05-02,13285.25,13334.75,13110.25,13181.75,655869,3522
2023-05-03,13182.0,13314.0,13044.25,13098.25,653122,3522
2023-05-04,13098.25,13173.0,13001.75,13093.75,644455,3522
2023-05-05,13093.75,13359.0,13076.25,13310.5,555492,3522
2023-05-07,13316.0,13332.75,13301.25,13303.5,7544,3522
2023-05-08,13304.25,13368.0,13254.5,13337.5,497862,3522
2023-05-09,13337.0,13347.0,13250.5,13274.75,549393,3522
2023-05-10,13274.75,13446.75,13202.75,13422.0,834064,3522
2023-05-11,13422.25,13470.25,13361.5,13455.0,649127,3522
2023-05-12,13454.25,13494.25,13310.5,13370.5,613776,3522
2023-05-14,13378.75,13378.75,13356.0,13366.5,4892,3522
2023-05-15,13366.25,13480.0,13350.0,13458.0,491310,3522
2023-05-16,13458.0,13554.5,13426.25,13499.5,561055,3522
2023-05-17,13499.75,13669.0,13474.25,13643.5,611476,3522
2023-05-18,13643.25,13960.25,13628.25,13929.5,750975,3522
2023-05-19,13929.75,13942.75,13814.25,13841.0,635467,3522
2023-05-21,13805.5,13856.0,13794.25,13853.25,9142,3522
2023-05-22,13853.25,13951.75,13824.5,13942.75,530977,3522
2023-05-23,13942.5,13979.25,13710.0,13748.25,644904,3522
2023-05-24,13747.25,13883.75,13566.5,13847.0,718410,3522
2023-05-25,13847.0,14031.25,13823.5,13965.5,784745,3522
2023-05-26,13965.5,14369.0,13924.5,14367.25,709042,3522
2023-05-28,14437.5,14459.75,14400.0,14416.75,12685,3522
2023-05-29,14417.0,14446.0,14367.5,14386.25,86718,3522
2023-05-30,14386.25,14570.0,14336.75,14422.25,781011,3522
2023-05-31,14422.75,14424.75,14251.25,14310.25,664692,3522
2023-06-01,14310.5,14528.25,14248.25,14483.25,609243,3522
2023-06-02,14483.5,14627.75,14468.25,14587.75,610290,3522
2023-06-04,14577.0,14579.5,14522.75,14536.75,10690,3522
2023-06-05,14537.25,14694.75,14512.75,14566.0,602384,3522
2023-06-06,14566.75,14623.75,14504.5,14595.5,566154,3522
2023-06-07,14595.0,14675.0,14305.5,14330.0,757765,3522
2023-06-08,14329.5,14526.75,14256.75,14500.5,608261,3522
2023-06-09,14500.5,14687.5,14460.25,14566.25,514825,3522
2023-06-11,14560.25,14608.5,14554.25,14591.5,5314,3522
2023-06-12,14590.5,14839.25,14577.75,14820.75,242559,3522
2023-06-13,14819.75,14967.75,14779.5,14920.75,229508,3522
2023-06-14,14920.0,15061.5,14793.0,15030.0,124399,3522
2023-06-15,15031.0,15252.0,14878.0,15174.25,80343,3522
2023-06-16,15174.0,15324.0,15130.5,15324.0,5373,3522
2023-06-18,15303.25,15322.5,15300.75,15303.25,5537,2130
2023-06-19,15302.25,15305.75,15230.5,15248.5,84077,2130
2023-06-20,15248.25,15310.75,15126.5,15261.75,555645,2130
2023-06-21,15261.25,15273.25,15002.25,15041.0,626601,2130
2023-06-22,15041.25,15238.0,14964.0,15222.0,600185,2130
2023-06-23,15221.75,15222.75,14985.25,15053.25,607442,2130
2023-06-25,15057.75,15104.25,15054.25,15100.25,8816,2130
2023-06-26,15100.5,15152.5,14853.5,14893.0,638999,2130
2023-06-27,14892.75,15139.25,14863.0,15059.75,564617,2130
2023-06-28,15059.75,15219.0,15021.25,15172.25,647784,2130
2023-06-29,15172.5,15202.75,15028.5,15117.0,584521,2130
2023-06-30,15116.75,15376.75,15099.25,15316.5,512987,2130
2023-07-02,15331.0,15362.5,15330.5,15350.5,8217,2130
2023-07-03,15350.75,15392.0,15308.0,15337.25,255620,2130
2023-07-04,15337.5,15368.5,15334.25,15340.75,44533,2130
2023-07-05,15341.25,15432.0,15255.25,15358.0,471988,2130
2023-07-06,15358.5,15359.5,15111.5,15226.5,564766,2130
2023-07-07,15226.25,15359.75,15172.25,15192.5,540629,2130
2023-07-09,15198.5,15198.5,15152.75,15181.5,13817,2130
2023-07-10,15181.25,15218.25,15063.25,15192.25,587566,2130
2023-07-11,15192.0,15280.75,15109.5,15264.25,548853,2130
2023-07-12,15264.25,15507.75,15254.5,15471.5,640781,2130
2023-07-13,15471.5,15741.25,15470.0,15712.25,552521,2130
2023-07-14,15712.5,15857.25,15663.0,15693.75,615139,2130
2023-07-16,15690.0,15690.25,15661.5,15666.75,7627,2130
2023-07-17,15666.75,15882.75,15662.5,15818.75,510856,2130
2023-07-18,15818.5,16029.75,15733.0,15961.75,623881,2130
2023-07-19,15961.0,16062.75,15842.25,15857.0,686202,2130
2023-07-20,15857.0,15904.25,15547.0,15580.0,785753,2130
2023-07-21,15580.5,15719.25,15522.25,15555.0,686483,2130
2023-07-23,15556.0,15571.0,15540.0,15549.75,6997,2130
2023-07-24,15549.0,15618.75,15483.75,15567.25,549234,2130
2023-07-25,15567.5,15739.25,15549.25,15637.5,560777,2130
2023-07-26,15638.0,15710.5,15515.0,15653.75,660542,2130
2023-07-27,15653.75,15904.0,15511.25,15587.0,831180,2130
2023-07-28,15587.0,15896.0,15546.25,15846.0,666083,2130
2023-07-30,15850.0,15917.0,15841.0,15887.5,13746,2130
2023-07-31,15887.0,15905.0,15791.25,15860.25,508094,2130
2023-08-01,15860.25,15889.25,15684.0,15753.0,531839,2130
2023-08-02,15753.25,15789.75,15414.0,15491.75,746008,2130
2023-08-03,15491.5,15551.75,15339.5,15481.25,655102,2130
2023-08-04,15480.75,15610.25,15336.5,15362.75,749962,2130
2023-08-06,15370.5,15403.0,15357.75,15401.25,9369,2130
2023-08-07,15401.75,15497.75,15334.25,15487.75,567330,2130
2023-08-08,15487.75,15491.75,15218.0,15353.25,630781,2130
2023-08-09,15352.75,15432.5,15146.5,15218.75,646689,2130
2023-08-10,15218.75,15442.25,15136.0,15239.75,787621,2130
2023-08-11,15240.0,15266.75,15037.25,15103.75,604775,2130
2023-08-13,15104.0,15146.25,15100.25,15138.0,8067,2130
2023-08-14,15138.0,15316.25,15020.75,15300.75,555280,2130
2023-08-15,15300.75,15335.0,15074.75,15121.75,578307,2130
2023-08-16,15122.5,15166.0,14921.5,14930.5,633643,2130
2023-08-17,14929.75,15018.25,14731.5,14754.75,678157,2130
2023-08-18,14754.25,14802.75,14609.25,14744.0,710352,2130
2023-08-20,14762.5,14788.0,14752.0,14779.0,8771,2130
2023-08-21,14779.0,15013.75,14720.5,14954.5,629483,2130
2023-08-22,14954.25,15118.25,14932.0,14964.5,615919,2130
2023-08-23,14964.5,15356.75,14957.25,15334.75,607925,2130
2023-08-24,15334.75,15418.0,14817.0,14852.5,831478,2130
2023-08-25,14853.0,15048.75,14751.75,14972.25,802437,2130
2023-08-27,14991.0,15029.75,14986.0,15010.25,8424,2130
2023-08-28,15010.25,15126.5,14973.5,15096.75,579916,2130
2023-08-29,15096.5,15443.75,15049.75,15434.5,606003,2130
2023-08-30,15434.5,15522.75,15361.5,15502.75,583640,2130
2023-08-31,15503.0,15606.75,15460.0,15536.5,580495,2130
2023-09-01,15537.0,15661.25,15454.0,15511.25,562724,2130
2023-09-03,15517.0,15525.75,15500.5,15516.5,3894,2130
2023-09-04,15516.75,15578.75,15511.0,15526.0,76755,2130
2023-09-05,15525.75,15586.75,15418.25,15521.75,518733,2130
2023-09-06,15522.0,15533.0,15310.5,15390.5,588231,2130
2023-09-07,15390.25,15395.75,15157.5,15280.75,623678,2130
2023-09-08,15281.0,15390.75,15223.0,15313.0,534479,2130
2023-09-10,15308.0,15325.25,15298.75,15322.25,4098,2130
2023-09-11,15323.25,15497.5,15298.0,15460.0,256711,2130
2023-09-12,15459.75,15480.75,15288.75,15311.25,154432,2130
2023-09-13,15310.0,15424.25,15212.75,15384.75,119568,2130
2023-09-14,15385.5,15517.75,15337.25,15484.5,65023,2130
2023-09-15,15485.0,15524.0,15401.25,15436.75,5267,2130
2023-09-17,15382.25,15415.0,15379.5,15413.0,6780,260937
2023-09-18,15413.25,15461.0,15330.5,15424.5,498055,260937
2023-09-19,15424.75,15442.25,15248.5,15384.0,544419,260937
2023-09-20,15383.75,15436.25,15109.0,15114.0,606479,260937
2023-09-21,15113.75,15134.75,14841.0,14851.25,680901,260937
2023-09-22,14851.5,15027.5,14836.25,14876.25,610473,260937
2023-09-24,14880.25,14915.0,14880.25,14898.5,6958,260937
2023-09-25,14897.75,14955.75,14782.25,14931.75,562128,260937
2023-09-26,14931.75,14933.25,14666.25,14739.0,663487,260937
2023-09-27,14738.5,14821.5,14586.0,14774.75,708017,260937
2023-09-28,14774.5,14947.5,14658.0,14867.5,721474,260937
2023-09-29,14867.75,15060.75,14811.0,14891.5,728383,260937
2023-10-01,14965.0,15010.0,14934.25,14953.25,17108,260937
2023-10-02,14953.5,15046.0,14826.0,14994.0,747745,260937
2023-10-03,14994.0,15031.0,14651.5,14716.25,754924,260937
2023-10-04,14716.5,14956.0,14589.0,14914.25,792610,260937
2023-10-05,14914.25,14958.75,14716.25,14852.0,665375,260937
2023-10-06,14852.0,15160.25,14660.0,15139.5,822187,260937
2023-10-08,15040.25,15040.5,14991.75,15027.75,22450,260937
2023-10-09,15028.0,15212.75,14949.5,15200.0,591444,260937
2023-10-10,15199.5,15383.5,15171.75,15287.5,639923,260937
2023-10-11,15287.75,15416.75,15253.0,15415.0,609848,260937
2023-10-12,15414.75,15468.75,15216.25,15330.0,738211,260937
2023-10-13,15330.5,15366.75,15062.25,15107.5,762851,260937
2023-10-15,15120.0,15166.5,15120.0,15166.25,10519,260937
2023-10-16,15166.25,15336.75,15083.0,15290.25,630106,260937
2023-10-17,15290.5,15309.25,15050.25,15211.5,773490,260937
2023-10-18,15210.0,15228.5,14979.25,15037.5,852666,260937
2023-10-19,15038.0,15138.25,14821.0,14843.5,1009516,260937
2023-10-20,14843.5,14887.5,14645.0,14649.0,822089,260937
2023-10-22,14680.0,14710.75,14662.5,14709.75,10671,260937
2023-10-23,14709.75,14853.75,14514.25,14762.75,752574,260937
2023-10-24,14761.75,14948.75,14706.0,14815.0,704413,260937
2023-10-25,14815.0,14816.75,14332.0,14350.25,819297,260937
2023-10-26,14350.0,14459.0,14140.25,14315.25,965464,260937
2023-10-27,14314.75,14407.75,14209.75,14270.0,761299,260937
2023-10-29,14336.0,14345.5,14303.0,14332.0,10888,260937
2023-10-30,14332.0,14476.5,14306.25,14398.5,693344,260937
2023-10-31,14398.0,14503.75,14311.25,14453.25,709585,260937
2023-11-01,14453.0,14796.0,14410.75,14792.75,738057,260937
2023-11-02,14792.75,15017.25,14777.0,14943.25,638271,260937
2023-11-03,14944.0,15228.5,14931.5,15186.25,616642,260937
2023-11-05,15187.0,15202.5,15172.0,15175.75,6346,260937
2023-11-06,15175.75,15257.5,15138.0,15208.75,487056,260937
2023-11-07,15208.75,15412.25,15176.0,15368.5,571622,260937
2023-11-08,15368.5,15417.5,15286.75,15358.0,541409,260937
2023-11-09,15357.75,15453.75,15223.75,15232.75,701346,260937
2023-11-10,15232.5,15612.75,15207.25,15583.0,657831,260937
2023-11-12,15586.25,15601.25,15548.0,15561.0,9866,260937
2023-11-13,15560.75,15589.5,15465.25,15558.25,518427,260937
2023-11-14,15558.25,15918.75,15552.0,15904.75,647297,260937
2023-11-15,15905.0,16049.5,15832.25,15864.75,676047,260937
2023-11-16,15864.75,15906.75,15796.75,15885.75,626631,260937
2023-11-17,15886.0,15940.0,15825.0,15874.25,552988,260937
2023-11-19,15895.0,15903.75,15848.25,15864.25,9141,260937
2023-11-20,15864.25,16116.75,15837.25,16101.0,548601,260937
2023-11-21,16100.5,16122.5,15912.0,15954.75,568365,260937
2023-11-22,15954.5,16173.5,15942.75,16045.5,615289,260937
2023-11-23,16045.75,16086.5,16038.5,16065.0,69358,260937
2023-11-24,16064.5,16071.5,15981.75,16011.0,222264,260937
2023-11-26,16008.0,16009.0,15982.75,15986.5,5877,260937
2023-11-27,15986.75,16089.25,15938.75,16009.5,496092,260937
2023-11-28,16009.75,16071.5,15945.25,16053.0,592517,260937
2023-11-29,16052.5,16208.5,16013.5,16047.0,627363,260937
2023-11-30,16047.25,16098.5,15856.0,15964.0,676223,260937
2023-12-01,15964.25,16050.0,15864.0,16030.25,612381,260937
2023-12-03,16022.0,16026.0,15988.25,15991.75,8294,260937
2023-12-04,15992.0,16003.5,15721.25,15849.75,701278,260937
2023-12-05,15849.75,15961.0,15761.25,15928.25,673938,260937
2023-12-06,15927.75,16037.75,15800.75,15817.0,663326,260937
2023-12-07,15816.25,16066.0,15791.0,16019.5,609120,260937
2023-12-08,16020.0,16118.75,15888.25,16094.0,523305,260937
2023-12-10,16093.0,16114.5,16082.25,16104.25,4311,260937
2023-12-11,16104.0,16248.0,16045.5,16241.0,237880,260937
2023-12-12,16241.75,16401.25,16185.25,16396.0,144934,260937
2023-12-13,16395.75,16606.75,16365.5,16605.5,106317,260937
2023-12-14,16605.25,16674.5,16418.75,16550.5,71490,260937
2023-12-15,16549.75,16612.5,16521.5,16558.0,4957,260937
2023-12-17,16820.25,16846.0,16802.25,16823.5,6193,750
2023-12-18,16823.5,16974.0,16808.0,16924.75,444472,750
2023-12-19,16924.25,17033.25,16910.75,17027.5,487990,750
2023-12-20,17027.5,17073.5,16758.5,16811.75,645776,750
2023-12-21,16811.5,16970.25,16800.75,16942.0,630074,750
2023-12-22,16941.75,17041.5,16891.5,16962.5,473996,750
2023-12-25,16964.5,17011.0,16964.5,17004.0,5888,750
2023-12-26,17003.5,17111.25,16984.75,17089.0,283685,750
2023-12-27,17089.5,17133.0,17055.5,17121.5,416410,750
2023-12-28,17121.75,17165.25,17077.75,17100.5,353098,750
2023-12-29,17100.5,17131.0,16938.25,17003.75,458104,750
2024-01-01,17019.0,17037.0,17013.75,17029.5,4582,750
2024-01-02,17030.0,17038.5,16622.5,16724.75,633083,750
2024-01-03,16724.5,16729.5,16522.0,16549.5,668588,750
2024-01-04,16549.25,16587.25,16436.0,16456.5,550769,750
2024-01-05,16456.5,16577.25,16334.25,16465.0,617404,750
2024-01-07,16470.0,16490.0,16458.75,16482.75,5940,750
2024-01-08,16482.25,16811.25,16378.25,16785.25,534720,750
2024-01-09,16785.25,16868.5,16657.75,16837.75,598050,750
2024-01-10,16838.0,16983.0,16801.5,16960.75,544233,750
2024-01-11,16960.5,17057.0,16753.0,16951.75,749603,750
2024-01-12,16951.5,17042.5,16866.5,16955.25,583188,750
2024-01-14,16961.75,16964.0,16938.75,16945.25,3736,750
2024-01-15,16945.5,17024.25,16933.5,16935.25,104474,750
2024-01-16,16935.75,17033.75,16811.75,16979.5,701320,750
2024-01-17,16979.25,16981.25,16689.25,16853.75,707103,750
2024-01-18,16854.25,17152.0,16839.25,17149.25,838386,750
2024-01-19,17149.0,17471.25,17131.25,17462.75,737158,750
2024-01-21,17466.0,17499.5,17466.0,17484.0,9394,750
2024-01-22,17484.5,17585.0,17434.0,17464.5,619826,750
2024-01-23,17464.25,17577.75,17409.5,17576.25,502592,750
2024-01-24,17575.75,17793.5,17568.75,17616.75,712033,750
2024-01-25,17616.5,17752.0,17530.5,17542.5,704598,750
2024-01-26,17542.75,17632.0,17466.0,17504.75,618269,750
2024-01-28,17502.0,17502.0,17457.5,17479.75,7974,750
2024-01-29,17480.0,17732.75,17479.25,17722.0,558983,750
2024-01-30,17721.75,17735.75,17410.0,17448.25,553504,750
2024-01-31,17448.0,17484.0,17221.5,17282.75,797648,750
2024-02-01,17282.5,17646.75,17262.75,17593.5,700685,750
2024-02-02,17593.0,17775.5,17465.5,17687.0,740599,750
2024-02-04,17696.0,17723.0,17690.75,17707.5,6004,750
2024-02-05,17706.75,17745.5,17554.25,17696.5,612218,750
2024-02-06,17696.5,17769.0,17560.75,17652.25,617757,750
2024-02-07,17652.75,17875.5,17629.75,17842.75,602323,750
2024-02-08,17842.25,17896.5,17792.25,17867.25,464430,750
2024-02-09,17867.0,18071.0,17852.25,18038.25,488506,750
2024-02-11,18040.0,18043.75,18003.0,18034.25,6157,750
2024-02-12,18034.75,18121.5,17911.25,17938.25,531041,750
2024-02-13,17938.0,17963.25,17542.0,17691.0,843386,750
2024-02-14,17690.5,17887.0,17669.25,17879.0,680619,750
2024-02-15,17878.5,17968.25,17780.5,17952.5,653631,750
2024-02-16,17952.5,18026.0,17715.0,17721.5,731100,750
2024-02-18,17729.25,17792.75,17726.25,17777.0,6486,750
2024-02-19,17777.75,17807.5,17738.75,17748.25,96553,750
2024-02-20,17747.75,17753.0,17452.5,17568.25,781380,750
2024-02-21,17568.75,17723.0,17372.75,17703.5,723515,750
2024-02-22,17703.5,18087.0,17702.25,18041.25,740695,750
2024-02-23,18040.5,18144.75,17946.0,17960.75,645676,750
2024-02-25,17961.5,17988.25,17942.5,17982.5,5451,750
2024-02-26,17982.25,18059.5,17922.0,17963.25,518511,750
2024-02-27,17963.0,18040.25,17908.75,18005.0,562515,750
2024-02-28,18005.25,18017.0,17846.25,17869.75,548199,750
2024-02-29,17869.75,18109.5,17826.0,18059.5,673394,750
2024-03-01,18060.0,18372.75,18029.5,18321.0,621452,750
2024-03-03,18336.0,18365.5,18327.75,18343.0,8651,750
2024-03-04,18344.5,18377.75,18217.0,18223.5,557384,750
2024-03-05,18223.0,18238.75,17832.5,17962.5,785432,750
2024-03-06,17962.25,18174.25,17942.5,18018.25,795449,750
2024-03-07,18018.75,18360.0,17915.75,18266.0,743472,750
2024-03-08,18266.5,18436.5,18012.5,18056.0,971612,750
2024-03-10,18056.0,18068.25,17975.25,18042.5,11216,750
2024-03-11,18044.25,18055.0,17890.5,18048.75,305985,750
2024-03-12,18047.75,18241.75,17930.0,18232.0,186925,750
2024-03-13,18229.75,18256.5,18033.25,18122.5,108151,750
2024-03-14,18122.75,18177.75,17915.5,17991.25,74669,750
2024-03-15,17991.25,18074.75,17831.75,17896.5,3944,750
2024-03-17,18073.5,18103.0,18062.25,18079.25,9547,13743
2024-03-18,18079.0,18381.0,18063.5,18192.0,644193,13743
2024-03-19,18192.0,18289.25,18053.25,18268.5,648974,13743
2024-03-20,18268.5,18589.0,18227.5,18578.5,617776,13743
2024-03-21,18578.25,18709.0,18552.5,18588.75,590808,13743
2024-03-22,18588.75,18626.0,18492.0,18563.75,500521,13743
2024-03-24,18567.0,18588.0,18552.75,18585.5,7805,13743
2024-03-25,18586.25,18601.25,18414.75,18541.0,448933,13743
2024-03-26,18540.25,18619.0,18439.25,18489.75,512474,13743
2024-03-27,18489.5,18571.75,18378.5,18480.25,596935,13743
2024-03-28,18480.25,18538.75,18447.5,18465.0,496895,13743
2024-03-31,18503.0,18612.0,18500.5,18608.5,16370,13743
2024-04-01,18608.75,18611.0,18414.5,18470.25,553374,13743
2024-04-02,18470.5,18511.0,18201.5,18328.5,605147,13743
2024-04-03,18327.75,18485.0,18232.5,18446.5,594620,13743
2024-04-04,18445.5,18568.0,18055.25,18091.5,763421,13743
2024-04-05,18091.75,18408.25,18051.5,18311.0,781955,13743
2024-04-07,18348.25,18372.25,18305.5,18318.5,9274,13743
2024-04-08,18319.5,18376.0,18237.5,18302.25,515307,13743
2024-04-09,18301.5,18407.25,18160.75,18368.5,691406,13743
2024-04-10,18369.0,18474.25,18053.5,18158.75,867067,13743
2024-04-11,18159.25,18518.75,18088.0,18490.0,715466,13743
2024-04-12,18491.0,18507.75,18120.25,18172.5,764809,13743
2024-04-14,18151.0,18255.0,18146.75,18237.5,22132,13743
2024-04-15,18237.5,18350.75,17841.5,17870.75,777555,13743
2024-04-16,17872.0,17988.0,17792.0,17935.75,755330,13743
2024-04-17,17936.25,17968.5,17615.25,17685.5,833837,13743
2024-04-18,17686.0,17770.75,17474.25,17489.5,752577,13743
2024-04-19,17489.5,17553.25,17113.25,17179.25,1002322,13743
2024-04-21,17228.25,17273.0,17195.75,17269.75,12950,13743
2024-04-22,17269.75,17448.0,17148.5,17322.5,630806,13743
2024-04-23,17322.25,17717.25,17291.5,17700.25,594669,13743
2024-04-24,17700.0,17795.5,17437.5,17463.75,661622,13743
2024-04-25,17464.0,17827.5,17308.25,17759.5,808081,13743
2024-04-26,17759.25,17901.5,17668.25,17836.75,606982,13743
2024-04-28,17864.75,17890.0,17853.25,17886.5,8230,13743
2024-04-29,17886.5,17949.0,17791.25,17909.0,521455,13743
2024-04-30,17908.75,17920.25,17453.75,17507.0,675559,13743
2024-05-01,17508.0,17793.25,17399.25,17530.0,777233,13743
2024-05-02,17530.25,17808.25,17386.25,17754.5,630697,13743
2024-05-03,17753.75,18050.25,17719.5,18025.5,533895,13743
2024-05-05,18047.5,18063.75,18000.75,18005.0,8026,13743
2024-05-06,18005.0,18201.25,17983.75,18184.25,386290,13743
2024-05-07,18184.0,18266.25,18151.0,18204.5,465173,13743
2024-05-08,18204.5,18242.25,18072.5,18161.5,448961,13743
2024-05-09,18162.0,18244.75,18103.75,18231.0,469950,13743
2024-05-10,18231.25,18348.0,18188.5,18239.25,464590,13743
2024-05-12,18238.0,18254.75,18228.75,18245.75,4637,13743
2024-05-13,18245.5,18336.25,18235.0,18283.75,404979,13743
2024-05-14,18284.0,18433.0,18165.5,18417.25,548737,13743
2024-05-15,18417.0,18727.75,18393.0,18721.0,600332,13743
2024-05-16,18721.25,18760.75,18633.25,18651.0,539312,13743
2024-05-17,18651.25,18686.75,18545.0,18633.75,476310,13743
2024-05-19,18633.5,18671.25,18633.0,18666.75,5173,13743
2024-05-20,18667.75,18794.5,18635.25,18751.75,463743,13743
2024-05-21,18751.5,18815.75,18678.0,18813.5,421493,13743
2024-05-22,18813.5,18891.0,18684.25,18875.0,575819,13743
2024-05-23,18875.5,19023.25,18621.5,18700.5,840096,13743
2024-05-24,18700.0,18926.0,18682.75,18870.75,532268,13743
2024-05-26,18874.75,18886.5,18836.25,18836.5,6252,13743
2024-05-27,18836.75,18956.0,18833.5,18907.75,75940,13743
2024-05-28,18907.75,18980.5,18819.5,18930.0,557465,13743
2024-05-29,18930.25,18935.0,18705.0,18723.5,574462,13743
2024-05-30,18723.5,18787.0,18546.25,18558.75,607908,13743
2024-05-31,18558.5,18668.25,18241.25,18570.75,808279,13743
2024-06-02,18590.25,18599.0,18539.25,18592.0,11923,13743
2024-06-03,18591.75,18755.5,18435.75,18650.5,652611,13743
2024-06-04,18650.0,18753.25,18511.25,18737.5,609954,13743
2024-06-05,18737.75,19108.0,18703.0,19091.0,565881,13743
2024-06-06,19091.25,19124.5,19017.25,19075.0,511218,13743
2024-06-07,19075.25,19155.0,18940.0,19030.25,599466,13743
2024-06-09,19025.0,19059.75,19009.0,19027.0,7157,13743
2024-06-10,19027.5,19129.75,18974.25,19085.0,563642,13743
2024-06-11,19084.25,19269.75,18994.5,19256.5,555441,13743
2024-06-12,19256.75,19612.25,19238.0,19600.5,673185,13743
2024-06-13,19600.0,19691.0,19500.0,19618.75,543639,13743
2024-06-14,19619.0,19699.5,19501.5,19696.25,507760,13743
2024-06-16,19695.0,19725.5,19670.0,19711.25,5307,13743
2024-06-17,19711.75,20001.0,19640.5,19934.25,266800,13743
2024-06-18,19932.5,19996.5,19851.75,19945.5,106633,13743
2024-06-19,19945.5,19976.5,19931.25,19959.5,11698,13743
2024-06-20,19959.75,20095.0,19694.25,19801.75,93399,13743
2024-06-21,19800.75,19819.25,19687.5,19756.0,3142,13743
2024-06-23,20014.75,20030.25,20000.5,20008.75,6270,4358
2024-06-24,20008.75,20030.0,19728.0,19771.75,675354,4358
2024-06-25,19771.75,19987.75,19726.0,19966.25,566820,4358
2024-06-26,19966.75,20070.5,19901.0,19918.75,587280,4358
2024-06-27,19918.75,20116.75,19874.25,20095.0,576194,4358
2024-06-28,20096.0,20273.25,19906.25,19966.5,732974,4358
2024-06-30,19970.0,19984.5,19934.25,19946.0,10962,4358
2024-07-01,19946.25,20074.0,19811.75,20019.5,626452,4358
2024-07-02,20019.5,20259.25,19910.0,20237.25,606734,4358
2024-07-03,20237.75,20435.25,20205.0,20402.75,388961,4358
2024-07-04,20403.0,20417.25,20361.0,20390.5,52707,4358
2024-07-05,20391.0,20639.5,20373.0,20591.5,535067,4358
2024-07-07,20591.5,20618.0,20581.25,20590.75,8186,4358
2024-07-08,20590.5,20740.0,20579.25,20738.5,495513,4358
2024-07-09,20738.0,20771.75,20615.75,20697.75,555653,4358
2024-07-10,20697.5,20916.75,20696.25,20881.25,564497,4358
2024-07-11,20881.25,20983.75,20377.25,20414.5,894267,4358
2024-07-12,20415.0,20741.0,20335.0,20539.75,703355,4358
2024-07-14,20580.0,20590.0,20508.0,20560.0,14307,4358
2024-07-15,20560.75,20797.0,20506.25,20631.75,685007,4358
2024-07-16,20632.0,20684.5,20464.5,20565.25,622180,4358
2024-07-17,20565.5,20579.25,19965.75,20058.5,840756,4358
2024-07-18,20058.0,20162.5,19758.75,19945.75,951488,4358
2024-07-19,19945.75,19979.75,19654.0,19701.5,752496,4358
2024-07-21,19749.0,19842.0,19727.25,19817.0,20544,4358
2024-07-22,19816.75,20044.75,19718.75,19954.75,633204,4358
2024-07-23,19955.25,20084.75,19786.25,19792.25,603308,4358
2024-07-24,19792.75,19838.25,19168.75,19271.25,815466,4358
2024-07-25,19270.75,19390.5,18883.25,19023.5,969504,4358
2024-07-26,19022.25,19297.75,19018.75,19175.75,677434,4358
2024-07-28,19171.75,19253.75,19167.75,19241.0,9603,4358
2024-07-29,19242.5,19377.25,19113.25,19132.75,590250,4358
2024-07-30,19132.25,19319.75,18725.0,19060.75,744354,4358
2024-07-31,19060.25,19686.25,19015.5,19674.5,738801,4358
2024-08-01,19674.5,19717.0,18841.75,18913.5,906570,4358
2024-08-02,18913.0,18934.0,18385.75,18513.25,801543,4358
2024-08-04,18390.0,18390.0,18213.5,18262.75,24671,4358
2024-08-05,18263.0,18289.0,17351.0,18284.5,911874,4358
2024-08-06,18287.75,18483.25,17966.0,18055.75,683379,4358
2024-08-07,18054.5,18558.5,17741.75,17843.25,711743,4358
2024-08-08,17846.5,18617.0,17825.0,18602.0,639497,4358
2024-08-09,18599.75,18674.5,18383.0,18602.5,485049,4358
2024-08-11,18590.0,18659.0,18515.0,18626.75,12057,4358
2024-08-12,18629.0,18765.25,18523.5,18654.75,456031,4358
2024-08-13,18654.25,19128.0,18637.0,19116.75,492097,4358
2024-08-14,19117.25,19203.5,18925.5,19106.5,541503,4358
2024-08-15,19108.5,19640.75,19104.75,19613.5,520506,4358
2024-08-16,19614.0,19683.0,19447.5,19604.0,441034,4358
2024-08-18,19629.0,19673.75,19614.5,19647.75,8232,4358
2024-08-19,19649.0,19883.0,19525.25,19860.0,421068,4358
2024-08-20,19861.5,19931.0,19743.0,19790.0,479871,4358
2024-08-21,19789.75,19981.75,19771.5,19936.25,471916,4358
2024-08-22,19936.0,20025.25,19542.0,19638.25,623060,4358
2024-08-23,19638.75,19904.25,19591.75,19776.75,568728,4358
2024-08-25,19787.75,19832.5,19716.25,19762.75,10554,4358
2024-08-26,19764.0,19846.25,19505.5,19570.75,463703,4358
2024-08-27,19570.75,19694.25,19441.5,19587.0,436258,4358
2024-08-28,19587.75,19691.0,19140.25,19194.5,538906,4358
2024-08-29,19193.5,19693.5,19191.5,19430.5,648231,4358
2024-08-30,19430.25,19632.75,19370.5,19594.5,478891,4358
2024-09-01,19599.0,19628.0,19569.0,19586.25,4635,4358
2024-09-02,19586.25,19683.0,19511.0,19580.0,77541,4358
2024-09-03,19580.75,19644.75,18911.0,18957.5,617031,4358
2024-09-04,18958.0,19114.75,18825.75,18930.25,572574,4358
2024-09-05,18930.75,19150.5,18827.25,18912.25,574465,4358
2024-09-06,18910.25,18972.25,18339.75,18377.5,705865,4358
2024-09-08,18400.0,18461.75,18386.0,18444.5,13206,4358
2024-09-09,18448.0,18741.0,18442.5,18713.75,518312,4358
2024-09-10,18711.75,18878.5,18582.25,18836.75,526896,4358
2024-09-11,18837.5,19293.5,18547.0,19244.0,709416,4358
2024-09-12,19244.5,19483.5,19185.0,19453.75,563427,4358
2024-09-13,19454.25,19577.25,19398.25,19503.5,412359,4358
2024-09-15,19498.0,19546.5,19479.0,19539.0,6473,4358
2024-09-16,19540.0,19544.25,19299.25,19441.0,222990,4358
2024-09-17,19441.0,19615.5,19341.0,19468.75,145557,4358
2024-09-18,19468.75,19660.0,19331.0,19529.5,84536,4358
2024-09-19,19532.75,19966.25,19446.0,19810.25,77481,4358
2024-09-20,19815.25,19838.25,19746.5,19814.0,2186,4358
2024-09-22,20040.0,20066.5,19996.25,20062.25,6975,106364
2024-09-23,20063.0,20164.0,19955.25,20069.0,388242,106364
2024-09-24,20068.25,20214.75,19953.0,20179.75,449785,106364
2024-09-25,20180.25,20284.0,20064.25,20277.25,399031,106364
2024-09-26,20276.75,20538.0,20188.0,20343.75,503552,106364
2024-09-27,20344.25,20395.75,20173.0,20193.0,421775,106364
2024-09-29,20198.5,20282.5,20158.0,20273.75,8608,106364
2024-09-30,20276.25,20287.0,20056.0,20247.0,498367,106364
2024-10-01,20247.0,20331.75,19818.0,19932.75,655264,106364
2024-10-02,19933.25,20090.25,19833.5,20055.25,465319,106364
2024-10-03,20054.5,20113.75,19852.0,19983.5,522265,106364
2024-10-04,19982.5,20263.75,19948.25,20202.25,546045,106364
2024-10-06,20220.0,20267.25,20208.0,20231.0,9638,106364
2024-10-07,20230.0,20263.75,19902.5,19983.0,448925,106364
2024-10-08,19984.0,20329.5,19942.5,20274.0,426433,106364
2024-10-09,20274.5,20482.75,20196.0,20450.0,414547,106364
2024-10-10,20450.75,20508.25,20301.5,20452.25,443376,106364
2024-10-11,20452.25,20494.25,20314.75,20413.25,374387,106364
2024-10-13,20432.5,20450.75,20407.5,20426.5,6737,106364
2024-10-14,20427.25,20680.0,20383.25,20632.0,383179,106364
2024-10-15,20632.0,20659.25,20254.0,20351.75,510088,106364
2024-10-16,20352.0,20398.5,20206.25,20314.0,409478,106364
2024-10-17,20313.25,20594.75,20276.75,20405.25,526402,106364
2024-10-18,20406.0,20529.75,20320.75,20484.25,374304,106364
2024-10-20,20496.25,20526.0,20496.0,20513.75,6168,106364
2024-10-21,20514.5,20554.5,20343.75,20516.0,442589,106364
2024-10-22,20516.0,20602.25,20360.25,20529.5,465728,106364
2024-10-23,20530.5,20542.5,20079.0,20290.0,606203,106364
2024-10-24,20290.25,20428.5,20261.75,20380.75,454018,106364
2024-10-25,20381.75,20707.25,20364.75,20476.0,566690,106364
2024-10-27,20525.5,20622.25,20525.25,20598.25,11179,106364
2024-10-28,20597.75,20676.5,20486.0,20507.0,420216,106364
2024-10-29,20508.0,20763.0,20432.25,20749.0,492928,106364
2024-10-30,20748.75,20788.5,20423.0,20426.5,517738,106364
2024-10-31,20425.0,20463.75,20008.5,20073.75,670141,106364
2024-11-01,20074.0,20288.0,20017.0,20170.25,529130,106364
2024-11-03,20138.0,20158.0,20070.5,20135.0,15990,106364
2024-11-04,20135.0,20248.5,20013.0,20088.0,500778,106364
2024-11-05,20087.5,20385.5,20041.75,20343.5,443252,106364
2024-11-06,20343.0,20935.25,20323.5,20890.75,618154,106364
2024-11-07,20891.5,21253.0,20861.5,21227.25,455014,106364
2024-11-08,21227.0,21265.0,21121.75,21226.75,392194,106364
2024-11-10,21249.75,21320.0,21249.0,21304.5,6424,106364
2024-11-11,21304.0,21340.75,21098.25,21216.5,446804,106364
2024-11-12,21215.25,21251.75,21054.75,21160.75,504951,106364
2024-11-13,21161.5,21268.5,21056.5,21166.5,523080,106364
2024-11-14,21166.5,21190.25,20937.0,20950.25,546942,106364
2024-11-15,20949.75,20956.5,20405.25,20503.25,668865,106364
2024-11-17,20504.0,20568.75,20476.0,20568.25,9181,106364
2024-11-18,20567.5,20724.25,20481.5,20622.75,513572,106364
2024-11-19,20623.25,20792.5,20382.5,20782.75,545848,106364
2024-11-20,20783.0,20843.25,20477.0,20752.5,613835,106364
2024-11-21,20753.75,20905.75,20514.25,20773.5,690437,106364
2024-11-22,20774.0,20880.0,20693.25,20878.75,532323,106364
2024-11-24,20935.0,20954.25,20928.5,20935.5,6930,106364
2024-11-25,20935.75,21081.0,20780.25,20833.25,538182,106364
2024-11-26,20835.0,21024.75,20755.0,20985.75,489833,106364
2024-11-27,20986.75,21019.0,20675.0,20823.5,510942,106364
2024-11-28,20825.75,20909.5,20823.75,20887.75,54719,106364
2024-11-29,20887.5,21017.5,20805.5,20991.25,281039,106364
2024-12-01,20995.25,21004.0,20952.5,20964.5,6429,106364
2024-12-02,20966.0,21259.75,20940.0,21214.0,465020,106364
2024-12-03,21215.25,21336.5,21134.25,21332.75,440769,106364
2024-12-04,21333.0,21548.5,21316.25,21510.75,453792,106364
2024-12-05,21510.0,21567.25,21424.75,21455.25,413659,106364
2024-12-06,21455.75,21669.25,21440.25,21634.0,444110,106364
2024-12-08,21649.0,21670.75,21626.75,21657.5,5780,106364
2024-12-09,21657.25,21706.25,21436.0,21465.0,505514,106364
2024-12-10,21465.0,21606.75,21352.75,21428.75,527827,106364
2024-12-11,21428.0,21820.0,21405.75,21758.0,530976,106364
2024-12-12,21758.0,21772.5,21604.25,21744.75,494721,106364
2024-12-13,21744.25,21908.0,21666.5,21760.5,553926,106364
2024-12-15,21780.25,21800.0,21762.0,21789.0,4859,106364
2024-12-16,21790.0,22152.5,21783.25,22099.25,293005,106364
2024-12-17,22100.25,22124.5,21900.75,21970.0,159770,106364
2024-12-18,21971.0,22083.75,21034.25,21199.25,116835,106364
2024-12-19,21203.25,21424.25,21080.0,21107.5,66377,106364
2024-12-20,21109.5,21116.0,20745.0,20945.25,4828,106364
2024-12-22,21566.0,21683.0,21565.75,21656.0,6735,42288528
2024-12-23,21657.25,21776.75,21476.75,21737.0,498319,42288528
2024-12-24,21737.75,22049.75,21709.0,22046.5,253859,42288528
2024-12-25,22049.5,22084.5,22046.75,22059.25,4359,42288528
2024-12-26,22058.75,22111.25,21870.25,22005.75,396635,42288528
2024-12-27,22006.0,22008.0,21498.75,21719.75,552675,42288528
2024-12-29,21711.0,21742.75,21670.5,21703.0,6944,42288528
2024-12-30,21701.0,21721.75,21253.0,21391.25,512613,42288528
2024-12-31,21392.0,21524.75,21182.0,21234.25,465582,42288528
2025-01-01,21269.0,21320.5,21243.75,21268.0,6461,42288528
2025-01-02,21266.5,21490.5,20983.75,21163.5,656623,42288528
2025-01-03,21162.75,21559.25,21153.25,21493.0,475206,42288528
2025-01-05,21532.25,21544.75,21501.75,21524.25,4698,42288528
2025-01-06,21525.75,21896.75,21478.25,21771.75,561240,42288528
2025-01-07,21770.25,21806.0,21279.5,21392.25,634269,42288528
2025-01-08,21393.5,21448.25,21166.25,21315.0,624826,42288528
2025-01-09,21316.5,21347.25,21211.25,21237.5,81258,42288528
2025-01-10,21237.0,21372.5,20874.75,20997.75,684073,42288528
2025-01-12,21027.5,21027.75,20942.5,21001.0,8071,42288528
2025-01-13,20997.0,21088.5,20694.0,21046.0,606645,42288528
2025-01-14,21046.25,21143.75,20773.5,20948.0,660411,42288528
2025-01-15,20947.75,21452.75,20909.0,21415.25,543933,42288528
2025-01-16,21415.25,21567.25,21172.25,21235.0,586790,42288528
2025-01-17,21233.5,21682.5,21227.0,21589.0,575827,42288528
2025-01-19,21600.0,21618.0,21526.5,21545.0,7797,42288528
2025-01-20,21546.0,21778.75,21535.75,21730.5,153169,42288528
2025-01-21,21731.75,21820.25,21377.75,21810.25,500883,42288528
2025-01-22,21810.25,22093.5,21804.25,21965.5,484498,42288528
2025-01-23,21965.5,22050.5,21855.5,22010.25,465434,42288528
2025-01-24,22011.25,22078.25,21844.0,21907.75,515799,42288528
2025-01-26,21771.0,21771.0,21633.0,21665.75,22774,42288528
2025-01-27,21665.5,21673.25,20763.75,21326.75,1023716,42288528
2025-01-28,21327.0,21626.0,21159.5,21545.5,641720,42288528
2025-01-29,21546.0,21697.0,21367.0,21539.0,629671,42288528
2025-01-30,21538.5,21748.75,21419.5,21698.0,612137,42288528
2025-01-31,21698.0,21966.0,21533.75,21571.0,637602,42288528
2025-02-02,21200.0,21200.0,20943.0,21115.0,27093,42288528
2025-02-03,21114.0,21600.0,20976.5,21571.5,699597,42288528
2025-02-04,21571.25,21694.0,21242.5,21566.5,491207,42288528
2025-02-05,21568.25,21795.0,21429.75,21773.0,491066,42288528
2025-02-06,21772.25,21882.25,21705.75,21854.0,436822,42288528
2025-02-07,21853.0,21968.0,21552.75,21575.25,587334,42288528
2025-02-09,21463.25,21657.0,21418.0,21644.75,11954,42288528
2025-02-10,21645.25,21894.0,21642.25,21795.75,379067,42288528
2025-02-11,21796.0,21871.5,21669.5,21810.5,417899,42288528
2025-02-12,21810.5,21898.5,21510.75,21888.25,540861,42288528
2025-02-13,21888.0,22124.0,21753.0,22083.0,530632,42288528
2025-02-14,22084.75,22225.0,22042.5,22203.5,423034,42288528
2025-02-16,22235.75,22237.75,22196.25,22211.5,12834,42288528
2025-02-17,22211.25,22281.75,22192.5,22220.5,92562,42288528
2025-02-18,22220.0,22319.75,22102.75,22250.0,457782,42288528
2025-02-19,22250.5,22299.75,22118.0,22217.75,491966,42288528
2025-02-20,22217.75,22230.0,21951.0,22161.5,555486,42288528
2025-02-21,22161.0,22245.5,21652.75,21660.0,693510,42288528
2025-02-23,21700.75,21774.5,21676.75,21758.0,11452,42288528
2025-02-24,21758.25,21813.0,21366.5,21385.25,656376,42288528
2025-02-25,21385.5,21453.75,20990.0,21225.75,786119,42288528
2025-02-26,21225.0,21409.25,21055.0,21213.25,645824,42288528
2025-02-27,21213.25,21386.5,20583.25,20673.75,848293,42288528
2025-02-28,20672.5,20944.25,20460.5,20909.0,820338,42288528
2025-03-02,21005.25,21036.25,20949.0,20968.5,14083,42288528
2025-03-03,20969.5,21121.0,20316.75,20515.75,826857,42288528
2025-03-04,20514.75,20732.5,20075.25,20578.0,935086,42288528
2025-03-05,20579.5,20725.0,20215.0,20605.0,770560,42288528
2025-03-06,20604.5,20647.5,20003.0,20187.0,752428,42288528
2025-03-07,20187.5,20286.25,19765.5,20207.25,745221,42288528
2025-03-09,20147.0,20147.0,19932.25,20034.5,19506,42288528
2025-03-10,20033.25,20156.5,19229.25,19304.25,781592,42288528
2025-03-11,19306.5,19686.75,19139.25,19476.75,824532,42288528
2025-03-12,19478.0,19788.75,19387.0,19685.25,682654,42288528
2025-03-13,19683.75,19694.0,19170.0,19356.25,732341,42288528
2025-03-14,19358.25,19742.5,19335.0,19667.5,672722,42288528
2025-03-16,19668.25,19686.25,19550.5,19584.0,15107,42288528
2025-03-17,19586.0,19959.25,19554.75,19820.75,389904,42288528
2025-03-18,19821.5,19828.75,19397.75,19504.25,242036,42288528
2025-03-19,19504.25,19935.0,19455.5,19823.5,142403,42288528
2025-03-20,19823.5,19898.75,19530.25,19683.25,73079,42288528
2025-03-21,19682.25,19728.75,19408.0,19451.25,3681,42288528
2025-03-23,20050.5,20114.25,20050.5,20107.5,24416,42005804
2025-03-24,20109.75,20409.5,20096.0,20355.0,528609,42005804
2025-03-25,20354.75,20534.0,20293.0,20523.5,466387,42005804
2025-03-26,20524.0,20536.75,20003.25,20059.75,623927,42005804
2025-03-27,20059.5,20199.5,19937.25,19964.75,613473,42005804
2025-03-28,19965.0,20008.75,19357.5,19361.0,676109,42005804
2025-03-30,19319.75,19365.0,19215.5,19258.5,24745,42005804
2025-03-31,19256.5,19489.75,18976.75,19358.25,819159,42005804
2025-04-01,19359.0,19697.0,19261.25,19644.75,781496,42005804
2025-04-02,19643.75,20044.25,18819.0,18877.25,859310,42005804
2025-04-03,18879.75,19177.0,18588.5,18654.25,842018,42005804
2025-04-04,18654.0,18713.0,17387.5,17483.25,1160456,42005804
2025-04-06,17100.0,17100.0,16460.0,16718.75,53927,42005804
2025-04-07,16721.25,18361.5,16480.0,17763.75,1081862,42005804
2025-04-08,17763.75,18357.25,16876.5,16994.0,952496,42005804
2025-04-09,16995.5,19386.75,16735.0,19313.5,1043616,42005804
2025-04-10,19312.25,19336.0,17919.0,18357.0,952337,42005804
2025-04-11,18352.75,18873.5,18067.0,18820.5,647190,42005804
2025-04-13,19225.0,19250.0,18931.5,19013.25,25899,42005804
2025-04-14,19011.5,19256.0,18737.5,18850.75,548134,42005804
2025-04-15,18849.5,19144.75,18692.75,18729.0,528636,42005804
2025-04-16,18728.25,18861.25,18116.25,18402.0,669400,42005804
2025-04-17,18403.5,18652.75,18261.5,18427.75,610473,42005804
2025-04-20,18306.25,18383.5,18231.25,18314.75,8229,42005804
2025-04-21,18313.25,18378.25,17700.0,18003.5,476286,42005804
2025-04-22,18003.5,18802.75,17946.25,18760.75,630189,42005804
2025-04-23,18761.75,19165.5,18623.75,18839.5,703551,42005804
2025-04-24,18840.0,19435.5,18594.75,19412.5,591433,42005804
2025-04-25,19412.75,19589.0,19216.25,19554.75,568781,42005804
2025-04-27,19524.5,19524.5,19435.25,19454.75,9928,42005804
2025-04-28,19457.0,19623.0,19257.25,19528.5,504585,42005804
2025-04-29,19528.25,19688.5,19378.0,19563.0,560770,42005804
2025-04-30,19562.5,19936.0,19103.75,19917.25,718159,42005804
2025-05-01,19917.75,20125.75,19749.5,19789.5,570506,42005804
2025-05-02,19790.0,20276.75,19755.0,20204.5,499240,42005804
2025-05-04,20181.5,20201.75,20052.5,20085.0,13046,42005804
2025-05-05,20084.75,20191.5,19966.0,20008.25,400684,42005804
2025-05-06,20008.75,20133.75,19739.0,20068.0,530774,42005804
2025-05-07,20067.25,20108.0,19678.75,19953.0,566782,42005804
2025-05-08,19952.75,20337.25,19925.5,20139.25,560774,42005804
2025-05-09,20138.25,20288.75,20058.0,20146.5,438163,42005804
2025-05-11,20398.5,20503.25,20376.75,20453.5,20537,42005804
2025-05-12,20452.25,20996.0,20441.0,20908.75,613256,42005804
2025-05-13,20908.5,21346.5,20818.0,21292.5,516372,42005804
2025-05-14,21292.25,21419.5,21238.25,21375.25,503960,42005804
2025-05-15,21375.5,21529.75,21192.0,21414.25,532915,42005804
2025-05-16,21415.0,21512.0,21320.25,21400.25,400829,42005804
2025-05-18,21310.75,21418.0,21283.75,21381.25,18341,42005804
2025-05-19,21381.75,21562.0,21112.5,21539.25,496007,42005804
2025-05-20,21539.0,21562.25,21298.0,21431.5,431946,42005804
2025-05-21,21431.75,21558.5,21072.75,21145.75,597769,42005804
2025-05-22,21147.5,21337.5,21040.0,21178.75,507713,42005804
2025-05-23,21179.25,21231.0,20727.0,20953.25,510290,42005804
2025-05-25,20978.0,21229.25,20954.25,21188.75,16948,42005804
2025-05-26,21187.5,21307.75,21168.0,21235.25,79675,42005804
2025-05-27,21236.25,21488.5,21141.5,21470.75,435915,42005804
2025-05-28,21470.25,21777.0,21321.25,21766.25,444670,42005804
2025-05-29,21766.5,21858.75,21301.0,21317.0,533884,42005804
2025-05-30,21317.25,21433.5,21071.5,21369.0,531098,42005804
2025-06-01,21303.75,21348.5,21277.0,21304.75,10636,42005804
2025-06-02,21304.75,21576.25,21163.0,21494.25,428805,42005804
2025-06-03,21495.0,21759.75,21399.25,21705.0,414678,42005804
2025-06-04,21705.25,21803.0,21641.0,21741.0,395858,42005804
2025-06-05,21742.0,21935.0,21471.0,21545.5,586036,42005804
2025-06-06,21545.25,21873.5,21544.0,21809.5,448799,42005804
2025-06-08,21799.25,21820.75,21726.0,21762.0,10468,42005804
2025-06-09,21763.5,21890.75,21716.0,21832.5,344542,42005804
2025-06-10,21833.0,22002.75,21732.0,21953.75,434000,42005804
2025-06-11,21954.0,22106.0,21790.75,21837.75,507372,42005804
2025-06-12,21838.75,21977.25,21713.25,21786.75,378904,42005804
2025-06-13,21786.0,21854.75,21471.0,21652.0,476334,42005804
2025-06-15,21554.0,21710.0,21501.75,21689.5,9967,42005804
2025-06-16,21687.25,21999.5,21660.0,21790.75,165335,42005804
2025-06-17,21793.25,21910.0,21640.5,21681.0,89211,42005804
2025-06-18,21681.0,21872.5,21660.0,21723.0,71511,42005804
2025-06-19,21725.0,21727.0,21435.5,21665.0,12136,42005804
2025-06-20,21672.0,21896.5,21629.75,21865.25,3212,42005804
2025-06-22,21648.25,21787.0,21566.75,21760.5,19855,42008487
2025-06-23,21761.0,22255.0,21707.0,22237.25,543169,42008487
2025-06-24,22237.25,22448.25,22194.0,22424.5,427877,42008487
2025-06-25,22425.25,22548.25,22388.5,22464.75,391280,42008487
2025-06-26,22464.75,22713.5,22456.75,22678.5,404759,42008487
2025-06-27,22678.5,22825.5,22600.0,22740.25,462615,42008487
2025-06-29,22751.5,22847.0,22751.5,22817.75,12958,42008487
2025-06-30,22817.25,22934.75,22781.0,22880.75,418038,42008487
2025-07-01,22882.0,22914.75,22594.5,22708.5,483254,42008487
2025-07-02,22709.75,22863.25,22582.0,22848.75,399688,42008487
2025-07-03,22848.0,23102.5,22827.0,23034.75,266140,42008487
2025-07-04,23034.75,23049.75,22882.0,22906.75,67383,42008487
2025-07-06,22970.0,23028.5,22943.0,22983.5,11575,42008487
2025-07-07,22983.75,23001.75,22779.75,22874.25,454827,42008487
2025-07-08,22873.5,22972.75,22841.0,22901.75,413342,42008487
2025-07-09,22900.5,23112.0,22843.5,23034.25,445749,42008487
2025-07-10,23035.0,23090.0,22901.25,23044.25,385823,42008487
2025-07-11,23044.25,23046.0,22831.5,22938.0,450217,42008487
2025-07-13,22860.75,22890.5,22803.0,22866.75,17085,42008487
2025-07-14,22867.0,23066.5,22804.25,23011.5,397082,42008487
2025-07-15,23011.75,23222.75,22973.75,23014.25,523965,42008487
2025-07-16,23014.0,23100.0,22835.5,23040.5,535660,42008487
2025-07-17,23040.0,23288.75,23017.0,23280.75,438193,42008487
2025-07-18,23280.5,23320.75,23169.5,23228.5,430315,42008487
2025-07-20,23232.5,23262.75,23203.75,23260.25,8085,42008487
2025-07-21,23260.5,23424.75,23223.75,23346.75,385903,42008487
2025-07-22,23346.5,23367.0,23108.0,23261.75,540635,42008487
2025-07-23,23261.75,23418.0,23146.75,23401.0,501268,42008487
2025-07-24,23400.25,23424.5,23298.25,23406.25,430036,42008487
2025-07-25,23406.5,23476.0,23330.75,23447.75,384248,42008487
2025-07-27,23520.0,23558.25,23504.0,23533.75,12481,42008487
2025-07-28,23534.0,23585.25,23436.75,23528.25,412498,42008487
2025-07-29,23528.75,23652.5,23421.25,23475.0,530853,42008487
2025-07-30,23474.75,23744.25,23356.5,23725.0,534617,42008487
2025-07-31,23725.5,23845.0,23241.75,23297.5,734871,42008487
2025-08-01,23297.5,23342.5,22775.0,22870.0,773296,42008487
2025-08-03,22850.0,22931.5,22821.75,22927.25,18593,42008487
2025-08-04,22927.5,23360.0,22916.5,23334.75,452787,42008487
2025-08-05,23334.0,23404.25,23045.5,23053.0,540781,42008487
2025-08-06,23052.25,23481.0,23049.75,23452.0,520419,42008487
2025-08-07,23451.75,23671.0,23329.0,23539.25,549881,42008487
2025-08-08,23540.5,23767.75,23503.0,23765.5,438504,42008487
2025-08-10,23764.0,23770.75,23701.0,23708.0,9471,42008487
2025-08-11,23707.75,23804.5,23587.5,23636.25,436374,42008487
2025-08-12,23636.0,23970.0,23596.0,23960.25,481470,42008487
2025-08-13,23959.5,24068.5,23886.0,23949.25,446498,42008487
2025-08-14,23950.0,24007.75,23793.25,23888.5,486496,42008487
2025-08-15,23889.25,23963.0,23734.5,23796.75,428780,42008487
2025-08-17,23795.0,23860.0,23795.0,23851.0,6870,42008487
2025-08-18,23850.75,23881.75,23719.0,23804.75,395290,42008487
2025-08-19,23805.5,23805.5,23413.5,23422.0,552388,42008487
2025-08-20,23423.25,23452.0,23035.0,23318.5,701899,42008487
2025-08-21,23318.5,23369.25,23119.0,23248.25,518219,42008487
2025-08-22,23249.5,23650.0,23076.75,23582.75,474541,42008487
2025-08-24,23602.0,23607.5,23545.0,23574.75,10015,42008487
2025-08-25,23575.25,23616.25,23443.25,23496.5,391799,42008487
2025-08-26,23496.0,23624.25,23371.5,23614.0,436221,42008487
2025-08-27,23614.5,23689.0,23434.75,23508.5,432879,42008487
2025-08-28,23507.75,23803.75,23487.5,23747.25,475810,42008487
2025-08-29,23747.5,23755.75,23397.5,23454.5,522817,42008487
2025-08-31,23479.0,23546.25,23464.0,23538.5,7969,42008487
2025-09-01,23538.5,23552.5,23370.5,23444.5,87698,42008487
2025-09-02,23446.0,23484.5,23025.25,23334.0,651802,42008487
2025-09-03,23333.75,23525.25,23298.25,23438.5,552694,42008487
2025-09-04,23437.5,23716.25,23410.0,23706.75,476630,42008487
2025-09-05,23706.0,23902.0,23505.0,23673.25,655854,42008487
2025-09-07,23673.5,23784.25,23650.25,23778.0,14709,42008487
2025-09-08,23778.25,23888.0,23724.5,23808.0,441991,42008487
2025-09-09,23807.5,23921.25,23726.0,23885.75,468787,42008487
2025-09-10,23884.75,24044.25,23785.0,23901.0,508390,42008487
2025-09-11,23900.25,24046.0,23838.0,24020.25,429114,42008487
2025-09-12,24019.75,24159.0,23969.0,24115.25,376158,42008487
2025-09-14,24115.25,24129.5,24099.75,24110.75,4897,42008487
2025-09-15,24111.0,24315.5,24076.0,24305.0,216298,42008487
2025-09-16,24305.0,24403.5,24258.25,24304.75,93310,42008487
2025-09-17,24304.25,24345.5,24003.75,24341.5,108638,42008487
2025-09-18,24342.25,24569.5,24317.25,24495.5,64821,42008487
2025-09-19,24503.25,24575.0,24412.5,24560.0,2145,42008487
2025-09-21,24850.0,24867.0,24826.75,24850.75,8179,158704
2025-09-22,24851.0,25027.25,24748.75,24997.25,466867,158704
2025-09-23,24998.5,25026.0,24780.5,24841.25,549428,158704
2025-09-24,24841.5,24913.5,24627.0,24755.75,520633,158704
2025-09-25,24756.0,24793.5,24422.5,24616.75,690663,158704
2025-09-26,24616.75,24747.5,24520.0,24726.5,535231,158704
2025-09-28,24726.5,24777.75,24721.75,24771.75,8986,158704
2025-09-29,24772.5,24975.5,24765.0,24824.0,497066,158704
2025-09-30,24822.5,24913.75,24722.25,24830.25,507532,158704
2025-10-01,24830.75,25036.75,24633.25,25022.25,462407,158704
2025-10-02,25022.0,25180.0,24993.75,25123.25,452386,158704
2025-10-03,25124.5,25196.5,24923.25,24982.0,476335,158704
2025-10-05,25000.0,25086.75,24995.0,25066.75,9524,158704
2025-10-06,25066.5,25252.75,25045.5,25142.0,409345,158704
2025-10-07,25141.25,25275.0,24984.75,25033.75,531321,158704
2025-10-08,25033.25,25394.0,25026.25,25378.75,436623,158704
2025-10-09,25379.0,25379.0,25160.75,25335.0,492752,158704
2025-10-10,25335.0,25388.0,24158.5,24188.0,908052,158704
2025-10-12,24542.0,24794.0,24542.0,24785.75,36410,158704
2025-10-13,24786.75,24965.0,24724.5,24912.25,619019,158704
2025-10-14,24911.5,25044.25,24421.0,24773.25,724168,158704
2025-10-15,24772.0,25115.0,24663.25,24943.25,623070,158704
2025-10-16,24943.0,25179.5,24643.5,24758.25,734013,158704
2025-10-17,24759.25,25055.75,24410.0,25033.5,719262,158704
2025-10-19,25065.75,25099.25,24987.25,25012.0,11426,158704
2025-10-20,25011.75,25354.5,24955.75,25323.25,425502,158704
2025-10-21,25323.5,25368.0,25203.25,25245.75,432168,158704
2025-10-22,25246.5,25338.25,24804.75,24997.0,686328,158704
2025-10-23,24996.0,25304.5,24937.0,25297.25,518072,158704
2025-10-24,25298.25,25570.75,25284.75,25510.25,454213,158704
2025-10-26,25723.5,25768.25,25700.0,25717.75,15168,158704
2025-10-27,25717.0,26018.75,25706.75,25995.0,412674,158704
2025-10-28,25994.0,26231.5,25943.0,26183.5,438548,158704
2025-10-29,26184.25,26379.75,26049.25,26234.75,557620,158704
2025-10-30,26236.25,26399.0,25853.0,26170.25,652513,158704
2025-10-31,26171.25,26274.0,25888.75,25983.0,578664,158704
2025-11-02,26028.25,26092.75,26012.75,26080.75,7380,158704
2025-11-03,26081.75,26266.0,26015.5,26069.75,464056,158704
2025-11-04,26068.0,26068.0,25501.75,25504.25,663973,158704
2025-11-05,25503.25,25880.0,25282.0,25772.75,609849,158704
2025-11-06,25773.0,25822.25,25197.75,25316.75,745265,158704
2025-11-07,25317.0,25354.75,24709.25,25226.75,747237,158704
2025-11-09,25320.75,25391.5,25297.5,25335.25,10232,158704
2025-11-10,25336.0,25760.5,25269.0,25742.0,604560,158704
2025-11-11,25741.75,25768.75,25478.5,25650.25,523750,158704
2025-11-12,25650.5,25830.0,25488.75,25542.0,608633,158704
2025-11-13,25542.0,25721.5,25002.5,25108.75,758725,158704
2025-11-14,25108.25,25293.25,24626.0,25147.5,840380,158704
2025-11-16,25142.25,25188.25,25022.0,25170.75,11962,158704
2025-11-17,25169.25,25361.25,24731.75,24920.5,726519,158704
2025-11-18,24920.75,24959.5,24376.25,24590.5,861586,158704
2025-11-19,24588.5,25110.75,24445.0,25108.75,768706,158704
2025-11-20,25107.75,25310.0,24018.0,24136.75,977571,158704
2025-11-21,24133.75,24596.25,23904.5,24349.0,885983,158704
2025-11-23,24455.75,24555.25,24455.25,24471.5,9161,158704
2025-11-24,24470.25,24993.5,24361.75,24960.0,590296,158704
2025-11-25,24959.25,25135.25,24602.0,25086.25,616197,158704
2025-11-26,25085.75,25376.0,25066.5,25323.75,511318,158704
2025-11-27,25323.5,25339.25,25285.75,25329.25,47456,158704
2025-11-28,25329.0,25499.75,25324.75,25484.5,146900,158704
2025-11-30,25482.5,25546.0,25442.75,25466.25,11292,158704
2025-12-01,25467.5,25495.75,25193.25,25398.75,561480,158704
2025-12-02,25399.0,25670.0,25324.75,25623.75,552299,158704
2025-12-03,25624.75,25685.25,25421.5,25647.5,485633,158704
2025-12-04,25647.5,25732.5,25488.75,25621.0,504562,158704
2025-12-05,25620.75,25868.0,25579.75,25735.0,484873,158704
2025-12-07,25750.0,25770.0,25719.5,25746.5,4972,158704
2025-12-08,25746.25,25860.75,25564.75,25726.25,468040,158704
2025-12-09,25727.25,25735.75,25560.0,25671.5,398054,158704
2025-12-10,25671.75,25870.75,25528.75,25730.5,540528,158704
2025-12-11,25730.25,25861.5,25383.0,25671.75,615717,158704
2025-12-12,25670.75,25704.25,25118.0,25202.5,679541,158704
2025-12-14,25223.5,25245.25,25132.5,25194.0,6498,158704
2025-12-15,25191.0,25410.0,25033.25,25058.25,237325,158704
2025-12-16,25058.75,25202.5,24828.0,25077.25,114350,158704
2025-12-17,25072.0,25266.0,24654.5,24705.0,72380,158704
2025-12-18,24705.0,25178.0,24675.5,25023.75,59966,158704
2025-12-19,25024.25,25160.0,24982.25,25135.75,2421,158704
2025-12-21,25635.25,25675.0,25632.25,25668.5,7828,42002475
2025-12-22,25669.5,25794.75,25628.0,25714.25,355823,42002475
2025-12-23,25713.5,25822.5,25608.25,25809.75,330372,42002475
2025-12-24,25810.0,25892.0,25777.5,25864.75,157577,42002475
2025-12-25,25868.0,25898.25,25864.75,25887.75,2666,42002475
2025-12-26,25886.75,25935.25,25834.25,25856.0,232941,42002475
2025-12-28,25863.25,25879.0,25843.0,25870.5,4062,42002475
2025-12-29,25870.0,25893.75,25648.0,25707.25,341433,42002475
2025-12-30,25707.5,25793.75,25643.75,25657.0,296382,42002475
2025-12-31,25656.75,25716.75,25429.0,25434.75,315683,42002475
2026-01-01,25478.5,25504.0,25448.5,25497.0,4657,42002475
2026-01-02,25497.0,25803.75,25265.25,25394.5,533877,42002475
2026-01-04,25431.75,25463.25,25406.5,25457.0,9721,42002475
2026-01-05,25459.25,25708.0,25434.75,25565.5,448100,42002475
2026-01-06,25566.0,25844.75,25527.5,25824.75,439168,42002475
2026-01-07,25825.25,25996.25,25727.0,25822.75,470495,42002475
2026-01-08,25822.75,25844.5,25569.0,25675.75,501261,42002475
2026-01-09,25675.25,25985.5,25615.5,25931.75,498703,42002475
2026-01-11,25949.0,25960.0,25870.0,25894.25,6409,42002475
2026-01-12,25893.25,26020.5,25632.75,25895.5,448727,42002475
2026-01-13,25895.25,26045.5,25803.25,25891.0,551801,42002475
2026-01-14,25891.0,25925.75,25420.75,25605.25,637176,42002475
2026-01-15,25605.0,25952.75,25562.5,25741.5,581707,42002475
2026-01-16,25741.0,25891.0,25591.5,25681.25,478548,42002475
2026-01-18,25471.0,25472.0,25396.0,25466.75,11612,42002475
2026-01-19,25466.25,25470.0,25236.5,25378.0,161436,42002475
2026-01-20,25379.0,25439.75,25095.25,25116.5,684053,42002475
2026-01-21,25117.25,25653.5,25025.0,25552.5,794037,42002475
2026-01-22,25553.0,25739.75,25483.75,25617.75,527228,42002475
2026-01-23,25616.75,25845.75,25540.25,25680.5,493807,42002475
2026-01-25,25585.5,25585.5,25365.25,25559.0,12911,42002475
2026-01-26,25559.75,25936.5,25544.75,25890.5,434168,42002475
2026-01-27,25890.5,26148.0,25875.0,26137.5,420119,42002475
2026-01-28,26138.25,26349.0,25993.25,26170.25,514574,42002475
2026-01-29,26173.25,26280.5,25536.0,25972.25,686270,42002475
2026-01-30,25972.5,25993.75,25568.75,25639.25,689501,42002475
2026-02-01,25530.0,25571.75,25373.75,25532.75,17931,42002475
2026-02-02,25532.5,25977.0,25180.25,25948.25,558896,42002475
2026-02-03,25947.75,26027.75,25219.0,25428.0,686074,42002475
2026-02-04,25427.75,25514.25,24783.5,25067.0,731932,42002475
2026-02-05,25067.5,25169.0,24294.0,24336.0,771574,42002475
2026-02-06,24334.75,25222.0,24239.75,25107.75,623111,42002475
2026-02-08,25153.75,25294.5,25153.75,25276.75,8285,42002475
2026-02-09,25275.0,25428.75,24955.5,25344.25,480475,42002475
2026-02-10,25344.75,25447.25,25198.25,25272.75,462770,42002475
2026-02-11,25273.5,25465.25,25058.25,25235.25,526808,42002475
2026-02-12,25233.25,25419.75,24721.5,24824.0,660575,42002475
2026-02-13,24820.0,24995.5,24578.75,24773.5,666137,42002475
2026-02-15,24789.75,24838.75,24754.5,24836.25,6962,42002475
2026-02-16,24831.75,24922.25,24670.75,24817.75,105927,42002475
2026-02-17,24818.75,24889.75,24449.25,24711.0,637144,42002475
2026-02-18,24711.25,25128.25,24708.5,24964.5,530622,42002475
2026-02-19,24964.5,25054.0,24749.0,24877.25,499833,42002475
2026-02-20,24878.25,25139.5,24678.5,25077.5,604592,42002475
2026-02-22,25033.75,25059.75,24936.5,24971.0,11498,42002475
2026-02-23,24970.0,25040.0,24668.0,24788.0,578757,42002475
2026-02-24,24789.0,25078.75,24694.5,25043.5,507596,42002475
2026-02-25,25044.5,25494.75,24994.0,25317.25,418621,42002475
2026-02-26,25315.75,25415.25,24861.75,24995.25,578788,42002475
2026-02-27,24995.0,25098.75,24782.0,24952.75,540932,42002475
2026-03-01,24682.5,24815.0,24635.5,24742.0,20003,42002475
2026-03-02,24739.25,25101.0,24477.0,24971.0,602274,42002475
2026-03-03,24972.5,24982.25,24352.0,24703.0,705438,42002475
2026-03-04,24702.0,25217.75,24499.0,25171.75,587608,42002475
2026-03-05,25171.0,25250.0,24772.5,25060.0,669727,42002475
2026-03-06,25059.75,25141.5,24601.0,24661.25,624115,42002475
2026-03-08,24435.25,24473.0,24168.25,24215.25,38690,42002475
2026-03-09,24215.5,25058.0,24000.0,24883.25,674595,42002475
2026-03-10,24881.0,25217.5,24830.0,25016.0,544480,42002475
2026-03-11,25019.5,25180.0,24733.25,24787.75,483055,42002475
2026-03-12,24788.0,24928.0,24517.75,24528.0,531814,42002475
2026-03-13,24529.0,24805.25,24333.75,24335.25,526268,42002475
2026-03-15,24285.0,24496.75,24278.0,24439.5,13391,42002475
2026-03-16,24439.0,24816.25,24437.25,24668.0,238477,42002475
2026-03-17,24664.5,24896.0,24517.0,24785.25,75549,42002475
2026-03-18,24780.0,24989.0,24300.0,24410.5,69409,42002475
2026-03-19,24401.75,24505.25,24115.0,24417.25,31837,42002475
2026-03-20,24396.25,24444.0,24108.75,24284.25,3570,42002475
2026-03-22,23902.0,24095.0,23890.0,24007.25,28096,42004058
2026-03-23,24008.0,24763.0,23772.5,24455.5,655251,42004058
2026-03-24,24454.75,24550.0,24134.0,24411.75,540331,42004058
2026-03-25,24412.0,24539.75,24283.25,24323.75,512810,42004058
2026-03-26,24323.5,24421.25,23763.25,23876.75,542324,42004058
2026-03-27,23877.0,23976.0,23232.5,23254.25,536442,42004058
2026-03-29,23189.5,23242.25,23108.5,23127.5,25893,42004058
2026-03-30,23128.25,23574.0,23021.25,23046.0,539523,42004058
2026-03-31,23045.5,24045.75,22961.5,24038.0,737894,42004058
2026-04-01,24036.25,24348.25,23956.25,24183.5,554236,42004058
2026-04-02,24183.0,24266.75,23666.0,24213.25,565181,42004058
2026-04-03,24214.75,24255.0,24106.0,24129.75,35440,42004058
2026-04-05,24093.5,24097.0,23981.5,24091.75,29667,42004058
2026-04-06,24091.5,24452.25,24087.75,24299.5,413673,42004058
2026-04-07,24299.25,25086.0,23941.5,25050.75,625268,42004058
2026-04-08,25049.75,25257.0,24926.5,25026.0,572229,42004058
2026-04-09,25026.5,25269.75,24953.0,25224.0,505552,42004058
2026-04-10,25224.0,25393.0,25202.75,25333.0,413733,42004058
2026-04-12,24980.0,25019.25,24904.5,24984.0,28674,42004058
2026-04-13,24984.0,25619.25,24950.0,25585.25,484482,42004058
2026-04-14,25585.0,26035.5,25560.0,26018.25,460321,42004058
2026-04-15,26017.5,26419.0,25933.75,26407.0,501927,42004058
2026-04-16,26408.0,26564.0,26275.5,26479.5,576242,42004058
2026-04-17,26479.75,26884.75,26440.0,26840.75,574788,42004058
2026-04-19,26599.75,26682.0,26535.0,26659.75,25417,42004058
2026-04-20,26658.25,26827.75,26568.75,26796.75,471768,42004058
2026-04-21,26796.75,26901.75,26551.75,26773.5,602021,42004058
2026-04-22,26774.75,27136.0,26765.5,27096.0,494939,42004058
2026-04-23,27095.5,27155.75,26681.75,27080.25,641453,42004058
2026-04-24,27081.0,27462.5,27016.25,27440.25,520984,42004058
2026-04-26,27403.25,27421.75,27344.25,27384.0,14208,42004058
2026-04-27,27385.0,27542.5,27298.5,27490.0,431087,42004058
2026-04-28,27490.25,27512.0,27009.5,27247.5,588888,42004058
2026-04-29,27246.25,27557.5,27094.0,27550.5,537217,42004058
2026-04-30,27551.75,27646.5,27163.25,27594.25,668781,42004058
2026-05-01,27594.5,27917.0,27536.25,27783.25,485668,42004058
2026-05-03,27890.0,27926.0,27815.0,27825.0,16632,42004058
2026-05-04,27823.25,27965.75,27613.0,27745.5,553334,42004058
2026-05-05,27747.0,28422.0,27739.75,28370.0,460880,42004058
2026-05-06,28369.5,28800.0,28248.0,28670.25,607810,42004058
2026-05-07,28669.5,28944.75,28541.0,28679.5,650575,42004058
2026-05-08,28679.75,29386.75,28679.75,29333.75,513852,42004058
2026-05-10,29294.0,29346.25,29225.75,29305.0,21054,42004058
2026-05-11,29304.5,29480.0,29245.0,29428.25,526782,42004058
2026-05-12,29428.25,29428.25,28742.0,29082.0,706771,42004058
2026-05-13,29081.75,29648.5,29055.5,29631.25,565114,42004058
2026-05-14,29631.75,29782.0,29448.25,29687.5,594165,42004058
2026-05-15,29687.0,29727.0,29089.75,29173.0,729126,42004058
2026-05-17,29135.0,29283.75,29011.75,29119.0,37173,42004058
2026-05-18,29116.75,29419.75,28814.75,29134.75,816727,42004058
2026-05-19,29134.5,29188.5,28663.0,28950.0,706328,42004058
2026-05-20,28950.0,29397.5,28797.25,29192.25,594176,42004058
2026-05-21,29193.0,29584.75,29127.0,29550.5,599742,42004058
2026-05-22,29550.75,29749.0,29436.0,29520.75,471013,42004058
2026-05-24,29676.25,29883.0,29676.25,29842.5,20241,42004058
2026-05-25,29842.25,29995.0,29826.25,29879.25,122178,42004058
2026-05-26,29879.5,30118.75,29744.0,30099.5,527163,42004058
2026-05-27,30098.0,30379.0,29877.5,29979.0,630539,42004058
2026-05-28,29978.0,30362.0,29763.0,30301.5,538985,42004058
2026-05-29,30301.25,30536.0,30216.5,30389.5,554677,42004058
2026-05-31,30415.5,30485.0,30361.25,30477.0,14602,42004058
2026-06-01,30478.25,30693.0,30291.5,30469.25,558713,42004058
2026-06-02,30469.75,30763.25,30317.75,30708.0,524075,42004058
2026-06-03,30708.25,30807.75,30368.5,30395.25,617834,42004058
2026-06-04,30393.0,30603.25,30151.0,30264.25,660994,42004058
2026-06-05,30262.25,30264.0,28781.25,28829.25,986039,42004058
2026-06-07,28844.5,29103.5,28822.25,29087.75,42653,42004058
2026-06-08,29083.5,29743.0,28972.75,29425.0,799759,42004058
2026-06-09,29425.75,29848.25,28227.75,29064.5,1054952,42004058
2026-06-10,29065.75,29250.0,28265.75,28364.0,752533,42004058
2026-06-11,28363.5,29597.5,28332.0,29577.25,675707,42004058
2026-06-12,29576.25,29760.0,29230.0,29677.75,403533,42004058
2026-06-14,29907.0,30094.0,29907.0,30054.0,10116,42004058
2026-06-15,30052.5,30612.5,30043.5,30532.75,139833,42004058
2026-06-16,30526.0,30664.5,29956.75,30012.75,73893,42004058
2026-06-17,30024.0,30268.5,29616.0,29987.0,35467,42004058
2026-06-18,29994.75,30285.75,29970.0,30275.25,3921,42004058
2026-06-19,30690.0,30705.0,30388.0,30647.0,94333,42004177
2026-06-21,30577.0,30616.75,30337.5,30355.75,24396,42004177
2026-06-22,30353.25,30968.0,30347.75,30575.0,511912,42004177
2026-06-23,30574.25,30636.0,29577.25,29748.25,717455,42004177
2026-06-24,29745.0,30168.5,29264.75,30096.75,665259,42004177
2026-06-25,30097.0,30263.75,29295.75,29707.0,651742,42004177
2026-06-26,29704.25,29772.75,29160.5,29283.0,547011,42004177
2026-06-28,29282.5,29683.25,29280.25,29617.0,20780,42004177
2026-06-29,29621.0,30069.5,29273.75,30041.0,505056,42004177
2026-06-30,30040.0,30599.75,29934.75,30534.0,469778,42004177
2026-07-01,30535.25,30553.75,30008.5,30042.75,509268,42004177
2026-07-02,30046.0,30320.0,29328.5,29600.5,628387,42004177
2026-07-03,29598.75,29955.25,29522.0,29901.75,83158,42004177
2026-07-05,29930.25,30011.25,29860.75,29983.75,15348,42004177
2026-07-06,29987.75,30094.0,29683.0,29852.25,443245,42004177
2026-07-07,29851.0,29914.25,29210.0,29300.5,572691,42004177
2026-07-08,29300.0,29558.75,28909.75,29491.25,545271,42004177
2026-07-09,29491.0,29993.5,29396.5,29932.5,455540,42004177
2026-07-10,29933.25,30077.75,29675.0,30068.5,410271,42004177
2026-07-12,29952.0,29979.5,29845.0,29893.25,18451,42004177
2026-07-13,29892.0,30041.0,29327.25,29420.75,499390,42004177
2026-07-14,29422.5,29921.75,29303.5,29889.25,458791,42004177
2026-07-15,29889.0,30062.5,29397.0,29690.0,493275,42004177
2026-07-16,29690.0,29797.0,29060.0,29096.5,491093,42004177
2026-07-17,29095.5,29124.25,28408.25,28768.25,607681,42004177
2026-07-19,28747.75,28880.25,28709.75,28868.25,17196,42004177
2026-07-20,28870.0,29192.5,28701.0,28779.25,489012,42004177
2026-07-21,28777.5,29364.75,28707.25,29298.5,438587,42004177
2026-07-22,29298.5,29342.25,28952.0,29142.25,444693,42004177
2026-07-23,29143.75,29282.5,28432.5,28679.0,646881,42004177
2026-07-24,28680.25,28724.0,28212.5,28306.5,567870,42004177
2026-07-26,28500.0,28731.0,28500.0,28727.5,16792,42004177
2026-07-27,28728.25,28763.25,27939.0,28163.5,575074,42004177
2026-07-28,28164.75,28195.0,27603.5,28102.5,668459,42004177
2026-07-29,28102.75,28178.25,27201.5,27520.75,795372,42004177
2026-07-30,27521.75,28445.0,27337.5,28422.75,688421,42004177
2026-07-31,28424.0,28725.75,28079.75,28287.0,646212,42004177
2026-08-02,28565.0,28641.25,28545.0,28614.0,19137,42004177
2026-08-03,28611.0,28972.25,28313.5,28971.0,515590,42004177
2026-08-04,28971.25,29956.5,28831.75,29834.75,608061,42004177
2026-08-05,29835.5,30074.0,29530.75,29583.5,558308,42004177
2026-08-06,29584.25,29686.25,29241.25,29593.25,541104,42004177
2026-08-07,29595.25,29867.75,29453.5,29839.5,514427,42004177
2026-08-09,29851.25,29896.75,29805.25,29829.5,12433,42004177
2026-08-10,29830.25,29984.0,29677.5,29704.5,384101,42004177
2026-08-11,29703.75,29886.75,29533.5,29662.25,436653,42004177
2026-08-12,29661.75,30001.75,29624.5,29804.5,402095,42004177
2026-08-13,29805.25,30272.75,29796.75,30203.25,449143,42004177
2026-08-14,30203.75,30283.0,30028.5,30154.0,391440,42004177
